battery_id,window_start,cycle_index,degradation_stage,fusion_gate,router_weight_l1,statistical_route_entropy,curve_route_entropy,fused_route_entropy,expert_1_fused_weight,expert_2_fused_weight,expert_3_fused_weight,expert_4_fused_weight,expert_5_fused_weight
CY25-05_1-#18,0,2,early,0.8024178147315979,1.9976860284805298,0.01044273842126131,1.3845577239990234,1.6080269813537598,0.19119922816753387,0.1973535716533661,0.1951190084218979,0.19519998133182526,0.2211282104253769
CY25-05_1-#18,1,3,early,0.8100106716156006,1.9975217580795288,0.011021364480257034,1.3841099739074707,1.6073365211486816,0.18568038940429688,0.18975389003753662,0.2085966169834137,0.1949913650751114,0.22097772359848022
CY25-05_1-#18,2,4,early,0.8056129217147827,1.9966400861740112,0.014516768045723438,1.385352611541748,1.6085726022720337,0.19589819014072418,0.1940605193376541,0.19839975237846375,0.19508987665176392,0.21655166149139404
CY25-05_1-#18,3,5,early,0.8036465644836426,1.9976710081100464,0.010457773692905903,1.3841099739074707,1.6076384782791138,0.187137633562088,0.19612477719783783,0.20033031702041626,0.19373232126235962,0.22267498075962067
CY25-05_1-#18,4,6,early,0.8031629920005798,1.9977341890335083,0.010227012448012829,1.3835606575012207,1.6072089672088623,0.18673275411128998,0.19661402702331543,0.20263192057609558,0.1894601583480835,0.2245611697435379
CY25-05_1-#18,5,7,early,0.807508111000061,1.9974043369293213,0.01151367463171482,1.38431715965271,1.6076515913009644,0.18535317480564117,0.1922420710325241,0.20925909280776978,0.19490651786327362,0.21823915839195251
CY25-05_1-#18,6,8,early,0.7945547699928284,1.997747540473938,0.010203870013356209,1.383094310760498,1.6068183183670044,0.19307075440883636,0.20521384477615356,0.18547891080379486,0.19008086621761322,0.22615563869476318
CY25-05_1-#18,7,9,early,0.7978377938270569,1.9974627494812012,0.01132792979478836,1.3840622901916504,1.6076520681381226,0.1925809532403946,0.201905757188797,0.1911882609128952,0.1914892941713333,0.2228357344865799
CY25-05_1-#18,8,10,early,0.797909140586853,1.9977701902389526,0.01009256113320589,1.3834724426269531,1.6071808338165283,0.18974938988685608,0.201865553855896,0.1928202509880066,0.1898379772901535,0.22572682797908783
CY25-05_1-#18,9,11,early,0.8029516935348511,1.9973376989364624,0.011784978210926056,1.3845531940460205,1.6080114841461182,0.19050535559654236,0.19678601622581482,0.19801215827465057,0.19373279809951782,0.22096365690231323
CY25-05_1-#18,10,12,early,0.8003224730491638,1.9972548484802246,0.012148220092058182,1.3848778009414673,1.6083076000213623,0.191238135099411,0.19940347969532013,0.19615088403224945,0.1947399228811264,0.2184676229953766
CY25-05_1-#18,11,13,early,0.7980062365531921,1.9977593421936035,0.01014060340821743,1.3839304447174072,1.6075468063354492,0.18917033076286316,0.2017674446105957,0.19341884553432465,0.19221457839012146,0.22342880070209503
CY25-05_1-#18,12,14,early,0.7980470061302185,1.9980945587158203,0.008749037981033325,1.382698893547058,1.606563925743103,0.185893252491951,0.20176060497760773,0.1929788738489151,0.19042952358722687,0.22893774509429932
CY25-05_1-#18,13,15,early,0.7995580434799194,1.9980082511901855,0.009093858301639557,1.3839685916900635,1.6075809001922607,0.1876215934753418,0.2002423256635666,0.19855649769306183,0.19083386659622192,0.22274568676948547
CY25-05_1-#18,14,16,early,0.7976182699203491,1.9974571466445923,0.011366023682057858,1.3844044208526611,1.6079216003417969,0.1929141879081726,0.20212441682815552,0.19285376369953156,0.1912296563386917,0.220878005027771
CY25-05_1-#18,15,17,early,0.7999951243400574,1.9965403079986572,0.01491578109562397,1.385290503501892,1.6086397171020508,0.1964939534664154,0.19965890049934387,0.1947929412126541,0.1934804767370224,0.2155737280845642
CY25-05_1-#18,16,18,early,0.795288622379303,1.996973991394043,0.013276709243655205,1.384812593460083,1.6082050800323486,0.19463619589805603,0.2044016420841217,0.19097483158111572,0.19233933091163635,0.217647984623909
CY25-05_1-#18,17,19,early,0.7974808216094971,1.9966065883636475,0.014697318896651268,1.3853158950805664,1.6086480617523193,0.1954929083585739,0.2021755427122116,0.19351303577423096,0.19406211376190186,0.21475641429424286
CY25-05_1-#18,18,20,early,0.797844648361206,1.9972846508026123,0.012026630342006683,1.3845080137252808,1.6080069541931152,0.19183969497680664,0.20188090205192566,0.19354872405529022,0.19238616526126862,0.22034448385238647
CY25-05_1-#18,19,21,early,0.7933537364006042,1.9964884519577026,0.015153544023633003,1.3848515748977661,1.6081790924072266,0.1989745944738388,0.20628345012664795,0.18488281965255737,0.19530929625034332,0.21454982459545135
CY25-05_1-#18,20,22,early,0.7946508526802063,1.996997594833374,0.013192953541874886,1.3851913213729858,1.608487844467163,0.19544875621795654,0.20504087209701538,0.1909838765859604,0.19377894699573517,0.21474754810333252
CY25-05_1-#18,21,23,early,0.7912865281105042,1.9970240592956543,0.013095309026539326,1.38398015499115,1.607395052909851,0.19561021029949188,0.20840293169021606,0.18723775446414948,0.1880270093679428,0.22072207927703857
CY25-05_1-#18,22,24,early,0.7930495142936707,1.9969391822814941,0.013431058265268803,1.3844248056411743,1.6078250408172607,0.1964370608329773,0.2066337764263153,0.18845243752002716,0.18964916467666626,0.21882757544517517
CY25-05_1-#18,23,25,early,0.7949607372283936,1.9964417219161987,0.01533195935189724,1.3846521377563477,1.60807204246521,0.1992374211549759,0.20467446744441986,0.18658946454524994,0.19245783984661102,0.2170408070087433
CY25-05_1-#18,24,26,early,0.7945594191551208,1.9959608316421509,0.017162084579467773,1.3853137493133545,1.6085867881774902,0.20063813030719757,0.20502567291259766,0.18829555809497833,0.1940915584564209,0.21194911003112793
CY25-05_1-#18,25,27,early,0.7956749796867371,1.99733304977417,0.011833174154162407,1.3846553564071655,1.6080883741378784,0.19120460748672485,0.20405255258083344,0.1915239691734314,0.19446538388729095,0.21875347197055817
CY25-05_1-#18,26,28,early,0.7882177233695984,1.9965298175811768,0.015031209215521812,1.384623646736145,1.6077264547348022,0.19815406203269958,0.21141479909420013,0.1837582141160965,0.19184547662734985,0.21482747793197632
CY25-05_1-#18,27,29,early,0.7866888642311096,1.9968559741973877,0.013773730024695396,1.3839629888534546,1.6070938110351562,0.19742684066295624,0.21297581493854523,0.18021753430366516,0.19194713234901428,0.21743269264698029
CY25-05_1-#18,28,30,early,0.7899190187454224,1.9961371421813965,0.016524270176887512,1.3849842548370361,1.6081204414367676,0.19881583750247955,0.20967523753643036,0.185687854886055,0.19267427921295166,0.21314679086208344
CY25-05_1-#18,29,31,early,0.7874552011489868,1.996442198753357,0.01537439413368702,1.3846691846847534,1.6077094078063965,0.19732612371444702,0.2121666967868805,0.18336711823940277,0.19277508556842804,0.2143649309873581
CY25-05_1-#18,30,32,early,0.798835039138794,1.9969431161880493,0.013364389538764954,1.3850780725479126,1.6084656715393066,0.19054944813251495,0.2008574903011322,0.20263727009296417,0.19121427834033966,0.21474149823188782
CY25-05_1-#18,31,33,early,0.7976304888725281,1.997004508972168,0.013141944073140621,1.3851227760314941,1.608492374420166,0.19080479443073273,0.20206640660762787,0.20064230263233185,0.19160504639148712,0.21488149464130402
CY25-05_1-#18,32,34,early,0.7947262525558472,1.996934413909912,0.013422967866063118,1.3851896524429321,1.608487606048584,0.19258062541484833,0.20495912432670593,0.1950691044330597,0.19245292246341705,0.2149382382631302
CY25-05_1-#18,33,35,early,0.7957251667976379,1.9969518184661865,0.013351721689105034,1.3852826356887817,1.6085882186889648,0.19260355830192566,0.2039635181427002,0.1949658840894699,0.1939353346824646,0.21453171968460083
CY25-05_1-#18,34,36,early,0.7953848838806152,1.9967564344406128,0.01408899575471878,1.3853209018707275,1.6086113452911377,0.19342376291751862,0.20428326725959778,0.19373425841331482,0.1943623572587967,0.21419638395309448
CY25-05_1-#18,35,37,early,0.7922322750091553,1.9959733486175537,0.01712818816304207,1.3854095935821533,1.6085739135742188,0.19640187919139862,0.20734941959381104,0.1937475949525833,0.19034233689308167,0.21215876936912537
CY25-05_1-#18,36,38,early,0.790145754814148,1.996193528175354,0.016299232840538025,1.3844270706176758,1.6076936721801758,0.19830121099948883,0.20945484936237335,0.18603791296482086,0.1890730857849121,0.21713292598724365
CY25-05_1-#18,37,39,early,0.7947404384613037,1.9967676401138306,0.014081349596381187,1.3855715990066528,1.6087908744812012,0.19151483476161957,0.20492781698703766,0.19782477617263794,0.19442379474639893,0.21130876243114471
CY25-05_1-#18,38,40,early,0.7975277900695801,1.995715856552124,0.018060611560940742,1.3859238624572754,1.6091322898864746,0.19737671315670013,0.2020384818315506,0.19700565934181213,0.19483903050422668,0.20874010026454926
CY25-05_1-#18,39,41,early,0.7969563603401184,1.9940171241760254,0.024256844073534012,1.3861379623413086,1.6092944145202637,0.2036144882440567,0.20243625342845917,0.1950335055589676,0.196905717253685,0.20201003551483154
CY25-05_1-#18,40,42,early,0.7904171347618103,1.9956754446029663,0.018254486843943596,1.385331153869629,1.6084229946136475,0.19849050045013428,0.2091296911239624,0.18850892782211304,0.19241845607757568,0.2114524394273758
CY25-05_1-#18,41,43,early,0.7918801307678223,1.9957451820373535,0.017994176596403122,1.3856585025787354,1.6087566614151,0.19718897342681885,0.20767711102962494,0.19109147787094116,0.19431351125240326,0.2097289115190506
CY25-05_1-#18,42,44,early,0.7920716404914856,1.9960899353027344,0.01667027920484543,1.3853228092193604,1.6084983348846436,0.19549624621868134,0.20752185583114624,0.19179683923721313,0.19208897650241852,0.21309606730937958
CY25-05_1-#18,43,45,early,0.7887650728225708,1.9958503246307373,0.017597736790776253,1.385010838508606,1.6080734729766846,0.19795507192611694,0.21079665422439575,0.18462564051151276,0.19422322511672974,0.21239939332008362
CY25-05_1-#18,44,46,early,0.7860333323478699,1.9958209991455078,0.017728352919220924,1.3845643997192383,1.607521653175354,0.19823941588401794,0.21351957321166992,0.1812056601047516,0.19355513155460358,0.21348021924495697
CY25-05_1-#18,45,47,early,0.7965333461761475,1.9961992502212524,0.01623741164803505,1.3857043981552124,1.6089396476745605,0.19269929826259613,0.2030799835920334,0.20143094658851624,0.1933063417673111,0.20948342978954315
CY25-05_1-#18,46,48,early,0.7863279581069946,1.9939520359039307,0.024515356868505478,1.3849241733551025,1.607840657234192,0.20222868025302887,0.21302589774131775,0.18363794684410095,0.19074679911136627,0.21036066114902496
CY25-05_1-#18,47,49,early,0.7882468104362488,1.995171070098877,0.02012620121240616,1.3853836059570312,1.6083343029022217,0.1997135877609253,0.2112419158220291,0.18533013761043549,0.1951281577348709,0.2085862159729004
CY25-05_1-#18,48,50,middle,0.7975563406944275,1.9961626529693604,0.016349710524082184,1.3857178688049316,1.6089656352996826,0.19205701351165771,0.20205523073673248,0.20261576771736145,0.1942359358072281,0.20903612673282623
CY25-05_1-#18,49,51,middle,0.7964985966682434,1.9956252574920654,0.018382802605628967,1.3860222101211548,1.6091939210891724,0.19465863704681396,0.20305627584457397,0.1992454081773758,0.1962871253490448,0.20675256848335266
CY25-05_1-#18,50,52,middle,0.7934848070144653,1.996458888053894,0.015253514051437378,1.3852412700653076,1.6084885597229004,0.19133508205413818,0.20614954829216003,0.19627100229263306,0.19225387275218964,0.2139904946088791
CY25-05_1-#18,51,53,middle,0.7910404801368713,1.9963288307189941,0.01577555015683174,1.3854132890701294,1.608518123626709,0.19283311069011688,0.20857594907283783,0.19246555864810944,0.19384954869747162,0.21227584779262543
CY25-05_1-#18,52,54,middle,0.7885285019874573,1.9961261749267578,0.016567936167120934,1.3848998546600342,1.6079645156860352,0.1932547688484192,0.21106187999248505,0.1937040388584137,0.18715651333332062,0.21482276916503906
CY25-05_1-#18,53,55,middle,0.7921186685562134,1.9952640533447266,0.019760828465223312,1.3856791257858276,1.6087838411331177,0.19623954594135284,0.20738907158374786,0.19611604511737823,0.19068655371665955,0.2095688134431839
CY25-05_1-#18,54,56,middle,0.7928041219711304,1.9950988292694092,0.020382553339004517,1.3858180046081543,1.6089235544204712,0.1952211558818817,0.20668813586235046,0.19769705832004547,0.1920379251241684,0.20835565030574799
CY25-05_1-#18,55,57,middle,0.7896432876586914,1.9944452047348022,0.02275994047522545,1.3855321407318115,1.6085467338562012,0.19898399710655212,0.2097724825143814,0.18905049562454224,0.1927998960018158,0.20939315855503082
CY25-05_1-#18,56,58,middle,0.7878381013870239,1.994492769241333,0.022592857480049133,1.3852989673614502,1.6082470417022705,0.1994389295578003,0.21157768368721008,0.18646427989006042,0.19246327877044678,0.2100558578968048
CY25-05_1-#18,57,59,middle,0.7885855436325073,1.9953222274780273,0.019576016813516617,1.3854897022247314,1.6084402799606323,0.19629213213920593,0.21091997623443604,0.1900932341814041,0.19224496185779572,0.2104497104883194
CY25-05_1-#18,58,60,middle,0.7864277958869934,1.993835687637329,0.024951379746198654,1.385229229927063,1.6080906391143799,0.2001737654209137,0.21291394531726837,0.1839054673910141,0.19423915445804596,0.20876768231391907
CY25-05_1-#18,59,61,middle,0.7831169962882996,1.9939230680465698,0.024646563455462456,1.3851410150527954,1.6077312231063843,0.19895850121974945,0.21622401475906372,0.1837032437324524,0.19184280931949615,0.2092714160680771
CY25-05_1-#18,60,62,middle,0.7893344759941101,1.992985725402832,0.027935843914747238,1.385676622390747,1.6086485385894775,0.20187315344810486,0.20992667973041534,0.18654727935791016,0.19702844321727753,0.2046244591474533
CY25-05_1-#18,61,63,middle,0.7846667170524597,1.9932713508605957,0.02693653479218483,1.3854119777679443,1.6080923080444336,0.20032206177711487,0.21460884809494019,0.18426355719566345,0.19427375495433807,0.20653177797794342
CY25-05_1-#18,62,64,middle,0.7850640416145325,1.9924261569976807,0.02985355257987976,1.3851370811462402,1.6079168319702148,0.20126500725746155,0.214122012257576,0.18584275245666504,0.18925775587558746,0.20951245725154877
CY25-05_1-#18,63,65,middle,0.7970873713493347,1.994884967803955,0.021105771884322166,1.3859457969665527,1.6091417074203491,0.19370877742767334,0.20239368081092834,0.2035912722349167,0.1946781724691391,0.2056281417608261
CY25-05_1-#18,64,66,middle,0.7927474975585938,1.993491291999817,0.026150908321142197,1.386253833770752,1.6092722415924072,0.1993144303560257,0.20657801628112793,0.19591404497623444,0.19758743047714233,0.2006060630083084
CY25-05_1-#18,65,67,middle,0.7937394380569458,1.995985746383667,0.017073120921850204,1.3855533599853516,1.608744502067566,0.1900673359632492,0.20584657788276672,0.2023133635520935,0.19261501729488373,0.20915775001049042
CY25-05_1-#18,66,68,middle,0.7946244478225708,1.994490146636963,0.022550949826836586,1.3860467672348022,1.6091710329055786,0.1952907145023346,0.2048097550868988,0.19852976500988007,0.1952759027481079,0.20609386265277863
CY25-05_1-#18,67,69,middle,0.7900254726409912,1.9945685863494873,0.022312084212899208,1.3859739303588867,1.6089147329330444,0.19568195939064026,0.20940430462360382,0.19419287145137787,0.1944785714149475,0.20624230802059174
CY25-05_1-#18,68,70,middle,0.7879990339279175,1.9948142766952515,0.021450906991958618,1.3859889507293701,1.6087963581085205,0.19468195736408234,0.21145127713680267,0.19320790469646454,0.19520330429077148,0.20545552670955658
CY25-05_1-#18,69,71,middle,0.7889977693557739,1.9944026470184326,0.022922277450561523,1.3858819007873535,1.608781337738037,0.19646646082401276,0.2104116976261139,0.19119949638843536,0.19533374905586243,0.20658862590789795
CY25-05_1-#18,70,72,middle,0.7884747385978699,1.9926247596740723,0.02917352318763733,1.3860269784927368,1.608870267868042,0.20019282400608063,0.21074523031711578,0.1923263967037201,0.19346073269844055,0.20327475666999817
CY25-05_1-#18,71,73,middle,0.7889145612716675,1.9922981262207031,0.030311044305562973,1.385862112045288,1.6087709665298462,0.20170094072818756,0.21027256548404694,0.19001474976539612,0.19369329512119293,0.20431849360466003
CY25-05_1-#18,72,74,middle,0.7876551747322083,1.9880555868148804,0.04429735243320465,1.3858050107955933,1.6086652278900146,0.2060224860906601,0.21107664704322815,0.18840116262435913,0.19688138365745544,0.197618305683136
CY25-05_1-#18,73,75,middle,0.7865813970565796,1.9923202991485596,0.03022208996117115,1.3859286308288574,1.60866117477417,0.19908486306667328,0.21259911358356476,0.1918220818042755,0.19193612039089203,0.204557865858078
CY25-05_1-#18,74,76,middle,0.790193498134613,1.992878794670105,0.02830340713262558,1.386061429977417,1.6090006828308105,0.1994531899690628,0.2090594619512558,0.19300657510757446,0.19460877776145935,0.20387199521064758
CY25-05_1-#18,75,77,middle,0.7868494391441345,1.9938708543777466,0.024844197556376457,1.3858791589736938,1.6086323261260986,0.19591595232486725,0.21249733865261078,0.19273750483989716,0.19242137670516968,0.20642788708209991
CY25-05_1-#18,76,78,middle,0.7841214537620544,1.9914089441299438,0.033354323357343674,1.3854856491088867,1.608116865158081,0.2020116001367569,0.21495123207569122,0.18395382165908813,0.19501060247421265,0.2040727138519287
CY25-05_1-#18,77,79,middle,0.7871072292327881,1.9909374713897705,0.034916218370199203,1.3860664367675781,1.6088178157806396,0.2019483894109726,0.2119280993938446,0.19030430912971497,0.1974685788154602,0.19835063815116882
CY25-05_1-#18,78,80,middle,0.7941696047782898,1.9956238269805908,0.018425319343805313,1.3859748840332031,1.6090947389602661,0.1913444548845291,0.20538000762462616,0.2021385133266449,0.19686564803123474,0.2042713761329651
CY25-05_1-#18,79,81,middle,0.7944188714027405,1.9941422939300537,0.02385028824210167,1.386183500289917,1.6092727184295654,0.19638875126838684,0.20497901737689972,0.20212200284004211,0.1952901929616928,0.20122003555297852
CY25-05_1-#18,80,82,middle,0.7936768531799316,1.9945734739303589,0.02230287715792656,1.3859920501708984,1.6090948581695557,0.19360928237438202,0.20576335489749908,0.20145456492900848,0.19408933818340302,0.20508350431919098
CY25-05_1-#18,81,83,middle,0.7911391258239746,1.994179606437683,0.02374320849776268,1.386197566986084,1.609151840209961,0.1961285024881363,0.20825304090976715,0.19702951610088348,0.1959652602672577,0.2026236355304718
CY25-05_1-#18,82,84,middle,0.791829526424408,1.9940032958984375,0.024356462061405182,1.3861668109893799,1.609161615371704,0.19620585441589355,0.20754629373550415,0.19848944246768951,0.19470743834972382,0.20305103063583374
CY25-05_1-#18,83,85,middle,0.791455864906311,1.992415428161621,0.029918931424617767,1.3862744569778442,1.6092360019683838,0.19950976967811584,0.2077532708644867,0.19608215987682343,0.1980752944946289,0.19857949018478394
CY25-05_1-#18,84,86,middle,0.7889497876167297,1.9918529987335205,0.03184909746050835,1.386201024055481,1.6090431213378906,0.20028361678123474,0.21019050478935242,0.19382944703102112,0.1998281478881836,0.19586826860904694
CY25-05_1-#18,85,87,middle,0.7892266511917114,1.988972783088684,0.041396111249923706,1.3859118223190308,1.6088461875915527,0.20451661944389343,0.2096112221479416,0.19115473330020905,0.20133617520332336,0.19338122010231018
CY25-05_1-#18,86,88,middle,0.7865744233131409,1.993326187133789,0.026774771511554718,1.3860564231872559,1.608755111694336,0.1970776468515396,0.21271337568759918,0.1909531056880951,0.1962500959634781,0.20300574600696564
CY25-05_1-#18,87,89,middle,0.7891426086425781,1.9899272918701172,0.0382782444357872,1.385932445526123,1.6088532209396362,0.20360882580280304,0.20979544520378113,0.19105103611946106,0.20194542407989502,0.19359928369522095
CY25-05_1-#18,88,90,middle,0.7868027091026306,1.9897851943969727,0.038707099854946136,1.3861373662948608,1.6088573932647705,0.20151861011981964,0.21210840344429016,0.19346046447753906,0.19350942969322205,0.19940310716629028
CY25-05_1-#18,89,91,middle,0.7848524451255798,1.9903961420059204,0.03671087324619293,1.3859539031982422,1.6085541248321533,0.2006828635931015,0.21411442756652832,0.19009314477443695,0.19275829195976257,0.20235124230384827
CY25-05_1-#18,90,92,middle,0.7874652147293091,1.9900848865509033,0.03777269273996353,1.3860383033752441,1.6088263988494873,0.20252256095409393,0.21148113906383514,0.19032473862171173,0.19636158645153046,0.19930998980998993
CY25-05_1-#18,91,93,middle,0.7937542796134949,1.9950170516967773,0.020698731765151024,1.3860074281692505,1.609107494354248,0.19143928587436676,0.20573186874389648,0.20431235432624817,0.19756780564785004,0.20094867050647736
CY25-05_1-#18,92,94,middle,0.7933439016342163,1.9931466579437256,0.02738085389137268,1.3861339092254639,1.6092013120651245,0.19654515385627747,0.20594795048236847,0.20292966067790985,0.20075108110904694,0.19382615387439728
CY25-05_1-#18,93,95,middle,0.7927596569061279,1.9921066761016846,0.03098481521010399,1.3861967325210571,1.609232783317566,0.19941216707229614,0.20642243325710297,0.1980970948934555,0.2018570750951767,0.19421125948429108
CY25-05_1-#18,94,96,middle,0.7913904190063477,1.993656039237976,0.025601845234632492,1.3861843347549438,1.609156847000122,0.19431668519973755,0.20794788002967834,0.2022717446088791,0.19873173534870148,0.19673198461532593
CY25-05_1-#18,95,97,middle,0.7922511696815491,1.9914189577102661,0.033293209969997406,1.3862473964691162,1.6092529296875,0.1990029662847519,0.20685747265815735,0.20113855600357056,0.1959729790687561,0.1970280557870865
CY25-05_1-#18,96,98,late,0.7870416045188904,1.9872345924377441,0.046932436525821686,1.3860639333724976,1.608833909034729,0.20386572182178497,0.21159914135932922,0.19216501712799072,0.19744856655597687,0.1949215680360794
CY25-05_1-#18,97,99,late,0.7884719371795654,1.9902381896972656,0.03726710006594658,1.3862628936767578,1.6090716123580933,0.19976143538951874,0.21049562096595764,0.19556012749671936,0.19790320098400116,0.1962796151638031
CY25-05_1-#18,98,100,late,0.7843704223632812,1.9897044897079468,0.0390404649078846,1.3859907388687134,1.6085494756698608,0.20087987184524536,0.21451957523822784,0.18836770951747894,0.1967831701040268,0.19944970309734344
CY25-05_1-#18,99,101,late,0.7950301766395569,1.9947965145111084,0.02151990868151188,1.385901689529419,1.6090638637542725,0.19079574942588806,0.2044365406036377,0.20642301440238953,0.2001388520002365,0.19820590317249298
CY25-05_1-#18,100,102,late,0.7918242812156677,1.9942814111709595,0.02339744381606579,1.3861489295959473,1.609147071838379,0.19268734753131866,0.20758049190044403,0.20138497650623322,0.20020993053913116,0.1981372982263565
CY25-05_1-#18,101,103,late,0.792579710483551,1.9930331707000732,0.02781524509191513,1.3862134218215942,1.6092363595962524,0.19695602357387543,0.2066977620124817,0.19840754568576813,0.20229440927505493,0.19564424455165863
CY25-05_1-#18,102,104,late,0.7928457856178284,1.9922218322753906,0.030607150867581367,1.386265516281128,1.6092894077301025,0.19773218035697937,0.20634856820106506,0.2010250687599182,0.19710677862167358,0.19778743386268616
CY25-05_1-#18,103,105,late,0.7908560037612915,1.9903290271759033,0.03699854761362076,1.386244535446167,1.609192967414856,0.19991764426231384,0.20813268423080444,0.19782182574272156,0.19934958219528198,0.19477827847003937
CY25-05_1-#18,104,106,late,0.7886194586753845,1.9881280660629272,0.04413800686597824,1.38608980178833,1.6089587211608887,0.20107504725456238,0.21012578904628754,0.1964910924434662,0.20098231732845306,0.19132579863071442
CY25-05_1-#18,105,107,late,0.7897463440895081,1.9894435405731201,0.0398917980492115,1.386134386062622,1.6090532541275024,0.19943802058696747,0.20914389193058014,0.19888651371002197,0.20079872012138367,0.19173289835453033
CY25-05_1-#18,106,108,late,0.7880862951278687,1.9885998964309692,0.042624615132808685,1.3861223459243774,1.6089476346969604,0.2008664906024933,0.21070577204227448,0.19531837105751038,0.20080366730690002,0.19230566918849945
CY25-05_1-#18,107,109,late,0.7944470643997192,1.9939837455749512,0.02446158602833748,1.385655403137207,1.6088550090789795,0.1918664425611496,0.20493461191654205,0.21064810454845428,0.19740211963653564,0.19514869153499603
CY25-05_1-#18,108,110,late,0.7967044115066528,1.993367075920105,0.026627933606505394,1.3853620290756226,1.6086736917495728,0.19253458082675934,0.20262137055397034,0.2137203812599182,0.19857865571975708,0.19254498183727264
CY25-05_1-#18,109,111,late,0.7935692667961121,1.988664150238037,0.04241855442523956,1.385547161102295,1.6087590456008911,0.20002099871635437,0.20526069402694702,0.20560242235660553,0.2031896710395813,0.18592627346515656
CY25-05_1-#18,110,112,late,0.7970339059829712,1.9895281791687012,0.03962724283337593,1.3852847814559937,1.6086217164993286,0.19892162084579468,0.20190338790416718,0.20968234539031982,0.20394162833690643,0.1855510175228119
CY25-05_1-#18,111,113,late,0.7881720662117004,1.9893286228179932,0.04028260335326195,1.3860819339752197,1.6089191436767578,0.19765976071357727,0.21069768071174622,0.20054589211940765,0.2004583775997162,0.19063828885555267
CY25-05_1-#18,112,114,late,0.7908920645713806,1.9887030124664307,0.04231702908873558,1.385805606842041,1.6088587045669556,0.19936293363571167,0.20792679488658905,0.20197448134422302,0.2030906081199646,0.18764518201351166
CY25-05_1-#18,113,115,late,0.7898342609405518,1.9854042530059814,0.052777644246816635,1.3854939937591553,1.6085768938064575,0.2036026418209076,0.2086319774389267,0.19624179601669312,0.2058405727148056,0.1856829822063446
CY25-05_1-#18,114,116,late,0.7866840362548828,1.9806079864501953,0.06716129928827286,1.3855783939361572,1.608478307723999,0.20596614480018616,0.21124766767024994,0.19522306323051453,0.20150844752788544,0.18605470657348633
CY25-05_1-#18,115,117,late,0.7936644554138184,1.989770531654358,0.03882221877574921,1.3855047225952148,1.608726143836975,0.1983916461467743,0.20528019964694977,0.2066406011581421,0.2035938799381256,0.18609367311000824
CY25-05_1-#18,116,118,late,0.795107364654541,1.9907504320144653,0.03558899834752083,1.3856840133666992,1.6089054346084595,0.19729852676391602,0.20394505560398102,0.20721441507339478,0.20286060869693756,0.18868139386177063
CY25-05_1-#18,117,119,late,0.7928862571716309,1.9895918369293213,0.03946593776345253,1.3856682777404785,1.608831524848938,0.19810637831687927,0.20603591203689575,0.20399755239486694,0.20460334420204163,0.1872567981481552
CY25-05_1-#18,118,120,late,0.7925209999084473,1.9843716621398926,0.0559244230389595,1.384822130203247,1.608168125152588,0.20357513427734375,0.20585772395133972,0.20214185118675232,0.2079504132270813,0.1804748922586441
CY25-05_1-#18,119,121,late,0.7890206575393677,1.9815030097961426,0.06451201438903809,1.3856408596038818,1.6086688041687012,0.20367804169654846,0.20902809500694275,0.200553759932518,0.20113253593444824,0.18560756742954254
CY25-05_1-#18,120,122,late,0.7908777594566345,1.9755388498306274,0.08176528662443161,1.3847894668579102,1.6081119775772095,0.20820826292037964,0.20656456053256989,0.19985462725162506,0.20496030151844025,0.18041227757930756
CY25-05_1-#18,121,123,late,0.7992737293243408,1.9865708351135254,0.04908451437950134,1.3834044933319092,1.6071302890777588,0.20070958137512207,0.19937847554683685,0.21446333825588226,0.20986619591712952,0.17558243870735168
CY25-05_1-#18,122,124,late,0.7963544130325317,1.9874647855758667,0.04629221186041832,1.3844422101974487,1.6079497337341309,0.20028649270534515,0.20236921310424805,0.2094881236553192,0.20830120146274567,0.1795549839735031
CY25-05_1-#18,123,125,late,0.7979941368103027,1.9852062463760376,0.05335509404540062,1.3840681314468384,1.6076668500900269,0.20149564743041992,0.2005116492509842,0.21017803251743317,0.2099132239818573,0.17790141701698303
CY25-05_1-#18,124,126,late,0.7906537652015686,1.9786391258239746,0.072787344455719,1.3851885795593262,1.6084048748016357,0.20508751273155212,0.20711033046245575,0.2034909874200821,0.20197364687919617,0.18233747780323029
CY25-05_1-#18,125,127,late,0.7920919060707092,1.9789477586746216,0.0719744861125946,1.3849703073501587,1.6082900762557983,0.20462827384471893,0.20571963489055634,0.20521923899650574,0.20329803228378296,0.1811348795890808
CY25-05_1-#18,126,128,late,0.7905733585357666,1.9790105819702148,0.07183641195297241,1.3853082656860352,1.6085022687911987,0.20351222157478333,0.20722874999046326,0.20257292687892914,0.20351487398147583,0.18317124247550964
CY25-05_1-#18,127,129,late,0.7899682521820068,1.9709362983703613,0.09450564533472061,1.3847328424453735,1.6080617904663086,0.20767410099506378,0.20697958767414093,0.19934077560901642,0.20589326322078705,0.1801123172044754
CY25-05_1-#18,128,130,late,0.7908452153205872,1.9902905225753784,0.03713972121477127,1.3857150077819824,1.6087801456451416,0.19458618760108948,0.20813938975334167,0.20520305633544922,0.20336642861366272,0.1887049376964569
CY25-05_1-#18,129,131,late,0.7931904792785645,1.9888988733291626,0.041705742478370667,1.3851940631866455,1.6084728240966797,0.19693666696548462,0.2056616246700287,0.2069183737039566,0.20632688701152802,0.18415647745132446
CY25-05_1-#18,130,132,late,0.7958042621612549,1.9820778369903564,0.06286416202783585,1.3846473693847656,1.608116865158081,0.20196864008903503,0.202365905046463,0.21018387377262115,0.20496362447738647,0.18051791191101074
CY25-05_1-#18,131,133,late,0.7920430302619934,1.9846503734588623,0.05508042126893997,1.3855308294296265,1.608713150024414,0.19956986606121063,0.20636093616485596,0.20644360780715942,0.2017854005098343,0.18584021925926208
CY25-05_1-#18,132,134,late,0.7911977171897888,1.977716088294983,0.0756445899605751,1.3848774433135986,1.6081979274749756,0.20389819145202637,0.20647580921649933,0.20456463098526,0.2046569138765335,0.1804044544696808
CY25-05_1-#18,133,135,late,0.7919197678565979,1.9820353984832764,0.06302221119403839,1.385231614112854,1.60848867893219,0.2005428969860077,0.20621119439601898,0.20596934854984283,0.20405149459838867,0.1832250952720642
CY25-05_1-#18,134,136,late,0.7894437313079834,1.9783926010131836,0.07363563776016235,1.385136365890503,1.6083273887634277,0.20240283012390137,0.2082814872264862,0.20294038951396942,0.2045685052871704,0.1818067878484726
CY25-05_1-#18,135,137,late,0.790047824382782,1.9803130626678467,0.0681302547454834,1.385032296180725,1.608268141746521,0.20005783438682556,0.2078855186700821,0.20504076778888702,0.2054726928472519,0.18154320120811462
CY25-05_1-#18,136,138,late,0.7883854508399963,1.978097677230835,0.07459259033203125,1.3852849006652832,1.6084126234054565,0.20170006155967712,0.20929712057113647,0.2002580612897873,0.20556828379631042,0.1831764280796051
CY25-05_1-#18,137,139,late,0.7901926636695862,1.9808340072631836,0.0666130781173706,1.3851580619812012,1.6083712577819824,0.19948093593120575,0.20779675245285034,0.205214262008667,0.20498496294021606,0.18252304196357727
CY25-05_1-#18,138,140,late,0.7919362187385559,1.9743881225585938,0.08503079414367676,1.3850239515304565,1.6083617210388184,0.20215800404548645,0.20539933443069458,0.2087612897157669,0.20129083096981049,0.18239052593708038
CY25-05_1-#18,139,141,late,0.7883629202842712,1.9561009407043457,0.13258370757102966,1.3848992586135864,1.608304738998413,0.20684322714805603,0.2069917470216751,0.2009958028793335,0.20347121357917786,0.1816980391740799
CY25-05_1-#18,140,142,late,0.786401629447937,1.972776174545288,0.08926171064376831,1.385831594467163,1.608755350112915,0.20198188722133636,0.21069087088108063,0.20029620826244354,0.1994047909975052,0.18762625753879547
CY25-05_1-#18,141,143,late,0.7861868143081665,1.964003324508667,0.11252898722887039,1.3854652643203735,1.6085448265075684,0.20505815744400024,0.20996490120887756,0.19956062734127045,0.20050875842571259,0.18490751087665558
CY25-05_1-#18,142,144,late,0.7879272103309631,1.9715235233306885,0.09260661154985428,1.3856810331344604,1.60874605178833,0.200852632522583,0.20905324816703796,0.20360475778579712,0.19983895123004913,0.1866503655910492
CY25-05_1-#19,0,2,early,0.8061744570732117,1.997627854347229,0.010642193257808685,1.3850324153900146,1.6082929372787476,0.18797163665294647,0.19359566271305084,0.20326179265975952,0.1989235281944275,0.21624739468097687
CY25-05_1-#19,1,3,early,0.7971284985542297,1.9979050159454346,0.00957029964774847,1.3842964172363281,1.6078283786773682,0.19294048845767975,0.2026589959859848,0.18963365256786346,0.1935528963804245,0.22121396660804749
CY25-05_1-#19,2,4,early,0.8015645146369934,1.9979009628295898,0.009553355164825916,1.384002685546875,1.6075958013534546,0.19074644148349762,0.19822722673416138,0.1943969428539276,0.1925342082977295,0.22409522533416748
CY25-05_1-#19,3,5,early,0.8038870692253113,1.9974727630615234,0.011254064738750458,1.384716272354126,1.6081204414367676,0.19197851419448853,0.19586512446403503,0.19555675983428955,0.19604162871837616,0.22055794298648834
CY25-05_1-#19,4,6,early,0.7986763715744019,1.9978911876678467,0.00961845088750124,1.3842953443527222,1.6078423261642456,0.1912737637758255,0.20111136138439178,0.19274215400218964,0.19309057295322418,0.22178220748901367
CY25-05_1-#19,5,7,early,0.7947755455970764,1.997544288635254,0.011014159768819809,1.3834736347198486,1.6071279048919678,0.19812557101249695,0.20497246086597443,0.18217267096042633,0.1919107884168625,0.2228185087442398
CY25-05_1-#19,6,8,early,0.7982595562934875,1.9975194931030273,0.0111128194257617,1.3842909336090088,1.6078367233276367,0.19263923168182373,0.20149023830890656,0.19413186609745026,0.1901528537273407,0.22158582508563995
CY25-05_1-#19,7,9,early,0.7990961670875549,1.9977962970733643,0.009995844215154648,1.3839075565338135,1.6075342893600464,0.19185437262058258,0.20068246126174927,0.19301070272922516,0.19049274921417236,0.22395971417427063
CY25-05_1-#19,8,10,early,0.7963576912879944,1.997297763824463,0.012003486976027489,1.3846848011016846,1.6081271171569824,0.196806401014328,0.20336715877056122,0.18902833759784698,0.19253641366958618,0.2182617038488388
CY25-05_1-#19,9,11,early,0.7999809384346008,1.9975708723068237,0.01088179275393486,1.3850308656692505,1.60843026638031,0.1897798627614975,0.19977612793445587,0.1977708488702774,0.19587498903274536,0.21679812669754028
CY25-05_1-#19,10,12,early,0.7983083128929138,1.9983586072921753,0.007664537988603115,1.3830318450927734,1.606829285621643,0.18308205902576447,0.20152616500854492,0.19737643003463745,0.19161438941955566,0.22640100121498108
CY25-05_1-#19,11,13,early,0.7940578460693359,1.9965097904205322,0.015089078806340694,1.3850812911987305,1.6083849668502808,0.2005590945482254,0.20558275282382965,0.18492776155471802,0.19672279059886932,0.2122076004743576
CY25-05_1-#19,12,14,early,0.7902194857597351,1.9970531463623047,0.012981953099370003,1.3840605020523071,1.6074042320251465,0.19784967601299286,0.2094714194536209,0.18094730377197266,0.19392438232898712,0.21780718863010406
CY25-05_1-#19,13,15,early,0.7983951568603516,1.997277021408081,0.012061191722750664,1.3847455978393555,1.6081981658935547,0.1895713061094284,0.20133034884929657,0.20127862691879272,0.19053104519844055,0.21728865802288055
CY25-05_1-#19,14,16,early,0.8003878593444824,1.997501015663147,0.011149141937494278,1.3845462799072266,1.6080405712127686,0.18993771076202393,0.19936271011829376,0.1991906613111496,0.19161023199558258,0.21989868581295013
CY25-05_1-#19,15,17,early,0.7955620884895325,1.9977099895477295,0.010332223027944565,1.384088158607483,1.6076328754425049,0.19000162184238434,0.20420382916927338,0.19258026778697968,0.19118870794773102,0.2220255583524704
CY25-05_1-#19,16,18,early,0.7973414659500122,1.9977308511734009,0.010241696611046791,1.384295105934143,1.6078301668167114,0.19005806744098663,0.20242860913276672,0.19337409734725952,0.19280295073986053,0.2213362455368042
CY25-05_1-#19,17,19,early,0.7943710684776306,1.996536135673523,0.014971373602747917,1.3847873210906982,1.6081618070602417,0.19953082501888275,0.20527277886867523,0.1866678148508072,0.192641019821167,0.21588753163814545
CY25-05_1-#19,18,20,early,0.793123722076416,1.9964988231658936,0.015128670260310173,1.3849698305130005,1.6082628965377808,0.19915567338466644,0.2065141201019287,0.1860889494419098,0.19413650035858154,0.2141047567129135
CY25-05_1-#19,19,21,early,0.7959882616996765,1.9976401329040527,0.01061934046447277,1.3846596479415894,1.6080973148345947,0.19051963090896606,0.20377101004123688,0.19224666059017181,0.1947004795074463,0.21876220405101776
CY25-05_1-#19,20,22,early,0.7945898175239563,1.9954382181167603,0.019097771495580673,1.3849892616271973,1.6083329916000366,0.2041124552488327,0.20494166016578674,0.18543989956378937,0.19351190328598022,0.21199411153793335
CY25-05_1-#19,21,23,early,0.794726550579071,1.9976677894592285,0.010523402132093906,1.3839921951293945,1.6075338125228882,0.18872307240962982,0.20503409206867218,0.1953255832195282,0.18903352320194244,0.22188372910022736
CY25-05_1-#19,22,24,early,0.7909990549087524,1.9960110187530518,0.016979116946458817,1.384545087814331,1.6078349351882935,0.20105953514575958,0.20858408510684967,0.18385887145996094,0.19135408103466034,0.21514344215393066
CY25-05_1-#19,23,25,early,0.790611743927002,1.9966692924499512,0.014480860903859138,1.3848315477371216,1.6080361604690552,0.1972128301858902,0.20903953909873962,0.18459928035736084,0.19478794932365417,0.21436043083667755
CY25-05_1-#19,24,26,early,0.7894313335418701,1.9965283870697021,0.015031859278678894,1.3849985599517822,1.6081002950668335,0.19874590635299683,0.2102031707763672,0.18423126637935638,0.19460466504096985,0.21221496164798737
CY25-05_1-#19,25,27,early,0.7857598066329956,1.995997667312622,0.017046643421053886,1.38420569896698,1.6072157621383667,0.20006591081619263,0.213811457157135,0.18185611069202423,0.18876996636390686,0.21549655497074127
CY25-05_1-#19,26,28,early,0.7908614873886108,1.9978432655334473,0.009818692691624165,1.3836027383804321,1.6070690155029297,0.18853873014450073,0.20891298353672028,0.18982607126235962,0.18952676653862,0.22319543361663818
CY25-05_1-#19,27,29,early,0.7928991317749023,1.997222661972046,0.012291979044675827,1.3846158981323242,1.6079686880111694,0.19099488854408264,0.2068132758140564,0.19172927737236023,0.1921095848083496,0.21835298836231232
CY25-05_1-#19,28,30,early,0.7950379848480225,1.996720552444458,0.014221124351024628,1.385111689567566,1.60843825340271,0.19501926004886627,0.2046259194612503,0.18939021229743958,0.19588221609592438,0.2150823473930359
CY25-05_1-#19,29,31,early,0.7951186895370483,1.996521234512329,0.015019332990050316,1.3851970434188843,1.608506679534912,0.1961974948644638,0.2045249342918396,0.19334529340267181,0.1911487728357315,0.21478353440761566
CY25-05_1-#19,30,32,early,0.790016233921051,1.9968812465667725,0.013646005652844906,1.3842886686325073,1.607572078704834,0.19593441486358643,0.20965632796287537,0.18661059439182281,0.18919993937015533,0.21859873831272125
CY25-05_1-#19,31,33,early,0.7929376363754272,1.9961901903152466,0.016298938542604446,1.3853933811187744,1.6085913181304932,0.1987694799900055,0.2066679298877716,0.1891613006591797,0.1937267929315567,0.2116745114326477
CY25-05_1-#19,32,34,early,0.7916496396064758,1.9963555335998535,0.015670739114284515,1.3850672245025635,1.6082762479782104,0.19626332819461823,0.20797069370746613,0.18874910473823547,0.1925903856754303,0.21442648768424988
CY25-05_1-#19,33,35,early,0.7898089289665222,1.9957423210144043,0.01799999549984932,1.3852916955947876,1.6083571910858154,0.1978786736726761,0.20974360406398773,0.18889568746089935,0.19163401424884796,0.21184805035591125
CY25-05_1-#19,34,36,early,0.7868129014968872,1.996671438217163,0.014462470076978207,1.3838551044464111,1.6070208549499512,0.19594541192054749,0.21283230185508728,0.1819833368062973,0.19011101126670837,0.21912795305252075
CY25-05_1-#19,35,37,early,0.7898393273353577,1.9958981275558472,0.017414744943380356,1.3850640058517456,1.6081809997558594,0.19939662516117096,0.2097296416759491,0.18472109735012054,0.1943288892507553,0.2118237465620041
CY25-05_1-#19,36,38,early,0.7955069541931152,1.9959754943847656,0.017049916088581085,1.385200023651123,1.6085209846496582,0.19485214352607727,0.20408155024051666,0.1943345069885254,0.19168414175510406,0.2150476723909378
CY25-05_1-#19,37,39,early,0.7952127456665039,1.996427297592163,0.015366273932158947,1.3853788375854492,1.6086533069610596,0.19382935762405396,0.20442143082618713,0.19550830125808716,0.19264386594295502,0.21359708905220032
CY25-05_1-#19,38,40,early,0.794712483882904,1.9972381591796875,0.012193938717246056,1.3842116594314575,1.6077086925506592,0.1882292777299881,0.2050040364265442,0.19741463661193848,0.18908651173114777,0.22026559710502625
CY25-05_1-#19,39,41,early,0.7897374629974365,1.9944679737091064,0.02266402170062065,1.3850862979888916,1.6081972122192383,0.20465172827243805,0.2096809595823288,0.18349327147006989,0.19400179386138916,0.2081722468137741
CY25-05_1-#19,40,42,early,0.786149263381958,1.9953041076660156,0.019623199477791786,1.3844807147979736,1.6074684858322144,0.2011788934469223,0.2133486121892929,0.1816185861825943,0.1905631273984909,0.21329079568386078
CY25-05_1-#19,41,43,early,0.7909961938858032,1.9973201751708984,0.011915210634469986,1.3842633962631226,1.6076016426086426,0.1899709701538086,0.2087237536907196,0.1902937889099121,0.1911522001028061,0.219859316945076
CY25-05_1-#19,42,44,early,0.7930141091346741,1.9969757795333862,0.013253304176032543,1.3848129510879517,1.6081299781799316,0.19124452769756317,0.20667289197444916,0.19306479394435883,0.19187670946121216,0.21714110672473907
CY25-05_1-#19,43,45,early,0.7851534485816956,1.9955466985702515,0.018733389675617218,1.3841029405593872,1.6070884466171265,0.1997452974319458,0.21436816453933716,0.18044236302375793,0.18983957171440125,0.21560455858707428
CY25-05_1-#19,44,46,early,0.795363187789917,1.9966752529144287,0.01440717838704586,1.3855364322662354,1.608781099319458,0.19207553565502167,0.20429663360118866,0.19659541547298431,0.19494310021400452,0.21208927035331726
CY25-05_1-#19,45,47,early,0.7980390191078186,1.9958842992782593,0.01740526407957077,1.3860870599746704,1.6092665195465088,0.1943378895521164,0.2015453726053238,0.2001442164182663,0.19836942851543427,0.20560307800769806
CY25-05_1-#19,46,48,early,0.7923246622085571,1.9969162940979004,0.013503694906830788,1.3853541612625122,1.608528971672058,0.1900169551372528,0.20735512673854828,0.19595082104206085,0.19404152035713196,0.2126355618238449
CY25-05_1-#19,47,49,middle,0.7906625866889954,1.9971270561218262,0.01267765648663044,1.3848190307617188,1.6080238819122314,0.19053271412849426,0.209036722779274,0.1918008029460907,0.19217047095298767,0.21645930409431458
CY25-05_1-#19,48,50,middle,0.793692409992218,1.997152328491211,0.012579014524817467,1.385445475578308,1.608654499053955,0.1895536482334137,0.20601384341716766,0.1979023814201355,0.1948063224554062,0.21172377467155457
CY25-05_1-#19,49,51,middle,0.7940134406089783,1.9967458248138428,0.014173832722008228,1.3852150440216064,1.608484148979187,0.1919236034154892,0.2056514024734497,0.19891300797462463,0.1899520456790924,0.21355992555618286
CY25-05_1-#19,50,52,middle,0.7933610081672668,1.9965853691101074,0.014793911948800087,1.3855278491973877,1.6087098121643066,0.19309751689434052,0.20628617703914642,0.1969338208436966,0.19211158156394958,0.21157090365886688
CY25-05_1-#19,51,53,middle,0.7933274507522583,1.99588143825531,0.017466828227043152,1.3857914209365845,1.6089223623275757,0.19698864221572876,0.20624695718288422,0.19201481342315674,0.19590987265110016,0.20883972942829132
CY25-05_1-#19,52,54,middle,0.7850797176361084,1.9960403442382812,0.016892682760953903,1.3846725225448608,1.6075265407562256,0.19687184691429138,0.21449477970600128,0.18324699997901917,0.19152621924877167,0.2138601690530777
CY25-05_1-#19,53,55,middle,0.7899178862571716,1.9968631267547607,0.013719582930207253,1.3847211599349976,1.607906699180603,0.1916235238313675,0.20975261926651,0.19052545726299286,0.1911984533071518,0.21689994633197784
CY25-05_1-#19,54,56,middle,0.7861867547035217,1.995373010635376,0.01938740909099579,1.385361909866333,1.6081631183624268,0.19839879870414734,0.2133185863494873,0.18497233092784882,0.19467727839946747,0.20863300561904907
CY25-05_1-#19,55,57,middle,0.7875805497169495,1.9942512512207031,0.023458201438188553,1.385506510734558,1.6083903312683105,0.20242340862751007,0.21180886030197144,0.18418896198272705,0.19775605201721191,0.20382270216941833
CY25-05_1-#19,56,58,middle,0.789108157157898,1.9939601421356201,0.024470163509249687,1.3857479095458984,1.608682632446289,0.2014482468366623,0.2102549821138382,0.18971925973892212,0.19266529381275177,0.20591218769550323
CY25-05_1-#19,57,59,middle,0.7874767780303955,1.9958558082580566,0.017601225525140762,1.3856875896453857,1.6085143089294434,0.19526980817317963,0.2120828479528427,0.18959037959575653,0.19483888149261475,0.20821811258792877
CY25-05_1-#19,58,60,middle,0.7869114875793457,1.9940683841705322,0.02408592402935028,1.385786771774292,1.6085612773895264,0.20020201802253723,0.21245653927326202,0.1901167780160904,0.1917296200990677,0.20549505949020386
CY25-05_1-#19,59,61,middle,0.7835869193077087,1.9942457675933838,0.023464340716600418,1.3850512504577637,1.6077008247375488,0.20019331574440002,0.21579045057296753,0.18388508260250092,0.19045314192771912,0.2096780240535736
CY25-05_1-#19,60,62,middle,0.7988001704216003,1.9955706596374512,0.018605463206768036,1.3861496448516846,1.6093202829360962,0.194749653339386,0.20075424015522003,0.20345766842365265,0.19875428080558777,0.20228414237499237
CY25-05_1-#19,61,63,middle,0.78504478931427,1.9937920570373535,0.02508479915559292,1.3852794170379639,1.6080150604248047,0.20208345353603363,0.21428799629211426,0.18334172666072845,0.19382525980472565,0.20646154880523682
CY25-05_1-#19,62,64,middle,0.7842822074890137,1.9935121536254883,0.026047546416521072,1.385294795036316,1.607961893081665,0.20151765644550323,0.21501800417900085,0.1838744729757309,0.19270645081996918,0.20688341557979584
CY25-05_1-#19,63,65,middle,0.7939855456352234,1.9954254627227783,0.01916642300784588,1.3861892223358154,1.6092602014541626,0.1951429545879364,0.20554324984550476,0.19906459748744965,0.19729946553707123,0.20294976234436035
CY25-05_1-#19,64,66,middle,0.7867879271507263,1.9952882528305054,0.01969696581363678,1.3854906558990479,1.6083112955093384,0.19590109586715698,0.21270976960659027,0.19091077148914337,0.19045108556747437,0.21002726256847382
CY25-05_1-#19,65,67,middle,0.7899830937385559,1.9952783584594727,0.01971702091395855,1.38596510887146,1.6088995933532715,0.1970399022102356,0.2095210999250412,0.19422662258148193,0.19315758347511292,0.20605480670928955
CY25-05_1-#19,66,68,middle,0.7902475595474243,1.9950002431869507,0.020741887390613556,1.3858983516693115,1.6088635921478271,0.1981544941663742,0.20922808349132538,0.19290684163570404,0.19309590756893158,0.2066146433353424
CY25-05_1-#19,67,69,middle,0.7921683192253113,1.9944233894348145,0.02282920852303505,1.3860774040222168,1.6091042757034302,0.19946406781673431,0.20725218951702118,0.1941242665052414,0.19478945434093475,0.20437002182006836
CY25-05_1-#19,68,70,middle,0.7880529165267944,1.9957859516143799,0.017857275903224945,1.3855592012405396,1.6084541082382202,0.19501081109046936,0.21150052547454834,0.19130297005176544,0.1921391785144806,0.21004654467105865
CY25-05_1-#19,69,71,middle,0.7918095588684082,1.9958596229553223,0.01755436882376671,1.3856525421142578,1.6087449789047241,0.19369162619113922,0.20775945484638214,0.19810883700847626,0.1908939629793167,0.20954614877700806
CY25-05_1-#19,70,72,middle,0.7900097370147705,1.9950202703475952,0.02067698910832405,1.3858633041381836,1.6088227033615112,0.19729924201965332,0.20946739614009857,0.19228440523147583,0.19376878440380096,0.20718015730381012
CY25-05_1-#19,71,73,middle,0.7884595394134521,1.9950922727584839,0.02042573317885399,1.3857847452163696,1.6086642742156982,0.1979629397392273,0.21102136373519897,0.18924424052238464,0.19510160386562347,0.2066698670387268
CY25-05_1-#19,72,74,middle,0.7928338050842285,1.995697259902954,0.018172184005379677,1.385897159576416,1.6089850664138794,0.19432394206523895,0.2067205011844635,0.19894208014011383,0.19283649325370789,0.20717698335647583
CY25-05_1-#19,73,75,middle,0.7926343679428101,1.9949010610580444,0.021106325089931488,1.3861702680587769,1.6091959476470947,0.19580446183681488,0.20683695375919342,0.1987578272819519,0.19541525840759277,0.20318551361560822
CY25-05_1-#19,74,76,middle,0.792518138885498,1.996097445487976,0.01667678728699684,1.3857691287994385,1.6088684797286987,0.19295421242713928,0.2070770114660263,0.19752994179725647,0.19348564743995667,0.20895318686962128
CY25-05_1-#19,75,77,middle,0.7918232679367065,1.9949809312820435,0.020824316889047623,1.3861936330795288,1.6091785430908203,0.19563208520412445,0.20765429735183716,0.19709360599517822,0.1968051642179489,0.20281483232975006
CY25-05_1-#19,76,78,middle,0.7856561541557312,1.9925858974456787,0.0292513407766819,1.3856685161590576,1.6083788871765137,0.2033451497554779,0.21354925632476807,0.18570576608181,0.19553585350513458,0.20186392962932587
CY25-05_1-#19,77,79,middle,0.7889371514320374,1.9913818836212158,0.03331853449344635,1.385892629623413,1.608797311782837,0.20383699238300323,0.21015338599681854,0.19099368155002594,0.1927739530801773,0.20224201679229736
CY25-05_1-#19,78,80,middle,0.795997142791748,1.9959990978240967,0.01702212169766426,1.3858747482299805,1.6090638637542725,0.1913074404001236,0.20359474420547485,0.203372061252594,0.19598977267742157,0.2057359665632248
CY25-05_1-#19,79,81,middle,0.7873835563659668,1.9890810251235962,0.04095548391342163,1.3856346607208252,1.6085032224655151,0.2075245976448059,0.21145567297935486,0.18710730969905853,0.1964072734117508,0.1975051462650299
CY25-05_1-#19,80,82,middle,0.7917518615722656,1.9933048486709595,0.02680196613073349,1.3862476348876953,1.6092240810394287,0.20022523403167725,0.2075510174036026,0.19499783217906952,0.19879065454006195,0.1984352469444275
CY25-05_1-#19,81,83,middle,0.7916861176490784,1.9960507154464722,0.016852524131536484,1.3857544660568237,1.6088180541992188,0.19088341295719147,0.20790252089500427,0.20135492086410522,0.1928575485944748,0.20700161159038544
CY25-05_1-#19,82,84,middle,0.7909181118011475,1.9947509765625,0.021663537248969078,1.3861334323883057,1.6090874671936035,0.19636587798595428,0.2085331529378891,0.19498750567436218,0.1962018609046936,0.20391157269477844
CY25-05_1-#19,83,85,middle,0.7873753309249878,1.9951131343841553,0.02035222388803959,1.3859645128250122,1.608729600906372,0.19409385323524475,0.2121051400899887,0.1936989724636078,0.19438013434410095,0.20572194457054138
CY25-05_1-#19,84,86,middle,0.7890483140945435,1.9948164224624634,0.021434906870126724,1.3861416578292847,1.608985424041748,0.19603954255580902,0.21040494740009308,0.1938239187002182,0.19669070839881897,0.20304089784622192
CY25-05_1-#19,85,87,middle,0.7896567583084106,1.9931997060775757,0.02718314342200756,1.386094331741333,1.6089937686920166,0.1992633193731308,0.20962804555892944,0.1936395913362503,0.19417722523212433,0.20329183340072632
CY25-05_1-#19,86,88,middle,0.7863856554031372,1.9951014518737793,0.02039647102355957,1.385971188545227,1.608659267425537,0.19417956471443176,0.21309113502502441,0.19273844361305237,0.19469936192035675,0.2052914798259735
CY25-05_1-#19,87,89,middle,0.7923033237457275,1.9938596487045288,0.024836113676428795,1.3862309455871582,1.6092331409454346,0.19725292921066284,0.20705901086330414,0.20061004161834717,0.19505178928375244,0.20002621412277222
CY25-05_1-#19,88,90,middle,0.792789876461029,1.9898638725280762,0.03844437375664711,1.3860992193222046,1.60916006565094,0.20454317331314087,0.20615996420383453,0.19487826526165009,0.19953574240207672,0.1948828399181366
CY25-05_1-#19,89,91,middle,0.7865932583808899,1.9916929006576538,0.032313842326402664,1.385927438735962,1.608662724494934,0.2024267315864563,0.21252034604549408,0.18945838510990143,0.19409354031085968,0.20150096714496613
CY25-05_1-#19,90,92,middle,0.7896444797515869,1.9904108047485352,0.036622729152441025,1.3861314058303833,1.6090346574783325,0.20313701033592224,0.2093469500541687,0.19294042885303497,0.19765041768550873,0.19692514836788177
CY25-05_1-#19,91,93,middle,0.7882813811302185,1.9933319091796875,0.02671491727232933,1.3861734867095947,1.60896897315979,0.19775158166885376,0.21101272106170654,0.1940750628709793,0.19513675570487976,0.20202383399009705
CY25-05_1-#19,92,94,middle,0.7892389893531799,1.9907240867614746,0.035571467131376266,1.3861379623413086,1.6090152263641357,0.2023959904909134,0.20978352427482605,0.19240175187587738,0.19743849337100983,0.19798025488853455
CY25-05_1-#19,93,95,middle,0.7938966155052185,1.9954971075057983,0.018918219953775406,1.386028528213501,1.6091283559799194,0.19201935827732086,0.20563934743404388,0.202617809176445,0.1966278851032257,0.20309560000896454
CY25-05_1-#19,94,96,late,0.7943751811981201,1.9957444667816162,0.018009191378951073,1.3859970569610596,1.6091182231903076,0.1913214474916458,0.20518729090690613,0.2042286992073059,0.19779448211193085,0.20146803557872772
CY25-05_1-#19,95,97,late,0.782566249370575,1.9910640716552734,0.03445098176598549,1.3859823942184448,1.6083601713180542,0.19964027404785156,0.21646226942539215,0.18893541395664215,0.19365662336349487,0.20130541920661926
CY25-05_1-#19,96,98,late,0.7855448722839355,1.9840656518936157,0.05664971098303795,1.3855838775634766,1.608356237411499,0.20881938934326172,0.2127465307712555,0.18775738775730133,0.1952483057975769,0.19542838633060455
CY25-05_1-#19,97,99,late,0.7969919443130493,1.994603157043457,0.022179458290338516,1.3857640027999878,1.6089930534362793,0.1924406737089157,0.20246025919914246,0.20927871763706207,0.19472946226596832,0.20109084248542786
CY25-05_1-#19,98,100,late,0.7902489304542542,1.9933068752288818,0.026814928278326988,1.3862330913543701,1.6091362237930298,0.19752568006515503,0.20904913544654846,0.19771713018417358,0.1947588175535202,0.2009492814540863
CY25-05_1-#19,99,101,late,0.7880263328552246,1.9927995204925537,0.028564762324094772,1.386165738105774,1.6089487075805664,0.19783760607242584,0.21121050417423248,0.19508415460586548,0.1937936544418335,0.20207403600215912
CY25-05_1-#19,100,102,late,0.792351484298706,1.9925588369369507,0.029410071671009064,1.3862577676773071,1.609262228012085,0.197276771068573,0.20687593519687653,0.20106980204582214,0.19816464185714722,0.1966128647327423
CY25-05_1-#19,101,103,late,0.7926214337348938,1.9906328916549683,0.035880617797374725,1.386244773864746,1.609269142150879,0.20136485993862152,0.2064073085784912,0.19595375657081604,0.19902406632900238,0.19725003838539124
CY25-05_1-#19,102,104,late,0.7847707867622375,1.987626075744629,0.045663021504879,1.3858174085617065,1.6084589958190918,0.20427937805652618,0.21389760076999664,0.18839746713638306,0.19317157566547394,0.2002539336681366
CY25-05_1-#19,103,105,late,0.7838082313537598,1.9887168407440186,0.0421755388379097,1.3857388496398926,1.6083064079284668,0.20183143019676208,0.2149720937013626,0.18760015070438385,0.19218608736991882,0.20341023802757263
CY25-05_1-#19,104,106,late,0.7883106470108032,1.9859824180603027,0.0508076474070549,1.3859763145446777,1.6088528633117676,0.205780491232872,0.21020565927028656,0.1918761134147644,0.19654600322246552,0.19559168815612793
CY25-05_1-#19,105,107,late,0.7837131023406982,1.9863301515579224,0.04973601549863815,1.3859825134277344,1.6085079908370972,0.2032761424779892,0.2148085981607437,0.1901187151670456,0.19327348470687866,0.19852305948734283
CY25-05_1-#19,106,108,late,0.7853823900222778,1.9882737398147583,0.043619271367788315,1.385890245437622,1.608563780784607,0.20287443697452545,0.2133592963218689,0.18884533643722534,0.19380633533000946,0.20111463963985443
CY25-05_1-#19,107,109,late,0.7839556336402893,1.9868892431259155,0.048056818544864655,1.3859225511550903,1.6084799766540527,0.20337460935115814,0.21462813019752502,0.18849124014377594,0.19494926929473877,0.1985567808151245
CY25-05_1-#19,108,110,late,0.7952906489372253,1.993241310119629,0.02702796459197998,1.3859974145889282,1.609151840209961,0.19532862305641174,0.20401756465435028,0.20690767467021942,0.1990453004837036,0.19470082223415375
CY25-05_1-#19,109,111,late,0.7924606204032898,1.9903788566589355,0.036758191883563995,1.3862446546554565,1.609263300895691,0.1993115395307541,0.2065410017967224,0.20066174864768982,0.1951294243335724,0.1983562707901001
CY25-05_1-#19,110,112,late,0.7927595973014832,1.9939444065093994,0.024570835754275322,1.3861583471298218,1.609196424484253,0.19343799352645874,0.20661291480064392,0.20249557495117188,0.1982974410057068,0.19915607571601868
CY25-05_1-#19,111,113,late,0.7892346978187561,1.9905993938446045,0.03605981916189194,1.3862204551696777,1.6090831756591797,0.19717760384082794,0.20977464318275452,0.19986124336719513,0.19374027848243713,0.19944626092910767
CY25-05_1-#19,112,114,late,0.7852321863174438,1.985903024673462,0.05110545456409454,1.3861312866210938,1.6087605953216553,0.2025974541902542,0.21325401961803436,0.1924726963043213,0.1957835555076599,0.19589227437973022
CY25-05_1-#19,113,115,late,0.786264181137085,1.9879525899887085,0.044678330421447754,1.3861242532730103,1.6088221073150635,0.20114843547344208,0.2124483287334442,0.19160343706607819,0.1954018622636795,0.1993979662656784
CY25-05_1-#19,114,116,late,0.785812258720398,1.98713219165802,0.04726136103272438,1.386246681213379,1.6088907718658447,0.20028777420520782,0.21280968189239502,0.19507946074008942,0.19593793153762817,0.19588516652584076
CY25-05_1-#19,115,117,late,0.7829994559288025,1.9889638423919678,0.041399434208869934,1.3861541748046875,1.6085584163665771,0.19836269319057465,0.2158031165599823,0.19210980832576752,0.1935112327337265,0.20021316409111023
CY25-05_1-#19,116,118,late,0.7833050489425659,1.9858174324035645,0.05140356346964836,1.3859546184539795,1.6084589958190918,0.20259125530719757,0.21515829861164093,0.18817465007305145,0.19747312366962433,0.19660265743732452
CY25-05_1-#19,117,119,late,0.7900789380073547,1.9947015047073364,0.021873436868190765,1.3855648040771484,1.6085920333862305,0.18895937502384186,0.20936492085456848,0.20561270415782928,0.19140051305294037,0.2046625316143036
CY25-05_1-#19,118,120,late,0.7830033302307129,1.9848217964172363,0.05447085201740265,1.3859612941741943,1.6084461212158203,0.202342227101326,0.21534985303878784,0.18813155591487885,0.1976640671491623,0.19651228189468384
CY25-05_1-#19,119,121,late,0.7930786609649658,1.9920556545257568,0.03116369992494583,1.3860766887664795,1.60914945602417,0.1951064020395279,0.20609940588474274,0.20548096299171448,0.19562216103076935,0.19769105315208435
CY25-05_1-#19,120,122,late,0.7936854958534241,1.9926371574401855,0.029143311083316803,1.385895848274231,1.6090259552001953,0.1934121996164322,0.20555497705936432,0.20731371641159058,0.19391413033008575,0.19980502128601074
CY25-05_1-#19,121,123,late,0.7923163175582886,1.9905502796173096,0.03623656928539276,1.3862173557281494,1.6092379093170166,0.19714219868183136,0.20670241117477417,0.20218560099601746,0.1984442174434662,0.19552558660507202
CY25-05_1-#19,122,124,late,0.7944673299789429,1.9915823936462402,0.03275996074080467,1.385826826095581,1.6089990139007568,0.1955345869064331,0.20466762781143188,0.2086387425661087,0.1987772285938263,0.19238178431987762
CY25-05_1-#19,123,125,late,0.787088930606842,1.9926493167877197,0.02912309765815735,1.3860751390457153,1.608814001083374,0.19237828254699707,0.21212853491306305,0.1989700198173523,0.19384388625621796,0.20267929136753082
CY25-05_1-#19,124,126,late,0.7819954752922058,1.987023949623108,0.04765291512012482,1.3862005472183228,1.6085188388824463,0.1983870416879654,0.21659010648727417,0.19127610325813293,0.19653701782226562,0.19720973074436188
CY25-05_1-#19,125,127,late,0.7913178205490112,1.9858098030090332,0.05140598490834236,1.3858953714370728,1.6089606285095215,0.20089320838451385,0.20720157027244568,0.20241691172122955,0.2008770853281021,0.18861117959022522
CY25-05_1-#19,126,128,late,0.7841693758964539,1.980741024017334,0.06669005751609802,1.3859889507293701,1.6085970401763916,0.2047504335641861,0.21375226974487305,0.1914730817079544,0.1934429258108139,0.19658124446868896
CY25-05_1-#19,127,129,late,0.7869768142700195,1.9803134202957153,0.06795291602611542,1.3856970071792603,1.6085940599441528,0.2044215202331543,0.21092632412910461,0.19631187617778778,0.20175492763519287,0.18658535182476044
CY25-05_1-#19,128,130,late,0.794506847858429,1.990025520324707,0.03799843043088913,1.3858022689819336,1.6089856624603271,0.19786053895950317,0.20446829497814178,0.20624494552612305,0.20200343430042267,0.18942280113697052
CY25-05_1-#19,129,131,late,0.7961854338645935,1.9909132719039917,0.0350036546587944,1.3858442306518555,1.609053611755371,0.19680047035217285,0.20288854837417603,0.20837223529815674,0.2000076025724411,0.19193117320537567
CY25-05_1-#19,130,132,late,0.7937886714935303,1.9904758930206299,0.03647412359714508,1.3857959508895874,1.6089587211608887,0.19601325690746307,0.20522934198379517,0.2079421877861023,0.20003393292427063,0.19078126549720764
CY25-05_1-#19,131,133,late,0.7950773239135742,1.9924637079238892,0.029770471155643463,1.3856109380722046,1.6088417768478394,0.19236652553081512,0.2041504979133606,0.2113032341003418,0.1978197544813156,0.19436000287532806
CY25-05_1-#19,132,134,late,0.7908527851104736,1.98581862449646,0.051423102617263794,1.3856960535049438,1.6087853908538818,0.20097540318965912,0.20766422152519226,0.20110122859477997,0.2037671059370041,0.18649199604988098
CY25-05_1-#19,133,135,late,0.7914845943450928,1.9898408651351929,0.03859585523605347,1.3859995603561401,1.6090340614318848,0.19732612371444702,0.20745623111724854,0.20371657609939575,0.20066380500793457,0.19083727896213531
CY25-05_1-#19,134,136,late,0.7895897626876831,1.9885951280593872,0.042677849531173706,1.3860660791397095,1.6089986562728882,0.19827954471111298,0.2092103809118271,0.19937476515769958,0.2022237777709961,0.19091157615184784
CY25-05_1-#19,135,137,late,0.7912707924842834,1.9866582155227661,0.0488009974360466,1.3861443996429443,1.609151005744934,0.20041117072105408,0.20733678340911865,0.20144899189472198,0.19825948774814606,0.19254359602928162
CY25-05_1-#19,136,138,late,0.789839506149292,1.9871892929077148,0.047181688249111176,1.3857632875442505,1.6087831258773804,0.20008116960525513,0.2088143229484558,0.19912554323673248,0.20462282001972198,0.1873561441898346
CY25-05_1-#19,137,139,late,0.7866193652153015,1.9851583242416382,0.053380049765110016,1.3861875534057617,1.6089203357696533,0.2009241133928299,0.21179717779159546,0.19830749928951263,0.1961067169904709,0.1928645372390747
CY25-05_1-#19,138,140,late,0.8370873332023621,1.0050339698791504,0.7016935348510742,1.2876055240631104,1.2853715419769287,0.27866169810295105,0.00547053711488843,0.2617397606372833,0.3862747550010681,0.06785328686237335
CY25-05_1-#19,139,141,late,0.7925608158111572,1.9899003505706787,0.03836292028427124,1.3855496644973755,1.6087262630462646,0.19688253104686737,0.20639164745807648,0.2061077058315277,0.20395702123641968,0.18666104972362518
CY25-05_1-#19,140,142,late,0.7911663055419922,1.9902000427246094,0.0373644158244133,1.3857479095458984,1.6088221073150635,0.19588249921798706,0.2078104317188263,0.2053138017654419,0.20249351859092712,0.18849971890449524
CY25-05_1-#20,0,2,early,0.8072511553764343,1.9977229833602905,0.010283131152391434,1.3853541612625122,1.608503818511963,0.18983912467956543,0.19252941012382507,0.2049560397863388,0.19886694848537445,0.21380847692489624
CY25-05_1-#20,1,3,early,0.8015416860580444,1.998244285583496,0.008164403028786182,1.3843472003936768,1.6078710556030273,0.18778523802757263,0.1982840895652771,0.1975366771221161,0.19503937661647797,0.2213546186685562
CY25-05_1-#20,2,4,early,0.8067063093185425,1.9973515272140503,0.011784599162638187,1.3855503797531128,1.608687162399292,0.19461461901664734,0.1930377185344696,0.2017635554075241,0.19613738358020782,0.21444670855998993
CY25-05_1-#20,3,5,early,0.8045021295547485,1.998408555984497,0.007460448425263166,1.3836019039154053,1.6072056293487549,0.18435223400592804,0.1953423172235489,0.20203547179698944,0.19378621876239777,0.22448378801345825
CY25-05_1-#20,4,6,early,0.8038461208343506,1.9979244470596313,0.009468826465308666,1.3840914964675903,1.6076182126998901,0.1884378045797348,0.19595029950141907,0.20171280205249786,0.19125400483608246,0.22264507412910461
CY25-05_1-#20,5,7,early,0.7963473796844482,1.9975337982177734,0.011092111468315125,1.3848620653152466,1.6082665920257568,0.1973659247159958,0.20340149104595184,0.18746069073677063,0.19522757828235626,0.21654430031776428
CY25-05_1-#20,6,8,early,0.8001857399940491,1.9981989860534668,0.008356659673154354,1.3840214014053345,1.607621669769287,0.18807566165924072,0.19963432848453522,0.19851365685462952,0.19105389714241028,0.22272242605686188
CY25-05_1-#20,7,9,early,0.8046275973320007,1.99788236618042,0.0096371378749609,1.3845551013946533,1.6079665422439575,0.18779256939888,0.19516552984714508,0.2044709175825119,0.19354784488677979,0.21902315318584442
CY25-05_1-#20,8,10,early,0.8040391802787781,1.9983547925949097,0.007681426126509905,1.3838720321655273,1.607436180114746,0.18311838805675507,0.19579961895942688,0.20418503880500793,0.19531218707561493,0.2215847223997116
CY25-05_1-#20,9,11,early,0.7959705591201782,1.9977238178253174,0.010322295129299164,1.3841159343719482,1.6076641082763672,0.19468894600868225,0.20379723608493805,0.19071757793426514,0.1890435665845871,0.22175264358520508
CY25-05_1-#20,10,12,early,0.7978480458259583,1.9980502128601074,0.008981406688690186,1.3844712972640991,1.6079752445220947,0.1899668574333191,0.20195487141609192,0.19434650242328644,0.1933518797159195,0.22037987411022186
CY25-05_1-#20,11,13,early,0.7976338863372803,1.997620701789856,0.010720441117882729,1.3852572441101074,1.6086008548736572,0.1938941329717636,0.20212538540363312,0.19204984605312347,0.19694456458091736,0.21498604118824005
CY25-05_1-#20,12,14,early,0.8008580207824707,1.9975650310516357,0.010933827608823776,1.3854328393936157,1.6087477207183838,0.19290603697299957,0.1988995224237442,0.1957484632730484,0.1980651319026947,0.2143808901309967
CY25-05_1-#20,13,15,early,0.7970429062843323,1.9974749088287354,0.011300528421998024,1.38532292842865,1.6086442470550537,0.19307518005371094,0.20270086824893951,0.19602054357528687,0.19369474053382874,0.21450869739055634
CY25-05_1-#20,14,16,early,0.7962649464607239,1.9979981184005737,0.009194492362439632,1.3840340375900269,1.6076030731201172,0.1895035356283188,0.20353113114833832,0.19520296156406403,0.18956677615642548,0.2221955507993698
CY25-05_1-#20,15,17,early,0.7993584275245667,1.9979811906814575,0.009250578470528126,1.384395718574524,1.6079224348068237,0.18943928182125092,0.20043905079364777,0.19851255416870117,0.19104976952075958,0.22055934369564056
CY25-05_1-#20,16,18,early,0.7987042665481567,1.9976158142089844,0.010733438655734062,1.3847981691360474,1.6082427501678467,0.19154542684555054,0.20105576515197754,0.196886345744133,0.19205451011657715,0.21845796704292297
CY25-05_1-#20,17,19,early,0.8017246127128601,1.9977020025253296,0.010373182594776154,1.3846278190612793,1.6080917119979858,0.18853138387203217,0.19804757833480835,0.20312972366809845,0.1919785439968109,0.21831271052360535
CY25-05_1-#20,18,20,early,0.796864926815033,1.997665524482727,0.010518290102481842,1.3844718933105469,1.6079643964767456,0.19228428602218628,0.20289796590805054,0.19189074635505676,0.1926233172416687,0.2203036993741989
CY25-05_1-#20,19,21,early,0.7981386780738831,1.9978272914886475,0.009882645681500435,1.3846876621246338,1.6081500053405762,0.18881769478321075,0.20164203643798828,0.19871820509433746,0.1924891173839569,0.21833297610282898
CY25-05_1-#20,20,22,early,0.7927826642990112,1.9966367483139038,0.014616837725043297,1.385188341140747,1.6084203720092773,0.19847212731838226,0.20686888694763184,0.18828141689300537,0.1931680291891098,0.21320955455303192
CY25-05_1-#20,21,23,early,0.7976791858673096,1.9974071979522705,0.011565949767827988,1.3852872848510742,1.6086244583129883,0.19108767807483673,0.20205852389335632,0.19752317667007446,0.19477756321430206,0.21455304324626923
CY25-05_1-#20,22,24,early,0.7993305325508118,1.9976574182510376,0.010547919198870659,1.384889841079712,1.6083166599273682,0.1883028745651245,0.20043443143367767,0.20124197006225586,0.19352799654006958,0.21649271249771118
CY25-05_1-#20,23,25,early,0.8010112643241882,1.9974373579025269,0.01142309233546257,1.3853707313537598,1.6086946725845337,0.1902221441268921,0.19873377680778503,0.2020525485277176,0.19561979174613953,0.21337175369262695
CY25-05_1-#20,24,26,early,0.8040175437927246,1.9970576763153076,0.012908839620649815,1.3857383728027344,1.6089327335357666,0.19136151671409607,0.19569413363933563,0.2055131494998932,0.19866512715816498,0.20876607298851013
CY25-05_1-#20,25,27,early,0.7997990250587463,1.9973018169403076,0.011966761201620102,1.3854833841323853,1.6087920665740967,0.19058959186077118,0.19993089139461517,0.19830574095249176,0.1982911229133606,0.2128826379776001
CY25-05_1-#20,26,28,early,0.7970638871192932,1.9976919889450073,0.01041727140545845,1.3848453760147095,1.6082639694213867,0.1892821043729782,0.20270191133022308,0.1951669305562973,0.19529594480991364,0.21755307912826538
CY25-05_1-#20,27,29,early,0.7990875244140625,1.9969887733459473,0.013197707012295723,1.3853826522827148,1.6087117195129395,0.19375422596931458,0.2006099820137024,0.19705446064472198,0.1940499097108841,0.21453139185905457
CY25-05_1-#20,28,30,early,0.795993447303772,1.997409462928772,0.011563591659069061,1.3848328590393066,1.608234167098999,0.19128671288490295,0.20374229550361633,0.19745834171772003,0.19029437005519867,0.21721825003623962
CY25-05_1-#20,29,31,early,0.7987472414970398,1.9972984790802002,0.011983649805188179,1.3852237462997437,1.6085820198059082,0.19107374548912048,0.20098090171813965,0.20004287362098694,0.19313625991344452,0.2147662490606308
CY25-05_1-#20,30,32,early,0.7972342371940613,1.997279167175293,0.012053186073899269,1.3849951028823853,1.6083860397338867,0.19103047251701355,0.20248989760875702,0.19712387025356293,0.1926877349615097,0.21666795015335083
CY25-05_1-#20,31,33,early,0.7968313097953796,1.9972846508026123,0.012051942758262157,1.3851078748703003,1.6084688901901245,0.18950016796588898,0.20289286971092224,0.19957441091537476,0.19307565689086914,0.21495693922042847
CY25-05_1-#20,32,34,early,0.7989113926887512,1.9971296787261963,0.012641710229218006,1.3853775262832642,1.6087055206298828,0.1909954696893692,0.20080003142356873,0.20016197860240936,0.1944998800754547,0.21354259550571442
CY25-05_1-#20,33,35,early,0.7957554459571838,1.9971847534179688,0.012456841766834259,1.3853306770324707,1.6086252927780151,0.19058671593666077,0.20395706593990326,0.19808416068553925,0.19388368725776672,0.21348832547664642
CY25-05_1-#20,34,36,early,0.7928464412689209,1.9964417219161987,0.015353625640273094,1.3855568170547485,1.6087157726287842,0.19707319140434265,0.20678500831127167,0.18891356885433197,0.1970968097448349,0.21013143658638
CY25-05_1-#20,35,37,early,0.7922295331954956,1.99632728099823,0.015789354220032692,1.3851747512817383,1.608386754989624,0.19779473543167114,0.20738892257213593,0.19026923179626465,0.19091922044754028,0.2136278748512268
CY25-05_1-#20,36,38,early,0.7864458560943604,1.9950462579727173,0.020579230040311813,1.385064721107483,1.6079522371292114,0.20106372237205505,0.21302519738674164,0.18342775106430054,0.192808598279953,0.2096746861934662
CY25-05_1-#20,37,39,early,0.792633593082428,1.9968658685684204,0.013715221546590328,1.3849389553070068,1.6082144975662231,0.19403749704360962,0.20704145729541779,0.19249321520328522,0.19033251702785492,0.21609537303447723
CY25-05_1-#20,38,40,early,0.7916006445884705,1.9958622455596924,0.017560824751853943,1.3854577541351318,1.6085844039916992,0.1988711804151535,0.20796820521354675,0.18867237865924835,0.1939338594675064,0.21055442094802856
CY25-05_1-#20,39,41,early,0.7898734211921692,1.996070146560669,0.016787657514214516,1.3856182098388672,1.608615756034851,0.19738146662712097,0.20971371233463287,0.19003279507160187,0.19353578984737396,0.20933625102043152
CY25-05_1-#20,40,42,early,0.7911515235900879,1.996525764465332,0.01504686288535595,1.385324478149414,1.608452558517456,0.1956309676170349,0.2084856927394867,0.1909191608428955,0.19222360849380493,0.21274058520793915
CY25-05_1-#20,41,43,early,0.7887899279594421,1.9973338842391968,0.011893367394804955,1.3843047618865967,1.6075050830841064,0.19094394147396088,0.2109285295009613,0.19003258645534515,0.18909040093421936,0.2190045565366745
CY25-05_1-#20,42,44,early,0.7912946343421936,1.9961707592010498,0.016398750245571136,1.3855541944503784,1.608643651008606,0.1964741051197052,0.20830577611923218,0.1902286857366562,0.1944558024406433,0.2105356901884079
CY25-05_1-#20,43,45,early,0.7929904460906982,1.9954743385314941,0.0190112367272377,1.3860055208206177,1.6090786457061768,0.1996050477027893,0.20654112100601196,0.191278338432312,0.19805628061294556,0.20451918244361877
CY25-05_1-#20,44,46,early,0.7896633744239807,1.996335744857788,0.015782618895173073,1.385252594947815,1.6083136796951294,0.19665145874023438,0.2099512666463852,0.18714816868305206,0.1943187266588211,0.21193037927150726
CY25-05_1-#20,45,47,early,0.7872979640960693,1.9952045679092407,0.02000558376312256,1.3853957653045654,1.6082756519317627,0.2008390575647354,0.21219204366207123,0.1841231882572174,0.19613857567310333,0.2067071944475174
CY25-05_1-#20,46,48,early,0.7881401777267456,1.9938304424285889,0.0249580480158329,1.3854191303253174,1.6083619594573975,0.20377708971500397,0.21120628714561462,0.1855825036764145,0.19340886175632477,0.20602519810199738
CY25-05_1-#20,47,49,middle,0.7867810726165771,1.995937466621399,0.017284873872995377,1.3848636150360107,1.6078128814697266,0.19712325930595398,0.21278582513332367,0.18693223595619202,0.18924565613269806,0.21391306817531586
CY25-05_1-#20,48,50,middle,0.7890079021453857,1.9933431148529053,0.026630979031324387,1.3859153985977173,1.6088095903396606,0.20377686619758606,0.2102898210287094,0.18954433500766754,0.19544824957847595,0.20094068348407745
CY25-05_1-#20,49,51,middle,0.7876318097114563,1.9944168329238892,0.022851306945085526,1.3851306438446045,1.6080957651138306,0.20245978236198425,0.21177534759044647,0.18409892916679382,0.1926449090242386,0.20902098715305328
CY25-05_1-#20,50,52,middle,0.7940382957458496,1.9968466758728027,0.01378270611166954,1.3854997158050537,1.6087112426757812,0.1915791928768158,0.20563697814941406,0.19670112431049347,0.1940900683403015,0.21199263632297516
CY25-05_1-#20,51,53,middle,0.7920022010803223,1.9968726634979248,0.013701836578547955,1.3855451345443726,1.6086647510528564,0.19151698052883148,0.20767256617546082,0.19707144796848297,0.19281409680843353,0.2109249085187912
CY25-05_1-#20,52,54,middle,0.7957780361175537,1.9969263076782227,0.013470705598592758,1.3856234550476074,1.6088573932647705,0.18996363878250122,0.20390810072422028,0.20259028673171997,0.19461022317409515,0.20892773568630219
CY25-05_1-#20,53,55,middle,0.7967622876167297,1.996087908744812,0.016680791974067688,1.3860985040664673,1.6092578172683716,0.19410330057144165,0.2028401643037796,0.20021195709705353,0.19789135456085205,0.2049531638622284
CY25-05_1-#20,54,56,middle,0.792525053024292,1.9963363409042358,0.01576746068894863,1.3854416608810425,1.608608603477478,0.19296878576278687,0.20709487795829773,0.19972559809684753,0.1893383264541626,0.21087241172790527
CY25-05_1-#20,55,57,middle,0.7904936075210571,1.9964284896850586,0.015424643643200397,1.385194182395935,1.6083133220672607,0.19192567467689514,0.20913226902484894,0.1962805539369583,0.18937502801418304,0.21328647434711456
CY25-05_1-#20,56,58,middle,0.7870785593986511,1.996336579322815,0.01577884703874588,1.3851141929626465,1.6080290079116821,0.1937028467655182,0.2125314474105835,0.1908389925956726,0.18958941102027893,0.2133372575044632
CY25-05_1-#20,57,59,middle,0.7905495166778564,1.9959994554519653,0.017061587423086166,1.385833978652954,1.6088244915008545,0.1955033242702484,0.20903152227401733,0.19364690780639648,0.19374582171440125,0.2080724537372589
CY25-05_1-#20,58,60,middle,0.7934697866439819,1.995572805404663,0.018629983067512512,1.385962724685669,1.6090631484985352,0.19655412435531616,0.20607304573059082,0.19537284970283508,0.194743350148201,0.20725664496421814
CY25-05_1-#20,59,61,middle,0.7908188104629517,1.9958969354629517,0.017425263300538063,1.3854732513427734,1.6085563898086548,0.19574347138404846,0.20875205099582672,0.19074369966983795,0.19336915016174316,0.2113916128873825
CY25-05_1-#20,60,62,middle,0.7877987027168274,1.9952465295791626,0.01985972188413143,1.3856680393218994,1.6085257530212402,0.19777323305606842,0.21169695258140564,0.18855136632919312,0.194261372089386,0.20771709084510803
CY25-05_1-#20,61,63,middle,0.7932601571083069,1.993714690208435,0.025372104719281197,1.3861758708953857,1.6092290878295898,0.20124657452106476,0.20609012246131897,0.19334785640239716,0.20003248751163483,0.1992829591035843
CY25-05_1-#20,62,64,middle,0.7884214520454407,1.9948630332946777,0.021261950954794884,1.3858087062835693,1.6086821556091309,0.19814978539943695,0.2110351175069809,0.18956977128982544,0.19479148089885712,0.2064538449048996
CY25-05_1-#20,63,65,middle,0.7894237637519836,1.9934883117675781,0.026151057332754135,1.3859885931015015,1.608893632888794,0.20069535076618195,0.20989063382148743,0.1928328424692154,0.19269581139087677,0.20388536155223846
CY25-05_1-#20,64,66,middle,0.7879278659820557,1.9943219423294067,0.023200592026114464,1.3856679201126099,1.6085395812988281,0.19877032935619354,0.21147003769874573,0.19113986194133759,0.19072280824184418,0.20789694786071777
CY25-05_1-#20,65,67,middle,0.7889158129692078,1.9934420585632324,0.02631145343184471,1.3857699632644653,1.6086905002593994,0.20065069198608398,0.2103920429944992,0.1910351663827896,0.19161204993724823,0.20631007850170135
CY25-05_1-#20,66,68,middle,0.7888544201850891,1.9941582679748535,0.023778438568115234,1.3856245279312134,1.6085684299468994,0.19885234534740448,0.21052885055541992,0.1915387511253357,0.19048292934894562,0.20859713852405548
CY25-05_1-#20,67,69,middle,0.7893446087837219,1.9946610927581787,0.02200283110141754,1.3860950469970703,1.6089684963226318,0.19684721529483795,0.21009305119514465,0.19243139028549194,0.1972007006406784,0.20342764258384705
CY25-05_1-#20,68,70,middle,0.7878965139389038,1.9930577278137207,0.027672823518514633,1.3857722282409668,1.6086281538009644,0.20065009593963623,0.21136726438999176,0.1900445520877838,0.1921413391828537,0.20579679310321808
CY25-05_1-#20,69,71,middle,0.791898250579834,1.994307518005371,0.023260481655597687,1.3860230445861816,1.6090493202209473,0.1978648602962494,0.20750944316387177,0.19602547585964203,0.19305534660816193,0.2055448591709137
CY25-05_1-#20,70,72,middle,0.7894023656845093,1.992807388305664,0.028509221971035004,1.3861351013183594,1.6090117692947388,0.19997255504131317,0.20984026789665222,0.19436094164848328,0.19379226863384247,0.20203399658203125
CY25-05_1-#20,71,73,middle,0.7833062410354614,1.991922378540039,0.03155210614204407,1.3853859901428223,1.6079554557800293,0.2030724436044693,0.2158185839653015,0.18350787460803986,0.19347642362117767,0.20412464439868927
CY25-05_1-#20,72,74,middle,0.7873494625091553,1.9921462535858154,0.030821293592453003,1.3858321905136108,1.608642339706421,0.20230285823345184,0.2118154913187027,0.18825951218605042,0.19478964805603027,0.20283256471157074
CY25-05_1-#20,73,75,middle,0.7866252660751343,1.9925137758255005,0.029565149918198586,1.3858710527420044,1.608616590499878,0.20218169689178467,0.21257606148719788,0.1882651448249817,0.19505628943443298,0.20192080736160278
CY25-05_1-#20,74,76,middle,0.7835568785667419,1.9918904304504395,0.0316888689994812,1.3856723308563232,1.6082048416137695,0.20184485614299774,0.21556547284126282,0.18549343943595886,0.19446220993995667,0.2026340216398239
CY25-05_1-#20,75,77,middle,0.7843685150146484,1.9929487705230713,0.02805066481232643,1.385556697845459,1.6081794500350952,0.20109881460666656,0.21487124264240265,0.1849847137928009,0.19430552423000336,0.2047397494316101
CY25-05_1-#20,76,78,middle,0.7876837849617004,1.9944758415222168,0.022661853581666946,1.3858921527862549,1.6086978912353516,0.19863493740558624,0.21172977983951569,0.1909305453300476,0.19324764609336853,0.20545704662799835
CY25-05_1-#20,77,79,middle,0.7920590043067932,1.9939566850662231,0.024499250575900078,1.3861877918243408,1.6091880798339844,0.1976514309644699,0.2073126882314682,0.19809590280056,0.19440887868404388,0.202531099319458
CY25-05_1-#20,78,80,middle,0.7871707081794739,1.9959713220596313,0.017177505418658257,1.3854074478149414,1.6082689762115479,0.19263680279254913,0.21240057051181793,0.19325563311576843,0.1904768943786621,0.2112300992012024
CY25-05_1-#20,79,81,middle,0.7937923073768616,1.9946280717849731,0.022113220766186714,1.3861405849456787,1.609217643737793,0.19611455500125885,0.2056538313627243,0.19943897426128387,0.1949213445186615,0.20387127995491028
CY25-05_1-#20,80,82,middle,0.7867444157600403,1.9947011470794678,0.021862201392650604,1.3858628273010254,1.6086044311523438,0.19551143050193787,0.2126905769109726,0.19238919019699097,0.1927652657032013,0.20664353668689728
CY25-05_1-#20,81,83,middle,0.7916205525398254,1.9917250871658325,0.03223591670393944,1.386193871498108,1.6091811656951904,0.20195098221302032,0.20751728117465973,0.19473667442798615,0.19966168701648712,0.19613340497016907
CY25-05_1-#20,82,84,middle,0.7883431911468506,1.991379737854004,0.033428072929382324,1.3861463069915771,1.6089630126953125,0.20151539146900177,0.21074455976486206,0.19198322296142578,0.19806073606014252,0.19769610464572906
CY25-05_1-#20,83,85,middle,0.7835783958435059,1.992316722869873,0.03024321235716343,1.3859663009643555,1.6084346771240234,0.19930732250213623,0.2155902087688446,0.18813472986221313,0.19570006430149078,0.20126771926879883
CY25-05_1-#20,84,86,middle,0.7903099060058594,1.988800048828125,0.041935764253139496,1.3856854438781738,1.6087260246276855,0.20578348636627197,0.20851585268974304,0.19183051586151123,0.2037217617034912,0.19014835357666016
CY25-05_1-#20,85,87,middle,0.7907204031944275,1.9924733638763428,0.02970464527606964,1.3862383365631104,1.6091699600219727,0.20014230906963348,0.20849202573299408,0.19453704357147217,0.19906370341777802,0.19776494801044464
CY25-05_1-#20,86,88,middle,0.7849041223526001,1.992016315460205,0.03126009553670883,1.3858498334884644,1.6084630489349365,0.20071090757846832,0.214237242937088,0.18904687464237213,0.19250071048736572,0.20350423455238342
CY25-05_1-#20,87,89,middle,0.782291054725647,1.988793134689331,0.041950494050979614,1.3853172063827515,1.6078293323516846,0.20584291219711304,0.2164890319108963,0.18304935097694397,0.19318096339702606,0.20143772661685944
CY25-05_1-#20,88,90,middle,0.7850326299667358,1.9888584613800049,0.04165687784552574,1.3859142065048218,1.6085463762283325,0.2041146159172058,0.2137698382139206,0.18930357694625854,0.19398659467697144,0.198825404047966
CY25-05_1-#20,89,91,middle,0.797034502029419,1.9945350885391235,0.02243393287062645,1.3861442804336548,1.609298825263977,0.1948716938495636,0.20241092145442963,0.20461846888065338,0.19864661991596222,0.19945229589939117
CY25-05_1-#20,90,92,middle,0.7906048893928528,1.9955050945281982,0.01891496777534485,1.3860206604003906,1.6089760065078735,0.19250784814357758,0.20892451703548431,0.19923262298107147,0.19474312663078308,0.20459187030792236
CY25-05_1-#20,91,93,middle,0.7924386262893677,1.9944541454315186,0.022753989323973656,1.3862507343292236,1.6092534065246582,0.19528259336948395,0.20698580145835876,0.20005179941654205,0.19838933646678925,0.1992904394865036
CY25-05_1-#20,92,94,middle,0.7881399989128113,1.9949909448623657,0.020813152194023132,1.3860492706298828,1.6088511943817139,0.19287817180156708,0.211329385638237,0.1968141496181488,0.194668248295784,0.20431004464626312
CY25-05_1-#20,93,95,middle,0.7920596599578857,1.9952521324157715,0.01985999010503292,1.3861143589019775,1.6091254949569702,0.19240157306194305,0.20744669437408447,0.20126238465309143,0.19726312160491943,0.20162630081176758
CY25-05_1-#20,94,96,late,0.7893509864807129,1.9942493438720703,0.023479782044887543,1.386244773864746,1.6090888977050781,0.19550201296806335,0.21004334092140198,0.19641666114330292,0.19741953909397125,0.20061849057674408
CY25-05_1-#20,95,97,late,0.7906501293182373,1.9925053119659424,0.029587946832180023,1.3862342834472656,1.6091620922088623,0.19882285594940186,0.2085653692483902,0.19776751101016998,0.19441834092140198,0.200425922870636
CY25-05_1-#20,96,98,late,0.7865303158760071,1.993643879890442,0.025623224675655365,1.3859608173370361,1.6086722612380981,0.19558876752853394,0.21279124915599823,0.19485963881015778,0.19153384864330292,0.20522654056549072
CY25-05_1-#20,97,99,late,0.7893528342247009,1.990059494972229,0.03781063109636307,1.3862090110778809,1.6090819835662842,0.20189706981182098,0.20960019528865814,0.19502823054790497,0.19766202569007874,0.1958124339580536
CY25-05_1-#20,98,100,late,0.7898410558700562,1.9887049198150635,0.04220866411924362,1.3860682249069214,1.6090037822723389,0.20418177545070648,0.20897206664085388,0.19524110853672028,0.19882811605930328,0.19277691841125488
CY25-05_1-#20,99,101,late,0.7845379114151001,1.9904693365097046,0.03647866100072861,1.3859481811523438,1.608522653579712,0.20034228265285492,0.21443533897399902,0.1888214349746704,0.19443655014038086,0.20196440815925598
CY25-05_1-#20,100,102,late,0.7854444980621338,1.9891492128372192,0.04078850895166397,1.3861395120620728,1.6087594032287598,0.20198877155780792,0.21339145302772522,0.19214217364788055,0.196928009390831,0.1955496221780777
CY25-05_1-#20,101,103,late,0.7945166230201721,1.9944381713867188,0.022819759324193,1.3860948085784912,1.609205961227417,0.19383056461811066,0.2049119472503662,0.20409364998340607,0.20078423619270325,0.1963796317577362
CY25-05_1-#20,102,104,late,0.7915416955947876,1.9947013854980469,0.021869435906410217,1.3861932754516602,1.6091666221618652,0.1934533268213272,0.20790603756904602,0.2006065398454666,0.19979000091552734,0.1982441246509552
CY25-05_1-#20,103,105,late,0.7921800017356873,1.9953992366790771,0.01931644044816494,1.3861204385757446,1.609135389328003,0.19201059639453888,0.20734193921089172,0.20047996938228607,0.1989019513130188,0.20126546919345856
CY25-05_1-#20,104,106,late,0.7916823625564575,1.9941070079803467,0.023982513695955276,1.3861078023910522,1.609107255935669,0.19441325962543488,0.2077038288116455,0.20274518430233002,0.19421230256557465,0.20092545449733734
CY25-05_1-#20,105,107,late,0.7924120426177979,1.9947035312652588,0.021854132413864136,1.3860340118408203,1.6090790033340454,0.1935252696275711,0.20703820884227753,0.2018854171037674,0.19401316344738007,0.2035379260778427
CY25-05_1-#20,106,108,late,0.7920776605606079,1.99411940574646,0.023958416655659676,1.3862082958221436,1.6092050075531006,0.19502365589141846,0.2073109745979309,0.20089653134346008,0.19622963666915894,0.2005392462015152
CY25-05_1-#20,107,109,late,0.789824903011322,1.9915426969528198,0.032867781817913055,1.386258840560913,1.6091423034667969,0.19804005324840546,0.20928634703159332,0.20029142498970032,0.1964714527130127,0.1959107518196106
CY25-05_1-#20,108,110,late,0.7857475876808167,1.9905036687850952,0.036353979259729385,1.3862528800964355,1.6088643074035645,0.1990722268819809,0.21323509514331818,0.19412799179553986,0.19593220949172974,0.19763247668743134
CY25-05_1-#20,109,111,late,0.7862956523895264,1.9894075393676758,0.039959944784641266,1.3862149715423584,1.608886957168579,0.2000117003917694,0.21257250010967255,0.1934310495853424,0.1983531266450882,0.19563163816928864
CY25-05_1-#20,110,112,late,0.786858856678009,1.9905827045440674,0.03613659739494324,1.386240839958191,1.6089417934417725,0.19873827695846558,0.21213753521442413,0.19374100863933563,0.1987069994211197,0.19667616486549377
CY25-05_1-#20,111,113,late,0.7866479158401489,1.9858838319778442,0.051132313907146454,1.3861483335494995,1.6088802814483643,0.20287857949733734,0.2118462175130844,0.19417978823184967,0.1943276822566986,0.19676771759986877
CY25-05_1-#20,112,114,late,0.7849486470222473,1.9910728931427002,0.034456342458724976,1.3862254619598389,1.608773112297058,0.19776080548763275,0.2140914648771286,0.19252222776412964,0.19726230204105377,0.19836322963237762
CY25-05_1-#20,113,115,late,0.7850015759468079,1.9852604866027832,0.05307726189494133,1.3860160112380981,1.6086534261703491,0.20419371128082275,0.21341393887996674,0.1909998506307602,0.19510284066200256,0.19628967344760895
CY25-05_1-#20,114,116,late,0.7897477149963379,1.9923131465911865,0.030273884534835815,1.386268973350525,1.6091428995132446,0.19617441296577454,0.20944420993328094,0.1999160200357437,0.1970777064561844,0.1973876655101776
CY25-05_1-#20,115,117,late,0.7877965569496155,1.9926203489303589,0.029221348464488983,1.3862602710723877,1.609009861946106,0.1952528953552246,0.2114204466342926,0.19962961971759796,0.1964169442653656,0.19728009402751923
CY25-05_1-#20,116,118,late,0.7927592992782593,1.9937586784362793,0.025244731456041336,1.386016607284546,1.6090843677520752,0.19289281964302063,0.20659397542476654,0.20575834810733795,0.19682709872722626,0.19792777299880981
CY25-05_1-#20,117,119,late,0.7902843952178955,1.9917750358581543,0.032110970467329025,1.3861695528030396,1.6090983152389526,0.1960294395685196,0.20885314047336578,0.20223094522953033,0.1989012062549591,0.19398528337478638
CY25-05_1-#20,118,120,late,0.7892202138900757,1.9905705451965332,0.0361781045794487,1.38617742061615,1.609050989151001,0.19893915951251984,0.20978599786758423,0.1966976523399353,0.2013644427061081,0.19321276247501373
CY25-05_1-#20,119,121,late,0.7837827205657959,1.9850704669952393,0.05370707809925079,1.3859119415283203,1.6084723472595215,0.204325333237648,0.2146032750606537,0.18873830139636993,0.1966795027256012,0.19565358757972717
CY25-05_1-#20,120,122,late,0.7852104902267456,1.990465760231018,0.036522217094898224,1.3862236738204956,1.608801007270813,0.19772617518901825,0.21376557648181915,0.19405598938465118,0.19977153837680817,0.19468070566654205
CY25-05_1-#20,121,123,late,0.784752607345581,1.9852505922317505,0.053160905838012695,1.3860822916030884,1.608689308166504,0.2031407505273819,0.21366000175476074,0.19176845252513885,0.19654913246631622,0.1948816180229187
CY25-05_1-#20,122,124,late,0.7929437756538391,1.9930553436279297,0.027721378952264786,1.3859375715255737,1.6090326309204102,0.1936846673488617,0.20633727312088013,0.20641928911209106,0.19994860887527466,0.19361014664173126
CY25-05_1-#20,123,125,late,0.7818114757537842,1.984501838684082,0.05544380098581314,1.3859708309173584,1.6083414554595947,0.2024368792772293,0.2164977490901947,0.18821147084236145,0.1967468112707138,0.19610707461833954
CY25-05_1-#20,124,126,late,0.790567934513092,1.9919400215148926,0.031569704413414,1.3860948085784912,1.6090551614761353,0.19492365419864655,0.20858806371688843,0.20240695774555206,0.20094960927963257,0.1931317150592804
CY25-05_1-#20,125,127,late,0.7897299528121948,1.992109775543213,0.03100280836224556,1.3861922025680542,1.609084129333496,0.19515126943588257,0.20944051444530487,0.2008451223373413,0.19995465874671936,0.19460846483707428
CY25-05_1-#20,126,128,late,0.7899134755134583,1.9901401996612549,0.037569571286439896,1.3862290382385254,1.6091318130493164,0.1977103054523468,0.20905081927776337,0.20140241086483002,0.195232555270195,0.19660387933254242
CY25-05_1-#20,127,129,late,0.7880755066871643,1.988776445388794,0.04205677658319473,1.3862754106521606,1.6090651750564575,0.19954539835453033,0.21073520183563232,0.1968979835510254,0.19656886160373688,0.19625252485275269
CY25-05_1-#20,128,130,late,0.7888333201408386,1.9861633777618408,0.05030432343482971,1.386062502861023,1.6089619398117065,0.2010664939880371,0.20970577001571655,0.20078213512897491,0.19794538617134094,0.19050021469593048
CY25-05_1-#20,129,131,late,0.7901925444602966,1.989370346069336,0.040098320692777634,1.3861364126205444,1.6090807914733887,0.19790948927402496,0.20869237184524536,0.20234738290309906,0.19850251078605652,0.19254828989505768
CY25-05_1-#20,130,132,late,0.786553144454956,1.9857845306396484,0.05145769566297531,1.3861078023910522,1.6088519096374512,0.20069216191768646,0.21192973852157593,0.19804954528808594,0.19867664575576782,0.19065190851688385
CY25-05_1-#20,131,133,late,0.7839719653129578,1.9848079681396484,0.05448709428310394,1.3861708641052246,1.6086997985839844,0.2012195885181427,0.21438708901405334,0.19277648627758026,0.19709450006484985,0.19452232122421265
CY25-05_1-#20,132,134,late,0.7831829190254211,1.9855456352233887,0.05225418135523796,1.3861852884292603,1.6086351871490479,0.19984076917171478,0.21525011956691742,0.19162297248840332,0.19709636270999908,0.1961897909641266
CY25-05_1-#20,133,135,late,0.7925765514373779,1.992092490196228,0.03105391189455986,1.3858318328857422,1.6089396476745605,0.19358691573143005,0.20660334825515747,0.20664601027965546,0.20140565931797028,0.19175806641578674
CY25-05_1-#20,134,136,late,0.79195636510849,1.990067720413208,0.037871189415454865,1.3860958814620972,1.6091300249099731,0.19778892397880554,0.20701046288013458,0.20308560132980347,0.19982239603996277,0.19229263067245483
CY25-05_1-#20,135,137,late,0.7934059500694275,1.9897533655166626,0.03883642703294754,1.385677456855774,1.608856201171875,0.19670049846172333,0.20553560554981232,0.20904035866260529,0.19912435114383698,0.18959921598434448
CY25-05_1-#20,136,138,late,0.7905972003936768,1.9875147342681885,0.04607319459319115,1.3858616352081299,1.6088969707489014,0.19896918535232544,0.20809558033943176,0.2036551684141159,0.20085546374320984,0.18842460215091705
CY25-05_1-#20,137,139,late,0.7845985293388367,1.984591007232666,0.055193908512592316,1.386096715927124,1.6087048053741455,0.1999264806509018,0.21374191343784332,0.19516019523143768,0.20031200349330902,0.1908593773841858
CY25-05_1-#20,138,140,late,0.786612868309021,1.9932047128677368,0.027149349451065063,1.3840198516845703,1.6071616411209106,0.19386543333530426,0.21266210079193115,0.17962318658828735,0.1969984471797943,0.2168508619070053
CY25-05_1-#20,139,141,late,0.7856846451759338,1.9828368425369263,0.06055143475532532,1.3859246969223022,1.6086750030517578,0.20054922997951508,0.21247617900371552,0.19632986187934875,0.20212221145629883,0.18852250277996063
CY25-05_1-#20,140,142,late,0.7856945991516113,1.9855577945709229,0.052225545048713684,1.3861727714538574,1.6088447570800781,0.1988053321838379,0.212757870554924,0.19625945389270782,0.20002269744873047,0.192154660820961
CY25-05_1-#21,0,2,early,0.8177152276039124,1.998800277709961,0.005811684299260378,1.3838410377502441,1.606414556503296,0.181558296084404,0.1821754276752472,0.21994535624980927,0.20545484125614166,0.21086612343788147
CY25-05_1-#21,1,3,early,0.8122560977935791,1.9991298913955688,0.004350285045802593,1.3828880786895752,1.6061882972717285,0.17837445437908173,0.18766222894191742,0.21086470782756805,0.19935797154903412,0.22374065220355988
CY25-05_1-#21,2,4,early,0.8107024431228638,1.9989566802978516,0.005135334096848965,1.3842003345489502,1.6073713302612305,0.18526104092597961,0.1891988217830658,0.20808963477611542,0.1968519538640976,0.2205985188484192
CY25-05_1-#21,3,5,early,0.8109369277954102,1.9990779161453247,0.004590903874486685,1.3831664323806763,1.6065165996551514,0.17930342257022858,0.18897590041160583,0.2112807035446167,0.19830161333084106,0.2221384197473526
CY25-05_1-#21,4,6,early,0.8152404427528381,1.999098539352417,0.004486835561692715,1.3815381526947021,1.604811429977417,0.17473535239696503,0.18467627465724945,0.22000816464424133,0.19679498672485352,0.22378523647785187
CY25-05_1-#21,5,7,early,0.8106200098991394,1.9989559650421143,0.005131297279149294,1.3832738399505615,1.606626033782959,0.18213637173175812,0.1892811357975006,0.21039895713329315,0.1944667100906372,0.22371679544448853
CY25-05_1-#21,6,8,early,0.8129056096076965,1.999153733253479,0.004243524745106697,1.3816519975662231,1.6051280498504639,0.1749299168586731,0.18701522052288055,0.2181389331817627,0.19583269953727722,0.22408325970172882
CY25-05_1-#21,7,9,early,0.805101215839386,1.9989733695983887,0.005061224102973938,1.3837502002716064,1.6073064804077148,0.1857307404279709,0.19479873776435852,0.19805212318897247,0.19642747938632965,0.22499088943004608
CY25-05_1-#21,8,10,early,0.807158350944519,1.99888014793396,0.0054697622545063496,1.3841477632522583,1.6075400114059448,0.18505717813968658,0.19273369014263153,0.2026163935661316,0.19766147434711456,0.22193124890327454
CY25-05_1-#21,9,11,early,0.8050007224082947,1.9989197254180908,0.005297897383570671,1.3838592767715454,1.6073973178863525,0.18451857566833496,0.1948939561843872,0.20057697594165802,0.19652174413204193,0.22348874807357788
CY25-05_1-#21,10,12,early,0.8094791173934937,1.9989721775054932,0.0050562908872962,1.3829126358032227,1.6064109802246094,0.1806824505329132,0.19042296707630157,0.20899902284145355,0.19446389377117157,0.2254316210746765
CY25-05_1-#21,11,13,early,0.8141810894012451,1.9988298416137695,0.005668608471751213,1.3829762935638428,1.606086015701294,0.1796766221523285,0.18571019172668457,0.21720637381076813,0.1969141811132431,0.22049261629581451
CY25-05_1-#21,12,14,early,0.8129963874816895,1.9989826679229736,0.005006239749491215,1.3822306394577026,1.6055891513824463,0.17728789150714874,0.18690848350524902,0.2182493954896927,0.19521771371364594,0.22233650088310242
CY25-05_1-#21,13,15,early,0.8101790547370911,1.9990055561065674,0.004903221502900124,1.3832143545150757,1.6066086292266846,0.17918618023395538,0.1897265613079071,0.21084995567798615,0.19847622513771057,0.22176110744476318
CY25-05_1-#21,14,16,early,0.8008922338485718,1.9986605644226074,0.006442558020353317,1.3847712278366089,1.6082170009613037,0.18973931670188904,0.19897441565990448,0.19584766030311584,0.1964387148618698,0.2189999222755432
CY25-05_1-#21,15,17,early,0.805044949054718,1.9985427856445312,0.00693707587197423,1.3852078914642334,1.6084802150726318,0.19023022055625916,0.19481301307678223,0.20034189522266388,0.19839686155319214,0.2162179797887802
CY25-05_1-#21,16,18,early,0.8009631633758545,1.9987236261367798,0.006164310500025749,1.3846030235290527,1.6080816984176636,0.18902848660945892,0.19890981912612915,0.19608627259731293,0.195984348654747,0.21999099850654602
CY25-05_1-#21,17,19,early,0.8004565238952637,1.9987144470214844,0.006204346194863319,1.3837778568267822,1.6074248552322388,0.18912531435489655,0.19941522181034088,0.19764065742492676,0.18953239917755127,0.22428637742996216
CY25-05_1-#21,18,20,early,0.8118277192115784,1.998800277709961,0.005805052351206541,1.382906436920166,1.6062346696853638,0.18024417757987976,0.18805940449237823,0.21727168560028076,0.19396328926086426,0.22046144306659698
CY25-05_1-#21,19,21,early,0.8039206266403198,1.9989981651306152,0.004953464493155479,1.3834943771362305,1.607137680053711,0.18265224993228912,0.19598115980625153,0.2030821442604065,0.19433462619781494,0.22394981980323792
CY25-05_1-#21,20,22,early,0.8076497316360474,1.9984664916992188,0.00725891999900341,1.3848069906234741,1.6080458164215088,0.1892995685338974,0.19220277667045593,0.2076246291399002,0.1938251256942749,0.21704789996147156
CY25-05_1-#21,21,23,early,0.8031514286994934,1.9986631870269775,0.0064280396327376366,1.3844876289367676,1.607954740524292,0.188374862074852,0.19671699404716492,0.20253725349903107,0.19252213835716248,0.21984876692295074
CY25-05_1-#21,22,24,early,0.8062331676483154,1.9988380670547485,0.005655072629451752,1.3832749128341675,1.6068779230117798,0.18423953652381897,0.19365425407886505,0.20695684850215912,0.1904321312904358,0.22471722960472107
CY25-05_1-#21,23,25,early,0.8001208901405334,1.9984478950500488,0.007346147205680609,1.3847583532333374,1.6082112789154053,0.19148311018943787,0.1997239887714386,0.1953219175338745,0.19418013095855713,0.2192908227443695
CY25-05_1-#21,24,26,early,0.7997557520866394,1.9986375570297241,0.006531805731356144,1.3840980529785156,1.6076842546463013,0.190164253115654,0.20010784268379211,0.19252744317054749,0.19415080547332764,0.22304964065551758
CY25-05_1-#21,25,27,early,0.800017237663269,1.998522400856018,0.007032484281808138,1.384899616241455,1.6083245277404785,0.1910090148448944,0.19983501732349396,0.19464260339736938,0.19633693993091583,0.21817640960216522
CY25-05_1-#21,26,28,early,0.8088556528091431,1.9988090991973877,0.00576713215559721,1.3835161924362183,1.6069364547729492,0.18021878600120544,0.19103053212165833,0.21292757987976074,0.19705574214458466,0.21876735985279083
CY25-05_1-#21,27,29,early,0.7995886206626892,1.9983808994293213,0.007635030895471573,1.3852274417877197,1.6085867881774902,0.191555455327034,0.20024912059307098,0.1963043063879013,0.19620749354362488,0.21568362414836884
CY25-05_1-#21,28,30,early,0.7979989647865295,1.9983527660369873,0.007751408964395523,1.3844670057296753,1.6079721450805664,0.19287142157554626,0.20183464884757996,0.19373269379138947,0.19098928570747375,0.22057195007801056
CY25-05_1-#21,29,31,early,0.8012468218803406,1.998270869255066,0.008093311451375484,1.3847877979278564,1.6082265377044678,0.19101794064044952,0.19858133792877197,0.2005367875099182,0.19150644540786743,0.21835753321647644
CY25-05_1-#21,30,32,early,0.808503270149231,1.9986835718154907,0.006313840858638287,1.3834986686706543,1.6069426536560059,0.18235093355178833,0.19137068092823029,0.21253140270709991,0.193343847990036,0.2204030603170395
CY25-05_1-#21,31,33,early,0.8057073950767517,1.9987475872039795,0.006048263516277075,1.383604884147644,1.6071648597717285,0.18224069476127625,0.19417095184326172,0.2105000913143158,0.19297780096530914,0.2201104611158371
CY25-05_1-#21,32,34,early,0.8060182929039001,1.998753547668457,0.006022583693265915,1.3833039999008179,1.606909155845642,0.18061763048171997,0.19386079907417297,0.2138853818178177,0.19280259311199188,0.21883362531661987
CY25-05_1-#21,33,35,early,0.8026665449142456,1.9982720613479614,0.008084842935204506,1.3850303888320923,1.6084001064300537,0.19062238931655884,0.19716297090053558,0.2012641876935959,0.19399522244930267,0.2169552594423294
CY25-05_1-#21,34,36,early,0.8028531670570374,1.9988398551940918,0.005646754987537861,1.3835605382919312,1.6072165966033936,0.18214882910251617,0.19703246653079987,0.2056555598974228,0.19307497143745422,0.22208818793296814
CY25-05_1-#21,35,37,early,0.7986556887626648,1.998164415359497,0.008539073169231415,1.385131597518921,1.608507752418518,0.19347286224365234,0.2011595219373703,0.19420106709003448,0.19466830790042877,0.2164982706308365
CY25-05_1-#21,36,38,early,0.8046041131019592,1.9989941120147705,0.004963715095072985,1.3830339908599854,1.6067461967468262,0.1814166158437729,0.19529761373996735,0.20662856101989746,0.1919190138578415,0.224738210439682
CY25-05_1-#21,37,39,early,0.8065195083618164,1.9987540245056152,0.006016377359628677,1.3838415145874023,1.60732102394104,0.18134160339832306,0.19335997104644775,0.21189849078655243,0.19616076350212097,0.2172391712665558
CY25-05_1-#21,38,40,early,0.806827187538147,1.9986714124679565,0.006373904179781675,1.3832550048828125,1.6068336963653564,0.18252848088741302,0.1930444836616516,0.21319709718227386,0.1904924362897873,0.220737487077713
CY25-05_1-#21,39,41,early,0.8036465644836426,1.9986021518707275,0.006681719329208136,1.3841185569763184,1.6076453924179077,0.18472446501255035,0.19621619582176208,0.20882298052310944,0.19202668964862823,0.21820968389511108
CY25-05_1-#21,40,42,early,0.8067498803138733,1.9986140727996826,0.006615820340812206,1.383351445198059,1.606914758682251,0.18238571286201477,0.1931162029504776,0.21215176582336426,0.1914425492286682,0.22090379893779755
CY25-05_1-#21,41,43,early,0.8031409382820129,1.998600721359253,0.006686083041131496,1.384023904800415,1.6075818538665771,0.18470974266529083,0.19672133028507233,0.20721465349197388,0.1917717456817627,0.21958251297473907
CY25-05_1-#21,42,44,early,0.8032582998275757,1.9984605312347412,0.007282800506800413,1.384513020515442,1.6079715490341187,0.18595828115940094,0.19659025967121124,0.20702795684337616,0.19344103336334229,0.21698243916034698
CY25-05_1-#21,43,45,early,0.8010609745979309,1.9983367919921875,0.007815954275429249,1.3851239681243896,1.608497142791748,0.18861691653728485,0.198773592710495,0.20254923403263092,0.19526681303977966,0.21479347348213196
CY25-05_1-#21,44,46,early,0.7994998097419739,1.9985144138336182,0.007059517316520214,1.3844733238220215,1.6079835891723633,0.1867893934249878,0.20035125315189362,0.1998668611049652,0.1936555802822113,0.21933695673942566
CY25-05_1-#21,45,47,early,0.7982712388038635,1.9985679388046265,0.006833638064563274,1.3843414783477783,1.6078729629516602,0.18559730052947998,0.2015843242406845,0.200288325548172,0.19316372275352478,0.21936634182929993
CY25-05_1-#21,46,48,early,0.8008556962013245,1.9983103275299072,0.007922802120447159,1.3843634128570557,1.6078898906707764,0.1876373142004013,0.1989760547876358,0.203831747174263,0.19043327867984772,0.21912159025669098
CY25-05_1-#21,47,49,middle,0.8019559979438782,1.9982200860977173,0.008298949338495731,1.3846728801727295,1.6081249713897705,0.1888955533504486,0.197867751121521,0.20425090193748474,0.19137252867221832,0.21761327981948853
CY25-05_1-#21,48,50,middle,0.8039535880088806,1.9983597993850708,0.007711042650043964,1.384580135345459,1.608007788658142,0.18772707879543304,0.19588562846183777,0.20645824074745178,0.1923438310623169,0.21758519113063812
CY25-05_1-#21,49,51,middle,0.799056887626648,1.9983986616134644,0.007552183233201504,1.3843075037002563,1.6078503131866455,0.18734309077262878,0.20078222453594208,0.20114360749721527,0.19082142412662506,0.2199096530675888
CY25-05_1-#21,50,52,middle,0.8007176518440247,1.998079776763916,0.008888356387615204,1.385224461555481,1.608580231666565,0.1904311329126358,0.19909100234508514,0.20206104218959808,0.1938629448413849,0.21455378830432892
CY25-05_1-#21,51,53,middle,0.7970935106277466,1.9981427192687988,0.008630828931927681,1.3849679231643677,1.6083598136901855,0.18991564214229584,0.20271806418895721,0.19815783202648163,0.19274850189685822,0.2164599597454071
CY25-05_1-#21,52,54,middle,0.7985453009605408,1.9980591535568237,0.00897839106619358,1.3853448629379272,1.608676552772522,0.1903761327266693,0.20125919580459595,0.20076072216033936,0.19423970580101013,0.21336427330970764
CY25-05_1-#21,53,55,middle,0.8062482476234436,1.9985129833221436,0.0070549421943724155,1.3834060430526733,1.606980323791504,0.18250374495983124,0.19360770285129547,0.2164033055305481,0.19065679609775543,0.21682840585708618
CY25-05_1-#21,54,56,middle,0.8062593936920166,1.9983381032943726,0.007798738777637482,1.384141206741333,1.6075717210769653,0.18438778817653656,0.19357962906360626,0.2162269502878189,0.19331657886505127,0.2124890685081482
CY25-05_1-#21,55,57,middle,0.8032429814338684,1.9982913732528687,0.008001873269677162,1.3847744464874268,1.6081809997558594,0.18649856746196747,0.1965889185667038,0.21008560061454773,0.1938130110502243,0.2130138874053955
CY25-05_1-#21,56,58,middle,0.8031424283981323,1.9983205795288086,0.007874163798987865,1.3847795724868774,1.6081873178482056,0.18603955209255219,0.19669227302074432,0.20990057289600372,0.19448477029800415,0.21288283169269562
CY25-05_1-#21,57,59,middle,0.8006727695465088,1.9985355138778687,0.006970621645450592,1.3844496011734009,1.6079599857330322,0.18526335060596466,0.19918127357959747,0.20471957325935364,0.19327062368392944,0.2175651490688324
CY25-05_1-#21,58,60,middle,0.8039273619651794,1.9982380867004395,0.008217188529670238,1.3849472999572754,1.608302354812622,0.18641456961631775,0.19589988887310028,0.2097967267036438,0.19602501392364502,0.21186383068561554
CY25-05_1-#21,59,61,middle,0.7974933981895447,1.998536467552185,0.006973777431994677,1.3844743967056274,1.6079707145690918,0.18552115559577942,0.2023584097623825,0.20194405317306519,0.19245822727680206,0.21771813929080963
CY25-05_1-#21,60,62,middle,0.7996023893356323,1.9980660676956177,0.008945778012275696,1.3854520320892334,1.608765721321106,0.18929114937782288,0.20020385086536407,0.20230239629745483,0.19649653136730194,0.21170608699321747
CY25-05_1-#21,61,63,middle,0.8004595041275024,1.9981409311294556,0.008633645251393318,1.3852406740188599,1.6085940599441528,0.18742825090885162,0.19935502111911774,0.20640341937541962,0.19586065411567688,0.21095265448093414
CY25-05_1-#21,62,64,middle,0.7981905937194824,1.9980406761169434,0.009055249392986298,1.3855620622634888,1.6088473796844482,0.1895601600408554,0.2016116976737976,0.20200397074222565,0.19644393026828766,0.2103802114725113
CY25-05_1-#21,63,65,middle,0.801142156124115,1.9981871843338013,0.008441183716058731,1.3852370977401733,1.608586311340332,0.18691515922546387,0.19867761433124542,0.20716388523578644,0.19696547091007233,0.21027787029743195
CY25-05_1-#21,64,66,middle,0.7987939119338989,1.9979068040847778,0.00960091594606638,1.3852571249008179,1.6086082458496094,0.19053488969802856,0.2009955197572708,0.20308063924312592,0.19223710894584656,0.21315181255340576
CY25-05_1-#21,65,67,middle,0.7991268634796143,1.997603178024292,0.01083012018352747,1.3855931758880615,1.6088781356811523,0.19154515862464905,0.20063240826129913,0.20424653589725494,0.19379445910453796,0.20978142321109772
CY25-05_1-#21,66,68,middle,0.8007879257202148,1.998295783996582,0.007983860559761524,1.3847445249557495,1.6081945896148682,0.1848229169845581,0.19904232025146484,0.20843036472797394,0.19481196999549866,0.21289238333702087
CY25-05_1-#21,67,69,middle,0.7975432872772217,1.9984074831008911,0.00752329733222723,1.3838608264923096,1.6074817180633545,0.1841554343700409,0.20229551196098328,0.20761704444885254,0.18795545399188995,0.21797659993171692
CY25-05_1-#21,68,70,middle,0.7997922301292419,1.9981262683868408,0.008696185424923897,1.3844462633132935,1.6079607009887695,0.18634068965911865,0.2000202089548111,0.20889762043952942,0.18983736634254456,0.21490411460399628
CY25-05_1-#21,69,71,middle,0.7933605909347534,1.9975430965423584,0.011074583977460861,1.3855582475662231,1.6087299585342407,0.1938861608505249,0.2063855528831482,0.1938193440437317,0.19425678253173828,0.21165215969085693
CY25-05_1-#21,70,72,middle,0.7946287989616394,1.9975790977478027,0.010930025950074196,1.385632872581482,1.6088331937789917,0.19302088022232056,0.20512259006500244,0.19596907496452332,0.1947302520275116,0.2111572027206421
CY25-05_1-#21,71,73,middle,0.8017205595970154,1.9984554052352905,0.00730822142213583,1.3843179941177368,1.607843041419983,0.18240134418010712,0.19812631607055664,0.21000024676322937,0.19534580409526825,0.21412627398967743
CY25-05_1-#21,72,74,middle,0.7974876165390015,1.9978549480438232,0.009816406294703484,1.385221004486084,1.608567714691162,0.18921659886837006,0.20229516923427582,0.20285990834236145,0.19273404777050018,0.2128942757844925
CY25-05_1-#21,73,75,middle,0.7968946695327759,1.9977328777313232,0.0103086456656456,1.3852514028549194,1.6085829734802246,0.1908665895462036,0.20287509262561798,0.1988181173801422,0.1931358128786087,0.21430440247058868
CY25-05_1-#21,74,76,middle,0.7924371361732483,1.9973632097244263,0.011791719123721123,1.3855695724487305,1.6087017059326172,0.19364790618419647,0.2072892189025879,0.1928299516439438,0.19499711692333221,0.21123576164245605
CY25-05_1-#21,75,77,middle,0.8016133308410645,1.9982103109359741,0.008344490081071854,1.384569764137268,1.6080456972122192,0.18534012138843536,0.19820913672447205,0.21148580312728882,0.19263772666454315,0.21232721209526062
CY25-05_1-#21,76,78,middle,0.7955411672592163,1.9974966049194336,0.011261248961091042,1.3858426809310913,1.6090257167816162,0.19266699254512787,0.20420290529727936,0.19808942079544067,0.1962960809469223,0.20874455571174622
CY25-05_1-#21,77,79,middle,0.8000110387802124,1.9977824687957764,0.010112707503139973,1.385787010192871,1.6090335845947266,0.19117490947246552,0.19976720213890076,0.20334643125534058,0.1975625455379486,0.20814888179302216
CY25-05_1-#21,78,80,middle,0.7982553839683533,1.998053789138794,0.009001685306429863,1.3852331638336182,1.6085855960845947,0.1881825476884842,0.20154829323291779,0.20354481041431427,0.19431406259536743,0.21241028606891632
CY25-05_1-#21,79,81,middle,0.7963820099830627,1.9982143640518188,0.008339067921042442,1.3849520683288574,1.6083343029022217,0.18659479916095734,0.20343619585037231,0.20293939113616943,0.1931145340204239,0.21391510963439941
CY25-05_1-#21,80,82,middle,0.7996695637702942,1.9982424974441528,0.008218652568757534,1.3847713470458984,1.6082205772399902,0.18503068387508392,0.2001543939113617,0.20898738503456116,0.1938917189836502,0.2119358330965042
CY25-05_1-#21,81,83,middle,0.7963132858276367,1.9973764419555664,0.011735083535313606,1.385633945465088,1.6088775396347046,0.1924171894788742,0.2034195363521576,0.20186735689640045,0.1925172209739685,0.20977863669395447
CY25-05_1-#21,82,84,middle,0.7937609553337097,1.9975045919418335,0.011222031898796558,1.3852155208587646,1.6084730625152588,0.19137781858444214,0.20598170161247253,0.19853931665420532,0.19049304723739624,0.21360808610916138
CY25-05_1-#21,83,85,middle,0.8026295900344849,1.9984056949615479,0.0075262379832565784,1.3839828968048096,1.6075583696365356,0.1825459599494934,0.1972130835056305,0.21531307697296143,0.19267703592777252,0.21225088834762573
CY25-05_1-#21,84,86,middle,0.7934500575065613,1.997126817703247,0.012713221833109856,1.385676383972168,1.6088284254074097,0.19227179884910583,0.20625323057174683,0.20110000669956207,0.19171953201293945,0.2086554616689682
CY25-05_1-#21,85,87,middle,0.8057465553283691,1.9983270168304443,0.007853494957089424,1.3841369152069092,1.6075890064239502,0.18328529596328735,0.19409094750881195,0.21836885809898376,0.19576206803321838,0.20849280059337616
CY25-05_1-#21,86,88,middle,0.8028143644332886,1.9981352090835571,0.008658308535814285,1.3846721649169922,1.608107328414917,0.1847502738237381,0.19700178503990173,0.21461181342601776,0.1958986520767212,0.20773743093013763
CY25-05_1-#21,87,89,middle,0.7998433113098145,1.998155951499939,0.008578876033425331,1.385132908821106,1.6085095405578613,0.185922309756279,0.19997212290763855,0.2085741013288498,0.19637395441532135,0.20915749669075012
CY25-05_1-#21,88,90,middle,0.7996881008148193,1.9980313777923584,0.009094527922570705,1.3852866888046265,1.6086326837539673,0.18683397769927979,0.20011472702026367,0.20793280005455017,0.19662167131900787,0.2084967941045761
CY25-05_1-#21,89,91,middle,0.798803985118866,1.997737169265747,0.010297696106135845,1.3856903314590454,1.6089541912078857,0.18891042470932007,0.20096838474273682,0.20615680515766144,0.1986604481935501,0.20530390739440918
CY25-05_1-#21,90,92,middle,0.7973244190216064,1.9976396560668945,0.01068513561040163,1.3853942155838013,1.6087040901184082,0.18914172053337097,0.20243637263774872,0.20444424450397491,0.19358035922050476,0.21039731800556183
CY25-05_1-#21,91,93,middle,0.7953216433525085,1.9976115226745605,0.010801542550325394,1.3855345249176025,1.6087746620178223,0.18967680633068085,0.20443391799926758,0.20293493568897247,0.19356264173984528,0.2093917280435562
CY25-05_1-#21,92,94,middle,0.7952760457992554,1.9975149631500244,0.011186027899384499,1.3856834173202515,1.6088919639587402,0.190158873796463,0.20446957647800446,0.20426081120967865,0.19416695833206177,0.20694378018379211
CY25-05_1-#21,93,95,middle,0.7938246130943298,1.9973549842834473,0.011824361979961395,1.3858036994934082,1.6089423894882202,0.1912289559841156,0.20590271055698395,0.20047928392887115,0.1947525441646576,0.2076365202665329
CY25-05_1-#21,94,96,late,0.7921811938285828,1.9973442554473877,0.011867034249007702,1.3855786323547363,1.6086971759796143,0.19094455242156982,0.20754285156726837,0.19713065028190613,0.1938101351261139,0.21057181060314178
CY25-05_1-#21,95,97,late,0.800625741481781,1.9985026121139526,0.007121090777218342,1.384261965751648,1.607809066772461,0.18141180276870728,0.19922499358654022,0.21379698812961578,0.1959303617477417,0.2096358686685562
CY25-05_1-#21,96,98,late,0.8036152720451355,1.9980305433273315,0.009095640853047371,1.3841941356658936,1.6077041625976562,0.18443948030471802,0.19619132578372955,0.2189265340566635,0.1937844455242157,0.2066582590341568
CY25-05_1-#21,97,99,late,0.8051149845123291,1.9977941513061523,0.01005860511213541,1.384537696838379,1.6079351902008057,0.1866934448480606,0.19467006623744965,0.21860376000404358,0.1947510838508606,0.20528164505958557
CY25-05_1-#21,98,100,late,0.7993751764297485,1.9978258609771729,0.00993475690484047,1.3852109909057617,1.6085731983184814,0.1870848834514618,0.2004067301750183,0.21019211411476135,0.1952105462551117,0.20710569620132446
CY25-05_1-#21,99,101,late,0.7975500226020813,1.9979578256607056,0.009394536726176739,1.3846685886383057,1.6081278324127197,0.18508951365947723,0.20224326848983765,0.2117002159357071,0.19163694977760315,0.20933005213737488
CY25-05_1-#21,100,102,late,0.7974159121513367,1.9973770380020142,0.011739909648895264,1.3857100009918213,1.6089569330215454,0.18982991576194763,0.20231840014457703,0.20688337087631226,0.1963270902633667,0.204641193151474
CY25-05_1-#21,101,103,late,0.7972110509872437,1.997485876083374,0.011304272338747978,1.3855621814727783,1.6088364124298096,0.18880979716777802,0.2025340497493744,0.20620140433311462,0.19548706710338593,0.20696771144866943
CY25-05_1-#21,102,104,late,0.7937607169151306,1.9974440336227417,0.01147621963173151,1.3857216835021973,1.6088749170303345,0.18945367634296417,0.2059757113456726,0.20182618498802185,0.19545596837997437,0.20728841423988342
CY25-05_1-#21,103,105,late,0.7930148839950562,1.997251033782959,0.012240255251526833,1.385961890220642,1.6090373992919922,0.19163574278354645,0.2067006230354309,0.19835734367370605,0.19735097885131836,0.20595529675483704
CY25-05_1-#21,104,106,late,0.802334189414978,1.997941017150879,0.009465474635362625,1.3847475051879883,1.6081777811050415,0.1860923171043396,0.1974623203277588,0.21584847569465637,0.19507095217704773,0.2055259644985199
CY25-05_1-#21,105,107,late,0.8001330494880676,1.9979262351989746,0.00952751561999321,1.3848223686218262,1.6082614660263062,0.1854952871799469,0.19965970516204834,0.21391429007053375,0.19475366175174713,0.20617705583572388
CY25-05_1-#21,106,108,late,0.8042686581611633,1.9978750944137573,0.009733682498335838,1.3847320079803467,1.6081175804138184,0.1861748993396759,0.19552338123321533,0.2176293432712555,0.1980992555618286,0.20257312059402466
CY25-05_1-#21,107,109,late,0.7988462448120117,1.9977283477783203,0.010333760641515255,1.3853739500045776,1.6087017059326172,0.1876433938741684,0.20092527568340302,0.20937004685401917,0.19606223702430725,0.2059989869594574
CY25-05_1-#21,108,110,late,0.7979062795639038,1.997785210609436,0.010105369612574577,1.385357141494751,1.6086809635162354,0.18688766658306122,0.2018699198961258,0.20797549188137054,0.1963535100221634,0.20691342651844025
CY25-05_1-#21,109,111,late,0.7957713603973389,1.9976568222045898,0.010622278787195683,1.3852895498275757,1.608590841293335,0.18831674754619598,0.20398935675621033,0.20559380948543549,0.19235274195671082,0.2097472995519638
CY25-05_1-#21,110,112,late,0.7913158535957336,1.9968092441558838,0.013960449956357479,1.3855600357055664,1.6086430549621582,0.19173021614551544,0.2083512246608734,0.19888240098953247,0.1910736858844757,0.20996242761611938
CY25-05_1-#21,111,113,late,0.7939137816429138,1.9966545104980469,0.014558613300323486,1.3858492374420166,1.6089844703674316,0.19125106930732727,0.2057414948940277,0.20336762070655823,0.19436058402061462,0.2052791565656662
CY25-05_1-#21,112,114,late,0.7933242917060852,1.9967578649520874,0.01415187306702137,1.3858487606048584,1.608961820602417,0.1917489767074585,0.20634065568447113,0.20272739231586456,0.19351965188980103,0.2056633085012436
CY25-05_1-#21,113,115,late,0.7996799349784851,1.997737169265747,0.010300212539732456,1.3851397037506104,1.6085164546966553,0.18611811101436615,0.20009341835975647,0.21246418356895447,0.19764123857021332,0.20368307828903198
CY25-05_1-#21,114,116,late,0.7993820905685425,1.997580647468567,0.010929769836366177,1.385357141494751,1.6086902618408203,0.1872059404850006,0.20037522912025452,0.2114429473876953,0.1993408054113388,0.20163509249687195
CY25-05_1-#21,115,117,late,0.797533392906189,1.9974033832550049,0.011632587760686874,1.3851896524429321,1.6085437536239624,0.1879628449678421,0.20220373570919037,0.2119423747062683,0.1933555006980896,0.20453552901744843
CY25-05_1-#21,116,118,late,0.7959833741188049,1.9970815181732178,0.012899213470518589,1.3855464458465576,1.6088016033172607,0.189761683344841,0.20371891558170319,0.20824113488197327,0.19342374801635742,0.20485451817512512
CY25-05_1-#21,117,119,late,0.792513370513916,1.9966928958892822,0.01440933533012867,1.3858760595321655,1.6089506149291992,0.19072498381137848,0.20714354515075684,0.20367126166820526,0.1946275383234024,0.20383261144161224
CY25-05_1-#21,118,120,late,0.7921367883682251,1.9957880973815918,0.017847441136837006,1.38621187210083,1.6092029809951782,0.1961808204650879,0.20742547512054443,0.19575726985931396,0.1985139548778534,0.2021224945783615
CY25-05_1-#21,119,121,late,0.7935113310813904,1.9966161251068115,0.014709197916090488,1.3859411478042603,1.6090431213378906,0.19098521769046783,0.20613929629325867,0.20324501395225525,0.19610513746738434,0.20352530479431152
CY25-05_1-#21,120,122,late,0.801964282989502,1.998276710510254,0.008081355132162571,1.3843612670898438,1.6078732013702393,0.18233606219291687,0.1978650838136673,0.21669533848762512,0.19810524582862854,0.2049981951713562
CY25-05_1-#21,121,123,late,0.7997624278068542,1.9979381561279297,0.009483831003308296,1.3849033117294312,1.6083271503448486,0.18457700312137604,0.20003114640712738,0.2139892727136612,0.19872088730335236,0.20268167555332184
CY25-05_1-#21,122,124,late,0.7977083921432495,1.9969369173049927,0.013473658822476864,1.3858449459075928,1.6090688705444336,0.19132690131664276,0.201981782913208,0.20813710987567902,0.19859015941619873,0.19996409118175507
CY25-05_1-#21,123,125,late,0.7964255809783936,1.9966304302215576,0.014655806124210358,1.3859319686889648,1.6091187000274658,0.1920035034418106,0.20323143899440765,0.20709502696990967,0.1987474262714386,0.19892258942127228
CY25-05_1-#21,124,126,late,0.7940460443496704,1.9965261220932007,0.015055940486490726,1.3859875202178955,1.6090991497039795,0.19149266183376312,0.2055962234735489,0.20513372123241425,0.1977938413619995,0.19998353719711304
CY25-05_1-#21,125,127,late,0.8014164566993713,1.9979017972946167,0.009632883593440056,1.3843553066253662,1.6078767776489258,0.184725821018219,0.19837519526481628,0.21917995810508728,0.19547364115715027,0.20224541425704956
CY25-05_1-#21,126,128,late,0.8015520572662354,1.9978015422821045,0.01003987155854702,1.3844996690750122,1.607991099357605,0.1853897124528885,0.1982298046350479,0.21860229969024658,0.19585585594177246,0.20192237198352814
CY25-05_1-#21,127,129,late,0.7971500754356384,1.9976916313171387,0.010485374368727207,1.385035514831543,1.6084153652191162,0.18556104600429535,0.20261579751968384,0.21238663792610168,0.19536176323890686,0.20407478511333466
CY25-05_1-#21,128,130,late,0.7972984910011292,1.997664213180542,0.010596918873488903,1.385135293006897,1.6084970235824585,0.1861869841814041,0.202464759349823,0.21194647252559662,0.19552993774414062,0.20387186110019684
CY25-05_1-#21,129,131,late,0.7973202466964722,1.9970712661743164,0.012947747483849525,1.3855726718902588,1.6088473796844482,0.18916329741477966,0.20238295197486877,0.21044912934303284,0.199911430478096,0.1980932056903839
CY25-05_1-#21,130,132,late,0.7991930246353149,1.9973785877227783,0.011740240268409252,1.3852453231811523,1.6086006164550781,0.18801186978816986,0.20054379105567932,0.21374301612377167,0.19940650463104248,0.19829481840133667
CY25-05_1-#21,131,133,late,0.7946097254753113,1.9962491989135742,0.01611359417438507,1.385956883430481,1.6090943813323975,0.19237102568149567,0.20500507950782776,0.2057192474603653,0.2013048678636551,0.19559979438781738
CY25-05_1-#21,132,134,late,0.7955545783042908,1.996384620666504,0.015604764223098755,1.3860228061676025,1.6091725826263428,0.19227288663387299,0.2040758579969406,0.204627126455307,0.2014363706111908,0.1975877732038498
CY25-05_1-#21,133,135,late,0.795789361000061,1.9949184656143188,0.02102244645357132,1.3860595226287842,1.6092102527618408,0.1962069720029831,0.2036917805671692,0.20613960921764374,0.1988936960697174,0.19506797194480896
CY25-05_1-#21,134,136,late,0.7995688915252686,1.99749755859375,0.011265466921031475,1.3850151300430298,1.60841703414917,0.1866157501935959,0.200180321931839,0.21512243151664734,0.19892050325870514,0.19916099309921265
CY25-05_1-#21,135,137,late,0.7999521493911743,1.9973853826522827,0.011714531108736992,1.384922981262207,1.6083428859710693,0.18694566190242767,0.19978632032871246,0.21619738638401031,0.19992506504058838,0.19714559614658356
CY25-05_1-#21,136,138,late,0.7961110472679138,1.995779037475586,0.017871972173452377,1.385920524597168,1.609105110168457,0.1933758407831192,0.20345866680145264,0.20808669924736023,0.19781655073165894,0.19726228713989258
CY25-05_1-#21,137,139,late,0.8344659805297852,1.212831735610962,0.9890409111976624,1.3437966108322144,1.4994091987609863,0.3375011682510376,0.08104557543992996,0.22139839828014374,0.24233315885066986,0.11772165447473526
CY25-05_1-#21,138,140,late,0.7980945110321045,1.9957231283187866,0.018073875457048416,1.3855347633361816,1.6088275909423828,0.19268043339252472,0.20147372782230377,0.21260309219360352,0.19874517619609833,0.19449758529663086
CY25-05_1-#21,139,141,late,0.7913817167282104,1.99493408203125,0.02097322791814804,1.3862061500549316,1.609167456626892,0.1950114667415619,0.20808985829353333,0.20202450454235077,0.19821976125240326,0.19665442407131195
CY25-05_1-#22,0,2,early,0.8043737411499023,1.9983127117156982,0.007864674553275108,1.3832037448883057,1.6068894863128662,0.18546126782894135,0.1954612135887146,0.20254234969615936,0.19001589715480804,0.22651927173137665
CY25-05_1-#22,1,3,early,0.7989077568054199,1.9980535507202148,0.008962498977780342,1.3833569288253784,1.6070938110351562,0.19311964511871338,0.20089653134346008,0.19063550233840942,0.18884868919849396,0.22649964690208435
CY25-05_1-#22,2,4,early,0.7989321947097778,1.9981601238250732,0.008524328470230103,1.3832255601882935,1.6069881916046143,0.19099578261375427,0.20088283717632294,0.1930944174528122,0.18797411024570465,0.22705286741256714
CY25-05_1-#22,3,5,early,0.7987910509109497,1.998070478439331,0.008893216028809547,1.383622646331787,1.607305645942688,0.19304971396923065,0.20101483166217804,0.18998505175113678,0.19068831205368042,0.2252621203660965
CY25-05_1-#22,4,6,early,0.8037382364273071,1.9983705282211304,0.007617775816470385,1.3822202682495117,1.6061183214187622,0.18543033301830292,0.1961018592119217,0.20182214677333832,0.1860428899526596,0.23060274124145508
CY25-05_1-#22,5,7,early,0.8034839630126953,1.9979273080825806,0.009439442306756973,1.3845224380493164,1.6079744100570679,0.18802939355373383,0.19631236791610718,0.19924747943878174,0.19587945938110352,0.22053129971027374
CY25-05_1-#22,6,8,early,0.8019096851348877,1.9983559846878052,0.007660070899873972,1.3818995952606201,1.6059038639068604,0.18545708060264587,0.19792748987674713,0.1975969821214676,0.18654750287532806,0.23247094452381134
CY25-05_1-#22,7,9,early,0.798537015914917,1.9978234767913818,0.009891856461763382,1.384037733078003,1.6076362133026123,0.19217799603939056,0.20124374330043793,0.19177979230880737,0.19162309169769287,0.22317540645599365
CY25-05_1-#22,8,10,early,0.8018627762794495,1.9983118772506714,0.00785756390541792,1.3827111721038818,1.6065551042556763,0.18558984994888306,0.1979699730873108,0.19833345711231232,0.18898361921310425,0.22912314534187317
CY25-05_1-#22,9,11,early,0.8007678985595703,1.9981465339660645,0.008551896549761295,1.383218765258789,1.60697603225708,0.18718354403972626,0.19904746115207672,0.19700907170772552,0.18973077833652496,0.22702918946743011
CY25-05_1-#22,10,12,early,0.7986485958099365,1.998356819152832,0.007674716413021088,1.38231360912323,1.6062581539154053,0.1852315366268158,0.20118598639965057,0.19543568789958954,0.187845841050148,0.23030096292495728
CY25-05_1-#22,11,13,early,0.7966331839561462,1.9978688955307007,0.009720192290842533,1.3837389945983887,1.6073760986328125,0.19284209609031677,0.20315012335777283,0.1920728087425232,0.18798504769802094,0.22394995391368866
CY25-05_1-#22,12,14,early,0.7939541339874268,1.998133897781372,0.00863436795771122,1.3825514316558838,1.6063652038574219,0.19040347635746002,0.20585359632968903,0.18967893719673157,0.18552353978157043,0.22854046523571014
CY25-05_1-#22,13,15,early,0.7932337522506714,1.9974104166030884,0.011568861082196236,1.384509801864624,1.607897162437439,0.19469766318798065,0.20649851858615875,0.18803004920482635,0.19213168323040009,0.21864208579063416
CY25-05_1-#22,14,16,early,0.7932950258255005,1.9981640577316284,0.008512156084179878,1.3825043439865112,1.6063047647476196,0.18904870748519897,0.20651523768901825,0.1894950419664383,0.18628939986228943,0.22865158319473267
CY25-05_1-#22,15,17,early,0.7959631681442261,1.9982608556747437,0.00809554010629654,1.3827177286148071,1.60654878616333,0.18737046420574188,0.20385940372943878,0.19431227445602417,0.18636098504066467,0.22809690237045288
CY25-05_1-#22,16,18,early,0.7978276610374451,1.9977328777313232,0.010247558355331421,1.384114384651184,1.6076922416687012,0.19286267459392548,0.20194315910339355,0.1905737966299057,0.19209599494934082,0.22252433001995087
CY25-05_1-#22,17,19,early,0.7937043905258179,1.9978519678115845,0.009785754606127739,1.3834218978881836,1.6070492267608643,0.19155028462409973,0.2060740441083908,0.18878938257694244,0.18879812955856323,0.224788099527359
CY25-05_1-#22,18,20,early,0.7955741882324219,1.9975342750549316,0.011053809896111488,1.3842896223068237,1.6077947616577148,0.1928880512714386,0.20417378842830658,0.1895788311958313,0.19248956441879272,0.220869779586792
CY25-05_1-#22,19,21,early,0.786044716835022,1.9977459907531738,0.010243432596325874,1.3816699981689453,1.6052320003509521,0.19336223602294922,0.21371416747570038,0.18088777363300323,0.1832932084798813,0.22874261438846588
CY25-05_1-#22,20,22,early,0.7968176603317261,1.9974727630615234,0.011292336508631706,1.383859395980835,1.6074750423431396,0.19110305607318878,0.20292557775974274,0.19583801925182343,0.18713673949241638,0.22299660742282867
CY25-05_1-#22,21,23,early,0.7964292764663696,1.99765145778656,0.010566879995167255,1.384120225906372,1.6076765060424805,0.18957264721393585,0.20333167910575867,0.1942203938961029,0.19091780483722687,0.2219574749469757
CY25-05_1-#22,22,24,early,0.7946451306343079,1.9975993633270264,0.010796694085001945,1.3833754062652588,1.607041358947754,0.1898127794265747,0.2051083743572235,0.195945605635643,0.18474838137626648,0.2243848592042923
CY25-05_1-#22,23,25,early,0.7947413921356201,1.998112440109253,0.008702822029590607,1.3833162784576416,1.6069958209991455,0.18716947734355927,0.20506487786769867,0.19250713288784027,0.18982680141925812,0.22543172538280487
CY25-05_1-#22,24,26,early,0.7967557907104492,1.9973539113998413,0.011740660294890404,1.3835668563842773,1.6072425842285156,0.19165106117725372,0.2029753029346466,0.19357699155807495,0.1870916783809662,0.22470499575138092
CY25-05_1-#22,25,27,early,0.7956658005714417,1.9976227283477783,0.010686781257390976,1.383342981338501,1.607041835784912,0.19005727767944336,0.20409132540225983,0.19514277577400208,0.18560890853405,0.22509971261024475
CY25-05_1-#22,26,28,early,0.7943344116210938,1.997842788696289,0.009811757132411003,1.3833041191101074,1.606974720954895,0.18856965005397797,0.20544375479221344,0.19486139714717865,0.18614564836025238,0.22497957944869995
CY25-05_1-#22,27,29,early,0.7953538298606873,1.9976325035095215,0.01066354289650917,1.3841582536697388,1.607682466506958,0.19001588225364685,0.20440395176410675,0.19543267786502838,0.18892087042331696,0.22122660279273987
CY25-05_1-#22,28,30,early,0.7949021458625793,1.9975707530975342,0.01089971698820591,1.3835749626159668,1.6072077751159668,0.1888011395931244,0.2048487514257431,0.19451838731765747,0.18775802850723267,0.22407370805740356
CY25-05_1-#22,29,31,early,0.7929061651229858,1.9969160556793213,0.013499781489372253,1.3847217559814453,1.608054280281067,0.19388678669929504,0.20677450299263,0.19092579185962677,0.19081412255764008,0.21759876608848572
CY25-05_1-#22,30,32,early,0.7917421460151672,1.9977171421051025,0.010331995785236359,1.3836270570755005,1.6071319580078125,0.18955941498279572,0.2080201357603073,0.19075173139572144,0.18836666643619537,0.22330205142498016
CY25-05_1-#22,31,33,early,0.792180597782135,1.9958356618881226,0.017636146396398544,1.3847408294677734,1.6080448627471924,0.20042568445205688,0.20738668739795685,0.1868131458759308,0.19013868272304535,0.21523582935333252
CY25-05_1-#22,32,34,early,0.7949803471565247,1.9971938133239746,0.012402983382344246,1.3846238851547241,1.608044147491455,0.18997202813625336,0.2047320008277893,0.1967553049325943,0.19023124873638153,0.2183094173669815
CY25-05_1-#22,33,35,early,0.7915087938308716,1.9966990947723389,0.014359223656356335,1.384133219718933,1.6075268983840942,0.19370317459106445,0.20814712345600128,0.1924731731414795,0.185618594288826,0.2200579047203064
CY25-05_1-#22,34,36,early,0.7866289615631104,1.9962431192398071,0.016121134161949158,1.3841509819030762,1.6072393655776978,0.1970333755016327,0.21297022700309753,0.18447323143482208,0.18778133392333984,0.21774183213710785
CY25-05_1-#22,35,37,early,0.7897205352783203,1.9964308738708496,0.015399690717458725,1.3843153715133667,1.6075785160064697,0.1968880295753479,0.20990420877933502,0.18646517395973206,0.1886357218027115,0.21810689568519592
CY25-05_1-#22,36,38,early,0.7894394993782043,1.9966351985931396,0.01460002176463604,1.3836309909820557,1.6070207357406616,0.1927066147327423,0.21020625531673431,0.18849456310272217,0.18624331057071686,0.22234930098056793
CY25-05_1-#22,37,39,early,0.7905399799346924,1.9951618909835815,0.0201359111815691,1.3852403163909912,1.6083602905273438,0.20027804374694824,0.20895330607891083,0.18729360401630402,0.19218572974205017,0.21128933131694794
CY25-05_1-#22,38,40,early,0.7864919304847717,1.996030330657959,0.01692293956875801,1.3839528560638428,1.6070752143859863,0.1972297877073288,0.21308429539203644,0.18271417915821075,0.18856868147850037,0.21840301156044006
CY25-05_1-#22,39,41,early,0.7960413098335266,1.9965205192565918,0.015009220689535141,1.3847756385803223,1.6081925630569458,0.19337253272533417,0.2036038488149643,0.19611820578575134,0.18916025757789612,0.21774516999721527
CY25-05_1-#22,40,42,early,0.7958429455757141,1.997002363204956,0.013146968558430672,1.3843659162521362,1.6078596115112305,0.19015195965766907,0.20385105907917023,0.20018789172172546,0.1869683563709259,0.21884071826934814
CY25-05_1-#22,41,43,early,0.7950268983840942,1.997383713722229,0.011637507006525993,1.383476734161377,1.6071325540542603,0.18739405274391174,0.20470497012138367,0.19803369045257568,0.18620404601097107,0.22366321086883545
CY25-05_1-#22,42,44,early,0.7932714223861694,1.9970611333847046,0.012928087264299393,1.3840011358261108,1.607494831085205,0.19000877439975739,0.2064247876405716,0.19563934206962585,0.1867101788520813,0.22121687233448029
CY25-05_1-#22,43,45,early,0.797271728515625,1.9972856044769287,0.012044165283441544,1.383936882019043,1.6075410842895508,0.18619109690189362,0.2024531215429306,0.20467641949653625,0.18718966841697693,0.21948976814746857
CY25-05_1-#22,44,46,early,0.7933805584907532,1.9967176914215088,0.014274193905293941,1.3849010467529297,1.6082139015197754,0.19221411645412445,0.20628033578395844,0.19547316431999207,0.1896853893995285,0.21634703874588013
CY25-05_1-#22,45,47,early,0.7903261780738831,1.9970159530639648,0.013129711151123047,1.3844928741455078,1.607748031616211,0.19141565263271332,0.2093610018491745,0.19164332747459412,0.18924693763256073,0.21833305060863495
CY25-05_1-#22,46,48,early,0.7916061282157898,1.9969217777252197,0.013495597057044506,1.3847565650939941,1.608022689819336,0.19150805473327637,0.20807312428951263,0.19464178383350372,0.1889551728963852,0.21682186424732208
CY25-05_1-#22,47,49,early,0.7912137508392334,1.9965312480926514,0.015010901726782322,1.3849210739135742,1.6081368923187256,0.1939765363931656,0.2084241509437561,0.19051584601402283,0.19124305248260498,0.21584045886993408
CY25-05_1-#22,48,50,middle,0.7914211750030518,1.9960488080978394,0.01683209277689457,1.3850897550582886,1.6082839965820312,0.19458934664726257,0.20816674828529358,0.1902933567762375,0.19228163361549377,0.21466892957687378
CY25-05_1-#22,49,51,middle,0.789190411567688,1.9958090782165527,0.017748840153217316,1.3848141431808472,1.6079413890838623,0.19613058865070343,0.2103678435087204,0.19119775295257568,0.1870366334915161,0.215267151594162
CY25-05_1-#22,50,52,middle,0.7853313684463501,1.9970886707305908,0.012864701449871063,1.38258695602417,1.6058987379074097,0.19044776260852814,0.21435613930225372,0.1876712590456009,0.1819217950105667,0.22560301423072815
CY25-05_1-#22,51,53,middle,0.793332576751709,1.9956196546554565,0.01845661923289299,1.3854639530181885,1.6086621284484863,0.1965004801750183,0.2062147855758667,0.19461411237716675,0.1906508207321167,0.21201975643634796
CY25-05_1-#22,52,54,middle,0.7831687331199646,1.9962027072906494,0.016278238967061043,1.3834973573684692,1.6064258813858032,0.1939689666032791,0.21641959249973297,0.18450230360031128,0.18448129296302795,0.22062787413597107
CY25-05_1-#22,53,55,middle,0.7831798195838928,1.9951180219650269,0.020317072048783302,1.3843610286712646,1.6071139574050903,0.19768084585666656,0.2162909358739853,0.18270699679851532,0.18834097683429718,0.21498027443885803
CY25-05_1-#22,54,56,middle,0.784332275390625,1.9944010972976685,0.02288765460252762,1.3848602771759033,1.607619047164917,0.19850566983222961,0.21506398916244507,0.1848316788673401,0.18923670053482056,0.21236197650432587
CY25-05_1-#22,55,57,middle,0.7932757139205933,1.9971634149551392,0.012527650222182274,1.3842850923538208,1.6077183485031128,0.18624961376190186,0.2064310759305954,0.1997300535440445,0.18909123539924622,0.21849803626537323
CY25-05_1-#22,56,58,middle,0.7925633788108826,1.9967515468597412,0.014154406264424324,1.3843131065368652,1.607714056968689,0.18961523473262787,0.20709969103336334,0.19903092086315155,0.18592548370361328,0.21832866966724396
CY25-05_1-#22,57,59,middle,0.7890309691429138,1.9968788623809814,0.01366939302533865,1.3839584589004517,1.6072496175765991,0.18958792090415955,0.2106398046016693,0.19358476996421814,0.18575088679790497,0.22043666243553162
CY25-05_1-#22,58,60,middle,0.791093647480011,1.9963074922561646,0.015870288014411926,1.3847265243530273,1.6079763174057007,0.19166307151317596,0.20852066576480865,0.19605952501296997,0.18732711672782898,0.21642960608005524
CY25-05_1-#22,59,61,middle,0.7889295816421509,1.995925784111023,0.017328033223748207,1.3847285509109497,1.6078577041625977,0.1929914355278015,0.21064043045043945,0.19109539687633514,0.18882611393928528,0.21644659340381622
CY25-05_1-#22,60,62,middle,0.78257155418396,1.9967437982559204,0.014220450073480606,1.3834712505340576,1.6063408851623535,0.18929730355739594,0.217074453830719,0.18751105666160583,0.1847572922706604,0.22135992348194122
CY25-05_1-#22,61,63,middle,0.7890475988388062,1.9938874244689941,0.024733152240514755,1.3853981494903564,1.6084036827087402,0.1988348662853241,0.21030765771865845,0.19199588894844055,0.1884433776140213,0.21041816473007202
CY25-05_1-#22,62,64,middle,0.7897401452064514,1.993512511253357,0.026061635464429855,1.3855820894241333,1.6085925102233887,0.19946344196796417,0.20957782864570618,0.19256241619586945,0.18946649134159088,0.20892982184886932
CY25-05_1-#22,63,65,middle,0.7887999415397644,1.9947526454925537,0.02163766697049141,1.3850370645523071,1.6080986261367798,0.19677112996578217,0.21064594388008118,0.19213825464248657,0.18696941435337067,0.21347525715827942
CY25-05_1-#22,64,66,middle,0.7872418761253357,1.9943757057189941,0.022981703281402588,1.3848628997802734,1.60785710811615,0.19735319912433624,0.21215979754924774,0.1903432458639145,0.1861913800239563,0.21395237743854523
CY25-05_1-#22,65,67,middle,0.7841144800186157,1.9938429594039917,0.02488861046731472,1.3847310543060303,1.6075018644332886,0.19835682213306427,0.21522089838981628,0.18638288974761963,0.18668371438980103,0.21335570514202118
CY25-05_1-#22,66,68,middle,0.7902390956878662,1.996713638305664,0.014298979192972183,1.3844118118286133,1.6076792478561401,0.18840956687927246,0.2094162106513977,0.1966489553451538,0.1876220554113388,0.21790321171283722
CY25-05_1-#22,67,69,middle,0.7932525873184204,1.996518611907959,0.015041375532746315,1.3848103284835815,1.6081364154815674,0.18857479095458984,0.20638753473758698,0.19959579408168793,0.18974965810775757,0.2156922072172165
CY25-05_1-#22,68,70,middle,0.7929942011833191,1.9959334135055542,0.01727181486785412,1.3855280876159668,1.6086982488632202,0.19169406592845917,0.2065849006175995,0.19782806932926178,0.19266389310359955,0.2112291008234024
CY25-05_1-#22,69,71,middle,0.7889233827590942,1.9958996772766113,0.017434563487768173,1.385661244392395,1.6085920333862305,0.19161991775035858,0.21064388751983643,0.19629298150539398,0.1923132985830307,0.20912988483905792
CY25-05_1-#22,70,72,middle,0.7913381457328796,1.9938740730285645,0.024780504405498505,1.385937213897705,1.6089565753936768,0.1982109695672989,0.20802272856235504,0.19579148292541504,0.19172896444797516,0.20624588429927826
CY25-05_1-#22,71,73,middle,0.7884527444839478,1.9939510822296143,0.024536168202757835,1.385668396949768,1.6085790395736694,0.19758367538452148,0.210907444357872,0.19163982570171356,0.19127844274044037,0.20859065651893616
CY25-05_1-#22,72,74,middle,0.7863054871559143,1.9949262142181396,0.021033450961112976,1.384956955909729,1.6078572273254395,0.19425241649150848,0.21315239369869232,0.19026364386081696,0.1882777065038681,0.21405383944511414
CY25-05_1-#22,73,75,middle,0.784423291683197,1.9949347972869873,0.020999940112233162,1.384650468826294,1.6074583530426025,0.19313812255859375,0.2150307446718216,0.1896120309829712,0.18673299252986908,0.2154860645532608
CY25-05_1-#22,74,76,middle,0.7843182682991028,1.9939279556274414,0.024616312235593796,1.3848598003387451,1.6076219081878662,0.1964600384235382,0.21502690017223358,0.1864401400089264,0.1886969655752182,0.21337594091892242
CY25-05_1-#22,75,77,middle,0.7863960862159729,1.9918172359466553,0.03189083933830261,1.3859155178070068,1.6086385250091553,0.20079921185970306,0.21272997558116913,0.1899304836988449,0.19323094189167023,0.20330937206745148
CY25-05_1-#22,76,78,middle,0.7910954356193542,1.9961692094802856,0.016411125659942627,1.384765386581421,1.6080048084259033,0.18815864622592926,0.20850443840026855,0.20417393743991852,0.1865391731262207,0.21262377500534058
CY25-05_1-#22,77,79,middle,0.7938710451126099,1.9950706958770752,0.020480046048760414,1.3856807947158813,1.608853816986084,0.19333341717720032,0.2056209146976471,0.20391114056110382,0.1902896761894226,0.20684482157230377
CY25-05_1-#22,78,80,middle,0.7849606275558472,1.9961047172546387,0.016669152304530144,1.3844306468963623,1.6073219776153564,0.18919798731803894,0.21462054550647736,0.19334709644317627,0.18604032695293427,0.21679401397705078
CY25-05_1-#22,79,81,middle,0.7899987697601318,1.9955153465270996,0.018873225897550583,1.3854997158050537,1.608530879020691,0.19172392785549164,0.20953035354614258,0.19828151166439056,0.1902071088552475,0.2102571427822113
CY25-05_1-#22,80,82,middle,0.784598171710968,1.9952988624572754,0.019680293276906013,1.3851467370986938,1.6078593730926514,0.1929483413696289,0.21489553153514862,0.18978433310985565,0.1898515522480011,0.21252022683620453
CY25-05_1-#22,81,83,middle,0.7853726148605347,1.9942731857299805,0.023397032171487808,1.385575771331787,1.6082720756530762,0.1958908885717392,0.21401281654834747,0.18947386741638184,0.19180771708488464,0.20881476998329163
CY25-05_1-#22,82,84,middle,0.7852665781974792,1.9933133125305176,0.026782173663377762,1.385725498199463,1.6083883047103882,0.19764402508735657,0.21401549875736237,0.18815046548843384,0.19381146132946014,0.20637857913970947
CY25-05_1-#22,83,85,middle,0.7825931310653687,1.9912843704223633,0.0337400808930397,1.3853745460510254,1.6078836917877197,0.19997859001159668,0.2164594531059265,0.18623507022857666,0.18974001705646515,0.20758689939975739
CY25-05_1-#22,84,86,middle,0.7835217714309692,1.9906466007232666,0.035872478038072586,1.3854206800460815,1.6080141067504883,0.2015286386013031,0.21546584367752075,0.1856541931629181,0.19097231328487396,0.20637904107570648
CY25-05_1-#22,85,87,middle,0.7910982966423035,1.9960300922393799,0.016944631934165955,1.3853853940963745,1.608497142791748,0.18981456756591797,0.20848704874515533,0.20047135651111603,0.19063039124011993,0.21059662103652954
CY25-05_1-#22,86,88,middle,0.7948357462882996,1.9953441619873047,0.019500156864523888,1.385763168334961,1.6089487075805664,0.19115573167800903,0.20468664169311523,0.20704197883605957,0.1940283626317978,0.20308732986450195
CY25-05_1-#22,87,89,middle,0.787942111492157,1.9963617324829102,0.015704501420259476,1.385216236114502,1.608170509338379,0.18876540660858154,0.2116721272468567,0.1964159905910492,0.19088603556156158,0.21226048469543457
CY25-05_1-#22,88,90,middle,0.7905577421188354,1.994564414024353,0.02235463261604309,1.386078119277954,1.609025478363037,0.19369232654571533,0.20887304842472076,0.19838999211788177,0.19483081996440887,0.20421382784843445
CY25-05_1-#22,89,91,middle,0.7905903458595276,1.9937831163406372,0.02514057233929634,1.3859927654266357,1.608962059020996,0.19664590060710907,0.20875871181488037,0.19744162261486053,0.19179017841815948,0.20536358654499054
CY25-05_1-#22,90,92,middle,0.7950165271759033,1.9958951473236084,0.017441999167203903,1.3855681419372559,1.6087950468063354,0.18912172317504883,0.20456276834011078,0.20653507113456726,0.19382449984550476,0.20595595240592957
CY25-05_1-#22,91,93,middle,0.7856845855712891,1.9895156621932983,0.039586566388607025,1.3860093355178833,1.6086727380752563,0.20174147188663483,0.2131919413805008,0.19007188081741333,0.1943635642528534,0.20063118636608124
CY25-05_1-#22,92,94,middle,0.788590133190155,1.9889458417892456,0.04140546917915344,1.3861699104309082,1.6090095043182373,0.2027706503868103,0.2102413922548294,0.19411687552928925,0.19659462571144104,0.19627642631530762
CY25-05_1-#22,93,95,middle,0.7938928008079529,1.99476957321167,0.021606897935271263,1.385856032371521,1.608994960784912,0.19113928079605103,0.20556817948818207,0.20738446712493896,0.19646874070167542,0.19943934679031372
CY25-05_1-#22,94,96,middle,0.7926884293556213,1.994486689567566,0.022620130330324173,1.385793924331665,1.608900785446167,0.19306178390979767,0.2067400962114334,0.20635323226451874,0.1913861185312271,0.20245878398418427
CY25-05_1-#22,95,97,late,0.7875438928604126,1.990218162536621,0.03731067478656769,1.3861112594604492,1.6088883876800537,0.20123723149299622,0.21141698956489563,0.19150550663471222,0.19587922096252441,0.19996103644371033
CY25-05_1-#22,96,98,late,0.7884880900382996,1.9909167289733887,0.03498147428035736,1.3862595558166504,1.6090649366378784,0.19946421682834625,0.21055132150650024,0.19538657367229462,0.19600898027420044,0.19858890771865845
CY25-05_1-#22,97,99,late,0.7822332382202148,1.9888542890548706,0.04169105738401413,1.386051893234253,1.6084012985229492,0.20056970417499542,0.216553196310997,0.18991152942180634,0.19341640174388885,0.19954919815063477
CY25-05_1-#22,98,100,late,0.7825720906257629,1.988870620727539,0.041703976690769196,1.385973572731018,1.6083751916885376,0.20032545924186707,0.2162179946899414,0.18802855908870697,0.19527515769004822,0.20015282928943634
CY25-05_1-#22,99,101,late,0.7924708127975464,1.99577796459198,0.01790584810078144,1.3858861923217773,1.6089587211608887,0.1895734667778015,0.2070910930633545,0.2038084715604782,0.19686591625213623,0.20266109704971313
CY25-05_1-#22,100,102,late,0.7914032936096191,1.9932034015655518,0.0271686352789402,1.3861483335494995,1.6091299057006836,0.19529132544994354,0.20788782835006714,0.20251081883907318,0.19427140057086945,0.2000385820865631
CY25-05_1-#22,101,103,late,0.7919933795928955,1.9943633079528809,0.023079881444573402,1.3857405185699463,1.6088298559188843,0.19148457050323486,0.20742037892341614,0.20855534076690674,0.19354724884033203,0.19899246096611023
CY25-05_1-#22,102,104,late,0.790634036064148,1.9912372827529907,0.03391158580780029,1.3862017393112183,1.6091443300247192,0.19738894701004028,0.20844866335391998,0.20158201456069946,0.19850276410579681,0.19407756626605988
CY25-05_1-#22,103,105,late,0.7891562581062317,1.9890081882476807,0.04123122617602348,1.3861006498336792,1.6089935302734375,0.20017358660697937,0.20968496799468994,0.19995050132274628,0.1993338167667389,0.19085711240768433
CY25-05_1-#22,104,106,late,0.7846535444259644,1.9893975257873535,0.04001690819859505,1.3861932754516602,1.6087367534637451,0.1986621916294098,0.2142048478126526,0.19177840650081635,0.19664856791496277,0.19870597124099731
CY25-05_1-#22,105,107,late,0.7909048199653625,1.991823673248291,0.031925227493047714,1.3860458135604858,1.6090325117111206,0.19541358947753906,0.2082403600215912,0.2052401304244995,0.19739489257335663,0.193711057305336
CY25-05_1-#22,106,108,late,0.7912492752075195,1.9901173114776611,0.0376463457942009,1.3860161304473877,1.6090340614318848,0.1980656236410141,0.20771922171115875,0.20337001979351044,0.2001340687274933,0.1907110959291458
CY25-05_1-#22,107,109,late,0.7932361364364624,1.9916324615478516,0.03258039802312851,1.385810375213623,1.6089469194412231,0.19528643786907196,0.20589882135391235,0.20862147212028503,0.1980414241552353,0.19215184450149536
CY25-05_1-#22,108,110,late,0.79062819480896,1.9907581806182861,0.03552161902189255,1.386142611503601,1.6091015338897705,0.19647932052612305,0.2084043174982071,0.20227806270122528,0.1996639519929886,0.1931743174791336
CY25-05_1-#22,109,111,late,0.7857219576835632,1.981222152709961,0.0651809498667717,1.3860257863998413,1.6087491512298584,0.20449082553386688,0.21226619184017181,0.1961001753807068,0.19567452371120453,0.1914682537317276
CY25-05_1-#22,110,112,late,0.7858961224555969,1.9813920259475708,0.06471304595470428,1.3858531713485718,1.6086280345916748,0.20505958795547485,0.21211184561252594,0.196651890873909,0.19784195721149445,0.18833471834659576
CY25-05_1-#22,111,113,late,0.7966151237487793,1.9905164241790771,0.036340124905109406,1.3854519128799438,1.6087491512298584,0.19787605106830597,0.20242047309875488,0.20948977768421173,0.2030126005411148,0.1872010976076126
CY25-05_1-#22,112,114,late,0.7906161546707153,1.990899920463562,0.03507669270038605,1.3860729932785034,1.6090445518493652,0.1961280256509781,0.20843113958835602,0.20379607379436493,0.19915364682674408,0.19249112904071808
CY25-05_1-#22,113,115,late,0.7902819514274597,1.9878425598144531,0.04498901218175888,1.3860998153686523,1.6090620756149292,0.19907720386981964,0.20844322443008423,0.20353132486343384,0.19605539739131927,0.1928928643465042
CY25-05_1-#22,114,116,late,0.7873281240463257,1.986045241355896,0.05067373067140579,1.3861887454986572,1.608964204788208,0.20073771476745605,0.21118798851966858,0.19919177889823914,0.1956510990858078,0.19323141872882843
CY25-05_1-#22,115,117,late,0.7882163524627686,1.9831116199493408,0.059655819088220596,1.386125087738037,1.6089884042739868,0.2031693458557129,0.209995299577713,0.19707605242729187,0.19709335267543793,0.1926659345626831
CY25-05_1-#22,116,118,late,0.7880437970161438,1.9838600158691406,0.05737994983792305,1.3860948085784912,1.6089527606964111,0.20167958736419678,0.21024571359157562,0.19952961802482605,0.1975065916776657,0.19103850424289703
CY25-05_1-#22,117,119,late,0.795462429523468,1.991248607635498,0.03391306847333908,1.385495662689209,1.608764410018921,0.19459816813468933,0.2036425918340683,0.21013058722019196,0.2024707794189453,0.1891578584909439
CY25-05_1-#22,118,120,late,0.7928304672241211,1.9865790605545044,0.04899671673774719,1.3857238292694092,1.6088814735412598,0.19956859946250916,0.2057793289422989,0.20796559751033783,0.19757592678070068,0.18911059200763702
CY25-05_1-#22,119,121,late,0.7923657298088074,1.9875086545944214,0.046061985194683075,1.3857067823410034,1.6088476181030273,0.19804130494594574,0.20633745193481445,0.2091752290725708,0.19605959951877594,0.19038638472557068
CY25-05_1-#22,120,122,late,0.7879338264465332,1.9791280031204224,0.0713367909193039,1.3856706619262695,1.6086444854736328,0.20361550152301788,0.20985306799411774,0.2007656842470169,0.2000223994255066,0.18574337661266327
CY25-05_1-#22,121,123,late,0.787665843963623,1.986055850982666,0.050632257014513016,1.3862228393554688,1.6090173721313477,0.19900788366794586,0.21085374057292938,0.19968576729297638,0.19685907661914825,0.19359350204467773
CY25-05_1-#22,122,124,late,0.7843568325042725,1.9815661907196045,0.06419134885072708,1.386169672012329,1.6087640523910522,0.2001090943813324,0.21365560591220856,0.19833631813526154,0.19619876146316528,0.19170019030570984
CY25-05_1-#22,123,125,late,0.7955838441848755,1.9899004697799683,0.038372643291950226,1.3850423097610474,1.6084095239639282,0.1945691555738449,0.2033839076757431,0.21536362171173096,0.1982758641242981,0.18840746581554413
CY25-05_1-#22,124,126,late,0.7876699566841125,1.9840471744537354,0.05683079734444618,1.3861819505691528,1.6089982986450195,0.19978688657283783,0.21063640713691711,0.20026786625385284,0.19648663699626923,0.19282221794128418
CY25-05_1-#22,125,127,late,0.790704071521759,1.986970067024231,0.04778837412595749,1.3859286308288574,1.60895574092865,0.19769123196601868,0.20793236792087555,0.2060890793800354,0.19721563160419464,0.19107167422771454
CY25-05_1-#22,126,128,late,0.7845938801765442,1.9756741523742676,0.0812840461730957,1.3857935667037964,1.6085411310195923,0.20404382050037384,0.21278616786003113,0.19519072771072388,0.20044800639152527,0.1875312477350235
CY25-05_1-#22,127,129,late,0.7819793224334717,1.9817826747894287,0.06362108141183853,1.3862314224243164,1.6086047887802124,0.19858093559741974,0.21603481471538544,0.19459980726242065,0.19743099808692932,0.19335344433784485
CY25-05_1-#22,128,130,late,0.7839892506599426,1.9772286415100098,0.07685536891222,1.3860235214233398,1.608663558959961,0.20130279660224915,0.213551327586174,0.1971624344587326,0.19878752529621124,0.18919596076011658
CY25-05_1-#22,129,131,late,0.7839545011520386,1.9768621921539307,0.07781374454498291,1.3861902952194214,1.6087884902954102,0.20078423619270325,0.21354608237743378,0.19764301180839539,0.19310936331748962,0.19491730630397797
CY25-05_1-#22,130,132,late,0.7887650728225708,1.9868816137313843,0.04809613525867462,1.3859249353408813,1.6088533401489258,0.19534257054328918,0.20984940230846405,0.20551075041294098,0.1983814537525177,0.19091585278511047
CY25-05_1-#22,131,133,late,0.7920017838478088,1.986419916152954,0.049547869712114334,1.385390043258667,1.6085960865020752,0.19509659707546234,0.20658588409423828,0.21106557548046112,0.1993304044008255,0.18792152404785156
CY25-05_1-#22,132,134,late,0.7883269786834717,1.984218716621399,0.056369177997112274,1.3859574794769287,1.6088707447052002,0.19699406623840332,0.21000277996063232,0.20399996638298035,0.1990458369255066,0.18995730578899384
CY25-05_1-#22,133,135,late,0.7907032370567322,1.9804425239562988,0.06763993948698044,1.3856942653656006,1.6088082790374756,0.19956055283546448,0.20725010335445404,0.20744435489177704,0.197381854057312,0.18836313486099243
CY25-05_1-#22,134,136,late,0.786939799785614,1.9769046306610107,0.07782250642776489,1.3859660625457764,1.6088471412658691,0.19932357966899872,0.2105998396873474,0.204013392329216,0.19535265862941742,0.19071057438850403
CY25-05_1-#22,135,137,late,0.785056471824646,1.9585082530975342,0.12622959911823273,1.3855236768722534,1.6085636615753174,0.2059728503227234,0.2104843407869339,0.19731594622135162,0.20016859471797943,0.18605826795101166
CY25-05_1-#22,136,138,late,0.7831059098243713,1.9642975330352783,0.11126275360584259,1.3858795166015625,1.6086395978927612,0.20233996212482452,0.21302226185798645,0.19832350313663483,0.1980844885110855,0.1882297694683075
CY25-05_1-#22,137,139,late,0.7952952980995178,1.9840790033340454,0.05683154612779617,1.384372591972351,1.6078989505767822,0.19701342284679413,0.20307515561580658,0.2134070247411728,0.2058601677417755,0.18064424395561218
CY25-05_1-#22,138,140,late,0.8389722108840942,0.9496563673019409,0.7908050417900085,1.2808763980865479,1.2883845567703247,0.28285396099090576,0.006652656011283398,0.26542016863822937,0.379830002784729,0.06524316966533661
CY25-05_1-#22,139,141,late,0.7853341698646545,1.9701435565948486,0.09595642983913422,1.3859318494796753,1.608788013458252,0.20176176726818085,0.21146124601364136,0.1978713572025299,0.19991156458854675,0.18899406492710114
CY25-05_1-#22,140,142,late,0.7884957790374756,1.9735043048858643,0.08722171187400818,1.385493278503418,1.6086164712905884,0.2009512037038803,0.20870225131511688,0.20535807311534882,0.19978445768356323,0.18520402908325195
CY25-05_1-#22,141,143,late,0.7887610793113708,1.9748039245605469,0.0836600512266159,1.3856663703918457,1.6087507009506226,0.20034651458263397,0.2085777372121811,0.20484960079193115,0.19943919777870178,0.186786949634552
CY25-05_1-#23,0,2,early,0.8061113357543945,1.9983317852020264,0.007790648378431797,1.3843570947647095,1.6077539920806885,0.1857808530330658,0.19372694194316864,0.2038888931274414,0.19632267951965332,0.22028067708015442
CY25-05_1-#23,1,3,early,0.8083726167678833,1.9987084865570068,0.006171493325382471,1.3817188739776611,1.6055110692977905,0.1775534301996231,0.1915036290884018,0.21262533962726593,0.1907031387090683,0.22761446237564087
CY25-05_1-#23,2,4,early,0.8062739372253418,1.9985647201538086,0.006797471083700657,1.3829576969146729,1.6066187620162964,0.18059007823467255,0.1935870498418808,0.20865948498249054,0.1928117871284485,0.22435157001018524
CY25-05_1-#23,3,5,early,0.8020601272583008,1.99833083152771,0.007803233340382576,1.3835397958755493,1.6072156429290771,0.18723583221435547,0.19777469336986542,0.2007261961698532,0.1892770379781723,0.224986270070076
CY25-05_1-#23,4,6,early,0.8087051510810852,1.9986704587936401,0.00632826192304492,1.3817095756530762,1.6054835319519043,0.17714600265026093,0.1911676824092865,0.2129167765378952,0.19134661555290222,0.22742290794849396
CY25-05_1-#23,5,7,early,0.7932323813438416,1.9986293315887451,0.0065611544996500015,1.3824230432510376,1.6062350273132324,0.18653924763202667,0.20662590861320496,0.18959379196166992,0.18826676905155182,0.22897425293922424
CY25-05_1-#23,6,8,early,0.8046823740005493,1.99835205078125,0.007703967392444611,1.3835930824279785,1.607192039489746,0.1851693093776703,0.19515667855739594,0.20483754575252533,0.19105079770088196,0.2237856537103653
CY25-05_1-#23,7,9,early,0.804206907749176,1.9983062744140625,0.007901063188910484,1.383547067642212,1.6071698665618896,0.1844996213912964,0.19562728703022003,0.20581163465976715,0.19079181551933289,0.22326964139938354
CY25-05_1-#23,8,10,early,0.8056649565696716,1.9984147548675537,0.007436422165483236,1.382833480834961,1.6065431833267212,0.18136213719844818,0.19418099522590637,0.21189181506633759,0.18947817385196686,0.2230869084596634
CY25-05_1-#23,9,11,early,0.8080853819847107,1.9983564615249634,0.007652525790035725,1.3822423219680786,1.605948567390442,0.17978538572788239,0.19175690412521362,0.21342520415782928,0.1896539032459259,0.2253786027431488
CY25-05_1-#23,10,12,early,0.8023757934570312,1.9979455471038818,0.009399177506566048,1.384212613105774,1.6077492237091064,0.18973906338214874,0.19742120802402496,0.20178858935832977,0.18953748047351837,0.22151365876197815
CY25-05_1-#23,11,13,early,0.8018059730529785,1.9979206323623657,0.009501520544290543,1.3842291831970215,1.6077717542648315,0.1892019659280777,0.19798795878887177,0.20202501118183136,0.18966980278491974,0.22111529111862183
CY25-05_1-#23,12,14,early,0.8013103008270264,1.9981410503387451,0.00860279519110918,1.3838791847229004,1.6074979305267334,0.18758749961853027,0.19850501418113708,0.20198893547058105,0.1892613172531128,0.2226572334766388
CY25-05_1-#23,13,15,early,0.7972930669784546,1.998042106628418,0.009015812538564205,1.3840382099151611,1.6076236963272095,0.19073070585727692,0.20250849425792694,0.1929597705602646,0.19102321565151215,0.2227778434753418
CY25-05_1-#23,14,16,early,0.7974358201026917,1.998099446296692,0.0087788887321949,1.3840930461883545,1.607668399810791,0.18887944519519806,0.20237168669700623,0.19604536890983582,0.1906139850616455,0.22208952903747559
CY25-05_1-#23,15,17,early,0.7972773909568787,1.9982699155807495,0.008072726428508759,1.383708119392395,1.6073589324951172,0.18730971217155457,0.20254725217819214,0.19688107073307037,0.1895742565393448,0.22368772327899933
CY25-05_1-#23,16,18,early,0.8011516332626343,1.998023509979248,0.009075156413018703,1.3842592239379883,1.6078038215637207,0.18744111061096191,0.19865185022354126,0.20258279144763947,0.19096402823925018,0.2203601896762848
CY25-05_1-#23,17,19,early,0.7991412281990051,1.9978753328323364,0.009684832766652107,1.3844859600067139,1.6079944372177124,0.1889299601316452,0.20064538717269897,0.19834373891353607,0.19210876524448395,0.2199721485376358
CY25-05_1-#23,18,20,early,0.800633430480957,1.9983597993850708,0.00767600629478693,1.3826977014541626,1.606557846069336,0.1821092665195465,0.19920307397842407,0.20616059005260468,0.18719524145126343,0.2253318578004837
CY25-05_1-#23,19,21,early,0.799659013748169,1.9982184171676636,0.008269960060715675,1.383966326713562,1.6075782775878906,0.1854347586631775,0.20016252994537354,0.20137077569961548,0.19144301116466522,0.22158892452716827
CY25-05_1-#23,20,22,early,0.8006265759468079,1.9977461099624634,0.010203853249549866,1.384948968887329,1.6083602905273438,0.18844658136367798,0.1991487443447113,0.20285344123840332,0.19367370009422302,0.21587751805782318
CY25-05_1-#23,21,23,early,0.7968540191650391,1.9984323978424072,0.007374672219157219,1.3828094005584717,1.6066352128982544,0.18143869936466217,0.20298676192760468,0.20185619592666626,0.18839649856090546,0.22532181441783905
CY25-05_1-#23,22,24,early,0.7998904585838318,1.9976465702056885,0.01061532273888588,1.3845396041870117,1.6080366373062134,0.18999148905277252,0.19987405836582184,0.20149856805801392,0.18968822062015533,0.2189476490020752
CY25-05_1-#23,23,25,early,0.8001905679702759,1.9979119300842285,0.009536227211356163,1.3838322162628174,1.6074692010879517,0.18717153370380402,0.19960083067417145,0.20369724929332733,0.18783585727214813,0.22169451415538788
CY25-05_1-#23,24,26,early,0.7990538477897644,1.9976966381072998,0.010415139608085155,1.3844075202941895,1.6079304218292236,0.1888071596622467,0.20071472227573395,0.20273616909980774,0.18894478678703308,0.21879713237285614
CY25-05_1-#23,25,27,early,0.8012475371360779,1.9977173805236816,0.010312731377780437,1.3843181133270264,1.6078486442565918,0.1875295639038086,0.19852562248706818,0.20595045387744904,0.18958109617233276,0.21841324865818024
CY25-05_1-#23,26,28,early,0.7984879612922668,1.9978477954864502,0.009800330735743046,1.3840947151184082,1.6076784133911133,0.1874007135629654,0.2012951821088791,0.2021459937095642,0.1886965036392212,0.2204616218805313
CY25-05_1-#23,27,29,early,0.7982360124588013,1.9980024099349976,0.0091679897159338,1.3838293552398682,1.6074646711349487,0.18610194325447083,0.20156246423721313,0.20244762301445007,0.18840231001377106,0.2214856743812561
CY25-05_1-#23,28,30,early,0.7948592305183411,1.9979820251464844,0.00926223024725914,1.383924126625061,1.6074812412261963,0.18653099238872528,0.2049337774515152,0.1983436942100525,0.1887967437505722,0.22139477729797363
CY25-05_1-#23,29,31,early,0.7987992763519287,1.997715711593628,0.010329309850931168,1.384383201599121,1.6079100370407104,0.1863498091697693,0.20097091794013977,0.2039816677570343,0.19067582488059998,0.21802181005477905
CY25-05_1-#23,30,32,early,0.7941874265670776,1.9978641271591187,0.009755311533808708,1.3845659494400024,1.60797119140625,0.1885654181241989,0.2055927813053131,0.19688698649406433,0.19067659974098206,0.2182781845331192
CY25-05_1-#23,31,33,early,0.7970934510231018,1.9975512027740479,0.011006616055965424,1.385008692741394,1.6083940267562866,0.18951325118541718,0.20265811681747437,0.19818563759326935,0.19352960586547852,0.2161133587360382
CY25-05_1-#23,32,34,early,0.7989216446876526,1.9977120161056519,0.01035376824438572,1.384705901145935,1.6081678867340088,0.18642540276050568,0.2008483111858368,0.20512600243091583,0.19220657646656036,0.21539367735385895
CY25-05_1-#23,33,35,early,0.7954024076461792,1.9978176355361938,0.009927172213792801,1.3842748403549194,1.6077749729156494,0.18641799688339233,0.20437435805797577,0.19841274619102478,0.19112369418144226,0.21967121958732605
CY25-05_1-#23,34,36,early,0.7990832924842834,1.9976757764816284,0.010489452630281448,1.3849529027938843,1.6083662509918213,0.18746908009052277,0.20068322122097015,0.20253708958625793,0.19408714771270752,0.21522346138954163
CY25-05_1-#23,35,37,early,0.7992753982543945,1.997496247291565,0.011205844581127167,1.3850445747375488,1.6084403991699219,0.1880159080028534,0.2004733383655548,0.20150679349899292,0.19487132132053375,0.21513260900974274
CY25-05_1-#23,36,38,early,0.7966015934944153,1.9978117942810059,0.009951485320925713,1.3845770359039307,1.6080408096313477,0.1868550032377243,0.2031758725643158,0.20015455782413483,0.1920224130153656,0.21779215335845947
CY25-05_1-#23,37,39,early,0.7969451546669006,1.9966554641723633,0.01452721282839775,1.3854155540466309,1.6087168455123901,0.19353990256786346,0.20271527767181396,0.19958406686782837,0.19130074977874756,0.21286001801490784
CY25-05_1-#23,38,40,early,0.7965298295021057,1.9974939823150635,0.01124325580894947,1.3844741582870483,1.6079579591751099,0.1881156861782074,0.20321522653102875,0.20198698341846466,0.18888528645038605,0.21779683232307434
CY25-05_1-#23,39,41,early,0.794916033744812,1.9964745044708252,0.01522765215486288,1.385532259941101,1.6087660789489746,0.19456501305103302,0.20472244918346405,0.19547048211097717,0.1930096447467804,0.21223236620426178
CY25-05_1-#23,40,42,early,0.7908869385719299,1.9964085817337036,0.015484996140003204,1.3852723836898804,1.608397364616394,0.19483806192874908,0.2087375670671463,0.1914336085319519,0.19177255034446716,0.21321825683116913
CY25-05_1-#23,41,43,early,0.7944986820220947,1.996435523033142,0.015381126664578915,1.385624647140503,1.6088277101516724,0.19568130373954773,0.2051350623369217,0.19292743504047394,0.19503384828567505,0.21122241020202637
CY25-05_1-#23,42,44,early,0.8020424246788025,1.9974300861358643,0.011453168466687202,1.384199619293213,1.6077406406402588,0.18547523021697998,0.19770321249961853,0.21096043288707733,0.19014902412891388,0.21571211516857147
CY25-05_1-#23,43,45,early,0.7999266386032104,1.9976474046707153,0.01060829684138298,1.3838547468185425,1.607486367225647,0.18411405384540558,0.19983801245689392,0.2103683203458786,0.18861271440982819,0.21706685423851013
CY25-05_1-#23,44,46,early,0.8038225769996643,1.9971404075622559,0.012590077705681324,1.3846230506896973,1.6080400943756104,0.18666495382785797,0.1958969235420227,0.21252624690532684,0.19253593683242798,0.2123759388923645
CY25-05_1-#23,45,47,early,0.7979816198348999,1.9973177909851074,0.01192694902420044,1.3844059705734253,1.6079219579696655,0.1859910935163498,0.20174744725227356,0.20822516083717346,0.1891617327928543,0.2148745357990265
CY25-05_1-#23,46,48,early,0.7993893623352051,1.9970300197601318,0.013061768375337124,1.3851310014724731,1.6085083484649658,0.1883779615163803,0.2003127485513687,0.20663011074066162,0.19281010329723358,0.2118690460920334
CY25-05_1-#23,47,49,middle,0.800210177898407,1.9970678091049194,0.012915331870317459,1.3848580121994019,1.60828697681427,0.18658845126628876,0.19949692487716675,0.21185515820980072,0.19275911152362823,0.20930033922195435
CY25-05_1-#23,48,50,middle,0.8012074828147888,1.9971696138381958,0.012503920122981071,1.3847700357437134,1.6082088947296143,0.18662816286087036,0.19851119816303253,0.21129649877548218,0.19239312410354614,0.21117103099822998
CY25-05_1-#23,49,51,middle,0.7993850708007812,1.9969985485076904,0.013191454112529755,1.3850996494293213,1.6084825992584229,0.18743403255939484,0.20031386613845825,0.20890189707279205,0.19336463510990143,0.20998555421829224
CY25-05_1-#23,50,52,middle,0.7936522960662842,1.997194528579712,0.012426858767867088,1.3849518299102783,1.6082611083984375,0.18757128715515137,0.20605823397636414,0.19917407631874084,0.1923164278268814,0.21487997472286224
CY25-05_1-#23,51,53,middle,0.7965212464332581,1.9969933032989502,0.013219267129898071,1.384610652923584,1.6080665588378906,0.18801060318946838,0.20317284762859344,0.20511886477470398,0.18839405477046967,0.21530361473560333
CY25-05_1-#23,52,54,middle,0.7947880625724792,1.9964816570281982,0.015206115320324898,1.3851349353790283,1.6084463596343994,0.19057248532772064,0.2048509269952774,0.20259469747543335,0.1892535388469696,0.2127283364534378
CY25-05_1-#23,53,55,middle,0.7916251420974731,1.9961172342300415,0.01659351773560047,1.3852946758270264,1.6084531545639038,0.19195127487182617,0.20797032117843628,0.19793671369552612,0.18966393172740936,0.21247775852680206
CY25-05_1-#23,54,56,middle,0.7923064827919006,1.9963527917861938,0.015704482793807983,1.385077953338623,1.608311414718628,0.1916874647140503,0.20731477439403534,0.1969316303730011,0.18952399492263794,0.21454213559627533
CY25-05_1-#23,55,57,middle,0.7932273149490356,1.9953603744506836,0.01940947212278843,1.3859190940856934,1.6090195178985596,0.19489605724811554,0.2062930166721344,0.1987462192773819,0.19295087456703186,0.2071138173341751
CY25-05_1-#23,56,58,middle,0.7914577722549438,1.9957987070083618,0.017778832465410233,1.385607361793518,1.608694076538086,0.19342674314975739,0.20810414850711823,0.1966433823108673,0.1915104240179062,0.2103153020143509
CY25-05_1-#23,57,59,middle,0.7916625142097473,1.996236801147461,0.016137994825839996,1.385278582572937,1.6084415912628174,0.19087985157966614,0.20794548094272614,0.19947953522205353,0.18964584171772003,0.21204927563667297
CY25-05_1-#23,58,60,middle,0.7911267280578613,1.9957432746887207,0.017997674643993378,1.3855819702148438,1.608657717704773,0.19215936958789825,0.20842871069908142,0.19831819832324982,0.19114777445793152,0.2099459022283554
CY25-05_1-#23,59,61,middle,0.7945239543914795,1.9966503381729126,0.014564163982868195,1.385021448135376,1.6083461046218872,0.18836241960525513,0.2051319032907486,0.20373308658599854,0.19006404280662537,0.2127085030078888
CY25-05_1-#23,60,62,middle,0.791814386844635,1.996487021446228,0.015195447951555252,1.3850815296173096,1.608291745185852,0.18916404247283936,0.20781992375850677,0.19944097101688385,0.19008216261863708,0.21349284052848816
CY25-05_1-#23,61,63,middle,0.7950964570045471,1.995147466659546,0.020201800391077995,1.3859708309173584,1.6091225147247314,0.193888857960701,0.20440638065338135,0.20098216831684113,0.19452746212482452,0.20619513094425201
CY25-05_1-#23,62,64,middle,0.7934985756874084,1.9947948455810547,0.02145332284271717,1.3854725360870361,1.6086775064468384,0.1933460682630539,0.20596398413181305,0.2038935422897339,0.18834204971790314,0.20845437049865723
CY25-05_1-#23,63,65,middle,0.7885183095932007,1.9954519271850586,0.019076555967330933,1.3846973180770874,1.6078085899353027,0.19344140589237213,0.21100078523159027,0.19272381067276,0.1866791546344757,0.21615482866764069
CY25-05_1-#23,64,66,middle,0.791700005531311,1.9952479600906372,0.01982928439974785,1.385296106338501,1.6084614992141724,0.19391745328903198,0.2078050673007965,0.19715268909931183,0.18862749636173248,0.2124972939491272
CY25-05_1-#23,65,67,middle,0.7993786931037903,1.9965629577636719,0.014852316118776798,1.3849226236343384,1.6083400249481201,0.18696077167987823,0.20027653872966766,0.20973508059978485,0.19233296811580658,0.21069464087486267
CY25-05_1-#23,66,68,middle,0.7909103631973267,1.9938527345657349,0.024842850863933563,1.3856675624847412,1.608723521232605,0.19637209177017212,0.20844696462154388,0.19430167973041534,0.19123952090740204,0.2096397578716278
CY25-05_1-#23,67,69,middle,0.7884412407875061,1.9948179721832275,0.021401021629571915,1.3852710723876953,1.608260154724121,0.1930629014968872,0.21101059019565582,0.19542236626148224,0.18837180733680725,0.21213233470916748
CY25-05_1-#23,68,70,middle,0.7948171496391296,1.9965955018997192,0.014761798083782196,1.3847967386245728,1.6081757545471191,0.18576735258102417,0.20483358204364777,0.20553216338157654,0.19101357460021973,0.2128533124923706
CY25-05_1-#23,69,71,middle,0.8016993999481201,1.9966425895690918,0.014546549879014492,1.384663701057434,1.6081151962280273,0.18540222942829132,0.19796772301197052,0.21448393166065216,0.1940111666917801,0.2081349641084671
CY25-05_1-#23,70,72,middle,0.7982432246208191,1.9964898824691772,0.015151751227676868,1.3848826885223389,1.6083033084869385,0.18595509231090546,0.2014026939868927,0.21212998032569885,0.19299185276031494,0.20752035081386566
CY25-05_1-#23,71,73,middle,0.797815203666687,1.995621919631958,0.01842622272670269,1.384934425354004,1.6083424091339111,0.18953298032283783,0.20174221694469452,0.20861932635307312,0.18886440992355347,0.21124105155467987
CY25-05_1-#23,72,74,middle,0.7883711457252502,1.9940359592437744,0.02421482466161251,1.3856607675552368,1.6085678339004517,0.1940268725156784,0.2109977751970291,0.19482451677322388,0.19096094369888306,0.20918984711170197
CY25-05_1-#23,73,75,middle,0.8002117872238159,1.996593713760376,0.014742575585842133,1.38466215133667,1.6081292629241943,0.1844029724597931,0.19944792985916138,0.2126169204711914,0.19428077340126038,0.20925144851207733
CY25-05_1-#23,74,76,middle,0.7985987067222595,1.9959094524383545,0.017372023314237595,1.3845690488815308,1.6080552339553833,0.18665753304958344,0.20098936557769775,0.214302659034729,0.18987753987312317,0.20817290246486664
CY25-05_1-#23,75,77,middle,0.7984048128128052,1.996268630027771,0.016017485409975052,1.384385108947754,1.6079072952270508,0.1858755350112915,0.20121906697750092,0.2145557850599289,0.18924391269683838,0.2091057300567627
CY25-05_1-#23,76,78,middle,0.7940452694892883,1.9953011274337769,0.019643206149339676,1.3854821920394897,1.6087024211883545,0.18984174728393555,0.20547086000442505,0.20570756494998932,0.19153834879398346,0.20744149386882782
CY25-05_1-#23,77,79,middle,0.7970986366271973,1.9956473112106323,0.018353600054979324,1.385225534439087,1.6085691452026367,0.1886408030986786,0.20245976746082306,0.2103128582239151,0.19208399951457977,0.20650257170200348
CY25-05_1-#23,78,80,middle,0.7941154837608337,1.9942574501037598,0.023398688063025475,1.3858864307403564,1.6090290546417236,0.19269055128097534,0.20529337227344513,0.2050485610961914,0.1934155523777008,0.2035519927740097
CY25-05_1-#23,79,81,middle,0.7960702776908875,1.9943768978118896,0.022992383688688278,1.3859493732452393,1.609129548072815,0.19317969679832458,0.20335635542869568,0.20596948266029358,0.1951080858707428,0.20238637924194336
CY25-05_1-#23,80,82,middle,0.7871596217155457,1.9938158988952637,0.024984346702694893,1.3853293657302856,1.6082228422164917,0.19248001277446747,0.21218228340148926,0.19783444702625275,0.1870555281639099,0.210447758436203
CY25-05_1-#23,81,83,middle,0.7909289002418518,1.9946906566619873,0.02186860516667366,1.3858959674835205,1.6089011430740356,0.1911901831626892,0.20851607620716095,0.20228874683380127,0.19366957247257233,0.20433540642261505
CY25-05_1-#23,82,84,middle,0.7926737070083618,1.9949967861175537,0.020761344581842422,1.3858294486999512,1.6089284420013428,0.19098888337612152,0.20680762827396393,0.20260362327098846,0.19394291937351227,0.20565691590309143
CY25-05_1-#23,83,85,middle,0.7891168594360352,1.993462324142456,0.02621598169207573,1.3855996131896973,1.6085700988769531,0.19342543184757233,0.21019379794597626,0.19967541098594666,0.1885039359331131,0.20820146799087524
CY25-05_1-#23,84,86,middle,0.7891459465026855,1.9929596185684204,0.027999944984912872,1.385857105255127,1.6087777614593506,0.19487790763378143,0.2101118117570877,0.19732655584812164,0.19089215993881226,0.20679153501987457
CY25-05_1-#23,85,87,middle,0.7972344756126404,1.9963189363479614,0.015831489115953445,1.3847308158874512,1.608171820640564,0.18545499444007874,0.2023923248052597,0.21337521076202393,0.19205015897750854,0.2067273110151291
CY25-05_1-#23,86,88,middle,0.7950979471206665,1.9966109991073608,0.014724090695381165,1.3847098350524902,1.6081128120422363,0.1845422089099884,0.20455485582351685,0.2109750211238861,0.19142815470695496,0.20849980413913727
CY25-05_1-#23,87,89,middle,0.7970501780509949,1.9956550598144531,0.018336893990635872,1.385269045829773,1.60860276222229,0.18776515126228333,0.20250891149044037,0.21147863566875458,0.1944393664598465,0.20380793511867523
CY25-05_1-#23,88,90,middle,0.7956945300102234,1.996411919593811,0.015490416437387466,1.3845185041427612,1.6079788208007812,0.18385881185531616,0.20393894612789154,0.21408908069133759,0.19184254109859467,0.20627062022686005
CY25-05_1-#23,89,91,middle,0.7984223961830139,1.9946355819702148,0.02206801436841488,1.3853685855865479,1.6086969375610352,0.19013909995555878,0.2010369449853897,0.21366888284683228,0.1985463947057724,0.19660867750644684
CY25-05_1-#23,90,92,middle,0.795230507850647,1.995559573173523,0.018691465258598328,1.384879469871521,1.6082568168640137,0.18742604553699493,0.20431485772132874,0.2111322283744812,0.18947067856788635,0.20765618979930878
CY25-05_1-#23,91,93,middle,0.7958781123161316,1.9955193996429443,0.01884329691529274,1.3852909803390503,1.6085999011993408,0.18758566677570343,0.20366458594799042,0.21230816841125488,0.1960383802652359,0.20040319859981537
CY25-05_1-#23,92,94,middle,0.7996587157249451,1.9955697059631348,0.018649710342288017,1.3850599527359009,1.6084520816802979,0.1877913773059845,0.19989751279354095,0.2153036892414093,0.1963595747947693,0.20064783096313477
CY25-05_1-#23,93,95,middle,0.7922526597976685,1.9954029321670532,0.01927865296602249,1.3858416080474854,1.6089181900024414,0.1894974708557129,0.2072698324918747,0.20498007535934448,0.19619539380073547,0.20205725729465485
CY25-05_1-#23,94,96,late,0.7947385907173157,1.9955295324325562,0.01882103830575943,1.3855704069137573,1.6087932586669922,0.18792377412319183,0.20480258762836456,0.208616241812706,0.19687876105308533,0.2017786204814911
CY25-05_1-#23,95,97,late,0.7950465679168701,1.9938865900039673,0.024741772562265396,1.3856608867645264,1.6088776588439941,0.1917269080877304,0.20432694256305695,0.20954154431819916,0.19330810010433197,0.20109650492668152
CY25-05_1-#23,96,98,late,0.7956030368804932,1.9935393333435059,0.02596239373087883,1.3859708309173584,1.6091386079788208,0.19368550181388855,0.20373669266700745,0.2066509872674942,0.19538037478923798,0.2005464732646942
CY25-05_1-#23,97,99,late,0.7934563755989075,1.9924561977386475,0.02971547469496727,1.3859845399856567,1.6090906858444214,0.194228395819664,0.2057645618915558,0.2068818062543869,0.19563829898834229,0.19748692214488983
CY25-05_1-#23,98,100,late,0.792079746723175,1.9921391010284424,0.03080049902200699,1.3861522674560547,1.6091700792312622,0.1953006237745285,0.20710302889347076,0.20343655347824097,0.19533713161945343,0.19882267713546753
CY25-05_1-#23,99,101,late,0.7893295884132385,1.9940567016601562,0.024152563884854317,1.385864496231079,1.6087894439697266,0.19086149334907532,0.21004438400268555,0.20276671648025513,0.19266793131828308,0.20365944504737854
CY25-05_1-#23,100,102,late,0.7918040156364441,1.9918866157531738,0.031658634543418884,1.386113166809082,1.609128713607788,0.19475695490837097,0.20735138654708862,0.20441575348377228,0.19579684734344482,0.1976790577173233
CY25-05_1-#23,101,103,late,0.788065493106842,1.9920141696929932,0.031235471367836,1.386155366897583,1.6089510917663574,0.19366414844989777,0.21108828485012054,0.20137152075767517,0.19443923234939575,0.19943679869174957
CY25-05_1-#23,102,104,late,0.791038990020752,1.9933103322982788,0.02675163932144642,1.3859496116638184,1.6089569330215454,0.19196957349777222,0.20826205611228943,0.20521904528141022,0.19431540369987488,0.20023390650749207
CY25-05_1-#23,103,105,late,0.7889746427536011,1.9897223711013794,0.03885393589735031,1.386216402053833,1.6090720891952515,0.19742581248283386,0.20994094014167786,0.20072075724601746,0.1980542242527008,0.19385820627212524
CY25-05_1-#23,104,106,late,0.7988840937614441,1.9946768283843994,0.021912172436714172,1.3849821090698242,1.6083906888961792,0.1894671469926834,0.20058061182498932,0.21691565215587616,0.19533580541610718,0.19770078361034393
CY25-05_1-#23,105,107,late,0.7897626757621765,1.9925092458724976,0.0295339897274971,1.3860116004943848,1.608941912651062,0.19208452105522156,0.2094498872756958,0.20448337495326996,0.1949089914560318,0.19907325506210327
CY25-05_1-#23,106,108,late,0.7929098010063171,1.9922895431518555,0.030300920829176903,1.3859508037567139,1.6090466976165771,0.1927693784236908,0.2062918245792389,0.20681191980838776,0.19783131778240204,0.1962955743074417
CY25-05_1-#23,107,109,late,0.797034740447998,1.9955828189849854,0.018614962697029114,1.384689450263977,1.608139991760254,0.1868465095758438,0.20251698791980743,0.21726086735725403,0.19324398040771484,0.20013165473937988
CY25-05_1-#23,108,110,late,0.7975191473960876,1.9959728717803955,0.01715666428208351,1.3845839500427246,1.6080620288848877,0.18552842736244202,0.2020731419324875,0.2166898548603058,0.19282948970794678,0.20287908613681793
CY25-05_1-#23,109,111,late,0.7873062491416931,1.990512490272522,0.03623005747795105,1.3860125541687012,1.60879385471344,0.1951116919517517,0.21168477833271027,0.20027557015419006,0.19042229652404785,0.20250563323497772
CY25-05_1-#23,110,112,late,0.7925543189048767,1.9946668148040771,0.021975351497530937,1.3857104778289795,1.6088298559188843,0.18979451060295105,0.20689250528812408,0.20699535310268402,0.1939907968044281,0.20232680439949036
CY25-05_1-#23,111,113,late,0.794214129447937,1.9932972192764282,0.02680651843547821,1.385751485824585,1.608928918838501,0.1929023414850235,0.20509620010852814,0.20972099900245667,0.19751864671707153,0.19476181268692017
CY25-05_1-#23,112,114,late,0.795426607131958,1.9944229125976562,0.022848963737487793,1.3854882717132568,1.6087491512298584,0.18987511098384857,0.20400291681289673,0.21187324821949005,0.19671453535556793,0.19753418862819672
CY25-05_1-#23,113,115,late,0.7935146689414978,1.994141697883606,0.0238597821444273,1.3858059644699097,1.6089458465576172,0.1907036304473877,0.20588049292564392,0.20798349380493164,0.19687876105308533,0.1985536366701126
CY25-05_1-#23,114,116,late,0.7904844880104065,1.9937875270843506,0.02512141689658165,1.3859741687774658,1.6089451313018799,0.19061563909053802,0.2088647037744522,0.2040364295244217,0.19627143442630768,0.2002118080854416
CY25-05_1-#23,115,117,late,0.7895992994308472,1.9928512573242188,0.028379254043102264,1.3861594200134277,1.609046220779419,0.1932530701160431,0.20964866876602173,0.20200446248054504,0.1963464319705963,0.19874733686447144
CY25-05_1-#23,116,118,late,0.7904787659645081,1.993262529373169,0.026967639103531837,1.386081337928772,1.6090326309204102,0.192055344581604,0.20881542563438416,0.2034839689731598,0.19785262644290924,0.19779260456562042
CY25-05_1-#23,117,119,late,0.7898320555686951,1.992614507675171,0.029207080602645874,1.3861181735992432,1.6090296506881714,0.19303274154663086,0.20939184725284576,0.20316827297210693,0.19810399413108826,0.19630317389965057
CY25-05_1-#23,118,120,late,0.7888898849487305,1.9942010641098022,0.023648131638765335,1.3858642578125,1.608762264251709,0.18887516856193542,0.21049800515174866,0.20326551795005798,0.19539330899715424,0.2019680142402649
CY25-05_1-#23,119,121,late,0.79537034034729,1.995294451713562,0.01968694105744362,1.3848803043365479,1.608262300491333,0.1867104321718216,0.20414821803569794,0.21592339873313904,0.1955539882183075,0.19766393303871155
CY25-05_1-#23,120,122,late,0.7903134822845459,1.990023136138916,0.03785397857427597,1.3861219882965088,1.6090712547302246,0.19593840837478638,0.20864051580429077,0.2038399875164032,0.1940600723028183,0.19752104580402374
CY25-05_1-#23,121,123,late,0.7857516407966614,1.989549160003662,0.039380088448524475,1.3861370086669922,1.6087828874588013,0.19493278861045837,0.21312883496284485,0.1986558586359024,0.19204875826835632,0.20123375952243805
CY25-05_1-#23,122,124,late,0.7848584055900574,1.9902446269989014,0.03714065998792648,1.3861662149429321,1.6087257862091064,0.19483064115047455,0.2140922099351883,0.19735100865364075,0.19259683787822723,0.2011292725801468
CY25-05_1-#23,123,125,late,0.7976574897766113,1.995804786682129,0.017797864973545074,1.3844927549362183,1.6079914569854736,0.18506745994091034,0.2019180804491043,0.21834997832775116,0.19576217234134674,0.19890230894088745
CY25-05_1-#23,124,126,late,0.7956694960594177,1.9956822395324707,0.018254335969686508,1.3847955465316772,1.608201265335083,0.18535950779914856,0.2038893848657608,0.21581049263477325,0.1961735486984253,0.19876709580421448
CY25-05_1-#23,125,127,late,0.7928845286369324,1.9939172267913818,0.024647802114486694,1.3855600357055664,1.6087297201156616,0.1894979178905487,0.2064855843782425,0.2104138284921646,0.19784139096736908,0.1957612782716751
CY25-05_1-#23,126,128,late,0.7930564284324646,1.9943243265151978,0.02319168485701084,1.3848296403884888,1.6081550121307373,0.1872081160545349,0.20635630190372467,0.21562913060188293,0.1918925642967224,0.19891390204429626
CY25-05_1-#23,127,129,late,0.7927671074867249,1.9932883977890015,0.026854807510972023,1.3854154348373413,1.6086115837097168,0.19014516472816467,0.20653747022151947,0.21173466742038727,0.19276291131973267,0.1988198161125183
CY25-05_1-#23,128,130,late,0.792540431022644,1.9929969310760498,0.027864109724760056,1.3855010271072388,1.6086716651916504,0.19064612686634064,0.20673313736915588,0.21102072298526764,0.19283470511436462,0.19876530766487122
CY25-05_1-#23,129,131,late,0.7917900085449219,1.9927750825881958,0.02863025665283203,1.3855196237564087,1.6086565256118774,0.1900380253791809,0.20745782554149628,0.2106904536485672,0.1936240792274475,0.1981896162033081
CY25-05_1-#23,130,132,late,0.7943558692932129,1.9906264543533325,0.035923294723033905,1.3857412338256836,1.6089352369308472,0.19370479881763458,0.20468033850193024,0.20992638170719147,0.19776923954486847,0.19391921162605286
CY25-05_1-#23,131,133,late,0.7899314165115356,1.99136483669281,0.03344070911407471,1.3859275579452515,1.6088924407958984,0.19176989793777466,0.20916160941123962,0.20593683421611786,0.19455982744693756,0.1985718160867691
CY25-05_1-#23,132,134,late,0.7879468202590942,1.988323450088501,0.04340202361345291,1.3862651586532593,1.6090564727783203,0.19649194180965424,0.2108151614665985,0.19940441846847534,0.1977066546678543,0.1955818086862564
CY25-05_1-#23,133,135,late,0.7909911870956421,1.9886246919631958,0.0424814373254776,1.3860821723937988,1.6090863943099976,0.19585105776786804,0.20782005786895752,0.20349696278572083,0.1999136358499527,0.1929183006286621
CY25-05_1-#23,134,136,late,0.7859054207801819,1.98618745803833,0.050109945237636566,1.3862216472625732,1.6088945865631104,0.19710977375507355,0.2126159816980362,0.199053555727005,0.19816316664218903,0.19305750727653503
CY25-05_1-#23,135,137,late,0.7933192253112793,1.9931981563568115,0.027193792164325714,1.3853509426116943,1.6085829734802246,0.18932901322841644,0.2059778869152069,0.21270786225795746,0.19569246470928192,0.19629283249378204
CY25-05_1-#23,136,138,late,0.7966050505638123,1.9942988157272339,0.023308418691158295,1.3847386837005615,1.6081774234771729,0.18727973103523254,0.20281516015529633,0.21759863197803497,0.19586749374866486,0.1964389830827713
CY25-05_1-#23,137,139,late,0.7936643362045288,1.9914135932922363,0.03329619765281677,1.3855425119400024,1.608754277229309,0.19207291305065155,0.20544983446598053,0.21159353852272034,0.1972370594739914,0.1936466544866562
CY25-05_1-#23,138,140,late,0.7942641377449036,1.992633581161499,0.02914581634104252,1.3849585056304932,1.608306646347046,0.18748009204864502,0.2049780935049057,0.21554481983184814,0.19601793587207794,0.19597908854484558
CY25-05_1-#23,139,141,late,0.7935452461242676,1.9915287494659424,0.03292040526866913,1.385504126548767,1.6087197065353394,0.19150672852993011,0.20558029413223267,0.21173162758350372,0.19769439101219177,0.19348694384098053
CY25-05_1-#23,140,142,late,0.7932665348052979,1.9935603141784668,0.025929681956768036,1.3850914239883423,1.6083736419677734,0.18770256638526917,0.20606781542301178,0.21428410708904266,0.19480572640895844,0.19713975489139557
