0,1,2,3,4
0.2638351,0.28489614,0.22924083,0.22202793,0.0
0.26299766,0.29702425,0.20849064,0.23148744,0.0
0.26578644,0.29655048,0.0,0.2301361,0.20752703
0.2643271,0.29879114,0.0,0.22919568,0.20768604
0.26269585,0.29945648,0.0,0.22982065,0.20802698
0.26152343,0.28706253,0.22457372,0.22684038,0.0
0.26471934,0.29365462,0.0,0.23044199,0.21118405
0.2684491,0.29472083,0.0,0.22831528,0.2085148
0.26305658,0.2956166,0.0,0.23076075,0.21056607
0.26855433,0.2954718,0.0,0.22636947,0.20960441
0.26379016,0.287576,0.22009718,0.22853667,0.0
0.25917405,0.29598123,0.0,0.23337689,0.2114678
0.26481372,0.29460004,0.0,0.23013943,0.21044677
0.26989248,0.29150075,0.0,0.22750524,0.21110159
0.26527652,0.29636204,0.0,0.22699527,0.21136622
0.26663068,0.28076574,0.22906928,0.22353432,0.0
0.25569344,0.29533508,0.0,0.23664437,0.21232715
0.2623144,0.29342338,0.0,0.23049602,0.21376619
0.26465318,0.29214627,0.0,0.23122767,0.21197292
0.2634141,0.2914673,0.0,0.23226546,0.21285315
0.2664613,0.28531066,0.2179456,0.23028241,0.0
0.26436284,0.28998253,0.0,0.23220654,0.21344803
0.2665972,0.29086423,0.0,0.22923225,0.21330635
0.26031417,0.2948606,0.0,0.23235118,0.21247408
0.2637928,0.29195362,0.0,0.22905765,0.21519591
0.26442605,0.28476351,0.0,0.23008625,0.22072423
0.2665427,0.2886477,0.0,0.23105422,0.21375537
0.2667172,0.2896844,0.0,0.22917435,0.2144241
0.26303783,0.29217443,0.0,0.23158477,0.21320298
0.26294398,0.29121444,0.0,0.23004572,0.2157958
0.2689275,0.279436,0.22504361,0.22659294,0.0
0.26235563,0.2884368,0.0,0.230919,0.21828856
0.26225093,0.2899374,0.0,0.22944163,0.21837
0.2608001,0.28988898,0.0,0.22990678,0.21940412
0.26204905,0.28922725,0.0,0.232032,0.21669167
0.26728594,0.28028464,0.22233453,0.23009485,0.0
0.25837132,0.2887243,0.0,0.23486888,0.2180355
0.2626247,0.28717837,0.0,0.23253469,0.21766223
0.26593682,0.28681535,0.0,0.22997035,0.2172775
0.26001704,0.28969985,0.0,0.23118702,0.2190961
0.26845622,0.27533486,0.22908148,0.22712743,0.0
0.25885785,0.2882263,0.0,0.23307514,0.21984068
0.2575609,0.28892174,0.0,0.232735,0.22078231
0.26457235,0.28747466,0.0,0.22802904,0.21992402
0.2594381,0.28951693,0.0,0.23005916,0.22098581
0.26168323,0.2808191,0.0,0.22936904,0.22812867
0.25939006,0.28680393,0.0,0.23255788,0.22124812
0.2594915,0.28677502,0.0,0.23133005,0.22240339
0.2615069,0.28689805,0.0,0.23230213,0.21929297
0.2615513,0.28529137,0.0,0.22947372,0.22368355
0.2599402,0.27721703,0.23092356,0.2319192,0.0
0.2615639,0.28281102,0.0,0.23182973,0.2237954
0.25883162,0.285008,0.0,0.23140089,0.22475949
0.25767863,0.28533256,0.0,0.23290098,0.22408779
0.25810334,0.2865182,0.0,0.22922061,0.2261579
0.2630599,0.27571455,0.23031037,0.0,0.23091517
0.25354216,0.28425846,0.0,0.23698035,0.22521907
0.25623766,0.28499082,0.0,0.2304594,0.2283121
0.25388622,0.28464735,0.0,0.2339244,0.227542
0.25441667,0.28454268,0.0,0.2342089,0.22683172
0.2600971,0.27418575,0.0,0.23271081,0.23300634
0.25230408,0.28377977,0.0,0.23592678,0.22798936
0.2514683,0.28444383,0.0,0.23586988,0.22821797
0.254471,0.28454444,0.0,0.23205438,0.22893019
0.25469273,0.28395197,0.0,0.23385672,0.22749864
0.25871727,0.27126688,0.23443492,0.0,0.23558095
0.25647628,0.28018764,0.0,0.23445602,0.22888005
0.25207675,0.28270346,0.0,0.23496099,0.23025878
0.25718352,0.28072664,0.0,0.23033008,0.23175982
0.25824308,0.28124186,0.0,0.23144712,0.2290679
0.25523436,0.27427685,0.0,0.2332633,0.23722546
0.25476348,0.27931803,0.0,0.23438632,0.23153217
0.25790462,0.27945644,0.0,0.23381156,0.2288274
0.25387943,0.28038636,0.0,0.23074418,0.23499008
0.25808072,0.27869123,0.0,0.23027645,0.23295157
0.25444412,0.26971257,0.23724951,0.0,0.23859383
0.2537296,0.2774008,0.0,0.23346826,0.2354013
0.25716364,0.27760646,0.0,0.23251115,0.23271878
0.25755832,0.277449,0.0,0.22893998,0.23605266
0.2506899,0.2808924,0.0,0.23142205,0.23699564
0.25162727,0.2684214,0.23937155,0.0,0.24057974
0.2548487,0.2766448,0.0,0.23219082,0.2363157
0.25533748,0.27687612,0.0,0.23132645,0.23646
0.2535598,0.27793214,0.0,0.23410878,0.23439927
0.25312907,0.27835062,0.0,0.23108332,0.23743694
0.25308883,0.26621133,0.24096656,0.0,0.23973328
0.24906333,0.2765582,0.0,0.2370127,0.2373658
0.25234807,0.27689564,0.0,0.23226275,0.23849356
0.25015,0.27802512,0.0,0.23381433,0.23801056
0.25629836,0.27489233,0.0,0.22980976,0.23899956
0.24765223,0.26738828,0.23886646,0.0,0.24609303
0.24862768,0.27581546,0.0,0.23647717,0.23907971
0.25636932,0.27254987,0.23198953,0.0,0.23909128
0.24950148,0.27729777,0.0,0.23393258,0.2392682
0.25704658,0.27573082,0.0,0.22794367,0.23927893
0.2492687,0.2607051,0.24595593,0.0,0.24407026
0.24787001,0.27352098,0.0,0.23703817,0.24157083
0.255352,0.2715673,0.23225419,0.0,0.24082647
0.2471979,0.27615938,0.0,0.233282,0.24336076
0.25039697,0.27564737,0.0,0.2305004,0.24345523
0.2470798,0.2599365,0.2451,0.0,0.24788368
0.24837837,0.27085438,0.0,0.23654167,0.24422558
0.2523419,0.2691472,0.23625185,0.0,0.24225906
0.25106174,0.27299425,0.0,0.23293647,0.24300757
0.25335208,0.27214953,0.0,0.22862598,0.24587242
0.2460696,0.2585448,0.24600442,0.0,0.24938121
0.24455352,0.2699865,0.2381195,0.0,0.2473405
0.2524801,0.26948053,0.23296225,0.0,0.2450771
0.24875024,0.27224085,0.22940066,0.0,0.24960826
0.2519618,0.27032468,0.22991355,0.0,0.24779996
0.2442565,0.2587163,0.24657796,0.0,0.25044927
0.24541278,0.26375225,0.24326499,0.0,0.24756995
0.25055873,0.26909995,0.23252518,0.0,0.24781615
0.2504038,0.26805484,0.23375647,0.0,0.24778487
0.25316608,0.26929352,0.23121926,0.0,0.2463211
0.24608281,0.2536737,0.25079638,0.0,0.24944706
0.24276549,0.26811332,0.23850164,0.0,0.25061962
0.249687,0.26720798,0.2347169,0.0,0.24838805
0.24609235,0.26977998,0.0,0.2350287,0.24909899
0.25017634,0.26471746,0.23696975,0.0,0.24813648
0.24112125,0.2538971,0.2517074,0.0,0.25327423
0.23958822,0.26718497,0.24062511,0.0,0.2526017
0.24516067,0.26513633,0.23949458,0.0,0.2502084
0.24922077,0.26465917,0.23603033,0.0,0.25008976
0.24690275,0.26473236,0.23717761,0.0,0.25118732
0.24037175,0.25615668,0.24682626,0.0,0.2566453
0.24211392,0.26139727,0.2432922,0.0,0.25319663
0.24766429,0.26480514,0.23742853,0.0,0.25010204
0.24735428,0.2637843,0.23804355,0.0,0.2508179
0.24543472,0.26675227,0.2345358,0.0,0.25327718
0.23889482,0.25461486,0.24938306,0.0,0.25710723
0.23799703,0.26288548,0.24443763,0.0,0.2546799
0.24376573,0.26397908,0.23925138,0.0,0.2530038
0.24664137,0.26580256,0.23561569,0.0,0.25194043
0.24537121,0.2655407,0.2352888,0.0,0.25379932
0.23928797,0.2501847,0.25212535,0.0,0.25840202
0.2403098,0.25947505,0.2453141,0.0,0.25490102
0.24782033,0.25598627,0.24608119,0.0,0.2501122
0.24523075,0.26302454,0.23794506,0.0,0.2537996
0.24506855,0.2656445,0.23474567,0.0,0.25454128
0.23904745,0.2490687,0.25078666,0.0,0.2610972
0.2427857,0.25658086,0.2464272,0.0,0.25420624
0.24615595,0.2572215,0.24225916,0.0,0.25436336
0.2469174,0.2605506,0.23855668,0.0,0.2539753
0.247222,0.26027507,0.23688214,0.0,0.2556208
0.2400533,0.24449481,0.25426546,0.0,0.2611864
0.23918232,0.2590581,0.24429145,0.0,0.25746813
0.24342586,0.25927952,0.24119684,0.0,0.25609776
0.24956706,0.25603375,0.24132514,0.0,0.253074
0.24682106,0.26207837,0.234262,0.0,0.25683853
0.23785034,0.24610814,0.25329113,0.0,0.26275033
0.2419657,0.25447482,0.24631372,0.0,0.25724578
0.24209048,0.2579084,0.24297683,0.0,0.25702432
0.24752927,0.2536469,0.24328077,0.0,0.25554305
0.24734661,0.25845838,0.23766719,0.0,0.2565278
0.2374074,0.2456573,0.25023323,0.0,0.26670212
0.24111448,0.25177813,0.24816798,0.0,0.2589394
0.24286066,0.25683713,0.24287859,0.0,0.25742367
0.24454685,0.259152,0.2367628,0.0,0.25953838
0.24468657,0.25641432,0.2406816,0.0,0.25821748
0.24035457,0.24200653,0.25588286,0.0,0.26175603
0.24011004,0.25143707,0.2498609,0.0,0.25859198
0.24128605,0.2523524,0.24734597,0.0,0.2590156
0.24278201,0.25878975,0.23913138,0.0,0.25929683
0.24526742,0.25745502,0.23831338,0.0,0.25896418
0.23833513,0.23975378,0.25597116,0.0,0.26593995
0.24076658,0.24726291,0.2510153,0.0,0.26095515
0.24009913,0.25447714,0.24331813,0.0,0.26210558
0.24530236,0.25475097,0.239734,0.0,0.26021266
0.24436961,0.2575443,0.23636755,0.0,0.2617185
0.2379448,0.23962864,0.2539715,0.0,0.2684551
0.2419374,0.24729705,0.25063217,0.0,0.2601334
0.24218929,0.25262898,0.24531701,0.0,0.2598647
0.24496949,0.2539791,0.2415978,0.0,0.25945365
0.24639794,0.25128385,0.24344188,0.0,0.25887632
0.23948756,0.23629719,0.25731605,0.0,0.2668992
0.24006607,0.24779865,0.24976549,0.0,0.2623698
0.24194467,0.24921133,0.24737388,0.0,0.26147014
0.24670476,0.25186592,0.24168797,0.0,0.2597414
0.24726383,0.2531422,0.23953149,0.0,0.2600625
0.23922823,0.23390411,0.2572464,0.0,0.26962128
0.24159193,0.24737196,0.24741504,0.0,0.26362103
0.24421422,0.2525652,0.24281374,0.0,0.26040685
0.24609643,0.25164863,0.24099724,0.0,0.26125774
0.24302204,0.25200996,0.2434675,0.0,0.2615005
0.23990181,0.23210506,0.25734597,0.0,0.27064714
0.24251263,0.24623564,0.24884167,0.0,0.26241007
0.24099298,0.25454402,0.24031249,0.0,0.2641505
0.24326234,0.25088188,0.24322101,0.0,0.26263475
0.24456088,0.25316262,0.2408251,0.0,0.26145136
0.24185148,0.22773066,0.26141772,0.0,0.2690001
0.24165013,0.24457863,0.25155118,0.0,0.26222008
0.24413526,0.2480603,0.24492422,0.0,0.26288018
0.24238174,0.25220722,0.24211927,0.0,0.2632918
0.24779195,0.24858572,0.24332483,0.0,0.26029748
0.24413884,0.22767478,0.25753567,0.0,0.27065066
0.24230894,0.24102096,0.25160363,0.0,0.26506642
0.24174346,0.24678603,0.24795844,0.0,0.2635121
0.24559127,0.24957456,0.24249409,0.0,0.2623401
0.24793659,0.24925967,0.24233079,0.0,0.26047292
0.24243854,0.0,0.2570904,0.23164465,0.26882645
0.24185294,0.24370328,0.25024444,0.0,0.26419935
0.24480127,0.2470028,0.24621657,0.0,0.26197937
0.24654464,0.24810486,0.24431264,0.0,0.2610379
0.2483463,0.24627107,0.24472512,0.0,0.2606575
0.24200311,0.0,0.2590144,0.22813979,0.2708427
0.24333331,0.2392687,0.2555863,0.0,0.26181167
0.24254139,0.2480305,0.24591205,0.0,0.2635161
0.24613108,0.248376,0.24315907,0.0,0.26233384
0.2446822,0.2496455,0.24296156,0.0,0.26271072
0.24272785,0.0,0.2621661,0.224984,0.27012202
0.23965165,0.24252903,0.25196195,0.0,0.26585734
0.24414806,0.24358712,0.25058913,0.0,0.2616757
0.2449654,0.24803752,0.24578945,0.0,0.26120764
0.2450909,0.24808896,0.24593192,0.0,0.26088825
0.24289793,0.0,0.26268592,0.22585373,0.2685624
0.24277224,0.23888928,0.2576647,0.0,0.2606738
0.2439018,0.24473587,0.25046775,0.0,0.2608946
0.24367854,0.24849509,0.2479023,0.0,0.25992405
0.24426651,0.24595,0.24976851,0.0,0.260015
0.23876621,0.0,0.26158443,0.22875966,0.27088973
0.2576275,0.28821936,0.22434309,0.22981012,0.0
0.2594162,0.29795355,0.20319796,0.23943229,0.0
0.2644588,0.29514432,0.20667942,0.23371749,0.0
0.256272,0.30148032,0.0,0.23613223,0.20611544
0.26261568,0.2993887,0.0,0.23458728,0.2034083
0.25893906,0.29072124,0.21923967,0.23110007,0.0
0.25957668,0.2975093,0.0,0.23632751,0.2065865
0.26112002,0.2973916,0.0,0.23446974,0.20701861
0.2608819,0.29835343,0.0,0.23482986,0.20593485
0.26459482,0.2953526,0.0,0.23445342,0.20559913
0.25899485,0.287976,0.22074495,0.23228423,0.0
0.26276615,0.2945748,0.0,0.23513106,0.20752794
0.25915024,0.29644248,0.0,0.2339038,0.21050344
0.2611769,0.29665,0.0,0.23324583,0.20892724
0.2637243,0.29448983,0.0,0.2340652,0.20772068
0.25523221,0.2867579,0.22329454,0.23471531,0.0
0.25362095,0.2973784,0.0,0.23758484,0.21141578
0.2615039,0.29359937,0.0,0.23514211,0.20975465
0.2664809,0.29145595,0.0,0.23201177,0.2100514
0.26565975,0.29161185,0.0,0.23339859,0.2093298
0.2641948,0.28708386,0.21409224,0.23462912,0.0
0.25587186,0.29412633,0.0,0.23818687,0.21181498
0.26059592,0.29357347,0.0,0.23521526,0.2106154
0.2656146,0.29147628,0.0,0.23309624,0.20981291
0.266808,0.28997332,0.0,0.23025198,0.21296665
0.26555178,0.2835567,0.2183819,0.2325096,0.0
0.2623151,0.29042813,0.0,0.2336854,0.21357137
0.260874,0.29100132,0.0,0.23609199,0.21203274
0.26198485,0.2903769,0.0,0.23350298,0.21413521
0.26324078,0.29007328,0.0,0.23433967,0.21234623
0.26243347,0.2846635,0.0,0.23095931,0.22194372
0.25723428,0.2908398,0.0,0.23718797,0.21473797
0.25537443,0.293359,0.0,0.23690166,0.2143649
0.26376945,0.28847572,0.0,0.23339006,0.21436478
0.2665466,0.28698733,0.0,0.23266198,0.21380402
0.26582423,0.2822525,0.0,0.23165889,0.22026438
0.25850588,0.28858897,0.0,0.23715349,0.21575163
0.26192424,0.28807297,0.0,0.23490883,0.21509394
0.26207593,0.28766727,0.0,0.23246738,0.21778943
0.26336268,0.28746054,0.0,0.23278676,0.21639006
0.26016846,0.28415242,0.0,0.23480469,0.22087446
0.2590302,0.28674644,0.0,0.23662357,0.21759978
0.2579424,0.28750205,0.0,0.23558053,0.21897502
0.2587364,0.2892005,0.0,0.23583858,0.21622449
0.2610412,0.28818482,0.0,0.23216675,0.21860722
0.26467156,0.27947313,0.0,0.23299715,0.22285816
0.2616571,0.28540564,0.0,0.23478603,0.2181512
0.261178,0.28515616,0.0,0.23357156,0.22009423
0.2595339,0.28520823,0.0,0.23606962,0.21918826
0.26343885,0.28486338,0.0,0.23096898,0.22072883
0.26493824,0.2759492,0.22767337,0.2314392,0.0
0.2591864,0.28438488,0.0,0.23465288,0.22177584
0.2644507,0.28350428,0.0,0.23230988,0.21973518
0.2589201,0.28450525,0.0,0.23504145,0.22153322
0.2607668,0.28367928,0.0,0.23519634,0.2203576
0.25974402,0.27950558,0.0,0.23613912,0.2246113
0.25459093,0.28328618,0.0,0.2378461,0.22427683
0.25718388,0.28434125,0.0,0.23624142,0.22223343
0.25879416,0.2838251,0.0,0.23311368,0.22426705
0.2616958,0.28254473,0.0,0.23322095,0.22253855
0.26284367,0.2758328,0.0,0.2333867,0.2279368
0.25945774,0.2814138,0.0,0.235895,0.22323348
0.2594271,0.28249714,0.0,0.23411477,0.22396104
0.26162115,0.2823525,0.0,0.23037678,0.22564955
0.26110882,0.2815903,0.0,0.23210673,0.22519417
0.26430443,0.27351886,0.0,0.23122971,0.23094696
0.26349655,0.27885702,0.0,0.23287152,0.22477494
0.25930575,0.28135702,0.0,0.23217179,0.22716546
0.25553277,0.2822227,0.0,0.23415463,0.22808984
0.25926587,0.2802033,0.0,0.23088025,0.22965059
0.26409525,0.2720955,0.0,0.23257713,0.23123214
0.2601669,0.27631092,0.0,0.23480292,0.22871926
0.2608058,0.2791444,0.0,0.23344515,0.22660461
0.2577007,0.2802986,0.0,0.23201166,0.229989
0.25822654,0.2786407,0.0,0.23478208,0.2283507
0.26019764,0.27285975,0.0,0.23467086,0.23227173
0.26020128,0.2783275,0.0,0.23278469,0.22868651
0.258709,0.27849495,0.0,0.2324632,0.23033279
0.25607264,0.27956218,0.0,0.23443963,0.22992557
0.2575392,0.27759862,0.0,0.23336376,0.23149842
0.25838986,0.27217,0.0,0.23304714,0.23639299
0.2558259,0.2776841,0.0,0.23648308,0.2300069
0.25618905,0.27774763,0.0,0.23229384,0.23376949
0.2557814,0.27668262,0.0,0.23402205,0.23351392
0.26149198,0.27628484,0.0,0.23162264,0.23060054
0.26361513,0.26930398,0.0,0.22898895,0.23809189
0.25734165,0.27322623,0.0,0.23510149,0.23433061
0.2555747,0.2750455,0.0,0.23520574,0.23417406
0.2599997,0.2721535,0.0,0.2324404,0.23540644
0.25952655,0.275006,0.0,0.23145872,0.23400871
0.2593839,0.26939204,0.0,0.23302412,0.23819995
0.2571877,0.274477,0.0,0.23439895,0.2339364
0.25298727,0.2767152,0.0,0.23565786,0.23463969
0.25332135,0.27410313,0.0,0.23477548,0.23780002
0.2567681,0.27479035,0.0,0.23166576,0.23677579
0.25996584,0.265333,0.23355266,0.0,0.24114852
0.2512108,0.2741856,0.0,0.23610982,0.23849379
0.2538893,0.2745768,0.0,0.2350798,0.23645414
0.25232142,0.27399775,0.0,0.23485617,0.23882467
0.25315484,0.2740677,0.0,0.23502317,0.23775429
0.2573688,0.2636364,0.23424232,0.0,0.24475245
0.25089774,0.27227286,0.0,0.23735093,0.23947853
0.25091392,0.27236745,0.0,0.23709778,0.23962088
0.24933623,0.27423784,0.0,0.23642801,0.23999791
0.25407073,0.27208397,0.0,0.23337336,0.24047194
0.25307864,0.2648145,0.0,0.23685203,0.24525481
0.2509833,0.27042502,0.0,0.23919013,0.23940152
0.25442934,0.27016333,0.0,0.23547153,0.23993576
0.25743708,0.26814172,0.0,0.2331735,0.24124771
0.2528562,0.27013183,0.0,0.23519358,0.24181841
0.25264263,0.26571363,0.0,0.23575729,0.24588643
0.25416675,0.26924026,0.0,0.23471726,0.2418757
0.24748786,0.27238432,0.0,0.2379385,0.24218936
0.25097033,0.26973,0.0,0.2350021,0.24429756
0.25516337,0.26859924,0.0,0.23157305,0.24466436
0.2529708,0.26197252,0.0,0.23723562,0.24782108
0.2501954,0.26771557,0.0,0.23684481,0.24524419
0.25022286,0.2692322,0.0,0.23420677,0.24633819
0.24970372,0.26815683,0.0,0.23353566,0.24860382
0.24904682,0.2690249,0.0,0.23455104,0.24737723
0.24852817,0.26060075,0.23800723,0.0,0.25286385
0.24467032,0.2697182,0.0,0.23965323,0.24595827
0.24714515,0.2686381,0.0,0.23661491,0.24760188
0.25263435,0.26654795,0.0,0.23357204,0.24724565
0.25063843,0.26718158,0.0,0.23540027,0.24677974
0.2501765,0.25621742,0.24235173,0.0,0.25125432
0.24480672,0.26485884,0.0,0.24153854,0.24879593
0.24928409,0.2669977,0.0,0.23610155,0.24761665
0.24779518,0.2668863,0.0,0.23396759,0.25135094
0.25143787,0.26472452,0.0,0.23448923,0.2493484
0.248087,0.25712815,0.24080445,0.0,0.25398043
0.24690837,0.26388973,0.0,0.23726064,0.25194123
0.24656397,0.26636347,0.0,0.23601587,0.25105667
0.25205532,0.26414174,0.0,0.23242387,0.2513791
0.2540058,0.26277506,0.2307103,0.0,0.25250885
0.24887592,0.25283134,0.24225944,0.0,0.25603324
0.24718209,0.25890496,0.23906189,0.0,0.25485107
0.24754435,0.26307824,0.0,0.23557797,0.25379947
0.24542144,0.2644552,0.0,0.23475087,0.25537252
0.2520804,0.26363513,0.0,0.23016064,0.25412378
0.24751005,0.2485522,0.24515264,0.0,0.2587851
0.24694411,0.25990134,0.0,0.23721491,0.2559396
0.24784897,0.26097265,0.23554575,0.0,0.25563267
0.2509512,0.2609542,0.23438378,0.0,0.25371084
0.24870619,0.26185915,0.0,0.2339717,0.25546294
0.24628425,0.25040793,0.24370073,0.0,0.25960705
0.2453596,0.25721997,0.23969086,0.0,0.25772956
0.24802384,0.26075968,0.0,0.236105,0.25511152
0.2443029,0.26196954,0.0,0.23509313,0.25863442
0.24796027,0.2593294,0.2339738,0.0,0.25873652
0.24183312,0.2469614,0.2474829,0.0,0.26372254
0.24421003,0.25834063,0.23870452,0.0,0.25874478
0.24894416,0.2567109,0.23577644,0.0,0.2585685
0.24783151,0.25794518,0.23484474,0.0,0.25937858
0.24672179,0.26157403,0.0,0.23302865,0.25867555
0.24440715,0.24750121,0.24461348,0.0,0.26347816
0.24698098,0.25698477,0.0,0.23847121,0.25756308
0.2464877,0.25744587,0.0,0.23644632,0.25962007
0.25083005,0.25762194,0.23424846,0.0,0.25729954
0.24758576,0.25775313,0.23396203,0.0,0.26069906
0.24344131,0.2458435,0.24287921,0.0,0.26783597
0.24442466,0.25395057,0.2413339,0.0,0.26029083
0.24896705,0.25565472,0.23516577,0.0,0.26021245
0.24696095,0.25857902,0.0,0.23581977,0.25864026
0.25082946,0.25677574,0.23286389,0.0,0.25953093
0.24213165,0.2438296,0.24540348,0.0,0.26863527
0.24568957,0.25512427,0.0,0.2359834,0.26320273
0.24863271,0.25543186,0.0,0.23528393,0.2606515
0.24754833,0.25717628,0.2330079,0.0,0.2622675
0.2512895,0.2561469,0.23469946,0.0,0.25786415
0.2480904,0.24138169,0.24419564,0.0,0.2663322
0.24400122,0.25052,0.24251024,0.0,0.26296854
0.24528629,0.25327837,0.23861286,0.0,0.26282248
0.24942943,0.2552208,0.0,0.23500219,0.26034755
0.2486611,0.25427446,0.23421767,0.0,0.26284677
0.24877478,0.23578683,0.2481235,0.0,0.2673149
0.24606775,0.24941804,0.24095276,0.0,0.2635614
0.24592878,0.25329143,0.23782721,0.0,0.26295257
0.24798895,0.253769,0.2342006,0.0,0.26404145
0.24415886,0.25757593,0.0,0.2344661,0.2637991
0.2460606,0.23592956,0.24761976,0.0,0.27039
0.24794585,0.24698173,0.2424898,0.0,0.26258263
0.25000742,0.25059628,0.23527895,0.0,0.26411733
0.2464827,0.25436798,0.0,0.2351165,0.2640328
0.2487133,0.25110245,0.23510766,0.0,0.2650766
0.24837187,0.0,0.24709763,0.23410435,0.2704261
0.24756885,0.247138,0.23961003,0.0,0.2656831
0.24873771,0.2526296,0.23476154,0.0,0.26387116
0.24864607,0.2527337,0.23179671,0.0,0.26682353
0.24961631,0.25156108,0.23500757,0.0,0.26381502
0.2521432,0.22819477,0.24811356,0.0,0.27154848
0.24225011,0.24980143,0.0,0.23916373,0.2687847
0.24996151,0.25207007,0.23351143,0.0,0.26445693
0.24690957,0.25194502,0.0,0.23624876,0.26489663
0.25111353,0.25073376,0.23536359,0.0,0.26278907
0.24878472,0.0,0.24547984,0.23284908,0.27288637
0.24727201,0.24759942,0.23824327,0.0,0.26688528
0.24681002,0.25328615,0.0,0.23668422,0.2632196
0.25214028,0.24884613,0.23796883,0.0,0.26104477
0.25107044,0.25047708,0.23559639,0.0,0.2628561
0.24978393,0.0,0.24860597,0.23116003,0.27045006
0.24725227,0.24697767,0.23954442,0.0,0.26622564
0.24439132,0.25356,0.0,0.23623766,0.26581103
0.24909745,0.25483412,0.0,0.23278587,0.26328254
0.2471548,0.25515416,0.0,0.23457009,0.26312098
0.2492029,0.0,0.25046295,0.22817025,0.27216396
0.24531177,0.25204638,0.26444766,0.2381942,0.0
0.2410415,0.26368597,0.2480134,0.2472591,0.0
0.24544641,0.26553002,0.2442979,0.24472567,0.0
0.24749918,0.2663097,0.245082,0.24110912,0.0
0.24781902,0.26392147,0.24765188,0.24060765,0.0
0.24673346,0.25388944,0.2620259,0.2373512,0.0
0.23923956,0.26669687,0.24777594,0.2462876,0.0
0.25107643,0.2619464,0.2475043,0.23947287,0.0
0.24849042,0.2639289,0.24690263,0.24067812,0.0
0.24748957,0.2682585,0.24172668,0.24252522,0.0
0.2464834,0.25379604,0.2629237,0.23679687,0.0
0.245472,0.26500568,0.24335329,0.24616909,0.0
0.24405527,0.26671043,0.24517351,0.24406081,0.0
0.25510308,0.26046973,0.24847636,0.23595086,0.0
0.25362915,0.262956,0.24628234,0.23713255,0.0
0.2472998,0.2534093,0.26013443,0.23915641,0.0
0.243121,0.26343188,0.24926561,0.24418151,0.0
0.24808514,0.2629096,0.24698056,0.24202472,0.0
0.2521686,0.26328865,0.2454718,0.23907095,0.0
0.24778818,0.26539597,0.24484485,0.24197105,0.0
0.24827336,0.24899267,0.26791838,0.2348156,0.0
0.248757,0.25957137,0.25022936,0.24144226,0.0
0.24856864,0.26361555,0.24763301,0.2401828,0.0
0.25768617,0.26101685,0.24538985,0.23590714,0.0
0.25303113,0.26291588,0.24693784,0.23711511,0.0
0.24335508,0.2540306,0.26207834,0.24053602,0.0
0.24440257,0.26011765,0.25399363,0.24148615,0.0
0.24536584,0.26269826,0.25152418,0.24041167,0.0
0.2523705,0.2590331,0.2502053,0.23839107,0.0
0.25027633,0.265109,0.24346654,0.24114814,0.0
0.24920413,0.24763179,0.26743287,0.0,0.23573123
0.24414846,0.2580019,0.25539756,0.24245207,0.0
0.24577855,0.25995293,0.25134945,0.24291909,0.0
0.24796224,0.26144466,0.25209475,0.23849839,0.0
0.24854879,0.2667267,0.24316932,0.24155515,0.0
0.2443904,0.25459173,0.25929695,0.24172091,0.0
0.24494497,0.26012576,0.25273034,0.24219893,0.0
0.24513525,0.26209128,0.2520625,0.24071097,0.0
0.24969867,0.26148373,0.2476603,0.24115726,0.0
0.24798898,0.26254588,0.2482031,0.241262,0.0
0.24007866,0.24907905,0.26689464,0.0,0.24394767
0.24301104,0.25717622,0.25780502,0.2420077,0.0
0.24715039,0.25933674,0.25351858,0.23999426,0.0
0.24869755,0.25720546,0.25571507,0.0,0.23838194
0.24929737,0.2591623,0.25332296,0.23821732,0.0
0.24357703,0.24739957,0.267453,0.0,0.24157043
0.0,0.26114205,0.2504819,0.24659555,0.24178056
0.24657267,0.25794303,0.252265,0.24321932,0.0
0.24996762,0.25644946,0.2560951,0.0,0.23748782
0.24885261,0.25775367,0.25354746,0.0,0.23984626
0.24324097,0.24765229,0.26578745,0.0,0.24331932
0.0,0.2565876,0.25720745,0.24200182,0.24420315
0.2422455,0.2566995,0.25805387,0.0,0.24300109
0.24496445,0.25767735,0.25542852,0.0,0.24192967
0.24423867,0.26089352,0.25177613,0.0,0.24309167
0.24236247,0.24630511,0.26695958,0.0,0.24437284
0.0,0.2558577,0.2584876,0.24490118,0.24075352
0.0,0.25900468,0.25262588,0.2443343,0.2440351
0.2434385,0.25769594,0.25513396,0.0,0.24373157
0.24782887,0.2567778,0.25351226,0.0,0.24188104
0.23982902,0.24588923,0.26810378,0.0,0.246178
0.0,0.255806,0.2554035,0.24491526,0.24387524
0.0,0.25785574,0.25314507,0.24374698,0.24525218
0.24932255,0.2552493,0.25332502,0.0,0.24210314
0.24176078,0.2601853,0.25210145,0.0,0.24595244
0.24114096,0.2428386,0.2692428,0.0,0.24677764
0.0,0.2508311,0.26271248,0.24113634,0.24532008
0.24278317,0.2511826,0.26220113,0.0,0.24383315
0.24328125,0.25317305,0.26045042,0.24309532,0.0
0.24284348,0.25342768,0.25811875,0.0,0.24561007
0.24068238,0.24366526,0.26741302,0.0,0.24823931
0.0,0.25076014,0.2595517,0.24523744,0.2444507
0.0,0.25557622,0.25285655,0.24637526,0.24519195
0.24462405,0.25665602,0.25245872,0.0,0.2462612
0.2455364,0.25495937,0.25542986,0.0,0.24407436
0.24398291,0.24532834,0.26259738,0.0,0.2480914
0.0,0.25005955,0.2591614,0.24483418,0.2459449
0.0,0.2519944,0.2578985,0.24419864,0.24590848
0.2459431,0.25269228,0.25404674,0.0,0.24731787
0.0,0.25690728,0.25138077,0.24460372,0.2471082
0.24630985,0.24135303,0.2650609,0.0,0.24727623
0.24136558,0.24611811,0.26531827,0.0,0.24719799
0.24455032,0.2512756,0.25620797,0.0,0.24796613
0.24517122,0.25443485,0.25277308,0.0,0.24762082
0.0,0.2554566,0.25036252,0.2429305,0.25125036
0.0,0.24486981,0.26321328,0.2411338,0.2507831
0.0,0.24845034,0.25689954,0.2475457,0.24710442
0.0,0.25273606,0.25410792,0.24393699,0.24921902
0.24592645,0.25328025,0.25281826,0.0,0.24797505
0.24571247,0.24945612,0.25942093,0.0,0.24541046
0.24360196,0.24215606,0.2638849,0.0,0.250357
0.0,0.24850169,0.25594777,0.24728793,0.2482626
0.0,0.25094095,0.25467712,0.24639702,0.24798489
0.24530274,0.2511881,0.25512636,0.0,0.24838285
0.24507765,0.2476137,0.2593044,0.0,0.24800426
0.24551821,0.0,0.27195403,0.23471057,0.24781725
0.0,0.2471311,0.25751504,0.2450051,0.25034872
0.0,0.24733515,0.26050782,0.24320878,0.2489483
0.24421571,0.25055298,0.2547056,0.0,0.25052574
0.24448821,0.24995165,0.25538027,0.0,0.2501799
0.0,0.2418853,0.262331,0.24271895,0.25306472
0.0,0.24654675,0.25695857,0.24419796,0.25229675
0.24540219,0.24774574,0.25776842,0.0,0.24908368
0.0,0.25120127,0.25189394,0.24516289,0.25174195
0.25061432,0.2503124,0.25214717,0.0,0.24692611
0.2455892,0.0,0.27002564,0.23580337,0.24858181
0.0,0.24696529,0.25626546,0.24666886,0.25010037
0.0,0.24737433,0.25624204,0.2447577,0.2516259
0.0,0.24936321,0.25491774,0.2458196,0.24989945
0.24516845,0.2441467,0.25797328,0.0,0.25271156
0.24057889,0.0,0.2676316,0.23662448,0.255165
0.0,0.2439172,0.25755158,0.24673899,0.2517922
0.0,0.24623051,0.2539409,0.24876177,0.25106677
0.24315892,0.24906503,0.25660124,0.0,0.2511748
0.0,0.2481217,0.2559595,0.24524023,0.25067854
0.24094129,0.0,0.2659114,0.23939113,0.25375617
0.0,0.24143481,0.2616652,0.2457533,0.25114673
0.0,0.24505675,0.25692445,0.24692522,0.25109357
0.0,0.2457726,0.25751314,0.24366629,0.25304797
0.24632543,0.24595638,0.25737777,0.0,0.25034043
0.2426129,0.0,0.26584077,0.23632117,0.25522512
0.0,0.2412367,0.25980112,0.2481342,0.250828
0.0,0.24420173,0.25911132,0.24353506,0.2531519
0.0,0.24561577,0.25605994,0.2471775,0.2511468
0.24827796,0.24480234,0.2543249,0.0,0.2525948
0.24303856,0.0,0.26384285,0.23857586,0.2545427
0.0,0.24269158,0.25444272,0.2491499,0.2537158
0.2459806,0.24281634,0.259387,0.0,0.25181606
0.0,0.24611805,0.25567,0.24511892,0.25309297
0.24499871,0.0,0.25838542,0.24386339,0.25275248
0.24270172,0.0,0.26524776,0.23644423,0.25560623
0.0,0.24140902,0.25826126,0.24703917,0.2532905
0.0,0.24213932,0.25813437,0.24654743,0.2531789
0.2453878,0.2428965,0.25701058,0.0,0.2547052
0.24459103,0.0,0.2566859,0.24383733,0.25488567
0.24309224,0.0,0.26548725,0.23562972,0.25579074
0.23897311,0.0,0.2617363,0.2435191,0.2557715
0.0,0.24327427,0.2543215,0.24468607,0.2577182
0.0,0.24374756,0.2537923,0.24785198,0.25460815
0.24570297,0.0,0.25681043,0.24213104,0.25535557
0.24542715,0.0,0.26498976,0.23279026,0.25679287
0.2382754,0.0,0.26131314,0.2467795,0.25363195
0.2416247,0.0,0.25736576,0.24432519,0.25668436
0.24442236,0.0,0.25590602,0.245063,0.2546086
0.24399692,0.0,0.25354692,0.24721082,0.2552453
0.2429697,0.0,0.26621836,0.23635784,0.25445408
0.23907475,0.0,0.25766027,0.24776416,0.2555008
0.24202654,0.0,0.2553624,0.24738537,0.25522572
0.24615331,0.0,0.2557009,0.24282914,0.25531664
0.24765854,0.0,0.25740322,0.24308936,0.25184894
0.24099718,0.0,0.2634248,0.23748526,0.25809276
0.2406266,0.0,0.26005918,0.24283165,0.25648254
0.24126413,0.0,0.254267,0.24714547,0.2573234
0.24242292,0.0,0.25263563,0.24934568,0.25559583
0.24614394,0.0,0.2551387,0.24246857,0.25624877
0.24521002,0.0,0.2601741,0.23600857,0.25860727
0.24121618,0.0,0.25827336,0.24657264,0.25393778
0.24479456,0.0,0.25648674,0.24232972,0.25638902
0.24250297,0.0,0.25301567,0.2458214,0.25866
0.24604729,0.0,0.25595963,0.24375184,0.2542413
0.24377054,0.0,0.2623502,0.23567753,0.2582017
0.24065474,0.0,0.25644407,0.24692932,0.2559719
0.2434168,0.0,0.25784025,0.24458142,0.25416148
0.24487002,0.0,0.25833094,0.23956281,0.2572362
0.24691954,0.0,0.25308314,0.24263836,0.25735897
0.24317247,0.0,0.26654723,0.23246713,0.25781313
0.2446017,0.0,0.25796592,0.24153566,0.25589675
0.24560997,0.0,0.25925225,0.24018665,0.25495115
0.24661228,0.0,0.2529576,0.24448322,0.2559469
0.24585031,0.0,0.2541941,0.24478996,0.25516567
0.24338727,0.0,0.2646509,0.23445678,0.25750506
0.23926547,0.0,0.25661916,0.24559286,0.25852254
0.24381961,0.0,0.25352335,0.24527423,0.25738278
0.24447776,0.0,0.2510116,0.24756853,0.2569421
0.24923368,0.0,0.2544389,0.23894483,0.2573826
0.24277529,0.0,0.2608524,0.23544599,0.26092628
0.24554747,0.0,0.25871903,0.24245608,0.25327745
0.24106625,0.0,0.25446692,0.24696322,0.25750363
0.24687067,0.0,0.25679338,0.23956214,0.25677383
0.24751303,0.0,0.25177336,0.24331358,0.2574001
0.2445419,0.0,0.2607026,0.23608305,0.25867248
0.2439038,0.0,0.25471842,0.2430315,0.25834626
0.24597155,0.0,0.25304848,0.2452225,0.25575748
0.24554294,0.0,0.25447258,0.24184512,0.25813934
0.24799052,0.0,0.25191247,0.24317509,0.25692192
0.24390495,0.0,0.2599399,0.2340006,0.26215458
0.24232171,0.0,0.25689408,0.2424323,0.2583519
0.24214976,0.0,0.251274,0.24538186,0.26119444
0.24603942,0.0,0.2556246,0.23951696,0.258819
0.24953939,0.0,0.24606428,0.24280457,0.2615917
0.2461505,0.0,0.25626037,0.234717,0.26287213
0.24215484,0.0,0.25033164,0.24722216,0.26029137
0.24317266,0.0,0.25382528,0.24054088,0.26246122
0.24465974,0.0,0.24979566,0.24474436,0.2608002
0.2475151,0.0,0.2510128,0.24060932,0.2608628
0.24858525,0.0,0.25876537,0.23230828,0.26034105
0.24386406,0.0,0.25439447,0.24361622,0.25812525
0.24613738,0.0,0.2525918,0.24473786,0.25653294
0.24360046,0.0,0.24875835,0.243975,0.26366624
0.2470896,0.0,0.2487932,0.2445832,0.259534
0.24706489,0.0,0.25765598,0.23548172,0.2597974
0.24554878,0.0,0.25474232,0.24017797,0.25953093
0.24622434,0.0,0.2549853,0.2405868,0.25820354
0.25071746,0.0,0.25089628,0.24330091,0.25508538
0.2457104,0.0,0.2543637,0.24058612,0.25933978
0.24474409,0.0,0.25715697,0.23350665,0.2645923
0.24331722,0.0,0.24986444,0.24539843,0.26141992
0.24481311,0.0,0.24913731,0.24523203,0.2608176
0.24871963,0.0,0.250746,0.24040197,0.26013243
0.24476244,0.0,0.24947233,0.24476396,0.26100126
0.24542752,0.0,0.25610223,0.23339424,0.26507598
0.24295537,0.0,0.2536145,0.24333093,0.2600992
0.24564171,0.0,0.25325623,0.24137539,0.25972667
0.24598601,0.0,0.25098792,0.2395547,0.26347134
0.2500849,0.0,0.25465158,0.23940766,0.25585586
0.24642265,0.0,0.25658333,0.2351557,0.26183832
0.24261215,0.0,0.25374153,0.24575657,0.25788975
0.24765524,0.0,0.2525694,0.23937427,0.2604011
0.24745624,0.0,0.25143752,0.24112275,0.25998348
0.24539532,0.0,0.24819157,0.24640381,0.26000926
0.2479395,0.0,0.25763565,0.2302083,0.26421657
0.2423229,0.0,0.25416106,0.2417164,0.2617996
0.24641314,0.0,0.25292924,0.24143279,0.25922477
0.24604304,0.0,0.2501304,0.24193025,0.26189637
0.24288635,0.0,0.2520049,0.24240297,0.26270577
0.2490429,0.0,0.2615436,0.22976671,0.25964674
0.239598,0.0,0.2548768,0.2456829,0.25984228
0.24726963,0.0,0.2549621,0.23732176,0.26044655
0.24663045,0.0,0.25263193,0.24157909,0.25915852
0.24205545,0.0,0.2472728,0.24663907,0.26403272
0.24938397,0.0,0.25804213,0.2294187,0.2631552
0.24526832,0.0,0.25518525,0.24257037,0.25697607
0.2452569,0.0,0.24853964,0.24433878,0.26186472
0.24764413,0.0,0.2531336,0.23858175,0.26064056
0.24589364,0.0,0.25123787,0.24139027,0.26147822
0.24452528,0.0,0.25788617,0.23360251,0.26398605
0.24454328,0.0,0.25094256,0.24119699,0.26331714
0.24505197,0.0,0.25396338,0.2394551,0.26152954
0.24324211,0.0,0.25197968,0.24209236,0.26268584
0.24712512,0.0,0.25151995,0.2415769,0.25977802
0.24732073,0.0,0.25812152,0.23020977,0.264348
0.24143836,0.0,0.2531436,0.24327917,0.2621388
0.24133746,0.0,0.25283444,0.24232711,0.26350093
0.24653797,0.0,0.2517555,0.2421661,0.2595404
0.24460512,0.0,0.25044972,0.24376796,0.2611772
0.24774799,0.0,0.25740057,0.23089774,0.2639537
0.24007608,0.0,0.25370187,0.24481818,0.26140383
0.24282056,0.0,0.25167897,0.24312557,0.26237488
0.24531023,0.0,0.25150546,0.24120268,0.2619816
0.24581592,0.0,0.25147542,0.24170086,0.26100776
0.24571697,0.0,0.25772354,0.22935607,0.2672034
0.239836,0.0,0.25579756,0.24090327,0.26346314
0.23861998,0.0,0.2494371,0.24451861,0.2674243
0.24437788,0.0,0.25003976,0.24222913,0.26335326
0.24712949,0.0,0.25340506,0.23667343,0.26279205
0.24630806,0.0,0.25519627,0.23275025,0.26574546
0.23743404,0.0,0.25075698,0.24581365,0.2659953
0.24365348,0.0,0.25255814,0.24225937,0.26152903
0.24738976,0.0,0.2538189,0.23715143,0.2616399
0.24327447,0.0,0.2506605,0.24090333,0.26516175
0.24595544,0.0,0.25809932,0.23003386,0.26591137
0.24213569,0.0,0.25915596,0.23764297,0.2610654
0.24330938,0.0,0.25592762,0.23772795,0.26303506
0.2445296,0.0,0.25506985,0.23913497,0.2612656
0.24481386,0.0,0.2489415,0.24284007,0.26340458
0.2473639,0.0,0.25673226,0.23105237,0.26485148
0.24170864,0.0,0.25324893,0.24288513,0.26215732
0.24302226,0.0,0.251597,0.2422824,0.26309833
0.24658595,0.0,0.25212803,0.24091859,0.26036742
0.24671416,0.0,0.24977978,0.24313766,0.2603684
0.24900529,0.0,0.25455683,0.22910509,0.2673328
0.24112503,0.0,0.2530864,0.2438316,0.261957
0.24334727,0.0,0.25103688,0.24242292,0.26319295
0.24499947,0.0,0.2512528,0.23865503,0.2650927
0.24759848,0.0,0.25216517,0.23901866,0.26121768
0.2527881,0.0,0.25757465,0.22441675,0.26522052
0.2462209,0.0,0.25488824,0.23760854,0.2612823
0.24480382,0.0,0.25454795,0.23763059,0.26301765
0.24777077,0.0,0.25217792,0.23977675,0.26027456
0.24622238,0.0,0.24861321,0.24306877,0.2620957
0.25029626,0.0,0.25588134,0.22747937,0.26634303
0.24523851,0.0,0.2512842,0.2428946,0.26058266
0.24629457,0.0,0.25154126,0.24106614,0.26109803
0.2470339,0.0,0.25207725,0.23795371,0.26293516
0.24892974,0.0,0.24968717,0.2391933,0.2621898
0.2488821,0.0,0.257591,0.22641665,0.26711023
0.24394429,0.0,0.25286385,0.24020785,0.26298398
0.24785155,0.0,0.25379866,0.23754373,0.26080608
0.24673289,0.0,0.24902527,0.24026391,0.2639779
0.24739209,0.0,0.25082555,0.24047087,0.26131153
0.24864888,0.0,0.25521746,0.2289855,0.26714817
0.24759772,0.0,0.25329262,0.24080288,0.25830674
0.2449958,0.0,0.25198832,0.23967119,0.26334468
0.24801445,0.0,0.25219494,0.23716022,0.26263034
0.25198,0.0,0.2528945,0.23590422,0.25922123
0.2518426,0.0,0.25416896,0.22487614,0.2691123
0.24560525,0.0,0.25132638,0.23948938,0.26357898
0.2496724,0.0,0.25402686,0.23681326,0.25948748
0.24232356,0.0,0.24701545,0.24376567,0.26689535
0.24871111,0.0,0.24815875,0.24289295,0.2602372
0.25440925,0.0,0.2551503,0.22323532,0.26720512
0.24393299,0.0,0.25105652,0.24048322,0.26452723
0.24722788,0.0,0.24952404,0.23866472,0.26458338
0.24660571,0.0,0.254594,0.23776063,0.26103964
0.24773678,0.0,0.24744515,0.24188763,0.26293045
0.25330302,0.0,0.25194922,0.22773677,0.267011
0.24487442,0.0,0.25222287,0.23939854,0.26350418
0.245737,0.0,0.25126642,0.24271663,0.26027998
0.24801758,0.0,0.24807422,0.23986967,0.26403853
0.2486264,0.0,0.2497841,0.24051023,0.26107928
0.2552104,0.0,0.24932672,0.22953077,0.26593214
0.2480947,0.0,0.2515773,0.24203362,0.2582944
0.24711797,0.0,0.249771,0.24336785,0.25974318
0.24684365,0.0,0.248475,0.24367349,0.26100788
0.2487819,0.0,0.24495064,0.24066733,0.26560017
0.25643912,0.0,0.25219932,0.22632752,0.26503405
0.24492034,0.0,0.25174478,0.24161328,0.2617216
0.24681018,0.0,0.25372726,0.23874748,0.2607151
0.24709137,0.0,0.24658549,0.24409598,0.26222715
0.24463284,0.0,0.24483491,0.24661928,0.26391298
0.2573225,0.0,0.2528809,0.22469397,0.26510262
0.24380033,0.0,0.2508949,0.24259807,0.2627067
0.24446031,0.0,0.24898173,0.24591073,0.26064724
0.24595043,0.0,0.25183058,0.24168551,0.26053348
0.24503143,0.0,0.24898927,0.24374315,0.26223615
0.25786394,0.0,0.25196058,0.22368966,0.2664859
0.2419541,0.0,0.25020066,0.24673112,0.2611141
0.24693751,0.0,0.2508819,0.24308564,0.25909495
0.24446748,0.0,0.25436515,0.24345754,0.2577098
0.2454203,0.0,0.2493722,0.24308611,0.26212135
0.25729755,0.0,0.25136626,0.22393885,0.26739734
0.24443974,0.0,0.25089195,0.24492761,0.25974065
0.24636033,0.0,0.24819024,0.2447855,0.26066393
0.2421131,0.0,0.2506197,0.24412273,0.26314446
0.247373,0.0,0.2497152,0.24443093,0.25848085
0.25827885,0.0,0.25207525,0.22307087,0.26657507
0.24511275,0.0,0.2557714,0.240871,0.25824487
0.24494494,0.0,0.25223407,0.24485897,0.25796202
0.24645928,0.0,0.25668797,0.23989956,0.25695318
0.24505107,0.0,0.2516693,0.24322896,0.2600507
0.26020083,0.0,0.25413164,0.21988542,0.26578212
0.2457105,0.0,0.2538466,0.24430859,0.25613433
0.24574444,0.0,0.24982901,0.24465069,0.25977588
0.24600378,0.0,0.2518036,0.24457116,0.25762147
0.24394417,0.0,0.25182095,0.24565457,0.25858036
0.2625623,0.0,0.2523613,0.22001523,0.2650612
0.24207751,0.0,0.2550322,0.24418108,0.25870922
0.24192293,0.0,0.25448474,0.24719432,0.256398
0.24504085,0.0,0.25161707,0.24765456,0.2556875
0.24276432,0.0,0.2524046,0.24767858,0.2571525
0.26180023,0.0,0.24891345,0.22153181,0.26775452
0.24315518,0.0,0.25557035,0.24521962,0.25605482
0.24321383,0.0,0.25755146,0.24135704,0.25787765
0.24407229,0.0,0.25933412,0.24130507,0.25528854
0.24519207,0.0,0.25325128,0.24521342,0.25634325
0.26452053,0.0,0.24935803,0.22033763,0.2657838
0.24177146,0.0,0.25661948,0.24436896,0.2572401
0.24068496,0.0,0.2540325,0.24773374,0.2575488
0.24559541,0.0,0.25604776,0.24636145,0.25199538
0.23999842,0.0,0.25705743,0.24712172,0.25582242
0.26523367,0.0,0.25113413,0.22057456,0.26305768
0.23993818,0.0,0.2569213,0.247365,0.25577548
0.23900975,0.0,0.2559566,0.24981955,0.25521407
0.23969153,0.0,0.26099196,0.24289723,0.25641927
0.24103169,0.0,0.2604898,0.24374968,0.25472888
0.26563802,0.0,0.25104693,0.2198785,0.2634366
0.23998879,0.0,0.26099858,0.2445296,0.254483
0.24158196,0.0,0.2647575,0.24357466,0.2500859
0.23728552,0.0,0.26610816,0.24380659,0.25279972
0.24119471,0.0,0.2613748,0.24537,0.25206047
0.26613897,0.0,0.25409794,0.21875402,0.2610091
0.23959886,0.0,0.26624942,0.24409913,0.2500526
0.2386482,0.0,0.26786083,0.24402793,0.24946304
0.23647206,0.0,0.26551855,0.24675214,0.25125727
0.23631448,0.0,0.2693524,0.24568313,0.24865003
0.26409444,0.0,0.25126728,0.21820538,0.2664329
0.24144512,0.25934142,0.25820065,0.24101283,0.0
0.23412764,0.26554725,0.25087333,0.24945179,0.0
0.23679143,0.26399288,0.25181177,0.24740387,0.0
0.24109438,0.26288587,0.2551815,0.24083829,0.0
0.23792653,0.2686305,0.24516334,0.2482796,0.0
0.238433,0.2605908,0.2568673,0.2441089,0.0
0.23530976,0.26508844,0.25179753,0.2478043,0.0
0.24205291,0.2612437,0.2513775,0.2453259,0.0
0.24491753,0.26149687,0.2520089,0.24157672,0.0
0.24484465,0.263571,0.24945045,0.24213387,0.0
0.23898041,0.2573944,0.2589544,0.24467084,0.0
0.23929097,0.2659578,0.2468393,0.2479119,0.0
0.24089484,0.2675425,0.2454899,0.24607275,0.0
0.24358793,0.26624802,0.24880564,0.24135847,0.0
0.24167408,0.2669207,0.24515626,0.24624896,0.0
0.23950946,0.25271967,0.26515216,0.24261867,0.0
0.24092624,0.26365647,0.24712113,0.24829614,0.0
0.24183962,0.2642496,0.24601948,0.2478913,0.0
0.2424465,0.2671087,0.24358772,0.24685703,0.0
0.24589245,0.26534215,0.24448617,0.24427928,0.0
0.2423822,0.25821275,0.2562394,0.24316561,0.0
0.23936795,0.26508144,0.24721408,0.24833654,0.0
0.24079932,0.2663684,0.24265365,0.25017864,0.0
0.24500269,0.26219803,0.24794811,0.24485119,0.0
0.2466326,0.26502138,0.24537537,0.24297065,0.0
0.24531555,0.25457242,0.2590795,0.24103256,0.0
0.24329343,0.25973314,0.25155857,0.24541487,0.0
0.23848735,0.26671353,0.24350478,0.2512943,0.0
0.2441369,0.26223487,0.24876791,0.24486032,0.0
0.24360561,0.2627759,0.24856147,0.24505702,0.0
0.24025117,0.25719994,0.25876105,0.24378787,0.0
0.24067387,0.2610103,0.25007793,0.24823792,0.0
0.24308184,0.2606561,0.25021636,0.24604568,0.0
0.2405299,0.2611165,0.2504107,0.2479429,0.0
0.2446683,0.26330912,0.24666804,0.24535455,0.0
0.2397991,0.25788122,0.25738308,0.24493666,0.0
0.2414633,0.2586309,0.25215948,0.24774633,0.0
0.24409814,0.26362166,0.24447072,0.2478095,0.0
0.2417222,0.26443282,0.24398628,0.24985869,0.0
0.24058153,0.2651089,0.24469773,0.24961178,0.0
0.24285491,0.2537157,0.26056832,0.2428611,0.0
0.24031572,0.2609614,0.24700281,0.25172007,0.0
0.24282305,0.2646652,0.24059892,0.25191286,0.0
0.2442938,0.26444796,0.24315421,0.248104,0.0
0.24371602,0.26466036,0.2432595,0.2483641,0.0
0.24510011,0.25616944,0.25409976,0.24463075,0.0
0.24378821,0.26125288,0.24970305,0.24525584,0.0
0.23998709,0.26498646,0.24543221,0.24959424,0.0
0.24506627,0.2648444,0.24485084,0.24523845,0.0
0.24714519,0.2613802,0.24758518,0.24388945,0.0
0.24247836,0.25625616,0.25485858,0.24640693,0.0
0.24017599,0.2629518,0.2471553,0.24971694,0.0
0.24514434,0.259817,0.2507561,0.24428253,0.0
0.2458662,0.2647037,0.24670745,0.24272263,0.0
0.24525234,0.26488218,0.24590555,0.24395995,0.0
0.24111922,0.2568547,0.25666216,0.24536392,0.0
0.24484931,0.26078087,0.24676923,0.24760057,0.0
0.24114333,0.26456556,0.24413863,0.25015247,0.0
0.23890358,0.26509607,0.24710912,0.24889123,0.0
0.24341407,0.26367125,0.24494936,0.24796528,0.0
0.23674574,0.25989214,0.25429332,0.24906877,0.0
0.23685865,0.26430097,0.2504904,0.24835,0.0
0.24376774,0.2622965,0.25086513,0.24307063,0.0
0.2441771,0.2646374,0.24639413,0.24479136,0.0
0.2428608,0.26447082,0.24584416,0.24682419,0.0
0.2442801,0.25733414,0.25350353,0.24488226,0.0
0.24094963,0.2620785,0.24809082,0.24888107,0.0
0.24213041,0.2674385,0.24428621,0.24614486,0.0
0.24495177,0.26679343,0.24374163,0.24451314,0.0
0.24205755,0.26692095,0.24327144,0.24775004,0.0
0.24295284,0.25930306,0.25366098,0.24408315,0.0
0.23977241,0.26315802,0.24723287,0.24983667,0.0
0.23979032,0.26534826,0.24356204,0.25129938,0.0
0.24321197,0.26744133,0.24139936,0.24794734,0.0
0.24550056,0.266959,0.238903,0.24863747,0.0
0.24390902,0.2591407,0.25153723,0.245413,0.0
0.24099416,0.26349506,0.24533202,0.25017878,0.0
0.24371007,0.26266158,0.24733347,0.24629487,0.0
0.2478155,0.26435906,0.24206069,0.24576472,0.0
0.24533997,0.2667792,0.24050122,0.24737954,0.0
0.24860147,0.25380048,0.25673318,0.24086489,0.0
0.24389403,0.26191816,0.24771088,0.2464769,0.0
0.2398462,0.2693174,0.24012588,0.25071055,0.0
0.2456151,0.26171806,0.24846059,0.24420623,0.0
0.2417063,0.26724488,0.24301335,0.24803548,0.0
0.24265629,0.25788125,0.25449872,0.24496375,0.0
0.2437918,0.2625321,0.24799258,0.24568355,0.0
0.24060625,0.26704082,0.24193469,0.25041828,0.0
0.24439673,0.266592,0.2418463,0.24716498,0.0
0.24549508,0.26555458,0.24172798,0.24722238,0.0
0.24329387,0.2555008,0.25803605,0.24316931,0.0
0.23628153,0.2654519,0.24580674,0.25245982,0.0
0.24031055,0.26481983,0.24343283,0.25143674,0.0
0.2430685,0.2666178,0.24048309,0.24983059,0.0
0.24545719,0.26568323,0.2414589,0.24740067,0.0
0.24687184,0.2560868,0.25353536,0.243506,0.0
0.24365032,0.2605647,0.24920432,0.24658066,0.0
0.24392095,0.26395234,0.2451637,0.24696305,0.0
0.24622342,0.26260793,0.24443953,0.24672908,0.0
0.24240746,0.2655176,0.24123532,0.25083965,0.0
0.24429591,0.25229335,0.2604273,0.2429835,0.0
0.23789188,0.26218545,0.24672772,0.25319493,0.0
0.24286382,0.26105598,0.24736714,0.248713,0.0
0.24502718,0.26382986,0.24166274,0.24948023,0.0
0.24667963,0.26434347,0.24326923,0.24570768,0.0
0.24382879,0.25516114,0.2547139,0.24629618,0.0
0.24123892,0.26279318,0.24543612,0.25053173,0.0
0.2456556,0.2631571,0.24356121,0.2476261,0.0
0.24632996,0.26307002,0.24199225,0.24860777,0.0
0.24423225,0.26760364,0.2376331,0.25053102,0.0
0.24599521,0.25499767,0.2559106,0.24309653,0.0
0.24083889,0.2614543,0.24704203,0.25066474,0.0
0.24208511,0.2655952,0.24084526,0.2514744,0.0
0.24477163,0.26071665,0.24537423,0.24913746,0.0
0.24583912,0.26232013,0.2448403,0.24700046,0.0
0.24662289,0.25136873,0.25973335,0.24227504,0.0
0.23838179,0.2644005,0.2440807,0.25313705,0.0
0.24415217,0.26688406,0.0,0.2496366,0.23932719
0.24608608,0.2632991,0.24113122,0.2494836,0.0
0.24233203,0.2651542,0.24224503,0.25026873,0.0
0.2432289,0.2533748,0.25831315,0.24508315,0.0
0.2420911,0.26265183,0.24794352,0.24731356,0.0
0.24593872,0.25803995,0.24890754,0.24711376,0.0
0.24585849,0.26314822,0.2442612,0.24673209,0.0
0.24291125,0.2648654,0.24174052,0.25048283,0.0
0.24563444,0.2537636,0.2522334,0.24836858,0.0
0.2421539,0.26140198,0.2447209,0.2517232,0.0
0.24492937,0.26203254,0.24408334,0.24895477,0.0
0.24536818,0.26145405,0.24392185,0.2492559,0.0
0.24967672,0.26096365,0.24524055,0.24411908,0.0
0.25067037,0.24864036,0.25970572,0.24098353,0.0
0.24535154,0.25882939,0.24732302,0.24849606,0.0
0.24177161,0.26245904,0.24300973,0.25275964,0.0
0.24454094,0.26166347,0.24436033,0.24943528,0.0
0.24576306,0.26012468,0.24811365,0.2459986,0.0
0.24060528,0.2545065,0.2575616,0.24732663,0.0
0.24210763,0.26198608,0.24132857,0.2545777,0.0
0.24260943,0.26440623,0.24259762,0.2503867,0.0
0.2450255,0.2603335,0.24776068,0.2468803,0.0
0.24553792,0.26610738,0.0,0.24651489,0.24183983
0.2457701,0.25231066,0.25565413,0.2462651,0.0
0.24002278,0.26142988,0.24472134,0.25382602,0.0
0.24200813,0.2626718,0.24312417,0.25219592,0.0
0.24548724,0.26016453,0.24508163,0.24926662,0.0
0.24326748,0.26145035,0.24691825,0.2483639,0.0
0.24883194,0.24910931,0.2614198,0.24063893,0.0
0.24163681,0.2605832,0.24722292,0.2505571,0.0
0.24550065,0.26111564,0.24449188,0.24889182,0.0
0.24877982,0.2609107,0.24317862,0.24713086,0.0
0.2434812,0.26419625,0.0,0.2510724,0.24125014
0.24977358,0.24851134,0.2571287,0.24458636,0.0
0.0,0.25849432,0.24850611,0.25105122,0.24194838
0.2489194,0.25867102,0.24670759,0.24570203,0.0
0.24578404,0.26083878,0.0,0.24774665,0.24563055
0.24552593,0.2618325,0.0,0.24738783,0.24525374
0.24767342,0.24953139,0.25776285,0.24503238,0.0
0.0,0.26021495,0.24685872,0.25214803,0.24077828
0.24348551,0.26053217,0.24488312,0.2510992,0.0
0.24470347,0.26288486,0.24402384,0.24838786,0.0
0.2473437,0.26313236,0.0,0.24548985,0.2440341
0.24813494,0.25032756,0.2567178,0.24481972,0.0
0.24505639,0.2600066,0.0,0.25028434,0.24465266
0.24451996,0.26043645,0.0,0.24781172,0.24723189
0.0,0.26184896,0.24062186,0.2516767,0.24585246
0.24384211,0.26068032,0.0,0.25065753,0.24481998
0.24580136,0.2517525,0.25477552,0.24767064,0.0
0.2438603,0.25870442,0.24533825,0.25209704,0.0
0.24701984,0.25755006,0.24532308,0.25010702,0.0
0.2400926,0.26110086,0.0,0.25594193,0.24286464
0.24919274,0.25746086,0.24447979,0.24886659,0.0
0.25018832,0.2460861,0.2587241,0.0,0.24500154
0.0,0.25828615,0.24336047,0.25560114,0.24275227
0.24572681,0.25698215,0.24767691,0.24961412,0.0
0.24575092,0.25898612,0.0,0.24943037,0.24583259
0.24477692,0.25850457,0.0,0.2481155,0.24860299
0.2498354,0.24744071,0.25703332,0.24569057,0.0
0.0,0.25676438,0.24785872,0.25130394,0.24407296
0.2482858,0.25808105,0.24665569,0.0,0.24697746
0.24334256,0.26137817,0.0,0.25021508,0.24506421
0.0,0.25777876,0.24588428,0.24752589,0.24881105
0.2489491,0.24949732,0.2554382,0.0,0.24611534
0.0,0.25669372,0.24619988,0.25098708,0.24611934
0.0,0.2583192,0.24456523,0.24914838,0.24796712
0.24498537,0.2584735,0.0,0.251186,0.24535514
0.24323352,0.25861445,0.0,0.25180748,0.24634457
0.2526788,0.24151832,0.2581858,0.0,0.24761711
0.2451361,0.25578472,0.0,0.25199005,0.24708913
0.24012631,0.25889835,0.0,0.25469705,0.24627829
0.2494766,0.25587392,0.0,0.24719985,0.24744968
0.2482156,0.25659865,0.0,0.24506237,0.2501234
0.24891287,0.0,0.25886014,0.24343179,0.24879521
0.0,0.2546474,0.24567191,0.25017747,0.24950315
0.0,0.25706658,0.24114658,0.24927396,0.2525129
0.0,0.25521603,0.24254502,0.2524268,0.24981214
0.24300657,0.25820926,0.0,0.24881232,0.24997184
0.2515933,0.0,0.2604507,0.24259557,0.24536048
0.24549885,0.25657776,0.0,0.24871987,0.24920355
0.0,0.2576732,0.24529152,0.2487537,0.24828157
0.24912761,0.2560935,0.0,0.24342114,0.25135773
0.0,0.25611585,0.24235332,0.24848136,0.2530495
0.25134557,0.0,0.2608096,0.24006094,0.24778388
0.0,0.25441664,0.2441835,0.25420365,0.2471962
0.24131386,0.256652,0.0,0.25158617,0.250448
0.24390212,0.2558228,0.0,0.24979556,0.25047955
0.2462971,0.25570378,0.0,0.24842706,0.24957205
0.24878836,0.0,0.25320798,0.24793485,0.2500688
0.0,0.2537202,0.24517334,0.25164497,0.24946146
0.24255419,0.25646913,0.0,0.2530426,0.24793409
0.24662068,0.25464526,0.0,0.24751948,0.25121453
0.24485686,0.25401044,0.0,0.24774742,0.25338528
0.25155,0.0,0.25645766,0.24390936,0.24808301
0.0,0.25201473,0.24321327,0.25176623,0.2530058
0.0,0.2516379,0.2470547,0.24985225,0.2514551
0.23856425,0.25638208,0.0,0.25257388,0.2524798
0.0,0.25483152,0.24279675,0.24971446,0.2526573
0.2523476,0.24203852,0.2557177,0.0,0.24989617
0.0,0.2546109,0.24364187,0.25211403,0.2496332
0.0,0.25502664,0.24238096,0.25012827,0.25246412
0.24309623,0.2548501,0.0,0.24821521,0.25383845
0.2427158,0.25693518,0.0,0.2466451,0.2537039
0.2516687,0.0,0.25869986,0.23885551,0.2507759
0.0,0.25321,0.24334678,0.2537277,0.24971546
0.0,0.25174534,0.24547324,0.250479,0.25230238
0.0,0.25576136,0.237905,0.25180227,0.25453135
0.0,0.2525295,0.2437276,0.24918881,0.25455406
0.25019404,0.0,0.2525695,0.24734005,0.24989638
0.0,0.24966533,0.24467352,0.2500082,0.25565296
0.24155802,0.25330633,0.0,0.25186375,0.2532719
0.24672918,0.25161293,0.0,0.24529229,0.2563656
0.0,0.2517796,0.24213323,0.2517325,0.25435472
0.24950606,0.0,0.25865903,0.24139623,0.2504387
0.0,0.25057644,0.24757819,0.24838361,0.25346178
0.24108501,0.2524134,0.0,0.2513793,0.2551223
0.24363199,0.25232533,0.0,0.24744132,0.25660136
0.0,0.25301775,0.24023198,0.25058052,0.25616977
0.25147396,0.0,0.2566424,0.23797269,0.25391093
0.23833503,0.25297338,0.0,0.25435618,0.25433543
0.0,0.2516566,0.24268843,0.25058234,0.25507262
0.23940988,0.25365743,0.0,0.25175753,0.25517514
0.0,0.25102004,0.24412763,0.24809957,0.25675276
0.24994257,0.0,0.2550501,0.24082625,0.2541811
0.0,0.24875525,0.24295723,0.25227016,0.25601736
0.0,0.25247872,0.23817529,0.25203338,0.2573126
0.0,0.25187302,0.2408841,0.24890903,0.2583338
0.0,0.2513968,0.24187796,0.24979919,0.25692603
0.2456061,0.0,0.25403866,0.23976259,0.2605927
0.0,0.24876246,0.24035932,0.2553649,0.2555133
0.0,0.24881248,0.2456102,0.24811924,0.2574581
0.0,0.24967723,0.24265991,0.24852876,0.25913408
0.0,0.2527661,0.24030855,0.24778329,0.25914204
0.2503551,0.0,0.25576824,0.23698801,0.25688863
0.0,0.24685279,0.24537705,0.24951507,0.2582551
0.0,0.24829148,0.24505864,0.24934581,0.2573041
0.0,0.25022954,0.24273205,0.24956045,0.25747797
0.23795448,0.25215608,0.0,0.24819714,0.2616923
0.24788713,0.0,0.25310376,0.2404755,0.2585336
0.0,0.24587029,0.24574022,0.25036234,0.25802717
0.0,0.24772806,0.24221146,0.25147432,0.25858617
0.0,0.24700822,0.24558593,0.24740984,0.259996
0.0,0.2477568,0.2438127,0.2509926,0.25743794
0.24369399,0.0,0.24945898,0.24500307,0.26184392
0.0,0.24465837,0.24530792,0.25217125,0.25786245
0.0,0.24632733,0.24278468,0.25291157,0.2579764
0.0,0.24788508,0.24067797,0.24955678,0.26188016
0.0,0.24743247,0.2414263,0.25073755,0.26040366
0.24164698,0.0,0.25341952,0.24198113,0.2629524
0.0,0.24285841,0.24322106,0.25580814,0.2581124
0.0,0.24321653,0.24544992,0.2523226,0.25901097
0.0,0.24622577,0.24096912,0.25244996,0.26035517
0.0,0.24323893,0.24788055,0.24630477,0.2625758
0.2458466,0.0,0.25435957,0.23976465,0.2600292
0.0,0.24222967,0.24637873,0.25115085,0.26024076
0.0,0.24365693,0.24259359,0.2504675,0.26328194
0.0,0.24174015,0.24571487,0.24872391,0.26382104
0.0,0.24437928,0.24124129,0.25124624,0.26313317
0.24253322,0.0,0.25468522,0.2375632,0.26521838
0.0,0.24113321,0.24505407,0.2537364,0.26007628
0.0,0.24265853,0.24559788,0.25109386,0.26064977
0.0,0.24321397,0.24324408,0.25322065,0.2603213
0.0,0.2447785,0.24239388,0.24956962,0.26325798
0.24550322,0.0,0.25304237,0.23725244,0.264202
0.0,0.2397073,0.2431965,0.25517783,0.26191837
0.0,0.24351902,0.24182543,0.25379726,0.2608583
0.0,0.24143046,0.2447461,0.24923755,0.26458588
0.0,0.24309996,0.24013263,0.25476924,0.26199815
0.24733783,0.0,0.25605094,0.23299028,0.26362094
0.0,0.23541352,0.24911913,0.25195184,0.26351556
0.0,0.24023125,0.24205206,0.25417984,0.2635368
0.0,0.24119654,0.2441732,0.2517539,0.26287633
0.0,0.24168546,0.2451094,0.24768296,0.26552218
0.24433817,0.0,0.25327,0.23713715,0.26525468
0.0,0.23576961,0.24407384,0.2524657,0.26769084
0.0,0.23841272,0.24542941,0.2516046,0.26455322
0.0,0.2407038,0.24275509,0.24983835,0.26670274
0.0,0.24128583,0.24146086,0.25215992,0.26509336
0.24077433,0.0,0.25189343,0.2410862,0.26624608
0.0,0.23409636,0.25122446,0.25097102,0.26370817
0.0,0.23949184,0.24394162,0.25320446,0.26336208
0.0,0.24070504,0.24724266,0.24742769,0.2646246
0.0,0.24057631,0.24215303,0.250455,0.26681572
0.24432755,0.0,0.24986468,0.23935385,0.26645395
0.0,0.23712012,0.24261612,0.25380844,0.26645532
0.0,0.23905571,0.24358308,0.250821,0.26654023
0.0,0.23873788,0.2458875,0.25133032,0.26404428
0.0,0.23977771,0.24614081,0.24755478,0.26652667
0.24571764,0.0,0.25301367,0.23677398,0.2644947
0.0,0.23641433,0.24508707,0.25509465,0.26340395
0.0,0.23946759,0.24085602,0.25355828,0.26611814
0.0,0.24008432,0.24211673,0.25017375,0.26762518
0.0,0.23890547,0.24550153,0.24851145,0.26708156
0.24570641,0.0,0.24913305,0.23707902,0.26808158
0.0,0.23627354,0.24306211,0.25329873,0.26736563
0.0,0.23918553,0.24144943,0.25324127,0.2661238
0.0,0.23883249,0.24263687,0.25042716,0.26810348
0.0,0.24102758,0.24089089,0.2499251,0.26815647
0.2490964,0.0,0.25083694,0.2310165,0.26905012
0.0,0.2350222,0.2448269,0.25380296,0.26634794
0.0,0.23604047,0.24515244,0.2530542,0.26575288
0.0,0.24003117,0.240695,0.2498338,0.26944
0.0,0.23962446,0.24322255,0.25047553,0.26667744
0.24643762,0.0,0.25038722,0.23709027,0.2660849
0.0,0.23668525,0.24524407,0.25133336,0.26673728
0.0,0.23848885,0.24515188,0.24857318,0.26778612
0.0,0.23931918,0.24346621,0.2503076,0.266907
0.0,0.23967609,0.24308832,0.25058874,0.26664686
0.24419998,0.0,0.24684474,0.2390492,0.2699061
0.0,0.23545997,0.24476473,0.2546068,0.2651685
0.0,0.23721862,0.24467747,0.2513764,0.26672754
0.0,0.23827663,0.24422972,0.2519279,0.2655657
0.0,0.23994488,0.23905346,0.25327474,0.26772696
0.24602976,0.0,0.24945794,0.23739572,0.2671166
0.0,0.23348601,0.24583782,0.25294986,0.2677263
0.0,0.23787738,0.24184844,0.25551495,0.2647592
0.0,0.23798726,0.24319252,0.25303593,0.26578432
0.0,0.23707373,0.24523117,0.24851887,0.26917627
0.24652989,0.0,0.24709617,0.23765162,0.2687223
0.0,0.2344412,0.24248762,0.25442144,0.2686497
0.0,0.23612243,0.24377269,0.25094542,0.2691595
0.0,0.23760945,0.24558327,0.24831639,0.2684909
0.0,0.23455459,0.24514033,0.25078663,0.26951844
0.2434058,0.0,0.25192273,0.23473887,0.2699326
0.23456846,0.0,0.24972714,0.25084686,0.26485756
0.0,0.2357137,0.24328378,0.2513155,0.26968706
0.0,0.23729566,0.24124008,0.251791,0.2696733
0.0,0.23883297,0.24128187,0.25231478,0.2675704
0.24684907,0.0,0.2501897,0.23249464,0.2704666
0.23305127,0.0,0.2467975,0.25325817,0.26689306
0.23448989,0.0,0.2458297,0.25126013,0.26842028
0.0,0.23702562,0.24176572,0.25365096,0.26755774
0.23846088,0.0,0.24518247,0.24758916,0.26876748
0.24750319,0.0,0.24838239,0.23527609,0.26883838
0.2333844,0.0,0.24480882,0.25403786,0.26776895
0.0,0.23508957,0.2418588,0.25642493,0.2666267
0.23737244,0.0,0.24505223,0.24892785,0.2686475
0.23520318,0.0,0.24545719,0.2510091,0.26833054
0.24914366,0.0,0.2481004,0.23028032,0.27247566
0.23413947,0.0,0.24663255,0.24984594,0.26938203
0.23503323,0.0,0.24249938,0.2515352,0.2709322
0.23349671,0.0,0.24723051,0.2508737,0.268399
0.23743337,0.0,0.24895144,0.2475225,0.26609266
0.24557278,0.0,0.250153,0.23434088,0.26993334
0.23493925,0.0,0.2430753,0.2530571,0.26892832
0.23590483,0.0,0.24497166,0.25039276,0.2687308
0.2366973,0.0,0.2468832,0.24892873,0.2674908
0.0,0.23698322,0.23865637,0.2541381,0.2702223
0.24742118,0.0,0.2469702,0.23453921,0.27106938
0.2347525,0.0,0.24537705,0.25160614,0.2682643
0.23766957,0.0,0.24496424,0.24888828,0.2684779
0.23741159,0.0,0.24434729,0.25201392,0.2662272
0.2370776,0.0,0.24278085,0.25219586,0.26794568
0.24931028,0.0,0.24486873,0.23545617,0.27036482
0.23552743,0.0,0.24580842,0.249145,0.26951915
0.23578191,0.0,0.24443571,0.25075188,0.26903048
0.23884888,0.0,0.24357267,0.24800919,0.26956925
0.23473814,0.0,0.24437286,0.25033718,0.27055183
0.24920191,0.0,0.24927092,0.2297313,0.27179584
0.23406097,0.0,0.24836598,0.24806419,0.2695088
0.0,0.23320393,0.24251771,0.25269285,0.27158552
0.23677637,0.0,0.24205083,0.2519062,0.26926658
0.23558736,0.0,0.24402821,0.25178012,0.26860437
0.24686387,0.0,0.24237356,0.2351746,0.27558798
0.23516215,0.0,0.24659272,0.24912973,0.26911536
0.2346053,0.0,0.24353369,0.2528864,0.26897457
0.23686041,0.0,0.24670145,0.24710605,0.26933208
0.23790273,0.0,0.24590167,0.24818766,0.26800793
0.24988107,0.0,0.2479138,0.22858714,0.27361804
0.23553476,0.0,0.24764474,0.24925703,0.2675635
0.23567519,0.0,0.24274154,0.24977782,0.2718055
0.23543277,0.0,0.24399574,0.2485068,0.27206466
0.23251782,0.0,0.24476121,0.25131828,0.2714027
0.24950026,0.0,0.24818397,0.23092549,0.27139035
0.23431061,0.0,0.24788453,0.24895386,0.26885098
0.234434,0.0,0.24383658,0.2490987,0.27263066
0.23365816,0.0,0.24518517,0.24939564,0.27176106
0.23381117,0.0,0.24373984,0.25140202,0.27104697
0.25005266,0.0,0.24593319,0.22961907,0.27439502
0.23329659,0.0,0.24507678,0.24957511,0.2720515
0.23271963,0.0,0.24771667,0.2512426,0.26832107
0.23303524,0.0,0.24156962,0.25581047,0.26958466
0.23565793,0.0,0.244908,0.25333568,0.26609838
0.25116563,0.0,0.2458789,0.23173966,0.27121577
0.23425022,0.0,0.24526073,0.25115693,0.2693321
0.23203962,0.0,0.24703282,0.25050676,0.27042082
0.23490724,0.0,0.24946408,0.24933274,0.26629594
0.2354579,0.0,0.24545355,0.25080073,0.2682878
0.24868326,0.0,0.24627694,0.22963728,0.27540246
0.23437673,0.0,0.2469335,0.2509798,0.26770997
0.23635806,0.0,0.24841295,0.24631481,0.2689142
0.23498288,0.0,0.24947767,0.24783377,0.26770568
0.23505747,0.0,0.24657354,0.24831016,0.2700589
0.25285664,0.0,0.24737467,0.22594015,0.2738285
0.23062254,0.0,0.24587634,0.25589997,0.26760116
0.23780115,0.0,0.24724573,0.24732937,0.26762375
0.23822628,0.0,0.24875258,0.24388948,0.26913163
0.2356718,0.0,0.24570914,0.25049222,0.26812688
0.24731636,0.0,0.24994631,0.22881924,0.2739181
0.23388632,0.0,0.24922366,0.24811669,0.26877332
0.23214877,0.0,0.24820541,0.2489416,0.27070424
0.23439842,0.0,0.24648313,0.25156108,0.26755738
0.23339349,0.0,0.24285778,0.2533702,0.2703785
0.2503019,0.0,0.2471989,0.2256737,0.27682552
0.23208614,0.0,0.24514893,0.25450805,0.26825687
0.23233238,0.0,0.24978778,0.24965625,0.2682236
0.2333884,0.0,0.2473454,0.24884856,0.27041766
0.23515618,0.0,0.24734646,0.24752069,0.26997668
0.24999079,0.0,0.24187706,0.23294288,0.27518925
0.22963473,0.0,0.24848042,0.25321588,0.26866895
0.23327348,0.0,0.25042564,0.24789074,0.26841015
0.23132038,0.0,0.24638568,0.25244498,0.26984894
0.23196174,0.0,0.25004247,0.25056157,0.26743424
0.2514458,0.0,0.2447657,0.22923745,0.27455103
0.23549853,0.0,0.25102934,0.24771522,0.26575693
0.2332335,0.0,0.24820413,0.25072777,0.26783463
0.23179902,0.0,0.24873476,0.2513134,0.26815283
0.23363113,0.0,0.2461889,0.25400078,0.26617923
0.25210056,0.0,0.24735257,0.2291458,0.27140102
0.23207942,0.0,0.24881643,0.25326705,0.26583707
0.23220211,0.0,0.25097442,0.25144595,0.26537752
0.23308831,0.0,0.2511163,0.2514887,0.26430672
0.23351371,0.0,0.25210908,0.24938934,0.26498786
0.25362232,0.0,0.24680781,0.22624134,0.27332857
0.22919394,0.0,0.25125083,0.25346506,0.26609015
0.23044513,0.0,0.25103867,0.25362885,0.26488733
0.23482628,0.0,0.24984206,0.25274375,0.2625879
0.23498222,0.0,0.2509378,0.24917269,0.2649073
0.25480562,0.0,0.24675414,0.22250439,0.2759358
0.23129794,0.0,0.25053263,0.2519551,0.26621434
0.22685139,0.0,0.25094587,0.25506836,0.2671344
0.23325688,0.0,0.25046492,0.25198984,0.26428837
0.2360605,0.0,0.25316867,0.24576874,0.26500207
0.25184655,0.0,0.24730292,0.22753808,0.2733124
0.2320213,0.0,0.25067943,0.25341833,0.2638809
0.23133858,0.0,0.25001663,0.25292495,0.26571986
0.2337949,0.0,0.25176007,0.24914005,0.26530498
0.22798322,0.0,0.25200003,0.24929854,0.27071816
0.25411674,0.0,0.24754603,0.2252297,0.27310756
0.22889191,0.0,0.25265992,0.25387442,0.26457375
0.23296328,0.0,0.2554454,0.24767642,0.2639149
0.23276705,0.0,0.25500196,0.24706203,0.26516896
0.23251778,0.0,0.25465465,0.2488463,0.26398122
0.2568787,0.0,0.24666081,0.22597523,0.27048522
0.23284735,0.0,0.25152767,0.2533378,0.2622872
0.23259187,0.0,0.2552713,0.24734911,0.26478776
0.22809035,0.0,0.25841552,0.25007918,0.26341495
0.2326137,0.0,0.25506744,0.24940255,0.26291633
0.25398248,0.0,0.24752226,0.22466183,0.2738334
0.22961505,0.0,0.25181732,0.25267804,0.2658896
0.23396246,0.0,0.25555557,0.24955492,0.26092705
0.23331116,0.0,0.254963,0.2508921,0.26083374
0.23039478,0.0,0.25671563,0.2507657,0.26212388
0.2548139,0.0,0.24685492,0.22763103,0.2707001
0.22899596,0.0,0.25515658,0.25171772,0.26412976
0.231703,0.0,0.25946304,0.24949299,0.25934094
0.2315539,0.0,0.25717318,0.2498767,0.26139623
0.23176159,0.0,0.2571334,0.2503319,0.26077312
0.25529307,0.0,0.24867123,0.22481176,0.27122396
0.23073463,0.0,0.25631055,0.2517829,0.26117194
0.23075476,0.0,0.2556925,0.25136676,0.26218596
0.23207064,0.0,0.2563835,0.25053844,0.2610074
0.23205997,0.0,0.25614867,0.2513224,0.26046896
0.25592563,0.0,0.24569693,0.22806814,0.27030933
0.23025724,0.0,0.2580039,0.25176612,0.25997272
0.23277465,0.0,0.25991714,0.2462799,0.26102826
0.23234037,0.0,0.259979,0.24685535,0.26082528
0.2333883,0.0,0.2578763,0.24595776,0.26277763
0.25849736,0.0,0.24658856,0.22492272,0.2699913
0.2289377,0.0,0.2578238,0.25329372,0.2599448
0.23049493,0.0,0.26291385,0.24610782,0.2604834
0.23173483,0.0,0.26011294,0.24673201,0.26142022
0.23283462,0.0,0.26043448,0.2459569,0.26077402
0.2600442,0.0,0.24898195,0.22269799,0.26827583
0.22980498,0.0,0.2605073,0.24774067,0.26194707
0.23295096,0.0,0.2606018,0.2474938,0.25895348
0.2315273,0.0,0.26275182,0.24667779,0.25904316
0.23227051,0.0,0.26189142,0.24723469,0.25860336
0.259543,0.0,0.2470145,0.22444357,0.26899898
0.23147756,0.0,0.26207313,0.24908142,0.25736788
0.22779036,0.0,0.265349,0.24789366,0.25896695
0.22965614,0.0,0.264037,0.24768937,0.2586175
0.23160216,0.0,0.26445493,0.24698506,0.25695783
0.26172763,0.0,0.24624468,0.22399625,0.26803148
0.22775197,0.0,0.2609278,0.25233808,0.25898218
0.2275665,0.0,0.26653484,0.2489733,0.25692543
0.2280455,0.0,0.264629,0.2508314,0.2564941
0.22825801,0.0,0.26811475,0.24795815,0.2556691
0.26055208,0.0,0.24768506,0.2262007,0.26556215
0.22875766,0.0,0.2648599,0.2506513,0.2557312
0.22630954,0.0,0.26698974,0.2521064,0.25459433
0.22589406,0.0,0.26907247,0.25024536,0.2547881
0.22607803,0.0,0.27137768,0.2488173,0.253727
0.261224,0.0,0.24453026,0.22786042,0.26638538
0.22678006,0.0,0.26934826,0.25156817,0.25230354
0.22623731,0.0,0.27271023,0.24967779,0.25137466
0.2246817,0.0,0.27402872,0.24974124,0.25154835
0.2263771,0.0,0.2751799,0.24752888,0.2509141
0.26672885,0.0,0.24644585,0.2217443,0.265081
0.2278784,0.0,0.27054873,0.24989848,0.25167438
0.22684124,0.0,0.2721686,0.24900398,0.25198618
0.22636378,0.0,0.27356973,0.24860936,0.25145712
0.2274095,0.0,0.27354714,0.24777451,0.2512689
0.26296481,0.0,0.24387379,0.22831984,0.26484156
0.22781433,0.0,0.27034616,0.25103086,0.25080866
0.22688891,0.0,0.27454704,0.24848491,0.25007913
0.22504912,0.0,0.27604207,0.2485986,0.25031018
0.22816947,0.0,0.2758359,0.24593358,0.2500611
0.26867163,0.0,0.24714652,0.22184016,0.26234165
0.22896357,0.0,0.2748017,0.24844237,0.24779235
0.22566958,0.0,0.2780965,0.24770986,0.24852407
0.22468373,0.0,0.27650744,0.24805751,0.25075132
0.22595009,0.0,0.28050438,0.24525966,0.24828587
0.26730323,0.0,0.246249,0.22257172,0.26387605
0.22760355,0.0,0.27593952,0.24846685,0.24799009
0.22411877,0.0,0.28002113,0.24699935,0.24886079
0.22601004,0.0,0.2794944,0.2456866,0.24880894
0.2278929,0.0,0.2821424,0.24360362,0.24636103
0.2655545,0.0,0.24545105,0.22623745,0.262757
0.226203,0.0,0.2791878,0.24757007,0.24703917
0.22639672,0.0,0.2835059,0.24446866,0.24562877
0.22500479,0.0,0.28483066,0.24282245,0.24734208
0.22449926,0.0,0.2874347,0.24217659,0.24588943
0.26874635,0.0,0.24690163,0.22350149,0.26085055
0.22338063,0.0,0.2835427,0.24695241,0.24612431
0.22329125,0.0,0.28478375,0.24469486,0.2472301
0.22441602,0.0,0.2882264,0.24233605,0.24502158
0.22433129,0.0,0.29161805,0.24017273,0.2438779
0.2715812,0.0,0.2471456,0.22125988,0.26001328
0.22414501,0.0,0.288482,0.24397609,0.2433969
0.22393201,0.0,0.2894148,0.24203229,0.24462095
0.22505702,0.0,0.29403704,0.23899475,0.2419112
0.22331327,0.0,0.29320997,0.23903531,0.24444145
0.2701678,0.0,0.24599668,0.22514766,0.25868782
0.22338681,0.0,0.2913505,0.24329557,0.2419671
0.22088686,0.0,0.29600605,0.24028212,0.24282493
0.2206296,0.0,0.29989588,0.23791857,0.24155594
0.22109042,0.0,0.3004471,0.23727487,0.24118756
0.26914185,0.0,0.24679163,0.22477095,0.25929558
0.24125066,0.25682026,0.26044348,0.24148563,0.0
0.23951039,0.26396394,0.24908859,0.2474371,0.0
0.2456754,0.2601392,0.25172168,0.24246368,0.0
0.24882796,0.2596899,0.24993509,0.24154702,0.0
0.25063667,0.2631425,0.24616592,0.24005492,0.0
0.25051147,0.2522045,0.26325345,0.23403059,0.0
0.24836315,0.25810087,0.25306386,0.24047206,0.0
0.24824813,0.2595739,0.25034195,0.24183609,0.0
0.24546562,0.26353008,0.24567877,0.24532552,0.0
0.2559966,0.2581938,0.25308046,0.23272915,0.0
0.25263083,0.2540702,0.26027936,0.2330196,0.0
0.24579138,0.2578741,0.25237072,0.24396384,0.0
0.2506859,0.25763172,0.25061908,0.2410633,0.0
0.23857442,0.26514757,0.24767481,0.24860321,0.0
0.24969395,0.2647933,0.2455391,0.23997363,0.0
0.25416118,0.25291014,0.2558812,0.2370475,0.0
0.246748,0.26060507,0.24983795,0.24280897,0.0
0.25078854,0.25627345,0.2526861,0.24025194,0.0
0.24845482,0.25593114,0.25251845,0.24309559,0.0
0.25242135,0.26069963,0.24468678,0.24219222,0.0
0.25492105,0.25216654,0.2590665,0.23384595,0.0
0.2482196,0.2585982,0.24960843,0.24357373,0.0
0.24911244,0.26008922,0.24635503,0.24444324,0.0
0.24996136,0.25878257,0.2462351,0.24502097,0.0
0.25552115,0.25658765,0.252311,0.23558019,0.0
0.24968594,0.2532055,0.25580272,0.24130586,0.0
0.24685696,0.26055858,0.24514964,0.24743485,0.0
0.24886161,0.25909126,0.24671638,0.24533077,0.0
0.25214022,0.25845632,0.24813114,0.24127233,0.0
0.25506112,0.25192764,0.25479558,0.23821566,0.0
0.2511442,0.24920318,0.26167393,0.23797865,0.0
0.24497285,0.25885135,0.24745244,0.24872333,0.0
0.24090001,0.25366718,0.25738022,0.24805261,0.0
0.25039855,0.26214665,0.24416411,0.2432907,0.0
0.25317928,0.2595298,0.24604422,0.24124667,0.0
0.25258955,0.24921094,0.2590905,0.239109,0.0
0.24459606,0.25629577,0.2515092,0.24759896,0.0
0.24738419,0.25882658,0.246984,0.24680525,0.0
0.25190026,0.25609428,0.24952196,0.2424835,0.0
0.2504079,0.25495154,0.24656977,0.24807079,0.0
0.25425357,0.24676174,0.26142186,0.2375628,0.0
0.24677771,0.25603658,0.25103554,0.24615015,0.0
0.2474192,0.2595533,0.24310678,0.2499207,0.0
0.25498867,0.25158978,0.25743422,0.23598735,0.0
0.25468034,0.25575602,0.24964614,0.23991756,0.0
0.2532531,0.24512653,0.26422045,0.23739992,0.0
0.24678482,0.25570214,0.25045314,0.24705985,0.0
0.25616837,0.2512446,0.25614977,0.23643723,0.0
0.2460693,0.26000458,0.24697936,0.24694678,0.0
0.24677296,0.26200807,0.24572931,0.24548963,0.0
0.25030458,0.24920869,0.2582518,0.24223496,0.0
0.244097,0.2564963,0.25072938,0.24867728,0.0
0.25020826,0.25615826,0.2532699,0.24036354,0.0
0.2511645,0.25509205,0.25200784,0.24173559,0.0
0.2490709,0.255443,0.24926338,0.2462227,0.0
0.24804938,0.25118497,0.25745302,0.24331258,0.0
0.24685915,0.254167,0.25413054,0.2448433,0.0
0.24778889,0.255477,0.25070295,0.24603115,0.0
0.2486991,0.25722548,0.24491222,0.24916324,0.0
0.25285617,0.25409374,0.25093678,0.24211328,0.0
0.24759196,0.24862264,0.25864124,0.24514417,0.0
0.24387886,0.2558034,0.249414,0.25090382,0.0
0.24706943,0.25220966,0.2496139,0.25110704,0.0
0.25821534,0.25203848,0.24987352,0.23987262,0.0
0.25351676,0.25517115,0.24768315,0.2436289,0.0
0.24876374,0.24810356,0.25987718,0.24325551,0.0
0.24845807,0.2538034,0.25243515,0.24530338,0.0
0.24964046,0.25085223,0.25333834,0.24616891,0.0
0.2527492,0.25663373,0.24752457,0.24309252,0.0
0.25261757,0.25393054,0.24906659,0.2443853,0.0
0.24894615,0.24801354,0.2572611,0.24577919,0.0
0.24882263,0.25321257,0.25371847,0.2442464,0.0
0.24778245,0.25754625,0.24670252,0.24796881,0.0
0.24750613,0.25534293,0.2504934,0.24665757,0.0
0.249168,0.25544336,0.24673523,0.24865343,0.0
0.2506494,0.24510281,0.2645594,0.23968838,0.0
0.2469938,0.25196472,0.25099674,0.25004476,0.0
0.24724637,0.25459713,0.24813189,0.25002456,0.0
0.2534293,0.2536543,0.24801226,0.24490413,0.0
0.2538601,0.25212228,0.25028795,0.24372971,0.0
0.24873699,0.2478124,0.25890112,0.24454945,0.0
0.24901628,0.2519078,0.25281575,0.24626018,0.0
0.24968722,0.25442886,0.24907112,0.24681282,0.0
0.24997038,0.25161588,0.25209638,0.2463174,0.0
0.24732801,0.2554881,0.24828416,0.24889976,0.0
0.25255015,0.24548724,0.26124293,0.24071968,0.0
0.24908096,0.25460178,0.2498305,0.2464868,0.0
0.24684659,0.25226286,0.2524516,0.24843895,0.0
0.24871548,0.2561361,0.24674095,0.24840748,0.0
0.2491699,0.25391906,0.24689166,0.25001937,0.0
0.24975063,0.24565977,0.25987217,0.24471743,0.0
0.24749818,0.2511021,0.25194934,0.2494504,0.0
0.2445724,0.25651777,0.24271879,0.25619102,0.0
0.2481251,0.25616094,0.24713439,0.24857958,0.0
0.24740185,0.25642002,0.2473231,0.24885504,0.0
0.25160858,0.24378036,0.26075146,0.2438596,0.0
0.25519842,0.24707785,0.25582328,0.0,0.24190043
0.24879487,0.25395635,0.24804349,0.24920529,0.0
0.25283512,0.25348383,0.249681,0.24400009,0.0
0.25021806,0.25567156,0.24387217,0.25023818,0.0
0.23987181,0.24540661,0.26538518,0.24933635,0.0
0.24750274,0.25544465,0.24936089,0.24769174,0.0
0.24758643,0.25240257,0.25102746,0.24898353,0.0
0.24909522,0.2545297,0.24950457,0.24687046,0.0
0.25297397,0.2544431,0.24660058,0.24598232,0.0
0.2481381,0.24778636,0.2543889,0.24968667,0.0
0.24837857,0.2513839,0.246585,0.25365257,0.0
0.2477184,0.25452244,0.24666654,0.2510926,0.0
0.24956934,0.2551151,0.24351253,0.2518031,0.0
0.25134003,0.25345612,0.24838006,0.24682376,0.0
0.25004402,0.24449234,0.25904182,0.24642184,0.0
0.24894755,0.24952807,0.25140408,0.25012034,0.0
0.2465565,0.25248733,0.24786204,0.25309414,0.0
0.25050184,0.25252622,0.24721584,0.24975607,0.0
0.25537848,0.24976033,0.25135395,0.24350722,0.0
0.25107765,0.2468281,0.25851315,0.24358107,0.0
0.24912097,0.24834868,0.25368673,0.24884368,0.0
0.24782045,0.2548002,0.24486431,0.25251502,0.0
0.24352525,0.24749321,0.2588655,0.25011605,0.0
0.25282937,0.25593814,0.24648961,0.24474284,0.0
0.25285617,0.24431603,0.2589309,0.2438969,0.0
0.24655783,0.2508994,0.24907257,0.2534702,0.0
0.2516897,0.2507298,0.24700595,0.2505746,0.0
0.25162038,0.25209743,0.24789014,0.24839206,0.0
0.25137693,0.25102213,0.2469046,0.25069636,0.0
0.25452402,0.24344616,0.25952935,0.24250045,0.0
0.24670523,0.25037205,0.25145635,0.25146636,0.0
0.25203013,0.2518576,0.24788702,0.24822524,0.0
0.25064883,0.2541735,0.24558645,0.24959119,0.0
0.24951272,0.25597167,0.0,0.2517103,0.24280529
0.25124258,0.24617258,0.25457373,0.24801114,0.0
0.24606974,0.2511662,0.24946956,0.2532945,0.0
0.2465081,0.25623494,0.2431474,0.25410953,0.0
0.2578345,0.25527945,0.2454834,0.24140266,0.0
0.25141522,0.25573185,0.2432815,0.24957143,0.0
0.25242075,0.24613646,0.25538957,0.24605319,0.0
0.24887894,0.2537747,0.24597056,0.25137576,0.0
0.25154412,0.2541355,0.24668144,0.24763896,0.0
0.25159436,0.2522444,0.24825098,0.24791025,0.0
0.25525302,0.25066823,0.24683067,0.24724805,0.0
0.2526547,0.24237236,0.2583895,0.24658339,0.0
0.24783777,0.24654195,0.2579565,0.24766378,0.0
0.25399855,0.2504442,0.25196087,0.24359642,0.0
0.251367,0.25090036,0.25078645,0.2469462,0.0
0.25530785,0.2536056,0.24714221,0.24394438,0.0
0.252513,0.24039307,0.26166984,0.24542403,0.0
0.0,0.25081408,0.24758421,0.2560606,0.2455411
0.24901125,0.2537455,0.24849275,0.24875048,0.0
0.25021136,0.25102672,0.2473971,0.25136483,0.0
0.25165135,0.25300264,0.24775709,0.24758895,0.0
0.25569668,0.0,0.257233,0.24468838,0.24238196
0.25217465,0.24753408,0.24978152,0.2505098,0.0
0.2505945,0.25174385,0.24645977,0.25120184,0.0
0.25104573,0.2506867,0.24793686,0.2503307,0.0
0.25466704,0.2487967,0.24743812,0.0,0.24909809
0.25329298,0.0,0.25884604,0.24652211,0.24133882
0.25599325,0.24705938,0.25086376,0.24608363,0.0
0.25720745,0.24696931,0.2498047,0.0,0.2460185
0.25827226,0.24754094,0.25030935,0.24387743,0.0
0.25481308,0.25042602,0.245304,0.24945691,0.0
0.2532835,0.0,0.25857532,0.2453191,0.24282208
0.25053847,0.25027764,0.25156197,0.24762188,0.0
0.25123626,0.2517607,0.24497807,0.25202498,0.0
0.2519992,0.2504289,0.2450569,0.25251502,0.0
0.25260982,0.24968413,0.24810565,0.24960038,0.0
0.2521729,0.0,0.26011014,0.24433672,0.24338022
0.24966872,0.24717766,0.2517506,0.25140303,0.0
0.25145087,0.24888194,0.24761136,0.25205582,0.0
0.25984,0.24710396,0.24600273,0.0,0.24705327
0.25116754,0.25112206,0.0,0.25098807,0.24672234
0.24994674,0.0,0.25490022,0.24961972,0.24553329
0.2517492,0.24951908,0.0,0.25051492,0.24821682
0.0,0.25317395,0.24263792,0.25368825,0.2504998
0.25540364,0.25057504,0.0,0.24574523,0.24827608
0.25611478,0.25069883,0.24554443,0.247642,0.0
0.24249028,0.0,0.26167855,0.24604015,0.24979101
0.0,0.25147852,0.25097063,0.25001755,0.24753325
0.25079334,0.2488795,0.24951099,0.25081614,0.0
0.25096425,0.24870978,0.24786563,0.25246036,0.0
0.25477892,0.24825491,0.0,0.2492931,0.24767302
0.2539596,0.0,0.25524017,0.24413359,0.24666663
0.25464347,0.0,0.2528361,0.24694553,0.24557492
0.25490335,0.24891193,0.24587919,0.25030553,0.0
0.25176945,0.24881428,0.0,0.24773476,0.25168148
0.25047913,0.24942446,0.0,0.24745727,0.25263917
0.25146776,0.0,0.25365672,0.25057378,0.24430175
0.25110856,0.0,0.24994737,0.24628891,0.2526552
0.2557863,0.0,0.24777001,0.24712485,0.24931888
0.25500438,0.0,0.24923524,0.24630718,0.24945322
0.24964589,0.24929911,0.0,0.2513094,0.24974556
0.245827,0.0,0.26467472,0.24368425,0.24581403
0.24942847,0.0,0.2506687,0.25082755,0.24907526
0.25026983,0.24741259,0.0,0.2540538,0.24826379
0.25111195,0.24735796,0.0,0.25196496,0.24956508
0.25814033,0.24775793,0.24633992,0.0,0.24776186
0.2504039,0.0,0.25372815,0.24635409,0.24951385
0.24788477,0.0,0.25033838,0.2509646,0.2508122
0.25223202,0.24573193,0.0,0.251929,0.25010702
0.25246587,0.0,0.24724072,0.24780677,0.2524866
0.25271556,0.24811956,0.0,0.24776922,0.2513956
0.24991688,0.0,0.2550407,0.24476545,0.25027698
0.25195068,0.0,0.24998342,0.24702932,0.2510366
0.25123286,0.24661487,0.0,0.2490943,0.25305793
0.24836208,0.0,0.24738096,0.25109997,0.253157
0.24334298,0.24837185,0.0,0.2543338,0.25395137
0.25355905,0.0,0.25486436,0.23759775,0.2539788
0.24884722,0.0,0.2484847,0.2510711,0.251597
0.24527715,0.24533948,0.0,0.25435776,0.25502557
0.24928442,0.0,0.24897046,0.24615875,0.2555864
0.24716018,0.24564411,0.0,0.24958947,0.25760624
0.25330663,0.0,0.25405946,0.23840225,0.2542316
0.24638568,0.0,0.24922991,0.25207987,0.25230455
0.24982019,0.0,0.24654844,0.25043303,0.25319836
0.2553589,0.0,0.24694778,0.2469986,0.2506947
0.2554605,0.24467646,0.0,0.24448456,0.25537845
0.25039133,0.0,0.25489682,0.24211195,0.25259992
0.24672624,0.0,0.24813755,0.2511695,0.2539667
0.2503486,0.0,0.24711989,0.24780485,0.25472662
0.25024557,0.0,0.24619395,0.25100622,0.25255424
0.2498773,0.0,0.24443628,0.24702418,0.25866225
0.24537292,0.0,0.25168166,0.25024772,0.25269765
0.24619104,0.0,0.24736503,0.25224572,0.25419822
0.24821278,0.0,0.24423791,0.25133303,0.25621623
0.25112528,0.0,0.24483445,0.24620022,0.25784007
0.25218293,0.24481614,0.0,0.2506689,0.252332
0.24733412,0.0,0.25639695,0.23738635,0.25888258
0.24682513,0.0,0.24668774,0.2496352,0.25685194
0.24974997,0.0,0.24528176,0.2483593,0.25660893
0.25209227,0.0,0.24704903,0.24428013,0.25657862
0.24810012,0.0,0.24757557,0.24776699,0.25655732
0.2482342,0.0,0.2513443,0.24337868,0.25704283
0.2464557,0.0,0.24932228,0.2479918,0.25623018
0.24872854,0.0,0.24671122,0.2466436,0.2579166
0.24454495,0.0,0.2563779,0.2462881,0.25278905
0.25380802,0.0,0.24369836,0.24364659,0.258847
0.24977773,0.0,0.254038,0.24098775,0.25519657
0.24960425,0.0,0.24691756,0.24776487,0.25571334
0.2485476,0.0,0.24741703,0.24569635,0.25833902
0.2489147,0.0,0.24435388,0.24751922,0.25921217
0.2498216,0.0,0.24472694,0.2473977,0.25805375
0.24978325,0.0,0.2520607,0.24098644,0.2571696
0.2442244,0.0,0.24682166,0.25126988,0.25768402
0.24700224,0.0,0.24246821,0.2506208,0.25990868
0.25053936,0.0,0.24577591,0.24427354,0.2594112
0.25186524,0.0,0.24677102,0.24411103,0.25725272
0.24926333,0.0,0.25205883,0.24262783,0.25605002
0.2473113,0.0,0.24733976,0.2501873,0.25516167
0.24951845,0.0,0.24458897,0.2457423,0.2601503
0.24789402,0.0,0.24051385,0.25390437,0.2576878
0.2521418,0.0,0.24823721,0.24098687,0.25863412
0.24971472,0.0,0.2534773,0.237214,0.25959393
0.24428396,0.0,0.24608849,0.25131512,0.2583125
0.24976599,0.0,0.24441509,0.24928673,0.2565322
0.25029644,0.0,0.24335258,0.24303162,0.26331934
0.24853146,0.0,0.24565801,0.2433002,0.2625103
0.24883686,0.0,0.25207952,0.24284275,0.25624087
0.24692164,0.0,0.24737096,0.24866056,0.25704685
0.2517502,0.0,0.24589066,0.24049301,0.26186612
0.0,0.23822759,0.24241118,0.25408557,0.26527566
0.2547086,0.0,0.24452785,0.24178761,0.25897592
0.2512468,0.0,0.2531564,0.23711288,0.2584839
0.24633521,0.0,0.24716441,0.24660031,0.25990003
0.23970416,0.0,0.25400516,0.24851349,0.25777715
0.2504512,0.0,0.24369426,0.24665782,0.2591967
0.25319725,0.0,0.24616449,0.24084601,0.25979224
0.2514739,0.0,0.25474977,0.23618864,0.2575877
0.24770343,0.0,0.24545251,0.24801643,0.2588276
0.24741729,0.0,0.24411535,0.24551044,0.2629569
0.24975744,0.0,0.24446741,0.24478137,0.26099375
0.24911444,0.0,0.24094205,0.24853869,0.26140478
0.24766852,0.0,0.25390604,0.2410331,0.2573923
0.24459633,0.0,0.24586551,0.25003636,0.2595018
0.24700366,0.0,0.24487677,0.24789773,0.26022184
0.24931274,0.0,0.24193302,0.24507688,0.26367733
0.24809095,0.0,0.239352,0.25106812,0.2614889
0.25075936,0.0,0.25210056,0.23901626,0.25812376
0.24448086,0.0,0.24362747,0.2516279,0.2602638
0.24888214,0.0,0.24420236,0.24661198,0.26030353
0.24414651,0.0,0.2390245,0.25671762,0.26011136
0.25218597,0.0,0.24222769,0.2436984,0.26188797
0.24940422,0.0,0.25364807,0.2366781,0.26026964
0.24660319,0.0,0.24663717,0.24600942,0.2607502
0.24775517,0.0,0.24032322,0.25297865,0.25894296
0.25382337,0.0,0.2457475,0.24230896,0.25812012
0.24803957,0.0,0.24316262,0.24297138,0.26582643
0.24936062,0.0,0.25681967,0.23374835,0.26007137
0.24658582,0.0,0.24605066,0.246736,0.2606275
0.2513805,0.0,0.24646439,0.24198304,0.26017207
0.24443163,0.0,0.24579488,0.24517876,0.26459473
0.24789783,0.0,0.24230264,0.24622431,0.26357526
0.24757187,0.0,0.25041363,0.23798525,0.26402926
0.24951468,0.0,0.24672048,0.2430678,0.26069707
0.24769512,0.0,0.24406779,0.24273668,0.26550043
0.2512927,0.0,0.25340188,0.2390848,0.25622064
0.24920839,0.0,0.24308534,0.24219622,0.26551002
0.2513847,0.0,0.24942791,0.2381134,0.26107395
0.24386103,0.0,0.24250147,0.24959928,0.2640382
0.24633563,0.0,0.24464741,0.24781075,0.26120624
0.2487684,0.0,0.24259008,0.24615596,0.26248553
0.24695264,0.0,0.24086097,0.25018623,0.26200008
0.25174022,0.0,0.24900241,0.23758234,0.26167506
0.24542983,0.0,0.24926552,0.24515177,0.26015285
0.24763647,0.0,0.24510731,0.24331106,0.2639452
0.24573185,0.0,0.2402649,0.24941567,0.2645876
0.24623023,0.0,0.24424013,0.24458885,0.2649408
0.24900007,0.0,0.25966713,0.23360033,0.25773248
0.24670425,0.0,0.24417986,0.2450399,0.264076
0.24592304,0.0,0.24341223,0.24796048,0.26270422
0.24755064,0.0,0.24592249,0.2441935,0.26233336
0.24353532,0.0,0.24261111,0.24843997,0.26541364
0.25425258,0.0,0.25329468,0.22962509,0.2628277
0.24473558,0.0,0.24658394,0.24436419,0.2643163
0.24610917,0.0,0.24168894,0.24458006,0.2676218
0.24562953,0.0,0.24205358,0.24582766,0.2664892
0.24984483,0.0,0.24064243,0.24144633,0.26806638
0.25260615,0.0,0.25301057,0.23332278,0.26106048
0.24211085,0.0,0.24353145,0.25019825,0.26415944
0.24637377,0.0,0.24033359,0.24849413,0.26479855
0.246115,0.0,0.2424987,0.24678627,0.26460004
0.24773133,0.0,0.24175265,0.24588303,0.26463297
0.2538734,0.0,0.2517608,0.23032448,0.26404127
0.24385591,0.0,0.24644622,0.24399112,0.26570675
0.24568924,0.0,0.24303438,0.24710646,0.26416996
0.24535696,0.0,0.24217455,0.24940215,0.26306632
0.24396051,0.0,0.24469687,0.24630827,0.26503435
0.2531428,0.0,0.24964589,0.23256397,0.2646473
0.24111676,0.0,0.24368386,0.25019,0.2650094
0.24450141,0.0,0.24505325,0.24433804,0.2661073
0.23875563,0.0,0.2421081,0.25389123,0.26524502
0.24812369,0.0,0.24069145,0.24659751,0.2645873
0.25827843,0.0,0.25170183,0.2283108,0.26170895
0.24333887,0.0,0.2451672,0.24860166,0.26289225
0.24621794,0.0,0.24035476,0.24867162,0.26475564
0.24743178,0.0,0.24208383,0.24835156,0.2621328
0.24432717,0.0,0.24207199,0.24848534,0.2651155
0.25557536,0.0,0.24845208,0.23091733,0.26505524
0.2436535,0.0,0.24372785,0.24712679,0.26549187
0.2456647,0.0,0.24509612,0.24319372,0.26604542
0.2454137,0.0,0.23995133,0.25198716,0.2626478
0.24600334,0.0,0.23723364,0.24875079,0.26801223
0.253129,0.0,0.25331503,0.23009278,0.26346317
0.24504237,0.0,0.24265674,0.24772732,0.26457354
0.2444739,0.0,0.2418786,0.24655864,0.26708886
0.24168968,0.0,0.24016623,0.2545994,0.26354468
0.245581,0.0,0.23937057,0.24795024,0.26709816
0.25669545,0.0,0.25011548,0.22975345,0.26343563
0.24338107,0.0,0.2433929,0.24467501,0.268551
0.24433203,0.0,0.23705016,0.25074428,0.2678735
0.24309753,0.0,0.23790571,0.2523111,0.26668563
0.24415663,0.0,0.24185933,0.24808224,0.2659018
0.25614226,0.0,0.24830456,0.23274176,0.26281142
0.24574408,0.0,0.24307455,0.24880664,0.26237476
0.24524301,0.0,0.24364005,0.24563237,0.2654845
0.24379435,0.0,0.23953128,0.2514943,0.26518005
0.24174264,0.0,0.23839168,0.25016326,0.2697024
0.2553766,0.0,0.2496507,0.23086737,0.26410532
0.24180223,0.0,0.24701886,0.24377409,0.2674048
0.24494125,0.0,0.24119928,0.24713016,0.26672933
0.24407817,0.0,0.24182789,0.24861228,0.26548165
0.247072,0.0,0.24249813,0.24332817,0.2671017
0.25855756,0.0,0.24638027,0.22751708,0.2675451
0.24767162,0.0,0.24231593,0.24284232,0.26717013
0.24732822,0.0,0.23956582,0.24774016,0.26536578
0.24417709,0.0,0.24141991,0.24859695,0.26580608
0.24719858,0.0,0.24307875,0.24358156,0.2661411
0.2562993,0.0,0.24966408,0.22750947,0.26652718
0.24641408,0.0,0.24584508,0.24354284,0.26419804
0.24316926,0.0,0.23951234,0.25032324,0.26699516
0.2422784,0.0,0.24190606,0.24822365,0.26759192
0.24386875,0.0,0.24432352,0.24744956,0.26435813
0.25730586,0.0,0.2486241,0.22559726,0.26847273
0.24478626,0.0,0.24622117,0.24554335,0.26344925
0.24430586,0.0,0.24755768,0.24399953,0.2641369
0.24427569,0.0,0.24039073,0.24851829,0.26681525
0.24586777,0.0,0.24556568,0.24412216,0.26444444
0.2571566,0.0,0.24497083,0.22573715,0.27213547
0.24408655,0.0,0.24406919,0.24676089,0.26508334
0.24356209,0.0,0.24643515,0.24207653,0.26792625
0.24589016,0.0,0.24187142,0.24749473,0.26474372
0.24205482,0.0,0.24442077,0.24762283,0.26590163
0.25740466,0.0,0.24953166,0.22610642,0.26695725
0.24269581,0.0,0.24519148,0.24503987,0.26707283
0.2436596,0.0,0.24606669,0.24511611,0.26515764
0.24241549,0.0,0.24571511,0.24764638,0.264223
0.24145201,0.0,0.24588628,0.2488976,0.26376414
0.24286431,0.0,0.2504242,0.23180835,0.27490312
0.24446404,0.0,0.24821682,0.24305937,0.2642598
0.24007739,0.0,0.24583136,0.24830084,0.26579037
0.24243754,0.0,0.24436587,0.24901848,0.26417807
0.24307795,0.0,0.24594751,0.24499168,0.26598287
0.2556677,0.0,0.252718,0.2253531,0.26626122
0.24456348,0.0,0.25250068,0.2430328,0.25990304
0.24008584,0.0,0.25061643,0.24700612,0.26229164
0.23913398,0.0,0.24865696,0.24809633,0.2641127
0.23868294,0.0,0.24309516,0.25093758,0.26728433
0.2559576,0.0,0.2472745,0.22902104,0.26774687
0.2269852,0.0,0.25349316,0.25131226,0.26820937
0.23786665,0.0,0.24660398,0.25060225,0.26492712
0.23790053,0.0,0.24689278,0.24854618,0.26666048
0.23760168,0.0,0.2468116,0.25148204,0.2641047
0.25746018,0.0,0.24912243,0.22442125,0.26899612
0.24082713,0.0,0.24835792,0.2441762,0.26663876
0.22828434,0.0,0.25212556,0.25505126,0.26453882
0.23850574,0.0,0.24886762,0.2491812,0.26344547
0.2381631,0.0,0.24692617,0.25298747,0.26192325
0.25652277,0.0,0.24832343,0.22488227,0.27027157
0.24095725,0.0,0.24575302,0.25043344,0.2628563
0.23424493,0.0,0.24682371,0.2527718,0.26615956
0.23903938,0.0,0.25046608,0.2465376,0.26395693
0.23712064,0.0,0.24905375,0.25084886,0.26297677
0.2574142,0.0,0.24866024,0.22605275,0.26787287
0.23549874,0.0,0.2502684,0.25096387,0.263269
0.23192437,0.0,0.24815257,0.25973403,0.26018906
0.23788096,0.0,0.24551544,0.25604296,0.26056066
0.24123256,0.0,0.24930593,0.24727796,0.26218352
0.25461116,0.0,0.24636617,0.22727947,0.27174327
0.23734125,0.0,0.2504319,0.24951492,0.26271194
0.23176344,0.0,0.25480866,0.25293794,0.26048994
0.23407577,0.0,0.2508524,0.25606075,0.25901112
0.2346121,0.0,0.25202003,0.25100023,0.2623676
0.25893787,0.0,0.25119835,0.22225706,0.26760674
0.23433346,0.0,0.24801056,0.2527315,0.26492447
0.23796052,0.0,0.24960203,0.25119698,0.2612405
0.23755658,0.0,0.24995966,0.25087458,0.2616092
0.24007969,0.0,0.25029412,0.24666607,0.2629601
0.2561564,0.0,0.249998,0.22431967,0.26952595
0.2298829,0.0,0.2501848,0.25544807,0.26448423
0.22927411,0.0,0.25766906,0.25722235,0.25583452
0.23777182,0.0,0.25306436,0.24921691,0.25994697
0.23654127,0.0,0.24998228,0.25103292,0.2624435
0.25921723,0.0,0.24980244,0.22260703,0.2683733
0.23609838,0.0,0.25162485,0.25399983,0.25827697
0.23964137,0.0,0.2507591,0.24833371,0.26126584
0.23871426,0.0,0.25523683,0.24449639,0.26155245
0.23909636,0.0,0.2528455,0.24589457,0.26216355
0.26021126,0.0,0.24677733,0.22711013,0.2659013
0.23897174,0.0,0.25333008,0.24905238,0.2586458
0.23424193,0.0,0.25219935,0.25315103,0.2604077
0.23544732,0.0,0.25291026,0.2516289,0.2600135
0.23400031,0.0,0.25269455,0.25739065,0.25591448
0.2591154,0.0,0.24764924,0.22514367,0.26809168
0.23749882,0.0,0.25270644,0.25217605,0.2576187
0.23289388,0.0,0.25589517,0.2537017,0.25750926
0.23364638,0.0,0.25406882,0.25319293,0.25909188
0.23802714,0.0,0.2518783,0.25136942,0.2587252
0.26219937,0.0,0.24701126,0.22351941,0.26726994
0.23565054,0.0,0.25338665,0.25371522,0.25724763
0.22753127,0.0,0.26398155,0.25554326,0.25294396
0.23860158,0.0,0.25632557,0.2515967,0.25347617
0.2360273,0.0,0.25539097,0.24960792,0.2589738
0.26214808,0.0,0.24761665,0.22421907,0.26601627
0.23508164,0.0,0.25269416,0.2556458,0.25657836
0.2391006,0.0,0.2569527,0.24841541,0.25553128
0.24141632,0.0,0.2569858,0.24424314,0.25735477
0.23917781,0.0,0.25742045,0.24384372,0.25955802
0.26629534,0.0,0.24723819,0.22402042,0.26244605
0.27176306,0.22959001,0.0,0.23343143,0.2652155
0.24217708,0.0,0.25176555,0.24642543,0.25963196
0.2402605,0.0,0.25519723,0.24693814,0.25760412
0.23474318,0.0,0.26232496,0.24811926,0.25481257
0.26402563,0.0,0.24924362,0.21952127,0.26720947
0.2371962,0.0,0.2552467,0.2527338,0.25482333
0.2356309,0.0,0.25874996,0.2507452,0.2548739
0.23179501,0.0,0.27089313,0.24927953,0.24803235
0.2397849,0.0,0.2631783,0.24427399,0.25276282
0.26488382,0.0,0.2455689,0.22327548,0.2662718
0.23563553,0.0,0.2566331,0.25257334,0.255158
0.23529598,0.0,0.25797093,0.25226557,0.2544675
0.23646271,0.0,0.26058802,0.24979949,0.25314978
0.23480621,0.0,0.2559537,0.25612044,0.25311965
0.26615295,0.0,0.24616724,0.22433373,0.26334605
0.23978637,0.0,0.25621796,0.2493167,0.254679
0.23545116,0.0,0.26054645,0.25094047,0.25306195
0.23338953,0.0,0.25963065,0.2517199,0.2552599
0.23353134,0.0,0.26254785,0.25008056,0.25384027
0.26538792,0.0,0.24661951,0.22434402,0.26364854
0.23658037,0.0,0.26215532,0.24919218,0.25207207
0.23325346,0.0,0.26004103,0.25184,0.25486547
0.23520201,0.0,0.2651978,0.24977092,0.24982928
0.23160638,0.0,0.26594058,0.2515916,0.25086147
0.27077967,0.0,0.24347499,0.2266307,0.2591146
0.24133834,0.0,0.26017612,0.2438466,0.25463894
0.23839368,0.0,0.26293582,0.24599999,0.25267056
0.23241931,0.0,0.26485568,0.2518129,0.2509121
0.23305634,0.0,0.26403913,0.2520644,0.25084016
0.26504233,0.0,0.24595691,0.22379039,0.26521036
0.23266044,0.0,0.2645456,0.25255147,0.2502425
0.23344533,0.0,0.26540586,0.251068,0.25008076
0.23153143,0.0,0.26781747,0.25077337,0.24987775
0.23297727,0.0,0.26803073,0.24954666,0.24944532
0.27421287,0.0,0.24460024,0.21768151,0.2635054
0.23099156,0.0,0.2620512,0.25355983,0.25339746
0.22341658,0.0,0.26822487,0.25506407,0.25329453
0.23407942,0.0,0.2689959,0.2490133,0.2479114
0.22904706,0.0,0.26772255,0.2536435,0.2495869
0.26898417,0.0,0.24821027,0.22273786,0.26006773
0.22933477,0.0,0.267112,0.25405324,0.24950005
0.23373803,0.0,0.26840115,0.25068942,0.24717142
0.23267438,0.0,0.27150798,0.2495186,0.24629903
0.23014835,0.0,0.2753636,0.24850555,0.2459825
0.2716292,0.0,0.2459788,0.22026934,0.26212257
0.23435028,0.0,0.26919022,0.25078884,0.24567065
0.23181736,0.0,0.27284315,0.25009358,0.24524589
0.22813779,0.0,0.2739593,0.25019002,0.24771291
0.23068053,0.0,0.27733216,0.24688774,0.24509957
0.2719058,0.0,0.24806435,0.21971717,0.26031262
0.22918883,0.0,0.27569064,0.25023693,0.24488358
0.22767676,0.0,0.28241956,0.24528259,0.24462108
0.2292124,0.0,0.28279182,0.24450256,0.24349318
0.2277672,0.0,0.28268158,0.24416436,0.2453869
0.2712952,0.0,0.24719632,0.22220162,0.2593069
0.23201075,0.0,0.27538902,0.24960588,0.24299437
0.23580964,0.0,0.27494186,0.2447971,0.24445145
0.23475377,0.0,0.2792957,0.2424521,0.24349837
0.2303827,0.0,0.27877244,0.24770007,0.24314481
0.27348542,0.0,0.24790002,0.2188749,0.25973964
0.2290595,0.0,0.28507775,0.24604158,0.23982121
0.22817871,0.0,0.29027814,0.24123746,0.24030566
0.22753556,0.0,0.29359517,0.23882274,0.24004659
0.2281342,0.0,0.29460388,0.23765868,0.2396032
0.27262464,0.0,0.2456476,0.22086886,0.26085892
0.22917446,0.0,0.28576276,0.24446207,0.24060069
0.22656272,0.0,0.29367197,0.24139735,0.23836796
0.22424139,0.0,0.2963545,0.2401951,0.23920903
0.22541554,0.0,0.29108953,0.24052493,0.24296996
0.27289423,0.0,0.24777156,0.22269996,0.25663427
0.22851694,0.0,0.29113105,0.24202947,0.23832253
0.22486517,0.0,0.29167357,0.24243644,0.24102484
0.22471738,0.0,0.29917145,0.23754211,0.23856905
0.22908856,0.0,0.2994323,0.23317178,0.23830739
0.27360782,0.0,0.24452835,0.22302766,0.25883618
0.23016909,0.0,0.28839204,0.24210964,0.2393292
0.22217481,0.0,0.29999584,0.2384637,0.23936565
0.22377189,0.0,0.30469856,0.23451063,0.23701893
0.22476,0.0,0.31413653,0.22956538,0.2315381
0.27758735,0.0,0.25136107,0.21453711,0.25651443
0.25839487,0.27348968,0.23310605,0.23500942,0.0
0.26570246,0.2777646,0.22554329,0.23098965,0.0
0.26517954,0.2793571,0.22498721,0.23047611,0.0
0.26572925,0.28131494,0.22487088,0.22808495,0.0
0.26550853,0.2837093,0.22149335,0.22928886,0.0
0.26254544,0.27384552,0.23105086,0.23255818,0.0
0.2643411,0.2797568,0.22644746,0.2294546,0.0
0.2605681,0.28243917,0.224318,0.23267472,0.0
0.26645538,0.2810048,0.22492331,0.22761653,0.0
0.17977476,0.0,0.7922885,0.02657615,0.0013605601
0.26814657,0.27508423,0.22718357,0.22958563,0.0
0.265394,0.2833349,0.2213221,0.22994898,0.0
0.2666729,0.2847142,0.21635152,0.23226142,0.0
0.26530406,0.28328228,0.21965562,0.23175804,0.0
0.26792088,0.2793643,0.22542718,0.22728768,0.0
0.26143113,0.27513906,0.2296235,0.23380634,0.0
0.26661232,0.28153625,0.22167094,0.23018046,0.0
0.26339486,0.28206915,0.2219454,0.23259057,0.0
0.26476276,0.28409857,0.0,0.23002544,0.22111326
0.26581502,0.2816259,0.22321926,0.22933982,0.0
0.26527727,0.27270603,0.23050074,0.23151596,0.0
0.25842297,0.28354827,0.2224371,0.23559168,0.0
0.266367,0.277349,0.22704248,0.22924156,0.0
0.2650259,0.28118968,0.22118948,0.23259492,0.0
0.26121682,0.28193864,0.22324857,0.233596,0.0
0.26039836,0.27437422,0.23170047,0.23352695,0.0
0.2601001,0.28152877,0.22306687,0.23530424,0.0
0.26459414,0.28078747,0.22295055,0.23166786,0.0
0.26051134,0.28179282,0.22402543,0.23367038,0.0
0.26000756,0.282704,0.0,0.23335579,0.22393265
0.2622422,0.27131984,0.23455167,0.23188628,0.0
0.25897408,0.28402638,0.0,0.23430257,0.22269697
0.2639573,0.2793271,0.22523691,0.23147869,0.0
0.26109263,0.28026384,0.22709474,0.23154885,0.0
0.2618368,0.28007942,0.22558916,0.2324946,0.0
0.2569628,0.27759093,0.22802484,0.23742142,0.0
0.2574866,0.28103745,0.2278748,0.23360112,0.0
0.26256526,0.2773444,0.22828783,0.23180252,0.0
0.26060328,0.2798981,0.0,0.23505211,0.22444649
0.26501274,0.27864453,0.0,0.2301638,0.22617893
0.26305944,0.27096534,0.23327929,0.2326959,0.0
0.25946167,0.2800048,0.0,0.23613,0.22440353
0.26147273,0.27898195,0.0,0.23236053,0.22718477
0.2611349,0.27961513,0.0,0.23301023,0.22623977
0.25800887,0.28099322,0.0,0.23430473,0.22669317
0.26173064,0.2719505,0.23377694,0.23254195,0.0
0.26174712,0.27536184,0.2299822,0.23290882,0.0
0.25317243,0.28276712,0.0,0.23579155,0.22826895
0.26056054,0.2787771,0.0,0.23236799,0.2282944
0.25937644,0.27925128,0.0,0.23327522,0.22809708
0.25461036,0.27436057,0.23335554,0.23767358,0.0
0.25912005,0.27769157,0.0,0.23319644,0.22999197
0.25981638,0.27657294,0.0,0.23530667,0.228304
0.25797072,0.2783519,0.0,0.23599084,0.22768655
0.258948,0.27929118,0.0,0.23206893,0.22969192
0.25809678,0.2714053,0.23514098,0.23535693,0.0
0.2582747,0.27752733,0.0,0.2351909,0.22900708
0.26018092,0.27658656,0.0,0.2327492,0.23048337
0.25916874,0.2775183,0.0,0.23405944,0.22925358
0.25988302,0.27715474,0.0,0.23438108,0.22858119
0.26089886,0.27170634,0.23448963,0.23290516,0.0
0.25319633,0.27855447,0.0,0.23659107,0.23165813
0.25696602,0.27686304,0.0,0.2363397,0.22983126
0.2562046,0.2770307,0.0,0.23403779,0.23272687
0.25973526,0.27705178,0.0,0.23311579,0.23009714
0.2545106,0.27118617,0.23662405,0.23767917,0.0
0.25844562,0.27575663,0.0,0.23377214,0.23202562
0.25217485,0.2778288,0.0,0.23712333,0.23287301
0.25758916,0.27664396,0.0,0.23559183,0.23017508
0.255996,0.27684644,0.0,0.2336715,0.23348604
0.25783277,0.27032366,0.23678263,0.23506099,0.0
0.25109264,0.2773696,0.0,0.2388216,0.23271616
0.2551631,0.27640566,0.0,0.23491187,0.23351939
0.25068688,0.2772229,0.0,0.23675755,0.23533265
0.2556408,0.27585128,0.0,0.23366323,0.23484467
0.2577054,0.27032483,0.23473221,0.23723756,0.0
0.2518874,0.27562162,0.0,0.23749888,0.23499209
0.25343484,0.2769123,0.0,0.23422042,0.23543245
0.25288066,0.27695233,0.0,0.23381193,0.2363551
0.2562521,0.2752242,0.0,0.23407105,0.23445265
0.2551189,0.27122647,0.0,0.23683298,0.23682168
0.25198337,0.27612573,0.0,0.23567636,0.23621456
0.2521413,0.27526492,0.0,0.23718278,0.235411
0.25651383,0.2739584,0.0,0.23263939,0.23688841
0.2591721,0.27432972,0.0,0.23232178,0.23417637
0.25610504,0.26903966,0.23662843,0.0,0.23822689
0.2527962,0.27374515,0.0,0.23463167,0.23882699
0.2537642,0.27458993,0.0,0.23506312,0.23658274
0.25566864,0.27399242,0.0,0.23200883,0.23833014
0.25470886,0.27323478,0.0,0.23279211,0.23926425
0.25414076,0.269095,0.23824002,0.23852423,0.0
0.2468039,0.2743013,0.0,0.23911613,0.23977868
0.25595012,0.2718536,0.0,0.23360711,0.23858921
0.25283667,0.27377942,0.0,0.23513345,0.23825043
0.25221056,0.27314615,0.0,0.23609862,0.23854461
0.25602475,0.26852039,0.0,0.23637459,0.23908028
0.24650908,0.27527568,0.0,0.23763609,0.24057911
0.25407228,0.27233222,0.0,0.23223971,0.24135576
0.25330433,0.27356803,0.0,0.23362626,0.23950137
0.25229454,0.27337232,0.0,0.23527487,0.23905829
0.2560964,0.26761153,0.0,0.23444049,0.24185158
0.25594297,0.2698111,0.0,0.23459612,0.23964982
0.24726187,0.2739754,0.0,0.23760967,0.24115308
0.25497514,0.27019864,0.0,0.2327726,0.24205361
0.24973091,0.2740041,0.0,0.23490804,0.24135695
0.25822455,0.2641395,0.23635556,0.0,0.24128042
0.24599078,0.27396485,0.0,0.2385024,0.24154197
0.24788241,0.27229407,0.0,0.23620649,0.24361707
0.25037834,0.27337828,0.0,0.2355078,0.2407356
0.24754003,0.27257758,0.0,0.23702243,0.24285996
0.2542089,0.26550835,0.23608936,0.0,0.24419343
0.25014776,0.2707624,0.0,0.23711738,0.24197242
0.24824768,0.27158487,0.0,0.23784555,0.24232195
0.25285357,0.2706097,0.0,0.23398358,0.24255316
0.25171694,0.27023125,0.0,0.23486215,0.24318969
0.2574928,0.26414043,0.23532781,0.0,0.24303898
0.24934033,0.27037337,0.0,0.23587613,0.24441016
0.24952134,0.2707075,0.0,0.2365971,0.24317408
0.24986868,0.2705647,0.0,0.23569292,0.24387373
0.25044984,0.2703418,0.0,0.23344396,0.24576439
0.25155714,0.26547822,0.0,0.2361987,0.24676596
0.2480855,0.26968202,0.0,0.23834118,0.2438913
0.25059524,0.26980424,0.0,0.23464547,0.24495502
0.25127923,0.2698029,0.0,0.23457587,0.24434197
0.25208429,0.26994434,0.0,0.23479515,0.24317619
0.25536624,0.26209095,0.23798384,0.0,0.24455899
0.2496971,0.26819706,0.0,0.23519713,0.24690871
0.24556185,0.2711244,0.0,0.2383698,0.24494395
0.24863212,0.2700057,0.0,0.23370215,0.24766003
0.24809547,0.2704607,0.0,0.23502353,0.24642026
0.25431103,0.2633233,0.0,0.2360879,0.2462778
0.24477974,0.26982957,0.0,0.23843703,0.24695367
0.2497527,0.26741686,0.0,0.23417942,0.24865103
0.24373002,0.27001733,0.0,0.23835926,0.24789341
0.24727829,0.2700299,0.0,0.23668493,0.2460069
0.25306928,0.26016554,0.23839535,0.0,0.24836983
0.25057977,0.26660278,0.0,0.23653996,0.24627751
0.24919607,0.2674552,0.0,0.23739234,0.24595636
0.24700655,0.26911473,0.0,0.23359866,0.25028
0.25212663,0.26634344,0.0,0.23353037,0.24799958
0.25258502,0.26167566,0.0,0.2369286,0.24881066
0.24597731,0.2677693,0.0,0.23886725,0.24738611
0.24661385,0.26741,0.0,0.23694432,0.2490318
0.24582192,0.26920453,0.0,0.23670846,0.24826509
0.24991146,0.26678142,0.0,0.2360945,0.24721262
0.25493288,0.25825867,0.23707831,0.0,0.24973013
0.25106502,0.26468092,0.0,0.23633584,0.2479182
0.24240594,0.2688723,0.0,0.23943746,0.24928436
0.24776645,0.26662233,0.0,0.2349285,0.25068268
0.24840067,0.26648915,0.0,0.23525147,0.24985874
0.253296,0.25676873,0.24002434,0.0,0.24991089
0.24437985,0.26601213,0.0,0.23642036,0.25318766
0.24716373,0.26566574,0.0,0.23764496,0.24952559
0.25246465,0.26387194,0.0,0.23562446,0.24803893
0.24879749,0.2662621,0.0,0.23336202,0.25157842
0.251068,0.25985152,0.0,0.23773645,0.25134403
0.24534139,0.2652974,0.0,0.23818783,0.25117335
0.24773373,0.2652773,0.0,0.23805922,0.24892978
0.24928746,0.26432633,0.0,0.23554327,0.25084293
0.24901704,0.26443702,0.0,0.23567848,0.25086746
0.25450772,0.2589095,0.0,0.23525041,0.25133234
0.24506356,0.26459414,0.0,0.24029537,0.25004694
0.24798706,0.2646607,0.0,0.23628631,0.25106594
0.24475215,0.26594275,0.0,0.23727125,0.25203386
0.24710785,0.26475286,0.0,0.23405015,0.2540891
0.24979106,0.2582832,0.23512556,0.0,0.25680017
0.24239817,0.26578265,0.0,0.23835048,0.2534687
0.24777631,0.26343867,0.0,0.23877399,0.25001097
0.24755327,0.26411796,0.0,0.23468614,0.25364262
0.24705186,0.26490548,0.0,0.23515786,0.25288484
0.2502218,0.25839385,0.0,0.23597477,0.25540963
0.24374646,0.26361892,0.0,0.24071993,0.25191468
0.248121,0.26256892,0.0,0.2363027,0.25300735
0.24847955,0.26296636,0.0,0.23658894,0.25196517
0.25047293,0.26257828,0.0,0.23373057,0.25321823
0.25242096,0.2561485,0.23716657,0.0,0.25426394
0.24390693,0.26318493,0.0,0.23988506,0.25302306
0.24455494,0.26319972,0.0,0.23798601,0.25425935
0.2403868,0.2658511,0.0,0.23936678,0.2543953
0.24805951,0.26367196,0.0,0.23385225,0.25441626
0.25027612,0.2573402,0.0,0.23827505,0.25410864
0.24345285,0.26270467,0.0,0.23885688,0.25498566
0.24419361,0.26426506,0.0,0.23924415,0.2522972
0.2484855,0.26305678,0.0,0.23446573,0.25399193
0.24953726,0.26165786,0.0,0.23526707,0.2535378
0.25162372,0.25609356,0.23598097,0.0,0.25630176
0.24471581,0.2622252,0.0,0.23996742,0.2530915
0.2432638,0.26428217,0.0,0.2371827,0.25527135
0.24195467,0.26382414,0.0,0.23762289,0.25659826
0.2440508,0.263471,0.0,0.23716165,0.25531656
0.24995267,0.25664848,0.0,0.2364648,0.25693405
0.24817273,0.25993246,0.0,0.23662557,0.2552692
0.24261364,0.2615713,0.0,0.23950109,0.25631398
0.24892876,0.2612053,0.0,0.23314533,0.2567206
0.24860735,0.26157427,0.0,0.23412557,0.25569284
0.2527229,0.25341514,0.23609252,0.0,0.25776947
0.24279694,0.2619583,0.0,0.23863716,0.2566076
0.24547346,0.26180205,0.0,0.23609163,0.25663286
0.2472517,0.2611851,0.0,0.23552188,0.25604126
0.2458604,0.2621355,0.0,0.23624933,0.25575477
0.2488276,0.25548816,0.0,0.23564507,0.26003918
0.23626125,0.26252222,0.0,0.24315208,0.25806448
0.24509002,0.26053613,0.0,0.23637362,0.2580002
0.24467231,0.26110238,0.0,0.23853274,0.2556926
0.24181147,0.26249808,0.0,0.23551865,0.2601718
0.2493406,0.254949,0.23733155,0.0,0.25837883
0.24224828,0.2600012,0.0,0.23819642,0.25955415
0.24341455,0.25985682,0.0,0.2396388,0.25708982
0.2506318,0.25857672,0.0,0.2334029,0.25738853
0.24442956,0.25956652,0.0,0.2361755,0.2598284
0.24790046,0.25291598,0.24070631,0.0,0.25847724
0.24484229,0.25936952,0.0,0.2386053,0.2571829
0.24966691,0.2591567,0.0,0.23465133,0.25652504
0.24404527,0.26073462,0.0,0.23745948,0.25776058
0.24384037,0.26090068,0.0,0.23822138,0.25703755
0.24719952,0.2549822,0.23465198,0.0,0.26316634
0.24277031,0.2596959,0.0,0.24021642,0.25731736
0.24284334,0.2592271,0.0,0.23741566,0.2605139
0.24015202,0.26004884,0.0,0.23872109,0.2610781
0.2460824,0.25984782,0.0,0.23383921,0.26023057
0.249373,0.25222695,0.23709941,0.0,0.26130062
0.24244852,0.2589445,0.0,0.23802198,0.26058498
0.2431434,0.25993487,0.0,0.23804614,0.2588756
0.24643092,0.258008,0.0,0.23426542,0.26129565
0.24269715,0.26094648,0.0,0.23597208,0.2603843
0.26007253,0.25151575,0.0,0.23290177,0.2555099
0.24345697,0.25823954,0.0,0.23970884,0.25859463
0.2480759,0.25737256,0.0,0.2349498,0.25960174
0.24374454,0.25952584,0.0,0.23661721,0.2601124
0.24607684,0.25741875,0.0,0.23744835,0.25905606
0.2502069,0.25131348,0.0,0.23845932,0.2600203
0.24125694,0.25722954,0.0,0.24198662,0.25952694
0.24512509,0.25650716,0.0,0.23711644,0.26125133
0.24630255,0.25734907,0.0,0.23461244,0.26173592
0.24771713,0.25716355,0.0,0.23527409,0.25984523
0.2491021,0.24912184,0.23972222,0.0,0.26205382
0.23884015,0.2574339,0.0,0.24190599,0.26182
0.24659885,0.25746197,0.0,0.23583151,0.26010767
0.24699081,0.25653937,0.0,0.23598084,0.260489
0.24563445,0.25723603,0.0,0.23792565,0.2592039
0.24777144,0.24962749,0.23829569,0.0,0.26430535
0.24222234,0.25654057,0.0,0.24222949,0.25900757
0.2436735,0.2573457,0.0,0.23703814,0.2619426
0.24159203,0.25907457,0.0,0.2389947,0.2603387
0.24003384,0.26002142,0.0,0.23833114,0.2616136
0.24857864,0.2512799,0.23551743,0.0,0.26462406
0.24248095,0.25597757,0.0,0.23966591,0.26187557
0.24350941,0.25684994,0.0,0.23903847,0.26060218
0.24946997,0.2565117,0.0,0.23493916,0.2590792
0.24833983,0.25541726,0.0,0.23403367,0.26220927
0.24978858,0.24691512,0.24006201,0.0,0.26323432
0.24262185,0.25545308,0.0,0.24061419,0.2613109
0.2466484,0.254361,0.0,0.23551728,0.26347333
0.24579278,0.2555492,0.0,0.2360081,0.26264995
0.24472667,0.25642723,0.0,0.23584236,0.26300377
0.24850567,0.24683009,0.24051142,0.0,0.26415282
0.24032871,0.2558203,0.0,0.24284965,0.26100138
0.24410032,0.25610977,0.0,0.23737988,0.26241
0.2433535,0.25682828,0.0,0.23860721,0.261211
0.24230699,0.2572784,0.0,0.23853567,0.26187894
0.24922599,0.24707456,0.24046478,0.0,0.26323467
0.24341464,0.2549865,0.0,0.23781374,0.26378512
0.24293214,0.2553162,0.0,0.23994848,0.26180315
0.24064966,0.25727075,0.0,0.2401375,0.2619421
0.24747166,0.25477657,0.0,0.23473352,0.26301825
0.2491771,0.24866964,0.0,0.23886305,0.26329023
0.24518488,0.2527836,0.0,0.23854616,0.2634854
0.24399811,0.25410348,0.0,0.24008112,0.26181725
0.24450447,0.25449064,0.0,0.23696996,0.26403493
0.24416292,0.25490823,0.0,0.23780568,0.2631232
0.24846768,0.24502517,0.24121079,0.0,0.2652963
0.24238665,0.25311852,0.0,0.24038523,0.26410964
0.24237399,0.25542754,0.0,0.2367792,0.26541921
0.24472176,0.25423762,0.0,0.2370678,0.26397276
0.24166338,0.25543314,0.0,0.23981307,0.26309037
0.25130862,0.24305315,0.24159503,0.0,0.26404315
0.24088967,0.25405088,0.0,0.2427419,0.26231757
0.24463153,0.25332218,0.0,0.23776782,0.26427847
0.24092539,0.2547629,0.0,0.24063604,0.2636757
0.24776949,0.2530079,0.0,0.23456195,0.26466063
0.2490884,0.24472578,0.24213536,0.0,0.26405045
0.24120076,0.25247034,0.0,0.24016458,0.2661644
0.24908985,0.25159165,0.0,0.23584189,0.2634766
0.24568292,0.25384614,0.0,0.23589844,0.26457247
0.2430833,0.2548145,0.0,0.23737437,0.26472783
0.24446906,0.2467735,0.23974554,0.0,0.26901183
0.23906031,0.25361228,0.0,0.2416406,0.26568684
0.24668458,0.2516466,0.0,0.23631376,0.26535502
0.24389054,0.25308865,0.0,0.23797354,0.26504722
0.24522424,0.25408852,0.0,0.23680757,0.26387963
0.24792582,0.2436338,0.24138811,0.0,0.2670523
0.24119096,0.25083145,0.0,0.24174832,0.26622924
0.24182603,0.2525314,0.0,0.23823301,0.26740953
0.24117002,0.25379822,0.0,0.23993836,0.2650934
0.24568905,0.2525298,0.0,0.23459353,0.26718763
0.24811824,0.24570881,0.23903112,0.0,0.26714185
0.24183539,0.25214368,0.0,0.23944275,0.26657823
0.2445437,0.25256222,0.0,0.23869231,0.26420176
0.24437393,0.25289354,0.0,0.23633125,0.26640126
0.24480838,0.25213242,0.0,0.23670071,0.2663585
0.2481547,0.24107108,0.24336284,0.0,0.26741138
0.24324772,0.25052354,0.0,0.24103083,0.26519793
0.24369584,0.25145462,0.0,0.23663893,0.26821062
0.24799258,0.25077084,0.0,0.23619856,0.26503798
0.24420422,0.25351062,0.0,0.23807016,0.26421502
0.2492357,0.24100056,0.24149455,0.0,0.26826918
0.2412695,0.2518584,0.0,0.24132663,0.2655455
0.24230784,0.2513966,0.0,0.23906726,0.2672283
0.24392146,0.25261137,0.0,0.23761626,0.26585096
0.24168745,0.2534315,0.0,0.23856989,0.26631114
0.24929333,0.24077278,0.2428152,0.0,0.2671187
0.24060513,0.25093034,0.0,0.24374454,0.26472002
0.24208926,0.25264618,0.0,0.2391109,0.2661537
0.24294291,0.25337452,0.0,0.23903318,0.26464936
0.24743739,0.2504038,0.0,0.23513152,0.2670273
0.2494759,0.24169904,0.240639,0.0,0.2681861
0.24139567,0.2506454,0.0,0.24273697,0.26522192
0.24156493,0.25126287,0.0,0.24022757,0.26694468
0.24718152,0.25078514,0.0,0.23609217,0.2659412
0.24583882,0.25076047,0.0,0.23619649,0.26720425
0.2507539,0.23727708,0.24481975,0.0,0.26714924
0.24466473,0.2485844,0.0,0.24006036,0.2666905
0.24469748,0.24945748,0.0,0.23708597,0.2687591
0.24516732,0.24980804,0.0,0.2380191,0.26700553
0.24373756,0.2517363,0.0,0.23839389,0.26613227
0.25074533,0.23987702,0.24050623,0.0,0.2688714
0.23962525,0.2500397,0.0,0.24210535,0.26822966
0.24310154,0.25118932,0.0,0.2382048,0.2675044
0.24421296,0.25024867,0.0,0.23886879,0.26666957
0.2456108,0.25010833,0.0,0.23465997,0.2696209
0.2508268,0.23698635,0.24491775,0.0,0.26726907
0.24318603,0.24824649,0.0,0.23913898,0.26942852
0.24002759,0.2517618,0.0,0.240593,0.26761758
0.24788044,0.24853745,0.23568313,0.0,0.26789898
0.24799247,0.24945837,0.0,0.23589933,0.2666498
0.2480439,0.23903012,0.24409334,0.0,0.26883262
0.24482,0.24688278,0.0,0.23956794,0.2687293
0.24884583,0.24762289,0.0,0.23611273,0.26741853
0.24701238,0.24906026,0.0,0.23663387,0.2672935
0.2440448,0.25042078,0.0,0.23774818,0.26778626
0.24996711,0.23954795,0.24123724,0.0,0.26924774
0.23844469,0.24967267,0.0,0.24271843,0.26916426
0.24716413,0.24773969,0.0,0.2376798,0.2674164
0.24284765,0.2499088,0.0,0.238932,0.26831153
0.2427396,0.25067028,0.0,0.2396398,0.2669503
0.24932954,0.23750466,0.24259152,0.0,0.27057427
0.23972583,0.24852127,0.0,0.24395165,0.26780125
0.23945946,0.250299,0.0,0.24124974,0.2689918
0.24274784,0.25000867,0.0,0.23999326,0.26725024
0.24262126,0.25055045,0.0,0.23557937,0.27124894
0.24825962,0.2366497,0.24336563,0.0,0.2717251
0.24391903,0.24678187,0.0,0.23902774,0.27027136
0.24418184,0.24803296,0.0,0.24024765,0.26753756
0.24078596,0.2507199,0.0,0.23784658,0.27064756
0.24521902,0.24964772,0.0,0.23657414,0.26855907
0.2509471,0.23754235,0.2419106,0.0,0.26959994
0.24247353,0.24676491,0.0,0.24174613,0.2690154
0.24647024,0.24655491,0.0,0.23746249,0.2695123
0.24548927,0.24795218,0.0,0.23680031,0.2697582
0.24365184,0.24972239,0.0,0.23841617,0.26820964
0.24786596,0.2380851,0.23955418,0.0,0.2744948
0.24025045,0.24740475,0.0,0.2426816,0.2696632
0.24273267,0.24791048,0.0,0.23874374,0.2706131
0.24051024,0.24976933,0.0,0.24025239,0.26946807
0.24141857,0.24928239,0.0,0.24004178,0.26925728
0.25188354,0.2334741,0.2437609,0.0,0.27088144
0.23819831,0.24713624,0.0,0.24075392,0.2739115
0.24384254,0.2477281,0.0,0.24021345,0.2682159
0.24727106,0.2464203,0.0,0.23597936,0.2703293
0.24046484,0.24956794,0.0,0.23776083,0.27220643
0.24762556,0.23547263,0.24429405,0.0,0.2726077
0.23938842,0.24693194,0.0,0.24146064,0.27221897
0.2435904,0.24709536,0.0,0.23753496,0.27177927
0.24604611,0.24704623,0.0,0.23700128,0.26990634
0.24165076,0.24885532,0.0,0.23969214,0.2698018
0.25066477,0.0,0.24355838,0.23484229,0.27093458
0.241217,0.24640234,0.0,0.24250293,0.26987773
0.24409144,0.24694802,0.0,0.23788543,0.2710751
0.23989777,0.24909694,0.0,0.24100508,0.27000022
0.24692151,0.24695693,0.0,0.23538065,0.27074087
0.24949117,0.0,0.24238984,0.23688722,0.2712318
0.23823082,0.24697573,0.0,0.24472202,0.27007142
0.24235533,0.24700874,0.0,0.24094464,0.26969132
0.24182081,0.24822135,0.0,0.2404997,0.26945814
0.24266085,0.24839573,0.0,0.2379517,0.27099174
0.25195408,0.23415454,0.24063452,0.0,0.27325687
0.23784043,0.24705291,0.0,0.24224018,0.27286652
0.2446353,0.2461746,0.0,0.24173272,0.2674574
0.24434274,0.24672852,0.0,0.2383994,0.27052933
0.24517009,0.24673043,0.0,0.23794979,0.27014965
0.2515621,0.23289555,0.24291177,0.0,0.27263057
0.24114743,0.24473949,0.0,0.2429991,0.27111396
0.24043289,0.24826443,0.0,0.23931107,0.2719916
0.24060816,0.247854,0.0,0.24028939,0.27124846
0.2461267,0.24631664,0.0,0.23548673,0.27206993
0.24890731,0.0,0.24183308,0.23644544,0.27281418
0.23636317,0.24603356,0.0,0.24535996,0.27224332
0.2431325,0.24566801,0.0,0.23953846,0.27166098
0.24635267,0.24530028,0.0,0.23521976,0.27312735
0.24367349,0.2467516,0.0,0.23704116,0.27253377
0.249904,0.0,0.24084494,0.23725618,0.27199492
0.24126297,0.244677,0.0,0.24149047,0.27256954
0.23967764,0.24797331,0.0,0.24235068,0.26999837
0.24529007,0.24525775,0.0,0.2363379,0.2731143
0.24172434,0.24689257,0.0,0.23957264,0.27181038
0.24938548,0.0,0.24381673,0.23217833,0.2746195
0.24179582,0.24408858,0.0,0.24091068,0.2732049
0.2417739,0.24535753,0.0,0.23788658,0.27498198
0.24540962,0.24518089,0.0,0.23712282,0.27228665
0.24039835,0.24768108,0.0,0.24000232,0.27191824
0.2519995,0.0,0.2419643,0.23315714,0.2728791
0.24027394,0.24452303,0.0,0.2440287,0.2711743
0.24009427,0.24752472,0.0,0.24040511,0.2719759
0.24187025,0.24802746,0.0,0.24084845,0.26925385
0.24381407,0.24640556,0.0,0.23633002,0.27345037
0.2502493,0.0,0.24483922,0.23306696,0.2718445
0.23792525,0.24505617,0.0,0.24396938,0.27304918
0.24222057,0.24563015,0.0,0.24034452,0.27180472
0.24578516,0.24444737,0.0,0.236027,0.27374044
0.24332568,0.24636972,0.0,0.23849429,0.2718103
0.25037432,0.0,0.24043193,0.23490109,0.27429265
0.24190287,0.24381892,0.0,0.24138589,0.2728923
0.24321495,0.24678859,0.0,0.2361229,0.27387357
0.24268854,0.2458435,0.0,0.23860902,0.27285898
0.24235427,0.246518,0.0,0.23924068,0.27188703
0.25006142,0.0,0.23998243,0.23594096,0.2740152
0.23934929,0.24549532,0.0,0.24300401,0.2721514
0.24201804,0.24486305,0.0,0.23836902,0.27474988
0.24197015,0.24616475,0.0,0.24017589,0.27168918
0.24439067,0.24593094,0.0,0.23670228,0.27297613
0.25212035,0.0,0.24328855,0.23008288,0.27450827
0.2389711,0.24502365,0.0,0.24402975,0.27197552
0.24068676,0.24532819,0.0,0.24092332,0.2730617
0.24357246,0.24527878,0.0,0.2368443,0.27430448
0.24225281,0.24656421,0.0,0.2372863,0.2738967
0.25069818,0.0,0.2429217,0.2299405,0.27643964
0.2419601,0.24347231,0.0,0.24085598,0.27371156
0.24456489,0.24427763,0.0,0.23753469,0.27362275
0.23961353,0.24561736,0.0,0.23773097,0.27703816
0.24107973,0.24610436,0.0,0.2391726,0.2736433
0.25091648,0.0,0.24101475,0.23296823,0.27510056
0.23839264,0.24363023,0.0,0.24291092,0.2750662
0.24114856,0.24430256,0.0,0.23954438,0.2750045
0.24125382,0.24614653,0.0,0.2393772,0.27322245
0.24117133,0.24727362,0.0,0.24024364,0.27131137
0.25057766,0.0,0.24171074,0.23272702,0.2749846
0.23628765,0.2456008,0.0,0.24542142,0.27269015
0.24025418,0.24445026,0.0,0.24017298,0.27512255
0.23719794,0.24770433,0.0,0.24266699,0.27243078
0.24098349,0.24706142,0.0,0.2380625,0.27389258
0.25070214,0.0,0.24216929,0.23021685,0.2769117
0.24125691,0.2430949,0.0,0.23998451,0.27566367
0.24180266,0.24390033,0.0,0.23821262,0.2760844
0.24061674,0.24558523,0.0,0.23904838,0.2747497
0.2390444,0.24549259,0.0,0.24042715,0.27503583
0.25026405,0.0,0.24211225,0.23078659,0.27683708
0.24164802,0.24211408,0.0,0.241595,0.2746429
0.24548638,0.24281716,0.0,0.23754379,0.27415264
0.24134623,0.24378054,0.0,0.24133219,0.273541
0.24228503,0.24393836,0.0,0.23714265,0.27663398
0.25330743,0.0,0.24101418,0.22901474,0.27666366
0.23702581,0.2437705,0.0,0.2452537,0.27395
0.24026062,0.24420264,0.0,0.24206428,0.27347243
0.24246563,0.2446547,0.0,0.24139415,0.27148557
0.24078964,0.24516898,0.0,0.23827258,0.2757688
0.25342262,0.0,0.24305874,0.22676624,0.2767524
0.24025227,0.24194056,0.0,0.24037649,0.27743068
0.23894885,0.2441173,0.0,0.242583,0.27435085
0.24133575,0.24407177,0.0,0.23911734,0.2754751
0.23949207,0.24493176,0.0,0.23993637,0.2756398
0.25064498,0.0,0.24089135,0.23142685,0.27703682
0.23849083,0.241349,0.0,0.24351613,0.27664402
0.2378874,0.24487083,0.0,0.24114995,0.27609184
0.23995897,0.24452059,0.0,0.24097987,0.2745406
0.23832706,0.24515073,0.0,0.24218996,0.27433228
0.2526967,0.0,0.24070354,0.22813669,0.2784631
0.24012938,0.24151307,0.0,0.24152909,0.27682844
0.2372721,0.24433951,0.0,0.24294037,0.275448
0.24036439,0.24378228,0.0,0.23926961,0.2765837
0.24159333,0.24324925,0.0,0.2400368,0.27512065
0.25375625,0.0,0.24393557,0.22681837,0.2754898
0.24001235,0.24094447,0.0,0.24321696,0.27582622
0.24258153,0.24265923,0.0,0.23858848,0.27617076
0.23966382,0.24335963,0.0,0.241768,0.27520853
0.24185288,0.24359588,0.0,0.23761393,0.2769373
0.25104168,0.0,0.23793124,0.23268141,0.27834564
0.23855728,0.24113807,0.0,0.24537638,0.2749283
0.24010405,0.24321128,0.0,0.2429782,0.27370653
0.2432452,0.24211411,0.0,0.23865682,0.2759839
0.23997179,0.24305627,0.0,0.2401544,0.2768176
0.25375897,0.0,0.24018008,0.2278386,0.2782223
0.24202614,0.24063006,0.0,0.24251562,0.27482823
0.24038929,0.24262576,0.0,0.24105562,0.27592933
0.23945738,0.24254079,0.0,0.24280697,0.27519485
0.2375891,0.2442232,0.0,0.24347384,0.2747138
0.25174052,0.0,0.23962015,0.22948577,0.2791536
0.23852961,0.24064904,0.0,0.24404418,0.27677718
0.2366763,0.24336731,0.0,0.24247645,0.27747998
0.23707084,0.24455577,0.0,0.24308898,0.27528444
0.24044974,0.24269105,0.0,0.23865119,0.27820802
0.25329435,0.0,0.23706374,0.2310016,0.27864033
0.23763841,0.2418958,0.0,0.24650693,0.27395886
0.23943171,0.24234605,0.0,0.24402642,0.2741958
0.24035934,0.24240173,0.0,0.24077024,0.2764687
0.24152641,0.24287644,0.0,0.24044324,0.27515393
0.25162482,0.0,0.2382775,0.2323515,0.27774617
0.0878781,0.5970073,0.0,0.1714595,0.1436552
0.24923454,0.24699771,0.0,0.22871074,0.275057
0.24457614,0.24697384,0.0,0.23626463,0.2721854
0.2405251,0.246558,0.0,0.2374648,0.27545205
0.24982789,0.0,0.24230172,0.22929357,0.27857682
0.24090134,0.24253176,0.24094564,0.0,0.2756213
0.23694243,0.24479261,0.0,0.24074826,0.27751666
0.0,0.2449714,0.23667194,0.2431598,0.2751969
0.23716316,0.24478139,0.0,0.24028613,0.2777693
0.25079784,0.0,0.24238858,0.22861013,0.27820346
0.0,0.24290347,0.23326595,0.24609347,0.27773714
0.23537126,0.24521895,0.0,0.24325992,0.27614987
0.23100545,0.24720818,0.0,0.24628828,0.27549803
0.23467548,0.2463986,0.0,0.24202056,0.2769053
0.25114518,0.0,0.24415392,0.22551014,0.2791908
0.0,0.24071433,0.23644021,0.2460569,0.27678856
0.0,0.24147381,0.23899265,0.24380201,0.27573156
0.0,0.24566233,0.23310378,0.24513829,0.2760956
0.23266995,0.24512166,0.0,0.24620321,0.27600515
0.24794513,0.0,0.24153385,0.23078659,0.2797344
0.0,0.23961294,0.23934484,0.2455145,0.27552775
0.0,0.24347831,0.23425217,0.24800298,0.27426657
0.0,0.24405904,0.23482381,0.24334708,0.2777701
0.0,0.24557313,0.23196231,0.2450509,0.27741364
0.24800654,0.0,0.24413541,0.22821826,0.2796398
0.0,0.2401694,0.23606922,0.2493693,0.27439204
0.0,0.24266209,0.23687291,0.24435726,0.27610773
0.0,0.24485542,0.23352364,0.2476972,0.27392375
0.23101802,0.24612704,0.0,0.2495648,0.2732902
0.25013813,0.0,0.24062447,0.22821248,0.28102493
0.0,0.2407876,0.23689203,0.24762768,0.2746927
0.0,0.24162783,0.23854539,0.24753176,0.2722951
0.0,0.24415337,0.2338633,0.24470535,0.27727798
0.0,0.24507256,0.23361282,0.24564953,0.27566507
0.25021073,0.0,0.2397334,0.23102787,0.27902797
0.0,0.24156305,0.2334394,0.25122434,0.2737732
0.0,0.24293031,0.23481128,0.24603783,0.2762206
0.0,0.24471363,0.23230556,0.24713294,0.27584785
0.0,0.24641377,0.23103753,0.24894115,0.27360755
0.24789217,0.0,0.24306267,0.22856186,0.2804833
0.0,0.24004187,0.2354856,0.24684845,0.2776241
0.0,0.24507158,0.23137027,0.2496606,0.2738976
0.0,0.24636132,0.22989032,0.25035462,0.27339375
0.0,0.2472978,0.2285394,0.2509259,0.2732369
0.2497717,0.0,0.2392259,0.23090884,0.28009355
0.0,0.24164772,0.23585199,0.2498162,0.2726841
0.0,0.2441491,0.23246504,0.25034636,0.27303946
0.0,0.24508856,0.23030579,0.24854307,0.27606258
0.0,0.24473397,0.2331043,0.24679509,0.27536663
0.24948029,0.0,0.23927508,0.23080066,0.28044397
0.0,0.2406643,0.23323527,0.2531017,0.27299875
0.0,0.24347264,0.23250225,0.24890593,0.27511922
0.0,0.24512127,0.23238933,0.24933426,0.2731551
0.0,0.24630843,0.23165601,0.24919751,0.27283803
0.25291586,0.0,0.2405588,0.22567168,0.28085363
0.0,0.24070671,0.23470677,0.24848635,0.27610016
0.0,0.24331276,0.23218912,0.24907723,0.27542087
0.0,0.24351561,0.23481642,0.25052252,0.27114543
0.0,0.24703896,0.2284142,0.25130278,0.27324408
0.25125274,0.0,0.2370256,0.23021272,0.28150892
0.0,0.23954384,0.23706749,0.24949555,0.27389315
0.0,0.24258474,0.23361331,0.25110295,0.27269906
0.0,0.24646506,0.22740428,0.2522343,0.27389637
0.0,0.24463041,0.23228891,0.2471593,0.27592134
0.25367793,0.0,0.23979019,0.22543351,0.28109837
0.0,0.24042319,0.23413971,0.2519836,0.2734535
0.0,0.2449814,0.22906986,0.2530618,0.27288693
0.0,0.24317141,0.23441331,0.2478521,0.27456316
0.0,0.24526481,0.23298141,0.24811365,0.2736401
0.25132024,0.0,0.23667634,0.22995976,0.28204367
0.0,0.24031202,0.23514563,0.25210914,0.27243322
0.0,0.24386418,0.23188798,0.24965952,0.27458835
0.0,0.24402414,0.23307948,0.24889246,0.27400392
0.0,0.24402782,0.23406167,0.24963833,0.27227217
0.25427943,0.0,0.23767775,0.22500847,0.28303435
0.0,0.23981218,0.23679237,0.24958602,0.27380946
0.0,0.24166277,0.23457775,0.24925545,0.27450407
0.0,0.24293648,0.2367969,0.2490803,0.27118635
0.0,0.24311346,0.23462643,0.24972613,0.27253395
0.2535459,0.0,0.24010634,0.2268047,0.27954304
0.0,0.2390426,0.23721746,0.25041124,0.2733287
0.0,0.24321699,0.2342919,0.2503389,0.27215222
0.0,0.24403232,0.23318365,0.25105953,0.27172446
0.0,0.24426433,0.23288731,0.25168365,0.27116466
0.252875,0.0,0.23869473,0.22635004,0.28208023
0.0,0.24037763,0.2339414,0.25142154,0.27425942
0.0,0.24179457,0.23469308,0.2520402,0.27147213
0.0,0.24471478,0.23328127,0.25122005,0.27078387
0.0,0.24511261,0.23048297,0.25298896,0.27141547
0.25394073,0.0,0.23876153,0.22579885,0.28149885
0.0,0.23961303,0.23604314,0.2532679,0.27107587
0.0,0.24282427,0.23463857,0.25285143,0.26968578
0.0,0.24247818,0.23738231,0.24656995,0.27356955
0.0,0.24258426,0.23810698,0.24648128,0.2728275
0.25363696,0.0,0.23893781,0.2239064,0.28351885
0.0,0.23924564,0.23437634,0.25444448,0.2719336
0.0,0.24228159,0.23668893,0.24904528,0.27198425
0.0,0.24447814,0.2348768,0.24876083,0.27188423
0.0,0.24239649,0.23825437,0.24758603,0.27176312
0.25354934,0.0,0.23692696,0.2264922,0.2830315
0.0,0.23832266,0.23639958,0.25455073,0.27072704
0.0,0.24163824,0.23575324,0.24925,0.27335855
0.0,0.24247897,0.2360117,0.25019467,0.2713147
0.0,0.2441658,0.23503806,0.24980731,0.27098885
0.25251427,0.0,0.23733264,0.22833835,0.2818147
0.0,0.23642622,0.24040118,0.25061053,0.2725621
0.0,0.2394989,0.23901461,0.25007993,0.27140653
0.0,0.24083693,0.23941842,0.24893369,0.270811
0.0,0.24250752,0.23644821,0.2495287,0.27151552
0.2527626,0.0,0.23742788,0.2252204,0.28458914
0.0,0.2379114,0.24047056,0.25061998,0.27099806
0.0,0.24111207,0.23755641,0.25067762,0.27065387
0.0,0.24279928,0.23482887,0.25051096,0.27186084
0.0,0.24265231,0.23692371,0.24976839,0.27065557
0.25296798,0.0,0.23681659,0.22671938,0.28349602
0.0,0.2373865,0.23933722,0.2520128,0.27126348
0.0,0.24115701,0.23707338,0.2517484,0.2700212
0.0,0.24279325,0.23688208,0.2505982,0.26972646
0.0,0.24296744,0.2355474,0.25193486,0.26955032
0.2532774,0.0,0.23673481,0.22539853,0.28458923
0.0,0.23697284,0.23972157,0.25377882,0.26952678
0.0,0.23917504,0.23961954,0.25187424,0.26933122
0.0,0.24405771,0.23301719,0.2527526,0.27017245
0.0,0.24269158,0.23822662,0.25170302,0.2673788
0.2527205,0.0,0.2371956,0.22539936,0.2846845
0.0,0.23758712,0.23903887,0.25410426,0.26926976
0.0,0.2401193,0.23784287,0.25350344,0.26853442
0.0,0.24137554,0.24115741,0.2473094,0.27015767
0.0,0.24125864,0.2419517,0.24696879,0.26982087
0.25576982,0.0,0.23523562,0.22532512,0.28366944
0.0,0.23582882,0.2430198,0.25429326,0.26685816
0.0,0.23969834,0.24137071,0.24852027,0.2704107
0.0,0.24173921,0.2400177,0.24846119,0.26978186
0.0,0.2426356,0.23876283,0.24854523,0.2700563
0.25411472,0.0,0.23554644,0.22723038,0.28310847
0.0,0.23516344,0.245717,0.24972004,0.26939946
0.0,0.2396375,0.24096656,0.24968144,0.2697145
0.0,0.24194525,0.23957276,0.24874812,0.2697339
0.0,0.2421057,0.24003847,0.24862356,0.26923227
0.25630128,0.0,0.23710807,0.22232324,0.28426743
0.0,0.23550113,0.24406865,0.2502074,0.27022284
0.0,0.23979281,0.2433094,0.24945621,0.2674416
0.0,0.240745,0.24299636,0.24996376,0.26629487
0.0,0.2431604,0.2405435,0.24877624,0.26751983
0.2553822,0.0,0.23471434,0.22395165,0.28595176
0.0,0.23617351,0.2435606,0.25161418,0.26865172
0.0,0.23994775,0.24280292,0.24964564,0.2676037
0.0,0.2415062,0.2422372,0.24971078,0.26654586
0.0,0.243143,0.24148096,0.24926898,0.26610705
0.25750184,0.0,0.2317654,0.22674166,0.2839911
0.0,0.23717298,0.24387337,0.2517791,0.26717454
0.0,0.24158783,0.24037874,0.25076568,0.26726773
0.0,0.24240157,0.2411634,0.24993344,0.2665016
0.0,0.24164888,0.24461418,0.2488603,0.2648766
0.25672132,0.0,0.23347901,0.22482654,0.2849731
0.0,0.23679629,0.24430113,0.25263554,0.26626703
0.0,0.24113052,0.24141508,0.25162637,0.265828
0.0,0.24175635,0.24396856,0.24876118,0.2655139
0.0,0.24367087,0.24089853,0.24974601,0.2656846
0.2571555,0.0,0.23519605,0.22262816,0.2850203
0.0,0.23733392,0.24499759,0.2517611,0.26590738
0.0,0.23929045,0.24604553,0.25010595,0.2645581
0.0,0.242659,0.24396434,0.24971229,0.26366436
0.0,0.24179585,0.24635784,0.24798782,0.2638585
0.2572955,0.0,0.23121434,0.22695915,0.28453106
0.0,0.23721783,0.24628466,0.25227383,0.26422364
0.0,0.24134801,0.24413985,0.25060844,0.26390374
0.0,0.24331418,0.24288067,0.25030643,0.2634987
0.0,0.24326424,0.24534611,0.24828146,0.26310816
0.26030836,0.0,0.2305433,0.22470246,0.2844459
0.0,0.23656854,0.24602982,0.25289536,0.26450628
0.0,0.24094504,0.24586897,0.2504523,0.2627337
0.0,0.2428683,0.24594155,0.2492185,0.26197165
0.0,0.24321477,0.24533448,0.24913383,0.26231697
0.25986022,0.0,0.23380736,0.22119857,0.2851338
0.0,0.23672378,0.24757536,0.25227508,0.26342577
0.0,0.241549,0.24385042,0.25040793,0.26419264
0.0,0.24309753,0.24702612,0.24946767,0.26040867
0.0,0.24397449,0.24758546,0.24746731,0.2609727
0.25804538,0.0,0.23170167,0.2244596,0.28579336
0.0,0.23822775,0.24527363,0.2527057,0.26379293
0.0,0.24008727,0.24748302,0.2499282,0.2625015
0.0,0.24210891,0.24915898,0.24783193,0.26090023
0.0,0.24283776,0.25080582,0.2468661,0.2594903
0.25975114,0.0,0.23154351,0.2220727,0.28663266
0.0,0.2385773,0.24758,0.2519688,0.26187384
0.0,0.241039,0.25043955,0.2480265,0.26049495
0.0,0.2436712,0.24884203,0.2468207,0.26066607
0.0,0.24401528,0.24898918,0.24581984,0.26117572
0.26205868,0.0,0.228885,0.22483556,0.28422076
0.0,0.23774247,0.25036517,0.2510122,0.26088014
0.0,0.24045706,0.25282606,0.24636053,0.26035637
0.0,0.24372002,0.2517181,0.24497208,0.25958982
0.0,0.24344163,0.25233224,0.24325992,0.26096615
0.26159218,0.0,0.22792149,0.2229003,0.28758603
0.0,0.2385541,0.24800614,0.2505617,0.26287806
0.0,0.24084435,0.2541287,0.24579163,0.25923535
0.0,0.24281915,0.25356722,0.24397965,0.25963402
0.0,0.24568908,0.25367406,0.24170116,0.25893572
0.26280648,0.0,0.23216441,0.22081025,0.28421888
0.0,0.23709702,0.25471875,0.24796797,0.26021624
0.0,0.24138328,0.2543179,0.2446893,0.25960952
0.0,0.24141552,0.25838122,0.24197166,0.2582316
0.0,0.2447738,0.25355977,0.24253778,0.25912866
0.26246765,0.0,0.23017818,0.22451761,0.28283653
0.0,0.23717114,0.25669315,0.24719068,0.25894502
0.0,0.24200769,0.25528598,0.24419099,0.25851533
0.0,0.24516854,0.25171444,0.24348603,0.25963098
0.0,0.2445533,0.2582721,0.2396249,0.25754973
0.2618936,0.0,0.22945116,0.223512,0.28514326
0.0,0.23780528,0.25621563,0.24627516,0.259704
0.0,0.24265853,0.2564038,0.24250725,0.2584304
0.0,0.24323915,0.2581736,0.24125884,0.25732833
0.0,0.24541226,0.25856495,0.2396865,0.2563363
0.2652006,0.0,0.2277341,0.22351027,0.28355503
0.0,0.23603582,0.26091093,0.24487408,0.25817922
0.0,0.24176094,0.25783402,0.24212264,0.25828245
0.0,0.24457832,0.25510576,0.24197617,0.25833973
0.0,0.24598731,0.2601446,0.23745717,0.2564109
0.26500824,0.0,0.22897932,0.22372134,0.28229108
0.0,0.23772237,0.25699872,0.24621007,0.25906888
0.0,0.242265,0.25981423,0.24108845,0.25683227
0.0,0.24352628,0.26107413,0.23939766,0.25600195
0.0,0.24627873,0.26119518,0.23659305,0.25593302
0.26335233,0.0,0.22917587,0.22196403,0.28550783
0.0,0.23620279,0.26013964,0.24427718,0.2593804
0.0,0.24242966,0.2603919,0.24057433,0.25660414
0.0,0.24290851,0.26416156,0.23759149,0.25533846
0.0,0.24486981,0.26313195,0.23730463,0.2546936
0.26886252,0.0,0.22961737,0.2174062,0.2841139
0.0,0.23695084,0.26112264,0.24335158,0.25857496
0.0,0.24199943,0.26334956,0.2388005,0.25585052
0.0,0.24367651,0.26660213,0.23548993,0.2542314
0.0,0.24458711,0.2640778,0.23639016,0.25494495
0.26570216,0.0,0.22849204,0.22116265,0.28464317
0.0,0.2390294,0.26002452,0.2428956,0.25805047
0.0,0.24225,0.26594225,0.23679945,0.25500834
0.0,0.24805148,0.2641316,0.23367262,0.25414428
0.0,0.24494638,0.26706433,0.23470406,0.2532852
0.2656627,0.0,0.22674541,0.22267953,0.28491235
0.0,0.23712575,0.26764125,0.2402668,0.2549662
0.0,0.24452063,0.26510623,0.23626405,0.25410903
0.0,0.24434751,0.27120307,0.23349495,0.25095445
0.0,0.24648356,0.26564485,0.23456416,0.25330746
0.2651888,0.0,0.22557303,0.22539806,0.28384003
0.0,0.23861769,0.26896873,0.23878631,0.2536273
0.0,0.24255407,0.26851285,0.23498127,0.25395182
0.0,0.24419594,0.27196804,0.23257905,0.251257
0.0,0.24576524,0.26882872,0.23239945,0.25300655
0.26857367,0.0,0.22730535,0.22097448,0.28314647
0.0,0.23919304,0.26857752,0.23786739,0.2543621
0.0,0.24233443,0.2710985,0.23389192,0.25267512
0.0,0.24592625,0.26998827,0.23243962,0.25164586
0.0,0.24399213,0.27557635,0.22996277,0.25046876
0.26991865,0.0,0.22634612,0.22142297,0.2823122
0.0,0.2397686,0.269579,0.23754948,0.25310296
0.0,0.2420654,0.2741306,0.23308451,0.25071943
0.0,0.24362311,0.27420864,0.23128468,0.25088358
0.0,0.24473481,0.27653304,0.22949095,0.24924122
0.26833493,0.0,0.227752,0.2225282,0.28138486
0.0,0.24102847,0.27213147,0.23474121,0.25209886
0.0,0.24155395,0.2734511,0.23350279,0.25149217
0.0,0.24482673,0.27205175,0.23165427,0.25146723
0.0,0.24540725,0.27357215,0.23113322,0.24988738
0.26671833,0.0,0.22635813,0.22619954,0.28072402
0.0,0.2377313,0.27624455,0.23544063,0.25058356
0.0,0.244806,0.2712922,0.23229083,0.25161096
0.0,0.24463968,0.27550685,0.22947861,0.25037482
0.0,0.24679498,0.27505234,0.22890544,0.24924728
0.2733959,0.0,0.22454178,0.22108723,0.28097507
0.0,0.23861788,0.2756967,0.23481129,0.25087413
0.0,0.24069159,0.27872077,0.23131333,0.24927433
0.0,0.2457112,0.27667707,0.229157,0.2484547
0.0,0.24942058,0.27470812,0.22833015,0.24754119
0.26761824,0.0,0.22735642,0.22287716,0.2821482
0.0,0.23763226,0.27579382,0.23525637,0.25131753
0.0,0.24119683,0.28156656,0.23009233,0.24714431
0.0,0.24583043,0.27711952,0.22945425,0.2475958
0.0,0.2499886,0.27478936,0.2267185,0.24850355
0.27411842,0.0,0.22529583,0.22043562,0.28015012
0.0,0.23848234,0.27335635,0.23570451,0.25245672
0.0,0.24425267,0.27738318,0.23029557,0.24806862
0.0,0.24491921,0.28045043,0.22799152,0.24663888
0.0,0.2483822,0.28025338,0.22575639,0.24560805
0.27163598,0.0,0.22537339,0.22311087,0.27987978
0.0,0.23782074,0.28347763,0.23119505,0.24750659
0.0,0.24572837,0.28025487,0.22815177,0.245865
0.0,0.24515998,0.28495327,0.22583647,0.24405031
0.0,0.24600624,0.28363255,0.2258813,0.24447997
0.27240103,0.0,0.2230999,0.2255292,0.27896988
0.0,0.23941886,0.28506327,0.23051064,0.24500723
0.0,0.24209574,0.28939244,0.22551197,0.24299988
0.0,0.24474359,0.2865731,0.22448967,0.24419363
0.0,0.24660948,0.28497046,0.22502637,0.24339369
0.27391303,0.0,0.22508875,0.22444336,0.27655485
0.0,0.23981966,0.28605366,0.22926982,0.24485686
0.0,0.24246201,0.28892025,0.22579312,0.2428246
0.0,0.24504976,0.28582686,0.22555566,0.24356776
0.0,0.24988903,0.2871813,0.22238573,0.24054398
0.26938048,0.0,0.22446674,0.22848147,0.27767128
0.0,0.23947383,0.28728187,0.22857511,0.24466917
0.0,0.24435082,0.29155162,0.2234763,0.24062125
0.0,0.2484319,0.29098192,0.22178134,0.23880488
0.0,0.25092813,0.2937026,0.21944028,0.23592897
0.27388775,0.0,0.22284237,0.22514941,0.27812043
0.0,0.2398963,0.29064476,0.22787376,0.24158515
0.0,0.24644783,0.29424465,0.22166891,0.23763856
0.0,0.24679378,0.2951844,0.22074792,0.23727392
0.0,0.25043392,0.2939263,0.21882397,0.23681578
0.27302268,0.0,0.22414525,0.22767954,0.27515256
0.0,0.24121697,0.29783884,0.22315402,0.2377902
0.0,0.24420139,0.29745165,0.22143973,0.23690726
0.0,0.24650477,0.29829472,0.21910891,0.23609158
0.0,0.2513037,0.29406068,0.21918292,0.23545271
0.27478513,0.0,0.22499555,0.22289765,0.2773217
0.2475244,0.25416502,0.26074746,0.23756306,0.0
0.24632473,0.26069337,0.2514131,0.24156882,0.0
0.24845782,0.26291803,0.24883543,0.23978873,0.0
0.24742599,0.26376146,0.2455943,0.24321823,0.0
0.2521584,0.2604071,0.2484037,0.23903082,0.0
0.2501744,0.25381926,0.26016697,0.23583938,0.0
0.24722868,0.26224986,0.24939851,0.24112295,0.0
0.25095302,0.2597602,0.25130153,0.23798522,0.0
0.25481305,0.2597322,0.24511924,0.24033552,0.0
0.25271305,0.2593426,0.24961433,0.23832999,0.0
0.24607638,0.25718454,0.25645417,0.24028489,0.0
0.25279492,0.25857538,0.25109908,0.23753063,0.0
0.2511901,0.26299888,0.24546471,0.24034633,0.0
0.25306383,0.25995964,0.24773444,0.23924217,0.0
0.2570606,0.25405893,0.2542141,0.2346664,0.0
0.25061506,0.253163,0.25909483,0.23712711,0.0
0.25009015,0.2595011,0.25096166,0.23944712,0.0
0.25221866,0.2602223,0.24920347,0.23835559,0.0
0.2562167,0.2570857,0.25204194,0.23465563,0.0
0.25383282,0.2595584,0.24864961,0.23795919,0.0
0.25381267,0.25280505,0.257035,0.23634726,0.0
0.25058448,0.25882876,0.25109977,0.23948702,0.0
0.2546771,0.2570883,0.25198817,0.23624644,0.0
0.2546568,0.2580923,0.24983774,0.23741312,0.0
0.25264782,0.26044264,0.24704392,0.23986562,0.0
0.25079766,0.25345775,0.25927106,0.23647352,0.0
0.25475165,0.25721002,0.24909873,0.23893957,0.0
0.25266555,0.2564443,0.2539818,0.23690835,0.0
0.2517132,0.25972307,0.24788737,0.24067637,0.0
0.2542714,0.25899908,0.2484861,0.23824342,0.0
0.2521405,0.2511656,0.26147735,0.23521657,0.0
0.25320756,0.25747162,0.24741302,0.24190782,0.0
0.25287548,0.25726008,0.25178874,0.23807572,0.0
0.2568331,0.2574475,0.24804342,0.23767601,0.0
0.2571579,0.25890967,0.24531147,0.23862095,0.0
0.25111327,0.25162914,0.25897956,0.23827802,0.0
0.2491809,0.25891492,0.2475365,0.24436764,0.0
0.25256926,0.2574747,0.24815214,0.24180394,0.0
0.25578713,0.25902978,0.24623412,0.23894894,0.0
0.25224948,0.25729594,0.24971573,0.2407389,0.0
0.2526381,0.2500465,0.2598914,0.23742406,0.0
0.24844585,0.25810763,0.2505069,0.24293959,0.0
0.25475165,0.25681508,0.24756506,0.2408682,0.0
0.25297302,0.25860283,0.24776627,0.2406579,0.0
0.25448424,0.2577156,0.24737632,0.24042381,0.0
0.25281408,0.25205567,0.25367358,0.24145666,0.0
0.24820551,0.25793645,0.25092995,0.24292809,0.0
0.2563184,0.2537897,0.25234705,0.23754488,0.0
0.2516279,0.25778514,0.25070634,0.23988062,0.0
0.2535909,0.25661072,0.25092855,0.2388698,0.0
0.25366658,0.24878864,0.2600969,0.23744787,0.0
0.24823722,0.25777122,0.24912879,0.24486278,0.0
0.2551726,0.2553478,0.24769352,0.24178605,0.0
0.2537379,0.25771308,0.2486283,0.23992077,0.0
0.25664952,0.25604257,0.24997836,0.23732956,0.0
0.2510998,0.2510185,0.25657627,0.24130543,0.0
0.24986166,0.25601548,0.25284347,0.24127941,0.0
0.2505732,0.2567242,0.2496846,0.24301802,0.0
0.25242087,0.25769067,0.24959926,0.2402892,0.0
0.2564211,0.2554767,0.2468311,0.24127108,0.0
0.24872212,0.25093085,0.25979906,0.24054797,0.0
0.2529519,0.25487217,0.2515382,0.24063778,0.0
0.2526822,0.25710472,0.24931356,0.24089953,0.0
0.24853013,0.2595691,0.24741246,0.24448833,0.0
0.25108477,0.26000103,0.24634103,0.2425732,0.0
0.24902241,0.25321278,0.2566037,0.24116114,0.0
0.24666671,0.25682545,0.25012437,0.24638343,0.0
0.25189298,0.25937212,0.24304682,0.24568805,0.0
0.2537903,0.25759497,0.24584426,0.2427705,0.0
0.25854522,0.25577986,0.2467097,0.23896517,0.0
0.25099126,0.24940659,0.25639537,0.24320683,0.0
0.24788085,0.25531167,0.25121254,0.24559493,0.0
0.25233996,0.2568089,0.24629007,0.24456109,0.0
0.25348338,0.2587627,0.24539162,0.24236232,0.0
0.25540167,0.258233,0.24438475,0.24198064,0.0
0.25017545,0.2504621,0.2584552,0.24090727,0.0
0.24968676,0.25759792,0.2462315,0.24648383,0.0
0.2507904,0.25912347,0.2440564,0.24602973,0.0
0.255797,0.25546443,0.24709472,0.2416438,0.0
0.25706413,0.25659892,0.24538055,0.24095641,0.0
0.25381753,0.24613838,0.26121348,0.23883061,0.0
0.2491333,0.25561354,0.24977714,0.24547605,0.0
0.2513317,0.25854188,0.24302208,0.24710436,0.0
0.25419703,0.2573599,0.2455084,0.2429347,0.0
0.25786507,0.25358057,0.24936591,0.23918843,0.0
0.25163513,0.24892345,0.2562718,0.24316962,0.0
0.24918096,0.25565386,0.2489699,0.24619526,0.0
0.2514872,0.2572962,0.24402724,0.24718937,0.0
0.2568475,0.25823453,0.24082218,0.24409577,0.0
0.25851923,0.25807044,0.24127181,0.24213848,0.0
0.2538695,0.24706408,0.25836983,0.24069655,0.0
0.24992117,0.25651604,0.24710503,0.24645777,0.0
0.25228706,0.256657,0.24378218,0.24727374,0.0
0.25329244,0.26069334,0.24058634,0.24542794,0.0
0.25804085,0.25632125,0.24435396,0.24128391,0.0
0.2546762,0.24887967,0.25680438,0.23963977,0.0
0.24823153,0.25499713,0.24946189,0.24730945,0.0
0.25114113,0.25744802,0.24383582,0.24757506,0.0
0.25377572,0.25846308,0.24355493,0.24420626,0.0
0.2541399,0.25600854,0.24434231,0.24550922,0.0
0.2521522,0.24936698,0.25548664,0.24299416,0.0
0.25047243,0.25491747,0.24586521,0.24874488,0.0
0.25266483,0.25805053,0.24240245,0.24688217,0.0
0.251767,0.25858667,0.24420293,0.24544336,0.0
0.25627676,0.25711992,0.24207142,0.24453196,0.0
0.2501066,0.25052002,0.25360006,0.24577326,0.0
0.24625497,0.26011732,0.24002454,0.25360322,0.0
0.2538898,0.25529638,0.24507609,0.24573773,0.0
0.25645408,0.25666726,0.24344394,0.24343473,0.0
0.25561276,0.25475144,0.24573104,0.24390471,0.0
0.25324997,0.24630742,0.256988,0.2434546,0.0
0.24797256,0.25428024,0.24837972,0.24936746,0.0
0.2550344,0.2556757,0.24453692,0.24475302,0.0
0.26165444,0.2513129,0.24786781,0.23916487,0.0
0.25538293,0.25583163,0.24335854,0.24542691,0.0
0.24847256,0.24934603,0.25690556,0.24527587,0.0
0.25087446,0.25116208,0.25108188,0.2468815,0.0
0.25468627,0.2557631,0.24391975,0.24563085,0.0
0.25333774,0.25510672,0.24334624,0.24820927,0.0
0.25606483,0.2570985,0.24114528,0.24569139,0.0
0.2532167,0.24673752,0.25634918,0.24369656,0.0
0.2493351,0.2561792,0.24278384,0.25170186,0.0
0.25226575,0.25600806,0.24457988,0.24714632,0.0
0.25446317,0.2543411,0.24235545,0.24884027,0.0
0.25725716,0.25668365,0.23847343,0.24758576,0.0
0.2524396,0.24693985,0.25503364,0.24558692,0.0
0.25002626,0.25474796,0.24450257,0.25072318,0.0
0.25399256,0.25495085,0.24434593,0.24671063,0.0
0.25413343,0.25642958,0.24014044,0.24929655,0.0
0.25684276,0.25577652,0.24100122,0.2463795,0.0
0.2527631,0.24696575,0.25684202,0.24342912,0.0
0.25010246,0.25405163,0.24503522,0.25081068,0.0
0.25385466,0.25439212,0.24175417,0.24999905,0.0
0.25538495,0.25553447,0.24126174,0.24781886,0.0
0.2557953,0.2538019,0.24452631,0.24587652,0.0
0.25283083,0.2458773,0.25877494,0.24251695,0.0
0.2528054,0.25147307,0.24754402,0.24817748,0.0
0.25171253,0.2543465,0.24302025,0.25092074,0.0
0.2573851,0.25253606,0.24372971,0.2463491,0.0
0.25637215,0.25392613,0.24443214,0.24526957,0.0
0.2563968,0.24187717,0.26105198,0.24067406,0.0
0.2503675,0.25298488,0.24364835,0.25299925,0.0
0.25142333,0.2544046,0.0,0.24920782,0.24496421
0.25408167,0.25274873,0.24465866,0.24851094,0.0
0.2559409,0.25317743,0.24504012,0.24584149,0.0
0.25321585,0.24591461,0.25664613,0.24422345,0.0
0.24818435,0.25333682,0.2463476,0.25213122,0.0
0.2547925,0.2525506,0.24620648,0.24645044,0.0
0.25352785,0.25194684,0.24636158,0.24816373,0.0
0.2586658,0.2496138,0.24682288,0.24489756,0.0
0.25351644,0.0,0.25903592,0.24374312,0.24370453
0.25399223,0.24850638,0.24979392,0.2477075,0.0
0.2530898,0.2518487,0.0,0.24992761,0.24513389
0.25489837,0.25092757,0.0,0.24855742,0.24561669
0.25220227,0.25197926,0.0,0.24947992,0.24633858
0.25605533,0.24544609,0.25286245,0.24563618,0.0
0.25359395,0.24950685,0.24664102,0.25025818,0.0
0.2514737,0.2520582,0.0,0.24935944,0.24710862
0.25733382,0.25020698,0.0,0.2445124,0.24794684
0.25337297,0.25098583,0.0,0.245963,0.24967816
0.25903466,0.2393158,0.2585343,0.0,0.2431152
0.24938552,0.25045568,0.0,0.25144833,0.24871051
0.24916376,0.25032085,0.0,0.251665,0.24885036
0.25430754,0.25025222,0.0,0.24861981,0.24682045
0.2550707,0.25049567,0.0,0.24510273,0.24933091
0.25428745,0.0,0.25925106,0.24251105,0.24395044
0.25223193,0.24845728,0.24954851,0.2497623,0.0
0.25245842,0.24996658,0.0,0.25017473,0.24740025
0.2534142,0.24822296,0.24824251,0.0,0.2501203
0.2515397,0.24949944,0.0,0.249903,0.24905789
0.2567449,0.0,0.25945592,0.23783295,0.24596623
0.25104105,0.24884002,0.0,0.25147614,0.24864282
0.25548118,0.24796715,0.0,0.24664679,0.24990484
0.2563309,0.24848825,0.0,0.2452499,0.24993098
0.25304466,0.24940406,0.0,0.2471775,0.2503738
0.25467375,0.0,0.25917765,0.2414236,0.24472503
0.24984807,0.0,0.25012505,0.24788658,0.25214028
0.2508634,0.24891815,0.0,0.24956113,0.2506573
0.25326476,0.24792638,0.24763283,0.0,0.25117597
0.25461212,0.2465961,0.24606831,0.0,0.25272343
0.25650483,0.0,0.25625053,0.24226582,0.24497885
0.24976392,0.2481207,0.0,0.25252733,0.24958809
0.25199297,0.0,0.24822275,0.24923478,0.25054955
0.25375098,0.24689417,0.24740966,0.0,0.2519452
0.2505841,0.24885422,0.0,0.2495246,0.2510371
0.2561899,0.0,0.2567838,0.24015553,0.24687077
0.24834529,0.24818596,0.0,0.2524962,0.25097254
0.24836472,0.2492248,0.0,0.24824904,0.25416142
0.2515464,0.24800374,0.0,0.24924901,0.25120082
0.25421605,0.24631657,0.0,0.24618746,0.25327992
0.25507724,0.0,0.25666434,0.24138728,0.24687113
0.25037608,0.0,0.24897747,0.24922696,0.25141948
0.2514049,0.24757287,0.0,0.25014085,0.25088137
0.25537896,0.246589,0.0,0.24701066,0.25102144
0.24753247,0.24854732,0.0,0.25118825,0.25273192
0.2571793,0.0,0.2571885,0.23925869,0.24637353
0.24777162,0.24761008,0.0,0.2529871,0.25163123
0.2515092,0.24805778,0.0,0.24785088,0.25258213
0.252773,0.24708728,0.0,0.24760285,0.2525369
0.24886154,0.24820557,0.0,0.24970295,0.25322995
0.2588185,0.0,0.25623423,0.23952278,0.2454245
0.2507453,0.24770401,0.0,0.25016606,0.25138462
0.24784693,0.24929963,0.0,0.25136957,0.25148386
0.2526352,0.24686529,0.0,0.2474021,0.25309736
0.24835949,0.24862823,0.0,0.2509535,0.25205883
0.2581643,0.0,0.25250107,0.2396478,0.24968685
0.2517508,0.24691723,0.0,0.25111672,0.25021526
0.24985443,0.24811924,0.0,0.2493395,0.25268686
0.25211847,0.24747182,0.0,0.24738133,0.2530284
0.24734996,0.2494063,0.0,0.25012365,0.25312012
0.25870597,0.0,0.25082302,0.24163584,0.24883513
0.25472653,0.24575803,0.0,0.2483563,0.2511592
0.24834621,0.24717276,0.0,0.2518058,0.25267524
0.25157207,0.24715786,0.0,0.24824688,0.25302318
0.24833784,0.24802157,0.0,0.24772646,0.25591418
0.26392877,0.0,0.25619188,0.23415008,0.24572928
0.24826394,0.24747878,0.0,0.25463638,0.2496209
0.2534256,0.24599089,0.0,0.24934731,0.2512362
0.25385305,0.24644719,0.0,0.24773137,0.2519684
0.2526611,0.24701132,0.0,0.24854049,0.2517871
0.26046738,0.0,0.25473234,0.23664686,0.24815343
0.25171253,0.0,0.24565992,0.25012812,0.25249946
0.24803214,0.24746954,0.0,0.25153196,0.25296634
0.25304148,0.2457262,0.0,0.24900422,0.2522281
0.25099492,0.24631761,0.0,0.2505015,0.25218597
0.25884002,0.0,0.25244865,0.24063061,0.24808073
0.24943869,0.24471386,0.0,0.25478035,0.25106713
0.25026003,0.2447335,0.0,0.25121182,0.25379464
0.25252217,0.24455597,0.0,0.24880542,0.25411648
0.2527235,0.24495304,0.0,0.24974157,0.2525819
0.26049,0.0,0.25038064,0.23908517,0.25004423
0.24854869,0.0,0.2450874,0.25148714,0.25487682
0.2483205,0.24453491,0.0,0.25274265,0.2544019
0.24825934,0.24384688,0.0,0.25182152,0.2560723
0.25184602,0.0,0.2464139,0.24649912,0.25524095
0.25658542,0.0,0.2551251,0.23733434,0.25095513
0.2519584,0.0,0.2449344,0.24914214,0.25396505
0.2478544,0.2430292,0.0,0.25537267,0.25374377
0.25035283,0.0,0.24324383,0.25183097,0.25457236
0.2500037,0.2422487,0.0,0.25033292,0.25741467
0.25551078,0.0,0.2518257,0.24142888,0.25123468
0.2461777,0.0,0.24624616,0.2528847,0.25469148
0.2500594,0.0,0.24653614,0.24883349,0.254571
0.24700357,0.24168824,0.0,0.25414178,0.2571664
0.25006187,0.0,0.24387181,0.2502181,0.25584823
0.254944,0.0,0.25140467,0.23919487,0.25445646
0.24657167,0.0,0.24625279,0.25480804,0.2523675
0.24582995,0.0,0.24343595,0.2534651,0.25726897
0.24776125,0.0,0.24388954,0.25060377,0.25774541
0.24690029,0.0,0.24296656,0.25362462,0.25650853
0.25469726,0.0,0.2555509,0.23597448,0.25377738
0.24396595,0.0,0.24647628,0.25197083,0.25758696
0.24343537,0.0,0.2420368,0.25603852,0.2584893
0.2447941,0.24033402,0.0,0.2563333,0.25853857
0.24547747,0.0,0.24111232,0.2567382,0.256672
0.25730723,0.0,0.2530521,0.2349158,0.25472492
0.24048348,0.0,0.24331206,0.25751004,0.25869444
0.24250668,0.0,0.24334827,0.25842264,0.25572237
0.2421396,0.0,0.2410895,0.25771916,0.25905174
0.24758561,0.0,0.23999454,0.2533887,0.25903118
0.25554824,0.0,0.25109175,0.23416668,0.25919333
0.23888187,0.0,0.24610224,0.25856495,0.25645092
0.24374212,0.0,0.24517426,0.25423613,0.25684747
0.24176309,0.0,0.24087834,0.25982904,0.25752956
0.24277863,0.0,0.24205278,0.25513694,0.2600317
0.25365752,0.0,0.25122908,0.23580214,0.25931123
0.24244967,0.0,0.24505644,0.2556124,0.25688145
0.23941953,0.0,0.2443313,0.25591278,0.2603364
0.23936813,0.0,0.24154846,0.26010615,0.25897726
0.2406521,0.0,0.24078713,0.2580502,0.26051056
0.2546751,0.0,0.25277835,0.23439318,0.25815338
0.23832864,0.0,0.24475421,0.25747102,0.25944617
0.23836501,0.0,0.23953532,0.26164263,0.26045704
0.2419172,0.0,0.24453576,0.25485638,0.25869063
0.24004316,0.0,0.23975965,0.26018798,0.26000917
0.25132418,0.0,0.25310776,0.2340209,0.26154718
0.23697644,0.0,0.24474372,0.26026437,0.25801548
0.23838863,0.0,0.24436033,0.25583136,0.26141974
0.23799069,0.0,0.24198295,0.26106477,0.2589616
0.24051642,0.0,0.24130303,0.257866,0.26031455
0.25841457,0.0,0.25167456,0.23010279,0.25980803
0.23496635,0.0,0.24300139,0.2626735,0.25935876
0.23655605,0.0,0.24058226,0.263962,0.25889966
0.23727746,0.0,0.24088117,0.26235595,0.25948542
0.0,0.23610944,0.23887238,0.26454422,0.260474
0.2530444,0.0,0.2523657,0.23412523,0.26046467
0.23442315,0.0,0.24428953,0.26214093,0.25914642
0.23499899,0.0,0.24535711,0.26115444,0.25848946
0.23523921,0.0,0.23981869,0.26479894,0.26014322
0.23694214,0.0,0.24170996,0.2610735,0.26027438
0.25446105,0.0,0.25238264,0.23348479,0.2596715
0.23598127,0.0,0.24617274,0.25989246,0.25795352
0.23548849,0.0,0.24681027,0.25985056,0.25785068
0.23373045,0.0,0.24175702,0.26425242,0.26026013
0.0,0.23464419,0.24051511,0.26514155,0.25969914
0.2550798,0.0,0.25446025,0.22911613,0.26134384
0.23327518,0.0,0.24792,0.26273173,0.2560731
0.23378557,0.0,0.24141939,0.264597,0.260198
0.2326122,0.0,0.24202035,0.26496357,0.2604039
0.0,0.2344474,0.23909704,0.26653168,0.25992385
0.2554219,0.0,0.24921033,0.23165347,0.2637143
0.23338822,0.0,0.24502307,0.26280105,0.25878766
0.2328832,0.0,0.24257663,0.2663666,0.2581735
0.23496708,0.0,0.24530841,0.26110518,0.25861928
0.23667236,0.0,0.24341002,0.26037765,0.25954002
0.2544743,0.0,0.2516898,0.2300219,0.263814
0.23281093,0.0,0.24251257,0.2654127,0.25926384
0.2336055,0.0,0.2440554,0.26189157,0.26044753
0.23525481,0.0,0.24416374,0.2616594,0.258922
0.23379502,0.0,0.2431743,0.26449615,0.25853455
0.2499225,0.0,0.24902523,0.2352528,0.26579952
0.23267287,0.0,0.24563558,0.26240265,0.25928885
0.23136303,0.0,0.24656583,0.26389372,0.2581774
0.23270543,0.0,0.24394396,0.26508814,0.25826246
0.0,0.23315057,0.24156879,0.26696476,0.25831592
0.2481701,0.0,0.25379762,0.23447864,0.26355368
0.23132007,0.0,0.24704783,0.26417097,0.2574611
0.23191242,0.0,0.24486518,0.26663223,0.25659013
0.23223433,0.0,0.24822949,0.26096275,0.25857347
0.23177327,0.0,0.247621,0.26146087,0.2591448
0.25322378,0.0,0.2522769,0.22910598,0.2653933
0.22880585,0.0,0.24665685,0.26784456,0.25669274
0.0,0.2300553,0.24549949,0.26383018,0.26061502
0.22996627,0.0,0.24943829,0.26197663,0.2586188
0.0,0.23251791,0.24475527,0.26219288,0.26053396
0.25436923,0.0,0.24788338,0.23209319,0.26565427
0.23280579,0.0,0.25026497,0.26076737,0.25616184
0.0,0.22908108,0.24588007,0.2646317,0.26040715
0.0,0.23140562,0.2459965,0.26378596,0.25881192
0.0,0.23083186,0.24890524,0.2633561,0.25690678
0.25544432,0.0,0.24734908,0.22837955,0.26882705
0.22956623,0.0,0.24885917,0.26373544,0.25783917
0.0,0.22898282,0.24701,0.2662289,0.2577783
0.0,0.23115951,0.24808861,0.26393554,0.25681636
0.0,0.23216075,0.24709079,0.26398417,0.25676426
0.25845882,0.0,0.2505946,0.22895154,0.26199505
0.22791155,0.0,0.25027087,0.26489007,0.2569275
0.0,0.22683509,0.25206727,0.26420584,0.25689182
0.0,0.22952981,0.24889632,0.2638102,0.25776365
0.0,0.23283117,0.24984233,0.26264507,0.2546814
0.25559428,0.0,0.24801943,0.23105788,0.26532838
0.22671643,0.0,0.25089717,0.26579636,0.25658998
0.0,0.22748102,0.25153685,0.26521546,0.25576663
0.0,0.23133965,0.25019524,0.2629968,0.2554683
0.0,0.2313687,0.24912348,0.26365024,0.2558576
0.25840986,0.0,0.24672888,0.23029344,0.26456785
0.22864716,0.0,0.2533226,0.26467156,0.25335863
0.0,0.22732733,0.25197974,0.2658938,0.25479913
0.0,0.23021759,0.25067022,0.26382065,0.25529158
0.0,0.22981696,0.25555643,0.26173866,0.2528879
0.25823817,0.0,0.24760507,0.22990333,0.2642535
0.226693,0.0,0.25444287,0.26621795,0.25264618
0.0,0.22794776,0.25238782,0.26495522,0.25470924
0.0,0.22845575,0.2551681,0.2621671,0.25420904
0.0,0.23051666,0.25664443,0.26055357,0.2522853
0.25556073,0.0,0.2452256,0.23137416,0.26783952
0.22338879,0.0,0.25758606,0.26581025,0.2532149
0.0,0.22736156,0.25997353,0.2617713,0.2508936
0.0,0.22884838,0.2594148,0.26013178,0.2516051
0.0,0.23120913,0.25840953,0.25850344,0.25187787
0.26096642,0.0,0.24575798,0.22989643,0.26337922
0.22378741,0.0,0.25988874,0.26517677,0.25114706
0.0,0.2258109,0.26500204,0.2596559,0.2495312
0.0,0.22970746,0.26545826,0.25527656,0.2495577
0.0,0.23087035,0.26771146,0.25328013,0.24813806
0.2633556,0.0,0.2472096,0.22576448,0.2636703
0.22233154,0.0,0.2612469,0.26455152,0.25187007
0.0,0.22676995,0.26730374,0.25705472,0.24887164
0.0,0.22983788,0.2692087,0.2532143,0.24773917
0.0,0.23079062,0.27345288,0.24919775,0.24655876
0.26285633,0.0,0.24785352,0.22924526,0.2600449
0.22092266,0.0,0.2668891,0.2626135,0.24957478
0.0,0.22629057,0.27056226,0.25542647,0.24772072
0.0,0.22779931,0.2762861,0.24990039,0.2460142
0.0,0.23074155,0.27315235,0.24954925,0.24655682
0.26197237,0.0,0.24861008,0.2275077,0.26190984
0.22137141,0.0,0.27292156,0.2584691,0.24723788
0.0,0.22396022,0.2780499,0.25256234,0.24542756
0.0,0.22658367,0.27913877,0.24954481,0.24473271
0.0,0.22962718,0.27946064,0.24694046,0.2439717
0.26208663,0.0,0.24788535,0.22995077,0.26007724
0.22133303,0.0,0.2766973,0.25677952,0.24519017
0.0,0.22520131,0.28243396,0.24956597,0.24279876
0.0,0.22530319,0.28691426,0.2460967,0.24168585
0.0,0.22751285,0.28566608,0.24469191,0.2421292
0.26178446,0.0,0.24882354,0.2307841,0.2586079
0.21866614,0.0,0.28555688,0.25328135,0.24249566
0.0,0.22297205,0.29031017,0.24620628,0.2405115
0.0,0.2259251,0.28938517,0.24437168,0.24031802
0.0,0.22935353,0.28844312,0.24231997,0.23988335
0.2608665,0.0,0.24798621,0.23390132,0.25724593
0.21826856,0.0,0.29224104,0.25054044,0.23894992
0.0,0.2222469,0.29556417,0.24467471,0.2375142
0.0,0.22518435,0.2991844,0.23962362,0.23600759
0.0,0.22854663,0.29630682,0.23907028,0.23607625
0.2611735,0.0,0.246879,0.23508023,0.25686726
0.0,0.21467356,0.29779422,0.24794216,0.23959005
0.0,0.2212034,0.30356666,0.2401629,0.23506701
0.0,0.2260031,0.30597687,0.23596737,0.23205264
0.0,0.22763357,0.3065972,0.23333633,0.2324329
0.26321483,0.0,0.24993815,0.23316084,0.2536862
0.24561349,0.27621138,0.25960788,0.0,0.21856731
0.24888869,0.28742963,0.24447708,0.0,0.2192046
0.25417146,0.2864322,0.24155928,0.21783707,0.0
0.25824708,0.28676805,0.23631546,0.0,0.21866946
0.25682735,0.28961933,0.23278065,0.0,0.22077262
0.24750711,0.27518636,0.257139,0.0,0.22016756
0.24958825,0.2866945,0.24193782,0.22177944,0.0
0.25385994,0.28770357,0.23775612,0.0,0.22068039
0.25772172,0.28570673,0.23670807,0.0,0.21986346
0.25962153,0.28535944,0.23411588,0.0,0.22090316
0.24682553,0.2804459,0.24914482,0.0,0.22358373
0.2521929,0.28421727,0.24150074,0.0,0.22208907
0.25386527,0.28678194,0.23520564,0.0,0.22414716
0.25671136,0.28832752,0.2322032,0.0,0.2227579
0.2620402,0.28441468,0.23170494,0.0,0.22184016
0.24583906,0.27853316,0.2511139,0.0,0.22451387
0.25305325,0.28142792,0.24129577,0.0,0.22422306
0.2558227,0.28479078,0.23554626,0.0,0.22384025
0.25193933,0.28505567,0.23746473,0.0,0.22554025
0.25308058,0.28935513,0.23207545,0.0,0.22548878
0.2455882,0.27593952,0.2533356,0.0,0.22513668
0.24642554,0.28364122,0.24278273,0.0,0.2271505
0.253496,0.28221494,0.2387063,0.0,0.2255827
0.25112855,0.28332153,0.24005002,0.0,0.2254999
0.25043383,0.28659797,0.23515375,0.0,0.2278144
0.24472228,0.27257964,0.25532132,0.0,0.22737674
0.2472262,0.28125486,0.24414055,0.0,0.2273784
0.24535339,0.28285024,0.24267569,0.0,0.22912067
0.16049837,0.4889642,0.0,0.1963586,0.15417884
0.24736035,0.28549352,0.23770049,0.0,0.22944567
0.24153471,0.2722466,0.25806725,0.0,0.2281514
0.23995337,0.28365132,0.24516623,0.0,0.2312291
0.2460756,0.2811853,0.24502784,0.0,0.22771128
0.25042886,0.2806607,0.24019147,0.0,0.228719
0.24679005,0.28185025,0.24120942,0.0,0.23015025
0.2418957,0.2724996,0.25660324,0.0,0.22900146
0.24321645,0.28213087,0.24470639,0.0,0.22994629
0.24727257,0.27932814,0.24367756,0.0,0.22972177
0.24811243,0.28332347,0.23922704,0.22933711,0.0
0.24877086,0.27930614,0.24216849,0.0,0.22975451
0.23895828,0.272092,0.25908664,0.0,0.22986305
0.24408479,0.2785759,0.24717352,0.23016578,0.0
0.2426988,0.27877668,0.24791965,0.0,0.23060487
0.24541181,0.28109416,0.24355444,0.22993955,0.0
0.24916115,0.27625743,0.24619623,0.0,0.22838514
0.24161446,0.26973745,0.2578245,0.0,0.23082353
0.24248199,0.2781528,0.24822146,0.23114376,0.0
0.24457358,0.2806811,0.24309427,0.23165108,0.0
0.2429995,0.28277242,0.24105793,0.23317012,0.0
0.24517135,0.27876645,0.2449669,0.0,0.23109531
0.24768135,0.3059557,0.0,0.23488642,0.21147655
0.25343478,0.2821449,0.2382231,0.0,0.22619724
0.2454798,0.2896329,0.23428245,0.0,0.23060486
0.24660884,0.28599393,0.23791784,0.0,0.22947936
0.24224077,0.2855404,0.24036284,0.0,0.231856
0.23113887,0.2717426,0.26161626,0.0,0.23550226
0.23622048,0.2814581,0.2490855,0.0,0.2332359
0.236992,0.2838068,0.24448721,0.0,0.23471397
0.23807798,0.28317642,0.24456851,0.0,0.23417708
0.23790048,0.2828023,0.24553865,0.0,0.23375855
0.23366815,0.27301377,0.25851095,0.0,0.23480709
0.0,0.28229398,0.24776177,0.23664531,0.23329893
0.24049385,0.27835405,0.2490886,0.23206356,0.0
0.2400925,0.28157747,0.24419051,0.0,0.23413955
0.24191973,0.27936462,0.24553291,0.0,0.23318276
0.23486507,0.26852936,0.26262447,0.0,0.23398113
0.23351632,0.27672416,0.25414303,0.0,0.2356165
0.23936325,0.27922097,0.24651667,0.0,0.23489907
0.24141227,0.27781487,0.24706115,0.0,0.23371172
0.24307768,0.2780947,0.24540307,0.0,0.23342457
0.23485644,0.266667,0.26266834,0.0,0.23580818
0.0,0.27637687,0.2526415,0.2344997,0.23648192
0.2362173,0.28104815,0.24527831,0.0,0.23745629
0.24066146,0.27958882,0.24416105,0.0,0.23558867
0.24001192,0.27957892,0.2439096,0.0,0.23649955
0.23166806,0.27344632,0.25486326,0.0,0.24002235
0.0,0.27863613,0.24721614,0.2345597,0.23958805
0.0,0.2803426,0.24532044,0.23653756,0.23779944
0.23883669,0.27930757,0.24268423,0.0,0.2391715
0.23909004,0.27710927,0.24523363,0.0,0.23856711
0.0,0.27209157,0.25553977,0.23393741,0.23843126
0.0,0.27663356,0.24833068,0.23693869,0.23809712
0.24108006,0.27793217,0.2430727,0.0,0.23791507
0.24197407,0.27792802,0.24354394,0.0,0.23655395
0.23939723,0.276916,0.24633504,0.0,0.23735173
0.23513976,0.26822323,0.2593106,0.0,0.23732644
0.23837003,0.27765056,0.24562944,0.23834994,0.0
0.24031956,0.27603447,0.24591616,0.0,0.23772979
0.23952304,0.27916953,0.24241687,0.0,0.23889059
0.24020544,0.27752957,0.24169894,0.0,0.24056605
0.23634507,0.2662023,0.25685307,0.0,0.24059953
0.0,0.2763625,0.24606113,0.23826006,0.23931634
0.2420707,0.27610186,0.24241412,0.0,0.23941329
0.24401987,0.27447838,0.24314184,0.0,0.23835993
0.24003994,0.2775218,0.24209455,0.0,0.24034375
0.23674542,0.2658546,0.25720733,0.0,0.24019258
0.23910907,0.27382275,0.2461248,0.0,0.24094337
0.23886497,0.27636486,0.24389514,0.0,0.24087499
0.24266145,0.2744213,0.24288093,0.0,0.24003628
0.24610771,0.27273405,0.24155405,0.0,0.23960422
0.23533389,0.26851407,0.25330386,0.0,0.24284819
0.24116546,0.27348608,0.24465589,0.0,0.24069262
0.24196629,0.276548,0.24013366,0.0,0.24135205
0.24547485,0.27772865,0.23779593,0.0,0.2390006
0.24300486,0.27930224,0.23393649,0.0,0.24375644
0.23681475,0.2652146,0.25473756,0.0,0.24323308
0.2403515,0.27279344,0.24521312,0.0,0.24164197
0.24164405,0.27522817,0.2398352,0.0,0.24329257
0.24205914,0.275781,0.23907861,0.0,0.24308129
0.24345538,0.27751654,0.23573251,0.0,0.24329552
0.24025756,0.26601756,0.24767338,0.0,0.24605149
0.0,0.27626428,0.2410284,0.23915762,0.24354969
0.24231254,0.2732827,0.24225825,0.0,0.24214648
0.24327078,0.27281907,0.2394075,0.0,0.24450263
0.24465334,0.2739201,0.23696451,0.0,0.24446206
0.23840794,0.2652295,0.2489287,0.0,0.24743384
0.23790018,0.27268085,0.24344611,0.0,0.24597287
0.24548247,0.27334493,0.23809661,0.0,0.24307601
0.24058895,0.277166,0.23616725,0.0,0.24607776
0.24287015,0.2748323,0.23840189,0.0,0.24389568
0.23590563,0.2631354,0.25334582,0.0,0.24761316
0.24399501,0.26818138,0.24520376,0.0,0.24261984
0.24473746,0.2705959,0.24197118,0.0,0.24269545
0.23854302,0.27543804,0.23947549,0.0,0.24654347
0.24511966,0.27382657,0.23686434,0.0,0.24418947
0.25060758,0.2571589,0.2505857,0.0,0.24164784
0.23586315,0.2761809,0.0,0.23531109,0.2526449
0.23792696,0.2745188,0.239799,0.0,0.24775527
0.2497073,0.26622376,0.24149658,0.0,0.24257237
0.2415068,0.275226,0.23421942,0.0,0.24904773
0.2372877,0.26341406,0.24774663,0.0,0.25155157
0.24178475,0.27061096,0.24138144,0.0,0.24622285
0.24520682,0.2725279,0.23653051,0.0,0.24573475
0.24694875,0.27405167,0.0,0.23259073,0.24640885
0.24651557,0.2735894,0.0,0.23141651,0.2484785
0.24015261,0.26313707,0.24617927,0.0,0.25053108
0.2439246,0.2696766,0.2388899,0.0,0.24750891
0.2446265,0.26997942,0.23640893,0.0,0.24898514
0.24809942,0.26863626,0.23607816,0.0,0.2471862
0.24834412,0.27206674,0.23181145,0.0,0.2477777
0.24482964,0.26089764,0.24621727,0.0,0.24805546
0.2428959,0.27102,0.23798864,0.0,0.24809545
0.2474338,0.27074558,0.2347013,0.0,0.2471193
0.24600722,0.27213407,0.2317012,0.0,0.25015754
0.2514908,0.2696063,0.23269115,0.0,0.24621177
0.24464633,0.26102555,0.24427953,0.0,0.25004858
0.24290882,0.26925313,0.23700272,0.0,0.2508354
0.24594088,0.2688965,0.23494305,0.0,0.25021958
0.24757995,0.26941133,0.23374358,0.0,0.24926516
0.24732967,0.27185798,0.0,0.23234847,0.24846391
0.24696401,0.2571313,0.24516845,0.0,0.2507362
0.24442767,0.27079135,0.0,0.2350929,0.24968812
0.24838828,0.2693949,0.2328232,0.0,0.24939364
0.24537839,0.27190357,0.0,0.23354475,0.24917327
0.24933994,0.26695353,0.23390625,0.0,0.24980028
0.24403547,0.26001823,0.24237108,0.0,0.25357524
0.24483675,0.26692373,0.23611395,0.0,0.2521256
0.24624202,0.2698227,0.0,0.2343874,0.2495479
0.2524167,0.2667104,0.23191,0.0,0.24896294
0.2490175,0.26871726,0.23180832,0.0,0.2504569
0.23904397,0.26263875,0.24198349,0.0,0.25633377
0.24645661,0.2640848,0.23860979,0.0,0.2508488
0.24494065,0.26979282,0.23195213,0.0,0.25331435
0.24649084,0.27176982,0.0,0.23066624,0.2510731
0.24922018,0.26789722,0.23286845,0.0,0.25001413
0.24726136,0.2580763,0.2422884,0.0,0.252374
0.24688065,0.26577666,0.23642315,0.0,0.25091958
0.2452709,0.26908988,0.0,0.23291679,0.25272247
0.25169814,0.26672953,0.23201172,0.0,0.24956055
0.2496719,0.2687406,0.22931673,0.0,0.25227076
0.24392192,0.2575909,0.24455355,0.0,0.25393364
0.2457907,0.26519287,0.23633195,0.0,0.25268444
0.24853311,0.26575583,0.23249489,0.0,0.25321618
0.2484368,0.2668795,0.23323649,0.0,0.25144723
0.24947806,0.26944146,0.0,0.23002571,0.2510548
0.24697311,0.25608885,0.24267054,0.0,0.25426748
0.24459995,0.26593503,0.23654224,0.0,0.2529228
0.24668297,0.26777524,0.0,0.23240755,0.25313422
0.2510339,0.2648507,0.23364925,0.0,0.25046614
0.2487957,0.2647061,0.23397358,0.0,0.25252458
0.24447544,0.25789714,0.24233556,0.0,0.25529182
0.24795078,0.26452586,0.2337555,0.0,0.25376788
0.24570525,0.2639638,0.23595808,0.0,0.25437286
0.25148556,0.26486802,0.23113608,0.0,0.25251034
0.24762547,0.26621282,0.23243731,0.0,0.25372437
0.24730898,0.2516663,0.24563143,0.0,0.25539327
0.24642053,0.2634957,0.23684737,0.0,0.25323635
0.2503129,0.2634957,0.23191012,0.0,0.25428125
0.24923839,0.2622898,0.23378034,0.0,0.25469145
0.24967621,0.2623374,0.23412567,0.0,0.2538607
0.2458796,0.25379843,0.24315724,0.0,0.25716478
0.2447092,0.26402178,0.23535791,0.0,0.25591114
0.2479529,0.26424134,0.23352708,0.0,0.25427866
0.2470393,0.26443028,0.23342693,0.0,0.2551035
0.24947937,0.26536664,0.23062572,0.0,0.25452828
0.24463141,0.25139028,0.24436782,0.0,0.25961047
0.2476212,0.26151735,0.23649773,0.0,0.2543637
0.24542123,0.2657188,0.0,0.23195693,0.25690302
0.2458045,0.2628035,0.23445052,0.0,0.25694147
0.24845794,0.26372537,0.23148814,0.0,0.25632858
0.24474595,0.25117865,0.2446372,0.0,0.2594382
0.24897356,0.26017037,0.23589166,0.0,0.25496444
0.24953867,0.26402014,0.23068592,0.0,0.25575525
0.24980919,0.26430988,0.0,0.23084359,0.25503737
0.24830012,0.26218888,0.23314057,0.0,0.25637043
0.24746582,0.25125554,0.24405347,0.0,0.25722516
0.24364075,0.26267454,0.23447709,0.0,0.2592076
0.24750938,0.26329723,0.22931425,0.0,0.2598791
0.25132018,0.26356095,0.22978078,0.0,0.2553381
0.2481762,0.26269042,0.23250908,0.0,0.25662428
0.24734543,0.24636057,0.24601282,0.0,0.26028118
0.24544948,0.26344812,0.23294236,0.0,0.25816002
0.246376,0.26336417,0.23194477,0.0,0.25831512
0.24925825,0.25893816,0.2336127,0.0,0.25819087
0.24874543,0.26119557,0.23277153,0.0,0.25728744
0.2447577,0.24854647,0.24390039,0.0,0.26279545
0.24739939,0.26003158,0.23370692,0.0,0.25886214
0.24927686,0.2583091,0.23438439,0.0,0.2580296
0.24555251,0.2639353,0.22932556,0.0,0.26118663
0.24854037,0.26145104,0.23083389,0.0,0.25917467
0.24654107,0.24834807,0.24272893,0.0,0.26238188
0.24414407,0.26125392,0.23346524,0.0,0.26113677
0.2442791,0.2626977,0.23185477,0.0,0.26116842
0.24808075,0.25820214,0.23376296,0.0,0.25995415
0.2468767,0.25950107,0.2325437,0.0,0.26107854
0.2442472,0.24782245,0.24442862,0.0,0.26350176
0.24690391,0.2565672,0.23771258,0.0,0.25881627
0.2472541,0.2585421,0.23381107,0.0,0.2603927
0.24560222,0.26281136,0.0,0.22985098,0.26173544
0.24699913,0.25928068,0.23338574,0.0,0.2603345
0.24430351,0.2458707,0.24357477,0.0,0.26625106
0.24521647,0.25930712,0.23381884,0.0,0.26165757
0.24804255,0.25841525,0.23244618,0.0,0.261096
0.24568982,0.25986868,0.23156571,0.0,0.2628758
0.24868187,0.25824687,0.23242863,0.0,0.26064262
0.24404149,0.24689521,0.24476591,0.0,0.26429743
0.24867897,0.25507712,0.23720028,0.0,0.25904363
0.2444174,0.25887036,0.23380776,0.0,0.26290447
0.24544255,0.2605776,0.23128821,0.0,0.26269165
0.24810877,0.25635874,0.23309706,0.0,0.2624354
0.24342638,0.24472645,0.2458226,0.0,0.2660246
0.24460065,0.25582284,0.23646435,0.0,0.26311216
0.2447054,0.25778982,0.23359604,0.0,0.2639088
0.24505696,0.2580977,0.23363376,0.0,0.26321155
0.24326491,0.25895217,0.2326716,0.0,0.26511136
0.2441679,0.24334328,0.24494982,0.0,0.267539
0.24279395,0.25813174,0.23451816,0.0,0.2645561
0.24505492,0.25456074,0.23725888,0.0,0.26312548
0.24438366,0.25599375,0.2353926,0.0,0.26422992
0.24581625,0.25766504,0.23239571,0.0,0.26412302
0.24444586,0.24337249,0.24567665,0.0,0.266505
0.24200833,0.25710887,0.23427095,0.0,0.2666119
0.24650717,0.25667003,0.23347992,0.0,0.2633429
0.246072,0.2566828,0.23399676,0.0,0.26324838
0.24478231,0.25858724,0.2319517,0.0,0.26467872
0.24834271,0.23832652,0.24734889,0.0,0.26598188
0.24490908,0.25132677,0.23936577,0.0,0.2643984
0.2453454,0.25495556,0.23557349,0.0,0.26412553
0.24866012,0.25388527,0.23396005,0.0,0.26349455
0.24521065,0.25572574,0.23419295,0.0,0.2648707
0.24654038,0.2395087,0.24688469,0.0,0.26706624
0.24439809,0.25232422,0.23888889,0.0,0.26438877
0.24165939,0.25800043,0.23381014,0.0,0.26653004
0.2458936,0.2539257,0.23558582,0.0,0.26459488
0.24430194,0.25844377,0.2314037,0.0,0.26585057
0.24695134,0.2427094,0.24161106,0.0,0.2687282
0.24378933,0.2524716,0.23924318,0.0,0.2644959
0.24846214,0.25478548,0.23166563,0.0,0.26508677
0.24764238,0.25242138,0.2351667,0.0,0.2647695
0.24716157,0.25128326,0.2375394,0.0,0.2640158
0.24589491,0.23907049,0.24676012,0.0,0.26827446
0.24352503,0.25167406,0.2394798,0.0,0.26532114
0.24417633,0.25254834,0.2377543,0.0,0.265521
0.24641919,0.25258055,0.23529702,0.0,0.26570323
0.24617232,0.25330254,0.23638703,0.0,0.2641381
0.24658068,0.23857102,0.24352205,0.0,0.27132624
0.24197574,0.25417393,0.23496437,0.0,0.26888597
0.24602234,0.25191665,0.23663282,0.0,0.26542822
0.24483469,0.25293532,0.23553382,0.0,0.2666962
0.24609484,0.25224796,0.23729518,0.0,0.26436204
0.24925117,0.23470953,0.24703579,0.0,0.2690035
0.24669753,0.24735744,0.24124354,0.0,0.26470146
0.24703108,0.25085115,0.23635651,0.0,0.26576126
0.2481112,0.24956352,0.2365294,0.0,0.26579592
0.24356021,0.25413203,0.23245838,0.0,0.26984942
0.24734676,0.23464495,0.24880809,0.0,0.26920024
0.24403974,0.25061983,0.23716421,0.0,0.26817617
0.24276538,0.25153023,0.23892145,0.0,0.2667829
0.2465324,0.25003237,0.23779151,0.0,0.26564375
0.24798487,0.25141498,0.23547913,0.0,0.265121
0.24568075,0.23595323,0.24672957,0.0,0.27163643
0.24290505,0.2507093,0.23811227,0.0,0.26827338
0.24660437,0.2504539,0.23653018,0.0,0.26641154
0.24650499,0.25086558,0.23766267,0.0,0.2649668
0.24825792,0.24914871,0.23580003,0.0,0.26679337
0.24531367,0.23728965,0.24534903,0.0,0.27204764
0.24300611,0.2490686,0.23905756,0.0,0.26886773
0.24607457,0.25044695,0.23599789,0.0,0.26748058
0.24803461,0.2490861,0.23762673,0.0,0.2652526
0.249127,0.24856009,0.23785932,0.0,0.2644536
0.24748147,0.233785,0.2465455,0.0,0.27218807
0.24575618,0.25055954,0.23478061,0.0,0.26890367
0.24752611,0.24818835,0.23717248,0.0,0.26711306
0.24692206,0.24968939,0.2368274,0.0,0.26656112
0.24747023,0.24966395,0.23685177,0.0,0.266014
0.24854857,0.23183398,0.24944021,0.0,0.27017727
0.24837576,0.24560301,0.2385476,0.0,0.26747364
0.2448997,0.2480415,0.23822203,0.0,0.26883677
0.24782915,0.24940462,0.23696043,0.0,0.26580584
0.24779536,0.24893719,0.23550014,0.0,0.26776734
0.24703988,0.23605293,0.24486627,0.0,0.2720409
0.24570176,0.24642524,0.23937213,0.0,0.26850086
0.24635787,0.2453491,0.23958215,0.0,0.2687109
0.24731484,0.2500083,0.23376264,0.0,0.2689142
0.24573761,0.24794476,0.24020113,0.0,0.2661165
0.24728274,0.23300943,0.24514173,0.0,0.27456605
0.24544948,0.24451779,0.24004808,0.0,0.2699846
0.24490406,0.2473702,0.23776984,0.0,0.2699559
0.24811432,0.24891245,0.23517448,0.0,0.26779875
0.2482567,0.24524556,0.23754576,0.0,0.26895195
0.24743827,0.23220824,0.24611211,0.0,0.27424145
0.24441741,0.24414124,0.24330609,0.0,0.26813528
0.24484845,0.2466814,0.23884623,0.0,0.26962394
0.24603568,0.24633986,0.23899987,0.0,0.26862457
0.2475672,0.2463989,0.23801166,0.0,0.26802224
0.24903052,0.23059934,0.2466518,0.0,0.27371833
0.2433466,0.24453598,0.24210392,0.0,0.27001348
0.24926376,0.24452409,0.23831251,0.0,0.26789963
0.24686594,0.24750306,0.23680532,0.0,0.26882565
0.24407919,0.24778232,0.23829141,0.0,0.2698471
0.24814005,0.22857876,0.24920516,0.0,0.274076
0.24321088,0.24482466,0.24117672,0.0,0.2707877
0.24722151,0.24275969,0.24000134,0.0,0.27001742
0.2471208,0.24527033,0.23944293,0.0,0.26816598
0.24756229,0.24308543,0.23931296,0.0,0.27003935
0.25091815,0.22471903,0.25235853,0.0,0.2720043
0.24399924,0.24096306,0.24598478,0.0,0.26905295
0.24591754,0.242949,0.2418313,0.0,0.2693022
0.24800667,0.24423377,0.23788449,0.0,0.26987505
0.24365056,0.2442728,0.24110834,0.0,0.27096835
0.2494154,0.22829022,0.24829872,0.0,0.27399564
0.24455379,0.2407626,0.24334493,0.0,0.27133867
0.2475058,0.241286,0.2414404,0.0,0.26976776
0.24464656,0.24348685,0.24097587,0.0,0.27089074
0.24662827,0.24708194,0.23831189,0.0,0.26797792
0.24852037,0.22719601,0.24972345,0.0,0.27456024
0.24467686,0.24077089,0.24450898,0.0,0.27004322
0.24780823,0.24123815,0.240301,0.0,0.27065256
0.24548467,0.24428484,0.24094774,0.0,0.2692828
0.24824153,0.24195072,0.23963866,0.0,0.27016914
0.2521439,0.22379647,0.25067502,0.0,0.27338463
0.24310705,0.24285576,0.24264453,0.0,0.27139267
0.24594052,0.2418663,0.24282028,0.0,0.2693729
0.24535507,0.2453301,0.23831907,0.0,0.27099574
0.24195656,0.24455193,0.23984416,0.0,0.2736473
0.24995409,0.22309947,0.2511933,0.0,0.2757531
0.24231923,0.24054027,0.24539399,0.0,0.27174646
0.2432246,0.2420252,0.24370906,0.0,0.27104115
0.24815148,0.23859903,0.24384117,0.0,0.26940838
0.24746329,0.24140894,0.24172164,0.0,0.26940608
0.24777755,0.22613208,0.24771386,0.0,0.2783765
0.2441196,0.23781516,0.24712524,0.0,0.27094
0.2478835,0.23790942,0.24477325,0.0,0.26943383
0.24569283,0.23973161,0.24234718,0.0,0.2722284
0.24542043,0.24383025,0.23826909,0.0,0.27248025
0.25060245,0.2221846,0.2509414,0.0,0.27627158
0.24040572,0.24004701,0.24510378,0.0,0.27444354
0.24286518,0.24092127,0.24365944,0.0,0.27255407
0.24581927,0.24107392,0.23987842,0.0,0.2732284
0.2475854,0.23960303,0.24059339,0.0,0.27221817
0.25340727,0.21947633,0.25070742,0.0,0.27640897
0.2421715,0.23999244,0.24574625,0.0,0.27208978
0.2438352,0.23977675,0.24604686,0.0,0.27034116
0.2476784,0.2366612,0.24576966,0.0,0.2698908
0.24516088,0.23936298,0.24371062,0.0,0.27176553
0.25084874,0.0,0.25459132,0.21756183,0.2769981
0.24446356,0.2353381,0.2485344,0.0,0.27166387
0.24412839,0.23517737,0.25062376,0.0,0.2700705
0.24481931,0.23677577,0.24791786,0.0,0.27048707
0.24545278,0.23793197,0.24535675,0.0,0.27125853
0.25125137,0.0,0.25207567,0.22288585,0.27378714
0.2437668,0.23401473,0.2504171,0.0,0.27180135
0.2452665,0.23842984,0.24531601,0.0,0.2709876
0.24468549,0.24071755,0.24452485,0.0,0.2700721
0.2469279,0.23599777,0.24564573,0.0,0.27142859
0.25181794,0.0,0.25483698,0.21774425,0.27560082
0.24330682,0.23498762,0.2506654,0.0,0.27104017
0.24496534,0.23640235,0.24717048,0.0,0.27146187
0.24402106,0.23701942,0.24734068,0.0,0.27161884
0.2436305,0.23812601,0.24545005,0.0,0.27279347
0.25209755,0.0,0.25567204,0.21764676,0.2745836
0.24395017,0.23431158,0.25003353,0.0,0.27170467
0.2441867,0.23553188,0.24700019,0.0,0.27328122
0.24818255,0.23520793,0.24461003,0.0,0.27199945
0.24504389,0.23930076,0.24316674,0.0,0.27248862
0.24868472,0.0,0.24972096,0.22297353,0.2786208
0.24322374,0.23463628,0.24801272,0.0,0.27412724
0.24656655,0.23263654,0.24904834,0.0,0.27174857
0.24667674,0.23263027,0.25007477,0.0,0.2706182
0.24618174,0.23547977,0.2457506,0.0,0.2725879
0.2518277,0.0,0.2532659,0.21761554,0.27729088
0.24404772,0.23018177,0.25427103,0.0,0.27149948
0.24598624,0.2315442,0.25068763,0.0,0.27178195
0.24976361,0.23147495,0.24778819,0.0,0.27097324
0.24750839,0.23251139,0.24861526,0.0,0.271365
0.25330746,0.0,0.25167057,0.22023077,0.27479115
0.24413192,0.22998606,0.25280544,0.0,0.27307653
0.24453846,0.2337933,0.24842523,0.0,0.27324304
0.24524298,0.23412035,0.24754672,0.0,0.27309
0.24480206,0.23399295,0.24776207,0.0,0.27344286
0.25331423,0.0,0.25447613,0.2157981,0.27641156
0.24308759,0.22701116,0.25902715,0.0,0.27087408
0.24572007,0.23110966,0.2519218,0.0,0.27124843
0.24495913,0.2350566,0.24755585,0.0,0.27242842
0.24810459,0.23286973,0.24884897,0.0,0.2701767
0.25180623,0.0,0.25287253,0.21893905,0.2763822
0.24575274,0.22881019,0.2543492,0.0,0.2710879
0.2428304,0.23361692,0.25084642,0.0,0.27270633
0.24723524,0.23060225,0.2491089,0.0,0.27305362
0.2457569,0.23247075,0.24951364,0.0,0.27225867
0.2540396,0.0,0.2518393,0.21930042,0.27482066
0.24683529,0.22920863,0.25090444,0.0,0.27305165
0.24791278,0.2284295,0.25105858,0.0,0.27259913
0.24543923,0.23267941,0.24835126,0.0,0.2735301
0.24543215,0.22998355,0.25025097,0.0,0.27433333
0.2552584,0.0,0.25159216,0.21563055,0.27751887
0.2422885,0.22872666,0.25322953,0.0,0.27575535
0.24481092,0.2298254,0.25281876,0.0,0.2725449
0.24791452,0.22869715,0.25132897,0.0,0.27205935
0.24384475,0.23138574,0.24897236,0.0,0.27579716
0.25404805,0.0,0.25158,0.21865612,0.2757158
0.24795662,0.22201946,0.25789303,0.0,0.27213088
0.24834146,0.22698046,0.25203314,0.0,0.2726449
0.24572757,0.23034556,0.24781312,0.0,0.27611375
0.24946211,0.2266613,0.25358295,0.0,0.27029365
0.2560313,0.0,0.25189805,0.21504444,0.27702624
0.24561164,0.22308736,0.25676283,0.0,0.27453813
0.24290806,0.22726429,0.2527279,0.0,0.27709976
0.24693926,0.22781841,0.25151214,0.0,0.27373022
0.24920322,0.22726731,0.25109872,0.0,0.27243072
0.2544714,0.0,0.2539924,0.21690018,0.274636
0.24644586,0.22652136,0.25359935,0.0,0.27343345
0.24457785,0.2289921,0.2539193,0.0,0.27251074
0.24712256,0.22745742,0.25225994,0.0,0.2731601
0.2481233,0.22678632,0.2517748,0.0,0.2733156
0.24496563,0.0,0.25726792,0.21525116,0.28251535
0.24128167,0.0,0.25940907,0.2240079,0.27530137
0.24182871,0.22664607,0.25528577,0.0,0.27623948
0.24338661,0.22602887,0.25508392,0.0,0.27550063
0.2450064,0.22516096,0.2562281,0.0,0.27360454
0.2516074,0.0,0.2553299,0.2158727,0.27719
0.2448196,0.0,0.25964332,0.22225042,0.27328667
0.24610089,0.22397354,0.25689605,0.0,0.27302957
0.24510771,0.22563201,0.25661364,0.0,0.27264664
0.24545717,0.22603403,0.25566465,0.0,0.2728442
0.25644094,0.0,0.25343162,0.21402845,0.276099
0.24247588,0.0,0.25996065,0.22403398,0.2735295
0.247067,0.22309984,0.25675008,0.0,0.2730831
0.2476411,0.22431803,0.25385273,0.0,0.27418816
0.24721703,0.22395904,0.2555885,0.0,0.27323538
0.25540617,0.0,0.2507311,0.21793355,0.27592915
0.24585642,0.0,0.25959888,0.21927798,0.27526668
0.24600634,0.22585128,0.25446293,0.0,0.27367944
0.24768788,0.22426544,0.25343692,0.0,0.27460974
0.24672128,0.22501138,0.25456956,0.0,0.27369776
0.25354046,0.0,0.25340748,0.2163674,0.27668464
0.24480559,0.0,0.26189598,0.22127591,0.27202255
0.24623546,0.22287965,0.25756648,0.0,0.27331838
0.24726014,0.22471967,0.25601044,0.0,0.2720097
0.24788521,0.22316134,0.25643107,0.0,0.27252233
0.25600836,0.0,0.25182545,0.2149959,0.2771703
0.24228229,0.0,0.260742,0.2207738,0.2762019
0.24446914,0.0,0.255716,0.22631396,0.2735009
0.24976708,0.21985362,0.25977933,0.0,0.27059996
0.24761799,0.22398718,0.25369656,0.0,0.27469826
0.25873348,0.0,0.2520621,0.21456437,0.27464002
0.24605875,0.0,0.2583521,0.22196652,0.27362263
0.24496962,0.0,0.2571962,0.22296138,0.2748728
0.24793802,0.22330472,0.25515023,0.0,0.27360705
0.24849357,0.22565006,0.25329506,0.0,0.27256128
0.25838825,0.0,0.25377953,0.21027617,0.27755603
0.24267451,0.0,0.25900838,0.22483383,0.2734833
0.24519117,0.0,0.25848958,0.22204706,0.27427214
0.24607831,0.0,0.25853005,0.22292742,0.2724642
0.24564719,0.22316252,0.25652885,0.0,0.27466148
0.25897792,0.0,0.25238776,0.21288364,0.27575067
0.24442826,0.0,0.26195902,0.22152166,0.27209106
0.24564606,0.0,0.26251984,0.21984537,0.2719887
0.24950194,0.0,0.25885692,0.21955854,0.27208257
0.24833325,0.0,0.2577769,0.22287591,0.27101398
0.26013786,0.0,0.25176963,0.21075349,0.27733898
0.24320866,0.0,0.25957352,0.22485662,0.2723612
0.2432208,0.0,0.26059055,0.22361057,0.2725781
0.24441415,0.0,0.25705576,0.2247973,0.27373278
0.2462422,0.0,0.2583154,0.22318164,0.27226076
0.25921312,0.0,0.25151783,0.2101676,0.27910146
0.24483891,0.0,0.25888464,0.22602391,0.27025253
0.24320951,0.0,0.2616756,0.22513174,0.2699832
0.24684729,0.0,0.26367226,0.21933089,0.27014956
0.24969283,0.0,0.25975722,0.21924694,0.27130303
0.26023376,0.0,0.25117907,0.2128006,0.2757865
0.24393155,0.0,0.26230845,0.22121845,0.27254155
0.24514985,0.0,0.26352176,0.21992087,0.2714075
0.24718712,0.0,0.2591412,0.22185053,0.27182114
0.2486135,0.0,0.25904596,0.22204368,0.27029678
0.25898078,0.0,0.25255492,0.21247727,0.27598703
0.24441598,0.0,0.26296934,0.2242393,0.2683754
0.24621265,0.0,0.26228648,0.22282492,0.26867595
0.24688062,0.0,0.26100248,0.22269468,0.2694222
0.24761644,0.0,0.2584092,0.22379689,0.27017742
0.26186195,0.0,0.25198144,0.2100988,0.27605784
0.24578214,0.0,0.26189196,0.22064681,0.27167907
0.24590492,0.0,0.26010212,0.22447112,0.26952183
0.24767487,0.0,0.25961965,0.22415528,0.26855022
0.24626195,0.0,0.25857565,0.22453831,0.2706241
0.26296708,0.0,0.25191694,0.20982894,0.275287
0.24714245,0.0,0.2617215,0.22122397,0.2699121
0.24415693,0.0,0.26455587,0.22379111,0.26749614
0.24973358,0.0,0.26410964,0.21912864,0.26702812
0.2494079,0.0,0.25929394,0.2206025,0.27069563
0.2649354,0.0,0.2535728,0.20684251,0.27464923
0.24672882,0.0,0.26409957,0.22276768,0.26640388
0.24512172,0.0,0.2616853,0.22276995,0.270423
0.24559738,0.0,0.25991002,0.22427207,0.27022055
0.24850255,0.0,0.2587572,0.22224839,0.2704918
0.26414695,0.0,0.25007138,0.20975457,0.27602708
0.24720673,0.0,0.2642474,0.2204806,0.26806524
0.24651393,0.0,0.26375768,0.22275327,0.2669752
0.2456708,0.0,0.26212773,0.22412287,0.2680786
0.25036523,0.0,0.26056,0.22135612,0.26771864
0.26250154,0.0,0.25147393,0.20944667,0.27657786
0.24607946,0.0,0.2639303,0.22297952,0.26701078
0.24713843,0.0,0.26244694,0.22353192,0.26688275
0.24861419,0.0,0.26163784,0.2239861,0.2657619
0.24807744,0.0,0.26180387,0.22346774,0.26665097
0.2652168,0.0,0.25176904,0.20871769,0.2742965
0.24576618,0.0,0.26415217,0.2240778,0.26600388
0.24735603,0.0,0.26305312,0.22522528,0.26436555
0.24876253,0.0,0.2634856,0.22091344,0.26683846
0.24987991,0.0,0.262981,0.22005121,0.26708788
0.26658806,0.0,0.25049746,0.21043324,0.27248123
0.24356331,0.0,0.26439264,0.22632654,0.26571754
0.24721684,0.0,0.26542553,0.22158529,0.26577234
0.24646328,0.0,0.26600602,0.22074847,0.26678222
0.25047687,0.0,0.26430008,0.2191475,0.26607555
0.2689217,0.0,0.25336668,0.2063045,0.2714071
0.24655603,0.0,0.26393852,0.22439358,0.2651119
0.24767184,0.0,0.2647258,0.2217816,0.26582074
0.24757802,0.0,0.26530096,0.22257726,0.26454377
0.24631786,0.0,0.2610033,0.22551958,0.26715928
0.26589468,0.0,0.25160947,0.20762739,0.2748685
0.24526118,0.0,0.26679575,0.2231569,0.26478615
0.24471407,0.0,0.26223326,0.22568402,0.26736864
0.24731033,0.0,0.2662867,0.22455537,0.2618476
0.25177547,0.0,0.26269916,0.22102539,0.2645
0.26875862,0.0,0.24821508,0.21044157,0.27258474
0.24669954,0.0,0.26828825,0.22151078,0.26350147
0.24855697,0.0,0.26691353,0.223339,0.2611905
0.24796048,0.0,0.263518,0.2238411,0.26468045
0.25086656,0.0,0.26187232,0.22294325,0.26431793
0.2698097,0.0,0.25190488,0.20764612,0.27063927
0.2478829,0.0,0.2666119,0.22183076,0.26367444
0.24526091,0.0,0.26631293,0.22456154,0.26386458
0.24858975,0.0,0.2668321,0.22329736,0.26128075
0.25056145,0.0,0.26625264,0.21889988,0.26428604
0.2702749,0.0,0.25094852,0.2051529,0.27362368
0.24556994,0.0,0.2640018,0.22528486,0.26514342
0.24620123,0.0,0.2645281,0.22136216,0.26790845
0.25069273,0.0,0.2674663,0.21852726,0.2633137
0.25002235,0.0,0.2639491,0.2207237,0.2653048
0.27221465,0.0,0.24918237,0.20682496,0.271778
0.24522619,0.0,0.26644734,0.2253884,0.26293808
0.24966788,0.0,0.2673932,0.21994723,0.26299167
0.24839298,0.0,0.26714298,0.2212569,0.26320714
0.25120124,0.0,0.26743123,0.218725,0.26264256
0.27155796,0.0,0.24631955,0.2071739,0.2749486
0.24803121,0.0,0.26771072,0.22075509,0.26350296
0.24863066,0.0,0.26708445,0.22177574,0.26250914
0.24996802,0.0,0.26680705,0.22192883,0.26129612
0.2511861,0.0,0.26502153,0.22032328,0.2634691
0.27286497,0.0,0.24755245,0.20798829,0.2715943
0.2475339,0.0,0.26804653,0.22209187,0.26232773
0.2486859,0.0,0.26556006,0.2238725,0.26188156
0.24785928,0.0,0.26633468,0.22478114,0.2610249
0.25228155,0.0,0.26572227,0.22141433,0.26058188
0.27466494,0.0,0.24683042,0.20839857,0.27010605
0.2462533,0.0,0.26843008,0.22367007,0.26164657
0.24752875,0.0,0.26891866,0.224721,0.25883162
0.24910565,0.0,0.26694283,0.22461607,0.25933546
0.25072116,0.0,0.2652735,0.22008236,0.263923
0.27582082,0.0,0.24629611,0.20763892,0.27024415
0.24629636,0.0,0.26903126,0.22423562,0.26043668
0.24905519,0.0,0.2665204,0.22356181,0.26086256
0.25055832,0.0,0.26518074,0.22451706,0.2597439
0.24973509,0.0,0.267127,0.22391507,0.25922284
0.27584705,0.0,0.24839975,0.20477326,0.27097994
0.24800375,0.0,0.26909843,0.22501317,0.25788465
0.25080997,0.0,0.27020437,0.22073218,0.25825348
0.25190154,0.0,0.2695912,0.21999872,0.25850853
0.25280693,0.0,0.27105975,0.21882434,0.25730893
0.2788955,0.0,0.24647851,0.20573932,0.2688866
0.24745153,0.0,0.27029634,0.22235234,0.2598998
0.25126177,0.0,0.27021652,0.22000733,0.25851434
0.25214916,0.0,0.2683765,0.22163811,0.25783622
0.25502053,0.0,0.26927432,0.21916024,0.2565449
0.27740937,0.0,0.24569546,0.20750354,0.26939163
0.25034004,0.0,0.27079982,0.22121455,0.25764558
0.2476249,0.0,0.27257633,0.22144379,0.25835496
0.24979195,0.0,0.2696767,0.22219819,0.25833318
0.25373387,0.0,0.27105632,0.21969576,0.25551403
0.2781808,0.0,0.24630606,0.2063502,0.26916286
0.2492375,0.0,0.2722632,0.22266619,0.25583312
0.24961996,0.0,0.27178615,0.22245753,0.25613636
0.25214335,0.0,0.26887512,0.22280273,0.2561788
0.25171757,0.0,0.2730528,0.22107293,0.2541567
0.28098547,0.0,0.2472306,0.20386885,0.26791507
0.22928153,0.2761549,0.24788667,0.24667694,0.0
0.23317963,0.28102002,0.23859067,0.24720965,0.0
0.24293976,0.2800563,0.23336,0.24364394,0.0
0.24969621,0.27838776,0.2342321,0.23768398,0.0
0.25032339,0.2818733,0.2283173,0.23948607,0.0
0.24155577,0.27343756,0.24362819,0.24137846,0.0
0.24727945,0.27983487,0.23182523,0.24106047,0.0
0.24908312,0.2802058,0.23158267,0.23912846,0.0
0.25200847,0.27940723,0.22962286,0.23896143,0.0
0.25422776,0.28048018,0.2275386,0.23775348,0.0
0.24372858,0.2755808,0.24075437,0.23993625,0.0
0.24902782,0.2803216,0.23094659,0.23970401,0.0
0.2517153,0.28041306,0.22677566,0.24109599,0.0
0.25592113,0.28013813,0.22774498,0.23619579,0.0
0.25579923,0.27798086,0.23038343,0.23583648,0.0
0.24834873,0.27375704,0.2385994,0.23929483,0.0
0.2482055,0.2791224,0.23134919,0.24132289,0.0
0.25159788,0.2794561,0.2283546,0.24059142,0.0
0.25882456,0.27527326,0.23147744,0.23442477,0.0
0.2569388,0.27825078,0.2254696,0.2393408,0.0
0.24968994,0.27149352,0.23815545,0.24066111,0.0
0.25034082,0.27502438,0.2350775,0.2395573,0.0
0.2550742,0.27491078,0.23100914,0.23900591,0.0
0.2547733,0.2781315,0.22513537,0.24195985,0.0
0.2553371,0.27670148,0.22693846,0.24102296,0.0
0.249409,0.2675602,0.24278769,0.24024306,0.0
0.25056523,0.27523717,0.2285233,0.2456743,0.0
0.2525197,0.27648818,0.2281561,0.24283601,0.0
0.2561886,0.27259088,0.23043723,0.24078324,0.0
0.25292733,0.2787165,0.22340505,0.24495114,0.0
0.2458463,0.26957577,0.23922294,0.24535501,0.0
0.2500954,0.2763349,0.22687276,0.24669693,0.0
0.2527567,0.27542087,0.23101123,0.24081126,0.0
0.2530892,0.2753525,0.2311487,0.24040964,0.0
0.2550209,0.27276903,0.23150532,0.2407047,0.0
0.24318473,0.2704608,0.24008684,0.2462676,0.0
0.24737999,0.2722061,0.23693554,0.24347834,0.0
0.24894814,0.27355018,0.23286954,0.24463218,0.0
0.24904124,0.2778994,0.22636297,0.24669643,0.0
0.25517896,0.2731503,0.23167278,0.23999795,0.0
0.24484865,0.26529077,0.24416746,0.24569312,0.0
0.24753031,0.2705104,0.23420551,0.24775381,0.0
0.24930549,0.27167612,0.23470445,0.24431397,0.0
0.25541633,0.26976562,0.23634012,0.23847795,0.0
0.25130606,0.27247894,0.23101835,0.24519666,0.0
0.24474917,0.26340216,0.24356577,0.24828291,0.0
0.245167,0.27006996,0.23755626,0.24720679,0.0
0.24448183,0.27200407,0.23386921,0.24964489,0.0
0.2512244,0.2713549,0.23262155,0.24479915,0.0
0.25126666,0.27234113,0.23337407,0.24301814,0.0
0.24350242,0.26195475,0.24714749,0.24739534,0.0
0.24409027,0.26840106,0.23651992,0.25098872,0.0
0.24754941,0.2691369,0.23889,0.24442369,0.0
0.2484911,0.2699809,0.23796096,0.24356708,0.0
0.2490697,0.2691308,0.23622596,0.24557352,0.0
0.24363132,0.26070657,0.24906872,0.2465934,0.0
0.24252589,0.26730183,0.23862106,0.2515512,0.0
0.24707304,0.26909843,0.23570453,0.24812399,0.0
0.2506913,0.26889664,0.23634264,0.24406941,0.0
0.25469732,0.2686978,0.23415434,0.24245058,0.0
0.24146327,0.26234818,0.24623835,0.24995019,0.0
0.24391398,0.26539966,0.2414743,0.24921207,0.0
0.24426562,0.2670831,0.24005862,0.24859267,0.0
0.25038144,0.26711616,0.23674984,0.24575254,0.0
0.24905641,0.26879764,0.2340522,0.24809377,0.0
0.24102788,0.25995165,0.2515161,0.24750441,0.0
0.24329334,0.26662704,0.23922992,0.25084966,0.0
0.24530724,0.2704445,0.23537119,0.24887706,0.0
0.24934362,0.26941034,0.23643339,0.24481268,0.0
0.2496528,0.27233782,0.23151857,0.24649079,0.0
0.23922662,0.26203108,0.24903467,0.24970767,0.0
0.24344057,0.2658127,0.23959401,0.25115278,0.0
0.24619254,0.26934987,0.23476864,0.24968895,0.0
0.24632981,0.26864868,0.23910028,0.24592125,0.0
0.2480931,0.2691079,0.23356864,0.24923037,0.0
0.23729558,0.26237404,0.24699536,0.25333506,0.0
0.24199556,0.26683128,0.2397004,0.25147274,0.0
0.24791521,0.26968917,0.23364682,0.2487488,0.0
0.25451937,0.26936358,0.23113519,0.24498183,0.0
0.25577006,0.26961505,0.22986221,0.24475269,0.0
0.24857636,0.25945017,0.24770112,0.2442723,0.0
0.24551837,0.26542097,0.23990667,0.24915394,0.0
0.24735573,0.2695765,0.23126066,0.25180715,0.0
0.2511561,0.26979297,0.22982748,0.24922344,0.0
0.25280204,0.27150047,0.0,0.24834692,0.22735058
0.24836363,0.26280326,0.24087189,0.2479612,0.0
0.24796993,0.26635385,0.23728152,0.24839471,0.0
0.24717985,0.27075496,0.23058872,0.25147647,0.0
0.25409204,0.2673486,0.23094201,0.24761736,0.0
0.25195542,0.2721368,0.22524777,0.25066,0.0
0.24608226,0.26046878,0.24108276,0.25236624,0.0
0.24390893,0.26809508,0.23308913,0.25490686,0.0
0.25152922,0.2702906,0.22861806,0.24956211,0.0
0.25355062,0.26986253,0.22772314,0.24886365,0.0
0.25247556,0.27193677,0.0,0.2509555,0.22463219
0.24693535,0.26222476,0.24108306,0.24975683,0.0
0.24263851,0.26778534,0.2354776,0.25409853,0.0
0.2533287,0.2700738,0.0,0.24859162,0.22800587
0.25507393,0.27066514,0.0,0.24877633,0.2254846
0.25225222,0.27235028,0.0,0.24961953,0.225778
0.25082588,0.26116756,0.23863304,0.24937354,0.0
0.24839874,0.26669574,0.2352072,0.24969834,0.0
0.25152105,0.2702004,0.0,0.24920723,0.22907135
0.24962229,0.27160317,0.0,0.2507169,0.22805761
0.25276685,0.271806,0.0,0.24886249,0.22656465
0.25157982,0.2603899,0.2400446,0.24798568,0.0
0.25073007,0.2679309,0.23103921,0.2502998,0.0
0.2505908,0.2700126,0.0,0.25210467,0.22729194
0.25290096,0.27002355,0.0,0.24893512,0.2281404
0.25581893,0.2714079,0.0,0.24478185,0.22799128
0.2508855,0.26084396,0.23965167,0.2486189,0.0
0.25207767,0.2685647,0.22779606,0.25156155,0.0
0.25323573,0.2683168,0.0,0.24838664,0.23006082
0.25138056,0.27074605,0.0,0.24916314,0.22871026
0.2574739,0.26946363,0.0,0.24607043,0.22699198
0.25488386,0.2563242,0.24329053,0.24550146,0.0
0.25086686,0.2673279,0.23119934,0.25060588,0.0
0.2551744,0.26666516,0.0,0.24885859,0.22930187
0.2536432,0.2688582,0.0,0.24874431,0.2287543
0.25702506,0.2690478,0.0,0.24434003,0.22958711
0.25555065,0.2588744,0.23921394,0.24636099,0.0
0.25235108,0.26680496,0.0,0.25099328,0.22985063
0.25760424,0.26514232,0.0,0.24898103,0.22827242
0.2526487,0.2688048,0.0,0.24737123,0.23117526
0.25171122,0.2704804,0.0,0.24817945,0.22962895
0.25361833,0.2575607,0.23984608,0.2489749,0.0
0.25079393,0.26561463,0.23090166,0.25268984,0.0
0.25542775,0.26513228,0.0,0.24928282,0.23015712
0.24943507,0.26808387,0.0,0.25137264,0.23110846
0.25248396,0.26694593,0.0,0.24868421,0.23188588
0.25518602,0.25474626,0.24308798,0.24697974,0.0
0.24800579,0.26549527,0.0,0.25409085,0.23240805
0.24721202,0.2662332,0.0,0.25301468,0.23354007
0.25034723,0.26639438,0.0,0.25226513,0.23099327
0.24922465,0.2679689,0.0,0.2504835,0.23232298
0.2560694,0.2543907,0.2402903,0.24924964,0.0
0.24837442,0.26548845,0.0,0.25513506,0.23100203
0.25255662,0.26302844,0.0,0.2522148,0.23220015
0.25014737,0.26462483,0.0,0.25384963,0.23137817
0.25109407,0.26497912,0.0,0.2505184,0.2334084
0.25315544,0.25435638,0.23905589,0.25343227,0.0
0.246554,0.26442447,0.0,0.25631082,0.2327107
0.25241715,0.26249835,0.0,0.25062418,0.23446034
0.24626684,0.26719862,0.0,0.25210315,0.23443137
0.24819434,0.26651496,0.0,0.24997008,0.23532063
0.258609,0.2466183,0.24607418,0.24869849,0.0
0.24785581,0.2613838,0.0,0.25377214,0.23698822
0.2471202,0.26226938,0.0,0.2535959,0.23701453
0.24303564,0.26455146,0.0,0.25488752,0.23752542
0.24228552,0.26453367,0.0,0.25429055,0.23889028
0.25538477,0.24811767,0.24331501,0.25318256,0.0
0.24286906,0.26140645,0.0,0.2565766,0.23914792
0.24318404,0.26043284,0.0,0.25586247,0.24052067
0.23910421,0.26411378,0.0,0.25643197,0.24035005
0.24000907,0.26332158,0.0,0.25479186,0.24187747
0.25608966,0.24498484,0.0,0.25337338,0.24555211
0.23618829,0.26064658,0.0,0.2597779,0.2433872
0.2381784,0.261071,0.0,0.2591859,0.24156465
0.23729452,0.2636128,0.0,0.25814614,0.24094649
0.23549898,0.26502973,0.0,0.25642595,0.24304539
0.25486502,0.0,0.24252854,0.25284573,0.24976067
0.2380501,0.255421,0.0,0.26070789,0.24582098
0.2322943,0.2601445,0.0,0.26361334,0.24394785
0.23370989,0.26234257,0.0,0.25879064,0.24515688
0.23192309,0.2662548,0.0,0.2590301,0.24279201
0.2506464,0.0,0.24191165,0.2546629,0.25277904
0.23011896,0.25422993,0.0,0.26713514,0.24851595
0.2267843,0.26099432,0.0,0.2669474,0.24527399
0.22741577,0.263297,0.0,0.2627778,0.2465094
0.22382946,0.26743078,0.0,0.26401293,0.24472684
0.24313343,0.0,0.2409352,0.2552847,0.26064664
0.0,0.25252008,0.22971907,0.2690168,0.24874406
0.22562999,0.25988632,0.0,0.26418746,0.25029626
0.22164004,0.2650364,0.0,0.26502833,0.24829523
0.22385049,0.26604614,0.0,0.26428768,0.24581568
0.2452416,0.0,0.24263932,0.2534138,0.25870532
0.0,0.2507023,0.23022631,0.2690664,0.25000498
0.22276604,0.26289025,0.0,0.26673713,0.24760656
0.2232797,0.26641694,0.0,0.2607547,0.24954866
0.22523707,0.26622027,0.0,0.2577852,0.2507575
0.24123748,0.0,0.2443967,0.24935584,0.26501
0.0,0.25248775,0.2297103,0.26880318,0.2489988
0.0,0.26192674,0.22650722,0.26176903,0.249797
0.0,0.26980022,0.22276112,0.25911236,0.24832629
0.0,0.2712822,0.22191018,0.25839615,0.24841148
0.2390838,0.0,0.24553153,0.25142986,0.26395482
0.0,0.2511112,0.23470625,0.2643881,0.24979445
0.0,0.26285648,0.22555792,0.26331598,0.24826959
0.0,0.26726043,0.22213277,0.26291746,0.24768934
0.0,0.26857987,0.22287437,0.26056594,0.24797983
0.24070042,0.0,0.24554469,0.2500114,0.26374343
0.0,0.24987952,0.23751576,0.26575494,0.24684975
0.0,0.2626602,0.22986363,0.26188597,0.24559024
0.0,0.26641846,0.22866522,0.25874466,0.24617168
0.0,0.2683217,0.22801915,0.2590844,0.24457479
0.24179138,0.0,0.25152907,0.24522999,0.26144955
0.0,0.2473637,0.23867884,0.2668289,0.24712862
0.0,0.25496468,0.23771888,0.2622864,0.24503003
0.0,0.26547995,0.23419747,0.25750533,0.24281728
0.0,0.26746297,0.23147398,0.25715122,0.24391185
0.23989736,0.0,0.2502565,0.24781497,0.2620312
0.0,0.24378578,0.24261597,0.26992962,0.24366859
0.0,0.25239885,0.24316414,0.26089767,0.24353936
0.0,0.2631244,0.23828149,0.2571399,0.2414542
0.0,0.26498768,0.23736691,0.2554228,0.24222262
0.23437887,0.0,0.2510421,0.2517309,0.26284817
0.0,0.2434665,0.24858716,0.26596558,0.24198073
0.0,0.25546575,0.24750596,0.25709543,0.23993285
0.0,0.26234302,0.24606234,0.25240532,0.2391893
0.0,0.2658415,0.24412926,0.25031355,0.23971567
0.23713279,0.0,0.25267303,0.24802671,0.26216742
0.0,0.25443566,0.2734008,0.2470734,0.22509013
0.0,0.25956625,0.26473403,0.24827169,0.22742806
0.22703971,0.26355278,0.26528576,0.24412176,0.0
0.0,0.2566705,0.26861846,0.24589427,0.22881675
0.23076253,0.2577779,0.26871583,0.24274376,0.0
0.2289041,0.25372323,0.26847962,0.24889305,0.0
0.0,0.25540903,0.2690803,0.24647522,0.2290354
0.0,0.26159683,0.25443316,0.25661683,0.22735319
0.0,0.25721243,0.26959223,0.24132791,0.23186745
0.0,0.254006,0.266636,0.24489203,0.234466
0.2298953,0.24670817,0.27650663,0.2468899,0.0
0.23074155,0.25408322,0.26923978,0.24593544,0.0
0.0,0.25552535,0.2624562,0.247496,0.23452246
0.23403396,0.26068163,0.26397467,0.2413097,0.0
0.0,0.25658172,0.26269814,0.24709594,0.23362419
0.23047996,0.24694166,0.27406526,0.24851313,0.0
0.0,0.25797045,0.2677977,0.24315068,0.23108113
0.0,0.2539191,0.2652857,0.24778593,0.2330093
0.23332705,0.25344187,0.2684395,0.2447916,0.0
0.23133482,0.25459167,0.26876014,0.2453134,0.0
0.22875349,0.2477849,0.27348778,0.2499738,0.0
0.22927676,0.25235313,0.2669001,0.25147,0.0
0.23650791,0.2514935,0.27059162,0.24140692,0.0
0.0,0.2513049,0.26967454,0.240922,0.2380986
0.23314564,0.25292146,0.26745886,0.24647403,0.0
0.23008418,0.24723685,0.2731404,0.24953853,0.0
0.0,0.25407436,0.2605555,0.2513601,0.23401004
0.23566675,0.2552765,0.27195102,0.23710567,0.0
0.0,0.2568511,0.26150927,0.24703306,0.23460653
0.23352206,0.25215158,0.26836285,0.24596353,0.0
0.0,0.25448897,0.26857942,0.24811979,0.2288118
0.23168214,0.24773984,0.27809027,0.24248774,0.0
0.0,0.25537625,0.2638048,0.24771847,0.23310052
0.23218948,0.25237873,0.26823133,0.24720043,0.0
0.0,0.25096992,0.26738855,0.24587406,0.23576747
0.23410992,0.24299937,0.27402902,0.24886173,0.0
0.2309627,0.25016427,0.27151787,0.24735516,0.0
0.23930043,0.24559096,0.27423093,0.0,0.2408777
0.0,0.24931166,0.27130097,0.24441956,0.23496781
0.23809303,0.24619302,0.27434877,0.24136521,0.0
0.23809128,0.24638851,0.27478567,0.24073456,0.0
0.0,0.24509151,0.26976928,0.24939287,0.23574637
0.23560984,0.25431213,0.27259478,0.23748326,0.0
0.0,0.24818733,0.26953107,0.2435325,0.23874912
0.0,0.25058553,0.2685455,0.2420828,0.2387862
0.23614484,0.24821323,0.27087536,0.2447665,0.0
0.0,0.24667798,0.27238038,0.24691729,0.23402433
0.0,0.25139263,0.266209,0.24572313,0.23667522
0.23680344,0.24801011,0.27221552,0.24297097,0.0
0.0,0.24785373,0.27259374,0.241928,0.23762451
0.23144642,0.24604215,0.27385983,0.2486516,0.0
0.23353843,0.24982557,0.27083933,0.24579664,0.0
0.0,0.24772249,0.27173978,0.23919497,0.24134272
0.0,0.24835895,0.26946348,0.24610108,0.23607653
0.23751411,0.24673292,0.27426895,0.24148399,0.0
0.23946568,0.24189155,0.2779714,0.2406714,0.0
0.0,0.24407047,0.26505578,0.25503963,0.23583415
0.23894045,0.2459297,0.27490836,0.2402215,0.0
0.0,0.2468045,0.27098647,0.24380213,0.23840688
0.23721333,0.24854861,0.26944122,0.24479684,0.0
0.23448254,0.24770981,0.27255628,0.24525137,0.0
0.0,0.24535592,0.2721251,0.24678591,0.2357331
0.0,0.25403747,0.26501334,0.24534814,0.23560107
0.0,0.24856651,0.2691512,0.24325213,0.23903011
0.24007489,0.24936607,0.2697917,0.24076734,0.0
0.2333076,0.2468751,0.2716086,0.2482087,0.0
0.23361515,0.24914208,0.2760281,0.2412147,0.0
0.23587595,0.24753614,0.27025643,0.24633153,0.0
0.0,0.24547577,0.27574483,0.2428408,0.23593855
0.0,0.24858585,0.26461032,0.25078145,0.23602238
0.24275745,0.2394809,0.27755696,0.24020468,0.0
0.0,0.2446341,0.2727931,0.2441137,0.23845911
0.0,0.2478007,0.26960066,0.2457863,0.23681235
0.0,0.24795596,0.26822114,0.2463401,0.23748283
0.0,0.24709728,0.26837617,0.24538529,0.23914126
0.23627491,0.24101193,0.27736163,0.24535157,0.0
0.0,0.24683098,0.26916957,0.24654612,0.23745331
0.26602885,0.2727956,0.0,0.22698702,0.2341886
0.24208559,0.25233623,0.26879996,0.0,0.23677823
0.0,0.24884744,0.27072197,0.24109837,0.23933221
0.23549919,0.23984915,0.27623317,0.24841844,0.0
0.0,0.24621508,0.27223256,0.24351272,0.23803969
0.0,0.24547759,0.2724408,0.24227682,0.2398048
0.0,0.24669857,0.27027544,0.24394672,0.23907925
0.0,0.24727061,0.2670562,0.2486421,0.23703107
0.24337085,0.23831467,0.2768561,0.0,0.24145842
0.0,0.24463488,0.27180204,0.2464941,0.23706903
0.2365419,0.24451683,0.27296162,0.24597962,0.0
0.24031793,0.24253412,0.26901975,0.0,0.24812818
0.0,0.24322285,0.2746713,0.2394324,0.2426735
0.23445047,0.2408512,0.2734628,0.25123557,0.0
0.0,0.24225138,0.27569795,0.2422702,0.23978044
0.0,0.24523091,0.26440632,0.24676748,0.24359529
0.23881015,0.24982803,0.27416414,0.0,0.23719767
0.24023163,0.24483143,0.27364913,0.0,0.2412878
0.23210616,0.23659767,0.28034493,0.2509512,0.0
0.0,0.24486138,0.2718249,0.24439125,0.23892246
0.0,0.24794768,0.26598194,0.246294,0.2397764
0.0,0.24681911,0.26814258,0.24277502,0.2422633
0.0,0.24160738,0.2709399,0.25332373,0.23412894
0.23436405,0.24169417,0.27136907,0.25257272,0.0
0.0,0.24390702,0.27255103,0.24497247,0.23856948
0.0,0.24482778,0.26920822,0.2513038,0.23466018
0.24185142,0.23986395,0.2734618,0.0,0.24482286
0.0,0.24261923,0.27230793,0.2430152,0.24205762
0.2387919,0.23894365,0.2751822,0.24708223,0.0
0.0,0.2427254,0.27279055,0.2436311,0.24085298
0.0,0.24464485,0.26460737,0.24958152,0.24116626
0.0,0.24972148,0.27385092,0.23720558,0.23922198
0.0,0.24628255,0.2725744,0.24335606,0.23778695
0.23730771,0.23949067,0.27438718,0.2488144,0.0
0.0,0.24851401,0.27016258,0.24135531,0.23996809
0.0,0.24817683,0.2655045,0.24546205,0.24085659
0.0,0.24479906,0.26832104,0.24209099,0.24478894
0.0,0.2451442,0.26315373,0.25191218,0.23978992
0.0,0.23915589,0.27358326,0.25129554,0.23596533
0.0,0.24459535,0.267436,0.24677947,0.24118918
0.0,0.24447587,0.26519436,0.2500274,0.24030244
0.24513161,0.23775142,0.27783126,0.0,0.2392857
0.24029173,0.24269605,0.27238435,0.0,0.24462791
0.239345,0.23886837,0.27429378,0.2474929,0.0
0.24085127,0.23787564,0.27650648,0.0,0.24476662
0.0,0.24503835,0.26570207,0.24715012,0.24210946
0.24009639,0.24639304,0.27378166,0.23972896,0.0
0.0,0.24332754,0.26936638,0.24621612,0.24108998
0.0,0.23742586,0.27217782,0.25117013,0.23922618
0.0,0.24811691,0.27183747,0.2425407,0.23750488
0.0,0.24502195,0.26897407,0.24631941,0.23968455
0.0,0.24254026,0.2715017,0.24122716,0.2447309
0.24537177,0.0,0.2732271,0.24074927,0.24065185
0.23790514,0.2407104,0.2712118,0.25017264,0.0
0.0,0.24333693,0.26783195,0.24721888,0.24161221
0.0,0.24249662,0.26751894,0.24916431,0.2408201
0.24221161,0.23942542,0.28076646,0.2375965,0.0
0.0,0.24458557,0.26978028,0.24326585,0.24236833
0.2367123,0.23693202,0.27805546,0.24830021,0.0
0.0,0.2437621,0.27426884,0.24241756,0.23955151
0.0,0.24192767,0.2701874,0.24174173,0.24614322
0.0,0.24235193,0.26903453,0.24633835,0.24227515
0.0,0.24195242,0.27161714,0.24482355,0.2416069
0.24418716,0.0,0.27128515,0.24105453,0.24347311
0.0,0.23027329,0.28396598,0.24880077,0.23695992
0.0,0.24780533,0.26733458,0.24189223,0.24296783
0.0,0.24161062,0.27282926,0.24172898,0.24383117
0.0,0.24196512,0.27209073,0.24306966,0.24287449
0.24187665,0.23933713,0.27586803,0.24291818,0.0
0.0,0.24191119,0.269125,0.24655041,0.24241337
0.0,0.24145938,0.2730129,0.2427946,0.24273312
0.0,0.24247454,0.26891014,0.24432312,0.2442922
0.0,0.24206935,0.26955885,0.24458228,0.24378952
0.2404431,0.0,0.27790332,0.24614865,0.23550494
0.0,0.2412247,0.26866534,0.2510736,0.23903635
0.24555641,0.23348026,0.27390411,0.0,0.24705917
0.0,0.2429446,0.2671977,0.24708028,0.24277738
0.0,0.24054362,0.2723539,0.24436939,0.24273314
0.24153765,0.2333759,0.27368206,0.2514044,0.0
0.0,0.23851666,0.27040222,0.245963,0.24511811
0.0,0.24094908,0.26797172,0.24822016,0.24285904
0.0,0.24187973,0.26797304,0.24374701,0.24640027
0.24270706,0.0,0.2727504,0.24112059,0.24342196
0.24223506,0.23908101,0.2745803,0.24410361,0.0
0.0,0.24115735,0.27300966,0.24104488,0.24478815
0.0,0.24060676,0.26866582,0.24540606,0.2453213
0.0,0.24141738,0.26873797,0.24362932,0.24621534
0.23997219,0.0,0.27149153,0.24394827,0.24458806
0.23957527,0.23988706,0.27543685,0.2451008,0.0
0.0,0.24059233,0.2724411,0.24336913,0.2435974
0.23834825,0.0,0.27416083,0.24529295,0.24219799
0.0,0.24175008,0.26608837,0.24669512,0.24546641
0.0,0.24783394,0.2683758,0.24091299,0.24287727
0.0,0.23606227,0.2735871,0.2507979,0.23955274
0.0,0.24049406,0.26706493,0.2508452,0.2415958
0.24315545,0.0,0.27568257,0.23923293,0.24192908
0.23745117,0.0,0.27813476,0.2397354,0.2446787
0.23934634,0.0,0.27355066,0.24105759,0.24604547
0.23849481,0.0,0.27744788,0.24591771,0.23813961
0.0,0.23834865,0.271793,0.24620329,0.24365509
0.0,0.2395036,0.26989502,0.24684198,0.24375935
0.0,0.23980822,0.2674912,0.2470906,0.24561
0.24067625,0.0,0.27198458,0.24035367,0.24698548
0.23692867,0.0,0.27599034,0.2491542,0.23792686
0.23758411,0.0,0.2740304,0.24412757,0.24425793
0.0,0.2389603,0.27191034,0.24549414,0.24363519
0.0,0.23889719,0.2710477,0.24548507,0.24457006
0.23975955,0.0,0.27251443,0.24388266,0.24384335
0.23662348,0.0,0.27649254,0.24942139,0.23746257
0.0,0.23854207,0.2675063,0.24644099,0.24751061
0.0,0.2384971,0.2719423,0.24471365,0.24484698
0.24082503,0.0,0.27780822,0.23643258,0.24493414
0.23707832,0.0,0.2776018,0.23899853,0.24632135
0.23517917,0.0,0.27606022,0.24818563,0.24057497
0.0,0.23716609,0.27299443,0.24316455,0.24667487
0.0,0.23862396,0.26968452,0.24610516,0.24558634
0.0,0.2383947,0.27231297,0.24210624,0.2471861
0.23897332,0.0,0.27156842,0.24133544,0.24812284
0.23953979,0.0,0.273055,0.25190678,0.23549844
0.24102029,0.0,0.2731396,0.24183516,0.2440049
0.24142338,0.0,0.26929244,0.24302694,0.24625725
0.24038441,0.0,0.26925766,0.24152759,0.24883036
0.24366577,0.0,0.26770324,0.24212916,0.24650183
0.23955812,0.0,0.27500388,0.24826919,0.2371688
0.0,0.23829864,0.2715238,0.24419922,0.24597834
0.0,0.23741795,0.27078015,0.24641304,0.24538887
0.23900546,0.0,0.27173322,0.24095848,0.24830288
0.2400311,0.0,0.27087635,0.24417938,0.24491313
0.2354449,0.0,0.27415267,0.25034952,0.24005297
0.2351762,0.0,0.2783865,0.24222498,0.2442123
0.23678626,0.0,0.27123004,0.24495171,0.24703194
0.0,0.2384484,0.2693967,0.24379876,0.24835613
0.24027254,0.0,0.2745591,0.23893471,0.24623366
0.24286705,0.0,0.27688086,0.24310955,0.23714255
0.24090016,0.0,0.26759526,0.24316767,0.2483369
0.23730162,0.0,0.27114752,0.24076907,0.25078174
0.24054329,0.0,0.26789302,0.2440909,0.24747276
0.23990947,0.0,0.27350277,0.24042696,0.24616076
0.24014966,0.0,0.27115196,0.24904253,0.23965587
0.0,0.2356928,0.27173498,0.2465527,0.24601954
0.0,0.23709336,0.2681548,0.24658407,0.24816777
0.24131541,0.0,0.2721812,0.24091709,0.24558626
0.23745123,0.0,0.2708658,0.243979,0.24770397
0.23953111,0.0,0.27321815,0.24983025,0.23742048
0.0,0.23817617,0.2674835,0.2456139,0.24872647
0.0,0.23776755,0.27067924,0.24256757,0.24898571
0.23857248,0.0,0.26922444,0.2439264,0.24827667
0.24173109,0.0,0.27115133,0.24058633,0.24653126
0.23764846,0.0,0.27697745,0.24719322,0.23818083
0.23519483,0.0,0.27694646,0.24184558,0.2460131
0.2375981,0.0,0.27279618,0.2429158,0.24668998
0.24015152,0.0,0.26939625,0.24221346,0.24823876
0.2419086,0.0,0.27142358,0.24026556,0.24640223
0.24661967,0.0,0.27498725,0.24018064,0.23821242
0.237313,0.0,0.2738799,0.24134295,0.24746418
0.24036404,0.0,0.27526096,0.23906653,0.24530852
0.23972338,0.0,0.26904926,0.2407925,0.25043488
0.0,0.23626652,0.26796404,0.24503131,0.25073808
0.2391428,0.0,0.27185518,0.24900915,0.23999289
0.23823564,0.0,0.27128032,0.24317187,0.2473122
0.23986174,0.0,0.27240682,0.24075373,0.2469777
0.23998496,0.0,0.26951393,0.24070843,0.24979267
0.24200115,0.0,0.2688567,0.23937401,0.24976817
0.23965554,0.0,0.2731446,0.24610607,0.24109378
0.0,0.23757228,0.26822782,0.24670245,0.24749744
0.24341476,0.0,0.2723723,0.23821533,0.24599761
0.2413985,0.0,0.27517286,0.23749366,0.24593493
0.2396088,0.0,0.27044412,0.2403958,0.24955131
0.2404857,0.0,0.2742983,0.24753009,0.23768593
0.2345306,0.0,0.27157897,0.24666749,0.24722297
0.23831782,0.0,0.26780245,0.2447478,0.24913192
0.2398024,0.0,0.26724276,0.24418648,0.24876833
0.23980181,0.0,0.27025938,0.24076833,0.24917045
0.23644985,0.0,0.27146992,0.2498303,0.24224992
0.23866645,0.0,0.26980442,0.24164186,0.24988721
0.24423522,0.0,0.27137616,0.23692216,0.24746646
0.23909615,0.0,0.27047065,0.24232025,0.24811293
0.2435334,0.0,0.27082205,0.2387346,0.24691
0.24226503,0.0,0.2766487,0.24165665,0.23942965
0.2354553,0.0,0.27191773,0.24404027,0.24858664
0.23562823,0.0,0.26839584,0.24569638,0.25027958
0.24091204,0.0,0.2716065,0.23907432,0.24840711
0.24163486,0.0,0.27241397,0.23877811,0.24717309
0.24307397,0.0,0.27262282,0.24673335,0.23756987
0.23955694,0.0,0.27349094,0.24283141,0.24412072
0.24424076,0.0,0.2679945,0.23798388,0.24978088
0.2398833,0.0,0.2731624,0.23729952,0.24965481
0.23860136,0.0,0.2713298,0.23976126,0.25030762
0.24007982,0.0,0.27035618,0.24899556,0.24056843
0.23369832,0.0,0.27397248,0.24356008,0.24876915
0.23701775,0.0,0.26956287,0.24345274,0.2499666
0.23967458,0.0,0.26920643,0.2418209,0.24929814
0.24022192,0.0,0.26835662,0.24160045,0.24982105
0.2424441,0.0,0.27184892,0.24483159,0.24087538
0.23756105,0.0,0.27348322,0.24049485,0.24846086
0.24300078,0.0,0.27265993,0.23494259,0.24939673
0.2391355,0.0,0.2687553,0.24220711,0.24990211
0.23887949,0.0,0.26996532,0.24047303,0.25068215
0.24120836,0.0,0.27047965,0.2466642,0.24164778
0.23617347,0.0,0.26916027,0.2439563,0.25070992
0.24049017,0.0,0.26998672,0.24049208,0.24903107
0.24324326,0.0,0.26973736,0.23930836,0.24771096
0.23924154,0.0,0.26903918,0.24112523,0.25059405
0.24384752,0.0,0.27292126,0.24223042,0.2410008
0.23362723,0.0,0.27108225,0.244105,0.25118557
0.2414316,0.0,0.27247202,0.23782897,0.24826746
0.23731814,0.0,0.272859,0.24012741,0.24969539
0.23828717,0.0,0.27357832,0.23851785,0.24961665
0.2411033,0.0,0.26968217,0.24777283,0.2414417
0.2359052,0.0,0.27407324,0.24049915,0.24952239
0.23783687,0.0,0.26995444,0.24108653,0.25112215
0.24165814,0.0,0.2723281,0.23703825,0.2489755
0.24668236,0.0,0.2707603,0.23357952,0.24897785
0.24165851,0.0,0.27361512,0.24441545,0.24031092
0.2404134,0.0,0.2709282,0.24057777,0.24808064
0.2365581,0.0,0.27329662,0.23945318,0.2506921
0.24128082,0.0,0.27090093,0.23812185,0.2496964
0.24005821,0.0,0.27308202,0.23930116,0.24755862
0.24049637,0.0,0.26946667,0.2487801,0.24125688
0.2374849,0.0,0.2730217,0.2437777,0.24571574
0.23942298,0.0,0.27223954,0.2409358,0.24740165
0.2430415,0.0,0.27053827,0.23809671,0.24832354
0.2407061,0.0,0.2718133,0.23721775,0.25026283
0.23903915,0.0,0.27027068,0.24795456,0.2427356
0.2338715,0.0,0.26553074,0.24610858,0.25448918
0.2398957,0.0,0.27215856,0.23934266,0.24860312
0.23654382,0.0,0.27522534,0.23637703,0.2518538
0.23865691,0.0,0.26794127,0.24019924,0.25320262
0.2371579,0.0,0.2702969,0.24654254,0.24600266
0.24131827,0.0,0.27583602,0.23652335,0.24632235
0.23869336,0.0,0.26930475,0.23878646,0.25321543
0.24071985,0.0,0.2729106,0.23739994,0.24896964
0.24111427,0.0,0.2719877,0.23526391,0.2516341
0.24522221,0.0,0.26952025,0.242706,0.24255157
0.23413196,0.0,0.26692724,0.24439283,0.25454795
0.240284,0.0,0.2726617,0.2379066,0.24914768
0.24435344,0.0,0.27412346,0.23220435,0.24931876
0.24192326,0.0,0.2712144,0.23803832,0.24882406
0.24095571,0.0,0.27006015,0.24644102,0.24254312
0.23958315,0.0,0.27236006,0.23946565,0.24859115
0.23833092,0.0,0.26763755,0.24151821,0.2525133
0.23977953,0.0,0.26786146,0.24182156,0.25053748
0.239949,0.0,0.2722322,0.23632756,0.25149122
0.24032108,0.0,0.27223828,0.24651435,0.24092631
0.2365956,0.0,0.26983437,0.24262215,0.25094786
0.23927784,0.0,0.27007043,0.24048114,0.25017056
0.23879622,0.0,0.2723677,0.23721239,0.25162366
0.24215233,0.0,0.27358556,0.23531167,0.24895048
0.23943074,0.0,0.27092516,0.24742007,0.24222401
0.23682795,0.0,0.2729411,0.23937467,0.25085628
0.23620167,0.0,0.26828563,0.24169934,0.2538134
0.2414652,0.0,0.2719148,0.2368444,0.24977557
0.2411983,0.0,0.27195847,0.2348475,0.2519957
0.2443919,0.0,0.2736698,0.24061795,0.24132031
0.2407969,0.0,0.27128837,0.23758858,0.25032616
0.23863825,0.0,0.27019045,0.24291846,0.24825284
0.24293277,0.0,0.2715513,0.23692293,0.248593
0.2402252,0.0,0.26877788,0.24211244,0.2488845
0.24238184,0.0,0.27234954,0.24511738,0.2401512
0.24018376,0.0,0.2692528,0.23839268,0.25217077
0.23832567,0.0,0.27165624,0.2389246,0.25109354
0.24181066,0.0,0.2715777,0.23704292,0.24956876
0.2419831,0.0,0.27235702,0.23483002,0.25082988
0.23994069,0.0,0.27198708,0.24201374,0.24605848
0.23609321,0.0,0.270384,0.24167098,0.25185183
0.2383201,0.0,0.26831764,0.24201515,0.25134712
0.23907639,0.0,0.2698637,0.23766655,0.25339332
0.2405846,0.0,0.274251,0.234521,0.25064337
0.24349324,0.0,0.2702344,0.24418421,0.24208808
0.24031362,0.0,0.27044472,0.23944777,0.24979393
0.23931572,0.0,0.27223173,0.23775476,0.2506978
0.24112079,0.0,0.2709997,0.23542158,0.25245795
0.24170381,0.0,0.26839632,0.23416315,0.25573677
0.2412205,0.0,0.270542,0.24670258,0.2415349
0.23856016,0.0,0.26974267,0.24116041,0.25053677
0.2385183,0.0,0.26861456,0.24292581,0.24994129
0.24527596,0.0,0.26720262,0.23779784,0.2497236
0.24012566,0.0,0.2663565,0.24265808,0.25085977
0.24369985,0.0,0.27015644,0.24131794,0.2448258
0.23647563,0.0,0.27160686,0.24168952,0.25022796
0.24232394,0.0,0.27186662,0.23450759,0.25130188
0.24062006,0.0,0.26998392,0.23727357,0.2521225
0.23785913,0.0,0.26947278,0.24031714,0.25235093
0.24298152,0.0,0.27104053,0.23966712,0.24631085
0.24122131,0.0,0.26728135,0.24063373,0.2508636
0.24040353,0.0,0.2712138,0.23885426,0.24952838
0.24302047,0.0,0.27603337,0.23223116,0.24871497
0.23871978,0.0,0.27173632,0.23824771,0.25129622
0.23926488,0.0,0.26702312,0.24853945,0.24517258
0.24227215,0.0,0.2710927,0.23685376,0.24978136
0.23753102,0.0,0.26825714,0.24007322,0.2541386
0.24365872,0.0,0.2721811,0.2339545,0.25020564
0.241984,0.0,0.26912805,0.23797524,0.2509127
0.24639462,0.0,0.26966175,0.23879112,0.24515246
0.23748292,0.0,0.26852956,0.24136592,0.25262156
0.2415044,0.0,0.26762158,0.23949814,0.25137588
0.24114601,0.0,0.2661024,0.23786832,0.25488326
0.24168701,0.0,0.2700611,0.23441938,0.25383246
0.24420375,0.0,0.2693833,0.24294001,0.24347295
0.23522078,0.0,0.2721548,0.24141791,0.25120652
0.24083413,0.0,0.27435464,0.23801216,0.24679907
0.24248233,0.0,0.2683785,0.23671095,0.25242817
0.24232523,0.0,0.2683622,0.23645587,0.25285667
0.24414425,0.0,0.26923618,0.23936495,0.24725462
0.23997337,0.0,0.27106702,0.23806988,0.25088978
0.2397466,0.0,0.2722742,0.23481481,0.2531644
0.24126987,0.0,0.27058157,0.23516837,0.2529802
0.24205075,0.0,0.2690537,0.23461144,0.2542841
0.24685375,0.0,0.26851708,0.23995987,0.24466933
0.23774867,0.0,0.27051184,0.2401848,0.2515547
0.23921014,0.0,0.26840523,0.23895672,0.25342792
0.23705874,0.0,0.26861677,0.23841335,0.2559112
0.23755033,0.0,0.27266848,0.23599996,0.25378126
0.24232748,0.0,0.27013865,0.24196531,0.2455686
0.24341145,0.0,0.27249742,0.23405005,0.2500411
0.2388574,0.0,0.2687846,0.23898588,0.25337207
0.23705754,0.0,0.27062848,0.23861752,0.25369644
0.24206434,0.0,0.2702334,0.23321833,0.2544839
0.2453166,0.0,0.27113044,0.24202688,0.24152605
0.24276535,0.0,0.26869223,0.2365099,0.2520325
0.2409319,0.0,0.26755953,0.23906872,0.2524399
0.23713945,0.0,0.26855087,0.23842277,0.25588688
0.24204636,0.0,0.26885146,0.23873438,0.25036782
0.23824044,0.0,0.26706123,0.24529897,0.24939936
0.23677248,0.0,0.27214643,0.24093048,0.2501506
0.24054809,0.0,0.26910582,0.23709233,0.25325373
0.23825255,0.0,0.26836467,0.23766898,0.25571382
0.23979594,0.0,0.26900667,0.23592877,0.2552686
0.24589933,0.0,0.2732114,0.23854396,0.24234533
0.23684332,0.0,0.26908395,0.24076906,0.25330365
0.24341868,0.0,0.27020043,0.23510411,0.25127682
0.24230553,0.0,0.266749,0.23748772,0.2534578
0.23842311,0.0,0.26947758,0.23629342,0.2558059
0.2467108,0.0,0.26827145,0.23959866,0.24541911
0.2371135,0.0,0.26884076,0.23811913,0.2559266
0.24081868,0.0,0.27043366,0.23595119,0.25279647
0.2376429,0.0,0.26667976,0.23939747,0.25627983
0.24128409,0.0,0.26871,0.23534624,0.25465965
0.24358092,0.0,0.26532587,0.2460643,0.2450289
0.23988704,0.0,0.26726526,0.23961589,0.25323182
0.24031568,0.0,0.26709664,0.24023136,0.25235635
0.2414428,0.0,0.27057394,0.2339042,0.25407907
0.24103111,0.0,0.26656055,0.23948035,0.25292796
0.23988515,0.0,0.2667137,0.24459118,0.24880993
0.23717977,0.0,0.26983243,0.23957297,0.25341484
0.2424865,0.0,0.27094126,0.23386201,0.25271016
0.24038987,0.0,0.26634222,0.23694925,0.25631866
0.2410567,0.0,0.27117574,0.23407966,0.25368792
0.24452463,0.0,0.273104,0.23821935,0.24415196
0.2369511,0.0,0.2682837,0.24014658,0.25461861
0.23875523,0.0,0.27080837,0.23419537,0.25624105
0.24206938,0.0,0.265635,0.23646906,0.25582656
0.24079582,0.0,0.27052668,0.23523943,0.25343806
0.24465606,0.0,0.26801744,0.24202985,0.24529669
0.23638299,0.0,0.2686861,0.24194096,0.25298998
0.23802611,0.0,0.2677482,0.24085638,0.2533693
0.23851895,0.0,0.26485708,0.23895033,0.2576736
0.23977222,0.0,0.26939055,0.23682874,0.2540085
0.24876627,0.0,0.26890337,0.23550582,0.24682453
0.24048334,0.0,0.2667781,0.23671369,0.25602484
0.2436706,0.0,0.26789606,0.23224624,0.25618705
0.24366243,0.0,0.26909783,0.23492922,0.25231054
0.24109034,0.0,0.2690607,0.23478526,0.2550637
0.24446645,0.0,0.26517144,0.24191293,0.24844913
0.23804587,0.0,0.26902702,0.23972175,0.25320533
0.23854464,0.0,0.26791254,0.2367097,0.25683314
0.24081619,0.0,0.2731606,0.23260652,0.25341666
0.2411445,0.0,0.26714328,0.23513131,0.25658095
0.24763912,0.0,0.26776546,0.23969907,0.24489638
0.24213536,0.0,0.26704746,0.2374689,0.25334835
0.24211486,0.0,0.26769313,0.23474841,0.25544363
0.24054544,0.0,0.26793793,0.23407453,0.2574421
0.24206668,0.0,0.26902047,0.23319264,0.25572023
0.2409909,0.0,0.27238744,0.24049401,0.24612765
0.23770265,0.0,0.2711871,0.23755498,0.25355527
0.23816748,0.0,0.27086446,0.23665869,0.25430936
0.23671725,0.0,0.26889524,0.23794727,0.25644022
0.24513148,0.0,0.26505417,0.23491655,0.2548978
0.24528907,0.0,0.264772,0.24275778,0.24718118
0.2392591,0.0,0.2649814,0.23837279,0.25738674
0.2392906,0.0,0.26797095,0.23529145,0.257447
0.2412222,0.0,0.26619813,0.23469833,0.2578813
0.24408408,0.0,0.2680176,0.23435174,0.2535466
0.24725725,0.0,0.26746604,0.24127787,0.24399887
0.2358002,0.0,0.26473734,0.24249807,0.2569644
0.24140263,0.0,0.2682396,0.23693754,0.25342023
0.24362816,0.0,0.26567352,0.23448017,0.25621814
0.24138086,0.0,0.26925835,0.23305647,0.2563043
0.2454373,0.0,0.2647471,0.24194892,0.24786669
0.23970056,0.0,0.26947212,0.23470832,0.256119
0.24142203,0.0,0.26636198,0.2354053,0.25681072
0.24474517,0.0,0.26565254,0.23373492,0.25586736
0.24418782,0.0,0.26928738,0.23270501,0.25381982
0.24540827,0.0,0.26706564,0.23974398,0.24778213
0.2353078,0.0,0.2736062,0.23803118,0.25305486
0.23904184,0.0,0.2696914,0.23539895,0.2558678
0.23886625,0.0,0.26693726,0.23645864,0.25773782
0.240186,0.0,0.27057907,0.23436664,0.25486827
0.24201779,0.0,0.26579243,0.2423473,0.24984252
0.23922178,0.0,0.26875106,0.23947532,0.25255182
0.24087977,0.0,0.26818165,0.23490517,0.25603345
0.24443352,0.0,0.26882267,0.23038682,0.256357
0.24194953,0.0,0.26710162,0.23407176,0.25687715
0.2461676,0.0,0.2686172,0.23771489,0.24750029
0.24398112,0.0,0.26663226,0.23295389,0.2564327
0.24110721,0.0,0.26608062,0.23829976,0.25451237
0.24168901,0.0,0.26247185,0.24071777,0.25512138
0.24522246,0.0,0.26855722,0.23293546,0.2532848
0.2474087,0.0,0.26343727,0.24216004,0.24699399
0.24060215,0.0,0.2693874,0.2377193,0.25229117
0.24058828,0.0,0.26822406,0.23718405,0.25400358
0.24144503,0.0,0.2677222,0.23694155,0.25389123
0.24462126,0.0,0.26815775,0.23108192,0.2561391
0.24640703,0.0,0.26745412,0.23906869,0.24707013
0.23627836,0.0,0.26906195,0.24051785,0.2541418
0.23911767,0.0,0.2725092,0.23611362,0.25225955
0.23410757,0.0,0.2688278,0.2390858,0.25797877
0.24130148,0.0,0.2699168,0.23536097,0.2534207
0.24630122,0.0,0.26332936,0.24199444,0.24837497
0.24219508,0.0,0.26778287,0.23395847,0.25606358
0.2418966,0.0,0.26595303,0.23480065,0.2573497
0.23876202,0.0,0.2639912,0.23716556,0.26008117
0.24279968,0.0,0.26632354,0.23384471,0.25703204
0.24646695,0.0,0.26584205,0.239684,0.24800698
0.2420802,0.0,0.26958436,0.2357218,0.2526137
0.2415697,0.0,0.26780248,0.23484957,0.25577825
0.24427854,0.0,0.2690331,0.23333165,0.2533567
0.24004032,0.0,0.2617373,0.24086358,0.2573588
0.24348548,0.0,0.26936147,0.23918454,0.24796854
0.2374852,0.0,0.26996547,0.23733824,0.25521106
0.23975837,0.0,0.263971,0.23890175,0.25736892
0.23883455,0.0,0.26748487,0.23645425,0.25722632
0.24167924,0.0,0.2657921,0.23476128,0.25776738
0.24613675,0.0,0.26682985,0.23895942,0.248074
0.23838007,0.0,0.26442635,0.23914032,0.2580533
0.24086867,0.0,0.26741403,0.23653476,0.2551826
0.2410748,0.0,0.2674972,0.23601773,0.25541025
0.24463166,0.0,0.26936123,0.23324277,0.25276434
0.24191421,0.0,0.26835433,0.23945254,0.2502789
0.24159431,0.0,0.26753688,0.23703752,0.25383127
0.24407597,0.0,0.26613215,0.23377976,0.25601217
0.24069299,0.0,0.26701996,0.23425826,0.25802884
0.23987499,0.0,0.26404166,0.23711883,0.25896448
0.24969769,0.0,0.26196715,0.23772326,0.25061196
0.24137364,0.0,0.26782557,0.23358303,0.25721776
0.2401661,0.0,0.26820636,0.23588869,0.25573885
0.24028641,0.0,0.2670986,0.23477408,0.25784087
0.24485008,0.0,0.26588923,0.23295014,0.25631058
0.24502571,0.0,0.26172096,0.23696847,0.25628486
0.24081765,0.0,0.26956722,0.2365557,0.25305942
0.24000202,0.0,0.266318,0.23727572,0.25640425
0.24074061,0.0,0.2651133,0.23687707,0.25726902
0.24300961,0.0,0.2676673,0.23148651,0.25783658
0.25201842,0.0,0.26756358,0.23334454,0.24707347
0.24153721,0.0,0.26609457,0.23661298,0.25575528
0.23970069,0.0,0.26698062,0.23682351,0.2564952
0.24246658,0.0,0.2687135,0.23091686,0.25790304
0.24368769,0.0,0.26915184,0.22983104,0.2573294
0.24316874,0.0,0.2668718,0.23987827,0.25008115
0.23868363,0.0,0.27273807,0.23614609,0.2524322
0.24092646,0.0,0.2670559,0.23656775,0.25544986
0.24007772,0.0,0.26651788,0.23540501,0.25799933
0.24041426,0.0,0.26723093,0.23348929,0.25886548
0.2479576,0.0,0.26528648,0.23278964,0.25396627
0.24097916,0.0,0.2679536,0.23397218,0.25709504
0.24260107,0.0,0.26786527,0.23044358,0.25909013
0.24340616,0.0,0.26312467,0.23417065,0.25929853
0.24467129,0.0,0.26459858,0.2330513,0.25767884
0.24952185,0.0,0.26441258,0.23773105,0.24833451
0.23798071,0.0,0.26928672,0.23695888,0.2557737
0.2427169,0.0,0.26628506,0.23550533,0.25549272
0.2442437,0.0,0.2672712,0.23412459,0.25436053
0.24496248,0.0,0.26481465,0.23382688,0.25639603
0.25036436,0.0,0.2656311,0.23510925,0.24889524
0.23925775,0.0,0.26981834,0.2351391,0.25578478
0.24231745,0.0,0.26470673,0.23632914,0.25664672
0.24617372,0.0,0.26273718,0.23630664,0.2547824
0.24109104,0.0,0.2644173,0.23727453,0.25721714
0.25415662,0.0,0.2684919,0.22975197,0.24759951
0.24149102,0.0,0.26923636,0.23155238,0.25772023
0.23706953,0.0,0.26705587,0.23612425,0.2597504
0.24432483,0.0,0.26494843,0.23491022,0.25581652
0.24224077,0.0,0.26510185,0.23288545,0.25977194
0.24764298,0.0,0.26309767,0.23483555,0.25442383
0.24059309,0.0,0.26787814,0.23317444,0.25835434
0.24122012,0.0,0.26296732,0.23705511,0.25875744
0.24361397,0.0,0.26509315,0.23150098,0.25979188
0.24626857,0.0,0.2657349,0.23177679,0.25621969
0.24780865,0.0,0.26321372,0.23812558,0.25085208
0.24236596,0.0,0.26743716,0.23533407,0.25486282
0.24239157,0.0,0.26810566,0.23237531,0.2571275
0.24230622,0.0,0.26445562,0.23467177,0.25856647
0.24294806,0.0,0.2621844,0.23463927,0.26022828
0.2511169,0.0,0.26536828,0.2315638,0.25195098
0.24131179,0.0,0.26801977,0.23653299,0.25413543
0.24581787,0.0,0.26546296,0.23089337,0.2578258
0.24448448,0.0,0.26460797,0.23137686,0.2595307
0.24268065,0.0,0.26855955,0.23177677,0.25698307
0.25010428,0.0,0.26368365,0.23525642,0.25095564
0.24250723,0.0,0.2721166,0.23056844,0.25480774
0.23883578,0.0,0.2664965,0.23627466,0.25839302
0.2372485,0.0,0.26425272,0.2364966,0.26200214
0.24575429,0.0,0.2613221,0.23424834,0.25867528
0.24801417,0.0,0.2609517,0.2366461,0.254388
0.24025305,0.0,0.26663643,0.2336931,0.25941747
0.24451032,0.0,0.2671692,0.23254348,0.255777
0.24467209,0.0,0.26492274,0.23247291,0.2579323
0.24277031,0.0,0.26568133,0.2352016,0.25634673
0.25136837,0.0,0.26306388,0.23533507,0.25023267
0.24399483,0.0,0.2650533,0.23583548,0.25511637
0.24218681,0.0,0.26823542,0.23363213,0.25594565
0.24499367,0.0,0.2659896,0.23008272,0.25893402
0.2429397,0.0,0.2659362,0.23168047,0.2594436
0.25039804,0.0,0.2634143,0.2368839,0.24930382
0.23744076,0.0,0.27020782,0.23803139,0.25432
0.23992787,0.0,0.27132022,0.23170827,0.25704366
0.23894365,0.0,0.26739022,0.23393388,0.25973222
0.2406995,0.0,0.26727495,0.23502794,0.25699764
0.2512899,0.0,0.26567876,0.23206063,0.25097072
0.24187668,0.0,0.2652776,0.23395513,0.25889063
0.24293807,0.0,0.26656494,0.23133509,0.2591619
0.24182884,0.0,0.26637632,0.23222919,0.25956562
0.24303105,0.0,0.26315182,0.2356311,0.25818598
0.25239512,0.0,0.26205584,0.23352294,0.2520261
0.24196169,0.0,0.26835936,0.23269522,0.25698376
0.24034536,0.0,0.26657212,0.23316129,0.25992122
0.24727044,0.0,0.26636386,0.23102292,0.2553428
0.24491295,0.0,0.26527524,0.23158862,0.25822324
0.25042856,0.0,0.26121068,0.23462766,0.25373313
0.23944019,0.0,0.26839814,0.23577136,0.25639036
0.24502937,0.0,0.26909733,0.23178464,0.2540886
0.24652359,0.0,0.270426,0.23006378,0.2529866
0.23806117,0.0,0.26659226,0.23708707,0.2582595
0.25232714,0.0,0.26294312,0.23318076,0.25154895
0.24135904,0.0,0.26695737,0.23687461,0.254809
0.24338768,0.0,0.2649806,0.23558418,0.25604752
0.246266,0.0,0.26761585,0.2296532,0.25646496
0.24669673,0.0,0.26741835,0.22817779,0.25770718
0.25413218,0.0,0.25915018,0.23590033,0.25081733
0.23962422,0.0,0.26372984,0.23802091,0.25862506
0.23954521,0.0,0.26189113,0.23853946,0.26002422
0.24408369,0.0,0.26099408,0.23723006,0.25769216
0.246236,0.0,0.26391512,0.23281549,0.2570334
0.25279674,0.0,0.26138383,0.2342268,0.25159264
0.24024342,0.0,0.26589683,0.23732857,0.25653112
0.24146405,0.0,0.2631806,0.23684083,0.25851446
0.24545726,0.0,0.26744157,0.22996257,0.25713858
0.24502864,0.0,0.26522526,0.23012821,0.25961787
0.25273433,0.0,0.26381692,0.23216152,0.25128725
0.2427268,0.0,0.26451263,0.23553863,0.25722194
0.24288253,0.0,0.2660658,0.23223442,0.25881726
0.2399905,0.0,0.26559564,0.23244174,0.26197216
0.24381307,0.0,0.2670964,0.23158558,0.25750497
0.24936162,0.0,0.26552457,0.23230435,0.25280946
0.24505986,0.0,0.26337692,0.23507032,0.25649288
0.24272071,0.0,0.2627579,0.23549576,0.25902566
0.24029163,0.0,0.26552078,0.23477256,0.25941503
0.24594527,0.0,0.2637137,0.23255137,0.25778964
0.2565077,0.0,0.2607373,0.22974607,0.253009
0.24422291,0.0,0.26519614,0.23384263,0.25673833
0.24060959,0.0,0.262155,0.2384015,0.25883394
0.24538793,0.0,0.26445827,0.23273839,0.2574154
0.2420874,0.0,0.2629237,0.23684531,0.2581436
0.25459197,0.0,0.2608492,0.23188463,0.2526742
0.23813537,0.0,0.26564077,0.23905805,0.25716585
0.24605815,0.0,0.26405853,0.23178773,0.2580956
0.24155022,0.0,0.26588047,0.23089966,0.26166964
0.2433224,0.0,0.26597294,0.23098505,0.25971967
0.24921645,0.0,0.26156646,0.23259073,0.25662637
0.24318223,0.0,0.26890916,0.23292938,0.25497922
0.24200289,0.0,0.262796,0.23627779,0.25892332
0.24038044,0.0,0.26380756,0.23345184,0.26236016
0.24491559,0.0,0.2638029,0.2304256,0.26085597
0.25160527,0.0,0.26498607,0.23019248,0.25321615
0.23890162,0.0,0.2691301,0.23674889,0.2552194
0.24019793,0.0,0.26533082,0.23639885,0.25807244
0.24342911,0.0,0.26288286,0.2330776,0.26061043
0.2428317,0.0,0.26769912,0.23187554,0.2575936
0.25289696,0.0,0.26252735,0.22932738,0.2552483
0.24269678,0.0,0.26337895,0.23554806,0.2583762
0.24658965,0.0,0.26648062,0.22752884,0.2594009
0.2432334,0.0,0.2638956,0.23283781,0.26003325
0.24331622,0.0,0.26248637,0.23429759,0.25989982
0.25374857,0.0,0.25970238,0.23218852,0.25436053
0.24446918,0.0,0.26506466,0.23403871,0.25642744
0.24291763,0.0,0.26580527,0.232375,0.25890207
0.245639,0.0,0.26295075,0.23309542,0.25831485
0.245381,0.0,0.26127675,0.23559245,0.2577498
0.252878,0.0,0.26129088,0.23228323,0.25354785
0.24082327,0.0,0.26316398,0.23575532,0.26025745
0.24217951,0.0,0.26385507,0.2335855,0.26037994
0.2422373,0.0,0.26376262,0.23425175,0.2597484
0.2463211,0.0,0.2655583,0.22958389,0.25853673
0.24734549,0.0,0.2637136,0.234455,0.2544859
0.23915225,0.0,0.2667666,0.23567219,0.25840896
0.24005401,0.0,0.2652735,0.23505825,0.2596143
0.24361211,0.0,0.26613235,0.23130919,0.25894633
0.24442194,0.0,0.26148897,0.23621276,0.25787628
0.250232,0.0,0.25894532,0.23461998,0.2562027
0.24301092,0.0,0.26205385,0.23559107,0.25934416
0.24487959,0.0,0.2624734,0.23644489,0.25620213
0.24314517,0.0,0.26400885,0.23323195,0.25961408
0.24597205,0.0,0.26035273,0.23289557,0.2607796
0.25339517,0.0,0.25991434,0.23258124,0.2541093
0.24003227,0.0,0.26225808,0.23843601,0.25927362
0.24513915,0.0,0.26408657,0.2318058,0.25896847
0.24621204,0.0,0.2624716,0.23083916,0.26047722
0.24764414,0.0,0.26448148,0.2299847,0.2578897
0.25320557,0.0,0.26103067,0.22994956,0.2558142
0.24468973,0.0,0.2684443,0.23334758,0.25351837
0.24317017,0.0,0.26749486,0.2305086,0.25882638
0.24062255,0.0,0.266828,0.2324309,0.26011854
0.24515624,0.0,0.26390633,0.23094898,0.25998843
0.25367072,0.0,0.25932533,0.23000936,0.2569946
0.2426149,0.0,0.26391745,0.23587957,0.2575881
0.24790849,0.0,0.2608626,0.23225732,0.2589716
0.2475499,0.0,0.26342183,0.23048349,0.25854477
0.2471372,0.0,0.26286528,0.23164627,0.25835124
0.25513855,0.0,0.25921494,0.22992513,0.2557214
0.24270138,0.0,0.26487502,0.23535867,0.25706494
0.0,0.21963017,0.3070376,0.22627477,0.24705745
0.23879975,0.0,0.26755098,0.23638915,0.25726017
0.24353385,0.0,0.2605826,0.23771009,0.25817344
0.25300243,0.0,0.2595272,0.22879733,0.258673
0.24168555,0.0,0.26354203,0.23463038,0.26014206
0.24549134,0.0,0.2680606,0.2318108,0.25463727
0.24328098,0.0,0.26465544,0.23430285,0.25776067
0.24369107,0.0,0.2632439,0.23472351,0.2583415
0.25563937,0.0,0.2589759,0.2307473,0.25463748
0.24428128,0.0,0.2669855,0.23297304,0.25576013
0.24645905,0.0,0.26655486,0.23185615,0.25512993
0.24226126,0.0,0.26259246,0.2350384,0.26010785
0.24441119,0.0,0.26189002,0.2343404,0.2593584
0.25776747,0.0,0.26039958,0.23055938,0.2512736
0.2394722,0.0,0.2702814,0.23401314,0.25623322
0.24134034,0.0,0.2664553,0.23546559,0.2567388
0.23960315,0.0,0.26348498,0.2379947,0.25891718
0.24006215,0.0,0.26226208,0.23618059,0.2614952
0.25981137,0.0,0.2582173,0.22719613,0.25477523
0.24206702,0.0,0.26154873,0.23803046,0.25835386
0.24265595,0.0,0.26323187,0.23472176,0.2593904
0.2485398,0.0,0.26438612,0.22790341,0.25917062
0.24982372,0.0,0.26153857,0.23121266,0.25742507
0.2563391,0.0,0.25959775,0.22716631,0.25689682
0.24264374,0.0,0.26079035,0.23626238,0.2603036
0.24504285,0.0,0.26018584,0.23588337,0.25888792
0.24516338,0.0,0.2605515,0.23463905,0.25964612
0.24624777,0.0,0.26343456,0.23178986,0.25852782
0.2571617,0.0,0.25817573,0.229761,0.2549016
0.2435465,0.0,0.26493987,0.23345557,0.25805807
0.24703367,0.0,0.2616306,0.23329887,0.2580369
0.24420975,0.0,0.26240906,0.23289238,0.26048884
0.24433102,0.0,0.26232183,0.23338173,0.25996542
0.25596905,0.0,0.25994244,0.22813615,0.25595233
0.24421705,0.0,0.26418373,0.23463227,0.25696692
0.2436298,0.0,0.26319516,0.23451777,0.2586573
0.24254909,0.0,0.26237917,0.23521958,0.2598522
0.24181566,0.0,0.25799182,0.23837385,0.26181865
0.25802302,0.0,0.25917003,0.22687216,0.25593486
0.24533859,0.0,0.26432806,0.23326804,0.2570653
0.24558644,0.0,0.26139268,0.23390555,0.25911537
0.24874526,0.0,0.25799346,0.23338512,0.25987613
0.24113022,0.0,0.2572372,0.23770894,0.26392365
0.2614645,0.0,0.2587138,0.22503978,0.25478184
0.24190728,0.0,0.25866327,0.23888329,0.26054615
0.24333604,0.0,0.26027018,0.2375401,0.2588537
0.24243176,0.0,0.2567152,0.23956172,0.26129127
0.24295367,0.0,0.25979105,0.23791139,0.2593439
0.2585588,0.0,0.25925183,0.2261417,0.25604767
0.2410191,0.0,0.26147223,0.23744106,0.2600676
0.2422846,0.0,0.263374,0.23642427,0.25791717
0.24130774,0.0,0.26207775,0.23662484,0.2599897
0.24577175,0.0,0.26554307,0.23301922,0.25566593
0.25684947,0.0,0.26231796,0.22552532,0.2553073
0.24338977,0.0,0.262506,0.23503044,0.25907373
0.24280895,0.0,0.25859448,0.23733963,0.2612569
0.23879105,0.0,0.2618721,0.2393996,0.25993726
0.24163851,0.0,0.26158667,0.23586544,0.26090935
0.2640237,0.0,0.2576307,0.22393544,0.25441018
0.24607049,0.0,0.26892442,0.22769912,0.25730598
0.24563977,0.0,0.26435214,0.23188795,0.25812015
0.24489015,0.0,0.26052907,0.23726776,0.257313
0.2489596,0.0,0.2619993,0.23344405,0.25559703
0.25934944,0.0,0.262737,0.22330421,0.25460932
0.24188371,0.0,0.26701185,0.23496605,0.25613835
0.24378732,0.0,0.25849593,0.23659195,0.2611248
0.24481629,0.0,0.2614354,0.23336184,0.26038647
0.24656484,0.0,0.260283,0.23345454,0.25969768
0.26068723,0.0,0.26096168,0.22234729,0.25600386
0.24506657,0.0,0.25997484,0.2354999,0.2594587
0.24552898,0.0,0.26370227,0.23378552,0.25698316
0.24527998,0.0,0.262719,0.23535459,0.25664645
0.24615327,0.0,0.26315966,0.23242143,0.2582656
0.25199422,0.0,0.2599757,0.22994317,0.25808692
0.24058859,0.0,0.26818568,0.2354385,0.25578722
0.24458744,0.0,0.25947604,0.23718627,0.25875023
0.24488078,0.0,0.26290202,0.23380567,0.25841153
0.2469256,0.0,0.2625684,0.23065701,0.25984898
0.26047626,0.0,0.25812522,0.22481044,0.2565881
0.24171396,0.0,0.2625909,0.23352991,0.26216528
0.2446488,0.0,0.25930408,0.23628806,0.259759
0.24594286,0.0,0.26370642,0.23204924,0.25830144
0.24694139,0.0,0.26181433,0.23099259,0.26025173
0.2575035,0.0,0.25637618,0.22888593,0.25723436
0.23814584,0.0,0.2623468,0.23724839,0.26225895
0.2425948,0.0,0.25961524,0.23764174,0.26014823
0.24289282,0.0,0.2598148,0.23676299,0.26052934
0.24374498,0.0,0.25998065,0.23516434,0.26111007
0.26084727,0.0,0.25573325,0.22355543,0.25986403
0.23839325,0.0,0.2606403,0.2395176,0.26144886
0.24464251,0.0,0.25958624,0.23760556,0.25816566
0.24504463,0.0,0.26207355,0.23520574,0.25767612
0.24357273,0.0,0.25976288,0.23747043,0.259194
0.25806323,0.0,0.2589606,0.22735827,0.25561792
0.24339539,0.0,0.26220885,0.23627128,0.2581245
0.24343875,0.0,0.2597726,0.23689882,0.25988978
0.247798,0.0,0.26056418,0.23128152,0.26035628
0.24343155,0.0,0.25817704,0.23934488,0.2590465
0.26143658,0.0,0.25707573,0.22693747,0.25455025
0.24342814,0.0,0.2605364,0.2418002,0.25423524
0.2442374,0.0,0.25787115,0.23850574,0.25938573
0.24696301,0.0,0.25955632,0.23745184,0.25602883
0.24206917,0.0,0.26007047,0.23713632,0.260724
0.2607692,0.0,0.25738764,0.2247073,0.25713584
0.24458092,0.0,0.2640677,0.23531526,0.2560361
0.24425144,0.0,0.2618723,0.23629667,0.2575796
0.2439601,0.0,0.26093102,0.23597759,0.2591313
0.2467689,0.0,0.26087326,0.23389699,0.25846082
0.2588259,0.0,0.25798956,0.22544721,0.25773743
0.24557042,0.0,0.26486075,0.23384437,0.25572446
0.2405565,0.0,0.2655177,0.23625776,0.25766802
0.24203184,0.0,0.26217577,0.23705082,0.2587416
0.24457425,0.0,0.26135695,0.23586863,0.25820017
0.26219526,0.0,0.2550817,0.22329234,0.2594307
0.24455392,0.0,0.2598532,0.23797521,0.2576177
0.2448306,0.0,0.2605116,0.23637547,0.25828233
0.24853036,0.0,0.2613243,0.23118591,0.25895947
0.24672131,0.0,0.2592104,0.23498912,0.2590791
0.2644761,0.0,0.2558629,0.2224977,0.25716332
0.24137487,0.0,0.25910002,0.24030034,0.25922477
0.24316251,0.0,0.2616836,0.23825248,0.25690144
0.24215397,0.0,0.25686908,0.24118854,0.2597884
0.24248816,0.0,0.2627252,0.23780157,0.25698504
0.26363143,0.0,0.25936827,0.22020663,0.25679368
0.24220029,0.0,0.25913396,0.2395251,0.2591407
0.24583425,0.0,0.26053813,0.23647867,0.25714895
0.24750787,0.0,0.2609946,0.23647936,0.25501817
0.24193613,0.0,0.25991872,0.23978806,0.2583571
0.26432458,0.0,0.25664,0.22204217,0.25699323
0.2426746,0.0,0.26204753,0.2379287,0.2573492
0.2474875,0.0,0.2611978,0.23317261,0.25814202
0.24834818,0.0,0.26091772,0.2312476,0.25948647
0.24901918,0.0,0.25721398,0.2347768,0.25899005
0.2645966,0.0,0.25727135,0.22030334,0.25782868
0.24661197,0.0,0.26113057,0.23647097,0.25578648
0.24417073,0.0,0.26011205,0.239481,0.25623623
0.24256168,0.0,0.25800428,0.2386367,0.26079738
0.24651119,0.0,0.2608695,0.23474275,0.25787657
0.26411402,0.0,0.25256324,0.22161606,0.26170668
0.24043095,0.0,0.2598106,0.24476144,0.254997
0.24151443,0.0,0.26191455,0.24131705,0.25525394
0.24079067,0.0,0.26349446,0.24056968,0.2551452
0.24245232,0.0,0.25865605,0.2381903,0.26070133
0.26459464,0.0,0.25806406,0.21735534,0.25998595
0.24220331,0.0,0.2594025,0.24300626,0.25538793
0.24458648,0.0,0.25669223,0.24190843,0.25681284
0.25001976,0.0,0.25996503,0.23253469,0.25748053
0.24724126,0.0,0.25712436,0.23867479,0.25695965
0.26692834,0.0,0.25504863,0.21984102,0.25818196
0.24427451,0.0,0.26193684,0.23878802,0.25500062
0.24454162,0.0,0.26069394,0.23726067,0.25750378
0.24408418,0.0,0.26057848,0.23764454,0.25769278
0.24559993,0.0,0.26063004,0.23681824,0.2569518
0.26734033,0.0,0.2572239,0.21729764,0.25813815
0.23975402,0.0,0.25989625,0.2400464,0.2603033
0.24439912,0.0,0.26207745,0.23733926,0.25618413
0.2455377,0.0,0.26070252,0.23689061,0.25686917
0.2403601,0.0,0.26206684,0.23785266,0.25972039
0.26616827,0.0,0.2551021,0.22066839,0.25806123
0.24545021,0.0,0.26092,0.23881423,0.25481552
0.24294902,0.0,0.26003075,0.2411433,0.25587696
0.23939127,0.0,0.2617237,0.23992357,0.25896144
0.24993333,0.0,0.25802863,0.23523486,0.25680318
0.26709583,0.0,0.25209823,0.22335343,0.2574525
0.2418606,0.0,0.26073262,0.24044801,0.25695878
0.2430659,0.0,0.25850257,0.24124336,0.25718817
0.24400432,0.0,0.25971818,0.23904864,0.25722885
0.24289818,0.0,0.26036575,0.23988207,0.25685397
0.2676442,0.0,0.25629887,0.21761206,0.25844485
0.24379908,0.0,0.26113713,0.23949255,0.25557125
0.24323088,0.0,0.25538644,0.24176513,0.25961757
0.24483645,0.0,0.25871825,0.2411881,0.25525725
0.24162193,0.0,0.26201707,0.24106514,0.25529587
0.26855263,0.0,0.25163534,0.2198384,0.2599736
0.24514996,0.0,0.26041034,0.23645613,0.25798357
0.24656226,0.0,0.25809506,0.23542498,0.2599177
0.24263561,0.0,0.25880453,0.24266998,0.2558899
0.2447083,0.0,0.2592486,0.24077727,0.25526583
0.26939827,0.0,0.25238496,0.22081684,0.25739995
0.24268594,0.0,0.2599955,0.24137017,0.2559484
0.2452211,0.0,0.25849304,0.24278,0.25350583
0.24309182,0.0,0.25731358,0.24356547,0.2560291
0.2436892,0.0,0.25948763,0.2412177,0.2556055
0.26847792,0.0,0.25547072,0.22100759,0.25504377
0.24108729,0.0,0.26385346,0.24213368,0.25292557
0.23992631,0.0,0.25977832,0.2451873,0.2551081
0.24421841,0.0,0.25747964,0.24225612,0.25604582
0.24328503,0.0,0.25986758,0.24250181,0.2543456
0.26876467,0.0,0.24918148,0.22390719,0.25814667
0.2442345,0.0,0.25736007,0.24351837,0.25488707
0.24741884,0.0,0.25892627,0.24301271,0.25064224
0.24531184,0.0,0.26213998,0.23867078,0.25387743
0.24767527,0.0,0.26009545,0.23687646,0.25535285
0.2683331,0.0,0.25327432,0.21947154,0.25892097
0.2415106,0.0,0.2580614,0.24574198,0.254686
0.23987107,0.0,0.2552666,0.24699187,0.2578705
0.24495628,0.0,0.26315784,0.23561049,0.25627542
0.24992962,0.0,0.2598484,0.23587556,0.25434643
0.26773262,0.0,0.2559912,0.21918167,0.25709447
0.24181703,0.0,0.26000634,0.24315183,0.25502482
0.24618563,0.0,0.25808522,0.2396824,0.25604674
0.2488449,0.0,0.25808755,0.2358776,0.25719
0.25206825,0.0,0.25752962,0.23722656,0.25317556
0.2698033,0.0,0.2530658,0.21862122,0.25850973
0.24466828,0.0,0.25976998,0.24222203,0.25333974
0.24465285,0.0,0.26077873,0.23996082,0.2546076
0.24584723,0.0,0.25959328,0.24029149,0.254268
0.24853404,0.0,0.25992534,0.23844215,0.2530985
0.26965168,0.0,0.25312483,0.21980226,0.2574212
0.24326505,0.0,0.26423472,0.2407458,0.25175446
0.24437982,0.0,0.26549986,0.23891115,0.25120917
0.24515991,0.0,0.25866625,0.24018537,0.2559885
0.2516056,0.0,0.25549662,0.23641175,0.25648603
0.26983812,0.0,0.25382334,0.2168473,0.2594912
0.2469169,0.0,0.25852966,0.24195345,0.25259995
0.24489239,0.0,0.25295046,0.24578458,0.25637257
0.2470679,0.0,0.25701004,0.24413781,0.25178424
0.24667336,0.0,0.258854,0.24098276,0.25348988
0.27306113,0.0,0.2509281,0.21709664,0.25891408
0.24320237,0.0,0.2626851,0.24185574,0.2522568
0.27859926,0.29222834,0.0,0.2802782,0.14889419
0.245879,0.0,0.26023066,0.2389758,0.25491455
0.2470673,0.0,0.26410863,0.23795468,0.25086936
0.2725527,0.0,0.25244987,0.21885341,0.25614405
0.24328375,0.0,0.26045248,0.24399282,0.25227094
0.24353947,0.0,0.25955898,0.24268281,0.25421876
0.24952485,0.0,0.2605148,0.23483913,0.25512123
0.2515599,0.0,0.2571856,0.23702586,0.25422862
0.2731281,0.0,0.25491145,0.2143176,0.25764284
0.24586372,0.0,0.25832626,0.24407138,0.25173864
0.24482025,0.0,0.25896418,0.242571,0.2536446
0.24621388,0.0,0.25628132,0.243468,0.25403684
0.24630925,0.0,0.2578669,0.24168263,0.25414127
0.27134544,0.0,0.25151366,0.22039114,0.25674972
0.24400401,0.0,0.26176336,0.24231364,0.25191897
0.24698238,0.0,0.25794545,0.24394664,0.25112548
0.24531968,0.0,0.2608048,0.24320965,0.25066587
0.2447274,0.0,0.25605187,0.24247456,0.25674617
0.27251717,0.0,0.24927324,0.22151051,0.2566991
0.24800871,0.0,0.25871876,0.24120127,0.25207126
0.24527453,0.0,0.2588155,0.24469602,0.25121397
0.2452974,0.0,0.25834602,0.24345914,0.2528974
0.24620895,0.0,0.25695783,0.24316667,0.25366652
0.27295822,0.0,0.2506694,0.21901384,0.25735855
0.24669679,0.24012373,0.2478036,0.0,0.26537588
0.2580775,0.0,0.25756043,0.22071753,0.26364455
0.24997571,0.0,0.25805256,0.23160537,0.26036632
0.2455043,0.0,0.2625914,0.2331083,0.25879598
0.26789665,0.0,0.2571369,0.21718782,0.2577786
0.25209987,0.0,0.26089257,0.23357813,0.25342947
0.25080347,0.0,0.25959855,0.2342702,0.25532782
0.2453509,0.0,0.25771198,0.24388629,0.2530508
0.24802552,0.0,0.26095486,0.23688209,0.25413755
0.2677215,0.0,0.2581784,0.21627018,0.2578299
0.24432997,0.0,0.26395145,0.24085292,0.25086567
0.2449118,0.0,0.2625803,0.23968147,0.2528264
0.24240829,0.0,0.26041386,0.24188465,0.2552932
0.24325241,0.0,0.2621111,0.24196692,0.25266954
0.27350628,0.0,0.25749826,0.21260002,0.25639546
0.24694428,0.0,0.26465026,0.23606841,0.25233707
0.24894522,0.0,0.26051852,0.24057578,0.2499605
0.24533588,0.0,0.26096395,0.24361387,0.2500863
0.24450207,0.0,0.26131636,0.24428429,0.24989727
0.27205157,0.0,0.2536627,0.21610484,0.25818092
0.24130869,0.0,0.2641105,0.24567032,0.24891043
0.24185662,0.0,0.2652897,0.24320279,0.24965082
0.23829003,0.0,0.26565439,0.24639247,0.2496631
0.2434043,0.0,0.26211673,0.24325635,0.25122264
0.27344397,0.0,0.25338703,0.21753962,0.25562936
0.24782355,0.0,0.25786975,0.24339002,0.2509167
0.24432985,0.0,0.26050493,0.24644251,0.24872266
0.24312867,0.0,0.26072207,0.24319659,0.25295264
0.24468036,0.0,0.26441243,0.23935461,0.2515526
0.2697544,0.0,0.25213587,0.22002469,0.25808504
0.24353881,0.0,0.26810876,0.23927666,0.24907574
0.24366166,0.0,0.27272215,0.23712084,0.24649535
0.24255079,0.0,0.26763567,0.2394789,0.25033465
0.24756142,0.0,0.26255378,0.2378839,0.2520009
0.27336428,0.0,0.2518845,0.21858057,0.25617063
0.24467823,0.0,0.26484075,0.24053596,0.24994507
0.24489382,0.0,0.26351827,0.24349123,0.2480967
0.2465051,0.0,0.26414177,0.24025151,0.2491016
0.24506152,0.0,0.26476598,0.23994271,0.25022975
0.27548197,0.0,0.2513377,0.21713069,0.25604954
0.2470731,0.0,0.2653999,0.24034029,0.24718668
0.24460462,0.0,0.27165562,0.23855653,0.24518329
0.24638258,0.0,0.26706302,0.23952124,0.24703316
0.2466788,0.0,0.26257637,0.24057321,0.25017157
0.2758943,0.0,0.24952844,0.22068453,0.25389272
0.2426258,0.0,0.2664807,0.24369775,0.24719572
0.24556203,0.0,0.26599836,0.23972969,0.2487099
0.24468485,0.0,0.26897696,0.23994286,0.2463953
0.2470595,0.0,0.26375574,0.24074076,0.24844404
0.27467763,0.0,0.25178385,0.21751034,0.25602818
0.24785934,0.0,0.26625052,0.23900288,0.24688727
0.24659078,0.0,0.26636818,0.24053217,0.24650884
0.24361664,0.0,0.26731545,0.2408444,0.24822354
0.24365216,0.0,0.25995022,0.24357513,0.25282252
0.2725344,0.0,0.2511474,0.22060038,0.25571784
0.24402082,0.0,0.26422548,0.24371676,0.2480369
0.24444278,0.0,0.2657246,0.24157922,0.24825342
0.24556188,0.0,0.26511267,0.24038844,0.24893707
0.24692889,0.0,0.26479253,0.2399601,0.24831846
0.27666947,0.0,0.25025716,0.21681693,0.25625643
0.24662395,0.0,0.2700497,0.23903622,0.24429014
0.24807745,0.0,0.26603726,0.23901919,0.24686612
0.24778764,0.0,0.26487878,0.24010803,0.24722554
0.2490568,0.0,0.26239258,0.23977783,0.24877281
0.27809194,0.0,0.25140145,0.21431154,0.25619504
0.24840634,0.0,0.26429904,0.24338913,0.24390553
0.24810891,0.0,0.26652136,0.23907566,0.24629408
0.24523795,0.0,0.26330125,0.24320136,0.24825945
0.24426901,0.0,0.268419,0.24061272,0.24669927
0.27172405,0.0,0.2540979,0.21857852,0.25559956
0.24275495,0.0,0.26742467,0.24353738,0.24628301
0.24766727,0.0,0.26551628,0.23953323,0.24728325
0.25186297,0.0,0.26865125,0.23515643,0.24432935
0.24683338,0.0,0.2608436,0.2422901,0.2500329
0.28207904,0.0,0.24809498,0.21491103,0.25491494
0.24220859,0.0,0.26791635,0.24373049,0.24614461
0.24668713,0.0,0.26561147,0.24229594,0.24540545
0.24541521,0.0,0.2665441,0.24099596,0.24704474
0.24655867,0.0,0.26580325,0.24008474,0.2475533
0.27722478,0.0,0.24850674,0.2168108,0.25745773
0.25058135,0.0,0.26660386,0.23785111,0.24496368
0.25206682,0.0,0.26609126,0.23621976,0.24562214
0.24771959,0.0,0.26510808,0.24223302,0.24493936
0.24626864,0.0,0.26517585,0.24155091,0.24700457
0.27701545,0.0,0.24930114,0.2196205,0.25406292
0.24396552,0.0,0.2674818,0.24201693,0.24653572
0.24807625,0.0,0.26999742,0.23727246,0.24465385
0.2461484,0.0,0.2695124,0.24003161,0.2443076
0.24573974,0.0,0.26726583,0.24177028,0.24522415
0.27619338,0.0,0.24979776,0.21823974,0.25576916
0.2435367,0.0,0.265951,0.24474525,0.24576701
0.24755839,0.0,0.26383588,0.2438578,0.24474794
0.24694134,0.0,0.2634274,0.2432568,0.24637438
0.24886751,0.0,0.26859024,0.23978065,0.24276163
0.28256196,0.0,0.24930222,0.21783115,0.25030467
0.24451175,0.0,0.26684818,0.24437743,0.24426267
0.2452696,0.0,0.27272776,0.2409327,0.24106994
0.24638635,0.0,0.26546812,0.24289942,0.24524607
0.2516667,0.0,0.26488945,0.23751849,0.24592537
0.28041938,0.0,0.24951266,0.21657275,0.25349525
0.24423794,0.0,0.26826894,0.24416102,0.24333209
0.24308398,0.0,0.26560873,0.24496214,0.24634516
0.24732,0.0,0.26849037,0.24121512,0.24297452
0.24688238,0.0,0.27247596,0.23840484,0.24223684
0.27578458,0.0,0.25172755,0.21928811,0.25319973
0.24767357,0.0,0.26803935,0.24254547,0.24174166
0.24500857,0.0,0.26758268,0.24380907,0.24359964
0.24879238,0.0,0.26613468,0.24158928,0.24348368
0.24898045,0.0,0.264598,0.24138555,0.245036
0.27783287,0.0,0.24870819,0.21867615,0.2547828
0.24563618,0.0,0.27107757,0.24269281,0.24059342
0.24681996,0.0,0.27053764,0.24133703,0.24130535
0.24762958,0.0,0.26670045,0.241453,0.24421698
0.2468113,0.0,0.27324843,0.23860003,0.24134026
0.28444362,0.0,0.25105312,0.2128255,0.25167772
0.2513727,0.0,0.26543936,0.24177071,0.24141726
0.2514993,0.0,0.26841143,0.23782302,0.24226622
0.24612084,0.0,0.26987746,0.2428295,0.24117224
0.2499284,0.0,0.26875865,0.23845892,0.242854
0.28081354,0.0,0.2492615,0.21686669,0.25305825
0.2435652,0.0,0.27363065,0.24198394,0.24082018
0.24535751,0.0,0.2762365,0.2393874,0.2390186
0.24691986,0.0,0.26692653,0.24186401,0.24428958
0.24720088,0.0,0.27591985,0.23778103,0.23909822
0.28279683,0.0,0.24584343,0.22038801,0.25097173
0.24692802,0.0,0.26970807,0.24379429,0.2395696
0.24579458,0.0,0.272613,0.24232116,0.23927125
0.2448196,0.0,0.27098197,0.24192989,0.24226856
0.24710281,0.0,0.27059627,0.24120374,0.24109717
0.27531454,0.0,0.25653622,0.21761186,0.2505374
0.24428093,0.0,0.27042505,0.2439235,0.24137053
0.25043955,0.0,0.27138978,0.23864767,0.23952298
0.2543541,0.0,0.268702,0.23662074,0.24032319
0.24938326,0.0,0.26806912,0.24094476,0.24160287
0.27959242,0.0,0.24623719,0.22269179,0.2514786
0.2442421,0.0,0.27432072,0.24252366,0.23891352
0.24472466,0.0,0.27546498,0.24159664,0.23821367
0.24889283,0.0,0.2736131,0.23891601,0.23857802
0.24689941,0.0,0.27688402,0.23706646,0.23915009
0.27906632,0.0,0.24492581,0.22514865,0.25085923
0.24676584,0.0,0.2733803,0.24290094,0.2369529
0.25039297,0.0,0.2675479,0.23930855,0.24275053
0.24573758,0.0,0.26697704,0.2441783,0.2431071
0.24640879,0.0,0.2708311,0.24338259,0.23937756
0.28145486,0.0,0.24598251,0.22217809,0.25038457
0.24562848,0.0,0.27280366,0.24383916,0.23772873
0.24521774,0.0,0.27295673,0.24142969,0.2403958
0.2448025,0.0,0.27646327,0.24142012,0.23731412
0.24507993,0.0,0.27179417,0.24157082,0.24155506
0.28246865,0.0,0.24084073,0.22446643,0.2522242
0.24509288,0.0,0.27276942,0.24399993,0.2381378
0.24609742,0.0,0.26893792,0.24370772,0.24125692
0.24567355,0.0,0.27140716,0.24169783,0.24122141
0.24818458,0.0,0.26952985,0.23977977,0.24250574
0.28105322,0.0,0.24656188,0.22091538,0.25146955
0.24700299,0.0,0.271057,0.2436317,0.23830831
0.24599072,0.0,0.2712274,0.24351785,0.23926406
0.24570046,0.0,0.27109557,0.24181312,0.24139088
0.24761617,0.0,0.27250656,0.23974776,0.2401295
0.28404686,0.0,0.24266206,0.22223245,0.2510586
0.24526088,0.0,0.27103403,0.24384385,0.23986128
0.24461927,0.0,0.2738717,0.24206783,0.23944122
0.24933271,0.0,0.27332014,0.23919144,0.23815568
0.24446183,0.0,0.27177343,0.24185604,0.2419087
0.28244612,0.0,0.2501376,0.21777175,0.24964447
0.2427063,0.0,0.2738493,0.24523212,0.23821226
0.2469419,0.0,0.2714445,0.24029784,0.2413158
0.24394536,0.0,0.2689982,0.24456768,0.24248879
0.24761465,0.0,0.26812273,0.2426961,0.2415665
0.283825,0.0,0.24432142,0.22213396,0.24971959
0.24530604,0.0,0.27580655,0.2422328,0.23665464
0.24319367,0.0,0.2737474,0.24352422,0.23953469
0.2465696,0.0,0.2699559,0.24245553,0.2410189
0.24525638,0.0,0.27300102,0.24178894,0.23995367
0.28480744,0.0,0.24635066,0.21697623,0.25186563
0.24959204,0.0,0.270238,0.24178714,0.23838279
0.25114632,0.0,0.27141634,0.23850188,0.23893544
0.25110006,0.0,0.26955986,0.2394063,0.23993373
0.24756101,0.0,0.2693191,0.24217929,0.24094063
0.2842128,0.0,0.24301778,0.22503543,0.247734
0.24306656,0.0,0.27457777,0.24424659,0.2381091
0.24607775,0.0,0.27389216,0.24087752,0.23915258
0.24836981,0.0,0.2706184,0.24039966,0.24061216
0.24801004,0.0,0.27035832,0.24069132,0.24094032
0.28107876,0.0,0.23834887,0.22768556,0.25288677
0.24934594,0.0,0.2714194,0.24138846,0.2378462
0.25251344,0.0,0.26981026,0.23981509,0.23786125
0.24707183,0.0,0.26831087,0.24444215,0.24017513
0.24772567,0.0,0.27299917,0.24141248,0.23786265
0.28509873,0.0,0.23877512,0.22524235,0.25088388
0.24723342,0.0,0.27346,0.24275734,0.23654927
0.24573557,0.0,0.27365938,0.24170756,0.23889752
0.24613506,0.0,0.2771888,0.2406704,0.23600574
0.24554569,0.0,0.27718118,0.24057117,0.23670201
0.28557244,0.0,0.24303262,0.22227576,0.24911922
0.2464382,0.0,0.27359557,0.24285626,0.23710996
0.24718925,0.0,0.2710207,0.24343763,0.23835239
0.24858741,0.0,0.27192152,0.24115779,0.23833333
0.2472659,0.0,0.2717882,0.24089484,0.24005106
0.2883067,0.0,0.24135286,0.22237183,0.24796861
0.24613062,0.0,0.2728051,0.24425465,0.23680964
0.2441091,0.0,0.27949086,0.24160242,0.23479764
0.24596627,0.0,0.27487594,0.24008416,0.23907363
0.24878448,0.0,0.2750796,0.23786838,0.23826751
0.28827253,0.0,0.23794508,0.22630638,0.24747609
0.25007972,0.0,0.27365214,0.24116182,0.23510627
0.24597652,0.0,0.2730697,0.24248298,0.23847081
0.24688399,0.0,0.27603614,0.24026817,0.23681167
0.24784003,0.0,0.27606532,0.23793411,0.23816058
0.28522992,0.0,0.24525955,0.22132322,0.2481873
0.2475591,0.0,0.27245995,0.2423665,0.23761451
0.24711706,0.0,0.27399504,0.24154963,0.23733832
0.24979913,0.0,0.27537152,0.23892504,0.2359043
0.25320232,0.0,0.27046734,0.23969874,0.23663157
0.2814818,0.0,0.23626554,0.2313261,0.25092655
0.24681771,0.0,0.27603838,0.24194963,0.23519427
0.24974453,0.0,0.2740431,0.24024637,0.23596597
0.25000507,0.0,0.27501804,0.2392186,0.23575829
0.2455122,0.0,0.27633178,0.2408585,0.23729756
0.28961575,0.0,0.23587954,0.22702368,0.24748099
0.25324935,0.0,0.27131137,0.23962235,0.23581694
0.24917498,0.0,0.27192914,0.24290317,0.23599271
0.24635766,0.0,0.27844164,0.23842356,0.23677714
0.24962023,0.0,0.2763419,0.23835137,0.23568654
0.28655446,0.0,0.24103215,0.22454667,0.24786675
0.24936117,0.0,0.28050435,0.2381753,0.23195922
0.2432108,0.0,0.27957043,0.24244283,0.23477592
0.2515084,0.0,0.27228665,0.23903404,0.23717085
0.24867938,0.0,0.27704036,0.23824595,0.23603427
0.28711048,0.0,0.23839281,0.22706337,0.24743329
0.24567693,0.0,0.2781961,0.24164742,0.23447958
0.2487741,0.0,0.28129014,0.2366976,0.23323816
0.25002056,0.0,0.2783707,0.23736313,0.2342456
0.24924324,0.0,0.27886307,0.23711938,0.23477432
0.28295705,0.0,0.24266496,0.227132,0.24724603
0.24711749,0.0,0.2765396,0.24216954,0.23417336
0.25261822,0.0,0.2723237,0.23927298,0.23578514
0.25390473,0.0,0.27580744,0.23526599,0.23502189
0.2482689,0.0,0.27197674,0.24067067,0.23908368
0.28657573,0.0,0.2368058,0.2286702,0.24794829
0.24645294,0.0,0.27997985,0.24017228,0.23339494
0.24778904,0.0,0.2808745,0.23767103,0.23366539
0.25104105,0.0,0.27977502,0.23417105,0.23501287
0.25042447,0.0,0.28273568,0.23449105,0.23234886
0.28727546,0.0,0.23666975,0.2300103,0.24604444
0.24866998,0.0,0.278886,0.23894453,0.23349953
0.2538084,0.0,0.27641043,0.2362053,0.23357591
0.24848898,0.0,0.27883604,0.23758133,0.23509365
0.24400485,0.0,0.2812962,0.23788044,0.23681848
0.2895063,0.0,0.23414823,0.23086077,0.24548471
0.24934047,0.0,0.2777527,0.24094589,0.23196092
0.24761131,0.0,0.2823066,0.23544689,0.23463517
0.24601738,0.0,0.28329435,0.23736507,0.23332317
0.24956013,0.0,0.2789336,0.23590642,0.2355998
0.2871733,0.0,0.23765826,0.23263237,0.24253611
0.24737139,0.0,0.28137803,0.23975441,0.23149616
0.25389087,0.0,0.2821871,0.23392585,0.22999619
0.2488196,0.0,0.28328568,0.23469833,0.2331964
0.24887119,0.0,0.2831495,0.233582,0.23439723
0.28826904,0.0,0.24281894,0.22584398,0.24306801
0.24977946,0.0,0.2793629,0.23867196,0.2321857
0.24861008,0.0,0.2859022,0.23440257,0.23108517
0.25037187,0.0,0.2811713,0.23530242,0.23315439
0.25415835,0.0,0.27783835,0.234858,0.23314531
0.28756648,0.0,0.23422514,0.23519865,0.24300978
0.24612258,0.0,0.28477183,0.23757227,0.23153335
0.24846902,0.0,0.28195795,0.2357437,0.23382929
0.24892585,0.0,0.2838494,0.23407583,0.23314895
0.24680316,0.0,0.28830078,0.23364612,0.23124997
0.29032004,0.0,0.23406911,0.23181978,0.24379112
0.25155753,0.0,0.27734107,0.23932351,0.23177792
0.24731475,0.0,0.28230855,0.23636846,0.23400824
0.24934329,0.0,0.28426942,0.23323111,0.23315619
0.24861154,0.0,0.28384018,0.23359817,0.2339501
0.29095283,0.0,0.24113962,0.22815804,0.23974946
0.24482681,0.0,0.28781584,0.23770225,0.22965512
0.24837407,0.0,0.28544876,0.23402853,0.23214862
0.248615,0.0,0.28123206,0.23589395,0.234259
0.25089517,0.0,0.28593192,0.23197922,0.23119369
0.28934407,0.0,0.23524687,0.23173393,0.24367516
0.24711032,0.0,0.28631783,0.23634152,0.23023033
0.24745926,0.0,0.29003802,0.23192334,0.2305794
0.24850333,0.0,0.2888169,0.23130183,0.23137797
0.25057456,0.0,0.2843732,0.23216797,0.23288427
0.2887557,0.0,0.23561992,0.23125923,0.24436519
0.25368407,0.0,0.2812971,0.23521198,0.22980683
0.24801382,0.0,0.28591523,0.23459707,0.23147385
0.2512081,0.0,0.28635088,0.23205346,0.23038758
0.24934924,0.0,0.29045963,0.23002677,0.23016433
0.29119444,0.0,0.23798518,0.2284277,0.24239267
0.2453516,0.0,0.29179782,0.23538114,0.22746943
0.25231564,0.0,0.28458333,0.23362339,0.22947763
0.25157234,0.0,0.28718933,0.23158209,0.2296562
0.2525454,0.0,0.28462934,0.2317517,0.23107356
0.29251352,0.0,0.23474076,0.2320231,0.24072258
0.24973872,0.0,0.28816736,0.23457214,0.22752175
0.24820617,0.0,0.2903157,0.23127018,0.23020793
0.24691989,0.0,0.29360327,0.2306655,0.22881135
0.24793662,0.0,0.28882357,0.23191792,0.23132187
0.29174784,0.0,0.2349477,0.23034643,0.242958
0.25038403,0.0,0.28811398,0.23376545,0.22773658
0.25332308,0.0,0.28809005,0.22926724,0.22931969
0.24793704,0.0,0.2921031,0.22957836,0.23038146
0.247144,0.0,0.28962576,0.23052688,0.2327034
0.2906844,0.0,0.23982686,0.22996648,0.2395223
0.24791461,0.0,0.28473416,0.23547836,0.23187281
0.2500702,0.0,0.29280195,0.2305693,0.22655855
0.25124973,0.0,0.28786367,0.230736,0.23015061
0.24911907,0.0,0.28618258,0.23235698,0.23234135
0.290995,0.0,0.23444131,0.23305655,0.24150717
0.24770558,0.0,0.28925058,0.23416987,0.22887394
0.25088957,0.0,0.29021284,0.2305437,0.22835393
0.24756221,0.0,0.29487294,0.22879367,0.22877122
0.25407344,0.0,0.2893137,0.22779584,0.22881706
0.29185525,0.0,0.23543438,0.23328048,0.23942985
0.2508165,0.0,0.28794277,0.23293464,0.22830613
0.25300902,0.0,0.29134887,0.22922377,0.22641832
0.2528288,0.0,0.29309544,0.22795837,0.22611742
0.2486468,0.0,0.29388684,0.22757445,0.22989191
0.2969719,0.0,0.23384435,0.22487669,0.24430706
0.25465366,0.0,0.2893895,0.23064841,0.22530843
0.252781,0.0,0.28734303,0.22999458,0.22988142
0.25283605,0.0,0.2875552,0.230317,0.22929174
0.25336233,0.0,0.29162577,0.22725712,0.22775477
0.28949833,0.0,0.23176141,0.23497783,0.24376243
0.25780606,0.27881896,0.24147792,0.22189707,0.0
0.25979996,0.2818477,0.23434721,0.2240051,0.0
0.25895897,0.28880948,0.2232662,0.22896536,0.0
0.26739955,0.28470474,0.2246132,0.22328249,0.0
0.26342058,0.28709742,0.22504425,0.22443774,0.0
0.25862244,0.2759761,0.2460383,0.21936323,0.0
0.26121926,0.28413534,0.22974423,0.22490115,0.0
0.26169816,0.2877014,0.22350305,0.22709739,0.0
0.26627314,0.28707874,0.22391106,0.22273707,0.0
0.26841676,0.28683287,0.22287986,0.2218705,0.0
0.25771466,0.27707645,0.24460168,0.22060727,0.0
0.25998807,0.28174746,0.23559418,0.22267027,0.0
0.2616348,0.28589767,0.22705534,0.22541216,0.0
0.26015124,0.29085225,0.22151133,0.22748514,0.0
0.2667806,0.28586063,0.22315851,0.22420022,0.0
0.25746852,0.276773,0.24431232,0.22144614,0.0
0.25929466,0.28089398,0.2352418,0.22456954,0.0
0.25957656,0.2870669,0.22808321,0.22527333,0.0
0.2658763,0.28653494,0.223802,0.2237868,0.0
0.2650085,0.2860204,0.22455972,0.22441138,0.0
0.25971347,0.2738476,0.24819298,0.21824594,0.0
0.26058263,0.28461766,0.22784963,0.22695005,0.0
0.26084468,0.28416386,0.23006439,0.2249271,0.0
0.26370826,0.2830436,0.2292775,0.22397065,0.0
0.26430878,0.28890103,0.22371322,0.22307692,0.0
0.2597515,0.2733238,0.24690041,0.22002427,0.0
0.25984874,0.28287262,0.23406097,0.22321771,0.0
0.2581316,0.28386274,0.23097794,0.22702776,0.0
0.264418,0.2883602,0.22233528,0.22488648,0.0
0.26498985,0.28271413,0.23013535,0.22216067,0.0
0.260212,0.27212465,0.24973771,0.21792567,0.0
0.25939763,0.285038,0.22953661,0.22602782,0.0
0.26459938,0.28578594,0.22536494,0.22424977,0.0
0.26138344,0.28712726,0.22468029,0.226809,0.0
0.25915584,0.28697583,0.2256065,0.22826186,0.0
0.25254682,0.27828243,0.24416243,0.22500828,0.0
0.25850296,0.28388202,0.22860186,0.22901313,0.0
0.26281637,0.27781883,0.23420559,0.22515924,0.0
0.26848152,0.28344592,0.2251632,0.22290936,0.0
0.26269576,0.2861478,0.2246144,0.22654207,0.0
0.26069614,0.27120054,0.24833228,0.219771,0.0
0.25927356,0.2831095,0.22855464,0.2290623,0.0
0.26082045,0.284424,0.2272179,0.22753762,0.0
0.26827186,0.2796541,0.22682054,0.22525346,0.0
0.25855967,0.287784,0.22441629,0.22924007,0.0
0.26004145,0.27548552,0.241787,0.22268604,0.0
0.25790334,0.28529668,0.22823633,0.22856362,0.0
0.25992417,0.2812542,0.23036203,0.22845958,0.0
0.26631188,0.27989104,0.22902748,0.22476959,0.0
0.2616011,0.28899178,0.21842478,0.23098232,0.0
0.2558045,0.2770824,0.24025874,0.22685431,0.0
0.25347346,0.28598586,0.22849113,0.23204954,0.0
0.25564572,0.28506568,0.2273898,0.23189881,0.0
0.2658485,0.28334004,0.22456141,0.22625007,0.0
0.2613075,0.28418183,0.2265248,0.22798587,0.0
0.2590924,0.27162823,0.24552436,0.223755,0.0
0.25949255,0.2782696,0.23391607,0.22832178,0.0
0.25956145,0.28474233,0.22551194,0.23018424,0.0
0.2591826,0.2876998,0.2215558,0.23156178,0.0
0.2658641,0.28040326,0.22865309,0.22507957,0.0
0.25749627,0.2720813,0.24643505,0.2239874,0.0
0.2570277,0.27967125,0.2340349,0.22926624,0.0
0.25935158,0.2820463,0.22652842,0.23207374,0.0
0.25941578,0.2840337,0.22626205,0.23028845,0.0
0.25679317,0.28580374,0.225225,0.23217814,0.0
0.25528568,0.2765476,0.23944473,0.22872204,0.0
0.25848523,0.28171268,0.22828518,0.23151696,0.0
0.26301676,0.28174818,0.2250329,0.23020211,0.0
0.25771976,0.28787133,0.0,0.23396562,0.22044334
0.26153958,0.28478947,0.22402172,0.22964922,0.0
0.25887382,0.2721955,0.24461721,0.22431344,0.0
0.25594765,0.2831444,0.22843373,0.23247422,0.0
0.26009917,0.28484985,0.22385672,0.23119427,0.0
0.26195773,0.28361386,0.22422493,0.23020352,0.0
0.25789034,0.28653598,0.0,0.23334594,0.22222775
0.25913966,0.2728062,0.23964228,0.22841184,0.0
0.2541731,0.28169513,0.22990464,0.23422712,0.0
0.2625631,0.28078368,0.22524005,0.23141316,0.0
0.25772595,0.28441617,0.22703823,0.23081969,0.0
0.26079398,0.2851735,0.0,0.23200972,0.22202282
0.25626403,0.27380762,0.24036613,0.22956218,0.0
0.25380465,0.2839741,0.22674656,0.2354747,0.0
0.26015666,0.2824517,0.22527865,0.232113,0.0
0.2603359,0.28320697,0.223021,0.23343612,0.0
0.25879893,0.28589785,0.0,0.23108171,0.2242215
0.2570871,0.27265579,0.24261278,0.0,0.22764434
0.25924534,0.27936596,0.23023035,0.2311583,0.0
0.25754252,0.28229305,0.22848494,0.23167953,0.0
0.25952065,0.28126746,0.22689822,0.23231362,0.0
0.2577879,0.28417113,0.0,0.23371921,0.22432174
0.2556846,0.2728635,0.24039468,0.23105721,0.0
0.25233328,0.28276172,0.22812349,0.23678154,0.0
0.261365,0.2787353,0.22760889,0.23229085,0.0
0.26064512,0.2807329,0.22869034,0.22993165,0.0
0.2620375,0.27934018,0.22842628,0.23019607,0.0
0.25583303,0.27478176,0.23798169,0.0,0.2314035
0.2584281,0.27973324,0.22954802,0.2322906,0.0
0.25574335,0.28366923,0.0,0.23354577,0.22704165
0.25485718,0.28290692,0.0,0.23505443,0.22718146
0.25986186,0.2810931,0.0,0.23369893,0.22534612
0.2594184,0.2670609,0.24429274,0.0,0.22922795
0.25300896,0.2790039,0.23167518,0.23631199,0.0
0.2548504,0.28022465,0.0,0.23603034,0.2288946
0.2559586,0.28143495,0.0,0.232548,0.23005849
0.2574774,0.28127182,0.0,0.23263109,0.22861977
0.25411913,0.2729551,0.24083029,0.0,0.23209545
0.25374895,0.27984732,0.23159406,0.23480964,0.0
0.25280294,0.28274378,0.0,0.23391372,0.2305395
0.25814533,0.28120744,0.0,0.23351994,0.22712724
0.25540727,0.28160506,0.0,0.2346358,0.22835186
0.25665087,0.26973623,0.24043052,0.0,0.23318237
0.25008786,0.2815902,0.0,0.23762193,0.23069999
0.25486434,0.2792245,0.0,0.23523737,0.23067382
0.2598113,0.27894628,0.0,0.2302657,0.23097669
0.2578554,0.28060165,0.0,0.2316141,0.22992887
0.2583938,0.27066156,0.23956634,0.0,0.23137826
0.2523754,0.27999306,0.0,0.23445132,0.23318024
0.2624604,0.2753169,0.23103893,0.23118374,0.0
0.2543281,0.2798929,0.0,0.23456298,0.23121603
0.25870046,0.27902076,0.0,0.23014736,0.23213142
0.25464836,0.26654953,0.24413064,0.0,0.23467143
0.25248715,0.27833197,0.0,0.23682053,0.23236035
0.25601307,0.27830905,0.0,0.23423554,0.23144236
0.25747117,0.2785544,0.0,0.23178864,0.23218577
0.25545642,0.27835277,0.0,0.23263268,0.23355815
0.2481039,0.27166268,0.2409402,0.0,0.23929322
0.25300974,0.27780765,0.0,0.23439203,0.2347905
0.25240755,0.2796237,0.0,0.2334529,0.23451583
0.258398,0.27629852,0.0,0.2326133,0.23269013
0.2588535,0.2729262,0.23329268,0.0,0.2349276
0.25217932,0.26523945,0.24411175,0.0,0.2384695
0.24866146,0.27778813,0.0,0.236932,0.23661844
0.25453487,0.2765005,0.0,0.23527698,0.23368764
0.25475156,0.27790046,0.0,0.23256028,0.23478775
0.25357398,0.27823216,0.0,0.23287193,0.23532197
0.2515772,0.2653501,0.24320075,0.0,0.239872
0.2488605,0.2779676,0.0,0.2354917,0.23768021
0.25060323,0.27832907,0.0,0.2341587,0.23690894
0.24763052,0.27897933,0.0,0.23581608,0.23757407
0.2566998,0.27689093,0.0,0.23054971,0.2358596
0.2535763,0.2654835,0.2416991,0.0,0.2392411
0.25068548,0.2760419,0.0,0.23714855,0.2361241
0.2576981,0.27338874,0.23349477,0.0,0.23541833
0.25377333,0.27799305,0.0,0.23194127,0.23629235
0.25104633,0.27786478,0.0,0.23407142,0.23701742
0.24826573,0.26477647,0.24368751,0.0,0.24327034
0.24712326,0.27606288,0.0,0.23550816,0.24130571
0.25364804,0.27357313,0.0,0.23415105,0.23862776
0.25487733,0.27344432,0.2315245,0.0,0.24015383
0.25497094,0.276064,0.0,0.23056695,0.23839812
0.2498066,0.26383188,0.2451522,0.0,0.24120934
0.24827798,0.27639776,0.0,0.23767437,0.23764987
0.2526831,0.27445045,0.0,0.23240404,0.24046245
0.2509944,0.2764152,0.0,0.2339704,0.23861995
0.25089666,0.27696773,0.0,0.23426805,0.2378676
0.24972242,0.26313353,0.24348463,0.0,0.24365939
0.25149673,0.27390918,0.0,0.23545024,0.23914386
0.24354477,0.27704632,0.0,0.23621748,0.24319144
0.25606635,0.27193326,0.23286939,0.0,0.23913103
0.25359264,0.27529863,0.0,0.23152456,0.2395842
0.24937811,0.25875494,0.24741028,0.0,0.24445666
0.24765016,0.27431718,0.0,0.23498642,0.24304627
0.2510641,0.27288586,0.0,0.23330685,0.24274322
0.25371218,0.27434766,0.0,0.22995815,0.241982
0.24829598,0.2749764,0.0,0.23290661,0.24382098
0.24890135,0.2600758,0.24452572,0.0,0.24649715
0.2502104,0.27017456,0.23518811,0.0,0.24442698
0.25334093,0.27244127,0.0,0.23250444,0.24171336
0.25272197,0.27204067,0.0,0.23358685,0.2416505
0.25358894,0.27193996,0.22999603,0.0,0.24447507
0.24781038,0.26278248,0.24148577,0.0,0.24792133
0.2508648,0.27046755,0.0,0.23644085,0.24222676
0.2508459,0.27194953,0.0,0.23514828,0.24205627
0.25071096,0.27354977,0.0,0.23315112,0.24258818
0.24908961,0.27338696,0.0,0.23378196,0.2437415
0.24881199,0.2615522,0.24044144,0.0,0.24919438
0.24533008,0.27139196,0.0,0.23788293,0.24539508
0.253556,0.26851487,0.0,0.23481092,0.24311823
0.2494027,0.2718297,0.0,0.23237932,0.24638823
0.25045905,0.27382824,0.0,0.23314594,0.2425668
0.2502132,0.25699586,0.24513318,0.0,0.24765775
0.24706472,0.26992,0.0,0.23703699,0.2459783
0.24629849,0.27147377,0.0,0.23603268,0.24619506
0.25283936,0.2688613,0.0,0.2319006,0.24639879
0.2484099,0.27290744,0.0,0.23347388,0.2452088
0.24620482,0.259851,0.24064215,0.0,0.25330207
0.24960388,0.26855174,0.0,0.23555043,0.24629392
0.24635687,0.2706956,0.0,0.2352745,0.24767302
0.2486425,0.27083108,0.0,0.23188159,0.24864487
0.2474254,0.27235582,0.0,0.23180741,0.24841139
0.2450575,0.2589388,0.24087946,0.0,0.2551243
0.2466576,0.26566446,0.23906626,0.0,0.24861167
0.25110048,0.26711807,0.23334303,0.0,0.24843839
0.24987024,0.2689849,0.0,0.2347183,0.24642658
0.25258693,0.26756284,0.2311398,0.0,0.24871048
0.24529298,0.25900784,0.24130486,0.0,0.2543943
0.24825867,0.26688218,0.0,0.23872434,0.2461348
0.25292507,0.2658573,0.0,0.23258518,0.2486324
0.24760641,0.2697019,0.0,0.23459703,0.24809466
0.24693377,0.26954085,0.0,0.23542152,0.24810383
0.2491064,0.25517255,0.24243204,0.0,0.25328898
0.24302235,0.26793844,0.0,0.23727466,0.25176454
0.24743468,0.2667083,0.0,0.23602588,0.24983114
0.25162318,0.26570526,0.23337568,0.0,0.24929589
0.25493363,0.26624694,0.0,0.23181094,0.24700853
0.24468467,0.25773844,0.24070223,0.0,0.25687462
0.24867244,0.26384616,0.23649131,0.0,0.25099003
0.24260396,0.26818672,0.0,0.23591638,0.25329295
0.25107545,0.26316896,0.23401698,0.0,0.25173864
0.24832927,0.26703888,0.0,0.23237476,0.2522571
0.24414234,0.2505924,0.24784048,0.0,0.25742474
0.24739963,0.26347193,0.23724963,0.0,0.25187886
0.24982518,0.26399165,0.0,0.2337717,0.25241148
0.24757725,0.26578844,0.0,0.23532012,0.25131425
0.24773644,0.26660043,0.0,0.23188882,0.2537743
0.24096473,0.25457108,0.24400471,0.0,0.26045948
0.24524021,0.26173645,0.23820205,0.0,0.25482127
0.2445359,0.26474583,0.2357075,0.0,0.25501075
0.24726544,0.2652215,0.0,0.23458645,0.2529266
0.25039834,0.26505956,0.0,0.2310434,0.25349867
0.24275269,0.2531043,0.24379522,0.0,0.26034778
0.24508663,0.26345986,0.0,0.23856692,0.2528866
0.24555178,0.26443657,0.0,0.23310857,0.25690305
0.24981116,0.26402432,0.0,0.23283903,0.25332546
0.24303032,0.26789853,0.0,0.23499094,0.2540802
0.24320094,0.2554735,0.23860599,0.0,0.26271954
0.24262421,0.26376352,0.0,0.23730709,0.25630522
0.24641694,0.26425946,0.0,0.2366512,0.25267237
0.24693067,0.26437995,0.0,0.23312487,0.25556448
0.24463038,0.26674163,0.0,0.23428391,0.2543441
0.24069265,0.2525714,0.24339655,0.0,0.26333943
0.24325451,0.26218396,0.0,0.23724382,0.25731772
0.24687283,0.26265135,0.0,0.2357154,0.25476038
0.24939974,0.26124123,0.23290716,0.0,0.25645187
0.24887162,0.26331773,0.0,0.23217407,0.25563657
0.24758108,0.24335103,0.24976997,0.0,0.25929788
0.24794519,0.259339,0.0,0.23654567,0.25617015
0.24489073,0.26255885,0.0,0.2356286,0.2569218
0.25330976,0.2580556,0.23554869,0.0,0.25308597
0.24710321,0.26375285,0.0,0.23286878,0.25627512
0.24229595,0.24830386,0.24685739,0.0,0.2625428
0.24382836,0.25907862,0.23883842,0.0,0.2582546
0.24590604,0.26182,0.0,0.23505963,0.2572144
0.2505583,0.25847876,0.23505604,0.0,0.2559069
0.24956988,0.26225343,0.0,0.23183838,0.25633833
0.24273598,0.24545775,0.24917981,0.0,0.2626265
0.24407324,0.25744748,0.24071224,0.0,0.25776702
0.24308799,0.26131982,0.0,0.23503241,0.2605598
0.24496369,0.26216787,0.0,0.23252921,0.2603392
0.2399565,0.26345557,0.0,0.23546235,0.2611256
0.24525273,0.24589258,0.24365294,0.0,0.26520175
0.24450725,0.25534374,0.24098496,0.0,0.25916407
0.24125126,0.2605004,0.0,0.23839553,0.25985283
0.24724524,0.2604398,0.0,0.23376128,0.25855362
0.24324349,0.26136798,0.0,0.23539943,0.2599891
0.24659166,0.24354072,0.245631,0.0,0.26423663
0.0,0.2579167,0.23860729,0.23864183,0.2648342
0.23912264,0.26063657,0.0,0.23807679,0.26216403
0.24338302,0.26102608,0.0,0.23463772,0.2609532
0.24468097,0.26111743,0.0,0.23495081,0.2592508
0.24038835,0.24656089,0.24229963,0.0,0.27075115
0.0,0.2559515,0.24080238,0.23956314,0.263683
0.24207088,0.2605598,0.0,0.23769838,0.25967094
0.24377844,0.25916556,0.23458129,0.0,0.26247472
0.24072796,0.25778362,0.2344943,0.0,0.26699412
0.24286324,0.24225616,0.24609128,0.0,0.2687893
0.0,0.25455537,0.24107353,0.24027114,0.26409996
0.24591024,0.25546986,0.23717786,0.0,0.26144204
0.24511872,0.25950524,0.0,0.23579085,0.2595852
0.24422795,0.25654918,0.2372649,0.0,0.261958
0.24165262,0.24404791,0.24299866,0.0,0.2713008
0.0,0.25543725,0.23977675,0.2413114,0.26347464
0.24448271,0.2517536,0.24214955,0.0,0.26161414
0.24434254,0.25711748,0.23654169,0.0,0.2619983
0.2470081,0.25965637,0.0,0.23501457,0.25832093
0.2367202,0.24113986,0.24828807,0.0,0.2738519
0.0,0.2535188,0.24255787,0.24040343,0.2635199
0.2430709,0.25845724,0.0,0.23452881,0.26394302
0.23957512,0.25713873,0.23772402,0.0,0.26556215
0.24718589,0.25775152,0.0,0.23325333,0.26180926
0.2495893,0.23257613,0.25267938,0.0,0.26515523
0.2772995,0.27211958,0.0,0.20867199,0.24190898
0.245177,0.2613275,0.0,0.2278978,0.26559767
0.2505014,0.25493884,0.23471189,0.0,0.25984788
0.24524751,0.25858873,0.23112302,0.0,0.26504076
0.24646607,0.23700318,0.24523963,0.0,0.27129114
0.24329218,0.2509428,0.24148628,0.0,0.26427877
0.23925057,0.25937244,0.0,0.23492582,0.26645112
0.24666205,0.25754416,0.0,0.23410477,0.26168898
0.24241601,0.25818434,0.0,0.23610532,0.26329434
0.24041133,0.23673122,0.24761234,0.0,0.27524516
0.23814306,0.24924009,0.24454336,0.0,0.2680735
0.24811612,0.25297514,0.23468418,0.0,0.26422456
0.24490555,0.257776,0.0,0.23456508,0.26275343
0.24395987,0.25677842,0.23699169,0.0,0.26227003
0.24050204,0.23962744,0.24105617,0.0,0.27881432
0.23662238,0.24651942,0.25161475,0.0,0.26524347
0.24694228,0.2509353,0.241626,0.0,0.26049647
0.24272658,0.2557841,0.23639497,0.0,0.26509437
0.23959762,0.25929162,0.0,0.2373266,0.26378414
0.2438551,0.0,0.25034583,0.233216,0.27258307
0.0,0.24949597,0.24641502,0.23772427,0.26636475
0.2427516,0.25438496,0.23848377,0.0,0.26437968
0.23970366,0.2566065,0.23762418,0.0,0.2660657
0.24162184,0.25808594,0.0,0.23703486,0.26325735
0.2472138,0.22898437,0.2510526,0.0,0.27274925
0.24000418,0.25265586,0.0,0.24062057,0.26671937
0.24241918,0.25359032,0.24104437,0.0,0.26294616
0.235394,0.25914997,0.0,0.2383246,0.26713142
0.2394944,0.25756228,0.0,0.2381486,0.2647947
0.2457605,0.0,0.25083596,0.22916806,0.27423546
0.0,0.25005698,0.24289876,0.24013884,0.26690543
0.24165358,0.25487497,0.24061991,0.0,0.2628515
0.0,0.25892445,0.23776366,0.23758551,0.26572642
0.23737061,0.26116624,0.0,0.23876196,0.26270118
0.24429432,0.0,0.2536321,0.22798696,0.27408662
0.0,0.2510302,0.24492463,0.23982245,0.2642227
0.0,0.25644958,0.23856884,0.23780909,0.2671725
0.23951593,0.25922146,0.0,0.23781705,0.26344556
0.2337615,0.26131114,0.0,0.23917013,0.26575717
0.24831884,0.0,0.24220249,0.23238936,0.27708933
0.0,0.2494648,0.24040276,0.2403213,0.26981115
0.0,0.25630578,0.23999317,0.24074945,0.2629516
0.23255144,0.26092747,0.0,0.23960266,0.26691845
0.2346717,0.26283887,0.0,0.23985109,0.26263836
0.2368913,0.0,0.24280247,0.23682553,0.28348073
0.0,0.25278035,0.24199691,0.24092332,0.26429942
0.0,0.25690663,0.24007986,0.24155584,0.26145762
0.23617335,0.25829974,0.24160366,0.0,0.26392326
0.0,0.2620265,0.23643652,0.23838377,0.26315325
0.24185547,0.0,0.25106058,0.23208421,0.2749997
0.0,0.25163257,0.24625652,0.23917167,0.26293927
0.0,0.25747165,0.24185376,0.24007668,0.26059794
0.0,0.2590563,0.24007729,0.24030088,0.26056555
0.0,0.26506546,0.23378392,0.23798358,0.26316702
0.24846716,0.0,0.25115997,0.23109563,0.26927724
0.2520918,0.26989707,0.24427943,0.23373166,0.0
0.25333628,0.27805796,0.22941992,0.23918584,0.0
0.25571588,0.27916378,0.22896294,0.23615737,0.0
0.2563189,0.27867138,0.22789147,0.23711826,0.0
0.25433615,0.2834985,0.22344594,0.23871945,0.0
0.25277266,0.26817945,0.24706908,0.23197883,0.0
0.254706,0.2766463,0.23502147,0.23362623,0.0
0.25451288,0.28027502,0.22913294,0.23607916,0.0
0.25564855,0.27958527,0.22831361,0.23645253,0.0
0.2615126,0.28082335,0.22591478,0.23174922,0.0
0.25366274,0.26973778,0.24439804,0.23220147,0.0
0.25488654,0.2741044,0.23732688,0.23368223,0.0
0.25393367,0.27841988,0.230948,0.23669843,0.0
0.2592445,0.2742412,0.23604931,0.230465,0.0
0.25889963,0.27887788,0.2296611,0.2325614,0.0
0.25371045,0.26612327,0.2500308,0.23013553,0.0
0.25197694,0.2737181,0.23983827,0.23446673,0.0
0.2520753,0.27946538,0.23145859,0.23700069,0.0
0.2543218,0.28206784,0.22887711,0.23473322,0.0
0.2573609,0.28051952,0.22865668,0.2334629,0.0
0.2528056,0.26827368,0.24950093,0.22941977,0.0
0.24967867,0.27617615,0.2377412,0.23640397,0.0
0.25929242,0.27512234,0.2338143,0.23177092,0.0
0.25761506,0.27536967,0.23524788,0.23176736,0.0
0.2532644,0.27919546,0.23188935,0.23565084,0.0
0.25117823,0.26684293,0.25212193,0.2298569,0.0
0.25098872,0.27723405,0.23529682,0.23648041,0.0
0.25551063,0.27443615,0.23753355,0.23251963,0.0
0.25560862,0.27697617,0.2327496,0.23466565,0.0
0.2551309,0.2793472,0.23151202,0.23400983,0.0
0.24974653,0.26849645,0.24999894,0.23175807,0.0
0.25100663,0.2791928,0.23286785,0.23693271,0.0
0.25423515,0.27523825,0.23380293,0.23672368,0.0
0.2518282,0.2808828,0.23141666,0.23587231,0.0
0.2533,0.27894822,0.23265886,0.23509295,0.0
0.24567617,0.26856932,0.2525393,0.2332152,0.0
0.2511283,0.27483308,0.23792149,0.23611712,0.0
0.2516358,0.2758842,0.23846874,0.23401122,0.0
0.25143656,0.27812153,0.23475285,0.23568901,0.0
0.25385964,0.27658686,0.23483068,0.23472282,0.0
0.2455025,0.26999038,0.25022176,0.2342854,0.0
0.2466448,0.2755752,0.23961186,0.23816817,0.0
0.2504151,0.27980062,0.23264304,0.23714122,0.0
0.25304458,0.2761276,0.2362192,0.23460862,0.0
0.25154045,0.2767009,0.23476925,0.23698935,0.0
0.24636117,0.26879495,0.24991085,0.23493305,0.0
0.2482301,0.27530915,0.23774487,0.23871592,0.0
0.24977665,0.27809036,0.23531263,0.23682034,0.0
0.25305706,0.2757027,0.23786697,0.23337325,0.0
0.25588953,0.2740072,0.2376494,0.23245385,0.0
0.24815704,0.26322713,0.2585753,0.2300405,0.0
0.2486361,0.27219558,0.24453293,0.23463541,0.0
0.24944946,0.2747814,0.24104127,0.23472781,0.0
0.2507954,0.27698168,0.23793128,0.23429163,0.0
0.25033447,0.27588686,0.23913702,0.23464163,0.0
0.24314697,0.26983097,0.2525365,0.23448557,0.0
0.24626905,0.27473822,0.2413347,0.23765798,0.0
0.24965777,0.27694127,0.23691465,0.23648632,0.0
0.25238854,0.27619627,0.23601061,0.23540457,0.0
0.2507477,0.27635556,0.23635167,0.23654507,0.0
0.24499792,0.26852834,0.25389177,0.23258196,0.0
0.2462741,0.27515742,0.23957387,0.23899455,0.0
0.24547167,0.27298597,0.2441814,0.23736098,0.0
0.25474316,0.26935866,0.24436902,0.23152918,0.0
0.25045815,0.27119964,0.24455938,0.23378284,0.0
0.24680577,0.2673998,0.25155383,0.23424062,0.0
0.24324334,0.27461725,0.24368885,0.23845051,0.0
0.24780637,0.27536184,0.23852657,0.23830523,0.0
0.25307447,0.27358612,0.23911591,0.23422347,0.0
0.25157967,0.27092898,0.24473691,0.23275441,0.0
0.24464737,0.2665673,0.25631493,0.23247038,0.0
0.24341619,0.27330035,0.24433738,0.23894605,0.0
0.2476891,0.27453694,0.24058701,0.23718698,0.0
0.24946786,0.27239585,0.2419682,0.23616813,0.0
0.24550648,0.27706894,0.23749682,0.23992777,0.0
0.24689241,0.26327643,0.25730115,0.23252997,0.0
0.24541451,0.2731128,0.24052852,0.24094415,0.0
0.24843565,0.27459502,0.23750743,0.23946193,0.0
0.25040796,0.2731044,0.24105233,0.23543535,0.0
0.2523477,0.27324608,0.23849067,0.23591551,0.0
0.2467868,0.2676325,0.25099656,0.23458411,0.0
0.24869934,0.26835576,0.24764076,0.23530412,0.0
0.24765001,0.2752785,0.24022655,0.23684488,0.0
0.24798612,0.27632323,0.23712794,0.23856273,0.0
0.24924245,0.27504495,0.23741506,0.23829755,0.0
0.24491416,0.26335928,0.2578351,0.2338915,0.0
0.24366853,0.27393755,0.241078,0.24131592,0.0
0.24787557,0.27419117,0.23862542,0.2393079,0.0
0.2500169,0.27533597,0.23839141,0.23625574,0.0
0.25343993,0.27142695,0.2399506,0.2351825,0.0
0.24222453,0.26371557,0.2586912,0.0,0.23536874
0.24308252,0.2727617,0.2434295,0.24072628,0.0
0.24910222,0.27362138,0.23869665,0.23857974,0.0
0.2518514,0.27213976,0.2375493,0.23845956,0.0
0.24725178,0.27599964,0.23646846,0.24028014,0.0
0.24791518,0.2598081,0.2581767,0.0,0.23409997
0.24039432,0.27458453,0.24213667,0.24288444,0.0
0.24655868,0.27267542,0.24084517,0.23992069,0.0
0.25114086,0.27000204,0.24272387,0.2361332,0.0
0.2491987,0.2746916,0.23758897,0.23852067,0.0
0.24334683,0.26291353,0.25771156,0.0,0.23602813
0.24655329,0.26984236,0.24405818,0.23954615,0.0
0.24755535,0.2700827,0.24376923,0.23859274,0.0
0.2484351,0.27006182,0.24178953,0.23971355,0.0
0.2500435,0.27155474,0.24170312,0.23669869,0.0
0.24389566,0.26493105,0.2526779,0.23849541,0.0
0.24605016,0.26950145,0.2456379,0.23881048,0.0
0.24977157,0.26855114,0.24519102,0.23648633,0.0
0.2458632,0.270488,0.24357353,0.24007529,0.0
0.24754052,0.26859173,0.24475889,0.23910885,0.0
0.2402599,0.26100186,0.25867444,0.0,0.24006376
0.24256915,0.26783565,0.24768896,0.24190621,0.0
0.24100578,0.27315825,0.24209288,0.24374309,0.0
0.2462957,0.2714079,0.24331808,0.2389783,0.0
0.24402589,0.27249384,0.24293225,0.240548,0.0
0.24284665,0.257677,0.26068962,0.0,0.23878676
0.0,0.27125558,0.24521384,0.24375294,0.23977762
0.24609704,0.26912135,0.2442388,0.24054281,0.0
0.24822423,0.26803005,0.24623358,0.0,0.23751213
0.25086325,0.26805028,0.24413334,0.23695314,0.0
0.24304923,0.26055515,0.25609818,0.0,0.2402974
0.24620727,0.26344746,0.2525839,0.23776135,0.0
0.24736607,0.26612034,0.24916889,0.0,0.23734468
0.24686733,0.26806188,0.24632417,0.0,0.23874661
0.24820092,0.26936504,0.24284457,0.23958944,0.0
0.23783767,0.26253378,0.25441727,0.0,0.24521123
0.0,0.26570863,0.2496596,0.24242434,0.24220742
0.24766627,0.26677844,0.24686436,0.23869091,0.0
0.24263804,0.27114028,0.24238074,0.24384099,0.0
0.24640732,0.2707756,0.0,0.24011189,0.24270521
0.2407539,0.25833383,0.25894475,0.0,0.24196756
0.0,0.26760253,0.24828777,0.24165763,0.2424521
0.24098484,0.26944798,0.24671616,0.0,0.24285099
0.2459032,0.26646185,0.24685724,0.0,0.24077767
0.24355419,0.27009842,0.24329214,0.0,0.24305528
0.28376946,0.0,0.22924288,0.2389185,0.24806912
0.0,0.2641125,0.24984725,0.24297698,0.24306324
0.0,0.26797876,0.24405795,0.24460806,0.24335527
0.24329187,0.26614395,0.24751185,0.0,0.2430523
0.24358182,0.26820645,0.2450336,0.0,0.2431781
0.0,0.25795367,0.25596362,0.23883465,0.24724804
0.0,0.26432544,0.24637768,0.24630152,0.24299537
0.0,0.26599202,0.24619372,0.24233197,0.2454823
0.24670589,0.2658217,0.24661969,0.24085271,0.0
0.249241,0.26168883,0.2488073,0.24026287,0.0
0.23924065,0.25578114,0.2592081,0.0,0.2457701
0.0,0.26251084,0.25092286,0.24147657,0.24508975
0.24553618,0.26279312,0.24842289,0.0,0.24324784
0.24404025,0.26248196,0.25119787,0.0,0.2422799
0.24353796,0.2659524,0.24686185,0.0,0.24364775
0.24142757,0.25066647,0.26247612,0.0,0.24542984
0.0,0.26345223,0.24767093,0.24498855,0.24388829
0.0,0.26440337,0.24718115,0.24454285,0.24387264
0.0,0.26525888,0.24754038,0.24109451,0.24610625
0.24229527,0.26459843,0.24736156,0.0,0.24574472
0.0,0.25375533,0.25823757,0.2374802,0.25052688
0.0,0.2606071,0.2507873,0.2428825,0.24572308
0.0,0.26151612,0.2516491,0.2419744,0.24486037
0.24456811,0.26630256,0.0,0.24363457,0.24549481
0.0,0.26658627,0.24313447,0.24427667,0.2460026
0.0,0.2567837,0.25008014,0.24204993,0.25108624
0.0,0.26322007,0.24387097,0.24515095,0.24775803
0.0,0.26378325,0.24516769,0.24451981,0.24652928
0.24252023,0.26211202,0.24719754,0.0,0.2481702
0.24752048,0.26122767,0.2465921,0.0,0.24465977
0.0,0.25398687,0.25489646,0.23891369,0.25220296
0.0,0.26138994,0.24443692,0.24438882,0.24978432
0.0,0.2643037,0.24316783,0.2435263,0.24900217
0.24572815,0.26399183,0.24353881,0.0,0.24674125
0.0,0.26596412,0.24281415,0.24336383,0.24785788
0.23842223,0.2544585,0.2525662,0.0,0.25455308
0.0,0.2621172,0.24391818,0.24574299,0.24822159
0.0,0.26154605,0.24496636,0.24471134,0.24877632
0.0,0.26554582,0.24145819,0.2406903,0.25230572
0.24428062,0.26140615,0.24486127,0.0,0.24945194
0.23769046,0.2528901,0.2558228,0.0,0.25359663
0.0,0.2600352,0.24849999,0.24103682,0.250428
0.24330588,0.2627427,0.24295323,0.0,0.25099823
0.24234171,0.26116672,0.24744104,0.0,0.24905051
0.24668016,0.26031226,0.24629793,0.0,0.24670967
0.0,0.25380632,0.25221604,0.24156241,0.25241527
0.0,0.26170763,0.24341832,0.24541704,0.24945703
0.0,0.2612032,0.24634211,0.24333899,0.2491157
0.24576983,0.2577899,0.24737328,0.0,0.24906696
0.24306743,0.2638055,0.0,0.24212576,0.2510013
0.2390026,0.2503908,0.25869086,0.0,0.25191575
0.0,0.258645,0.24863937,0.24062918,0.25208646
0.24548727,0.25967276,0.24486642,0.0,0.24997354
0.24779707,0.26115757,0.0,0.24204214,0.24900323
0.24535118,0.2617256,0.0,0.24209145,0.2508318
0.0,0.2501809,0.25604042,0.24041362,0.25336507
0.2440932,0.2585122,0.24793912,0.0,0.24945554
0.24270181,0.26361668,0.0,0.24379942,0.2498821
0.24642347,0.26069587,0.24083231,0.0,0.2520483
0.24735701,0.26140442,0.2416403,0.0,0.24959825
0.24608262,0.24372183,0.25976184,0.0,0.2504337
0.24416575,0.25592825,0.25058132,0.0,0.2493247
0.24875204,0.26000872,0.0,0.24181722,0.24942207
0.24745344,0.25988874,0.0,0.2435779,0.24907993
0.2441461,0.26109463,0.0,0.24404448,0.2507148
0.24061218,0.24805301,0.25794563,0.0,0.25338924
0.0,0.25273988,0.24925032,0.24513547,0.2528743
0.0,0.25596234,0.2419659,0.2459726,0.2560992
0.24544021,0.25321445,0.24973664,0.0,0.2516087
0.0,0.25997898,0.2421138,0.24362098,0.25428623
0.0,0.2501989,0.2516948,0.2391347,0.2589716
0.0,0.25728303,0.24377649,0.2445624,0.25437805
0.0,0.25698397,0.24516542,0.24488695,0.25296363
0.2491531,0.25216305,0.2504108,0.0,0.24827302
0.24538906,0.25731212,0.24363913,0.0,0.25365967
0.2412994,0.2470117,0.25425673,0.0,0.25743216
0.24067964,0.25885352,0.0,0.24467418,0.25579265
0.24500436,0.2578382,0.24253836,0.0,0.25461906
0.24060754,0.2594007,0.0,0.24424635,0.25574544
0.24572708,0.25292364,0.2517854,0.0,0.24956389
0.0,0.24841881,0.2502507,0.24087587,0.26045462
0.0,0.25760403,0.24039945,0.24587567,0.25612092
0.0,0.25647646,0.24539363,0.24387157,0.25425836
0.24704246,0.25843346,0.24137956,0.0,0.25314456
0.24168561,0.2554424,0.24710175,0.0,0.2557702
0.23951261,0.24773644,0.25201088,0.0,0.2607401
0.0,0.2553924,0.24601759,0.24332303,0.2552669
0.24405603,0.2585642,0.0,0.2426081,0.25477165
0.24786176,0.2554248,0.2420044,0.0,0.25470904
0.24654332,0.25450107,0.24679695,0.0,0.25215867
0.0,0.24683022,0.25274438,0.24161345,0.25881195
0.0,0.25420222,0.24555402,0.24521379,0.25503
0.2418772,0.25989106,0.0,0.24502021,0.2532115
0.24429455,0.25612932,0.243907,0.0,0.25566915
0.244237,0.2585668,0.0,0.24169657,0.2554996
0.23865259,0.24524091,0.25586274,0.0,0.26024374
0.2453852,0.2536649,0.0,0.24511532,0.25583455
0.24172212,0.25778875,0.0,0.24420477,0.2562844
0.24340415,0.25787097,0.0,0.24351041,0.25521448
0.24525625,0.25453836,0.24306017,0.0,0.2571452
0.0,0.24681197,0.25037464,0.2413678,0.2614456
0.24442278,0.25022587,0.24950892,0.0,0.25584242
0.0,0.2545599,0.24458075,0.24054566,0.26031372
0.24054703,0.25787535,0.0,0.24309722,0.25848037
0.24393268,0.25774807,0.0,0.24169086,0.2566284
0.0,0.24686839,0.24544494,0.24090675,0.26677993
0.24364688,0.2531216,0.0,0.24569938,0.25753212
0.24721898,0.25379694,0.0,0.2430958,0.25588834
0.0,0.25220078,0.24880031,0.23849306,0.26050588
0.24964204,0.25539085,0.0,0.23972861,0.25523847
0.24248336,0.24139598,0.25447866,0.0,0.26164198
0.24697417,0.2537077,0.0,0.24187467,0.2574435
0.24425626,0.25019532,0.2486016,0.0,0.25694683
0.0,0.25942743,0.23480643,0.24438271,0.26138347
0.0,0.25505888,0.2428388,0.24303633,0.259066
0.0,0.24826044,0.2430237,0.24110557,0.2676103
0.0,0.251785,0.24527723,0.24176677,0.26117104
0.2470719,0.25475377,0.0,0.23977394,0.25840038
0.23881401,0.25900063,0.0,0.24116732,0.261018
0.24567015,0.25465405,0.0,0.24071562,0.2589602
0.24471657,0.2416879,0.25184986,0.0,0.2617457
0.0,0.25184134,0.24465013,0.24421796,0.25929058
0.23951274,0.25602588,0.0,0.24502306,0.2594383
0.24903196,0.2523138,0.23888928,0.0,0.25976503
0.24537413,0.2541399,0.0,0.23898345,0.26150253
0.24163806,0.24025874,0.2545104,0.0,0.26359284
0.0,0.2511452,0.24514894,0.24316342,0.26054242
0.24790014,0.25140402,0.0,0.23971818,0.2609777
0.24529783,0.2518136,0.24197204,0.0,0.2609165
0.24819143,0.24493387,0.25043082,0.0,0.2564439
0.24067873,0.0,0.2565296,0.23729217,0.26549953
0.24332939,0.24797474,0.24744703,0.0,0.26124883
0.24698895,0.2507185,0.0,0.24322212,0.2590705
0.24154684,0.2503997,0.24466333,0.0,0.26339015
0.24630132,0.25222132,0.24056736,0.0,0.26091
0.0,0.24006312,0.25349796,0.23709735,0.26934162
0.24344759,0.24662332,0.24742064,0.0,0.26250845
0.24258742,0.24760474,0.24756174,0.0,0.26224613
0.24838068,0.24981037,0.2400447,0.0,0.26176426
0.25353608,0.2485351,0.24284826,0.0,0.25508052
0.24663603,0.0,0.25471455,0.23417385,0.26447555
0.0,0.24829121,0.2461968,0.24390966,0.2616023
0.24217717,0.25123104,0.24418934,0.0,0.26240247
0.25105554,0.24511424,0.24631295,0.0,0.25751728
0.2466632,0.24895525,0.24144161,0.0,0.26293993
0.24391277,0.0,0.25580743,0.23607837,0.26420146
0.2442928,0.24915397,0.2439821,0.0,0.2625711
0.24706027,0.2463504,0.24468328,0.0,0.2619061
0.24964759,0.24552359,0.24553953,0.0,0.2592893
0.24527024,0.2532883,0.0,0.23893593,0.2625055
0.23978071,0.0,0.25531954,0.23843473,0.266465
0.0,0.24576777,0.2480487,0.2430461,0.2631374
0.24482647,0.2502187,0.0,0.2417231,0.26323175
0.24175714,0.24989024,0.24012384,0.0,0.26822874
0.24306269,0.25248104,0.0,0.24129415,0.26316217
0.24360618,0.23532629,0.25268978,0.0,0.26837775
0.2460331,0.24329357,0.2498943,0.0,0.26077902
0.24165717,0.24677718,0.24817954,0.0,0.2633861
0.24458183,0.24493025,0.24571182,0.0,0.26477605
0.24553259,0.24342805,0.24486046,0.0,0.26617888
0.24200526,0.0,0.25730816,0.2357201,0.26496652
0.24097145,0.24578635,0.24678835,0.0,0.2664539
0.2449706,0.2521101,0.0,0.23920052,0.26371878
0.24839446,0.24989676,0.23899323,0.0,0.26271558
0.2424231,0.2483545,0.24263571,0.0,0.2665867
0.24364074,0.23685558,0.24886648,0.0,0.27063718
0.0,0.24786405,0.24075729,0.24382596,0.26755267
0.24402691,0.24528277,0.24663547,0.0,0.2640548
0.23720177,0.25178567,0.0,0.2425824,0.26843017
0.2464552,0.24676992,0.23930553,0.0,0.26746938
0.24676393,0.0,0.25353846,0.23403715,0.26566046
0.24225871,0.24194483,0.24827981,0.0,0.2675166
0.24404499,0.24839377,0.23819728,0.0,0.2693639
0.24653713,0.24423817,0.24520175,0.0,0.26402298
0.24505204,0.25031537,0.0,0.23696707,0.26766548
0.24898016,0.0,0.2500117,0.2357433,0.2652648
0.0,0.24543317,0.24088162,0.24429937,0.26938587
0.24918824,0.2412316,0.24753973,0.0,0.26204047
0.2427892,0.24640663,0.0,0.2420797,0.26872447
0.2539775,0.24650624,0.0,0.23578118,0.2637351
0.2454717,0.0,0.25276798,0.234267,0.26749328
0.24305804,0.24122141,0.25006893,0.0,0.26565155
0.2432012,0.23913491,0.249707,0.0,0.26795688
0.24502108,0.24357595,0.24360137,0.0,0.2678016
0.24021807,0.25075647,0.0,0.2393351,0.26969036
0.24118559,0.0,0.2482243,0.23803635,0.27255377
0.24388416,0.24258183,0.24814554,0.0,0.26538843
0.24464057,0.24082042,0.24666499,0.0,0.267874
0.24147479,0.24496537,0.24508244,0.0,0.26847738
0.2533082,0.23946989,0.24634929,0.0,0.2608726
0.24685319,0.0,0.25079578,0.23218249,0.2701685
0.24233918,0.24192989,0.24825242,0.0,0.26747853
0.24544564,0.24265862,0.24414152,0.0,0.26775423
0.24071983,0.24372858,0.2461839,0.0,0.26936772
0.24756858,0.24441376,0.24067128,0.0,0.26734638
0.24295707,0.0,0.25042182,0.23523971,0.27138144
0.24337956,0.0,0.24867043,0.241334,0.266616
0.24189323,0.24711922,0.0,0.24190155,0.269086
0.24675311,0.2426447,0.24520525,0.0,0.26539695
0.24311027,0.24634379,0.23946424,0.0,0.2710817
0.24049938,0.0,0.24914284,0.23472163,0.27563614
0.24584457,0.23971905,0.24659258,0.0,0.26784384
0.25155267,0.23639914,0.24896516,0.0,0.263083
0.24848883,0.24106942,0.24580993,0.0,0.2646318
0.24279201,0.24566554,0.2408938,0.0,0.27064866
0.23895761,0.0,0.2480107,0.23757307,0.27545866
0.24965987,0.0,0.2405733,0.23969616,0.27007067
0.2477503,0.24279015,0.2391918,0.0,0.2702678
0.25127074,0.2432504,0.23830071,0.0,0.26717812
0.24415115,0.24396929,0.0,0.2402139,0.27166566
0.23494463,0.0,0.24907109,0.23783295,0.27815133
0.24770215,0.237366,0.24492037,0.0,0.27001143
0.2463429,0.0,0.24684067,0.23841141,0.26840502
0.24271353,0.24486692,0.23724668,0.0,0.27517286
0.24862708,0.23897056,0.24456558,0.0,0.26783678
0.25448123,0.0,0.24473795,0.2291173,0.27166352
0.24496527,0.0,0.24588057,0.23860788,0.27054626
0.24592212,0.23954697,0.24587418,0.0,0.26865673
0.25084707,0.23970512,0.24317794,0.0,0.26626986
0.24373218,0.24202308,0.24090867,0.0,0.27333608
0.24585581,0.0,0.25304008,0.22911973,0.27198443
0.2510944,0.0,0.24135986,0.23981544,0.26773027
0.24437745,0.24092877,0.24430734,0.0,0.27038646
0.25138575,0.23832217,0.24335387,0.0,0.2669382
0.24993548,0.24159348,0.23950934,0.0,0.26896167
0.2487654,0.0,0.24469917,0.23133984,0.2751956
0.24541043,0.0,0.24978697,0.23665132,0.26815122
0.24406336,0.23768683,0.24809231,0.0,0.27015755
0.2467891,0.2419556,0.0,0.2402825,0.27097285
0.24821566,0.0,0.25428635,0.23275836,0.26473963
0.24526137,0.0,0.24934731,0.23315541,0.2722359
0.24570909,0.0,0.24789202,0.23545927,0.27093962
0.24348941,0.23940155,0.24367425,0.0,0.27343482
0.24791303,0.0,0.24679497,0.23590493,0.2693871
0.24837585,0.0,0.24538888,0.23883075,0.2674045
0.25060663,0.0,0.25162452,0.22866304,0.26910576
0.23812628,0.0,0.24678054,0.23805974,0.2770334
0.25127846,0.2330541,0.24776113,0.0,0.26790634
0.25243512,0.23681323,0.24360007,0.0,0.26715156
0.24903682,0.23906758,0.23977932,0.0,0.27211627
0.24798302,0.0,0.24677518,0.23018147,0.27506033
0.0,0.23837125,0.24490425,0.24326614,0.2734584
0.24692929,0.0,0.24575233,0.2378279,0.26949048
0.0,0.24136677,0.24271348,0.24078386,0.27513587
0.24462003,0.23487504,0.24644567,0.0,0.27405933
0.23852575,0.0,0.25063494,0.226228,0.28461128
0.249908,0.0,0.24915531,0.23580065,0.26513606
0.24838151,0.0,0.24001223,0.2393226,0.27228367
0.24337904,0.23917596,0.2432974,0.0,0.27414766
0.24645726,0.23720844,0.24410596,0.0,0.27222833
0.24750237,0.0,0.2567375,0.22535162,0.2704085
0.23573801,0.0,0.2544181,0.23775169,0.2720922
0.2419167,0.0,0.24870037,0.23480366,0.27457926
0.24743783,0.23591238,0.24557868,0.0,0.27107108
0.24939552,0.0,0.24673176,0.23443899,0.2694337
0.24473047,0.0,0.25000128,0.2274309,0.27783734
0.24523593,0.0,0.24721357,0.23637354,0.27117693
0.25085473,0.0,0.24685255,0.23695864,0.2653341
0.23954225,0.23814778,0.24472536,0.0,0.27758458
0.2428087,0.0,0.24587998,0.23533179,0.27597952
0.24804616,0.0,0.2532656,0.22326498,0.27542326
0.24036962,0.0,0.24038191,0.243057,0.27619144
0.2468013,0.0,0.24028468,0.23897915,0.27393487
0.24474972,0.0,0.24502406,0.23670627,0.27351993
0.24425656,0.0,0.24634497,0.23881242,0.27058607
0.25315005,0.0,0.24411754,0.22989535,0.27283707
0.2469429,0.0,0.23913935,0.24132276,0.27259502
0.24383514,0.23656641,0.0,0.23918687,0.28041154
0.23876867,0.0,0.25240704,0.23534673,0.27347755
0.24394827,0.24168545,0.0,0.24185655,0.27250972
0.25062686,0.0,0.24996476,0.22564153,0.27376688
0.23791651,0.0,0.24830103,0.23797417,0.27580827
0.2478013,0.0,0.24411018,0.23524468,0.27284387
0.24874689,0.23942542,0.0,0.23970844,0.27211928
0.25163978,0.0,0.24459113,0.23583162,0.26793745
0.24665262,0.0,0.2536048,0.22451736,0.27522525
0.23802182,0.0,0.24523225,0.23959957,0.2771464
0.24838853,0.23767412,0.0,0.24360397,0.2703334
0.24428803,0.0,0.24220301,0.23618317,0.27732578
0.24768619,0.0,0.2521273,0.23152597,0.26866055
0.2471008,0.0,0.24791573,0.22631778,0.27866572
0.24745111,0.0,0.24912168,0.23295799,0.27046922
0.24593252,0.23719767,0.0,0.24405272,0.27281708
0.24577989,0.0,0.24881732,0.23347412,0.27192867
0.24680139,0.0,0.2410134,0.23836313,0.27382204
0.24801141,0.0,0.2450995,0.22851701,0.2783721
0.24235907,0.0,0.24832158,0.24132766,0.2679917
0.23671703,0.0,0.2442262,0.2417035,0.2773533
0.25237966,0.0,0.24641992,0.23491044,0.26628998
0.0,0.23900653,0.2387832,0.24574628,0.27646402
0.25059155,0.0,0.25191444,0.22616683,0.27132717
0.23792289,0.0,0.24307984,0.24437167,0.27462563
0.2444091,0.0,0.24071537,0.2403585,0.27451706
0.24293068,0.0,0.24552691,0.23824257,0.27329987
0.23727125,0.0,0.24158944,0.24240077,0.27873853
0.25334522,0.0,0.25023025,0.22366056,0.27276394
0.24482419,0.0,0.24816072,0.23823501,0.26878005
0.0,0.23760432,0.23921923,0.24756084,0.2756156
0.24346884,0.0,0.2417761,0.24129486,0.27346024
0.24091826,0.0,0.24637227,0.23694333,0.27576613
0.2531019,0.0,0.24745269,0.22307584,0.27636963
0.24324882,0.0,0.25706485,0.23363292,0.26605338
0.23939429,0.0,0.24400724,0.24360283,0.27299562
0.0,0.23620825,0.24067923,0.24724428,0.27586827
0.24653932,0.0,0.24992356,0.23969582,0.26384127
0.25592214,0.0,0.2508103,0.22263223,0.27063537
0.24182707,0.0,0.2504467,0.24061334,0.26711288
0.23752011,0.0,0.24665684,0.24163105,0.27419195
0.23771329,0.0,0.25670996,0.23453595,0.27104086
0.23784672,0.0,0.24948989,0.24022846,0.27243495
0.2489713,0.0,0.24607898,0.22554691,0.27940282
0.23733184,0.0,0.25214267,0.2397379,0.27078757
0.24166542,0.0,0.24842042,0.24273859,0.26717559
0.2416129,0.0,0.25154567,0.24190247,0.26493898
0.2389034,0.0,0.26122695,0.23351775,0.26635185
0.25414634,0.0,0.25079253,0.22321208,0.27184904
0.23144543,0.0,0.24883868,0.24718755,0.27252835
0.2645686,0.25526857,0.0,0.21794303,0.2622198
0.25409728,0.0,0.23906389,0.2366693,0.27016953
0.24724197,0.0,0.2454649,0.24404646,0.26324666
0.25034174,0.0,0.25165582,0.22339821,0.2746042
0.23183218,0.0,0.25376663,0.24574207,0.2686591
0.0,0.232339,0.2481579,0.24637854,0.27312458
0.0,0.23414478,0.25373438,0.24466509,0.2674558
0.0,0.23459801,0.25083232,0.24560137,0.26896828
0.24395967,0.0,0.24682422,0.2245426,0.28467348
0.2502849,0.2928798,0.2333478,0.22348753,0.0
0.25219804,0.30072632,0.21546142,0.23161417,0.0
0.25750953,0.29955426,0.21410777,0.22882845,0.0
0.25747097,0.2999712,0.21286404,0.22969377,0.0
0.2580558,0.29874527,0.0,0.22988081,0.21331812
0.25022388,0.2911031,0.23184787,0.22682515,0.0
0.25696534,0.2985424,0.21560203,0.22889023,0.0
0.2557009,0.30061564,0.0,0.23054948,0.21313404
0.26342914,0.29584533,0.0,0.22559181,0.21513371
0.2597152,0.29830977,0.0,0.22666529,0.21530972
0.25348666,0.29028603,0.23144877,0.22477852,0.0
0.25481373,0.29840165,0.0,0.23116727,0.21561736
0.25602618,0.29707032,0.0,0.2298871,0.21701641
0.25860193,0.29743218,0.0,0.2285554,0.2154105
0.2576367,0.29672453,0.0,0.22955208,0.21608664
0.25516596,0.2858816,0.2321504,0.22680199,0.0
0.25500715,0.2956994,0.0,0.23004384,0.21924965
0.25714007,0.2958563,0.0,0.2309308,0.21607284
0.25820097,0.2957618,0.0,0.22775976,0.21827747
0.25658205,0.29603732,0.0,0.22810179,0.21927877
0.2558156,0.28741843,0.22990815,0.22685781,0.0
0.25449833,0.29411906,0.21971232,0.23167028,0.0
0.25626498,0.29550287,0.0,0.22967818,0.218554
0.2597444,0.29348287,0.0,0.22708893,0.21968384
0.25761396,0.2941909,0.0,0.22757894,0.22061616
0.2519589,0.2871019,0.23294051,0.22799873,0.0
0.25180048,0.29420847,0.0,0.23282236,0.22116868
0.25083247,0.29514563,0.0,0.231294,0.22272785
0.2572753,0.2940887,0.0,0.23044029,0.21819577
0.25830847,0.29338053,0.0,0.2266515,0.22165954
0.25503415,0.28371784,0.23507175,0.22617623,0.0
0.25720927,0.29006493,0.22271384,0.23001197,0.0
0.250162,0.2945522,0.0,0.2337114,0.22157438
0.25695932,0.29167587,0.0,0.22981235,0.22155249
0.25793284,0.29051268,0.0,0.23077157,0.22078289
0.24971075,0.2866024,0.23137365,0.23231326,0.0
0.24988508,0.29225975,0.0,0.23503247,0.22282268
0.2546576,0.29082432,0.0,0.2313501,0.22316799
0.25714424,0.29251283,0.0,0.22838482,0.22195807
0.25601047,0.29134485,0.0,0.22958946,0.22305521
0.24741016,0.28822166,0.2320318,0.23233639,0.0
0.25363246,0.2897165,0.0,0.23319669,0.22345431
0.25225925,0.2915058,0.0,0.23236416,0.22387078
0.25429034,0.28981167,0.0,0.23369798,0.22219996
0.25354713,0.29056644,0.0,0.2298523,0.22603413
0.25227705,0.28239435,0.23422748,0.0,0.23110114
0.24819073,0.2907668,0.0,0.23319484,0.22784764
0.25457698,0.2894,0.0,0.23095877,0.2250643
0.25597003,0.28838542,0.0,0.23190185,0.22374272
0.25458494,0.28861424,0.0,0.23326622,0.2235346
0.2541196,0.2826009,0.23160636,0.2316731,0.0
0.25056145,0.28816968,0.0,0.23624709,0.2250218
0.24994142,0.2894121,0.0,0.23478882,0.22585769
0.25409496,0.28755286,0.0,0.23132168,0.22703052
0.25164038,0.28879735,0.0,0.23161697,0.22794534
0.24839318,0.2792619,0.23942555,0.0,0.23291942
0.25173813,0.28444663,0.22934476,0.23447053,0.0
0.24664022,0.28887972,0.0,0.23495013,0.22952999
0.25169095,0.28784204,0.0,0.23486151,0.2256055
0.25218794,0.28937498,0.0,0.23433492,0.22410214
0.2524308,0.27884433,0.23677306,0.2319518,0.0
0.2525947,0.28378057,0.0,0.2337756,0.22984913
0.24953641,0.28814414,0.0,0.2367793,0.22554016
0.25602847,0.2856986,0.0,0.23190066,0.22637224
0.2513662,0.28752145,0.0,0.23392752,0.2271848
0.25159207,0.27762568,0.23676236,0.0,0.23401992
0.2546988,0.28182486,0.228809,0.23466736,0.0
0.2501773,0.28616557,0.0,0.23520423,0.22845288
0.24054733,0.29057607,0.0,0.23829582,0.23058076
0.253809,0.28464332,0.0,0.2313195,0.23022819
0.25585753,0.2781128,0.0,0.23287854,0.23315114
0.24287163,0.28750134,0.0,0.24005593,0.22957107
0.250663,0.28435463,0.0,0.2327827,0.23219968
0.25235072,0.2832572,0.0,0.23329565,0.23109645
0.25266284,0.28424633,0.0,0.23371893,0.22937195
0.25134248,0.2748533,0.23988812,0.0,0.23391613
0.24768874,0.28574368,0.0,0.23645233,0.23011523
0.2508309,0.283398,0.0,0.2356538,0.23011728
0.2563371,0.2823662,0.0,0.23067077,0.23062593
0.26365098,0.27821663,0.0,0.2291279,0.22900447
0.25375974,0.27770695,0.0,0.23163965,0.23689368
0.24988186,0.2820246,0.0,0.23556922,0.23252437
0.2548681,0.28132233,0.0,0.23226699,0.23154256
0.25319105,0.2829355,0.0,0.23302159,0.23085186
0.25376648,0.28265244,0.0,0.23452358,0.22905749
0.25081676,0.27551723,0.23757522,0.0,0.23609084
0.24766271,0.28346428,0.0,0.23782222,0.23105082
0.2512174,0.28295246,0.0,0.23479687,0.2310333
0.25620675,0.28061703,0.0,0.23099534,0.23218083
0.2531081,0.2819475,0.0,0.23290317,0.23204124
0.2550511,0.27214715,0.23738831,0.0,0.23541339
0.24869804,0.28006938,0.0,0.23649503,0.23473749
0.25300887,0.2796696,0.0,0.2330408,0.23428075
0.24809112,0.2842432,0.0,0.23506595,0.23259978
0.24960648,0.28278625,0.0,0.23542431,0.23218295
0.25187182,0.27359655,0.23608,0.0,0.23845157
0.24577485,0.28152785,0.0,0.23777281,0.23492454
0.24596244,0.2822298,0.0,0.23703863,0.23476915
0.2543023,0.27898267,0.0,0.23244818,0.23426682
0.25461382,0.27985469,0.0,0.23212571,0.23340577
0.25154352,0.27031317,0.23897986,0.0,0.23916344
0.24987055,0.27886358,0.0,0.23576069,0.23550524
0.2505627,0.2794779,0.0,0.2336471,0.23631229
0.2516402,0.27913764,0.0,0.23440675,0.23481539
0.2499915,0.27980176,0.0,0.2352862,0.23492052
0.2498445,0.27100736,0.23843484,0.0,0.24071331
0.2464932,0.27827886,0.0,0.23955813,0.23566979
0.24660614,0.28054634,0.0,0.2372568,0.23559071
0.25046003,0.27986765,0.0,0.2333236,0.2363487
0.25255853,0.27881196,0.0,0.23366393,0.23496552
0.2509001,0.27040738,0.2383417,0.0,0.24035078
0.2470548,0.2777282,0.0,0.23774536,0.23747164
0.2505722,0.27772823,0.0,0.2354789,0.23622066
0.24917832,0.27905816,0.0,0.2359143,0.23584922
0.24990328,0.2801593,0.0,0.23191577,0.23802166
0.24929687,0.27192032,0.23585324,0.0,0.24292961
0.24763756,0.27668905,0.0,0.23615034,0.23952304
0.24812688,0.27811176,0.0,0.23407874,0.23968263
0.25031522,0.27802053,0.0,0.2336481,0.23801614
0.24577877,0.27951595,0.0,0.23524177,0.23946354
0.24755575,0.2681438,0.2413849,0.0,0.24291557
0.24569708,0.27614912,0.0,0.23898242,0.23917137
0.24829057,0.27656674,0.0,0.23660041,0.23854226
0.25189087,0.27629173,0.0,0.23265366,0.23916374
0.24720512,0.27777827,0.0,0.23400897,0.24100761
0.24872221,0.26887843,0.23866011,0.0,0.24373922
0.24906795,0.2753938,0.0,0.23620354,0.23933464
0.250823,0.27460155,0.0,0.23443496,0.2401405
0.24679542,0.27843374,0.0,0.23530652,0.2394643
0.24823019,0.2757067,0.0,0.23529741,0.24076566
0.24345411,0.2695304,0.0,0.2407929,0.24622263
0.2447232,0.2730126,0.0,0.23954478,0.24271941
0.244504,0.2763439,0.0,0.23700154,0.24215053
0.24848895,0.27438325,0.0,0.23409167,0.24303614
0.24582022,0.27569497,0.0,0.23439457,0.24409029
0.24786265,0.26548004,0.24071324,0.0,0.24594405
0.2425031,0.2741196,0.0,0.23900291,0.24437441
0.24938175,0.27322114,0.0,0.23559923,0.24179788
0.2442052,0.2768258,0.0,0.23661613,0.24235284
0.25130802,0.27340055,0.0,0.23278803,0.24250336
0.24327068,0.26711965,0.24147259,0.0,0.24813715
0.24254254,0.27392688,0.0,0.24097224,0.24255838
0.25155908,0.27096012,0.23329623,0.0,0.24418457
0.24724017,0.274164,0.0,0.23556323,0.24303257
0.24850096,0.27333945,0.0,0.2320006,0.24615899
0.24585661,0.2618045,0.24321355,0.0,0.24912533
0.24385579,0.2715204,0.0,0.23980148,0.24482228
0.24181111,0.27478454,0.0,0.2388137,0.24459065
0.24651155,0.27278075,0.0,0.23531984,0.2453879
0.24504067,0.2740229,0.0,0.2358505,0.2450859
0.24195549,0.26458392,0.24296263,0.0,0.250498
0.2437195,0.2706952,0.0,0.23921967,0.2463656
0.24112618,0.2734837,0.0,0.238163,0.24722713
0.24557216,0.27295157,0.0,0.23411992,0.24735634
0.24665184,0.2714645,0.0,0.23402642,0.24785724
0.24459569,0.25978902,0.24385925,0.0,0.25175607
0.24537084,0.26864862,0.23648481,0.0,0.24949573
0.24269982,0.272936,0.0,0.23751192,0.24685228
0.24751116,0.27125782,0.0,0.23250902,0.24872203
0.24891447,0.2702361,0.0,0.23408294,0.24676646
0.24176681,0.25932455,0.24654022,0.0,0.25236836
0.24302949,0.26917878,0.0,0.23994108,0.24785066
0.24691133,0.26954007,0.0,0.23402862,0.24951991
0.24646276,0.27169827,0.0,0.23559329,0.24624568
0.2468489,0.27250177,0.0,0.23172858,0.24892072
0.2411181,0.25828737,0.24509902,0.0,0.2554955
0.24616054,0.2680393,0.0,0.23864932,0.2471509
0.24249795,0.2702002,0.0,0.23907557,0.24822627
0.24645992,0.27020663,0.0,0.2350537,0.2482797
0.24302085,0.2721819,0.0,0.23642242,0.24837488
0.2409776,0.2544254,0.2519474,0.0,0.25264955
0.0,0.26878843,0.23975508,0.23892815,0.25252834
0.24436934,0.2695228,0.0,0.23671548,0.24939235
0.2489251,0.2687214,0.0,0.23372346,0.24863
0.2449267,0.2700628,0.0,0.23460929,0.25040123
0.24192293,0.255125,0.24968344,0.0,0.25326863
0.24369821,0.26442835,0.23914538,0.0,0.25272804
0.24419314,0.26675037,0.0,0.23612633,0.25293013
0.2499231,0.26560184,0.23244858,0.0,0.25202653
0.248272,0.26748767,0.0,0.23352976,0.25071055
0.24136169,0.25470483,0.24816553,0.0,0.25576797
0.24135345,0.26543316,0.0,0.24155998,0.25165337
0.24668956,0.2662484,0.0,0.23499838,0.2520637
0.24624527,0.26804334,0.0,0.2325542,0.25315717
0.25065944,0.26669732,0.0,0.23244709,0.25019616
0.24001697,0.25233123,0.25050807,0.0,0.25714374
0.24252945,0.26437595,0.0,0.24052177,0.2525728
0.24584486,0.26465902,0.0,0.23587234,0.25362378
0.24318874,0.26657924,0.0,0.23692402,0.253308
0.24514045,0.26826116,0.0,0.23133837,0.25526005
0.24047244,0.25591782,0.2458212,0.0,0.25778857
0.24223298,0.26341084,0.0,0.24034749,0.25400868
0.24293344,0.26670915,0.0,0.23439306,0.25596434
0.2430352,0.26854134,0.0,0.23496449,0.25345898
0.251407,0.26375598,0.2324794,0.0,0.25235763
0.24040194,0.25362086,0.24663515,0.0,0.259342
0.24334618,0.26047492,0.2402811,0.0,0.25589782
0.24622482,0.26166624,0.23961656,0.0,0.25249246
0.24813387,0.26414466,0.23279276,0.0,0.25492868
0.24360584,0.26634794,0.0,0.23375888,0.25628734
0.23960805,0.24933437,0.24995029,0.0,0.26110727
0.24503016,0.26147017,0.2405888,0.0,0.25291088
0.24233533,0.26413235,0.0,0.2369485,0.2565838
0.24568057,0.26343173,0.0,0.2356935,0.25519416
0.25071785,0.26207346,0.23316112,0.0,0.25404757
0.24193083,0.2477763,0.2518189,0.0,0.25847402
0.24155323,0.2617797,0.0,0.24054483,0.25612223
0.2419136,0.26338962,0.0,0.23827672,0.25642008
0.24619772,0.26360682,0.0,0.23382501,0.25637046
0.24201407,0.26525784,0.0,0.2365515,0.25617662
0.24194832,0.24896078,0.24744458,0.0,0.26164633
0.24460116,0.25612757,0.24336512,0.0,0.25590613
0.24239057,0.2641598,0.0,0.23536874,0.25808087
0.23933059,0.2657652,0.0,0.23799494,0.25690928
0.24890798,0.26225835,0.0,0.23263226,0.2562014
0.24059588,0.24925941,0.24671449,0.0,0.26343024
0.24106497,0.2607419,0.0,0.24153145,0.2566617
0.2477045,0.26049387,0.23538409,0.0,0.25641754
0.24332166,0.26306203,0.0,0.2364602,0.25715607
0.24452072,0.2633376,0.0,0.23593773,0.25620395
0.24301629,0.2486146,0.24497189,0.0,0.2633972
0.24240734,0.2573215,0.24271294,0.0,0.2575582
0.24801572,0.25969082,0.0,0.23758467,0.25470877
0.24814692,0.26163137,0.0,0.23366678,0.25655496
0.24939285,0.26291755,0.0,0.23369348,0.2539961
0.2424906,0.24394746,0.25144702,0.0,0.26211494
0.24508722,0.25995338,0.0,0.23817259,0.25678685
0.25033438,0.25657853,0.23830795,0.0,0.25477913
0.24946007,0.25948027,0.23384212,0.0,0.25721756
0.24729823,0.26092455,0.0,0.23363677,0.25814047
0.24385631,0.24468955,0.24793798,0.0,0.26351616
0.24259467,0.25253204,0.24437042,0.0,0.26050287
0.24488908,0.25968933,0.0,0.2344016,0.26102
0.24672695,0.25969878,0.0,0.23642597,0.25714833
0.24724662,0.26166478,0.0,0.23083434,0.2602543
0.24540877,0.24159223,0.25021598,0.0,0.26278302
0.24804276,0.25333732,0.2405085,0.0,0.25811145
0.24492513,0.2598919,0.0,0.23387343,0.26130953
0.24579765,0.25963026,0.0,0.23582594,0.25874615
0.24749063,0.26010773,0.0,0.23117185,0.26122978
0.24392644,0.24093953,0.25102434,0.0,0.26410973
0.24442472,0.25653785,0.0,0.24061476,0.25842267
0.24813059,0.25658157,0.2341686,0.0,0.26111922
0.24601118,0.2600304,0.0,0.23385844,0.2601
0.2510789,0.2578244,0.0,0.23015907,0.2609376
0.24442433,0.24432725,0.24417971,0.0,0.26706874
0.24435283,0.25580594,0.0,0.23822187,0.2616194
0.2512295,0.25550902,0.2320495,0.0,0.261212
0.24648985,0.26023495,0.0,0.23450387,0.25877133
0.24957915,0.25642827,0.23207478,0.0,0.26191777
0.24482462,0.24390805,0.244821,0.0,0.26644635
0.24641658,0.25321627,0.2389506,0.0,0.26141655
0.23965661,0.26070246,0.0,0.238394,0.2612469
0.2502887,0.2569613,0.0,0.2326093,0.26014066
0.25406587,0.25197625,0.23678179,0.0,0.2571761
0.24144977,0.23757921,0.2511608,0.0,0.26981023
0.24544732,0.2529086,0.23950116,0.0,0.26214293
0.24686377,0.25556427,0.23522235,0.0,0.2623496
0.2439718,0.25790167,0.0,0.23627014,0.26185635
0.2459308,0.2561285,0.23300114,0.0,0.26493955
0.24756658,0.23708166,0.24801345,0.0,0.2673383
0.24452867,0.25227213,0.2376757,0.0,0.2655235
0.24578816,0.25614348,0.0,0.23442864,0.26363972
0.24443619,0.25729197,0.0,0.23516144,0.26311043
0.24929705,0.2541784,0.2331933,0.0,0.26333126
0.24697994,0.23573516,0.25043043,0.0,0.2668545
0.24825656,0.25231355,0.23760961,0.0,0.26182032
0.2459446,0.25665218,0.0,0.23235455,0.26504865
0.24442539,0.2554357,0.0,0.2342772,0.26586172
0.24325156,0.2567917,0.0,0.23564474,0.26431194
0.24740382,0.2386557,0.24499846,0.0,0.268942
0.24750209,0.2509215,0.2388626,0.0,0.2627138
0.24633887,0.2525245,0.23750961,0.0,0.26362702
0.24865636,0.25363475,0.2348752,0.0,0.26283368
0.2497393,0.25353134,0.2331998,0.0,0.2635296
0.2458317,0.23587845,0.2472183,0.0,0.27107155
0.24828616,0.2462655,0.2422763,0.0,0.26317203
0.24391541,0.2550567,0.0,0.23447838,0.26654953
0.24583618,0.25515357,0.0,0.23466906,0.2643412
0.24930681,0.25414887,0.0,0.23171158,0.26483274
0.25048524,0.23474951,0.24541536,0.0,0.2693499
0.241598,0.25334063,0.0,0.23985858,0.2652028
0.2424013,0.2552107,0.0,0.23773633,0.26465172
0.25227365,0.25212258,0.23280664,0.0,0.26279712
0.24806316,0.25339043,0.0,0.23451802,0.2640284
0.24492103,0.23514314,0.24719632,0.0,0.27273953
0.24336502,0.25026715,0.23855788,0.0,0.26780996
0.24115853,0.2548929,0.0,0.23626432,0.26768428
0.24775013,0.25265846,0.2316596,0.0,0.26793182
0.24577056,0.25271773,0.0,0.23277745,0.2687343
0.24914147,0.23580477,0.2430032,0.0,0.27205056
0.24511144,0.24964143,0.23694673,0.0,0.26830038
0.24898857,0.2511382,0.23347034,0.0,0.2664029
0.24656413,0.2537575,0.0,0.23488685,0.26479152
0.24975231,0.25190437,0.2327545,0.0,0.26558882
0.2500335,0.2351087,0.24144161,0.0,0.2734162
0.24527109,0.24811578,0.23797621,0.0,0.2686369
0.24672037,0.25065938,0.2353358,0.0,0.26728448
0.24658373,0.25191465,0.0,0.23527807,0.26622355
0.24618925,0.2528603,0.0,0.23297252,0.26797792
0.24795845,0.0,0.241747,0.23356855,0.27672598
0.24150415,0.2509927,0.0,0.23604438,0.27145883
0.24618755,0.24898987,0.23493734,0.0,0.26988518
0.2485806,0.24942261,0.2363099,0.0,0.2656869
0.24812342,0.2498242,0.23371819,0.0,0.26833418
0.24976477,0.0,0.2441142,0.23110394,0.27501705
0.24513088,0.24668418,0.23871551,0.0,0.26946944
0.25206637,0.248998,0.0,0.23271374,0.26622185
0.24703196,0.24814947,0.23493746,0.0,0.26988113
0.24953209,0.25085673,0.0,0.23256207,0.26704913
0.25496307,0.22727759,0.24639651,0.0,0.2713628
0.24501331,0.24962081,0.0,0.23835503,0.26701087
0.25267622,0.24637114,0.23620607,0.0,0.26474655
0.24643539,0.2505983,0.0,0.23552485,0.26744145
0.24901152,0.2499844,0.0,0.23287863,0.2681255
0.25185674,0.0,0.24116701,0.23228882,0.27468738
0.24390239,0.24436842,0.2414236,0.0,0.2703056
0.24886897,0.24640861,0.23617586,0.0,0.26854658
0.24463356,0.25146288,0.0,0.23206918,0.27183443
0.24701051,0.24931574,0.23339224,0.0,0.27028146
0.24717021,0.0,0.23765372,0.23633091,0.2788452
0.24858473,0.24351685,0.24186136,0.0,0.26603708
0.24141069,0.25208765,0.0,0.23670365,0.26979798
0.24840274,0.24923278,0.0,0.23478375,0.26758066
0.24699491,0.24804847,0.0,0.23602186,0.26893476
0.2548929,0.0,0.24255733,0.2296008,0.27294904
0.2502274,0.2434122,0.0,0.23715077,0.2692096
0.24270087,0.24763472,0.0,0.23666032,0.27300408
0.24969415,0.24753661,0.0,0.23196045,0.2708088
0.25003117,0.24838254,0.0,0.23398168,0.26760453
0.25096494,0.0,0.24211983,0.2309096,0.27600566
0.24606736,0.24499196,0.0,0.23917931,0.26976138
0.24468857,0.24857786,0.0,0.23658158,0.27015194
0.25060987,0.24558073,0.23543112,0.0,0.26837823
0.249345,0.24683942,0.0,0.23402472,0.2697909
0.25587547,0.0,0.24033694,0.22866473,0.27512288
0.2454587,0.24463357,0.23889449,0.0,0.27101323
0.24166736,0.2481857,0.0,0.2372714,0.27287555
0.24122976,0.24968591,0.0,0.23952657,0.26955777
0.24490678,0.24926996,0.0,0.23420283,0.27162045
0.25230712,0.0,0.24167734,0.22877368,0.27724192
0.24952058,0.24024002,0.24180177,0.0,0.2684376
0.24829298,0.24611962,0.0,0.23522541,0.27036196
0.24534397,0.2491218,0.0,0.23754486,0.2679893
0.24630798,0.24923691,0.0,0.23417263,0.2702825
0.25219953,0.0,0.24186984,0.22881833,0.2771123
0.24490665,0.24270889,0.23938201,0.0,0.27300245
0.24175784,0.24941881,0.0,0.2389459,0.26987743
0.2443832,0.25036252,0.0,0.23704329,0.268211
0.24658309,0.24886106,0.0,0.23621519,0.26834068
0.25456482,0.0,0.24744037,0.22402637,0.27396843
0.24333236,0.24290596,0.0,0.24198204,0.2717796
0.2413373,0.24661888,0.0,0.23983987,0.27220398
0.25003496,0.24527952,0.23482543,0.0,0.26986012
0.24286246,0.25012335,0.0,0.2367797,0.2702345
0.25140992,0.0,0.24846098,0.22409569,0.27603343
0.24002218,0.2443049,0.0,0.24230693,0.27336594
0.2518719,0.24133462,0.24142763,0.0,0.2653658
0.24576057,0.24994914,0.0,0.23901142,0.26527885
0.23700495,0.25170562,0.0,0.24110737,0.27018204
0.25736925,0.0,0.24677388,0.22199652,0.27386037
0.24144901,0.0,0.2447146,0.24130185,0.27253455
0.24157836,0.2463732,0.0,0.24085023,0.2711982
0.24535212,0.2458394,0.0,0.23709518,0.27171332
0.24908292,0.24595673,0.0,0.23591763,0.2690427
0.2492349,0.0,0.24265221,0.22866853,0.2794444
0.24453503,0.24055454,0.0,0.24196689,0.27294353
0.24818622,0.24142079,0.24123989,0.0,0.2691531
0.2482575,0.24462548,0.0,0.24133745,0.26577958
0.25146544,0.24135551,0.23955853,0.0,0.26762056
0.25935045,0.0,0.24871871,0.21953394,0.27239683
0.24656641,0.0,0.24386646,0.23920651,0.27036062
0.2443305,0.24419296,0.0,0.2396837,0.27179283
0.24352257,0.24620186,0.0,0.24009395,0.27018163
0.2471832,0.24537408,0.0,0.24009457,0.26734817
0.25173566,0.0,0.24564011,0.22659077,0.2760335
0.0,0.24160878,0.23936215,0.24723917,0.27178985
0.24249765,0.24332476,0.0,0.2445105,0.26966703
0.23965688,0.24595131,0.0,0.2432709,0.2711209
0.24613956,0.2439608,0.23934539,0.0,0.27055427
0.2542024,0.0,0.24397714,0.22375073,0.27806976
0.23946951,0.24277902,0.0,0.24493863,0.27281284
0.0,0.24230285,0.24151662,0.24252887,0.2736517
0.24488182,0.24447785,0.0,0.24246044,0.26817983
0.24401693,0.24542794,0.0,0.24250655,0.26804855
0.2497545,0.0,0.24044749,0.22880259,0.2809954
0.24029587,0.0,0.24744962,0.24231164,0.26994282
0.0,0.24239686,0.24548796,0.24531952,0.26679567
0.24254817,0.24371225,0.24333508,0.0,0.27040446
0.0,0.24682803,0.2403732,0.24186017,0.27093858
0.25031227,0.0,0.24919043,0.22095793,0.27953938
0.24331914,0.26226953,0.25473022,0.23968112,0.0
0.23945862,0.26313007,0.2564133,0.24099799,0.0
0.23849161,0.2630558,0.25451207,0.24394056,0.0
0.23932737,0.26179692,0.2538708,0.24500492,0.0
0.24679565,0.26186082,0.25309265,0.23825087,0.0
0.24368297,0.2584922,0.2552977,0.24252708,0.0
0.24209456,0.25915074,0.25696498,0.2417897,0.0
0.24545804,0.26262364,0.25137985,0.24053846,0.0
0.24052796,0.26221287,0.25721303,0.24004613,0.0
0.2437348,0.25876898,0.25406578,0.2434304,0.0
0.2413499,0.25977445,0.2574588,0.24141683,0.0
0.23825866,0.2631591,0.2542533,0.24432889,0.0
0.24412425,0.26200816,0.25023592,0.24363165,0.0
0.24773648,0.26396656,0.24760167,0.2406953,0.0
0.24405697,0.26039568,0.25427938,0.241268,0.0
0.24823143,0.25739646,0.25811997,0.23625213,0.0
0.24233505,0.26154277,0.253366,0.24275611,0.0
0.24337743,0.26278263,0.25052735,0.2433126,0.0
0.24636284,0.2578505,0.25566578,0.24012089,0.0
0.24272716,0.26271906,0.25189346,0.24266028,0.0
0.24840151,0.2561991,0.25802687,0.23737253,0.0
0.24289967,0.26288486,0.25255084,0.24166462,0.0
0.2510241,0.25734967,0.2528946,0.23873164,0.0
0.24413837,0.26549748,0.24522185,0.24514233,0.0
0.24893282,0.25871503,0.2498087,0.2425435,0.0
0.24861208,0.25267038,0.26037753,0.23834,0.0
0.24928123,0.25857538,0.25311255,0.23903087,0.0
0.24437143,0.25903356,0.25419348,0.24240156,0.0
0.24289177,0.26170424,0.25074935,0.24465461,0.0
0.25387326,0.2548801,0.25385335,0.23739327,0.0
0.24399546,0.2530314,0.26366216,0.23931102,0.0
0.24728456,0.2572806,0.2560196,0.23941526,0.0
0.24725291,0.25731573,0.25519988,0.24023153,0.0
0.2463111,0.2596345,0.24866785,0.24538656,0.0
0.24833365,0.2596941,0.252605,0.23936723,0.0
0.24924017,0.2547698,0.25536177,0.24062827,0.0
0.24290523,0.26169646,0.24996056,0.24543776,0.0
0.24782112,0.25652927,0.25535405,0.24029556,0.0
0.24582261,0.2577049,0.25183076,0.24464174,0.0
0.24496444,0.2609446,0.25253507,0.24155588,0.0
0.24983774,0.25208518,0.2590341,0.23904292,0.0
0.24519026,0.25404042,0.25806,0.24270926,0.0
0.2509516,0.25592902,0.2544656,0.23865378,0.0
0.24385375,0.26002777,0.25263977,0.2434787,0.0
0.24515624,0.25975046,0.2545439,0.24054936,0.0
0.24903959,0.24928014,0.26188964,0.23979063,0.0
0.25078738,0.25605583,0.25112572,0.24203105,0.0
0.24892351,0.2527924,0.25756124,0.24072284,0.0
0.25106797,0.25270832,0.25516635,0.24105734,0.0
0.24443817,0.25971118,0.25313935,0.2427113,0.0
0.24987638,0.25174063,0.25752145,0.24086149,0.0
0.2494165,0.25211605,0.25509745,0.24337003,0.0
0.24796961,0.25500298,0.25309557,0.24393184,0.0
0.24617983,0.26009962,0.24713735,0.2465832,0.0
0.2469947,0.25297725,0.25542,0.24460804,0.0
0.24942878,0.24982089,0.26437464,0.23637566,0.0
0.24696495,0.2526861,0.25989294,0.24045601,0.0
0.24640451,0.25245947,0.25839886,0.24273711,0.0
0.24553674,0.25885132,0.25222036,0.24339156,0.0
0.2412642,0.25769493,0.2533066,0.24773426,0.0
0.23929754,0.25150177,0.2639866,0.24521415,0.0
0.24556339,0.25345942,0.25772133,0.24325585,0.0
0.247443,0.25185555,0.25897223,0.24172923,0.0
0.24622552,0.2527973,0.25767088,0.24330628,0.0
0.244173,0.25240418,0.2616329,0.2417899,0.0
0.24165459,0.25384367,0.25527418,0.24922754,0.0
0.2415848,0.25804624,0.250974,0.249395,0.0
0.24966598,0.2519072,0.25762516,0.24080172,0.0
0.24708337,0.2515777,0.25889283,0.2424461,0.0
0.24587753,0.25654352,0.2542232,0.24335574,0.0
0.241627,0.25235933,0.25777012,0.24824351,0.0
0.24144846,0.2552679,0.2547531,0.24853058,0.0
0.24846415,0.2535713,0.25283563,0.24512894,0.0
0.24695283,0.25492385,0.25216877,0.24595453,0.0
0.24252783,0.25914732,0.25028884,0.24803603,0.0
0.24889085,0.24571365,0.2644446,0.24095091,0.0
0.25025532,0.25188035,0.2518926,0.24597177,0.0
0.2510003,0.25122628,0.25310504,0.2446684,0.0
0.24790996,0.2538471,0.25574538,0.24249756,0.0
0.24506944,0.25525984,0.25264585,0.2470249,0.0
0.24246784,0.24610385,0.264513,0.2469153,0.0
0.24813356,0.25194445,0.25466123,0.24526076,0.0
0.28514084,0.25788447,0.22835092,0.22862373,0.0
0.255806,0.2552767,0.24815881,0.24075846,0.0
0.25526747,0.25086597,0.25497633,0.23889023,0.0
0.25222576,0.24714783,0.25897622,0.24165016,0.0
0.24835326,0.25237978,0.2557256,0.24354137,0.0
0.2499861,0.24938545,0.25699437,0.24363409,0.0
0.24512702,0.25717023,0.25033185,0.24737093,0.0
0.25423318,0.24799809,0.25837788,0.23939088,0.0
0.24442379,0.2486386,0.25810453,0.24883308,0.0
0.2506545,0.24969965,0.25666243,0.24298345,0.0
0.24986897,0.25115016,0.2549945,0.24398635,0.0
0.24620584,0.25411132,0.25308338,0.24659947,0.0
0.24485731,0.25097865,0.26134652,0.24281754,0.0
0.24551488,0.24406202,0.2642547,0.24616838,0.0
0.24554765,0.25123155,0.2558316,0.24738918,0.0
0.24993165,0.24838635,0.25704208,0.24463993,0.0
0.24890836,0.24972074,0.25713402,0.2442369,0.0
0.24449575,0.2508411,0.26070243,0.2439607,0.0
0.25107583,0.24161872,0.26748958,0.23981592,0.0
0.24118531,0.24863191,0.2617809,0.24840188,0.0
0.25044167,0.24882695,0.25614884,0.24458253,0.0
0.24529466,0.2519321,0.25457022,0.24820298,0.0
0.24686179,0.2537523,0.25159872,0.2477872,0.0
0.24666697,0.24208324,0.26798958,0.24326023,0.0
0.24586336,0.24881417,0.25736028,0.24796215,0.0
0.0,0.25152835,0.2565854,0.24687092,0.24501532
0.24767831,0.25076535,0.25486937,0.24668697,0.0
0.24808048,0.24871118,0.2572103,0.24599797,0.0
0.2439514,0.24737018,0.2620444,0.24663404,0.0
0.0,0.2511525,0.2564022,0.25040436,0.24204096
0.24626367,0.24858344,0.25804675,0.24710612,0.0
0.24594843,0.25192934,0.25461257,0.24750963,0.0
0.24851595,0.2496177,0.25490054,0.2469658,0.0
0.24652536,0.24229503,0.26497242,0.24620716,0.0
0.0,0.25247216,0.25276586,0.25173002,0.24303195
0.25045934,0.24922952,0.25416836,0.24614275,0.0
0.0,0.25230664,0.25168037,0.2511112,0.24490178
0.2487286,0.25085902,0.25317314,0.2472392,0.0
0.2444274,0.2436848,0.26430506,0.2475827,0.0
0.24487115,0.24714345,0.25989297,0.24809243,0.0
0.0,0.25072673,0.25529352,0.248718,0.2452618
0.24864109,0.2503861,0.25508645,0.24588633,0.0
0.24864836,0.25039738,0.25305322,0.24790107,0.0
0.24788734,0.2434381,0.26188418,0.24679036,0.0
0.0,0.2493481,0.25750726,0.24846281,0.24468182
0.2472183,0.24907222,0.2557286,0.24798085,0.0
0.24752904,0.24959823,0.25532356,0.0,0.24754913
0.25006145,0.24942237,0.25648737,0.24402882,0.0
0.24596238,0.0,0.2636676,0.24520795,0.24516207
0.0,0.2495146,0.25448626,0.25263724,0.24336192
0.24548036,0.24984874,0.25413197,0.25053892,0.0
0.24870256,0.2507198,0.2518111,0.24876659,0.0
0.2489594,0.25085574,0.25405404,0.24613084,0.0
0.24741113,0.0,0.26298633,0.24617083,0.24343172
0.0,0.24620353,0.25973186,0.24974476,0.24431986
0.0,0.24838279,0.256218,0.248983,0.24641621
0.24850768,0.25209957,0.2512163,0.24817649,0.0
0.0,0.25076735,0.25451204,0.24828885,0.24643178
0.24394232,0.0,0.26331475,0.24698505,0.2457579
0.0,0.2474954,0.2572179,0.24986131,0.24542536
0.0,0.2506379,0.25131765,0.251698,0.24634643
0.2489494,0.25143638,0.25122976,0.0,0.24838446
0.24860463,0.25068313,0.25337616,0.2473361,0.0
0.24874395,0.0,0.26561525,0.24180964,0.24383114
0.0,0.24708399,0.25644124,0.24850701,0.24796782
0.0,0.25081256,0.2512854,0.24956274,0.2483393
0.24944726,0.248034,0.25475544,0.0,0.24776334
0.24811798,0.25009838,0.25279677,0.0,0.24898684
0.24636482,0.0,0.2628354,0.24532978,0.24546997
0.24500541,0.0,0.26032037,0.24707761,0.24759659
0.24648134,0.24413745,0.26113397,0.0,0.24824722
0.24920863,0.25023374,0.2516982,0.24885939,0.0
0.24972807,0.24862467,0.25321537,0.0,0.24843185
0.25030166,0.0,0.26370075,0.24157915,0.24441846
0.0,0.24841274,0.25662845,0.24669144,0.24826735
0.0,0.25067407,0.25095987,0.2482848,0.25008124
0.2482957,0.24802108,0.2544379,0.0,0.24924536
0.24960208,0.24807659,0.25609124,0.0,0.24623011
0.24341723,0.0,0.26194078,0.24908711,0.24555492
0.0,0.24466716,0.2594286,0.24980712,0.2460971
0.24918906,0.0,0.25398305,0.24905746,0.24777043
0.25221938,0.24842942,0.25296402,0.0,0.24638721
0.0,0.24926904,0.25496078,0.2458488,0.2499214
0.0,0.24200056,0.25992316,0.24773148,0.2503448
0.0,0.24382162,0.25999796,0.24708553,0.24909486
0.0,0.24856135,0.25294882,0.24810094,0.25038886
0.25156868,0.24806938,0.251182,0.0,0.24917997
0.24800417,0.24677822,0.25402248,0.0,0.25119513
0.24534792,0.0,0.26394054,0.24588774,0.24482381
0.0,0.24078268,0.26136506,0.24968846,0.24816385
0.0,0.2475286,0.25100318,0.2505135,0.25095472
0.0,0.24821395,0.25150216,0.24836627,0.25191763
0.0,0.25211415,0.24493165,0.24964036,0.25331387
0.24536358,0.0,0.26181036,0.2454816,0.24734448
0.0,0.2431975,0.2578626,0.24853568,0.25040427
0.25182065,0.0,0.2547533,0.24430816,0.24911788
0.24928162,0.24819912,0.25039637,0.0,0.25212288
0.24608226,0.24834338,0.25338086,0.0,0.2521935
0.24025093,0.0,0.26135743,0.24598981,0.25240183
0.2439564,0.0,0.2595515,0.24489178,0.25160033
0.25369793,0.0,0.25397047,0.24237026,0.24996133
0.25180885,0.24555257,0.2495284,0.0,0.25311017
0.25513172,0.24447362,0.25223473,0.0,0.24815993
0.2450067,0.0,0.26233378,0.24291465,0.24974489
0.2468338,0.0,0.25849313,0.24699704,0.24767603
0.25018573,0.0,0.25325486,0.24363652,0.2529229
0.2520793,0.24304202,0.25317016,0.0,0.2517085
0.25342706,0.24655318,0.24887264,0.0,0.25114715
0.25195286,0.0,0.2601823,0.24001954,0.24784532
0.24832033,0.24310738,0.257706,0.0,0.2508663
0.24987902,0.0,0.25296357,0.24389176,0.25326565
0.2560626,0.24345848,0.24821001,0.0,0.2522689
0.25165638,0.24620725,0.24957779,0.0,0.25255856
0.25015035,0.0,0.26100963,0.23782635,0.25101364
0.24662016,0.0,0.2544032,0.24315818,0.2558185
0.24742953,0.0,0.24747701,0.24781986,0.25727358
0.25191918,0.24307752,0.25106454,0.0,0.25393873
0.25096,0.24626464,0.24830371,0.0,0.25447166
0.2487925,0.0,0.26188612,0.23966572,0.24965562
0.24772969,0.0,0.2505457,0.24813038,0.25359422
0.25138476,0.0,0.25068277,0.2422446,0.2556879
0.2526244,0.24434029,0.24695358,0.0,0.25608176
0.2547076,0.2427589,0.24735013,0.0,0.25518337
0.25187895,0.0,0.2602168,0.23639117,0.25151306
0.0,0.24341494,0.25247532,0.24661644,0.25749335
0.25157577,0.0,0.2508718,0.24211131,0.2554411
0.2545783,0.0,0.24774857,0.24328175,0.25439134
0.25204417,0.24390526,0.24914806,0.0,0.25490248
0.25041226,0.0,0.25914612,0.23985742,0.25058421
0.2485251,0.0,0.2507588,0.24655996,0.25415617
0.25299194,0.0,0.25169078,0.24085362,0.2544636
0.25265345,0.0,0.24590805,0.24556364,0.2558749
0.25073186,0.0,0.24728778,0.24590284,0.2560775
0.2486067,0.0,0.25732383,0.23957588,0.25449362
0.25014693,0.0,0.25183234,0.24440049,0.2536202
0.250749,0.0,0.24964768,0.24478698,0.25481632
0.25123715,0.0,0.25256836,0.23909807,0.25709647
0.2530853,0.0,0.25024536,0.24133104,0.25533834
0.25031364,0.0,0.255649,0.24097706,0.2530603
0.24882498,0.0,0.24803345,0.2476022,0.25553936
0.25240934,0.0,0.24738216,0.24560711,0.2546014
0.25336868,0.0,0.24806738,0.24181724,0.25674674
0.25393516,0.0,0.25007778,0.23976049,0.25622657
0.2557501,0.0,0.25717813,0.23609558,0.25097626
0.24778394,0.0,0.25142586,0.24629347,0.25449672
0.24819684,0.0,0.24777272,0.24672434,0.2573061
0.25158057,0.0,0.24486345,0.24454859,0.25900736
0.25562254,0.0,0.24853677,0.24035487,0.2554859
0.25269505,0.0,0.25825614,0.23814845,0.25090036
0.25051552,0.0,0.25205213,0.24249086,0.25494146
0.25143528,0.0,0.24645302,0.24569102,0.25642067
0.2574508,0.0,0.24924189,0.2391953,0.25411204
0.25508246,0.0,0.24776845,0.24283177,0.25431734
0.25653014,0.0,0.25777066,0.23321989,0.25247929
0.25257427,0.0,0.2516301,0.24063472,0.25516096
0.25003004,0.0,0.2480218,0.24314356,0.25880462
0.25246206,0.0,0.24837658,0.24392985,0.25523153
0.251388,0.0,0.2491334,0.24007031,0.25940824
0.2518614,0.0,0.26061338,0.23419902,0.2533262
0.25018108,0.0,0.24840574,0.24567544,0.2557377
0.24756822,0.0,0.2476634,0.24723145,0.25753695
0.25340873,0.0,0.24958538,0.23876517,0.2582407
0.25333765,0.0,0.24881113,0.23944674,0.2584045
0.25261602,0.0,0.25994527,0.23327781,0.25416088
0.24967924,0.0,0.2523977,0.24321875,0.2547043
0.25131685,0.0,0.24877068,0.24046877,0.25944367
0.24866463,0.0,0.24704467,0.24523917,0.25905153
0.25173637,0.0,0.24819954,0.24252136,0.25754276
0.25808975,0.0,0.25509715,0.23273504,0.25407806
0.25414333,0.0,0.24874884,0.24411362,0.2529942
0.25516787,0.0,0.24752496,0.24004237,0.2572648
0.252544,0.0,0.2510343,0.23713529,0.2592864
0.25508213,0.23735249,0.25083718,0.0,0.2567282
0.25438982,0.0,0.255752,0.23536374,0.25449443
0.24970989,0.0,0.25583944,0.23693202,0.25751868
0.2567568,0.0,0.24946117,0.24001817,0.25376385
0.25278148,0.0,0.24740922,0.24083707,0.25897217
0.25377193,0.0,0.24967672,0.23757172,0.25897962
0.24971193,0.0,0.25852263,0.23553546,0.25623
0.2530529,0.0,0.25165737,0.23894238,0.25634736
0.2529334,0.0,0.25255433,0.23659505,0.2579172
0.24984811,0.0,0.25235426,0.23922503,0.2585726
0.24992397,0.0,0.252657,0.23857611,0.25884295
0.25243637,0.0,0.26354918,0.23237665,0.25163782
0.24606325,0.0,0.2532281,0.24207595,0.25863272
0.2478073,0.0,0.2495531,0.24124429,0.26139536
0.24997951,0.0,0.25320488,0.23644023,0.26037535
0.25456518,0.0,0.25259036,0.23475844,0.25808606
0.25482768,0.0,0.25612462,0.23600553,0.25304216
0.24776997,0.0,0.25561047,0.23821257,0.25840694
0.2508619,0.0,0.2521985,0.23825757,0.258682
0.25105128,0.0,0.2558096,0.23554927,0.25758985
0.25254592,0.0,0.25137803,0.23746687,0.2586092
0.24729447,0.0,0.26166892,0.23395407,0.25708255
0.24536857,0.0,0.2561303,0.23962536,0.25887582
0.24637228,0.0,0.25422126,0.23999147,0.259415
0.24997453,0.0,0.25563067,0.23630333,0.25809145
0.24585716,0.0,0.25352535,0.23988609,0.2607314
0.24649395,0.0,0.26336125,0.23411562,0.2560292
0.24213423,0.0,0.25720614,0.24048309,0.2601765
0.24223554,0.0,0.25515848,0.24106514,0.2615408
0.24793813,0.0,0.256496,0.2371185,0.25844732
0.2492554,0.0,0.25651848,0.23537843,0.25884765
0.24861911,0.0,0.26252595,0.23196787,0.2568871
0.24508628,0.0,0.25614354,0.23886119,0.25990903
0.24787854,0.0,0.25810322,0.2356315,0.2583867
0.24852414,0.0,0.256164,0.23542798,0.25988385
0.24699102,0.0,0.25320393,0.2366356,0.26316947
0.24605462,0.0,0.26211798,0.23342453,0.25840285
0.24297088,0.0,0.25811276,0.23920806,0.2597083
0.2438339,0.0,0.25555125,0.23948646,0.2611284
0.2467169,0.0,0.25440866,0.23854561,0.26032883
0.24544166,0.0,0.25600153,0.23639233,0.26216447
0.25038928,0.0,0.26213253,0.22729783,0.26018035
0.24307755,0.0,0.25735915,0.24018323,0.25938004
0.24563043,0.0,0.25231233,0.24217626,0.25988096
0.24688089,0.0,0.2561587,0.2368045,0.2601559
0.24491686,0.0,0.25258356,0.23977697,0.26272267
0.24541593,0.0,0.26105973,0.23155366,0.2619707
0.2374629,0.0,0.25692138,0.24493411,0.26068163
0.24315983,0.0,0.25387067,0.24110115,0.26186836
0.24392566,0.0,0.25409874,0.24023622,0.26173937
0.24134326,0.0,0.25869632,0.24035284,0.25960752
0.24974498,0.0,0.26083204,0.2306992,0.2587238
0.23616017,0.0,0.25544852,0.24634436,0.26204696
0.24374014,0.0,0.2539861,0.24330121,0.2589726
0.2408339,0.0,0.25346982,0.24425335,0.2614429
0.24238996,0.0,0.2520868,0.2437004,0.26182285
0.2490461,0.0,0.25742638,0.23047923,0.26304826
0.24603873,0.0,0.254359,0.23901145,0.26059085
0.2436488,0.0,0.25565344,0.23909378,0.261604
0.24342829,0.0,0.2564574,0.24302167,0.25709268
0.24053653,0.0,0.25530073,0.24318531,0.26097742
0.24400511,0.0,0.25978255,0.23143296,0.26477942
0.23796462,0.0,0.2579374,0.24542992,0.2586681
0.24112853,0.0,0.25659662,0.24403968,0.2582352
0.23824932,0.0,0.2563333,0.24461648,0.2608009
0.23758803,0.0,0.25230244,0.24779496,0.26231456
0.24958824,0.0,0.26432127,0.22606817,0.26002234
0.23946163,0.0,0.25991645,0.24181835,0.25880358
0.2377438,0.0,0.25690547,0.2463254,0.2590253
0.24136557,0.0,0.25758338,0.24272798,0.258323
0.2362615,0.0,0.25750396,0.24620034,0.2600342
0.24339595,0.0,0.26726225,0.22777031,0.26157147
0.23097505,0.0,0.26055014,0.24715716,0.26131764
0.23246537,0.0,0.25838435,0.24921843,0.25993183
0.23763615,0.0,0.2570188,0.24769811,0.2576469
0.238445,0.0,0.25957274,0.2453317,0.25665057
0.25037703,0.0,0.25929502,0.22744398,0.26288396
0.24180944,0.0,0.26168057,0.24106205,0.25544795
0.23790215,0.0,0.25724313,0.24518642,0.25966832
0.23674053,0.0,0.25659078,0.25018847,0.2564802
0.23651476,0.0,0.2581198,0.24747664,0.2578888
0.24607041,0.0,0.26033166,0.23014753,0.26345044
0.23296884,0.0,0.26181114,0.24746178,0.2577583
0.2313902,0.0,0.26239252,0.2493369,0.2568804
0.23644507,0.0,0.2626652,0.24310319,0.25778645
0.23829329,0.0,0.26150706,0.24260625,0.2575934
0.24541783,0.0,0.26980242,0.22222035,0.26255938
0.23159388,0.0,0.26349887,0.24898618,0.2559211
0.2365778,0.0,0.2585266,0.24837519,0.25652036
0.23703134,0.0,0.26211542,0.2444709,0.25638232
0.23999599,0.0,0.25889444,0.24102278,0.2600868
0.24893217,0.0,0.26302025,0.22599873,0.2620489
0.23454532,0.0,0.26161787,0.2504985,0.25333834
0.23734693,0.0,0.26111728,0.2453543,0.25618148
0.23325539,0.0,0.25843015,0.2500174,0.25829712
0.23626797,0.0,0.25917673,0.24736252,0.2571928
0.24821925,0.0,0.26302922,0.22467832,0.26407322
0.23312941,0.0,0.26560447,0.24968272,0.2515834
0.23668693,0.0,0.26039058,0.24572554,0.25719693
0.23900402,0.0,0.26025322,0.24258165,0.2581611
0.24244075,0.0,0.2616731,0.23896778,0.25691834
0.2508312,0.0,0.2617397,0.22476573,0.2626634
0.23427074,0.0,0.26580423,0.24482179,0.25510326
0.23436835,0.0,0.25981635,0.2501859,0.25562936
0.23528805,0.0,0.2586665,0.2472421,0.2588034
0.23376697,0.0,0.26062566,0.24715585,0.2584515
0.25541228,0.0,0.26411372,0.22230919,0.25816482
0.2365583,0.0,0.26619488,0.24561569,0.25163114
0.23455691,0.0,0.25981638,0.24979348,0.25583327
0.23812373,0.0,0.26368278,0.2425336,0.25565988
0.24009822,0.0,0.26277533,0.23946127,0.25766516
0.25688046,0.0,0.26331264,0.21889885,0.26090807
0.23591647,0.0,0.26357025,0.24907447,0.25143883
0.23712465,0.0,0.26372042,0.2450857,0.2540692
0.23647591,0.0,0.26432163,0.245239,0.25396344
0.2392158,0.0,0.26336333,0.2448379,0.252583
0.26246625,0.0,0.25884324,0.2149489,0.2637416
0.23722848,0.0,0.26046377,0.24668452,0.25562322
0.23407583,0.0,0.2632648,0.24890941,0.25374994
0.23603322,0.0,0.2605768,0.24847832,0.25491163
0.23614098,0.0,0.25861374,0.24989979,0.25534546
0.2592418,0.0,0.25883856,0.2202871,0.26163256
0.23540038,0.0,0.26432902,0.24775581,0.2525148
0.23478203,0.0,0.25989968,0.24982367,0.25549465
0.23524894,0.0,0.26567417,0.24390522,0.25517166
0.23671591,0.0,0.2617598,0.24596985,0.25555444
0.2603273,0.0,0.26202294,0.21944307,0.2582067
0.23574059,0.0,0.26131475,0.25241992,0.25052476
0.23613898,0.0,0.26469585,0.24430937,0.25485575
0.23827638,0.0,0.26624027,0.24470904,0.2507743
0.23576777,0.0,0.26716638,0.24504004,0.2520258
0.25553364,0.0,0.2614556,0.22220413,0.26080665
0.2317582,0.0,0.26571524,0.24890272,0.25362387
0.23716249,0.0,0.2673541,0.24402441,0.25145903
0.23846838,0.0,0.26357225,0.24201064,0.25594872
0.23620062,0.0,0.2690002,0.24498981,0.2498094
0.26564658,0.0,0.25899455,0.21820757,0.2571513
0.2337707,0.0,0.2654323,0.2501065,0.25069052
0.23283827,0.0,0.26668033,0.249018,0.25146335
0.23247448,0.0,0.26832327,0.246271,0.25293127
0.2365823,0.0,0.26698917,0.24538521,0.2510433
0.2642805,0.0,0.25720376,0.2207899,0.25772583
0.23660402,0.0,0.2715105,0.2430409,0.24884455
0.23796462,0.0,0.26603302,0.24648017,0.2495222
0.23380528,0.0,0.2662919,0.2512489,0.24865392
0.23078579,0.0,0.2706635,0.2492132,0.24933755
0.2653104,0.0,0.26023826,0.21693881,0.2575125
0.23155223,0.0,0.27024627,0.24912363,0.24907786
0.2289845,0.0,0.27697915,0.24868509,0.24535123
0.22952376,0.0,0.27676287,0.24903263,0.24468072
0.23475958,0.0,0.2713571,0.24660894,0.24727437
0.26464435,0.0,0.2576464,0.22025558,0.25745368
0.2327629,0.0,0.27255914,0.24972093,0.24495703
0.22930297,0.0,0.2767952,0.24900407,0.24489772
0.23074956,0.0,0.27583063,0.24839263,0.24502717
0.23179032,0.0,0.2789109,0.24624492,0.24305385
0.26880872,0.0,0.25609216,0.21910548,0.2559936
0.22895347,0.0,0.27673757,0.2510815,0.24322747
0.22934632,0.0,0.27602395,0.25002536,0.24460438
0.23289527,0.0,0.2726518,0.24926911,0.24518383
0.22949827,0.0,0.27886754,0.24878353,0.24285066
0.26807445,0.0,0.25839671,0.21602866,0.2575001
0.22819711,0.0,0.27648804,0.25231588,0.24299893
0.22787766,0.0,0.28073114,0.24869965,0.24269158
0.22508883,0.0,0.28091803,0.24996994,0.24402316
0.23191611,0.0,0.28078386,0.24601461,0.24128541
0.27173844,0.0,0.25735927,0.21876667,0.25213566
0.22822963,0.0,0.284493,0.24825501,0.23902242
0.23088698,0.0,0.28492102,0.24463405,0.23955789
0.22698596,0.0,0.2869798,0.2450206,0.24101365
0.23065552,0.0,0.29100558,0.2397374,0.2386015
0.27710325,0.0,0.256306,0.21290946,0.25368127
0.23339637,0.0,0.28078195,0.24699557,0.2388261
0.23263179,0.0,0.28421134,0.24479845,0.23835844
0.22934386,0.0,0.29261127,0.24076973,0.23727511
0.23023483,0.0,0.2953918,0.23877397,0.23559941
0.27648836,0.0,0.2575094,0.2147099,0.25129232
0.2267635,0.0,0.29448923,0.2447381,0.23400916
0.2286643,0.0,0.29067647,0.24288768,0.23777162
0.22826871,0.0,0.29344454,0.24034578,0.23794098
0.22903404,0.0,0.2976742,0.23734133,0.23595038
0.27538368,0.0,0.26050308,0.21661918,0.24749409
0.22661252,0.0,0.29796338,0.24116452,0.23425958
0.2256387,0.0,0.2975507,0.23853752,0.23827302
0.22522895,0.0,0.30210596,0.23956276,0.23310237
0.23076501,0.0,0.29656228,0.23768148,0.23499127
0.2749804,0.0,0.2547204,0.22281829,0.24748097
0.22762758,0.0,0.3007378,0.2401125,0.2315221
0.2258003,0.0,0.30550668,0.23599559,0.23269743
0.2245263,0.0,0.30455375,0.23591672,0.23500319
0.22694692,0.0,0.3081546,0.23501772,0.22988074
0.27606183,0.0,0.25765258,0.22094882,0.24533673
0.2291186,0.0,0.30510488,0.23709764,0.22867887
0.22602761,0.0,0.30828437,0.2357571,0.22993092
0.22296213,0.0,0.31749442,0.23134762,0.22819576
0.22447659,0.0,0.31307104,0.23060967,0.23184274
0.28664988,0.0,0.25797325,0.21139678,0.2439801
0.23552337,0.2615911,0.25391316,0.24897236,0.0
0.24011713,0.26364526,0.25262186,0.2436158,0.0
0.24723433,0.2602827,0.25064185,0.24184117,0.0
0.24804033,0.26241016,0.24872144,0.2408281,0.0
0.24397962,0.26742777,0.24286541,0.24572717,0.0
0.24637215,0.25839376,0.25269693,0.24253717,0.0
0.24114564,0.26617476,0.24655521,0.24612437,0.0
0.24519888,0.26317188,0.24472152,0.24690776,0.0
0.24872702,0.2624174,0.24400854,0.24484707,0.0
0.24253586,0.26499954,0.24870932,0.24375524,0.0
0.24836941,0.2556085,0.25692302,0.23909907,0.0
0.24099244,0.26548213,0.2438952,0.24963023,0.0
0.24553859,0.2618293,0.2472088,0.24542327,0.0
0.24853075,0.26231465,0.24646805,0.24268657,0.0
0.24621597,0.26328146,0.24740711,0.24309547,0.0
0.25264645,0.2550124,0.2522152,0.24012597,0.0
0.24400675,0.26028082,0.25065178,0.2450607,0.0
0.24644883,0.26407185,0.24383055,0.24564871,0.0
0.24175425,0.26922765,0.23847206,0.250546,0.0
0.24508058,0.26615012,0.24071443,0.24805482,0.0
0.24632479,0.2587743,0.24936801,0.24553289,0.0
0.24511813,0.26220912,0.24526101,0.24741176,0.0
0.2462107,0.26282173,0.24535069,0.24561685,0.0
0.24779797,0.26094165,0.24705347,0.24420692,0.0
0.2479729,0.26014486,0.24945548,0.24242677,0.0
0.2447436,0.25729406,0.2545562,0.24340613,0.0
0.24159607,0.26302806,0.24540044,0.24997538,0.0
0.2444739,0.2637577,0.24511772,0.24665065,0.0
0.24433984,0.26390773,0.24242316,0.24932931,0.0
0.24626131,0.26391214,0.24449259,0.24533398,0.0
0.2488562,0.2538669,0.2546337,0.24264318,0.0
0.24264523,0.2621135,0.24459453,0.2506467,0.0
0.24375626,0.26167896,0.24576403,0.24880075,0.0
0.243139,0.26448599,0.24387798,0.24849702,0.0
0.2469606,0.2615241,0.24335319,0.2481621,0.0
0.24510428,0.25469,0.256742,0.24346371,0.0
0.24565737,0.25979057,0.24695796,0.24759412,0.0
0.24788535,0.25823128,0.24523969,0.24864367,0.0
0.24685866,0.2596634,0.24485452,0.24862339,0.0
0.24774948,0.26057225,0.24602778,0.24565043,0.0
0.24832045,0.254183,0.25405496,0.24344163,0.0
0.2429332,0.25981763,0.24617468,0.25107455,0.0
0.2445027,0.25895998,0.2462708,0.25026646,0.0
0.25036645,0.25924978,0.24428497,0.24609882,0.0
0.24222662,0.2652801,0.24157594,0.2509173,0.0
0.24690464,0.25306496,0.25280416,0.24722627,0.0
0.24329491,0.26238582,0.24304476,0.25127447,0.0
0.2475234,0.26056892,0.2432693,0.24863838,0.0
0.24541344,0.2606413,0.24177048,0.25217474,0.0
0.2459154,0.2588524,0.24634777,0.24888444,0.0
0.24405749,0.25510532,0.252664,0.24817313,0.0
0.23930672,0.25967953,0.24690776,0.25410601,0.0
0.244079,0.2584529,0.24623483,0.25123325,0.0
0.24346757,0.2608491,0.24562307,0.25006023,0.0
0.24712248,0.25972015,0.2444458,0.2487116,0.0
0.25035757,0.25017497,0.25564682,0.24382064,0.0
0.24309865,0.25651884,0.24961127,0.25077128,0.0
0.24706729,0.25599498,0.24634983,0.25058788,0.0
0.250307,0.25507003,0.24870615,0.24591681,0.0
0.2500611,0.25617993,0.24783784,0.2459211,0.0
0.24697228,0.2511227,0.25443056,0.24747448,0.0
0.24601215,0.25756148,0.24677716,0.2496492,0.0
0.24625693,0.25892997,0.24480602,0.25000703,0.0
0.24444535,0.26080143,0.2428815,0.25187168,0.0
0.25049415,0.2580364,0.24244015,0.2490293,0.0
0.24722297,0.25028956,0.25462332,0.24786416,0.0
0.24619848,0.25727546,0.24756084,0.24896523,0.0
0.2446729,0.25484633,0.25064838,0.2498324,0.0
0.250092,0.25541958,0.2496905,0.2447979,0.0
0.25063035,0.25949284,0.2445564,0.2453204,0.0
0.24658647,0.25007936,0.25526363,0.24807054,0.0
0.24597083,0.25497794,0.2461036,0.25294763,0.0
0.24257661,0.25883552,0.24628597,0.25230187,0.0
0.2516915,0.25544748,0.2476768,0.2451842,0.0
0.2487079,0.25545257,0.25043067,0.24540883,0.0
0.24630809,0.24800484,0.2575189,0.24816819,0.0
0.24682094,0.25228152,0.25183767,0.24905989,0.0
0.24672873,0.25635368,0.24723652,0.24968103,0.0
0.24564351,0.2559825,0.24698234,0.25139162,0.0
0.24761692,0.2575189,0.24608067,0.2487835,0.0
0.2438558,0.2500764,0.2540977,0.2519701,0.0
0.23999181,0.25386584,0.251761,0.2543814,0.0
0.24196622,0.2566881,0.248779,0.2525667,0.0
0.24012917,0.25542435,0.25279662,0.2516499,0.0
0.24979104,0.25439626,0.24713409,0.24867865,0.0
0.24551849,0.24690515,0.26242143,0.24515495,0.0
0.23814555,0.257818,0.24843425,0.2556022,0.0
0.24590315,0.25695693,0.24773352,0.2494064,0.0
0.24426088,0.25651345,0.24735855,0.2518671,0.0
0.24953876,0.25575826,0.2459235,0.24877945,0.0
0.24629389,0.24844891,0.2550767,0.25018048,0.0
0.24105427,0.25775492,0.24514523,0.2560456,0.0
0.24256222,0.2555495,0.24734454,0.25454378,0.0
0.24435993,0.2578063,0.24591093,0.25192282,0.0
0.24767017,0.2550128,0.24486446,0.25245255,0.0
0.2442585,0.24843062,0.25476226,0.25254866,0.0
0.23884161,0.25397828,0.24823666,0.2589435,0.0
0.24420068,0.2544179,0.24785893,0.2535225,0.0
0.24394111,0.25789502,0.24557859,0.25258526,0.0
0.24229576,0.2576718,0.24649863,0.2535338,0.0
0.2522881,0.24481861,0.258408,0.24448526,0.0
0.24297588,0.254459,0.24717738,0.25538772,0.0
0.24420798,0.25822133,0.24452639,0.25304434,0.0
0.24302584,0.2578088,0.24345866,0.2557067,0.0
0.24904011,0.25328907,0.24923071,0.24844013,0.0
0.24604727,0.24582723,0.26013926,0.24798627,0.0
0.24237318,0.25165725,0.2517159,0.25425372,0.0
0.2432468,0.25481525,0.24902739,0.2529106,0.0
0.24847549,0.25579113,0.24523209,0.25050125,0.0
0.24428535,0.2568528,0.2441803,0.25468156,0.0
0.23855495,0.24945001,0.256995,0.255,0.0
0.2438103,0.2524533,0.24911343,0.254623,0.0
0.24608123,0.2553571,0.24604122,0.2525205,0.0
0.24864952,0.25835153,0.0,0.25181305,0.24118592
0.24555403,0.25415775,0.24958378,0.25070444,0.0
0.24616446,0.24303706,0.26003835,0.2507602,0.0
0.2431788,0.25250885,0.24631095,0.2580014,0.0
0.2456962,0.25325084,0.24775045,0.2533025,0.0
0.24437273,0.25587675,0.24614525,0.25360528,0.0
0.24423319,0.25912187,0.0,0.25546828,0.2411767
0.24857931,0.2456141,0.2567663,0.24904032,0.0
0.0,0.25167572,0.24921009,0.26040128,0.23871286
0.24684475,0.25178128,0.2488603,0.25251365,0.0
0.24371983,0.25782397,0.245001,0.2534552,0.0
0.24391976,0.26026398,0.0,0.2536119,0.24220438
0.0,0.24774702,0.2567864,0.25292322,0.24254338
0.24470992,0.25230613,0.24894504,0.2540389,0.0
0.24718833,0.25323966,0.24640541,0.25316656,0.0
0.24545132,0.2552943,0.24553895,0.25371546,0.0
0.25048015,0.25317007,0.24497546,0.2513743,0.0
0.24721822,0.24289389,0.25867772,0.25121015,0.0
0.24455495,0.25246924,0.24416761,0.25880823,0.0
0.246551,0.25331753,0.24491575,0.2552157,0.0
0.24594983,0.2552792,0.24505246,0.2537185,0.0
0.24492954,0.25582582,0.24374132,0.2555033,0.0
0.24383862,0.24615303,0.25540105,0.25460732,0.0
0.0,0.252422,0.24778973,0.25790507,0.24188319
0.24641685,0.25439486,0.2457996,0.25338867,0.0
0.24407373,0.25785938,0.0,0.25578588,0.24228099
0.24790344,0.2546743,0.24718563,0.2502367,0.0
0.24901478,0.0,0.26092514,0.24712248,0.24293756
0.24486642,0.25461558,0.24160925,0.25890875,0.0
0.24876279,0.25438353,0.24504869,0.25180498,0.0
0.24280412,0.25649518,0.0,0.2576142,0.24308649
0.24449162,0.25642347,0.241759,0.2573259,0.0
0.24486957,0.24450323,0.25567174,0.25495544,0.0
0.24326517,0.2503413,0.2512445,0.25514907,0.0
0.24938294,0.25372267,0.24248123,0.25441316,0.0
0.24795814,0.25394213,0.2453631,0.25273666,0.0
0.24786592,0.25318652,0.24823312,0.25071442,0.0
0.24953194,0.0,0.26009095,0.2484754,0.24190168
0.2427212,0.24999566,0.24867454,0.2586086,0.0
0.24448383,0.25649288,0.0,0.25339502,0.24562822
0.2472217,0.25598907,0.0,0.2537061,0.24308313
0.24739413,0.25562233,0.0,0.2514903,0.24549325
0.24561001,0.0,0.25616634,0.2521813,0.24604236
0.0,0.25093046,0.2477418,0.2584614,0.24286632
0.24381766,0.25561166,0.0,0.25954312,0.24102756
0.25145504,0.25198907,0.24501556,0.2515403,0.0
0.24837314,0.2529238,0.0,0.25196034,0.24674277
0.25033545,0.24288209,0.25458828,0.25219417,0.0
0.0,0.24854034,0.2483211,0.25960186,0.24353668
0.0,0.25429863,0.24287839,0.2585588,0.24426414
0.25269994,0.25513664,0.0,0.24910766,0.24305578
0.24278556,0.25800565,0.0,0.25465685,0.24455196
0.0,0.24637327,0.25316635,0.2530895,0.24737088
0.0,0.2522982,0.24685326,0.2574595,0.24338908
0.0,0.253735,0.2452823,0.2569292,0.24405351
0.24785616,0.25461915,0.0,0.2538845,0.24364026
0.25149158,0.2546225,0.24238013,0.25150582,0.0
0.24764957,0.2462197,0.25271922,0.25341147,0.0
0.24298519,0.25150415,0.24721263,0.25829807,0.0
0.0,0.25584018,0.24280517,0.25744343,0.24391122
0.24744284,0.25565615,0.0,0.25012293,0.24677803
0.2476646,0.25403532,0.0,0.25104702,0.24725303
0.25039473,0.0,0.25229156,0.24968198,0.24763174
0.2437793,0.2505765,0.24738531,0.25825888,0.0
0.24710198,0.2534664,0.24170503,0.25772658,0.0
0.24979354,0.2532076,0.0,0.25241536,0.24458346
0.2490072,0.2546834,0.0,0.25264898,0.2436605
0.0,0.2473914,0.25184155,0.25441658,0.24635051
0.0,0.25423196,0.24612626,0.2565942,0.24304758
0.24435432,0.25638828,0.0,0.2531977,0.24605969
0.24408908,0.2551011,0.0,0.25491837,0.24589144
0.24805214,0.25580692,0.0,0.25028244,0.2458585
0.25084686,0.24551871,0.24990995,0.25372446,0.0
0.24863909,0.24923931,0.2484277,0.2536939,0.0
0.24825439,0.2523125,0.0,0.25350907,0.24592409
0.23998061,0.25772938,0.0,0.25419417,0.24809581
0.2433379,0.25716573,0.0,0.2547566,0.24473979
0.25124997,0.0,0.25441414,0.24621643,0.24811946
0.2428408,0.2529015,0.0,0.2575007,0.246757
0.0,0.25293714,0.24395357,0.25532806,0.24778128
0.0,0.25484875,0.24182583,0.25506145,0.24826401
0.24940327,0.25290716,0.0,0.25090066,0.24678895
0.2549189,0.0,0.25195503,0.24615423,0.2469718
0.0,0.24969602,0.24716595,0.25549746,0.24764058
0.2423356,0.25339484,0.0,0.25514245,0.24912708
0.0,0.25291926,0.24551018,0.25133836,0.2502322
0.24495056,0.25238088,0.0,0.2546984,0.24797013
0.25114617,0.0,0.2552554,0.24555178,0.24804664
0.0,0.2508086,0.24318318,0.26053497,0.24547327
0.24607615,0.25572643,0.0,0.24975805,0.24843939
0.23979004,0.25545958,0.0,0.25341868,0.25133172
0.0,0.25149632,0.24742967,0.24954642,0.25152755
0.24557427,0.0,0.25422633,0.25195345,0.24824595
0.0,0.24922267,0.24531387,0.2570615,0.24840198
0.24443084,0.2513496,0.0,0.25276238,0.25145715
0.0,0.24990064,0.24885073,0.25146627,0.24978237
0.24411851,0.25405583,0.0,0.2524522,0.24937348
0.24957098,0.0,0.2494654,0.2508946,0.250069
0.2405429,0.24992166,0.0,0.26091874,0.24861671
0.23763934,0.25379983,0.0,0.25961652,0.2489443
0.24185762,0.2521216,0.0,0.25319245,0.2528284
0.24482584,0.25177366,0.0,0.25033838,0.2530621
0.24363333,0.0,0.2522749,0.24871734,0.25537446
0.0,0.24991226,0.24005345,0.25761724,0.25241706
0.2417871,0.25142175,0.0,0.25504124,0.25174996
0.24016897,0.2537108,0.0,0.2532708,0.2528494
0.2467687,0.25145882,0.0,0.25111955,0.25065288
0.24910262,0.0,0.25138977,0.24872154,0.2507861
0.0,0.2481473,0.24234964,0.2586953,0.2508077
0.24737445,0.24847698,0.0,0.25220063,0.2519479
0.24148878,0.2513492,0.0,0.2534325,0.2537295
0.24355245,0.25192696,0.0,0.2528321,0.25168848
0.2511661,0.0,0.24998417,0.24314596,0.25570378
0.24157217,0.25110444,0.0,0.2564334,0.25089005
0.24588923,0.24919933,0.0,0.25259742,0.25231397
0.24712667,0.2501017,0.0,0.24914807,0.2536236
0.24462643,0.2505026,0.0,0.25131837,0.25355265
0.25076306,0.0,0.25165993,0.24488068,0.2526963
0.24687673,0.24581496,0.0,0.25539744,0.25191087
0.24551015,0.24875776,0.0,0.25003865,0.25569344
0.24286403,0.25005344,0.0,0.25424236,0.2528402
0.24583405,0.24846373,0.0,0.24958374,0.25611848
0.24561907,0.0,0.24667686,0.2522978,0.25540626
0.24391775,0.2457197,0.0,0.25558332,0.25477928
0.0,0.24615648,0.24383149,0.25332665,0.25668532
0.24602646,0.25113297,0.0,0.24826767,0.25457293
0.24353297,0.24942629,0.0,0.25060722,0.2564335
0.25075045,0.0,0.24866527,0.24505422,0.25553006
0.0,0.24383177,0.24217772,0.2580014,0.25598904
0.24399497,0.24617593,0.0,0.2536015,0.2562276
0.2434833,0.24882059,0.0,0.2517661,0.25593004
0.24564865,0.24725592,0.0,0.24836817,0.25872725
0.25098452,0.0,0.25399143,0.24079445,0.25422964
0.0,0.24357764,0.24319886,0.25901657,0.25420696
0.24590011,0.24548945,0.0,0.25033444,0.258276
0.2426019,0.24727665,0.0,0.2551054,0.25501603
0.24342261,0.24679993,0.0,0.2526789,0.25709853
0.24786226,0.0,0.25194582,0.24290805,0.2572838
0.24072844,0.24436866,0.0,0.25955448,0.25534838
0.24504124,0.24399745,0.0,0.25167188,0.25928944
0.24063937,0.24660186,0.0,0.2540056,0.25875315
0.24381685,0.24789785,0.0,0.2500359,0.25824937
0.23072104,0.2399032,0.2628367,0.0,0.26653907
0.24433547,0.0,0.25225812,0.2533659,0.25004053
0.0,0.24733567,0.24385208,0.25602385,0.2527884
0.0,0.2465949,0.2448116,0.2523916,0.25620183
0.0,0.2474966,0.24214935,0.25254646,0.25780758
0.23940313,0.0,0.25284335,0.24965039,0.25810316
0.0,0.2420593,0.24402791,0.25782913,0.25608367
0.2451643,0.24478075,0.0,0.2532612,0.25679374
0.24470209,0.24485996,0.0,0.25094473,0.25949323
0.24331307,0.24708585,0.0,0.2517653,0.25783584
0.24354304,0.0,0.25414196,0.24449034,0.25782466
0.0,0.24134377,0.24333112,0.25750217,0.25782296
0.2437047,0.0,0.24492015,0.2530355,0.2583396
0.2419931,0.24638548,0.0,0.25161663,0.26000485
0.24220419,0.24725236,0.0,0.25112194,0.2594215
0.248759,0.0,0.2528843,0.24076442,0.25759226
0.0,0.24407083,0.24296796,0.25524017,0.25772107
0.0,0.24525404,0.24041809,0.2528363,0.26149154
0.24254754,0.24536325,0.0,0.25683436,0.25525483
0.2416305,0.24606435,0.0,0.2537447,0.25856045
0.24793625,0.0,0.25197,0.24016629,0.25992748
0.24325465,0.0,0.24714507,0.25144047,0.2581598
0.2424847,0.0,0.24374959,0.25130272,0.26246297
0.23918983,0.24608508,0.0,0.25351053,0.26121455
0.24254863,0.24453662,0.0,0.2534413,0.25947347
0.24984957,0.0,0.25126046,0.23800613,0.26088387
0.24240455,0.0,0.24369328,0.25333953,0.2605626
0.24379039,0.0,0.24334122,0.2527996,0.26006874
0.23612128,0.24545662,0.0,0.25548455,0.26293755
0.24252757,0.24282074,0.0,0.25052774,0.26412392
0.24782386,0.0,0.25273204,0.23710999,0.2623341
0.24295314,0.0,0.2454583,0.25064912,0.26093945
0.2422875,0.0,0.24355529,0.2504584,0.26369882
0.24446389,0.24168183,0.0,0.25194043,0.2619139
0.24371476,0.24233472,0.0,0.24859484,0.2653557
0.24868412,0.0,0.2497156,0.24068385,0.2609164
0.23976314,0.0,0.24241556,0.2563187,0.26150262
0.24148963,0.0,0.24191082,0.25126818,0.2653314
0.24217036,0.24066468,0.0,0.25193962,0.26522535
0.24106452,0.24271725,0.0,0.25048178,0.2657365
0.25067112,0.0,0.24874702,0.24024409,0.26033774
0.0,0.23903686,0.23863007,0.2561742,0.26615882
0.24093716,0.23989694,0.0,0.25508037,0.26408553
0.24337949,0.0,0.23988463,0.2508872,0.26584873
0.24182375,0.24127702,0.0,0.25148496,0.26541424
0.24713036,0.0,0.24591164,0.24289045,0.26406756
0.23984575,0.0,0.24346864,0.25362927,0.26305634
0.2441288,0.0,0.23991404,0.25221238,0.26374477
0.24718921,0.0,0.24235177,0.24745196,0.2630071
0.24479154,0.0,0.2386954,0.2513519,0.26516122
0.2510854,0.0,0.24696471,0.23733976,0.2646101
0.24168149,0.0,0.24267443,0.25246936,0.26317474
0.24134964,0.0,0.24043867,0.25044173,0.26776993
0.24074644,0.0,0.24067323,0.2522319,0.26634842
0.24361111,0.0,0.2394376,0.25120118,0.2657501
0.25279173,0.0,0.24733628,0.2346546,0.2652174
0.23533362,0.0,0.2419458,0.25554225,0.26717836
0.24504253,0.0,0.23970099,0.2509651,0.26429138
0.23991463,0.0,0.2425058,0.2487885,0.26879108
0.24567665,0.0,0.23947929,0.24888074,0.26596332
0.25032136,0.0,0.24491829,0.23679315,0.26796725
0.23819257,0.0,0.23813011,0.25349727,0.27018005
0.24240829,0.0,0.24029258,0.250398,0.26690114
0.2441156,0.0,0.23713203,0.2531374,0.26561496
0.24465242,0.0,0.24209762,0.2462599,0.26699007
0.24984457,0.0,0.24626161,0.23607251,0.26782128
0.2415315,0.0,0.240101,0.25210243,0.2662651
0.24089983,0.0,0.23922548,0.25200427,0.26787046
0.24333613,0.0,0.23970123,0.25202745,0.2649352
0.24706432,0.0,0.23951262,0.24719249,0.26623055
0.25131372,0.0,0.24250434,0.23613663,0.27004528
0.23982963,0.0,0.2372391,0.25570267,0.26722863
0.24259448,0.0,0.23615888,0.2544372,0.26680946
0.24582508,0.0,0.24063998,0.24578042,0.2677545
0.24390882,0.0,0.2375375,0.24835375,0.27019992
0.25058118,0.0,0.24338168,0.23403782,0.27199933
0.24089724,0.0,0.24291082,0.24793565,0.2682563
0.24206258,0.0,0.2424612,0.24966405,0.26581213
0.24183246,0.0,0.23911634,0.24915665,0.26989454
0.24226044,0.0,0.23961984,0.24910606,0.26901367
0.24778986,0.0,0.24667785,0.23292883,0.27260342
0.24246205,0.0,0.23802325,0.2521,0.2674147
0.24090043,0.0,0.23919655,0.2528128,0.26709023
0.24428113,0.0,0.23916423,0.24826565,0.268289
0.24361652,0.0,0.23997337,0.2485394,0.26787066
0.25022882,0.0,0.24547571,0.23498197,0.26931348
0.24205126,0.0,0.24239776,0.2481382,0.2674128
0.2426315,0.0,0.24048926,0.247588,0.26929125
0.24494883,0.0,0.23937632,0.24819209,0.26748273
0.24057175,0.0,0.24211897,0.24764986,0.26965943
0.25108376,0.0,0.24712342,0.23239742,0.26939538
0.23932104,0.0,0.24395706,0.24810563,0.26861623
0.24288744,0.0,0.24094272,0.24731162,0.26885816
0.24146903,0.0,0.24162488,0.24842234,0.26848376
0.24324813,0.0,0.24092627,0.24858834,0.26723728
0.2528011,0.0,0.24738617,0.23235498,0.26745775
0.24049398,0.0,0.23963504,0.25179592,0.26807505
0.24198551,0.0,0.23960337,0.24931112,0.26909998
0.24241497,0.0,0.24243465,0.2481805,0.26696986
0.24268909,0.0,0.24015112,0.25040826,0.26675156
0.2504801,0.0,0.245518,0.23354395,0.27045798
0.23986945,0.0,0.2422795,0.25284272,0.26500833
0.2387006,0.0,0.24059491,0.25166562,0.2690389
0.24215075,0.0,0.24253798,0.24955633,0.26575494
0.24384478,0.0,0.24186401,0.24738958,0.2669016
0.24945319,0.0,0.24811539,0.23306978,0.26936162
0.23846053,0.0,0.24508284,0.24883945,0.2676172
0.24204393,0.0,0.24258056,0.24884568,0.2665298
0.24036194,0.0,0.24381304,0.24903837,0.26678663
0.23916614,0.0,0.24061555,0.25168318,0.26853514
0.25054196,0.0,0.25360048,0.22710635,0.2687512
0.24051467,0.0,0.24245328,0.24959803,0.26743403
0.24095859,0.0,0.24508652,0.24839857,0.2655563
0.23608007,0.0,0.24481708,0.2492697,0.26983318
0.23966302,0.0,0.24270101,0.24843156,0.2692044
0.24858315,0.0,0.25125188,0.22977053,0.27039447
0.23430514,0.0,0.2452499,0.25286105,0.26758385
0.2361061,0.0,0.24433966,0.25025535,0.2692989
0.24329343,0.0,0.24095668,0.251079,0.2646709
0.23793662,0.0,0.242604,0.25206178,0.26739755
0.25073048,0.0,0.25567037,0.22575362,0.26784557
0.23533535,0.0,0.2477851,0.24893202,0.26794755
0.23739323,0.0,0.2454474,0.25022116,0.26693824
0.23559912,0.0,0.24392213,0.2531922,0.2672866
0.24049263,0.0,0.24717356,0.24747947,0.26485434
0.24936934,0.0,0.25108737,0.22937398,0.2701693
0.23622972,0.0,0.2512222,0.24942282,0.26312527
0.2375843,0.0,0.24825498,0.2475465,0.26661423
0.23770738,0.0,0.2470418,0.24825752,0.2669933
0.23714317,0.0,0.24095349,0.25409555,0.26780775
0.24829309,0.0,0.25090975,0.23089841,0.26989877
0.23511223,0.0,0.25203437,0.24835405,0.26449937
0.23147476,0.0,0.24738047,0.25394893,0.2671959
0.23670857,0.0,0.24356739,0.25061333,0.26911068
0.23610032,0.0,0.24374025,0.25322333,0.26693612
0.2484244,0.0,0.24997771,0.23163463,0.26996326
0.23211533,0.0,0.24562068,0.25704554,0.26521847
0.23295559,0.0,0.24719684,0.25332594,0.26652166
0.23545675,0.0,0.2463222,0.25256565,0.2656554
0.23259808,0.0,0.2459052,0.25529873,0.26619795
0.24983658,0.0,0.2513576,0.22729658,0.27150923
0.23444432,0.0,0.24540073,0.25517282,0.26498213
0.23091748,0.0,0.24920481,0.25566438,0.26421335
0.23124062,0.0,0.2485523,0.25259954,0.2676076
0.2360147,0.0,0.24660794,0.2527576,0.2646198
0.24853274,0.0,0.2505931,0.228284,0.27259013
0.23339033,0.0,0.24946107,0.2525119,0.26463673
0.23241629,0.0,0.24867111,0.25310865,0.2658039
0.23091453,0.0,0.24873635,0.25476295,0.26558614
0.23094888,0.0,0.248684,0.25531355,0.26505354
0.24703947,0.0,0.250737,0.22872032,0.2735032
0.23061532,0.0,0.2502684,0.2558724,0.2632439
0.23080148,0.0,0.24901673,0.25634757,0.26383427
0.23071566,0.0,0.24783911,0.25377336,0.26767182
0.23012277,0.0,0.2478672,0.25413704,0.267873
0.24651034,0.0,0.25242692,0.22930034,0.27176243
0.22832827,0.0,0.24690813,0.26151493,0.26324865
0.23067643,0.0,0.24939296,0.25374138,0.26618922
0.23224524,0.0,0.25148913,0.25361297,0.26265267
0.22985466,0.0,0.2504292,0.25535315,0.264363
0.25082183,0.0,0.25082603,0.22671151,0.27164063
0.22945634,0.0,0.25040862,0.25665897,0.26347604
0.22961713,0.0,0.24958627,0.25659993,0.26419666
0.23239043,0.0,0.25074688,0.25476143,0.26210126
0.22909574,0.0,0.24766882,0.25733876,0.26589665
0.2521688,0.0,0.25337565,0.2235729,0.27088267
0.2302498,0.0,0.25169984,0.256176,0.26187435
0.22949162,0.0,0.25200906,0.25699198,0.26150736
0.23023832,0.0,0.24928297,0.25736687,0.2631118
0.23130019,0.0,0.24874277,0.25797945,0.26197758
0.25223377,0.0,0.24981149,0.22612914,0.2718256
0.22789343,0.0,0.25309682,0.25648755,0.26252222
0.22829284,0.0,0.25052315,0.25798392,0.2632001
0.22953285,0.0,0.24859016,0.2590358,0.26284122
0.2309712,0.0,0.24624367,0.26068184,0.26210323
0.25152412,0.0,0.2450159,0.22858341,0.27487656
0.2274636,0.0,0.249445,0.25883454,0.26425686
0.2288746,0.0,0.25174385,0.2573522,0.2620294
0.22788529,0.0,0.24644622,0.26064047,0.26502803
0.23097044,0.0,0.24686448,0.25940502,0.2627601
0.25223088,0.0,0.24997486,0.2267903,0.27100393
0.22872584,0.0,0.24894924,0.25831997,0.26400495
0.22819452,0.0,0.2470428,0.26045054,0.26431218
0.2295579,0.0,0.24815005,0.25887063,0.26342142
0.22721805,0.0,0.2487447,0.26062745,0.26340985
0.25167796,0.0,0.24630329,0.22660829,0.27541047
0.22952257,0.0,0.2510646,0.25750956,0.26190332
0.22791569,0.0,0.2520594,0.2592148,0.26081014
0.23373476,0.0,0.2533419,0.2517243,0.26119906
0.23009607,0.0,0.2540147,0.25301093,0.26287833
0.25484842,0.0,0.24802426,0.22755392,0.26957345
0.22756019,0.0,0.250438,0.26137295,0.26062882
0.23355031,0.0,0.25240898,0.25436914,0.2596716
0.23365599,0.0,0.25132197,0.25441977,0.2606023
0.2320462,0.0,0.25152287,0.2536407,0.26279023
0.25240663,0.0,0.24625765,0.2286512,0.27268454
0.22928321,0.0,0.2540785,0.2560646,0.26057366
0.22939275,0.0,0.2546883,0.25537297,0.26054594
0.22944269,0.0,0.2542319,0.25481194,0.2615135
0.23030931,0.0,0.2523658,0.25563687,0.261688
0.25681353,0.0,0.24811979,0.22490473,0.27016193
0.22815783,0.0,0.2555086,0.25735638,0.25897717
0.22998977,0.0,0.25451595,0.25563848,0.25985578
0.22906223,0.0,0.2530913,0.25713983,0.26070663
0.22837211,0.0,0.2531907,0.25746495,0.26097226
0.25271058,0.0,0.24761243,0.22754711,0.27212986
0.23026274,0.0,0.25851777,0.2552717,0.2559478
0.22795811,0.0,0.25768542,0.25617266,0.2581838
0.22955793,0.0,0.25575313,0.25559568,0.25909325
0.22922453,0.0,0.25739112,0.2553266,0.25805774
0.25474992,0.0,0.2480169,0.22526439,0.2719688
0.22978352,0.0,0.25633806,0.25699198,0.25688642
0.22937968,0.0,0.25754702,0.25589013,0.25718316
0.22961015,0.0,0.2575468,0.25641218,0.25643092
0.22852866,0.0,0.2588512,0.25574663,0.2568735
0.25732028,0.0,0.24975462,0.22122486,0.27170023
0.23097314,0.0,0.26087904,0.25515297,0.25299487
0.22896025,0.0,0.25879952,0.2558616,0.2563786
0.22931644,0.0,0.25689527,0.2570095,0.2567788
0.2282489,0.0,0.259592,0.2551651,0.25699398
0.25688154,0.0,0.25125185,0.22324517,0.26862144
0.22738995,0.0,0.26075807,0.256183,0.255669
0.2290729,0.0,0.26165643,0.25604185,0.25322878
0.22753523,0.0,0.26272196,0.25499314,0.25474966
0.22846948,0.0,0.2629993,0.2544919,0.25403932
0.25693226,0.0,0.25042945,0.22057594,0.27206233
0.22762072,0.0,0.26194158,0.25697023,0.2534675
0.22655237,0.0,0.2630183,0.25561857,0.25481078
0.22934896,0.0,0.2641596,0.25398442,0.25250703
0.2267781,0.0,0.26270068,0.25548148,0.25503975
0.25666484,0.0,0.24944262,0.22505283,0.26883972
0.2286511,0.0,0.26192743,0.25617054,0.253251
0.22709294,0.0,0.2639549,0.2556544,0.2532978
0.22633764,0.0,0.26335928,0.25598854,0.25431454
0.22854376,0.0,0.2663387,0.25354186,0.25157565
0.26187932,0.0,0.24872619,0.22185098,0.26754352
0.2278042,0.0,0.2631081,0.25626716,0.25282052
0.22586298,0.0,0.2623879,0.2574891,0.25426003
0.22714068,0.0,0.2672935,0.25440463,0.2511612
0.22651239,0.0,0.2645947,0.25597155,0.25292137
0.2614887,0.0,0.2538258,0.2188931,0.26579234
0.22704245,0.0,0.26520422,0.25672543,0.2510279
0.22588998,0.0,0.2657841,0.25685894,0.25146696
0.22472073,0.0,0.26773414,0.25560853,0.2519366
0.22676317,0.0,0.26570192,0.25498727,0.25254765
0.26278055,0.0,0.2510969,0.22111961,0.26500294
0.22525342,0.0,0.2673701,0.257113,0.25026348
0.22340485,0.0,0.2709033,0.254693,0.25099888
0.22273946,0.0,0.27240476,0.25431585,0.25053987
0.22565171,0.0,0.2732502,0.25221908,0.24887902
0.26162905,0.0,0.25152564,0.22341031,0.26343498
0.22576855,0.0,0.27109283,0.2550842,0.2480544
0.0,0.0,1.0,0.0,0.0
0.2267949,0.0,0.27323034,0.25452605,0.24544875
0.22717479,0.0,0.2690496,0.25291818,0.25085744
0.26389495,0.0,0.25225878,0.21897554,0.26487073
0.22661822,0.0,0.26855174,0.25615057,0.24867947
0.22358717,0.0,0.27120632,0.2556053,0.24960117
0.22405984,0.0,0.27432263,0.25281003,0.24880749
0.22744821,0.0,0.2727677,0.25136146,0.24842262
0.26482406,0.0,0.2525327,0.21909568,0.26354757
0.2269808,0.0,0.26985535,0.25633496,0.24682894
0.22637832,0.0,0.2757531,0.2515001,0.24636848
0.2241638,0.0,0.2790164,0.24966265,0.24715714
0.22496375,0.0,0.2774971,0.24956174,0.24797738
0.26183283,0.0,0.24628289,0.22627702,0.2656073
0.2269723,0.0,0.2732774,0.25367022,0.24608006
0.22344288,0.0,0.2789046,0.2511421,0.24651042
0.22475708,0.0,0.2823236,0.24790998,0.24500935
0.22385937,0.0,0.28205705,0.2470205,0.24706313
0.26761672,0.0,0.25052005,0.223617,0.2582462
0.22615741,0.0,0.28059644,0.24976224,0.24348393
0.22303115,0.0,0.28180185,0.24898727,0.24617973
0.22425935,0.0,0.28451243,0.24625838,0.24496986
0.22524291,0.0,0.2824584,0.24674548,0.24555318
0.27128062,0.0,0.2491541,0.21922077,0.26034454
0.22430961,0.0,0.28492847,0.24842903,0.24233289
0.22335632,0.0,0.28628448,0.24623267,0.24412653
0.222894,0.0,0.29131714,0.24299726,0.24279162
0.22436152,0.0,0.29030725,0.24264015,0.24269107
0.2689448,0.0,0.2514066,0.22200367,0.25764492
0.22291973,0.0,0.28402215,0.2494781,0.24358007
0.22290088,0.0,0.2930686,0.2433121,0.24071841
0.22223933,0.0,0.29418263,0.24191932,0.2416587
0.22028746,0.0,0.2923779,0.2433135,0.24402115
0.27384278,0.0,0.25275862,0.21760502,0.25579357
0.22225195,0.0,0.29175994,0.24579069,0.24019746
0.21989982,0.0,0.29465932,0.24400096,0.24143991
0.22232808,0.0,0.299009,0.24046953,0.23819341
0.22279839,0.0,0.30058905,0.23798493,0.23862764
0.27106628,0.0,0.25145635,0.22277097,0.25470644
0.22248355,0.0,0.29885957,0.24214302,0.23651385
0.21995981,0.0,0.29992822,0.24146852,0.23864347
0.22209787,0.0,0.30527377,0.23796889,0.23465945
0.21911988,0.0,0.31053096,0.2358863,0.23446286
0.27309218,0.0,0.25129393,0.22134022,0.25427368
0.23521324,0.2613246,0.2585748,0.24488734,0.0
0.23563538,0.26535904,0.2522154,0.24679022,0.0
0.23496066,0.2644326,0.25447196,0.24613479,0.0
0.2401365,0.26307932,0.25272056,0.2440636,0.0
0.24013655,0.26654127,0.24581449,0.24750777,0.0
0.23590532,0.26000896,0.25864866,0.24543703,0.0
0.23413642,0.26567554,0.24854451,0.25164348,0.0
0.2381248,0.26659894,0.24878831,0.24648798,0.0
0.2403639,0.26646706,0.24462555,0.24854349,0.0
0.23903175,0.2687731,0.24300484,0.24919029,0.0
0.23863791,0.26136824,0.25605708,0.24393678,0.0
0.24169259,0.26336542,0.2506607,0.24428137,0.0
0.23982167,0.26358402,0.24899796,0.24759637,0.0
0.24240853,0.26390272,0.2470041,0.24668464,0.0
0.24176767,0.26443356,0.24620631,0.24759245,0.0
0.24092223,0.25689206,0.2596941,0.24249165,0.0
0.24008264,0.26441744,0.24811143,0.24738854,0.0
0.24564119,0.26225835,0.2465481,0.2455524,0.0
0.24090566,0.26584673,0.24513176,0.24811582,0.0
0.24530484,0.26460114,0.24553968,0.24455437,0.0
0.2425751,0.25835088,0.2550002,0.24407381,0.0
0.2436219,0.26045007,0.25021675,0.24571124,0.0
0.23926501,0.2642472,0.24970713,0.24678062,0.0
0.24344555,0.26464146,0.24330632,0.24860665,0.0
0.2421737,0.26539582,0.24713644,0.24529406,0.0
0.24434198,0.25197583,0.26391223,0.23976994,0.0
0.23931636,0.26093853,0.2533017,0.24644344,0.0
0.24459831,0.2602332,0.25099057,0.24417792,0.0
0.24354273,0.26082504,0.24921091,0.24642134,0.0
0.24594623,0.26125738,0.24947537,0.24332105,0.0
0.23813157,0.2567309,0.2571369,0.24800065,0.0
0.23775412,0.2638432,0.24927184,0.24913087,0.0
0.24586265,0.2615651,0.24855617,0.24401614,0.0
0.2425128,0.26153457,0.24960999,0.24634261,0.0
0.2431713,0.26314142,0.24436149,0.24932578,0.0
0.24250841,0.2548504,0.2582374,0.2444038,0.0
0.23804772,0.2643361,0.24547604,0.2521401,0.0
0.23920591,0.26108447,0.25214663,0.24756299,0.0
0.24356432,0.25979397,0.25241143,0.24423027,0.0
0.24240915,0.2644809,0.2449661,0.24814391,0.0
0.24300048,0.25708997,0.25584546,0.24406411,0.0
0.24067035,0.26121697,0.24969424,0.24841842,0.0
0.2440516,0.25995648,0.2502922,0.24569973,0.0
0.24523324,0.26127708,0.24521863,0.24827105,0.0
0.24326155,0.2614859,0.2502035,0.2450491,0.0
0.24113828,0.25641814,0.25633994,0.24610367,0.0
0.23748064,0.26163128,0.24886549,0.25202262,0.0
0.23749046,0.26505983,0.24415053,0.25329915,0.0
0.24105605,0.26413828,0.24659385,0.24821185,0.0
0.24041882,0.2624773,0.2475929,0.24951099,0.0
0.23658705,0.25888887,0.25496572,0.24955837,0.0
0.23643063,0.25839627,0.25456697,0.25060615,0.0
0.2394251,0.2630257,0.24836883,0.24918039,0.0
0.24238415,0.26311383,0.24420892,0.2502931,0.0
0.24165726,0.26447487,0.24659894,0.2472689,0.0
0.24096313,0.25603014,0.25773358,0.24527316,0.0
0.23746388,0.26224196,0.25195178,0.2483424,0.0
0.24194321,0.26181617,0.24634486,0.24989574,0.0
0.24284562,0.25847575,0.2528333,0.24584533,0.0
0.2406579,0.26516545,0.24267735,0.2514993,0.0
0.24210225,0.25360152,0.25908506,0.24521118,0.0
0.2358883,0.2625411,0.24834421,0.25322643,0.0
0.23800623,0.2616681,0.2510149,0.24931073,0.0
0.23681034,0.26377383,0.24805444,0.25136134,0.0
0.2443495,0.26238832,0.24623643,0.24702579,0.0
0.24489486,0.2512274,0.2609414,0.2429364,0.0
0.24037917,0.26035446,0.24841376,0.25085258,0.0
0.24178237,0.26212603,0.24690215,0.2491895,0.0
0.23569113,0.26985106,0.23971045,0.25474736,0.0
0.24270071,0.26165512,0.24562332,0.2500208,0.0
0.23932548,0.25545034,0.26005965,0.24516457,0.0
0.2359185,0.26068693,0.24939115,0.2540034,0.0
0.24070722,0.2623674,0.24527198,0.25165337,0.0
0.2448171,0.26400816,0.23867647,0.25249827,0.0
0.24268866,0.26088986,0.24706462,0.24935685,0.0
0.24205518,0.25328264,0.2594872,0.24517496,0.0
0.2392054,0.26076284,0.24955274,0.25047898,0.0
0.24357298,0.26155993,0.24741401,0.24745305,0.0
0.24195857,0.26438323,0.24476193,0.24889632,0.0
0.24522641,0.2628332,0.24246553,0.24947487,0.0
0.24421905,0.25422794,0.2544844,0.24706861,0.0
0.23947613,0.25895396,0.2492557,0.25231418,0.0
0.24504875,0.2619364,0.24589156,0.24712329,0.0
0.24613252,0.2613379,0.24596041,0.24656916,0.0
0.24451229,0.26557514,0.23812687,0.25178567,0.0
0.24891612,0.24781197,0.26246032,0.24081157,0.0
0.22992568,0.26461744,0.24566583,0.25979108,0.0
0.23996758,0.26014224,0.24919921,0.25069097,0.0
0.24152903,0.2610562,0.24815983,0.24925488,0.0
0.24580698,0.26110026,0.24583241,0.24726032,0.0
0.2387948,0.25582552,0.26022545,0.24515426,0.0
0.24081227,0.26061615,0.24840313,0.25016844,0.0
0.24547403,0.2618784,0.24618562,0.24646193,0.0
0.2438711,0.2631183,0.24523605,0.24777457,0.0
0.24176241,0.2635828,0.24591939,0.24873541,0.0
0.24231155,0.25192785,0.259082,0.24667856,0.0
0.2364581,0.26021886,0.24877155,0.25455147,0.0
0.24184716,0.2643711,0.24267837,0.25110337,0.0
0.24531937,0.2609612,0.24455689,0.24916254,0.0
0.24788226,0.26112133,0.2442474,0.24674903,0.0
0.24372329,0.25261047,0.25722104,0.24644515,0.0
0.23531128,0.26318267,0.24373816,0.2577679,0.0
0.23849455,0.26563454,0.23971349,0.2561574,0.0
0.24658424,0.2605329,0.2433886,0.24949428,0.0
0.23995675,0.26621133,0.23883238,0.25499952,0.0
0.24285474,0.2520032,0.25897512,0.24616693,0.0
0.24411489,0.25792643,0.245997,0.25196165,0.0
0.24638397,0.26139045,0.24178222,0.2504434,0.0
0.24468166,0.26128086,0.24377666,0.2502608,0.0
0.24602386,0.26297167,0.24273945,0.24826501,0.0
0.23977089,0.25336167,0.25705257,0.24981485,0.0
0.23399362,0.26236576,0.24751115,0.25612944,0.0
0.23676036,0.26110697,0.25061467,0.25151798,0.0
0.24190831,0.26414645,0.24027105,0.25367415,0.0
0.24572025,0.263316,0.24226634,0.24869739,0.0
0.24738912,0.2519153,0.25959325,0.2411023,0.0
0.23785996,0.26288304,0.244443,0.25481397,0.0
0.24320999,0.26407546,0.24325885,0.24945575,0.0
0.23961028,0.26364592,0.24510378,0.25164002,0.0
0.24504647,0.26420015,0.24110942,0.24964401,0.0
0.24444585,0.25030032,0.25770196,0.24755187,0.0
0.24058054,0.26031396,0.244455,0.25465047,0.0
0.23557545,0.26689547,0.23898613,0.25854298,0.0
0.24759407,0.26107088,0.24103223,0.2503028,0.0
0.24540773,0.25988793,0.2444871,0.25021723,0.0
0.24284229,0.25200197,0.25519657,0.24995922,0.0
0.24205884,0.2588122,0.24666184,0.25246716,0.0
0.24566257,0.26254487,0.24116515,0.2506274,0.0
0.2394552,0.26305196,0.24375096,0.25374186,0.0
0.24427705,0.26352885,0.24190715,0.25028694,0.0
0.24614401,0.25144657,0.25640365,0.2460057,0.0
0.2421978,0.25921082,0.24528986,0.2533015,0.0
0.24480872,0.26171654,0.24182782,0.2516469,0.0
0.24291764,0.2607103,0.24430262,0.2520695,0.0
0.24224189,0.25803494,0.2480371,0.25168607,0.0
0.23740385,0.25112814,0.26035404,0.251114,0.0
0.23979926,0.25857657,0.24901271,0.2526114,0.0
0.24170859,0.26067954,0.24451314,0.2530987,0.0
0.24758685,0.25908184,0.2437053,0.24962603,0.0
0.24398421,0.26348644,0.24169153,0.25083783,0.0
0.24503611,0.2507113,0.25649142,0.24776118,0.0
0.24126917,0.25952733,0.24554935,0.25365415,0.0
0.24350707,0.26061714,0.24364607,0.25222972,0.0
0.2453538,0.25799286,0.24551488,0.25113842,0.0
0.24088487,0.2651625,0.0,0.25312936,0.24082325
0.24416576,0.25031132,0.2556652,0.24985772,0.0
0.23971453,0.26128185,0.24377993,0.2552237,0.0
0.24245493,0.26177502,0.24260761,0.25316247,0.0
0.2421161,0.26329705,0.0,0.25409082,0.24049604
0.25039268,0.25674486,0.24523962,0.24762288,0.0
0.2459771,0.24400643,0.2632474,0.24676909,0.0
0.24311566,0.2578626,0.24821565,0.25080606,0.0
0.24809366,0.25831336,0.2449462,0.24864678,0.0
0.24664225,0.2600954,0.24167497,0.2515874,0.0
0.2433964,0.2607746,0.244131,0.25169796,0.0
0.24490298,0.24883516,0.25794682,0.248315,0.0
0.24225195,0.25893494,0.24488308,0.25393003,0.0
0.2462518,0.2582415,0.24582577,0.24968094,0.0
0.23997043,0.25789526,0.24934301,0.25279132,0.0
0.0,0.26084673,0.24492076,0.25377908,0.24045344
0.2420211,0.24845456,0.2597693,0.24975511,0.0
0.24309197,0.25484994,0.2500107,0.25204742,0.0
0.24207754,0.2604302,0.2422028,0.25528944,0.0
0.24590367,0.26136515,0.24332413,0.24940711,0.0
0.0,0.26318324,0.24219438,0.25120023,0.24342217
0.24220876,0.25144142,0.25577942,0.25057042,0.0
0.2433106,0.25740525,0.24530609,0.25397807,0.0
0.24219668,0.2595089,0.24517307,0.25312138,0.0
0.24569052,0.26117453,0.0,0.2504006,0.24273431
0.24252573,0.26305175,0.0,0.25129047,0.24313208
0.24573687,0.2503153,0.2555399,0.2484079,0.0
0.0,0.25829735,0.24337521,0.25597504,0.24235243
0.2416659,0.26132736,0.0,0.2545424,0.24246438
0.24479128,0.25959507,0.24428332,0.2513303,0.0
0.24339113,0.26165694,0.0,0.25365615,0.24129578
0.25257105,0.2446502,0.26033372,0.24244505,0.0
0.0,0.25616166,0.24968,0.25167903,0.24247932
0.23954338,0.26172212,0.0,0.2529924,0.2457421
0.24691743,0.25938925,0.23971681,0.25397646,0.0
0.24722643,0.2579827,0.2451173,0.2496736,0.0
0.24327627,0.24552144,0.26137286,0.24982944,0.0
0.24225332,0.25645906,0.24475883,0.2565288,0.0
0.0,0.2603293,0.23958792,0.25588092,0.24420185
0.24332169,0.25857937,0.0,0.25400123,0.2440977
0.24682574,0.25853056,0.0,0.24889645,0.24574721
0.24680676,0.24618918,0.2561427,0.25086135,0.0
0.0,0.25660256,0.2454055,0.252017,0.24597493
0.24569729,0.2567291,0.24758206,0.24999154,0.0
0.24998729,0.25611585,0.0,0.24629343,0.24760342
0.25037378,0.2567909,0.24604161,0.0,0.2467937
0.23001584,0.24119976,0.27673045,0.0,0.25205392
0.0,0.2540219,0.24880236,0.2611229,0.23605275
0.0,0.25682503,0.24442773,0.26109248,0.23765473
0.0,0.25723508,0.24761298,0.2554847,0.2396672
0.24054466,0.25789726,0.24379624,0.25776184,0.0
0.24144003,0.24851643,0.25606498,0.25397858,0.0
0.0,0.25562155,0.24501981,0.25749955,0.24185903
0.0,0.25841016,0.24334349,0.2550235,0.24322283
0.24610057,0.2595567,0.24318404,0.25115862,0.0
0.24440378,0.26019442,0.0,0.25147206,0.24392976
0.24633598,0.2432525,0.2600994,0.25031215,0.0
0.0,0.25574547,0.24291979,0.25819507,0.24313965
0.24177155,0.25838616,0.0,0.25829163,0.24155064
0.24144077,0.25879788,0.0,0.25524434,0.24451701
0.2468132,0.25746626,0.0,0.25120944,0.2445111
0.24416395,0.24475072,0.25851884,0.2525665,0.0
0.24111833,0.2574841,0.0,0.25603417,0.24536334
0.0,0.25525212,0.24615717,0.2541196,0.24447106
0.24259613,0.2567994,0.0,0.2549303,0.24567418
0.23984198,0.25811645,0.0,0.25103766,0.2510039
0.0,0.2444911,0.25690237,0.25230882,0.24629772
0.0,0.25542775,0.24328968,0.25786817,0.2434144
0.23914081,0.25877926,0.0,0.25462463,0.24745527
0.0,0.25683254,0.24017718,0.25665253,0.24633768
0.24529803,0.25589103,0.0,0.25209832,0.24671264
0.24595885,0.0,0.2544154,0.25368494,0.2459408
0.23771209,0.25625885,0.0,0.25881353,0.24721558
0.24462926,0.25564942,0.0,0.25336796,0.24635333
0.24399577,0.25521165,0.0,0.25416657,0.246626
0.24269529,0.25668386,0.0,0.25532156,0.24529928
0.0,0.24398275,0.2553449,0.2520753,0.24859703
0.0,0.25365555,0.24412599,0.25539657,0.24682184
0.24336314,0.2553268,0.0,0.2556295,0.24568054
0.24225187,0.25580963,0.0,0.2544832,0.24745531
0.24394299,0.25463173,0.0,0.2553227,0.24610256
0.24907641,0.0,0.2575701,0.24790914,0.24544437
0.24422795,0.25282684,0.0,0.25512516,0.24782006
0.24376735,0.253609,0.0,0.25405812,0.24856548
0.24736941,0.2522968,0.0,0.25009358,0.2502402
0.24483278,0.2528894,0.0,0.2517688,0.25050908
0.24747284,0.0,0.25812203,0.24499424,0.24941093
0.0,0.25070897,0.2453678,0.25317776,0.2507455
0.24238153,0.2545483,0.0,0.2530485,0.25002164
0.243894,0.25372425,0.0,0.2523493,0.25003245
0.24120508,0.25445563,0.0,0.25445175,0.24988754
0.24479891,0.0,0.25766432,0.24632707,0.2512097
0.24059328,0.25130445,0.0,0.2568369,0.25126538
0.24555472,0.25104588,0.0,0.2561892,0.24721016
0.24799083,0.25135517,0.0,0.25095192,0.2497021
0.24315718,0.25412753,0.0,0.25265113,0.25006407
0.24100897,0.0,0.2550868,0.25010002,0.2538042
0.0,0.24902503,0.24452712,0.25340328,0.2530446
0.23856372,0.2544787,0.0,0.25598744,0.25097018
0.0,0.25184792,0.24336739,0.25224796,0.2525367
0.24118637,0.25421584,0.0,0.25286943,0.25172836
0.24495123,0.0,0.25718546,0.2462366,0.2516267
0.0,0.24792756,0.24977082,0.25147274,0.25082886
0.2411403,0.25242186,0.0,0.25465062,0.25178722
0.24268784,0.25195843,0.0,0.24989264,0.25546113
0.24183019,0.25255325,0.0,0.2516321,0.2539845
0.24524634,0.0,0.26014006,0.24199831,0.2526153
0.0,0.24864702,0.24444813,0.2524513,0.25445354
0.0,0.25327513,0.23611838,0.25475004,0.25585648
0.0,0.25040472,0.24290271,0.25006506,0.25662753
0.2404325,0.2535502,0.0,0.24951686,0.25650042
0.24715228,0.0,0.25589064,0.24342145,0.2535356
0.0,0.24723405,0.24338782,0.25334862,0.25602952
0.0,0.25021178,0.24362302,0.25028682,0.25587836
0.0,0.25098425,0.24331437,0.25166324,0.2540381
0.23808971,0.25443205,0.0,0.24791194,0.2595663
0.2457049,0.0,0.25490308,0.2443041,0.25508788
0.0,0.2440658,0.24887295,0.24995708,0.25710416
0.0,0.25019044,0.24504443,0.24900484,0.25576025
0.0,0.24719396,0.24754412,0.2500324,0.2552295
0.0,0.24731143,0.24834086,0.24628827,0.2580594
0.24560428,0.0,0.25584328,0.24030203,0.2582504
0.0,0.24523601,0.24536595,0.25461572,0.25478232
0.0,0.24305348,0.2500432,0.2492218,0.25768155
0.0,0.24523729,0.2456687,0.25025612,0.25883794
0.0,0.24820866,0.24266262,0.24976645,0.2593623
0.24630868,0.0,0.25194025,0.23854135,0.26320973
0.0,0.24545611,0.23991765,0.25588903,0.25873724
0.0,0.24600838,0.24355957,0.25215822,0.25827387
0.0,0.2450895,0.24487823,0.24563971,0.26439255
0.24560916,0.0,0.2471887,0.24764153,0.25956056
0.24485579,0.0,0.25590816,0.24021728,0.25901872
0.0,0.2427122,0.24560557,0.25225785,0.25942436
0.0,0.24700288,0.24122676,0.25047308,0.2612973
0.0,0.24431968,0.24719198,0.2510441,0.2574442
0.0,0.24594967,0.24520491,0.24797027,0.2608751
0.24842781,0.0,0.25700045,0.23710586,0.25746587
0.0,0.23931928,0.24941823,0.2531296,0.2581329
0.0,0.24224037,0.248222,0.25038224,0.2591554
0.0,0.24399622,0.24600917,0.24783811,0.26215655
0.0,0.24288987,0.24871528,0.24792992,0.26046488
0.25065944,0.0,0.2571544,0.23182681,0.2603593
0.0,0.24076453,0.24483232,0.2538057,0.2605974
0.0,0.2424025,0.24515247,0.25103244,0.26141256
0.0,0.2441525,0.24919428,0.2445486,0.2621046
0.0,0.24021702,0.2516089,0.24599743,0.26217666
0.24729124,0.0,0.25846794,0.23430175,0.25993904
0.23947385,0.0,0.24969552,0.24980393,0.26102668
0.0,0.24103734,0.24838997,0.24943179,0.2611409
0.0,0.2443437,0.23866187,0.25323924,0.26375517
0.0,0.2416535,0.24489023,0.24924827,0.26420796
0.24618702,0.0,0.25015932,0.2403946,0.26325902
0.24087788,0.0,0.24664043,0.24908546,0.26339626
0.0,0.24195135,0.24561733,0.24955319,0.2628781
0.0,0.24299641,0.24263778,0.25055224,0.26381359
0.24512988,0.24271335,0.0,0.24944295,0.26271382
0.24982831,0.0,0.25311714,0.23719165,0.25986287
0.23706602,0.0,0.2508831,0.24890152,0.26314935
0.0,0.23947784,0.24549225,0.25007376,0.26495612
0.0,0.24115191,0.24661942,0.2472495,0.26497918
0.0,0.2432254,0.24218358,0.2492395,0.26535153
0.24843042,0.0,0.25198314,0.2343294,0.26525703
0.0,0.24275854,0.24177611,0.25298655,0.2624788
0.24063928,0.0,0.2484364,0.24627961,0.26464465
0.0,0.24097247,0.24577764,0.2501255,0.26312438
0.0,0.24326658,0.240113,0.2518847,0.26473576
0.2487164,0.0,0.25510353,0.23374724,0.2624328
0.0,0.23518983,0.25067866,0.24876882,0.2653627
0.0,0.2395736,0.24509579,0.24857707,0.26675358
0.0,0.2391663,0.24718255,0.24733967,0.26631147
0.0,0.2404161,0.24307758,0.24908566,0.26742065
0.2487879,0.0,0.25423628,0.23496446,0.26201138
0.23795429,0.0,0.24729727,0.2507984,0.26395002
0.2420683,0.0,0.24729887,0.24820538,0.26242748
0.2412918,0.0,0.24297205,0.25027108,0.26546502
0.24417287,0.0,0.24743441,0.24502811,0.26336464
0.24865954,0.0,0.25963724,0.2304136,0.26128963
0.0,0.23642118,0.24495341,0.25299573,0.26562968
0.24179249,0.0,0.24745671,0.24964544,0.26110536
0.23821731,0.0,0.2464838,0.24799265,0.26730624
0.0,0.23799166,0.24564017,0.2502365,0.2661316
0.24806394,0.0,0.25567162,0.23266895,0.2635955
0.23585142,0.0,0.2534185,0.2465012,0.26422885
0.0,0.2351861,0.24886775,0.24979489,0.26615128
0.24106354,0.0,0.24540474,0.24891342,0.2646183
0.24056947,0.0,0.24826628,0.24558055,0.2655837
0.25029227,0.0,0.25363997,0.22791417,0.26815358
0.240355,0.0,0.2466175,0.2450379,0.2679896
0.2424504,0.0,0.24445747,0.24642606,0.26666605
0.24100156,0.0,0.24329026,0.24963997,0.26606816
0.23819585,0.0,0.245188,0.25026584,0.26635033
0.24838181,0.0,0.25428557,0.2314763,0.2658563
0.23450795,0.0,0.2495618,0.24893689,0.26699334
0.23647112,0.0,0.24968824,0.24770564,0.266135
0.0,0.23526649,0.24715161,0.25095153,0.26663038
0.23766015,0.0,0.24628524,0.24699818,0.26905644
0.24826783,0.0,0.25287887,0.23154257,0.2673107
0.2371447,0.0,0.2506894,0.25036228,0.2618036
0.0,0.23464061,0.24799633,0.25152305,0.26583996
0.2337392,0.0,0.24966,0.2483771,0.26822364
0.23944765,0.0,0.24808346,0.24658866,0.26588023
0.24895586,0.0,0.2509687,0.23399326,0.2660822
0.24006727,0.0,0.24535261,0.24702114,0.267559
0.23584808,0.0,0.24568473,0.24965686,0.26881033
0.23674521,0.0,0.24468577,0.24932899,0.26924
0.2375966,0.0,0.2464961,0.25187066,0.26403666
0.24856804,0.0,0.25078714,0.23096262,0.2696822
0.23442793,0.0,0.24829584,0.25174928,0.26552692
0.23527649,0.0,0.24919462,0.25013164,0.2653972
0.23586884,0.0,0.24935195,0.24585856,0.2689207
0.23676606,0.0,0.24683292,0.24744108,0.26895988
0.24930595,0.0,0.25415626,0.23016338,0.26637444
0.23820283,0.0,0.25306842,0.24505234,0.26367635
0.23012196,0.0,0.25244138,0.25117567,0.26626098
0.23623735,0.0,0.2524544,0.24564967,0.2656586
0.23832029,0.0,0.2496853,0.24625847,0.2657359
0.24921969,0.0,0.25161865,0.23004457,0.2691171
0.23354858,0.0,0.25119907,0.24899635,0.266256
0.23494335,0.0,0.24909721,0.24613802,0.26982144
0.23857456,0.0,0.24995254,0.2429581,0.2685148
0.23641594,0.0,0.24937268,0.24807054,0.26614085
0.2464392,0.0,0.2514655,0.23265511,0.26944023
0.23326084,0.0,0.249207,0.2505362,0.26699597
0.23274754,0.0,0.24817258,0.25050223,0.26857764
0.23458466,0.0,0.2479971,0.2503121,0.26710615
0.23707673,0.0,0.2487835,0.24514033,0.26899943
0.2471148,0.0,0.25018483,0.23101947,0.27168086
0.23349114,0.0,0.24756883,0.25316516,0.2657749
0.2345186,0.0,0.24872525,0.24800211,0.26875407
0.2362647,0.0,0.25058818,0.24827577,0.2648714
0.23001818,0.0,0.24911465,0.251972,0.26889518
0.24894428,0.0,0.2522772,0.23093393,0.26784465
0.23419252,0.0,0.25060096,0.24848597,0.26672053
0.23430608,0.0,0.24693215,0.2514209,0.2673409
0.23862216,0.0,0.24751644,0.24699743,0.26686394
0.2361792,0.0,0.24867488,0.2465557,0.2685902
0.24977364,0.0,0.24852172,0.23483169,0.266873
0.23489751,0.0,0.24870904,0.24892832,0.2674651
0.23576139,0.0,0.24671482,0.24797483,0.269549
0.23777738,0.0,0.24731663,0.250578,0.26432803
0.23829551,0.0,0.249576,0.24758177,0.26454672
0.24877259,0.0,0.24825345,0.23112234,0.27185157
0.23375808,0.0,0.24712884,0.25048593,0.26862717
0.23418748,0.0,0.25036708,0.24776718,0.26767826
0.23464693,0.0,0.24885096,0.24963836,0.2668637
0.23407899,0.0,0.24406531,0.25271344,0.26914227
0.24649732,0.0,0.2494629,0.23037189,0.27366787
0.23740083,0.0,0.25096148,0.24857484,0.26306283
0.23426856,0.0,0.24617012,0.252394,0.2671674
0.23576279,0.0,0.25437883,0.24484624,0.26501215
0.23603645,0.0,0.25142217,0.24586326,0.26667812
0.24984285,0.0,0.24565715,0.22905181,0.2754482
0.23541214,0.0,0.2493713,0.24930783,0.2659087
0.23286478,0.0,0.24776913,0.25189486,0.26747122
0.23641114,0.0,0.24998158,0.24553604,0.26807126
0.23556437,0.0,0.24666375,0.25142872,0.26634318
0.24884714,0.0,0.24794254,0.23112354,0.27208677
0.23147818,0.0,0.24670844,0.25319108,0.2686223
0.23217548,0.0,0.24967746,0.25023165,0.2679154
0.23377475,0.0,0.24783981,0.25026932,0.26811615
0.23353732,0.0,0.24928527,0.25214368,0.26503375
0.25197747,0.0,0.2498743,0.22739187,0.27075633
0.23473644,0.0,0.2489838,0.25275815,0.2635216
0.23165475,0.0,0.2469829,0.25212628,0.2692361
0.2330897,0.0,0.24998108,0.2504104,0.26651883
0.23410286,0.0,0.2493939,0.2507688,0.26573443
0.2503208,0.0,0.24914503,0.22953409,0.27100012
0.23016581,0.0,0.24871415,0.25386298,0.26725706
0.2324615,0.0,0.25149205,0.24992593,0.26612055
0.23383906,0.0,0.2523857,0.2507131,0.2630621
0.23583262,0.0,0.2481537,0.2510238,0.2649899
0.24571693,0.0,0.25039193,0.23097442,0.27291673
0.2311621,0.0,0.25262848,0.24974886,0.26646054
0.23195137,0.0,0.24990244,0.25147894,0.26666728
0.23787981,0.0,0.25126398,0.24590664,0.2649496
0.23526675,0.0,0.2499308,0.24883527,0.26596722
0.2541406,0.0,0.24764685,0.22715178,0.2710608
0.23253936,0.0,0.2478808,0.25159442,0.26798546
0.23520559,0.0,0.2487676,0.24853231,0.2674945
0.23415667,0.0,0.25117025,0.2485708,0.2661023
0.2344205,0.0,0.25162333,0.24746431,0.2664918
0.25034907,0.0,0.24620739,0.22994263,0.27350095
0.22959244,0.0,0.24673846,0.2569453,0.26672378
0.23421745,0.0,0.24860667,0.25166222,0.26551363
0.23382849,0.0,0.2505729,0.24991235,0.2656862
0.23685482,0.0,0.24845624,0.25016353,0.2645254
0.2516924,0.0,0.25002345,0.22607653,0.2722076
0.23225743,0.0,0.2503907,0.25376993,0.26358193
0.22951692,0.0,0.25071585,0.25207162,0.26769558
0.23339206,0.0,0.25048527,0.25092053,0.26520213
0.23524415,0.0,0.24804461,0.25055075,0.26616052
0.25371248,0.0,0.24898046,0.22415018,0.2731569
0.23201117,0.0,0.25121406,0.2529983,0.2637765
0.23307106,0.0,0.24839963,0.2518774,0.26665184
0.23081903,0.0,0.24679777,0.2540367,0.26834652
0.23384185,0.0,0.24842349,0.2533867,0.26434794
0.24912177,0.0,0.2515804,0.22674285,0.27255502
0.23187414,0.0,0.25371486,0.25069264,0.2637184
0.23208492,0.0,0.24984904,0.25399277,0.26407328
0.23130682,0.0,0.24492806,0.2554063,0.26835883
0.23703428,0.0,0.25256643,0.24695063,0.2634487
0.25344035,0.0,0.24572414,0.23044334,0.27039215
0.2349712,0.0,0.25155208,0.24944,0.26403672
0.23750412,0.0,0.250149,0.25178012,0.2605668
0.23310238,0.0,0.25045377,0.25081643,0.26562738
0.23737717,0.0,0.25149825,0.24825202,0.26287255
0.25329232,0.0,0.24636702,0.22934455,0.27099612
0.23204717,0.0,0.24767494,0.255409,0.26486892
0.2337933,0.0,0.2525883,0.24870835,0.26491007
0.23360926,0.0,0.25297332,0.2496804,0.26373705
0.23358466,0.0,0.24818839,0.25200954,0.26621744
0.25364968,0.0,0.24890478,0.22391321,0.2735324
0.23115042,0.0,0.25285593,0.25300777,0.26298586
0.23568286,0.0,0.2561912,0.24740092,0.26072502
0.23473124,0.0,0.25161928,0.24854831,0.26510116
0.23521063,0.0,0.2535293,0.24848925,0.26277086
0.26153752,0.0,0.25466654,0.21893358,0.26486233
0.22893308,0.0,0.25418153,0.25502008,0.2618653
0.22945222,0.0,0.25362414,0.25182015,0.2651035
0.22925934,0.0,0.2545044,0.2518105,0.2644257
0.23538704,0.0,0.2528274,0.24996662,0.26181895
0.25456005,0.0,0.24758576,0.22677702,0.27107716
0.23187838,0.0,0.25291318,0.25279877,0.2624097
0.23461309,0.0,0.25442785,0.24693719,0.26402187
0.23648334,0.0,0.25266802,0.24811555,0.26273307
0.23620583,0.0,0.25371245,0.24762037,0.26246136
0.2579387,0.0,0.24836338,0.22266336,0.27103454
0.23358475,0.0,0.2511044,0.25459963,0.2607112
0.23458785,0.0,0.25266135,0.254972,0.2577788
0.2300481,0.0,0.25118965,0.2567836,0.2619787
0.23453514,0.0,0.25555095,0.24770007,0.26221383
0.25777206,0.0,0.24734694,0.22423299,0.270648
0.23042685,0.0,0.2551449,0.25275257,0.2616757
0.23137063,0.0,0.25707218,0.24872272,0.2628345
0.23263073,0.0,0.25630006,0.24883874,0.26223052
0.23367359,0.0,0.2575424,0.24837859,0.26040548
0.25800693,0.0,0.24591142,0.22482619,0.27125543
0.230352,0.0,0.252753,0.2547779,0.2621171
0.2348234,0.0,0.25685456,0.24805075,0.2602713
0.23388308,0.0,0.2595463,0.24708249,0.2594881
0.23239194,0.0,0.25909775,0.24855037,0.2599599
0.25937015,0.0,0.24686693,0.22274204,0.2710209
0.23180766,0.0,0.25583392,0.2509326,0.2614258
0.2322139,0.0,0.259731,0.2495803,0.25847483
0.22872286,0.0,0.26215369,0.25095275,0.2581707
0.22783759,0.0,0.26249856,0.2507021,0.25896174
0.25648847,0.0,0.24795365,0.22519311,0.27036476
0.22520788,0.0,0.26638427,0.25281295,0.25559488
0.22434343,0.0,0.26118425,0.25500295,0.2594694
0.2251804,0.0,0.26140222,0.25491908,0.25849828
0.228258,0.0,0.26206648,0.2521392,0.25753632
0.25400907,0.0,0.24615179,0.22775453,0.2720846
0.22317065,0.0,0.26068187,0.25782365,0.25832385
0.22775841,0.0,0.2625502,0.25243828,0.2572531
0.2284569,0.0,0.26672187,0.24943647,0.25538477
0.2278766,0.0,0.26745477,0.25129753,0.25337106
0.25726768,0.0,0.24339701,0.22837798,0.27095732
0.2273125,0.0,0.26518673,0.25455528,0.25294548
0.22535217,0.0,0.26440275,0.25653028,0.25371477
0.22416769,0.0,0.26997742,0.25361207,0.25224286
0.22372031,0.0,0.2698846,0.25277856,0.25361657
0.26216155,0.0,0.24634589,0.22393373,0.26755878
0.22731358,0.0,0.26411822,0.25639442,0.25217384
0.22143255,0.0,0.27190298,0.25407448,0.25259
0.2225389,0.0,0.27142844,0.2524129,0.2536198
0.22060658,0.0,0.27402532,0.25166485,0.25370324
0.2656357,0.0,0.24735594,0.2193554,0.26765296
0.22472931,0.0,0.26977107,0.25427392,0.2512257
0.22650568,0.0,0.2675447,0.2533178,0.25263184
0.22167063,0.0,0.27971077,0.2504153,0.24820332
0.21877128,0.0,0.27541873,0.25354326,0.25226668
0.2719859,0.0,0.24790761,0.21558698,0.26451954
0.22537774,0.0,0.26906544,0.25510383,0.25045305
0.22410715,0.0,0.271501,0.2526682,0.25172365
0.22430879,0.0,0.2724378,0.2508887,0.25236472
0.23037846,0.0,0.27452913,0.24563667,0.24945575
0.2669904,0.0,0.24741666,0.22361445,0.2619785
0.22455075,0.0,0.27126762,0.25422275,0.24995887
0.22330198,0.0,0.2741256,0.25161198,0.25096044
0.22454102,0.0,0.27970466,0.24859595,0.24715836
0.22386543,0.0,0.28230563,0.24552684,0.24830204
0.2649443,0.0,0.24571629,0.22318359,0.26615584
0.22467786,0.0,0.27750605,0.25094035,0.24687576
0.22368921,0.0,0.2794676,0.24839313,0.24845009
0.22275405,0.0,0.28222743,0.24702154,0.24799699
0.2235753,0.0,0.2850202,0.24373344,0.24767105
0.2663962,0.0,0.24983536,0.2179345,0.26583394
0.22553647,0.0,0.28105006,0.24821179,0.24520168
0.22158442,0.0,0.28433383,0.24681093,0.24727084
0.21896999,0.0,0.29093608,0.24497977,0.24511419
0.22053921,0.0,0.28880262,0.24515386,0.24550435
0.27279535,0.0,0.24589455,0.21840559,0.2629045
0.22519468,0.0,0.27849793,0.24946013,0.2468473
0.22218063,0.0,0.2870604,0.24520636,0.24555261
0.22091056,0.0,0.2915818,0.24200304,0.24550463
0.22300671,0.0,0.2848556,0.24466835,0.24746938
0.27318206,0.0,0.25023627,0.21546453,0.26111713
0.22367863,0.0,0.287983,0.245609,0.24272937
0.22355886,0.0,0.29417515,0.24120395,0.24106209
0.22175021,0.0,0.29407465,0.24035683,0.24381824
0.21977718,0.0,0.29826856,0.2392904,0.24266386
0.27121794,0.0,0.2477479,0.2195934,0.26144075
0.2226395,0.0,0.29230157,0.24265113,0.24240786
0.22245835,0.0,0.29643583,0.23982936,0.2412765
0.22000541,0.0,0.29787937,0.23927294,0.2428423
0.21712059,0.0,0.3080191,0.23720394,0.23765637
0.27352569,0.0,0.24448046,0.22060251,0.26139137
0.2231667,0.0,0.2907754,0.24369626,0.24236166
0.22410461,0.0,0.29927313,0.23782247,0.23879977
0.2181291,0.0,0.30470982,0.2371409,0.24002016
0.21753404,0.0,0.30294725,0.23737516,0.2421436
0.2711841,0.0,0.2443626,0.22454835,0.25990498
0.21982998,0.0,0.3015483,0.23935807,0.2392637
0.21865544,0.0,0.3057728,0.236771,0.2388008
0.0,0.21522643,0.30894032,0.23587139,0.23996194
0.21958362,0.0,0.31453264,0.23100922,0.23487458
0.27362803,0.0,0.24615346,0.22082163,0.25939694
0.2177292,0.0,0.3032671,0.23908085,0.2399228
0.21756344,0.0,0.31338176,0.23328266,0.23577215
0.21618286,0.0,0.31423533,0.23288476,0.23669702
0.21705292,0.0,0.3163882,0.23205552,0.23450334
0.2706775,0.0,0.24419257,0.22460152,0.2605284
0.22307986,0.0,0.30601212,0.23495352,0.23595454
0.21851203,0.0,0.31289917,0.23391055,0.23467821
0.2171307,0.0,0.31479344,0.23448785,0.23358804
0.0,0.21514086,0.32064676,0.22977482,0.23443751
0.27490664,0.0,0.24724504,0.22311053,0.25473782
0.21703272,0.0,0.3124221,0.23637798,0.23416723
0.21338287,0.0,0.32175452,0.23163056,0.23323205
0.0,0.21716106,0.32265213,0.22850533,0.23168147
0.0,0.21446742,0.32340285,0.2301077,0.23202206
0.27585426,0.0,0.24984133,0.221022,0.25328243
0.22949265,0.27207023,0.26054353,0.23789361,0.0
0.23155625,0.27794015,0.24707164,0.24343194,0.0
0.23495749,0.27612057,0.24673119,0.24219072,0.0
0.24204823,0.27800092,0.24065425,0.2392966,0.0
0.24683137,0.27250156,0.2448033,0.23586378,0.0
0.23647353,0.27137294,0.25360554,0.238548,0.0
0.24288963,0.27432895,0.24707569,0.23570578,0.0
0.23926532,0.2780418,0.24155639,0.24113645,0.0
0.24445298,0.27592927,0.24181841,0.23779933,0.0
0.24159975,0.27761522,0.24100564,0.23977938,0.0
0.23734765,0.26745307,0.2617573,0.23344192,0.0
0.23908569,0.27238104,0.24884778,0.2396855,0.0
0.23998709,0.2755587,0.24435006,0.24010414,0.0
0.24808776,0.27459696,0.24161074,0.23570453,0.0
0.24603324,0.27762866,0.23803498,0.2383031,0.0
0.23481569,0.2701509,0.2572353,0.23779814,0.0
0.23978741,0.2753072,0.24477592,0.24012946,0.0
0.24320544,0.27470985,0.24340111,0.23868358,0.0
0.24507526,0.27559164,0.24339601,0.23593709,0.0
0.24210161,0.27629256,0.24348187,0.23812391,0.0
0.23633648,0.26979962,0.25836816,0.23549579,0.0
0.23787726,0.27312347,0.24989633,0.2391029,0.0
0.24468999,0.27415246,0.24316284,0.23799469,0.0
0.24208872,0.27595142,0.24489632,0.23706354,0.0
0.24431014,0.27593538,0.2410824,0.23867208,0.0
0.24176821,0.26703668,0.25824097,0.23295419,0.0
0.23873332,0.2766377,0.24421847,0.24041049,0.0
0.23888662,0.2780323,0.24231291,0.24076815,0.0
0.24576253,0.27318975,0.24633275,0.23471493,0.0
0.23893768,0.27861437,0.24198751,0.24046044,0.0
0.23917665,0.2676558,0.2568221,0.23634547,0.0
0.2397994,0.27177998,0.25001442,0.2384062,0.0
0.24058847,0.2732746,0.2474107,0.23872626,0.0
0.24542513,0.27592456,0.24081257,0.23783769,0.0
0.24515802,0.27415353,0.2426808,0.23800768,0.0
0.23886807,0.26806852,0.25943872,0.23362474,0.0
0.23778734,0.27341545,0.24973316,0.239064,0.0
0.24045515,0.27363276,0.2470657,0.23884639,0.0
0.24303526,0.27682692,0.2427206,0.2374172,0.0
0.24411593,0.2736263,0.24367028,0.23858747,0.0
0.23491645,0.2718943,0.25519145,0.2379978,0.0
0.24059704,0.27325332,0.24601762,0.24013197,0.0
0.23894797,0.2780483,0.23945585,0.24354793,0.0
0.24103022,0.27657425,0.24257284,0.2398227,0.0
0.24162714,0.27451783,0.24258468,0.24127032,0.0
0.24018149,0.2652264,0.2613944,0.23319772,0.0
0.23505132,0.27508095,0.2464775,0.24339026,0.0
0.24069202,0.27111062,0.25118703,0.23701029,0.0
0.23751967,0.27532893,0.24568197,0.2414694,0.0
0.24533641,0.2709363,0.24829566,0.2354316,0.0
0.23822412,0.26732987,0.258707,0.235739,0.0
0.23539132,0.27108923,0.25052842,0.24299107,0.0
0.24240968,0.2728751,0.24563678,0.23907845,0.0
0.23459964,0.2814019,0.23785631,0.24614212,0.0
0.24396294,0.2710243,0.2487776,0.23623519,0.0
0.2368095,0.26393834,0.26567447,0.23357765,0.0
0.23420098,0.27284244,0.25009975,0.24285688,0.0
0.23656873,0.27370396,0.2463092,0.24341814,0.0
0.23657922,0.2741346,0.24757265,0.24171348,0.0
0.2407948,0.2778397,0.23936944,0.24199605,0.0
0.23553553,0.27220103,0.2528241,0.23943931,0.0
0.23557858,0.27045953,0.2529092,0.24105266,0.0
0.23915179,0.2710636,0.25035504,0.23942961,0.0
0.23896717,0.27552426,0.24368817,0.2418204,0.0
0.24079555,0.2708977,0.24990015,0.23840664,0.0
0.24108115,0.26615027,0.2590963,0.23367234,0.0
0.23643342,0.27264264,0.24947082,0.2414531,0.0
0.23911524,0.27505136,0.24375264,0.24208078,0.0
0.24034886,0.27359277,0.24696659,0.23909178,0.0
0.24148552,0.27049413,0.25120607,0.23681432,0.0
0.24164855,0.26635075,0.25739163,0.23460907,0.0
0.243487,0.26887417,0.24883041,0.2388084,0.0
0.23825917,0.27612016,0.24320363,0.24241707,0.0
0.24489789,0.271025,0.24771015,0.23636696,0.0
0.23880377,0.27491042,0.24221182,0.24407397,0.0
0.242649,0.2661901,0.2552974,0.0,0.23586352
0.23840463,0.27165008,0.24815798,0.2417873,0.0
0.2406776,0.27237806,0.24530515,0.24163926,0.0
0.23781681,0.2763102,0.24022524,0.24564776,0.0
0.23592485,0.27760243,0.24189727,0.24457543,0.0
0.0,0.2686115,0.25545284,0.2373986,0.23853706
0.2350464,0.2682123,0.2562716,0.24046971,0.0
0.23610036,0.26965526,0.25196174,0.24228264,0.0
0.23631239,0.27252063,0.24742453,0.24374247,0.0
0.23973452,0.27595857,0.24185021,0.24245669,0.0
0.24018149,0.2629072,0.26151758,0.0,0.23539372
0.23756103,0.27084547,0.2489906,0.24260291,0.0
0.23911066,0.2699651,0.2499069,0.24101733,0.0
0.2382206,0.2722337,0.24491704,0.24462871,0.0
0.23852283,0.2736185,0.24549596,0.24236272,0.0
0.24124017,0.25992957,0.26296002,0.0,0.23587023
0.0,0.27479416,0.24349399,0.24364713,0.23806468
0.24045235,0.2712881,0.24616796,0.24209155,0.0
0.24021928,0.27465886,0.24342662,0.24169528,0.0
0.24030766,0.2714929,0.24620925,0.24199016,0.0
0.0,0.2631442,0.25800455,0.23920965,0.23964159
0.0,0.27050674,0.24727698,0.24496743,0.23724881
0.0,0.2721809,0.24442904,0.24622038,0.23716968
0.0,0.2727888,0.244758,0.24353446,0.23891869
0.0,0.27210847,0.24518493,0.24507836,0.23762825
0.0,0.2646274,0.25253168,0.24113072,0.24171022
0.0,0.26821703,0.2483979,0.2454863,0.23789877
0.23929538,0.26956493,0.24871154,0.24242814,0.0
0.24029471,0.26936558,0.24699242,0.2433473,0.0
0.0,0.2694406,0.24767002,0.24077803,0.24211138
0.0,0.26009062,0.26112363,0.23702598,0.2417598
0.0,0.26772285,0.24743102,0.24608965,0.23875648
0.24205129,0.26369092,0.25456706,0.0,0.2396907
0.0,0.26934615,0.24511266,0.24541603,0.24012512
0.24310318,0.26610774,0.25021538,0.2405737,0.0
0.0,0.26534587,0.24775879,0.24012771,0.24676766
0.0,0.26441476,0.25125477,0.24354947,0.24078105
0.0,0.26883417,0.24236119,0.2466347,0.24216998
0.0,0.26677844,0.24816112,0.24603033,0.2390301
0.0,0.26430753,0.2534968,0.24067158,0.24152406
0.0,0.25463563,0.2638131,0.23668021,0.24487107
0.0,0.26324695,0.24985553,0.2461454,0.24075209
0.0,0.26434726,0.24984443,0.24434958,0.24145873
0.0,0.26378205,0.24962227,0.24326423,0.24333142
0.0,0.267161,0.2456024,0.2451901,0.24204648
0.0,0.25745377,0.25661492,0.23838294,0.24754843
0.0,0.25959292,0.2541532,0.2436628,0.24259104
0.0,0.2629348,0.24886383,0.24470845,0.24349293
0.0,0.261177,0.25402328,0.24073479,0.24406493
0.0,0.26294675,0.25050724,0.24305494,0.24349107
0.0,0.25404796,0.2605472,0.23805147,0.24735333
0.0,0.26282105,0.2504461,0.24283496,0.24389791
0.0,0.26527113,0.24644248,0.24470036,0.243586
0.0,0.2653556,0.24674696,0.24254178,0.24535564
0.0,0.26267168,0.24943548,0.24240544,0.24548738
0.0,0.25202912,0.26115447,0.23754092,0.2492755
0.0,0.25914696,0.25212234,0.24495687,0.24377383
0.0,0.26117536,0.24947123,0.24539967,0.24395373
0.0,0.26065317,0.2512351,0.24247615,0.24563563
0.0,0.26207185,0.24849339,0.24392918,0.2455056
0.0,0.2520094,0.25998122,0.23885478,0.24915458
0.0,0.25761098,0.25223866,0.2450971,0.24505325
0.0,0.2612927,0.2454241,0.2476696,0.24561357
0.0,0.25910825,0.2513812,0.24326235,0.24624823
0.0,0.26078585,0.24804236,0.24178746,0.24938431
0.0,0.25051916,0.2581663,0.23956524,0.25174937
0.0,0.26013213,0.24584326,0.24485126,0.24917337
0.0,0.25600553,0.25192773,0.24508247,0.24698429
0.0,0.26149628,0.24694072,0.24260703,0.24895602
0.0,0.26303735,0.24256682,0.24478178,0.24961403
0.0,0.25077954,0.25706643,0.23979364,0.2523604
0.0,0.25564903,0.25044578,0.24437189,0.24953331
0.0,0.26084688,0.24082267,0.24817745,0.25015303
0.0,0.25867397,0.24829885,0.24293402,0.25009313
0.0,0.25953624,0.24764064,0.24359524,0.2492279
0.0,0.2499328,0.25511715,0.23956318,0.25538686
0.0,0.25590074,0.24953684,0.24664503,0.24791734
0.0,0.25957978,0.24750581,0.24274893,0.25016546
0.0,0.26126626,0.24709375,0.24338727,0.24825266
0.0,0.2626336,0.24016732,0.24732895,0.24987009
0.0,0.24420427,0.2657332,0.23677889,0.25328365
0.0,0.25569707,0.24789888,0.24807334,0.24833073
0.0,0.25653467,0.24880825,0.24370891,0.25094813
0.0,0.2586096,0.24660966,0.24689917,0.24788156
0.0,0.25772387,0.24961893,0.24290477,0.24975246
0.0,0.24674802,0.2567032,0.24046655,0.25608224
0.0,0.2540931,0.24703774,0.24671829,0.25215086
0.0,0.2583835,0.24460994,0.24727073,0.2497358
0.0,0.2559524,0.24878994,0.24181546,0.2534422
0.0,0.2547628,0.25057673,0.24301861,0.25164187
0.0,0.24553575,0.25769442,0.23815131,0.2586185
0.0,0.25247845,0.24978085,0.24697286,0.25076783
0.0,0.2572048,0.243912,0.24515013,0.25373307
0.0,0.25516734,0.24613833,0.2464665,0.25222784
0.0,0.2533077,0.2503111,0.24424261,0.25213856
0.0,0.24402541,0.26074955,0.24030401,0.254921
0.0,0.25342935,0.24761261,0.2475775,0.25138047
0.0,0.25507444,0.24480341,0.24695663,0.25316554
0.0,0.25361264,0.250247,0.24559508,0.25054535
0.0,0.2561645,0.24517675,0.24400175,0.254657
0.0,0.24223515,0.25963753,0.23819485,0.2599325
0.0,0.2517091,0.24866661,0.24920191,0.25042233
0.0,0.25434822,0.24471146,0.24796441,0.25297594
0.0,0.25738618,0.24138567,0.24530788,0.25592026
0.0,0.25410822,0.24749625,0.24369088,0.25470462
0.0,0.24056686,0.25883046,0.23921159,0.26139107
0.0,0.25018367,0.24834119,0.2472014,0.2542737
0.0,0.2521985,0.2474813,0.24638318,0.25393704
0.0,0.25270444,0.25037068,0.24319768,0.2537272
0.0,0.2539093,0.24337003,0.24493493,0.25778574
0.0,0.23866977,0.26056293,0.2383595,0.2624078
0.0,0.24823897,0.25064984,0.24730013,0.25381106
0.0,0.24880174,0.25043115,0.24448264,0.2562845
0.0,0.2515662,0.24564175,0.24733153,0.2554605
0.0,0.2518005,0.24774747,0.24362375,0.25682822
0.0,0.23950067,0.25685915,0.23971017,0.26393002
0.0,0.24555612,0.2543536,0.2437848,0.2563055
0.0,0.24711642,0.25213763,0.24387203,0.25687394
0.0,0.25284,0.24710642,0.24458505,0.2554685
0.0,0.2510692,0.25013128,0.24132407,0.25747547
0.0,0.23719311,0.2597443,0.24164248,0.26142013
0.0,0.24519315,0.25400403,0.24529134,0.2555115
0.0,0.24830495,0.24865216,0.24464472,0.25839823
0.0,0.2483502,0.25054926,0.24407,0.25703058
0.0,0.24790302,0.25156322,0.24196124,0.25857252
0.0,0.23796368,0.25417152,0.24317388,0.26469097
0.0,0.2443644,0.25236776,0.24766932,0.2555985
0.0,0.24642791,0.25237677,0.24293917,0.25825617
0.0,0.24496572,0.25611767,0.24099833,0.25791827
0.0,0.24644789,0.25166532,0.24331537,0.25857145
0.0,0.23634785,0.25725168,0.24083234,0.2655681
0.0,0.24290638,0.2529956,0.24663773,0.2574603
0.0,0.2474794,0.24643163,0.24731179,0.2587772
0.0,0.24458732,0.2528156,0.24306525,0.25953183
0.0,0.24759848,0.25124678,0.2417614,0.25939336
0.23723657,0.0,0.26122984,0.23677237,0.26476124
0.0,0.24346438,0.250691,0.2478011,0.2580435
0.0,0.24264161,0.25511017,0.24291769,0.25933048
0.0,0.24477455,0.2511456,0.24409452,0.25998527
0.0,0.24512799,0.2516965,0.24233703,0.26083845
0.0,0.23313865,0.2606613,0.23890738,0.26729268
0.0,0.24161603,0.2522687,0.24694699,0.25916827
0.0,0.24298938,0.25416204,0.24210268,0.26074588
0.0,0.24582763,0.24838594,0.24390313,0.26188332
0.0,0.24646112,0.24897712,0.24553846,0.25902328
0.2321266,0.0,0.25958145,0.23711818,0.2711738
0.0,0.24008884,0.25452107,0.24638146,0.25900865
0.0,0.24190004,0.25202844,0.24641405,0.2596574
0.0,0.24299027,0.25332165,0.24334155,0.2603465
0.0,0.24479231,0.24853303,0.24604101,0.26063365
0.23304754,0.0,0.25975066,0.24221762,0.26498422
0.0,0.23562023,0.25864577,0.24574313,0.25999087
0.0,0.2401993,0.25317225,0.24628648,0.26034194
0.0,0.24045497,0.25542408,0.24295568,0.26116526
0.0,0.24496567,0.24865724,0.24536175,0.26101536
0.2348588,0.0,0.2599713,0.23822413,0.2669458
0.0,0.23736496,0.25402912,0.24587779,0.26272815
0.0,0.24101703,0.25052485,0.24585561,0.26260254
0.0,0.2397959,0.25555485,0.24515195,0.25949728
0.0,0.24113937,0.25254613,0.24246956,0.26384497
0.2332122,0.0,0.2605861,0.23887284,0.26732883
0.0,0.23745787,0.25426176,0.24665248,0.26162794
0.0,0.24065028,0.25127694,0.24661478,0.26145798
0.0,0.23982741,0.2535813,0.24230333,0.26428798
0.0,0.24089701,0.2550741,0.24297522,0.26105362
0.23154551,0.0,0.26191738,0.2396913,0.26684585
0.0,0.23380843,0.26024848,0.24584495,0.26009813
0.0,0.24056526,0.2476262,0.24802478,0.2637838
0.0,0.23914663,0.25519967,0.2429494,0.26270425
0.0,0.23960423,0.2554694,0.24436957,0.26055682
0.2310944,0.0,0.26103282,0.23720646,0.27066636
0.0,0.23507011,0.2541176,0.24975516,0.2610571
0.0,0.23591948,0.25627026,0.24737558,0.26043466
0.0,0.23769589,0.25728354,0.24407043,0.26095015
0.0,0.23898625,0.25421634,0.24567327,0.2611241
0.23118111,0.0,0.26267812,0.23740616,0.2687346
0.0,0.23019372,0.26359057,0.24423403,0.26198167
0.0,0.23603252,0.2568166,0.24391009,0.2632408
0.0,0.23715764,0.25670573,0.24479307,0.26134357
0.0,0.23757498,0.2572503,0.24483946,0.26033524
0.23001435,0.0,0.2611924,0.24116987,0.2676234
0.0,0.23095182,0.26106808,0.24538966,0.26259044
0.0,0.23527229,0.2587295,0.24407746,0.26192072
0.0,0.23495176,0.25956738,0.24526727,0.26021358
0.0,0.23752677,0.25588855,0.24537563,0.26120907
0.24461518,0.0,0.26779756,0.22809945,0.2594878
0.0,0.22947465,0.26369563,0.24560331,0.26122642
0.0,0.23309922,0.2625314,0.24332276,0.26104665
0.0,0.23604335,0.25807148,0.24439378,0.26149136
0.0,0.23474695,0.259401,0.2456246,0.26022753
0.23330611,0.0,0.25851712,0.2382046,0.2699722
0.0,0.23070969,0.26064935,0.24714272,0.26149827
0.0,0.23483282,0.25856325,0.24481896,0.26178503
0.0,0.23453276,0.2617998,0.24373746,0.25992996
0.0,0.2382151,0.25541684,0.2459219,0.2604462
0.23305066,0.0,0.2612656,0.23877929,0.26690444
0.0,0.2284539,0.2624016,0.24816267,0.2609818
0.0,0.23333137,0.26199067,0.24857225,0.25610572
0.0,0.23641,0.2582003,0.24612097,0.2592687
0.0,0.23548996,0.26072586,0.24520865,0.2585755
0.2342496,0.0,0.2608417,0.23454946,0.2703592
