Cycle_Index,QV_Curve,Charge_Current(A),Temperture,Discharge_Current(A),Max_Charge_Capacity(Ah),Max_Discharge_Capacity(Ah)
2,"[0.096, 0.106, 0.118, 0.13693959183673465, 0.159, 0.175, 0.19152524167561752, 0.20942261904761897, 0.225, 0.23441156462585, 0.25071938775510205, 0.263, 0.279, 0.29562480376766076, 0.318, 0.342, 0.3687444897959183, 0.399, 0.435, 0.486, 0.5384601711652403, 0.628, 0.7781890440386681, 0.861, 0.966, 1.053, 1.132, 1.199, 1.263, 1.309, 1.3669540816326529, 1.41, 1.464, 1.496, 1.5431690962099125, 1.572, 1.611, 1.648, 1.676, 1.714, 1.746, 1.7733911564625846, 1.805, 1.839, 1.86, 1.883, 1.918, 1.942, 1.968, 2.0]",1.2,25,-2.4,2.321,2.328
3,"[0.099, 0.107, 0.12086054421768687, 0.135, 0.161, 0.179, 0.193, 0.21307619047619034, 0.221638932496075, 0.23685289115646252, 0.253, 0.26511370262390666, 0.2812783673469388, 0.29762480376766076, 0.323, 0.344, 0.372, 0.405, 0.443, 0.49218221574344007, 0.5630906122448979, 0.6620656370656371, 0.79, 0.8684114549045424, 0.9750382653061223, 1.056, 1.137, 1.212, 1.268, 1.325, 1.368, 1.409859329446064, 1.4537095761381476, 1.5, 1.544, 1.573, 1.61, 1.6437514577259473, 1.672, 1.714, 1.738, 1.774521541950113, 1.802, 1.839, 1.865020408163265, 1.891, 1.9175777080062797, 1.9415697278911566, 1.9661530612244895, 1.999]",1.2,25,-2.4,2.319,2.329
4,"[0.098, 0.10652653061224497, 0.12, 0.138, 0.161, 0.178, 0.19283163265306086, 0.20962548262548258, 0.22252106649111253, 0.236, 0.252, 0.2657518367346938, 0.281, 0.301, 0.321, 0.345, 0.374, 0.404, 0.4359520645467489, 0.491, 0.552090612244898, 0.6427012987012988, 0.799, 0.878, 0.9750765306122444, 1.060590636254502, 1.149, 1.214, 1.268, 1.314938775510204, 1.37, 1.4145623582766438, 1.455, 1.499, 1.53, 1.574, 1.614, 1.6437514577259473, 1.671642320085929, 1.711, 1.737, 1.7733911564625846, 1.802, 1.831, 1.862, 1.8892789115646256, 1.917, 1.941, 1.965, 1.998]",1.2,25,-2.4,2.318,2.334
5,"[0.098, 0.106, 0.122, 0.141, 0.16, 0.178, 0.193, 0.211, 0.22381224489795898, 0.23670578231292497, 0.251, 0.267, 0.281, 0.3013248979591836, 0.324, 0.345, 0.376, 0.408, 0.443, 0.491, 0.55, 0.6862023809523811, 0.7632244897959183, 0.8595983965014578, 0.952, 1.066, 1.150489795918367, 1.2220408163265306, 1.273, 1.334, 1.371, 1.416, 1.466, 1.5017823129251697, 1.545, 1.573, 1.615, 1.65, 1.675, 1.714, 1.74, 1.772, 1.806, 1.84, 1.864, 1.89, 1.917365140650855, 1.9490669387755104, 1.974, 1.998]",1.2,25,-2.4,2.318,2.333
6,"[0.098, 0.107, 0.121, 0.142, 0.162, 0.18, 0.19326971869829007, 0.211, 0.226, 0.237, 0.253, 0.266, 0.281, 0.302, 0.326, 0.348, 0.374, 0.40963102040816307, 0.4454376417233557, 0.495, 0.563, 0.682, 0.8081890440386681, 0.8720302040816326, 0.9880382653061223, 1.07, 1.146, 1.215, 1.2720439560439558, 1.317, 1.373, 1.415, 1.47, 1.504, 1.541, 1.577, 1.613, 1.652, 1.672, 1.7147074829931968, 1.745697521865889, 1.775, 1.805, 1.838, 1.8637653061224486, 1.891, 1.919, 1.945, 1.971, 2.0]",1.2,25,-2.4,2.319,2.333
7,"[0.1, 0.10752653061224497, 0.12286054421768687, 0.142, 0.162, 0.17987265306122452, 0.19583163265306086, 0.213, 0.226, 0.238, 0.2534387755102039, 0.267, 0.283, 0.301, 0.3254065934065932, 0.34845408163265285, 0.373, 0.40975725026852833, 0.442, 0.49739246467817866, 0.564, 0.66, 0.798, 0.8920302040816326, 0.987, 1.072, 1.1469697959183673, 1.22, 1.285, 1.33, 1.372970215113072, 1.415, 1.464, 1.502, 1.549, 1.5787885714285712, 1.6158752834467118, 1.647565051020408, 1.68, 1.71, 1.744, 1.776, 1.806404761904762, 1.841, 1.863761720904578, 1.889766133480419, 1.918, 1.9407209045780476, 1.9694009928295642, 2.001]",1.2,25,-2.4,2.317,2.331
8,"[0.1, 0.10752653061224497, 0.125, 0.14345959183673468, 0.16229752953813087, 0.18, 0.196, 0.21342261904761897, 0.227, 0.237, 0.25347959183673474, 0.2665227629513343, 0.282, 0.302, 0.324, 0.3497379591836733, 0.376, 0.41075725026852833, 0.44332823129251686, 0.5001822157434401, 0.5673775510204079, 0.683, 0.807, 0.8893752834467119, 0.992, 1.086, 1.1549697959183673, 1.2186596800882514, 1.2736236933797909, 1.319, 1.375, 1.419859329446064, 1.4647095761381475, 1.503, 1.550707482993197, 1.5758609022556391, 1.6146564625850337, 1.65, 1.6780291545189487, 1.7200118499012507, 1.751, 1.774, 1.808, 1.8402323390894815, 1.86, 1.8865445757250268, 1.9193973589435775, 1.943, 1.97, 2.001]",1.2,25,-2.4,2.317,2.331
9,"[0.1, 0.109, 0.125, 0.142, 0.163, 0.179, 0.196, 0.21427413127413122, 0.226, 0.237, 0.253, 0.268, 0.283, 0.30062480376766076, 0.323, 0.349, 0.3767444897959183, 0.413, 0.45615755102040806, 0.4976840816326529, 0.561, 0.669, 0.812128279883382, 0.887, 0.99, 1.069, 1.160489795918367, 1.22, 1.284, 1.333, 1.3749540816326529, 1.419, 1.46, 1.5, 1.548, 1.5775934065934063, 1.615, 1.6524200680272108, 1.674, 1.721, 1.75, 1.7726955782312923, 1.808, 1.842, 1.863265306122449, 1.887, 1.921, 1.946, 1.971, 2.001]",1.2,25,-2.4,2.316,2.33
10,"[0.098, 0.10852653061224497, 0.124, 0.14278425655976662, 0.16, 0.18039265306122437, 0.195, 0.211, 0.223, 0.238, 0.25321938775510194, 0.267, 0.283, 0.29962480376766076, 0.32646718146718146, 0.3496054421768705, 0.377, 0.412, 0.449, 0.5, 0.5723775510204079, 0.672, 0.784, 0.9, 1.0000248207391063, 1.076, 1.157, 1.219, 1.2740439560439558, 1.3308257456828883, 1.3759540816326528, 1.418, 1.471, 1.503, 1.537, 1.574, 1.622, 1.654, 1.6737281632653058, 1.719, 1.749, 1.781, 1.806, 1.8424314868804654, 1.8631273469387755, 1.887, 1.921, 1.945, 1.97, 2.001]",1.2,25,-2.4,2.315,2.329
11,"[0.099, 0.1087312925170068, 0.128, 0.142, 0.16, 0.181, 0.196, 0.21, 0.223, 0.237, 0.251, 0.267, 0.2837732426303854, 0.304, 0.325, 0.351, 0.379, 0.414, 0.453, 0.5081822157434401, 0.569251700680272, 0.676, 0.8200876057740168, 0.885, 0.981, 1.073502915451895, 1.162, 1.228, 1.278, 1.323, 1.376, 1.417859329446064, 1.467, 1.504, 1.54, 1.576, 1.6166564625850337, 1.65, 1.674864081632653, 1.7158477661334803, 1.7513485086342226, 1.771, 1.807, 1.842079484425349, 1.8667617209045781, 1.8942789115646255, 1.9211161695447407, 1.946033469387755, 1.9702040816326527, 2.0]",1.2,25,-2.4,2.315,2.329
12,"[0.099, 0.11011632653061212, 0.126, 0.14522979591836732, 0.16264876476906545, 0.18, 0.19439918367346934, 0.212, 0.224, 0.238, 0.25471938775510206, 0.2675227629513343, 0.283, 0.3033248979591836, 0.327, 0.3517379591836733, 0.38, 0.415, 0.455, 0.504, 0.57, 0.675, 0.825, 0.9, 0.994153061224489, 1.077, 1.15, 1.2210313971742544, 1.278, 1.323, 1.3786188637617207, 1.423, 1.4694854994629432, 1.504, 1.547, 1.579, 1.62, 1.6512267573696142, 1.675, 1.715, 1.75, 1.7783911564625847, 1.809, 1.843, 1.866, 1.8941394557823126, 1.921365140650855, 1.945, 1.9697808807733617, 2.001]",1.2,25,-2.4,2.315,2.327
13,"[0.101, 0.10908948194662473, 0.1254917395529639, 0.143, 0.165, 0.18175510204081632, 0.196, 0.213, 0.222, 0.238, 0.253, 0.267, 0.28357993197278913, 0.301, 0.32455760368663594, 0.351, 0.38, 0.4152904238618521, 0.45, 0.5023924646781787, 0.5695943877551018, 0.7061011904761905, 0.82, 0.8810629251700679, 1.001, 1.076, 1.156, 1.232, 1.277035714285714, 1.34, 1.3769081632653057, 1.42, 1.461, 1.509, 1.548, 1.581, 1.62, 1.654, 1.6817281632653058, 1.719, 1.753, 1.7758025372311086, 1.81, 1.842, 1.861761720904578, 1.888, 1.921, 1.945, 1.974, 2.001]",1.2,25,-2.4,2.315,2.327
14,"[0.099, 0.10952653061224497, 0.125, 0.143, 0.164, 0.182, 0.19583163265306086, 0.212, 0.223, 0.238, 0.252, 0.26750799779371204, 0.284, 0.303, 0.323, 0.352, 0.378, 0.413, 0.46, 0.5049001074113854, 0.574188775510204, 0.685, 0.83, 0.904531462585034, 1.0, 1.076, 1.164, 1.215, 1.2739132653061223, 1.335, 1.379, 1.420859329446064, 1.4594854994629431, 1.5009293987865415, 1.553, 1.579, 1.618, 1.6544200680272108, 1.673, 1.7202274052478133, 1.747, 1.77678231292517, 1.808, 1.841, 1.8606734693877551, 1.8912789115646256, 1.919, 1.943, 1.969, 2.002]",1.2,25,-2.4,2.313,2.325
15,"[0.1, 0.109, 0.124, 0.14188383045525893, 0.163, 0.18, 0.194, 0.213, 0.223, 0.237, 0.254, 0.266, 0.284, 0.3023248979591836, 0.3290852534562212, 0.3507379591836733, 0.376, 0.4146310204081631, 0.45615755102040806, 0.505, 0.573, 0.69, 0.822, 0.8860629251700679, 0.996, 1.081, 1.15, 1.225, 1.28, 1.325, 1.378, 1.418859329446064, 1.467, 1.5048911564625849, 1.554, 1.575, 1.616, 1.6534200680272109, 1.675, 1.7193537414965985, 1.7446975218658891, 1.779538512179065, 1.806, 1.836, 1.87, 1.8855785089546022, 1.9207110633727178, 1.944, 1.9720765306122447, 2.001]",1.2,25,-2.4,2.312,2.325
16,"[0.098, 0.11, 0.125, 0.143, 0.165, 0.18051664876476892, 0.192, 0.21, 0.222, 0.23785289115646252, 0.25371938775510205, 0.267, 0.284, 0.303, 0.324, 0.3517379591836733, 0.3807444897959183, 0.415, 0.4623282312925169, 0.5061822157434401, 0.5785943877551019, 0.691, 0.822, 0.885, 1.003, 1.0801301020408163, 1.1609419152276292, 1.236, 1.288, 1.323, 1.376, 1.42, 1.4617095761381476, 1.504, 1.553, 1.58, 1.6156564625850338, 1.652, 1.675, 1.717254693877551, 1.75, 1.779, 1.808, 1.843, 1.862, 1.892, 1.92, 1.945, 1.968593469387755, 2.0]",1.2,25,-2.4,2.311,2.324
17,"[0.099, 0.108, 0.12727909542195248, 0.14478425655976662, 0.165, 0.18146938775510213, 0.19583163265306086, 0.214, 0.222, 0.239, 0.2534387755102039, 0.2677518367346938, 0.285, 0.301, 0.327, 0.354, 0.3805086342229197, 0.418, 0.45915755102040806, 0.504, 0.575, 0.684, 0.803, 0.9170243581303489, 0.9940765306122444, 1.078, 1.155, 1.218, 1.2746236933797908, 1.324, 1.38, 1.421, 1.4668489795918367, 1.5087823129251698, 1.55, 1.579, 1.616, 1.656, 1.675, 1.717, 1.746, 1.777, 1.807, 1.837, 1.8646326530612245, 1.8895785089546022, 1.9204777365491652, 1.945, 1.97, 2.0]",1.2,25,-2.4,2.31,2.323
18,"[0.1, 0.11, 0.125, 0.143, 0.16446612244897946, 0.182, 0.19552524167561752, 0.214, 0.2244061224489795, 0.238, 0.2533596938775511, 0.267, 0.284, 0.301, 0.3282114285714285, 0.352, 0.384, 0.415, 0.453, 0.506, 0.575, 0.695, 0.8301282798833819, 0.914, 0.9817783673469387, 1.081, 1.153, 1.2340313971742543, 1.2764489795918366, 1.3358257456828884, 1.3796188637617206, 1.425, 1.4712427497314715, 1.504, 1.5457959183673469, 1.579, 1.6203129251700679, 1.6514200680272109, 1.678, 1.717, 1.751, 1.77878231292517, 1.808, 1.8376938775510199, 1.867265306122449, 1.887, 1.919, 1.944, 1.9720765306122447, 2.001]",1.2,25,-2.4,2.311,2.324
19,"[0.099, 0.111, 0.126, 0.144, 0.164, 0.18, 0.19539918367346934, 0.214, 0.226, 0.23770578231292497, 0.253, 0.268, 0.28357993197278913, 0.30162480376766077, 0.33, 0.35345408163265285, 0.382, 0.414, 0.453, 0.5066840816326529, 0.579, 0.716, 0.7976973618715779, 0.907, 1.003038265306122, 1.08, 1.154, 1.22, 1.279, 1.323, 1.3789540816326529, 1.422, 1.4742427497314716, 1.509, 1.5483537414965987, 1.582, 1.619, 1.6574200680272109, 1.682, 1.719, 1.745, 1.7793911564625846, 1.809, 1.8362323390894815, 1.865, 1.895, 1.9220794844253488, 1.946, 1.969, 2.001]",1.2,25,-2.4,2.311,2.322
20,"[0.102, 0.111, 0.125, 0.14488383045525893, 0.164, 0.18075510204081632, 0.195, 0.211, 0.22633224489795903, 0.23785289115646252, 0.254, 0.266, 0.28357993197278913, 0.305, 0.328, 0.351, 0.381, 0.416, 0.449, 0.5071822157434401, 0.600188775510204, 0.727, 0.831, 0.9130629251700679, 0.981, 1.0778736010533245, 1.1528741496598636, 1.234, 1.278, 1.323, 1.379, 1.421859329446064, 1.4667580174927113, 1.507, 1.538, 1.581, 1.62, 1.651, 1.6744772370486651, 1.719, 1.752, 1.775, 1.809, 1.836, 1.869, 1.893, 1.9210604081632652, 1.943, 1.9714009928295642, 2.001]",1.2,25,-2.4,2.31,2.319
2,"[0.009, 0.011171156462585026, 0.01378693877551041, 0.016955102040816347, 0.02071346938775509, 0.024541890440386734, 0.028616516373991447, 0.034519480519480714, 0.03948281417830291, 0.04696389324960736, 0.05751530612244912, 0.06812925170068031, 0.08012969058591178, 0.09035510204081658, 0.1034135338345864, 0.11364072140484119, 0.1247214561500276, 0.13822234156820615, 0.15096244897959202, 0.1646112244897959, 0.17774938775510193, 0.1903968253968252, 0.21130012004801924, 0.22086817429674566, 0.23958673469387748, 0.2677128279883382, 0.3004064625850337, 0.3378916797488228, 0.38335714285714273, 0.4372506122448979, 0.4795072886297372, 0.5320722135007846, 0.5865355102040817, 0.6431004709576137, 0.6858816326530612, 0.7379511278195489, 0.7958435374149653, 0.854659863945579, 0.8987118367346932, 0.9562382790954219, 1.0056084183673468, 1.0561088435374155, 1.116547619047619, 1.1791795918367347, 1.236367346938776, 1.287946017116524, 1.3541181525241675, 1.4021802721088437, 1.4523469387755097, 1.51]",4.8,25,-7.2,1.682,1.699
3,"[0.019, 0.02057949691504509, 0.024523948354852304, 0.027406462585034045, 0.03145063430777714, 0.0356326530612246, 0.039654631083202566, 0.04548432055749147, 0.05126388229710488, 0.05889504373177813, 0.06751530612244912, 0.07734467120181411, 0.09030926216640502, 0.10065646258503441, 0.11407142857142837, 0.1237046186895811, 0.13619058084772376, 0.15262768891340317, 0.16492244897959193, 0.17597795918367343, 0.18878061224489773, 0.20454761904761895, 0.22257871720116618, 0.23373634859349135, 0.25454164368450083, 0.278612244897959, 0.3084302040816323, 0.35044583987441136, 0.38274912891986057, 0.44121938775510194, 0.48827315541601235, 0.5381564625850334, 0.6003523093447906, 0.6570522448979592, 0.6879192949907235, 0.7437678571428572, 0.8069248979591834, 0.8547989795918367, 0.8943689167974876, 0.9588231292517007, 1.0135524781341105, 1.065108843537415, 1.118547619047619, 1.1833591836734692, 1.2267948152233867, 1.2775985006247397, 1.3455697959183675, 1.3945901360544217, 1.4530867346938776, 1.506]",4.8,25,-7.2,1.684,1.68
4,"[0.017, 0.019998744113029855, 0.023590182018753507, 0.026540487162607034, 0.030426938775510174, 0.03447959183673474, 0.03854392191659268, 0.044071428571428595, 0.050218242399000426, 0.05664554242749724, 0.06635374149659883, 0.07351700680272127, 0.08816081632653061, 0.09932823129251721, 0.11055428571428566, 0.1221020408163267, 0.13250365806700043, 0.14688897959183658, 0.16092244897959193, 0.17392260300346546, 0.18756122448979537, 0.20277380952380963, 0.2156949516648764, 0.23218707482993156, 0.251173469387755, 0.2729948979591835, 0.31027097505668916, 0.34782798833819245, 0.38263265306122435, 0.43509402332361513, 0.4930710204081632, 0.5450187755102041, 0.58206462585034, 0.6450522448979592, 0.6959795918367346, 0.744469387755102, 0.7948848979591834, 0.852659863945578, 0.8838359183673468, 0.959179925031237, 1.0115180533751962, 1.0591088435374154, 1.1075150375939848, 1.1716413994169093, 1.2196836734693879, 1.2703605442176864, 1.3250897959183672, 1.3780865306122447, 1.4270867346938776, 1.49]",4.8,25,-7.2,1.672,1.665
5,"[0.015, 0.018618169848584654, 0.02246653061224485, 0.025124768089053808, 0.029131466540104345, 0.03178642619838627, 0.03726971869829006, 0.04162548262548258, 0.04733224489795903, 0.05333877551020397, 0.06371938775510218, 0.07204552590266855, 0.08257993197278919, 0.09432489795918363, 0.10481318681318642, 0.11812672045562407, 0.12921329822251473, 0.14175725026852834, 0.15367755102040812, 0.16836816326530574, 0.18179251700680252, 0.19461714285714282, 0.2091632653061224, 0.22463726135615536, 0.2470765306122445, 0.26700583090379, 0.2929697959183672, 0.3297481632653061, 0.3840204081632652, 0.4174293877551019, 0.4699081632653056, 0.5187186588921281, 0.5817379591836734, 0.6305646258503397, 0.6892734693877547, 0.727860902255639, 0.7886258503401358, 0.8397514577259475, 0.8870214822771202, 0.9501720904578046, 0.9963950437317781, 1.0462470461868956, 1.0964285714285715, 1.1561208163265302, 1.193761720904578, 1.253766133480419, 1.3091161695447406, 1.3601394557823132, 1.4124650912996772, 1.47]",4.8,25,-7.2,1.657,1.651
6,"[0.016, 0.018550291545189505, 0.020935027072053327, 0.024914192949907314, 0.028215816326530672, 0.032136238279095494, 0.03608788676761025, 0.04187108013937276, 0.047266622778143495, 0.053278911564626254, 0.06257369614512522, 0.07274829931972765, 0.08364965986394576, 0.09472224987555987, 0.10463428571428574, 0.1165168229453944, 0.12766180758017492, 0.1422351020408163, 0.15509778911564617, 0.16498367346938753, 0.1794865306122449, 0.19198617511520735, 0.21212870309414086, 0.22381551020408155, 0.2438248299319727, 0.26570068027210897, 0.29283224489795917, 0.33034013605442203, 0.378173469387755, 0.4270643642072211, 0.48700789993416715, 0.5170437317784259, 0.5805102040816326, 0.630378775510204, 0.686979591836734, 0.7358809523809517, 0.7948759811616948, 0.842168163265306, 0.8920629251700682, 0.9391134693877549, 0.9839402332361515, 1.0357891156462575, 1.0828514285714286, 1.1485808477237045, 1.1860248207391064, 1.2326401499375261, 1.299290423861852, 1.3484897959183675, 1.3982159863945574, 1.447]",4.8,25,-7.2,1.646,1.637
7,"[0.035, 0.039, 0.04391192266380224, 0.052883830455258934, 0.06198612244897948, 0.074156462585034, 0.085, 0.10142261904761898, 0.11240612244897949, 0.12385289115646252, 0.13971938775510206, 0.15101808905380332, 0.164, 0.17932489795918363, 0.192, 0.206, 0.222, 0.2395145005370567, 0.25735510204081624, 0.28239246467817863, 0.31359438775510196, 0.344, 0.3883591836734692, 0.4410629251700679, 0.5010382653061223, 0.562, 0.6319697959183672, 0.7047481632653061, 0.8060204081632653, 0.8637088713036234, 0.9477386438446344, 1.022, 1.09, 1.1514963791968398, 1.2120918367346938, 1.253, 1.3032129067843352, 1.3421362382790953, 1.376728163265306, 1.419, 1.453697521865889, 1.4816955782312924, 1.51946992481203, 1.5522323390894814, 1.588265306122449, 1.6081394557823128, 1.6431161695447407, 1.6715697278911565, 1.697, 1.732]",2.4,25,-7.2,1.847,1.836
8,"[0.024, 0.029, 0.034, 0.041, 0.05246612244897944, 0.0633926530612244, 0.0771283739302172, 0.08955299539170503, 0.099812244897959, 0.11180385487528333, 0.12671938775510205, 0.13875183673469382, 0.15227836734693878, 0.16462480376766078, 0.17946718146718146, 0.19445408163265285, 0.2075086342229197, 0.227, 0.252, 0.2736840816326529, 0.302, 0.33261714285714283, 0.38, 0.4185629251700679, 0.4826091051805334, 0.546502915451895, 0.624, 0.7014963265306122, 0.796, 0.8684293877551019, 0.931, 1.008859329446064, 1.0857095761381474, 1.1327823129251697, 1.185238775510204, 1.2375934065934064, 1.2886564625850336, 1.3254200680272108, 1.358029154518949, 1.4061299458558933, 1.436697521865889, 1.4752470461868956, 1.506, 1.5412323390894815, 1.564, 1.6, 1.6265404081632653, 1.655, 1.6811530612244896, 1.716]",2.4,25,-7.2,1.827,1.831
9,"[0.024, 0.02768850698174009, 0.034860544217686876, 0.04088383045525894, 0.051, 0.06223469387755098, 0.07483163265306085, 0.089, 0.099, 0.113, 0.12571938775510205, 0.1377998683344305, 0.151, 0.16362480376766078, 0.179, 0.1934770408163264, 0.208, 0.2256310204081631, 0.244, 0.2723924646781787, 0.302, 0.3361011904761905, 0.37155685131195326, 0.416, 0.4920382653061222, 0.5482312925170066, 0.6169419152276293, 0.6990163265306122, 0.775035714285714, 0.8684293877551019, 0.933, 1.0125267249757044, 1.080573634859349, 1.134891156462585, 1.1826367346938773, 1.237, 1.287312925170068, 1.325, 1.357, 1.4040065597667637, 1.431, 1.4683911564625847, 1.503404761904762, 1.5432323390894815, 1.57, 1.5962789115646256, 1.6271161695447407, 1.6530669387755104, 1.6824650912996773, 1.708]",2.4,25,-7.2,1.831,1.834
10,"[0.023, 0.027, 0.03471899529042378, 0.041273654916512095, 0.05172448979591844, 0.063, 0.07550340136054415, 0.08951648351648321, 0.10149409237379166, 0.11364244897959186, 0.128, 0.1380340136054422, 0.15500340136054414, 0.1660471938775512, 0.1779170506912442, 0.19258600583090346, 0.208, 0.23, 0.248, 0.2727069970845481, 0.30234379905808456, 0.33083965014577255, 0.38941015430562476, 0.4340595918367347, 0.48954846938775504, 0.5528861439312567, 0.63, 0.701, 0.797, 0.8633012244897957, 0.9426310832025114, 1.012, 1.085, 1.145, 1.181075918367347, 1.243, 1.288, 1.3244549319727892, 1.3549436734693876, 1.3996385606874326, 1.439, 1.4694353741496593, 1.5013314285714285, 1.541, 1.5704693877551021, 1.5906184922948772, 1.624, 1.652236339697169, 1.678, 1.706]",2.4,25,-7.2,1.824,1.829
11,"[0.023, 0.027089481946624725, 0.03269306122448973, 0.03963485934914505, 0.051, 0.063, 0.07394539437396568, 0.08827413127413122, 0.09740612244897949, 0.110705782312925, 0.125584666298952, 0.137, 0.15079836734693883, 0.162, 0.1784065934065932, 0.19245408163265285, 0.2099446064139942, 0.228, 0.2470915994304698, 0.2686840816326529, 0.3030730743910467, 0.3370656370656371, 0.3765986394557818, 0.42069608383894097, 0.4970382653061222, 0.547502915451895, 0.62, 0.7070163265306122, 0.787, 0.853, 0.948, 1.0157374149659864, 1.0578489795918367, 1.134891156462585, 1.1843537414965986, 1.2425934065934063, 1.286, 1.3262100340136054, 1.3584772370486653, 1.402, 1.4337882653061222, 1.4741268615554328, 1.50193984962406, 1.541, 1.5651273469387754, 1.592, 1.6251161695447407, 1.6530669387755104, 1.6791530612244896, 1.709]",2.4,25,-7.2,1.821,1.822
12,"[0.005, 0.007592403628117896, 0.010429229756418676, 0.013805134957208674, 0.016513309671694724, 0.020413487133983988, 0.023508538109121166, 0.029542857142856788, 0.03532897959183677, 0.04257312925170068, 0.04983949255377809, 0.05961781076066783, 0.06910693877551004, 0.07949854227405243, 0.09132571428571427, 0.0997918367346939, 0.11355174927113693, 0.12479484425349084, 0.1372700156985866, 0.14837868480725602, 0.15989634801288932, 0.17854511278195487, 0.1919288472145614, 0.20747475832438222, 0.22827891156462551, 0.2507210884353737, 0.2774965986394555, 0.32011527854384997, 0.36135714285714254, 0.41112244897959166, 0.45986394557823046, 0.503235827664399, 0.5651979591836734, 0.6018620408163265, 0.6714163265306119, 0.7138809523809521, 0.7642091836734697, 0.8099302721088435, 0.8608180272108836, 0.9144568288854003, 0.9665691609977317, 1.010734693877551, 1.055263736263736, 1.114858712715855, 1.1638945578231294, 1.2125074462217316, 1.2568629737609331, 1.3087823129251694, 1.3592789115646253, 1.421]",4.8,25,-7.2,1.611,1.624
13,"[0.012, 0.014439962031324152, 0.01685220539828839, 0.019709287796751383, 0.023521335807050077, 0.027303673469387894, 0.031223952738990285, 0.03642142857142879, 0.04133373349339735, 0.047481946624803685, 0.05451530612244921, 0.06257351103706787, 0.07182040816326529, 0.08482628173220517, 0.09455428571428565, 0.10518689581095608, 0.11612099125364422, 0.12952337063857794, 0.13898731384445678, 0.1545426170468187, 0.1678537414965985, 0.1822509652509653, 0.19565306122448978, 0.21419249862106995, 0.2315867346938775, 0.2511959183673468, 0.2823508887425937, 0.3107118367346939, 0.3533571428571427, 0.39421938775510196, 0.44846938775510153, 0.5015524781341107, 0.5620310204081633, 0.6051865889212826, 0.6528816326530612, 0.7119257142857143, 0.7658848979591834, 0.8153299319727895, 0.8566844583987437, 0.9151482277121373, 0.97034693877551, 1.0157772108843537, 1.0632628571428568, 1.1083453689167975, 1.1589115646258503, 1.2156930612244896, 1.2701726844583985, 1.3211802721088437, 1.3691734693877549, 1.433]",4.8,25,-7.2,1.618,1.612
14,"[0.011, 0.012918911564625825, 0.0156329288472146, 0.019380797773654944, 0.023106215213358063, 0.02643844634628055, 0.029953962980541076, 0.03516857142857151, 0.03982018753447327, 0.04616487647690653, 0.0527576530612246, 0.06051700680272128, 0.07030926216640503, 0.08135510204081658, 0.09144700460829489, 0.10313657770800636, 0.11312099125364422, 0.1258738404452689, 0.13946122448979598, 0.1516112244897959, 0.1634957208689927, 0.1759266409266409, 0.196728862973761, 0.20659353741496575, 0.2282873802582257, 0.2489948979591835, 0.2784064625850337, 0.3118279883381925, 0.3503571428571427, 0.400625306122449, 0.44927315541601237, 0.49707823129251666, 0.5530323129251701, 0.6102009419152274, 0.6656612244897959, 0.7039257142857143, 0.7548435374149652, 0.8113299319727896, 0.8476844583987437, 0.9054100616990982, 0.9592693877551021, 1.0061088435374148, 1.0505150375939847, 1.096690737833595, 1.158683673469388, 1.1905961331901178, 1.2591795918367341, 1.3051802721088437, 1.3562065306122442, 1.42]",4.8,25,-7.2,1.61,1.603
15,"[0.009, 0.01125583090379016, 0.013974254317111426, 0.017459591836734685, 0.02098124655267498, 0.02425832438238449, 0.02833814756671895, 0.032422619047618985, 0.03621858216970988, 0.0419279466888796, 0.04986530612244895, 0.057025674786043444, 0.06818808604522891, 0.0774274973147153, 0.08579699248120293, 0.10014726971869825, 0.10801726844583942, 0.12129042386185215, 0.1346564625850337, 0.14826852846401697, 0.16068877551020383, 0.1736171428571428, 0.1891632653061224, 0.2021258503401358, 0.22015306122448897, 0.24350291545189498, 0.2709395918367345, 0.3036530612244897, 0.34403571428571406, 0.38482574568288824, 0.4338163265306113, 0.4835868591338974, 0.542419152276295, 0.5915780474351902, 0.6353537414965985, 0.698244897959183, 0.7506564625850337, 0.7982267573696142, 0.8374920022062876, 0.8955306122448979, 0.9456472303206994, 0.9973911564625847, 1.0394285714285716, 1.0917659063625447, 1.1421273469387754, 1.186557823129251, 1.2441161695447407, 1.2941338775510207, 1.3447253171538884, 1.397]",4.8,25,-7.2,1.594,1.588
16,"[0.009, 0.010666850523993427, 0.013686938775510197, 0.01660750728862978, 0.02018290335001929, 0.022905976676384894, 0.027185284640171815, 0.031037593984962253, 0.03582423990004171, 0.04132489795918381, 0.048393367346938845, 0.05623897300855829, 0.06452326530612243, 0.07508090379008776, 0.08546616541353388, 0.09652504638218921, 0.10665777080062754, 0.11825477287689257, 0.13049406739439973, 0.1442784256559767, 0.15816326530612243, 0.17067774086378734, 0.18360058309037908, 0.19912414965986402, 0.2190969387755101, 0.23949416909620988, 0.2658808163265306, 0.298931972789116, 0.3319047619047621, 0.38322448979591833, 0.42768367346938757, 0.4850503401360543, 0.5334040816326532, 0.5894353741496599, 0.6284948979591836, 0.6930694980694979, 0.7421870748299315, 0.7859323979591837, 0.8254918367346937, 0.883791310072416, 0.9337959183673473, 0.9714353741496587, 1.0247142857142857, 1.0767762660619802, 1.1248279095421954, 1.1727322448979591, 1.2219258337481333, 1.283221088435374, 1.3350326530612238, 1.39]",4.8,25,-7.2,1.584,1.577
17,"[0.004, 0.005780006918021444, 0.007614751163623335, 0.009567192914901842, 0.011658214801071994, 0.013864593456430232, 0.01608724759745171, 0.018309901738473185, 0.021360176503033738, 0.024672232529375317, 0.029447178871548563, 0.03276889134031979, 0.036773579702151116, 0.04261718235681367, 0.04896428571428553, 0.055676734693877475, 0.06298174006444669, 0.07078231292516948, 0.07989455782312944, 0.08685046382189235, 0.09643049672699272, 0.10604201680672265, 0.11514599686028268, 0.12601091599430475, 0.13663223656809645, 0.14919466248037672, 0.16038932496075278, 0.17285400313971702, 0.19243148688046632, 0.20891836734693828, 0.23073469387755083, 0.2620451895043731, 0.29302354788069046, 0.3275564625850335, 0.37221551020408133, 0.41645864661654114, 0.462578231292516, 0.48955432984004377, 0.5336292517006798, 0.5843036734693872, 0.6245453061224487, 0.6559727891156454, 0.7034285714285715, 0.7411285162713731, 0.7824379905808481, 0.8141020408163259, 0.8766564625850344, 0.920312567132116, 0.9739977324263043, 1.033]",7.2,25,-7.2,1.335,1.33
18,"[0.004, 0.00609014828953163, 0.007604757010717935, 0.009318574887582113, 0.012409674981103512, 0.014373531230674124, 0.017247891156462636, 0.019320463320463332, 0.023022822032038617, 0.024669197911722913, 0.029064708810353397, 0.032712906784335374, 0.03595339216767789, 0.04140693877551004, 0.04738265306122439, 0.05275565361279638, 0.06053982883475989, 0.06806839492553778, 0.07678472679394353, 0.08461474385672636, 0.09373302790503957, 0.10278857142857137, 0.11303346938775498, 0.12182460011031411, 0.13308229098090837, 0.1435588697017269, 0.1547518367346938, 0.16964876476906557, 0.18695428571428563, 0.20097551020408155, 0.22521768707482978, 0.2521551969625058, 0.2851915227629512, 0.31603401360544153, 0.35483673469387733, 0.39981318681318617, 0.4487585034013601, 0.47912973760932925, 0.517964554242749, 0.5671077551020408, 0.6092427497314712, 0.6466462585034014, 0.6856373626373622, 0.730267006802721, 0.7651036106750386, 0.8023787755102041, 0.8507763265306119, 0.9015337519623231, 0.9563673469387711, 1.023]",7.2,25,-7.2,1.328,1.314
19,"[0.004, 0.0048956521739130536, 0.007167938931297724, 0.008740458015267173, 0.011482758620689645, 0.013373737373737354, 0.015662162162162055, 0.019101010101010046, 0.02171999999999976, 0.024553571428571362, 0.027819999999999973, 0.033163265306122264, 0.037258064516128994, 0.042999999999999636, 0.04768421052631583, 0.052918367346938784, 0.06109090909090908, 0.0668769230769231, 0.077, 0.08403225806451606, 0.09236000000000005, 0.09963999999999995, 0.111, 0.12039999999999984, 0.13167999999999996, 0.14278378378378379, 0.1529354838709676, 0.169, 0.1858648648648647, 0.20163999999999985, 0.22233333333333286, 0.2533870967741935, 0.2802799999999999, 0.3143599999999997, 0.3560810810810809, 0.3982631578947367, 0.436, 0.4716153846153847, 0.5122307692307695, 0.5508333333333337, 0.5946129032258062, 0.6312432432432434, 0.6685263157894736, 0.7076486486486485, 0.7464799999999999, 0.7775135135135133, 0.8322972972972971, 0.8676774193548384, 0.9139199999999995, 0.99]",7.2,25,-7.2,1.283,1.27
20,"[0.004, 0.005710480802490576, 0.00728979591836736, 0.008720461868958144, 0.010084447572132347, 0.012567478604345017, 0.015448979591836777, 0.01751292517006801, 0.020624094799210076, 0.02475947521865889, 0.028651086240948, 0.03229361421988164, 0.035920816326530644, 0.04186973512809382, 0.04695428571428571, 0.05469056811913962, 0.05993628670980593, 0.06803309431880851, 0.07494784580498891, 0.08482244897959183, 0.09085469387755099, 0.10223166023166046, 0.10903401360544218, 0.1186988754685548, 0.12908320251177363, 0.14291126885536817, 0.15254801920768335, 0.1684754550468836, 0.18512781954887222, 0.19807354639969188, 0.21987925170068032, 0.24198400441257553, 0.28834693877550954, 0.3160483351235233, 0.36251334379905764, 0.3893314285714283, 0.4271648979591835, 0.45778323221180367, 0.4957676102699141, 0.5417409733124017, 0.5724987755102038, 0.6142755102040817, 0.6501987577639752, 0.691679183673469, 0.7280453514739229, 0.7668877551020401, 0.8174097959183674, 0.854933061224489, 0.9097071152785438, 0.965]",7.2,25,-7.2,1.257,1.244
21,"[0.004, 0.004998763141620288, 0.006485039128433333, 0.008595867976820418, 0.01066687280972993, 0.012893971381656063, 0.0152305570876999, 0.018191763191763157, 0.021582560296845965, 0.024852514201556868, 0.028511020408163366, 0.03249604331528521, 0.036752186588920994, 0.04280584666298955, 0.04766285714285714, 0.054780148423005534, 0.06279377013963497, 0.06989044038668109, 0.07689748457522533, 0.0837024704618689, 0.09097636949516641, 0.09997714285714282, 0.10969217687074828, 0.11944236072807501, 0.12964489795918344, 0.13867346938775485, 0.15376437847866414, 0.1676156462585032, 0.1816355685131194, 0.20104726100966674, 0.22166629895201323, 0.24468391077361157, 0.2894839650145768, 0.3083265306122442, 0.35030612244898013, 0.38948979591836635, 0.4195986394557815, 0.4600521541950111, 0.4992677551020404, 0.5350179591836733, 0.5710081632653057, 0.6048430141287287, 0.6458042328042326, 0.6834180915609483, 0.7239134693877547, 0.7522995918367344, 0.7909150757077025, 0.836129795918367, 0.886630102040816, 0.942]",7.2,25,-7.2,1.229,1.216
22,"[0.002, 0.0045007680491551474, 0.006657142857142955, 0.008675824175824175, 0.011361344537815229, 0.01460248447204981, 0.01855102040816322, 0.021750000000000186, 0.02726285714285717, 0.032228571428571356, 0.03675345622119815, 0.04426190476190474, 0.05170506912442404, 0.06060617760617759, 0.07113999999999994, 0.08017857142857136, 0.08981142857142851, 0.09978857142857152, 0.11008270676691724, 0.12096543778801842, 0.13414285714285745, 0.1471428571428571, 0.15961003861003867, 0.17612030075187948, 0.19233714285714262, 0.2079314285714286, 0.24260439560439548, 0.2704440154440155, 0.3102972972972973, 0.35063095238095227, 0.37757528957528963, 0.43378571428571383, 0.4827104247104246, 0.5243885714285715, 0.5676177606177605, 0.6103199999999998, 0.6673594470046077, 0.7089285714285712, 0.7456703296703295, 0.7874404761904761, 0.8379485714285712, 0.8808571428571427, 0.9288333333333336, 0.9789285714285706, 1.0237032967032966, 1.06815444015444, 1.1194914285714284, 1.1664761904761909, 1.2261467181467183, 1.276]",4.8,25,-7.2,1.481,1.46
23,"[0.003, 0.004855834641548925, 0.007223396501457774, 0.009680588514475574, 0.013166893424036296, 0.016157312925170128, 0.020861224489795927, 0.025332142857142893, 0.031085034013605482, 0.03718367346938774, 0.04448063306955439, 0.0520644897959182, 0.06020244897959199, 0.06870375246872946, 0.07728571428571426, 0.0869888084265965, 0.09864653061224471, 0.10741679748822615, 0.1184897959183673, 0.12849586321014886, 0.14538389409817984, 0.15595238095238084, 0.17416801139060276, 0.18729883381924195, 0.21340489795918363, 0.23559510204081635, 0.26377636054421766, 0.304226696083839, 0.33435907335907344, 0.3819134031991174, 0.41402354788069085, 0.4674336734693877, 0.5111265306122449, 0.5356767346938776, 0.593361394557823, 0.6390571428571427, 0.6793639455782304, 0.7152775510204081, 0.763754443712969, 0.8016579591836734, 0.8422081632653059, 0.8851991836734693, 0.9271224489795921, 0.9676314035818407, 1.0095689795918366, 1.0515093710953767, 1.1011334379905804, 1.1497395918367346, 1.2004268707482992, 1.246]",4.8,25,-7.2,1.46,1.446
24,"[0.003, 0.005279789335088861, 0.007564625850340121, 0.010585034013605313, 0.014022383146807137, 0.017374693877551032, 0.021961632653061194, 0.02721865889212828, 0.033071020408163315, 0.03943408714837289, 0.04779646993932716, 0.054416012558869825, 0.06036054421768724, 0.07107948442534938, 0.08075428571428554, 0.08748408163265298, 0.09911836734693856, 0.11012074829931963, 0.12221787093215661, 0.1325436734693877, 0.14582312925169935, 0.15665142857142855, 0.1726640502354786, 0.1918391836734692, 0.21502721088435317, 0.2455934693877551, 0.2706253644314868, 0.30437469387755084, 0.3445714285714284, 0.3893403790087463, 0.42668367346938757, 0.4739064625850338, 0.5051193092621663, 0.5520187074829931, 0.6012318367346937, 0.6357321428571425, 0.6756897959183671, 0.7161869829012686, 0.7508073469387755, 0.7986353741496597, 0.8319183673469381, 0.8831343537414965, 0.9206593406593404, 0.9643045525902666, 0.9939387755102036, 1.0354614512471654, 1.0807991836734692, 1.1285606874328677, 1.1796848072562358, 1.236]",4.8,25,-7.2,1.443,1.432
25,"[0.002, 0.00485551020408163, 0.00617306122448986, 0.009749886621315177, 0.013387755102040778, 0.017018552875695744, 0.021561224489796013, 0.025544401544401456, 0.030956550362080303, 0.037989171178675556, 0.045611693325979016, 0.05167015995587421, 0.06055836734693867, 0.06935466078323213, 0.07819047619047617, 0.08584589754269051, 0.09632944606413961, 0.10639888682745814, 0.12057823129251681, 0.12932507288629738, 0.1432715855572996, 0.15389714285714282, 0.16998367346938775, 0.18529067843353553, 0.21414128728414433, 0.23717346938775488, 0.2692074829931968, 0.304568027210884, 0.3385918367346931, 0.374897959183673, 0.41574574829931954, 0.4518024489795917, 0.5037864992150703, 0.5358555102040816, 0.5878792517006799, 0.6270187969924811, 0.6619102040816318, 0.7075433673469385, 0.7420546056260339, 0.7861821036106749, 0.818147108843537, 0.8683077771649201, 0.9066043956043957, 0.9505400313971741, 0.9756819727891158, 1.0227244897959182, 1.0628604081632649, 1.10794693877551, 1.1660697278911558, 1.214]",4.8,25,-7.2,1.426,1.421
26,"[0.002, 0.004690585911784099, 0.00615536537195524, 0.009608009241432403, 0.012745306122449045, 0.016446712018140665, 0.021561224489796006, 0.025124423963133746, 0.030976300197498283, 0.037720904578047394, 0.045511870054144046, 0.053418643132928795, 0.06013237727523438, 0.06833124018838287, 0.076984962406015, 0.08384489795918368, 0.0968403790087463, 0.10639755102040818, 0.11749387755102038, 0.13029251700680286, 0.14068850698174, 0.15327472527472524, 0.1694149659863947, 0.1873910204081633, 0.2120612244897959, 0.23584816326530622, 0.25868658892128255, 0.2982116004296453, 0.33603296703296676, 0.38112244897959174, 0.4205518707482992, 0.4604230557087699, 0.5004662480376764, 0.5434721456150028, 0.5752751020408162, 0.6238869047619043, 0.6586687598116163, 0.7038418367346931, 0.7410204081632653, 0.778517660910518, 0.8150552721088431, 0.8566224489795914, 0.8984725274725273, 0.9357080062794335, 0.97354648526077, 1.0178537414965982, 1.0646620408163259, 1.1068602825745677, 1.154098639455781, 1.207]",4.8,25,-7.2,1.417,1.406
27,"[0.003, 0.0038897594752186483, 0.007005775895263707, 0.009514812376563483, 0.01363593294460637, 0.016866562009419127, 0.021836734693877455, 0.02686285714285703, 0.033737959183673116, 0.039755102040816365, 0.04543647136273868, 0.05361469387755101, 0.060435374149659805, 0.07042229199372055, 0.07924571428571428, 0.08848299319727872, 0.09813795918367343, 0.10778654164368448, 0.11919020408163257, 0.13080015402387368, 0.14120489795918356, 0.1556130952380951, 0.17121045918367328, 0.19508055853920503, 0.2170374149659864, 0.2392210884353741, 0.2669149659863947, 0.310465306122449, 0.3542457142857143, 0.3784965986394558, 0.4251957517700958, 0.4628537414965986, 0.5008318367346937, 0.5436840816326529, 0.5851224489795914, 0.6181503759398496, 0.6601759514616656, 0.7002865306122449, 0.729639236339697, 0.7791207942636513, 0.8036282404853831, 0.8561519871106336, 0.896201058201058, 0.9352865306122449, 0.9761493877551016, 1.0191755102040814, 1.0460867346938767, 1.1031411564625846, 1.147391156462585, 1.195]",4.8,25,-7.2,1.401,1.392
28,"[0.002, 0.0051876234364713536, 0.006742543171114523, 0.010315918367346924, 0.013390612244897966, 0.017779081632652943, 0.022465986394557626, 0.02818681318681323, 0.03353186172428157, 0.040907755102040776, 0.04660341974627683, 0.053746598639455856, 0.06243014128728386, 0.0706889795918367, 0.07777992277992278, 0.08796998799519787, 0.09732763375620512, 0.1069867622724766, 0.11698025016458188, 0.13216040816326521, 0.14210884353741488, 0.15504761904761916, 0.17224319727891113, 0.19039246467817844, 0.21413469387755105, 0.24055265306122436, 0.2726067291781577, 0.30875680272108846, 0.34634857142857145, 0.37969387755102035, 0.43045890788747926, 0.46066448979591845, 0.5110204081632649, 0.533979591836734, 0.5729591836734694, 0.6238571428571429, 0.6505646258503405, 0.6912563265306121, 0.7274875896304466, 0.7684113029827316, 0.8071844897959182, 0.8434496379196837, 0.8856761904761904, 0.9277670068027207, 0.9637069387755096, 1.0053527696793005, 1.0345843179377012, 1.0746570111915734, 1.1255612244897957, 1.183]",4.8,25,-7.2,1.388,1.376
29,"[0.003, 0.005841758241758191, 0.007345622119815695, 0.011045918367346953, 0.01502090592334499, 0.019196911196911238, 0.02335944700460835, 0.02945945945945949, 0.03573809523809526, 0.043362934362934424, 0.04738095238095249, 0.05508673469387757, 0.06225274725274743, 0.06988285714285716, 0.07891999999999982, 0.08783388704318931, 0.09872619047619025, 0.10954761904761878, 0.1201142857142856, 0.12918796992481174, 0.1416914285714283, 0.15817073170731702, 0.17703571428571416, 0.1928021978021974, 0.22223166023166022, 0.24238095238095214, 0.283102857142857, 0.30696428571428563, 0.34584, 0.38631746031746006, 0.4261190476190471, 0.4499428571428572, 0.5024742857142857, 0.540172932330827, 0.569091428571428, 0.6114999999999995, 0.6377142857142856, 0.6846285714285713, 0.7144285714285711, 0.7596190476190475, 0.7994404761904761, 0.8294835164835159, 0.8646666666666661, 0.9052087912087907, 0.9408791208791202, 0.9822142857142855, 1.0237857142857139, 1.0596071428571423, 1.120277992277992, 1.161]",4.8,25,-7.2,1.373,1.364
30,"[0.003, 0.00587437641723354, 0.007691215616681499, 0.011041632653061186, 0.014849911618190569, 0.019394557823129294, 0.023712674543501656, 0.028457142857142768, 0.03580474351902922, 0.04210703873386082, 0.04697877551020409, 0.05646530612244916, 0.06411297376093289, 0.07069501133786843, 0.07982142857142854, 0.08764816326530615, 0.09704289879216982, 0.1079159183673468, 0.11844979591836736, 0.12916734693877557, 0.14091156462585036, 0.15469047619047588, 0.17321938775510193, 0.1956475455046883, 0.21380665950590752, 0.24262693877551006, 0.27604163265306103, 0.30920734693877544, 0.34148083623693376, 0.39108489795918333, 0.421416326530612, 0.4586462585034012, 0.49512816326530595, 0.5299081632653061, 0.5653994169096215, 0.5977100840336135, 0.6270889212827986, 0.6787363945578225, 0.7077673469387753, 0.7450442176870747, 0.7848231292517007, 0.8165557299843011, 0.8612417582417581, 0.8988398744113031, 0.9264350161117079, 0.9674760066188638, 1.0099167346938769, 1.043852244897959, 1.0889421768707472, 1.138]",4.8,25,-7.2,1.36,1.349
31,"[0.003, 0.0048820408163265305, 0.007135354141656647, 0.010012244897959235, 0.013409050576752315, 0.0176462585034013, 0.02301974983541812, 0.02790476190476188, 0.03315265306122441, 0.03989139941690966, 0.04451210251542476, 0.052778061224489754, 0.05950935374149654, 0.06877721088435373, 0.07651428571428574, 0.08467185821697099, 0.09231073074391048, 0.10426938775510193, 0.11534693877551018, 0.12339755102040822, 0.13561421988150094, 0.1488496240601503, 0.16777040816326508, 0.1890578231292514, 0.20661795918367346, 0.23550268528464002, 0.2647003222341567, 0.29428885400313937, 0.3209924812030075, 0.37149659863945567, 0.4077584114726971, 0.44800653061224494, 0.4862506122448979, 0.5232693877551018, 0.5610187755102041, 0.5895982142857142, 0.6136269387755103, 0.6599654631083192, 0.690159863945578, 0.7326391836734694, 0.76934425349087, 0.7977653061224493, 0.8365476190476184, 0.8730298273155412, 0.9087908163265304, 0.9512636734693877, 0.9900155102040817, 1.026507064364206, 1.0794914965986393, 1.12]",4.8,25,-7.2,1.339,1.337
32,"[0.003, 0.005622276029055647, 0.007094285714285738, 0.009984693877551066, 0.013624697336561704, 0.017393822393822478, 0.022679723502304176, 0.027360000000000058, 0.03347876447876456, 0.039518796992481245, 0.04469047619047624, 0.05118681318681322, 0.05890225563909777, 0.06653142857142864, 0.07670967741935464, 0.08395428571428562, 0.09345238095238048, 0.10358116883116875, 0.11453714285714277, 0.12480398671096334, 0.13369142857142832, 0.15122580645161282, 0.16814285714285673, 0.1877857142857138, 0.20371428571428554, 0.23222119815668193, 0.2641978021978019, 0.2919642857142856, 0.3303214285714285, 0.3700583090379008, 0.4050595238095236, 0.42876190476190496, 0.4737371428571428, 0.519262857142857, 0.5581758241758232, 0.5856874999999996, 0.6177142857142855, 0.6566285714285712, 0.6860952380952369, 0.7283095238095236, 0.7691705069124424, 0.797483516483516, 0.8310526315789467, 0.8717942857142856, 0.9058791208791203, 0.947622857142857, 0.9774470046082949, 1.0252142857142847, 1.069541353383458, 1.117]",4.8,25,-7.2,1.329,1.311
33,"[0.004, 0.005648063306955452, 0.008785922532278185, 0.011877551020407785, 0.01652081632653068, 0.02039551020408168, 0.02505466472303214, 0.02960571428571428, 0.036676778819635936, 0.04139591836734695, 0.04791476590636233, 0.05631465677179966, 0.062009419152276604, 0.07071750805585389, 0.07696138996139, 0.08744387755102039, 0.09700326530612238, 0.1065902668759809, 0.11462304921968791, 0.12446883618312195, 0.13948408163265308, 0.15610424710424708, 0.17188435374149644, 0.190389387755102, 0.21172303206997087, 0.23479855167873617, 0.2758178963893251, 0.2957942636514065, 0.33271428571428585, 0.37289993416721523, 0.4098522448979591, 0.45116326530612244, 0.4814097331240191, 0.5107545504688362, 0.5466127964699392, 0.5870772200772197, 0.6166819727891159, 0.6504897959183671, 0.6858951762523193, 0.7152414965986386, 0.7388974076116933, 0.7811183673469385, 0.823119047619047, 0.8575612244897961, 0.8863707482993191, 0.9309931972789114, 0.9690236998025016, 1.004114599686028, 1.0494339419978516, 1.096]",4.8,25,-7.2,1.307,1.3
34,"[0.003, 0.004481992797118904, 0.007178747361013389, 0.009943877551020771, 0.013322820037105873, 0.018321014892443574, 0.022633969716919035, 0.027671814671814843, 0.034021892393320964, 0.03881959183673474, 0.04372969596001666, 0.05187003222341581, 0.05894217687074824, 0.06605692803437167, 0.0744940476190476, 0.08341265306122453, 0.09227265306122431, 0.10236076366030293, 0.11030455259026672, 0.12146938775510217, 0.1361554160125589, 0.14602197802197805, 0.16632244897959172, 0.17875234418091565, 0.20756645097063206, 0.2341882086167801, 0.25796653061224484, 0.29564318630678077, 0.31563492063492044, 0.36581959183673474, 0.3947639271924986, 0.42892006802721083, 0.4746360544217684, 0.5039659863945578, 0.5386139455782312, 0.5709714285714279, 0.5957967346938775, 0.6375682888540031, 0.6724587755102042, 0.7057099892588621, 0.7369608163265303, 0.7665836734693875, 0.8149670329670332, 0.8386277551020401, 0.8860843905129618, 0.9138163265306121, 0.9546530612244897, 0.9879081632653061, 1.0342889795918364, 1.078]",4.8,25,-7.2,1.295,1.281
35,"[0.003, 0.005814351547070444, 0.007040816326530847, 0.010405976676384848, 0.014946831364124585, 0.01840188383045525, 0.02340962099125374, 0.02764055299539172, 0.03271673469387756, 0.03818367346938795, 0.04460544217687103, 0.05162640566430656, 0.05924744897959189, 0.06618187274909967, 0.07128571428571417, 0.08181387755102026, 0.09094373965802531, 0.09980653061224487, 0.1096583278472679, 0.12063775510204058, 0.1329167974882259, 0.14572571428571424, 0.16499102040816316, 0.18730446773303916, 0.20388848396501452, 0.2336448979591836, 0.26260452289023717, 0.2943010204081632, 0.31879428571428564, 0.36441092112520673, 0.3916277551020409, 0.42136151603498534, 0.46415075707702436, 0.49284693877550956, 0.5388877551020408, 0.5607142857142852, 0.5962346938775507, 0.6277248979591835, 0.6711180758017494, 0.6920918367346925, 0.7250612244897959, 0.763281632653061, 0.7978228571428574, 0.832688775510204, 0.8598979591836737, 0.9008367346938774, 0.935330612244898, 0.9785804081632651, 1.0187295918367345, 1.066]",4.8,25,-7.2,1.277,1.27
36,"[0.003, 0.0041435860058309055, 0.006365491651205962, 0.010000987491770863, 0.01280908492429234, 0.017277551020408163, 0.021124897959183736, 0.02558471760797339, 0.030825213956550353, 0.036911860396332284, 0.04101700680272128, 0.05009762824048539, 0.05708979591836731, 0.0630884353741489, 0.07046082949308755, 0.07857584114726966, 0.08727721088435372, 0.09756943753111004, 0.1071279646993932, 0.1183755102040816, 0.12923200859291084, 0.13993650793650755, 0.1585748299319727, 0.1788724489795917, 0.2021960641399417, 0.22058503401360494, 0.25824489795918365, 0.276990837151187, 0.31462285714285715, 0.34892231731402235, 0.37886342229199366, 0.4159717425431708, 0.45133224489795903, 0.4868938775510201, 0.5231761546723951, 0.5509085714285713, 0.5871972789115645, 0.6180204081632653, 0.6560861678004535, 0.6818147566718988, 0.7164846938775509, 0.7465348639455779, 0.7867142857142856, 0.8144948979591838, 0.8571864313292884, 0.8940479591836735, 0.9264948979591832, 0.9640767346938772, 0.9962890059249501, 1.05]",4.8,25,-7.2,1.266,1.252
37,"[0.003, 0.005157357679913936, 0.008441522762951313, 0.012024704618689467, 0.014771560236998025, 0.01894043022614445, 0.024023093447905427, 0.028482625482625448, 0.032806122448979055, 0.03734693877551005, 0.044445839874411044, 0.0497155102040816, 0.05830040816326498, 0.06522938775510202, 0.07394857142857132, 0.08087188208616751, 0.08972278911564627, 0.09696359624931042, 0.10730272108843535, 0.11971768707482977, 0.13017687074829926, 0.1473968253968252, 0.16171258503401328, 0.18125510204081594, 0.20914327363598487, 0.2354716553287981, 0.25928938775510196, 0.28742993197278915, 0.3217023809523807, 0.35811734693877534, 0.3775510204081633, 0.42015499172642, 0.4541122448979592, 0.48912715855573, 0.5216476906552094, 0.5478721804511278, 0.5785588697017264, 0.6094897959183672, 0.6419065520945222, 0.6812881632653061, 0.7002680639823494, 0.7406865306122448, 0.7785494505494506, 0.8090048979591838, 0.8393681632653058, 0.880034891375905, 0.9103006067291779, 0.9465306122448978, 0.9768350340136052, 1.033]",4.8,25,-7.2,1.244,1.236
38,"[0.003, 0.0048564139941690045, 0.007799092970521532, 0.010680988184747513, 0.014236734693877599, 0.01829453943739653, 0.023008549365692205, 0.02823428571428568, 0.03325201708590404, 0.03813629737609321, 0.04362083780880754, 0.04895002082465637, 0.05675671321160031, 0.06345877551020404, 0.07189714285714263, 0.08014775510204057, 0.08852862120457936, 0.0968922448979588, 0.10577385548814115, 0.11386448979591832, 0.12590612244897945, 0.14514285714285707, 0.15972408163265278, 0.18025510204081593, 0.20358503401360495, 0.23247165532879813, 0.2610587755102039, 0.2814743653558984, 0.3058571428571427, 0.35311734693877533, 0.38453231292517004, 0.4117205651491362, 0.4481122448979592, 0.4800105332455563, 0.515946624803768, 0.5421071428571428, 0.5715588697017264, 0.6034897959183672, 0.6361711145996862, 0.6710633727175078, 0.6903072255929398, 0.7365435016111701, 0.7622857142857142, 0.7980174927113709, 0.8314081632653061, 0.8662520408163265, 0.9040032223415678, 0.9327755102040817, 0.9708350340136052, 1.021]",4.8,25,-7.2,1.225,1.211
39,"[0.002, 0.003978055738424342, 0.00678549717759432, 0.010018775510203994, 0.012159955874241606, 0.015977509371095353, 0.020092373791621706, 0.02472886297376082, 0.02896856039713174, 0.034540238737004236, 0.04044583987441105, 0.04689795918367342, 0.05415020408163249, 0.05922938775510202, 0.06794857142857133, 0.0733127057274521, 0.08330976676384837, 0.0898922448979588, 0.101145306122449, 0.11171768707482978, 0.12088265306122449, 0.1372857142857142, 0.15086204081632637, 0.17225510204081593, 0.19628081632653036, 0.22141496598639432, 0.24338077336197628, 0.2706946064139942, 0.2938571428571427, 0.3421173469387754, 0.37353231292517003, 0.40372056514913623, 0.4361122448979592, 0.4667730612244898, 0.4879684601113174, 0.5272142857142855, 0.5597647690655202, 0.5878838304552579, 0.61965889212828, 0.6543440233236139, 0.6799372056514914, 0.7203971742543167, 0.7515494505494505, 0.7820188383045532, 0.8137849293563576, 0.8495040816326528, 0.8870016111707839, 0.9122016326530612, 0.9594008163265305, 0.996]",4.8,25,-7.2,1.209,1.204
40,"[0.002, 0.004695285010555944, 0.006460906440498305, 0.008636603028308078, 0.011999341672152854, 0.01622907122032487, 0.020313241575700105, 0.024394285714285757, 0.028498299319727836, 0.032861307788421515, 0.03941383219954645, 0.04534307777164928, 0.05243042671614096, 0.05869469387755118, 0.06703861003861, 0.074, 0.08298744113029854, 0.08873414230557082, 0.09681632653061237, 0.10843716433942, 0.11834985422740527, 0.13635714285714293, 0.15103750689464968, 0.16670987313844457, 0.19351962323390876, 0.22017687074829928, 0.23633469387755093, 0.2680408163265308, 0.28926857142857126, 0.33584408163265306, 0.37207280750137894, 0.39435321821036085, 0.4277566718995291, 0.4626032653061225, 0.4953142087023489, 0.5214228571428571, 0.550587127158555, 0.5826970172684455, 0.6129486016628877, 0.647700156985871, 0.6715070643642072, 0.704601632653061, 0.7372114285714282, 0.7618775510204085, 0.8026438983756768, 0.8392255102040815, 0.8692771213748656, 0.9056604081632653, 0.9337705727452271, 0.989]",4.8,25,-7.2,1.196,1.182
41,"[0.003, 0.005777864992150842, 0.007287414965986609, 0.010266938775510366, 0.013181300427147642, 0.018326530612245005, 0.023024052478134115, 0.026190476190476243, 0.03034167215273205, 0.03647475832438248, 0.04193959183673482, 0.048138775510204075, 0.05356828885400284, 0.061153061224490025, 0.06740571428571426, 0.07555697278911569, 0.08426530612244958, 0.09071265306122453, 0.10067873601053332, 0.11094348508634207, 0.11949959183673477, 0.14057142857142838, 0.1515337519623235, 0.16763520408163254, 0.1981415404871626, 0.22324803767660914, 0.2428063982349697, 0.27420244897959184, 0.2936904761904762, 0.33195918367346916, 0.3627495863210149, 0.3982465986394555, 0.4255525902668758, 0.4524163265306123, 0.48870408163265316, 0.5151085714285711, 0.5427817896389322, 0.5763843537414968, 0.604421768707483, 0.6339902040816323, 0.6672482993197276, 0.6995170068027212, 0.733071428571428, 0.7576088435374141, 0.7828292158968846, 0.825637755102041, 0.8532803437164339, 0.8846577708006281, 0.9289812925170062, 0.968]",4.8,25,-7.2,1.175,1.167
42,"[0.004, 0.006240935209035093, 0.008375068946497543, 0.010184660961158765, 0.01350689464975169, 0.015482086167800377, 0.017466629895201237, 0.02162755102040808, 0.02440233236151605, 0.028016034985422718, 0.031178302900107487, 0.03536653061224482, 0.03966122448979586, 0.044784489795918134, 0.04788704318936875, 0.05316094619666047, 0.057405956977385555, 0.06162943071965637, 0.06866740209597327, 0.07391968400263307, 0.07978204081632621, 0.08697714285714281, 0.09333805134957197, 0.10306497292794667, 0.1133624489795918, 0.12233632653061163, 0.13176906552094503, 0.14561734693877534, 0.15994047619047605, 0.17934222919937176, 0.2003877551020407, 0.2160926216640499, 0.2350042964554244, 0.25438147566718977, 0.2802928847214563, 0.29982706766917233, 0.3245518367346936, 0.345298775510204, 0.36945387755101994, 0.38876906552094503, 0.4146822157434399, 0.4348741496598642, 0.45837451737451734, 0.4851820187534471, 0.5058843537414964, 0.5217038733860889, 0.5495382312925171, 0.5714339419978511, 0.6000448979591837, 0.627]",7.2,25,-7.2,0.819,0.828
43,"[0.004, 0.005774337321135316, 0.007497052154194987, 0.009759710335747239, 0.012404644616467276, 0.014545753785385068, 0.017888355342136807, 0.020458128078817774, 0.023111915734035544, 0.02823760932944603, 0.030943618125216198, 0.03436081632653052, 0.038521120075937276, 0.04243148688046637, 0.04742857142857138, 0.05017926089354655, 0.05530362349021233, 0.05952007899934162, 0.06576134943773425, 0.07149877551020378, 0.07588081632653021, 0.08247490347490337, 0.08832819658475617, 0.09388352414136378, 0.10660204081632549, 0.11481551020408175, 0.12177771649200214, 0.13452193877551022, 0.14702380952380956, 0.164321922317314, 0.17798731384445626, 0.2010657043305127, 0.21331292517006684, 0.22504734693877568, 0.2578097959183671, 0.2788455598455598, 0.302701530612244, 0.32618367346938765, 0.3476391836734693, 0.37102332361515983, 0.39239517625231846, 0.418421768707483, 0.43880219780219676, 0.45975124103695525, 0.4823665306122443, 0.5053412244897958, 0.5208209348255429, 0.5554081632653064, 0.5807725947521866, 0.613]",7.2,25,-7.2,0.804,0.802
44,"[0.004, 0.005564213564213542, 0.006946731234866791, 0.009006144393241275, 0.010671274961597615, 0.01400386100386107, 0.016126984126984146, 0.01867272727272723, 0.02198156682027646, 0.0260317460317461, 0.028867346938775556, 0.03239610389610389, 0.03607047619047622, 0.04070099667774084, 0.04364615384615394, 0.04793087557603686, 0.05342346938775506, 0.05777220077220076, 0.06357142857142851, 0.0666571428571428, 0.07345112781954888, 0.07854838709677414, 0.08585253456221195, 0.0905795148247978, 0.09971428571428509, 0.10644239631336404, 0.1175864661654136, 0.12724175824175807, 0.14116666666666627, 0.15647619047618933, 0.171382857142857, 0.18871428571428508, 0.20919815668202763, 0.21952571428571452, 0.2515952380952372, 0.2678400000000001, 0.288801020408163, 0.31282142857142853, 0.33802380952380884, 0.3641485714285714, 0.38281904761904756, 0.4020952380952376, 0.42530769230769216, 0.44301714285714255, 0.47326857142857115, 0.5022628571428573, 0.5170115830115829, 0.5467857142857139, 0.567934065934065, 0.6]",7.2,25,-7.2,0.784,0.777
45,"[0.004, 0.006711370262390461, 0.008458854509545723, 0.010166783954961213, 0.012619325281132741, 0.014479818594104205, 0.017380408163265297, 0.02152995391705054, 0.023820187534473222, 0.02818163265306115, 0.030151564625850273, 0.03360939724727082, 0.03684081632653049, 0.04113910870470609, 0.04510204081632643, 0.04986204081632623, 0.05388192419825069, 0.0580244897959182, 0.062342956694872956, 0.06707482993197232, 0.07352244897959173, 0.07805069124423931, 0.08386734693877522, 0.0914946938775504, 0.09990717577353515, 0.11007064364207148, 0.11742581356867066, 0.12726530612244746, 0.14116589861751144, 0.15552068394925517, 0.17277708006279371, 0.18886361373817823, 0.20475196232339077, 0.22402551020408137, 0.2473422291993712, 0.2615238095238092, 0.28931711145996825, 0.30549659863945455, 0.32635183673469353, 0.35452564809707676, 0.3723945578231291, 0.401321922317314, 0.4156057142857139, 0.4329993416721527, 0.45887265306122454, 0.48743485086342153, 0.5072495062541139, 0.5260125588697014, 0.5580901360544218, 0.587]",7.2,25,-7.2,0.769,0.765
46,"[0.004, 0.0063482469911041355, 0.007408492429229709, 0.00863693219223171, 0.011367046818727456, 0.01456693185748861, 0.016599744897959165, 0.019198156682027647, 0.021828821324448088, 0.024898775510204096, 0.02969387755102048, 0.03248033847685413, 0.03499868334430542, 0.03906067291781563, 0.04254945054945044, 0.04888936627282499, 0.05214448979591819, 0.05671102040816326, 0.060485524442335105, 0.06644816326530592, 0.07221591836734682, 0.07689285714285711, 0.08192388306674009, 0.09005266622778131, 0.09546605581007914, 0.10705233706385761, 0.11526857142857147, 0.12603805846662985, 0.13547104247104205, 0.14678911564625813, 0.1682565597667647, 0.1825692222835079, 0.19876897959183648, 0.2143979591836731, 0.23763775510203985, 0.2646691729323306, 0.2799198250728862, 0.29902040816326153, 0.32070448979591776, 0.34056122448979537, 0.36328979591836713, 0.3847221350078484, 0.4056679536679537, 0.4309311817750356, 0.45153061224489716, 0.46775510204081616, 0.4947925170068025, 0.5158911564625843, 0.5467282491944145, 0.57]",7.2,25,-7.2,0.753,0.745
47,"[0.004, 0.0063771786086697525, 0.007469685684492741, 0.010365140650854933, 0.012372647760402785, 0.014786043449637971, 0.017287825475017546, 0.01999350649350648, 0.02268615554329841, 0.026376093294460577, 0.02904883381924194, 0.03196751353602648, 0.03638841342988807, 0.03876546310832012, 0.04434693877551015, 0.04851627137341429, 0.051934194085797566, 0.056314599686028186, 0.06064489795918342, 0.06601416076634728, 0.07047214561500256, 0.07703474903474887, 0.08112876579203114, 0.08576979591836717, 0.09438279095421949, 0.103659863945578, 0.1116604081632651, 0.1244473469387751, 0.13330827067669168, 0.14907004964147755, 0.16118367346938783, 0.17742419825072872, 0.19139795918367342, 0.21322234156820566, 0.23490816326530678, 0.2564055299539168, 0.2762602040816324, 0.293329931972789, 0.3163163265306123, 0.33554421768707415, 0.3585698587127144, 0.3812083780880775, 0.3934092664092663, 0.4188637617209044, 0.43708740854832506, 0.4640529509100934, 0.4824171428571417, 0.5017191836734687, 0.527752468729427, 0.561]",7.2,25,-7.2,0.737,0.731
48,"[0.004, 0.005720384705606393, 0.0072762317048030625, 0.008788084930942037, 0.011235125035929792, 0.013487346938775534, 0.016194206714943964, 0.0189942857142857, 0.022635286372613618, 0.02577691766361707, 0.02821157850895457, 0.03095697738554859, 0.0347953181272509, 0.038213539074166095, 0.04188629737609323, 0.046218974076116894, 0.05039375750300116, 0.05413627386438447, 0.05827920104211888, 0.06434277384423152, 0.06886672219908364, 0.07416602316602304, 0.07805871271585561, 0.0857626208378084, 0.0915901360544217, 0.1016138996138994, 0.10833694294044142, 0.11997851772287838, 0.12865413533834585, 0.14404421768707407, 0.15673524544953105, 0.17343764172335566, 0.1871910204081632, 0.20586342229199256, 0.22729453943739675, 0.2495028571428569, 0.2642897959183671, 0.2873210148924433, 0.3073163265306123, 0.32838605442176827, 0.3493799058084763, 0.36861117078410327, 0.38268253968253907, 0.4016438446346277, 0.4291908163265307, 0.4560544217687071, 0.4721241496598636, 0.4903147153598269, 0.5166065306122449, 0.548]",7.2,25,-7.2,0.723,0.716
49,"[0.004, 0.005088931923134222, 0.006329288472145741, 0.008412113232389789, 0.010685603971318366, 0.012614338042909536, 0.016110913930789724, 0.019005291005291074, 0.021704810495626847, 0.024407568852783806, 0.027214009928295663, 0.029447905477980575, 0.0337613494377345, 0.03627146707739695, 0.040880952380952115, 0.04423510204081632, 0.04799529042386204, 0.05283949255377833, 0.056252244897959214, 0.06064264889629314, 0.06624416909620992, 0.07033640552995392, 0.07712244897959217, 0.08090379008746354, 0.09070821842250407, 0.09813814756671914, 0.10511102040816304, 0.11582993197278937, 0.12288571428571439, 0.1369773855488141, 0.15494040816326513, 0.16839115646258593, 0.18357669519420697, 0.20073312401883828, 0.21492222835079983, 0.23849450549450496, 0.25862277814351553, 0.27836305048335114, 0.2967210884353743, 0.32077040816326435, 0.34418693877550993, 0.36107183673469306, 0.3738894009216588, 0.39359183673469383, 0.41936005830903783, 0.44117061224489756, 0.4627780612244891, 0.4774495311638169, 0.5094815223386652, 0.534]",7.2,25,-7.2,0.713,0.707
50,"[0.005, 0.006645706931421215, 0.007976098547527125, 0.009559359227561981, 0.010881767583066285, 0.013030612244897858, 0.016316863587540278, 0.019046428571428558, 0.02210430839002268, 0.023745124716553226, 0.027494693877550932, 0.03040026333113874, 0.034339717425431654, 0.036722820037105836, 0.04157714285714302, 0.04534110787172016, 0.04899643666990608, 0.052307322929171673, 0.05742427497314721, 0.062041765543426615, 0.06802938775510195, 0.07203007518796999, 0.07740136054421773, 0.08522283507997791, 0.09160653061224469, 0.09609667024704613, 0.10469782751810387, 0.11621598639455762, 0.12640476190476133, 0.13818122448979622, 0.14904408163265329, 0.16479510204081632, 0.17537859225322786, 0.19572897959183694, 0.21569970845481073, 0.23836428571428578, 0.25468707482993214, 0.27820837808807725, 0.2944659863945582, 0.3144050235478806, 0.33576452119309297, 0.35479673469387724, 0.366699248120301, 0.3914965986394553, 0.4106612244897958, 0.4271632653061212, 0.4526730528946271, 0.47766562009419145, 0.49552721088435353, 0.526]",7.2,25,-7.2,0.692,0.684
51,"[0.003, 0.005223334616865651, 0.006616480554485956, 0.008911078717201072, 0.010398959583833507, 0.012737175951461645, 0.015720816326530575, 0.01785422740524778, 0.02022312925170064, 0.022630019749835324, 0.025288529204785304, 0.027987921699291925, 0.031949255377826564, 0.03551919750951235, 0.03927551020408172, 0.04378204081632657, 0.047336197636949455, 0.05072344856309875, 0.055140099282956524, 0.05975124103695533, 0.0642172481895984, 0.06770935960591132, 0.07370068027210887, 0.07965959183673457, 0.08680326530612233, 0.09243537414965981, 0.10050040816326505, 0.10943197278911523, 0.11842436974789901, 0.13214122448979598, 0.142555185339442, 0.1606564625850344, 0.16787102040816343, 0.18672897959183693, 0.20725778732545663, 0.22942857142857123, 0.24768707482993213, 0.2651583673469387, 0.2842329931972788, 0.30417061224489794, 0.3237399605003291, 0.3464353741496592, 0.3614360902255634, 0.3748367346938774, 0.4039387755102035, 0.4224122448979589, 0.441766967252017, 0.4676656200941915, 0.4835272108843535, 0.513]",7.2,25,-7.2,0.685,0.679
52,"[0.005, 0.0057379921665636005, 0.007385954381752705, 0.009087159863945605, 0.01079040264754545, 0.01384918367346935, 0.016055810079133735, 0.01865201465201466, 0.02107046592221802, 0.023138236426646194, 0.02556662665066021, 0.028252701080432173, 0.03293497864261985, 0.03595918367346938, 0.03989861751152081, 0.043779371207942744, 0.04668313641245949, 0.04983271054900822, 0.056059569773855546, 0.0600042964554243, 0.06572684458398727, 0.06821198156682041, 0.07308590412909334, 0.0806563265306122, 0.08727320605661615, 0.09601711652402896, 0.09954557823129226, 0.11127551020408193, 0.12103296703296641, 0.1303820408163265, 0.14618715778994537, 0.15729178157749546, 0.16565039929015052, 0.19138775510203987, 0.20645687952600364, 0.22681904761904756, 0.24217632653061172, 0.26534908700322224, 0.27994387755102007, 0.29185879757308336, 0.3194759183673467, 0.33545227123107324, 0.35577880184331806, 0.3742721088435376, 0.39490670553935836, 0.4136604081632647, 0.4385453061224485, 0.4589042386185239, 0.48465646258503364, 0.504]",7.2,25,-7.2,0.673,0.669
53,"[0.005, 0.005959183673469394, 0.00847042545831888, 0.010616467276565867, 0.012270232230823448, 0.01392399718508096, 0.016427913100724056, 0.020466800804829093, 0.02246693877551029, 0.024672045562411052, 0.027399605003291642, 0.030583090379008884, 0.033897959183673484, 0.036232008592911064, 0.040396313364055296, 0.044846401718582445, 0.047471188475390245, 0.051596734693877655, 0.05571012078300707, 0.06009150757077041, 0.06501718582169744, 0.06968907563025224, 0.07430019749835412, 0.08269897959183727, 0.087962448979592, 0.09469256089532592, 0.10423200859291083, 0.11114775510204108, 0.11890285714285728, 0.1343689795918369, 0.1425601389491968, 0.15545578231292567, 0.16344023323615273, 0.1876783673469388, 0.20273136193252808, 0.22606857142857156, 0.23656820622986005, 0.25818259935553123, 0.2764538775510207, 0.2952489795918372, 0.3115918367346939, 0.3325991836734695, 0.34873809523809557, 0.36618938775510196, 0.3913185131195337, 0.4110408163265312, 0.4193486394557828, 0.44660641399417134, 0.4638555729984308, 0.49]",7.2,25,-7.2,0.66,0.652
54,"[0.004, 0.005921632653061227, 0.007868174296745791, 0.009168411712511124, 0.010881632653061253, 0.012888303708580271, 0.015629387755102163, 0.017728937728937726, 0.020177090190915077, 0.022457382953181323, 0.025568979591836703, 0.028570111915734032, 0.031046592221794414, 0.034783673469387856, 0.03935459183673466, 0.04219673469387768, 0.045101207830070815, 0.04902515424774551, 0.05305800214822776, 0.057946017116523967, 0.06333453381352533, 0.06686694677871143, 0.0711302982731553, 0.07780049979175334, 0.08459058725531017, 0.09067733039161621, 0.09716797488226035, 0.10641224489795895, 0.11491729323308277, 0.12734479054779782, 0.13681972789115682, 0.14891340319911722, 0.16624489795918398, 0.18000340136054432, 0.19432653061224445, 0.21343877551020396, 0.227200322234156, 0.2509944842801984, 0.26638304552590253, 0.28646258503401156, 0.30437676609105074, 0.31842001316655716, 0.34070857142857036, 0.3549159183673466, 0.381355867346939, 0.3959902040816323, 0.4119090136054421, 0.43643877551020505, 0.4624693877550981, 0.481]",7.2,25,-7.2,0.642,0.637
55,"[0.005, 0.006248163265306077, 0.008215855572998428, 0.010444970845481067, 0.011718294460641408, 0.014064309444708134, 0.014893450403417205, 0.018515873015873048, 0.02076366030283085, 0.023236624379481513, 0.026004897959183836, 0.02936374549819933, 0.03137981859410421, 0.035997551020407546, 0.03837142857142847, 0.04244987995198076, 0.04574848317705452, 0.04977224489795908, 0.05450040816326523, 0.056786426198386274, 0.06095587424158838, 0.0665944700460829, 0.07163718820861653, 0.07664975179260886, 0.08268054977092876, 0.08997761685319272, 0.09680513495720866, 0.10477875695732833, 0.1154517374517373, 0.12680419194704884, 0.13510473623411626, 0.14682404853833414, 0.16084948979591823, 0.1792738990332968, 0.19156897959183636, 0.2116785714285696, 0.22800680272108867, 0.24380665950590727, 0.26187755102040716, 0.2814640171858217, 0.2967395918367345, 0.31300275785990056, 0.33295238095238083, 0.35000859291084835, 0.3696158463385356, 0.390129093497864, 0.4080085929108488, 0.4289881847475833, 0.4529489795918373, 0.472]",7.2,25,-7.2,0.635,0.628
56,"[0.004, 0.006417233560090695, 0.007561710398445132, 0.00928075013789295, 0.01119415333701044, 0.013209452201933343, 0.016131554160125586, 0.018064285714285627, 0.019823885109599357, 0.02285306122448989, 0.025323682961556706, 0.028311513284559164, 0.030545618247298865, 0.035172481895984195, 0.037764478764478734, 0.04054641211323239, 0.04504321728691463, 0.04853186172428143, 0.05249440421329818, 0.0559419152276293, 0.06131972789115663, 0.06524884792626723, 0.07169387755102016, 0.07585845951283728, 0.08197432521395656, 0.0874212827988335, 0.09593551020408145, 0.10420242691671261, 0.112142857142857, 0.12308653061224423, 0.13463985594237704, 0.14241690962099118, 0.1582686155543296, 0.17863579277865002, 0.19235374149659737, 0.20720849420849438, 0.219532244897959, 0.23438380513495677, 0.2569591836734695, 0.27086949516648756, 0.2922797893350884, 0.30952068394925536, 0.3297714285714277, 0.34282693877551046, 0.3586005102040815, 0.3833107307439099, 0.3990685131195336, 0.4244163265306121, 0.4420107411385606, 0.465]",7.2,25,-7.2,0.623,0.618
57,"[0.001, 0.003516156462585017, 0.006, 0.009, 0.013422040816326516, 0.0188282312925169, 0.022813061224489804, 0.029, 0.03487110633727168, 0.043, 0.048470461868958065, 0.055605306122448926, 0.06363046647230311, 0.07608503401360531, 0.084, 0.09923469387755107, 0.108, 0.12350367346938779, 0.1409984301412872, 0.163, 0.17993932708218424, 0.2088452380952381, 0.24045306122448978, 0.2796091051805338, 0.3156088435374149, 0.36, 0.4043908948194663, 0.4474207221350078, 0.496, 0.5191870748299319, 0.5800711527854384, 0.6172323390894818, 0.6572675736961447, 0.687, 0.744, 0.7820439560439562, 0.812, 0.8434138775510204, 0.8798112244897955, 0.915, 0.945, 0.979149659863946, 1.011, 1.0393894557823125, 1.068843537414965, 1.088, 1.121593469387755, 1.152, 1.1786088435374147, 1.218]",2.4,25,-7.2,1.347,1.273
58,"[0.001, 0.004007899934167191, 0.006, 0.01, 0.014844583987441104, 0.01840188383045525, 0.024409620991253742, 0.028588571428571442, 0.03735836734693878, 0.04180408163265313, 0.052454081632653214, 0.061667402095973545, 0.073, 0.085, 0.09380066445182722, 0.11290693877551014, 0.1282481447124304, 0.149, 0.16523469387755071, 0.193, 0.22, 0.24742857142857128, 0.2829529042386183, 0.322225306122449, 0.354, 0.3982602040816325, 0.437, 0.471, 0.507, 0.5505220408163265, 0.59, 0.6169497084548105, 0.668, 0.6969516648764766, 0.7374438775510204, 0.767, 0.8014004412575843, 0.8298824489795917, 0.8647076530612245, 0.893, 0.921, 0.952, 0.98, 1.0073775510204082, 1.026, 1.0601793002915452, 1.083688775510204, 1.1051930926216638, 1.135, 1.156]",2.4,25,-7.2,1.287,1.271
59,"[0.001, 0.0030408163265304915, 0.006, 0.008669387755102072, 0.014, 0.017137486573576804, 0.022716836734693963, 0.028588571428571442, 0.035326530612245416, 0.043, 0.051, 0.06050775510204089, 0.071, 0.0820122448979593, 0.095, 0.105, 0.127, 0.1443979591836734, 0.163, 0.1926377551020406, 0.22015816326530585, 0.2504285714285713, 0.2859529042386183, 0.321469387755102, 0.3447397959183672, 0.3956448979591836, 0.4377806122448978, 0.47760204081632657, 0.5045714285714286, 0.5495220408163265, 0.5858138775510204, 0.6271061224489796, 0.664, 0.6939234693877547, 0.7444438775510204, 0.7683428571428569, 0.7976173469387755, 0.8363624489795917, 0.867, 0.887, 0.919, 0.9467933673469385, 0.977, 0.9974467733039161, 1.02125059326056, 1.0484183673469387, 1.0751922164214522, 1.098, 1.1262366243794815, 1.152]",2.4,25,-7.2,1.278,1.271
60,"[0.001, 0.002705539358600609, 0.004919825072886257, 0.008438775510203892, 0.012334467120181608, 0.017564625850340437, 0.022, 0.026783410138248843, 0.035003401360544334, 0.04, 0.04987925170068, 0.06125623582766461, 0.06900470957613832, 0.082, 0.092, 0.10821306122448977, 0.12301360544217659, 0.14515346938775503, 0.16094132653061233, 0.18069387755102043, 0.21601457725947507, 0.24110424710424708, 0.285, 0.317694693877551, 0.35175765306122453, 0.38963510204081636, 0.42381789638932504, 0.474, 0.5027032967032967, 0.5523179591836734, 0.5844261224489795, 0.6166217201166181, 0.6573605442176873, 0.6944863945578227, 0.7302808807733617, 0.7621190476190471, 0.7906819727891157, 0.834, 0.8565673469387756, 0.8871207482993193, 0.917, 0.9471183673469384, 0.973, 0.999, 1.017, 1.050248299319728, 1.0735612244897954, 1.096078410311493, 1.1168435374149661, 1.15]",2.4,25,-7.2,1.271,1.269
61,"[0.001, 0.003557299843014149, 0.0063645890788747925, 0.010452289023717629, 0.014844583987441104, 0.01878985107556536, 0.02340962099125374, 0.029621262458471805, 0.037, 0.0433673469387759, 0.053, 0.061, 0.07175755102040828, 0.084, 0.09828571428571418, 0.11090693877551014, 0.12732653061224466, 0.144, 0.16807823129251692, 0.1926377551020406, 0.22143877551020402, 0.2533877551020408, 0.283, 0.327, 0.3507397959183672, 0.3976448979591836, 0.4357806122448978, 0.48060204081632657, 0.5132742857142857, 0.556, 0.5838138775510204, 0.6181061224489796, 0.665, 0.697, 0.7428877551020401, 0.7714700460829492, 0.8051482277121373, 0.8337551020408163, 0.8671180758017494, 0.892, 0.9190318367346939, 0.946, 0.9766127819548872, 1.001, 1.0245986394557822, 1.0547091836734692, 1.077688775510204, 1.1003921676778818, 1.1187295918367346, 1.15]",2.4,25,-7.2,1.274,1.269
62,"[0.003, 0.004644992880873214, 0.005723750369713068, 0.008264003473729816, 0.010852144939608486, 0.01345752254390124, 0.017344565733270013, 0.02038610038610026, 0.023140136054421747, 0.027937959183673186, 0.03219557823129252, 0.036252068394925396, 0.04213061224489804, 0.047246467817896015, 0.05353142857142855, 0.06045292955892029, 0.06667807768268559, 0.07733163265306105, 0.08451725417439697, 0.09330141287284119, 0.1047448979591835, 0.1223436293436292, 0.13905442176870708, 0.15598367346938757, 0.17050235478806863, 0.1937278911564624, 0.22112816326530593, 0.2364334693877551, 0.2607969924812028, 0.28422448979591836, 0.3079632653061223, 0.3362220408163265, 0.35197352454495295, 0.3755795918367345, 0.39583163265306087, 0.42111428571428594, 0.44253778268063976, 0.46386394557823124, 0.4843720565149131, 0.5068588435374148, 0.5343146258503403, 0.5531145996860274, 0.575119047619047, 0.5947673469387755, 0.6115061224489796, 0.6431248979591836, 0.6635835631549917, 0.6895102040816314, 0.7108612244897958, 0.739]",4.8,25,-7.2,0.92,0.954
63,"[0.003, 0.004597069597069603, 0.005948051948052001, 0.008990783410138372, 0.011343317972350251, 0.013366071428571408, 0.01697714285714299, 0.020333333333333457, 0.024146616541353343, 0.028353571428571398, 0.03166820276497701, 0.03587557603686638, 0.042074285714285696, 0.047771428571428534, 0.05219047619047617, 0.057542857142857236, 0.06604147465437783, 0.07157714285714302, 0.08042857142857149, 0.08794208494208493, 0.10151428571428565, 0.10857142857142864, 0.12458301158301158, 0.1393412698412698, 0.161146718146718, 0.1787142857142858, 0.19574404761904762, 0.22609714285714272, 0.24492307692307677, 0.27246428571428566, 0.2980857142857143, 0.3199485714285713, 0.3438452380952378, 0.3700742857142857, 0.37987912087912035, 0.4077999999999998, 0.4343809523809525, 0.4628571428571423, 0.48120849420849415, 0.5035253456221198, 0.5326949806949803, 0.5511428571428562, 0.57764, 0.6020228571428569, 0.6165338345864662, 0.6491485714285711, 0.6644914285714284, 0.6924761904761907, 0.7244945054945049, 0.757]",4.8,25,-7.2,0.939,0.941
64,"[0.002, 0.0046616326530612645, 0.007296518607442973, 0.008952564809707655, 0.011351473922902604, 0.014370408163265277, 0.01783631820074977, 0.0212471042471043, 0.024440421329822277, 0.028038668098818356, 0.03318169848584595, 0.03767988338192413, 0.042735767991406964, 0.04802868174296745, 0.05259845559845557, 0.05781687810259242, 0.06614878209348261, 0.07038503401360519, 0.08034379905808489, 0.08945626822157435, 0.09934530612244903, 0.10845864661654138, 0.12325241675617611, 0.137764172335601, 0.1600799779371207, 0.17169544740973294, 0.2034268707482991, 0.21956816326530598, 0.24082285714285712, 0.26442448979591826, 0.2914979591836734, 0.3128212244897958, 0.3403689795918369, 0.3634039115646256, 0.37756341107871727, 0.41011428571428554, 0.43082312925170085, 0.45471501457725927, 0.4765681632653059, 0.49876530612244857, 0.5244612244897959, 0.5469455782312922, 0.5706190476190475, 0.593660408163265, 0.6123254564983889, 0.6412269387755103, 0.6690358184089964, 0.6854925788497215, 0.7125765306122442, 0.75]",4.8,25,-7.2,0.937,0.934
65,"[0.003, 0.00418059299191379, 0.005991181657848416, 0.008284072249589524, 0.009905775075987834, 0.01331660231660228, 0.01598921832884103, 0.02011111111111111, 0.023439285714285753, 0.027271978021978005, 0.03186175115207387, 0.035691428571428624, 0.0401428571428571, 0.04581714285714282, 0.05205882352941176, 0.05624175824175814, 0.06285142857142861, 0.06930952380952407, 0.0782442396313365, 0.08791428571428571, 0.09525714285714283, 0.10614285714285727, 0.1188988095238095, 0.13502380952380957, 0.156146718146718, 0.16942857142857162, 0.19797619047619044, 0.2157413127413127, 0.2319230769230768, 0.2609285714285713, 0.28921142857142845, 0.3108163265306119, 0.3413809523809515, 0.3623193277310923, 0.3749371428571426, 0.409258064516129, 0.42769047619047623, 0.44969047619047503, 0.47318681318681244, 0.5004285714285727, 0.5230342857142855, 0.547479262672811, 0.56516, 0.5910457142857136, 0.6107802197802199, 0.6385714285714272, 0.662982857142857, 0.6821587301587301, 0.7149699248120295, 0.746]",4.8,25,-7.2,0.925,0.921
66,"[0.003, 0.005149292149292146, 0.0058931788931789065, 0.008766233766233674, 0.010880308880308756, 0.014384920634920579, 0.016848571428571463, 0.02107547169811312, 0.024952380952380837, 0.02838223938223937, 0.03261904761904751, 0.03644047619047589, 0.04211981566820272, 0.04742857142857138, 0.05140677966101698, 0.05595142857142847, 0.0635119047619045, 0.07055279503105591, 0.07858285714285697, 0.08628571428571419, 0.09695752895752888, 0.10627999999999989, 0.12182653061224483, 0.1353968253968252, 0.15244700460829488, 0.17084523809523797, 0.1921904761904757, 0.21549714285714267, 0.24232258064516124, 0.267022857142857, 0.28540659340659336, 0.31418857142857126, 0.3345057142857144, 0.35463775510204076, 0.3784740259740257, 0.40574999999999983, 0.422222857142857, 0.446925714285714, 0.47226984126984045, 0.49310714285714274, 0.5188214285714285, 0.5356378737541528, 0.5622631578947367, 0.582262857142857, 0.6073571428571426, 0.6267885714285711, 0.6507443609022556, 0.6773502304147465, 0.7025714285714285, 0.734]",4.8,25,-7.2,0.92,0.915
67,"[0.002, 0.0044049165120593915, 0.005572047000618444, 0.007724160631994734, 0.009865306122449034, 0.012953210552513757, 0.015771345272802845, 0.020055393586005766, 0.02313100724160609, 0.02608693877551016, 0.030526530612244803, 0.03474872448979588, 0.03938367346938771, 0.04536471362738643, 0.04873714285714283, 0.05606067291781575, 0.061922448979591926, 0.06659654631083198, 0.07727195064072144, 0.08400226757369574, 0.09444125758411463, 0.1075238095238092, 0.11694522019334032, 0.13406462585034007, 0.15069651086240943, 0.1683350735643094, 0.18970408163265282, 0.21214868804664705, 0.23382539682539674, 0.25566718995290416, 0.27931918367346953, 0.3080161117078411, 0.32742244897959183, 0.3481491365777081, 0.37039020408163253, 0.39146428571428565, 0.4160955102040816, 0.4396003401360544, 0.46252738990332953, 0.4779387755102039, 0.5083478664192949, 0.5327089151450051, 0.5544344023323615, 0.5768503401360531, 0.5915567346938775, 0.618986036519871, 0.638626159554731, 0.6629558742415885, 0.6970369553226691, 0.726]",4.8,25,-7.2,0.908,0.904
68,"[0.003, 0.005383381924198271, 0.00669321922317313, 0.008716260697827542, 0.011497813411078724, 0.014346938775510182, 0.01704224015187476, 0.021428571428570582, 0.023617551020408162, 0.027937164339419996, 0.03137940630797778, 0.037046530612244846, 0.041707725947521854, 0.04598955861414329, 0.05077142857142861, 0.0563935860058309, 0.06312523191094613, 0.07108163265306097, 0.0785466078323221, 0.08624659863945576, 0.09612567132116001, 0.10815428571428569, 0.12052721088435353, 0.1347680890538033, 0.1529706122448977, 0.16913469387755103, 0.18976812852800692, 0.2159727891156461, 0.2382560646900269, 0.2585306122448979, 0.2830068027210879, 0.3103110204081632, 0.3321004081632651, 0.349360544217687, 0.376026475455047, 0.39386309523809515, 0.41686573576799113, 0.4392590266875979, 0.4624863945578231, 0.48540221088435365, 0.5052835660580017, 0.5307297959183673, 0.5464285714285718, 0.5699659863945574, 0.5890343716433935, 0.6159224489795918, 0.6389868334430547, 0.6670442176870749, 0.6917237609329442, 0.718]",4.8,25,-7.2,0.901,0.894
69,"[0.003, 0.00451137696457893, 0.006559183673469488, 0.008452289023717603, 0.01086178107606664, 0.014144057623049034, 0.01675344732487589, 0.020248120300751817, 0.023545629572583757, 0.0273086734693878, 0.03140264754550463, 0.03541588527302811, 0.04103581840899617, 0.04481469387755094, 0.04922857142857156, 0.05487940630797777, 0.0631727405247812, 0.06719387755102021, 0.07829356357927769, 0.08385884353741477, 0.09440445269016698, 0.10637142857142864, 0.11591102040816316, 0.13186656200941885, 0.15120553935860045, 0.16317078410311475, 0.18745228902371758, 0.21044897959183673, 0.23147619047619006, 0.25720116618075706, 0.2831380552220887, 0.30271128451380536, 0.32735123523093446, 0.3446938775510191, 0.36938775510204086, 0.3940109890109887, 0.4058549365692223, 0.4345853920515573, 0.4554489795918361, 0.4770085034013608, 0.4927836734693877, 0.5219632653061224, 0.5415019305019305, 0.5650424489795914, 0.5882585034013601, 0.6078524332810038, 0.627829752953813, 0.6640850340136053, 0.6808204081632654, 0.709]",4.8,25,-7.2,0.889,0.884
70,"[0.002, 0.003915366146458584, 0.0060760982359044985, 0.007477405247813413, 0.010446374294398621, 0.013457959183673228, 0.0156503658067, 0.01885714285714291, 0.022735078937235195, 0.026492002206287894, 0.030034536891679866, 0.034635286372613476, 0.03964846938775509, 0.04420734693877547, 0.04798455598455595, 0.05451334379905801, 0.05948902579899881, 0.06723129251700662, 0.07495068027210867, 0.0829421768707486, 0.09099215070643615, 0.10237541528239197, 0.11493551020408163, 0.12841061224489758, 0.146989795918367, 0.15912489795918372, 0.1824878335949764, 0.20258956916099766, 0.22490857142857126, 0.24947905477980642, 0.27077891156462564, 0.29435321821036103, 0.312433469387755, 0.3400562603419746, 0.34843485086342246, 0.3852976190476186, 0.4014326530612246, 0.4301648979591835, 0.4409001654715939, 0.469212585034014, 0.49363265306122434, 0.511561632653061, 0.53612030075188, 0.5532108843537412, 0.5757519623233908, 0.5980416326530615, 0.6252965431070387, 0.6412517006802716, 0.6752366243794815, 0.704]",4.8,25,-7.2,0.878,0.874
71,"[0.003, 0.0036955322669608346, 0.004880867346938762, 0.006925442176870759, 0.010120457939273268, 0.012507542147293757, 0.01469717887154863, 0.0189825072886297, 0.022391836734693842, 0.025632653061224614, 0.030144511858797577, 0.03452326530612242, 0.03808256029684593, 0.04228877551020412, 0.048202764976958516, 0.052161632653061264, 0.058870204081632606, 0.06408163265306098, 0.07337074829931949, 0.08167991407089165, 0.09082260596546303, 0.10077992277992279, 0.11352721088435354, 0.1287535321821033, 0.138465306122449, 0.1574307196562835, 0.17881020408163253, 0.19983342526199668, 0.22235714285714278, 0.24521224489795912, 0.27100326530612223, 0.2916220408163265, 0.30588742593811685, 0.3353375620518475, 0.35211836734693874, 0.3769831932773109, 0.39931591836734637, 0.4232590266875979, 0.44124319727891154, 0.4648044217687077, 0.4778477551020407, 0.5077697959183669, 0.5307004608294935, 0.5489659863945575, 0.5725272108843531, 0.5948848979591833, 0.6166208378088077, 0.6440884353741496, 0.6642108843537399, 0.695]",4.8,25,-7.2,0.872,0.866
72,"[0.003, 0.004714760322733761, 0.005736229975861345, 0.008395740905057687, 0.011185879757308387, 0.012875646258503414, 0.01655497037524691, 0.02007308970099663, 0.02409293987865419, 0.02708897959183667, 0.02989333846746252, 0.03614452311536859, 0.04027123107307443, 0.04196083838940984, 0.048331797235023136, 0.055695447409733284, 0.059487755102040685, 0.06833959183673473, 0.07476889134031979, 0.08431836734693882, 0.08994063079777351, 0.10194208494208494, 0.11587127158555714, 0.12681310418904404, 0.144201166180758, 0.16339795918367359, 0.18747905477980667, 0.20202172481895986, 0.22873626373626355, 0.25102551020408176, 0.26876163265306113, 0.2990775510204081, 0.31408503401360527, 0.3317880690737831, 0.35533163265306117, 0.3747257142857147, 0.39891383219954657, 0.42059863945578224, 0.44410096670247007, 0.46163775510204075, 0.4822312925170069, 0.5047880690737824, 0.5286386554621847, 0.5448602825745684, 0.559640171858217, 0.5867959183673469, 0.6127036734693876, 0.6342108843537412, 0.661712715855573, 0.687]",4.8,25,-7.2,0.861,0.853
73,"[0.003, 0.0048030888030888095, 0.006478764478764464, 0.0080058309037901, 0.010812030075187924, 0.013274131274131386, 0.016880308880308996, 0.01982352941176473, 0.02296616541353388, 0.02675576036866364, 0.03126691729323306, 0.036358885017421586, 0.03976190476190469, 0.044437788018433115, 0.049306122448979535, 0.05482857142857145, 0.0617380952380954, 0.06679081632653067, 0.07385382059800674, 0.0827539682539682, 0.09534285714285716, 0.10399999999999926, 0.11739768339768338, 0.1269067055393586, 0.14776190476190446, 0.17021978021978035, 0.1842619047619046, 0.2000628571428573, 0.22585714285714278, 0.2493485714285714, 0.26953714285714275, 0.29376571428571424, 0.3138520408163264, 0.3285034013605441, 0.35112087912087836, 0.375333333333333, 0.39888571428571407, 0.4144761904761882, 0.4365257142857141, 0.4574685714285707, 0.478885714285714, 0.5040238095238095, 0.5195000000000004, 0.5359323308270678, 0.5593406593406591, 0.5875119047619047, 0.6037841945288753, 0.6223809523809525, 0.6479124423963133, 0.679]",4.8,25,-7.2,0.847,0.842
74,"[0.003, 0.00434873949579833, 0.006417142857142858, 0.00800291545189505, 0.010505226480836247, 0.013628571428571466, 0.01611278195488722, 0.019850000000000017, 0.020982857142857168, 0.025530612244898103, 0.03004147465437783, 0.035530612244897945, 0.03869679300291536, 0.0425253456221198, 0.048249999999999814, 0.052884169884169885, 0.05841714285714286, 0.06715357142857142, 0.0747380952380954, 0.0807539682539682, 0.08858163265306115, 0.10024324324324317, 0.11507142857142853, 0.1276485714285714, 0.14476190476190445, 0.15672586872586874, 0.18108270676691723, 0.20300772200772205, 0.2231199999999999, 0.24267032967032967, 0.26610989010989, 0.29051190476190475, 0.30848214285714226, 0.33004247104247103, 0.3405428571428568, 0.36947999999999986, 0.3911178571428571, 0.4132007722007721, 0.4280038610038608, 0.4497142857142855, 0.46748120300751794, 0.494015873015873, 0.5127500000000002, 0.5306165413533834, 0.5563406593406591, 0.5728416988416989, 0.5974742857142857, 0.6203809523809525, 0.6390952380952369, 0.672]",4.8,25,-7.2,0.839,0.836
75,"[0.003, 0.0036510862409479764, 0.004851576994434155, 0.007200131665569487, 0.00878787007760853, 0.011747931605074483, 0.014437588989084099, 0.016942857142857117, 0.020573129251700895, 0.025033094318808506, 0.02771527320605663, 0.0315450680272109, 0.03754246214614886, 0.04014680710994076, 0.04614285714285742, 0.05189581095596138, 0.054500329163923576, 0.06263918367346948, 0.07013795918367326, 0.07690059249506255, 0.0870627362055933, 0.09647104247104248, 0.10793563579277857, 0.12099670836076369, 0.1343421368547419, 0.15509863945578226, 0.16495325872284394, 0.19023639455782324, 0.20692207792207784, 0.23501224489795922, 0.2585416012558868, 0.28404191947049084, 0.3005608163265303, 0.31681959183673436, 0.34133163265306143, 0.3599085714285716, 0.38317795918367337, 0.3998073469387755, 0.4202951334379895, 0.44127551020408173, 0.46905551020408165, 0.4853940345368912, 0.5018095238095233, 0.5219258861439312, 0.5389730612244896, 0.5661717687074828, 0.5903518367346937, 0.6162108843537412, 0.6363775510204077, 0.665]",4.8,25,-7.2,0.831,0.825
76,"[0.003, 0.0037249494392351127, 0.004891763848396473, 0.006968850698173908, 0.009872553102873743, 0.011093877551020329, 0.014238279095421925, 0.0174749034749033, 0.021420408163265237, 0.024101113172541568, 0.02713850340136052, 0.031378415773088815, 0.03578842149104536, 0.040310287380258124, 0.044553935860058375, 0.05058673469387748, 0.05487585034013562, 0.06241581632653051, 0.06914351547070431, 0.07741408821593133, 0.08386372613561531, 0.09436090225563892, 0.10752721088435353, 0.12251183673469382, 0.13313061224489786, 0.1527278911564624, 0.16280408163265297, 0.18473387755102044, 0.20617857142857107, 0.23630336458907883, 0.2509293563579275, 0.28042700156985867, 0.294511072514112, 0.3150812161599332, 0.3338316326530609, 0.3535771428571429, 0.3816075353218209, 0.396934693877551, 0.4163720565149131, 0.43692942176870736, 0.46241950113378694, 0.48055729984301365, 0.5007696793002915, 0.5180612244897951, 0.5366750805585392, 0.5605204081632645, 0.5848636734693875, 0.610020408163263, 0.6267224489795918, 0.654]",4.8,25,-7.2,0.823,0.816
77,"[0.003, 0.004820357772738733, 0.005939675870348098, 0.00861795918367345, 0.009803159973666863, 0.013353741496598513, 0.017225815001325095, 0.01926691729323306, 0.022063673469387736, 0.027267454350160644, 0.030379591836734693, 0.034405664306538804, 0.03775725026852835, 0.043972789115645367, 0.0479285714285714, 0.05289455782312911, 0.05848979591836718, 0.06621395655036204, 0.07268027210884324, 0.07967147834743649, 0.08916105901820169, 0.10029714285714278, 0.11029067843353552, 0.12806276472853284, 0.13834204081632637, 0.16343286788399558, 0.1739727891156461, 0.1953171114599682, 0.22034101382488466, 0.2383877551020408, 0.26301877551020403, 0.28067673469387766, 0.30142938775510203, 0.3119139547710974, 0.34305061224489786, 0.3587857142857144, 0.38065451895043734, 0.3984244897959184, 0.4187121374865734, 0.4369183673469383, 0.4559199785177228, 0.4828496459808412, 0.49711428571428595, 0.5116836734693875, 0.5288818474758323, 0.5539354660783233, 0.579110544217687, 0.6055918367346936, 0.6199420408163263, 0.65]",4.8,25,-7.2,0.813,0.809
78,"[0.003, 0.004277485187623445, 0.005554970375246869, 0.007313844456701592, 0.010367821547223568, 0.012693877551020513, 0.014789723032069978, 0.017852747252747214, 0.021818027210884248, 0.02434252619966904, 0.02792112520683939, 0.03271224489795918, 0.03561886376172084, 0.0402922448979593, 0.04512741312741316, 0.050491721216788576, 0.05709438775510204, 0.06424489795918369, 0.06950693877551009, 0.0772567132116003, 0.08584004412575837, 0.09455760368663585, 0.10753998896856028, 0.11569551020408153, 0.13339591836734696, 0.15123356009070282, 0.17058448979591825, 0.1809867622724766, 0.21426373626373613, 0.22975673469387753, 0.24884979591836734, 0.2732772108843539, 0.2947551020408163, 0.3073893877551021, 0.3323231292517009, 0.3510989010989016, 0.37489115646258586, 0.3891193092621663, 0.40650040816326494, 0.4306860282574559, 0.4502130612244894, 0.4751819727891154, 0.4885037593984961, 0.5091439602868172, 0.5285368916797484, 0.5552211803640374, 0.571361831218974, 0.596671020408163, 0.6141364124597201, 0.639]",4.8,25,-7.2,0.807,0.8
79,"[0.003, 0.0045117157974300885, 0.005904603701945831, 0.00721243042671613, 0.010121355685131174, 0.013307944606413971, 0.015114633087277297, 0.018202857142857132, 0.021699785177228755, 0.02422615576842971, 0.029179052753176737, 0.031828231292516836, 0.036151020408163134, 0.038874219075385165, 0.046165898617511504, 0.05029012686155544, 0.057127346938775456, 0.06327072053311114, 0.06913166556945351, 0.07634295669487295, 0.08621282798833795, 0.09739097744360892, 0.10762513426423195, 0.12138316326530607, 0.1325430839002267, 0.1519536178107605, 0.1659727891156461, 0.19032979591836693, 0.213182857142857, 0.2279495166487645, 0.2533370104798675, 0.27167673469387765, 0.29314506343077773, 0.3045896304467731, 0.3330973312401882, 0.3483928571428569, 0.3696108843537416, 0.3855585392051556, 0.40712489795918316, 0.42474040816326514, 0.44671137026239066, 0.46673469387755107, 0.4843428571428578, 0.5063408714837284, 0.5245660580021478, 0.5399784886927744, 0.5651286963765099, 0.579516271373414, 0.6069420408163263, 0.635]",4.8,25,-7.2,0.794,0.791
80,"[0.003, 0.004503644314868807, 0.005709974130497287, 0.008648979591836798, 0.00979372394118941, 0.013242264647794613, 0.0155915227629513, 0.01846428571428579, 0.021689131466540126, 0.025824263038548616, 0.029281632653061343, 0.033195808052950915, 0.03688069073783374, 0.041204081632652996, 0.0459924812030075, 0.051030336458907935, 0.05695311638168781, 0.06309877551020417, 0.06897387755102026, 0.07570134395221488, 0.0848963044677332, 0.09675187969924808, 0.10873959183673457, 0.12089335088874263, 0.1319159183673468, 0.15156408163265314, 0.17034233048057926, 0.18727954437588976, 0.21238857142857137, 0.22807653061224484, 0.2524627688913403, 0.27374612244897895, 0.28979421768707464, 0.3080198565912851, 0.32975981161695483, 0.34635714285714214, 0.3650433673469391, 0.38608408163265306, 0.4042702435813035, 0.4276632653061223, 0.4409356357927786, 0.4645153061224488, 0.48365306122448976, 0.4941479591836732, 0.5183147153598279, 0.5404873469387753, 0.5595286372613562, 0.5846073469387757, 0.6018732545649834, 0.623]",4.8,25,-7.2,0.786,0.78
81,"[0.003, 0.004297322598764289, 0.005732259876427708, 0.0075424274973147215, 0.010135819845179472, 0.011158968850698307, 0.014480612244897925, 0.017297142857142955, 0.01997794601711651, 0.023113469387754965, 0.02763348604748026, 0.03162080315997367, 0.03496897959183677, 0.039396028681743, 0.04399539170506911, 0.048588435374149724, 0.05495311638168781, 0.06206674020959741, 0.06682901268615553, 0.07356268221574322, 0.08620574760516453, 0.09457142857142854, 0.10321959183673453, 0.11289335088874264, 0.12694318808604516, 0.15156408163265309, 0.16644217687074822, 0.18573155416012524, 0.20190857142857144, 0.22507653061224484, 0.2474097959183674, 0.26774612244897894, 0.2853812244897957, 0.29702938775510196, 0.3187598116169548, 0.33679150579150563, 0.35846821036106746, 0.3797132116004295, 0.40167020408163245, 0.41655155746509115, 0.43987127158555717, 0.4565153061224488, 0.47818285714285713, 0.4923110204081632, 0.5139583673469381, 0.5370146938775509, 0.555158683881716, 0.5710837808807733, 0.5967676102699141, 0.624]",4.8,25,-7.2,0.783,0.779
82,"[0.002, 0.00410702420503084, 0.005023867173988279, 0.007084854994629443, 0.00889435774309726, 0.011816743023740101, 0.014363485934914468, 0.01664857142857148, 0.020381171823568127, 0.024113469387754966, 0.027541601255887154, 0.03152007899934166, 0.034446897126197515, 0.03821224489795913, 0.043989010989010965, 0.04828244897959181, 0.054861224489795926, 0.060391064533921714, 0.0669656283566056, 0.07265806700038502, 0.080840136054422, 0.09342084942084937, 0.10348657357679904, 0.11586775510204086, 0.12683183673469361, 0.14728204081632654, 0.16262811791383217, 0.18155861414333158, 0.19990857142857144, 0.21973254564983866, 0.24485374149659894, 0.2593730612244895, 0.28179421768707463, 0.2940612244897957, 0.3231975510204083, 0.33833928571428556, 0.35590173847316703, 0.378061224489796, 0.396793469387755, 0.4173265306122447, 0.4325602968460111, 0.4580306122448975, 0.47053456221198153, 0.48567017774851867, 0.5095799868334429, 0.5340073469387754, 0.5515646258503397, 0.5678163265306123, 0.5922862658576941, 0.615]",4.8,25,-7.2,0.775,0.77
83,"[0.003, 0.004410369553226727, 0.005709837781266344, 0.00862575030012004, 0.010249506254114533, 0.012916734693877463, 0.015624379481522333, 0.019033834586466118, 0.02129409620991253, 0.02504213298222512, 0.028845918367346932, 0.03236081632653052, 0.03595810955961333, 0.03915102040816313, 0.04476036866359438, 0.048930839002267495, 0.05628911564625846, 0.05992336526447312, 0.06851275510204069, 0.07649959183673459, 0.08422278911564592, 0.09615830115830112, 0.10093614219881497, 0.12063265306122427, 0.13386734693877517, 0.1444548104956269, 0.16377771649200215, 0.18449708454810493, 0.20451190476190478, 0.2188886054421769, 0.2436624379481521, 0.2652155102040817, 0.2821564625850333, 0.29677864992150715, 0.31749946294307124, 0.3344171428571428, 0.35091472303206966, 0.37626530612244874, 0.39223836734693823, 0.40900859291084835, 0.42939517625231843, 0.4497108843537415, 0.46690109890109843, 0.4871459968602826, 0.49736653061224434, 0.5253281004709575, 0.5426418159100375, 0.5608027210884355, 0.5865126530612246, 0.61]",4.8,25,-7.2,0.764,0.759
84,"[0.002, 0.0034659222179438016, 0.004759811616954441, 0.00709809084924296, 0.00870243581303498, 0.011628044766293625, 0.013470116618075841, 0.016208494208494153, 0.020106352400115005, 0.02334499514091354, 0.027069241982507364, 0.02986074429771902, 0.03350493745885439, 0.03751744568795261, 0.042764976958525415, 0.04684670147128617, 0.054100065832784615, 0.05883232211803635, 0.06475918367346939, 0.07185177228786249, 0.08227510204081623, 0.0911428571428571, 0.10005751391465686, 0.11417996289424871, 0.1226647230320697, 0.13836072807501376, 0.16220163265306117, 0.17565469387755103, 0.19729670329670324, 0.21592687074829914, 0.23711265306122464, 0.2534871106337271, 0.27195447409733114, 0.2853559183673467, 0.31466272824919445, 0.3291314285714287, 0.3496778425655975, 0.3655561224489796, 0.38189469387755076, 0.40908163265306113, 0.42225034013605445, 0.4443707482993195, 0.46106349206349223, 0.482585769442912, 0.4965812244897958, 0.5223422291993723, 0.5345464852607703, 0.5607176870748302, 0.576972244897959, 0.604]",4.8,25,-7.2,0.757,0.753
85,"[0.002, 0.0036598639455782123, 0.0050763660302830405, 0.007331151328455922, 0.008707367692839843, 0.011764220581849762, 0.01448526077097506, 0.017393822393822287, 0.020305464121132304, 0.023344752186588928, 0.02723346938775504, 0.03111564625850337, 0.03345730945439395, 0.038713182570325376, 0.042734693877550946, 0.047190204081632575, 0.05340816326530608, 0.0586448979591836, 0.06635034013605424, 0.07149959183673459, 0.08080966264056637, 0.09145054945054935, 0.1035686707115278, 0.1109098960338852, 0.12773469387755032, 0.14248144712430424, 0.1583146258503399, 0.17524854227405245, 0.1973650793650791, 0.21088860544217689, 0.23466243794815209, 0.2582072213500786, 0.27529755102040815, 0.28536489795918374, 0.31260374149659803, 0.3284761904761904, 0.344701530612244, 0.36712244897959173, 0.3832383673469382, 0.4020052666227781, 0.4185564625850335, 0.4388554421768707, 0.45726190476190454, 0.47377210884353727, 0.49817006802721064, 0.5121618075801749, 0.5315374149659858, 0.5548027210884355, 0.5689717425431715, 0.598]",4.8,25,-7.2,0.752,0.747
86,"[0.002, 0.0034701652089407227, 0.004632914704343275, 0.007186306780776846, 0.008722559293987882, 0.011816326530612202, 0.01384183673469379, 0.016051428571428505, 0.01928911564625851, 0.022391326530612245, 0.027094140882159293, 0.028428987921699293, 0.032867346938775535, 0.038062835660580004, 0.041294930875575814, 0.04725026852846391, 0.05359510204081602, 0.05696168263223656, 0.06451275510204069, 0.07207535321821013, 0.07923441809156091, 0.09018894009216584, 0.09592081632653056, 0.11326530612244855, 0.12486734693877516, 0.1385951589938301, 0.1543146258503399, 0.17124854227405248, 0.1925119047619048, 0.21437306122448974, 0.23107382953181257, 0.2542072213500786, 0.26610430839002225, 0.2863893249607536, 0.30920748299319606, 0.3214761904761904, 0.3399147230320697, 0.3601224489795917, 0.37554639455782307, 0.3954908990623276, 0.4123951762523184, 0.4367108843537415, 0.45061654135338336, 0.46607591836734696, 0.4916802721088425, 0.5113412244897958, 0.5265374149659858, 0.5418027210884355, 0.5683414230557088, 0.587]",4.8,25,-7.2,0.74,0.736
87,"[0.002, 0.00434322820037104, 0.005417050691244205, 0.008203809523809485, 0.009539170506912454, 0.012426150121065295, 0.014742857142857127, 0.017465116279069742, 0.02057142857142778, 0.023289575289575194, 0.026199335548172754, 0.02950857142857127, 0.03435714285714278, 0.03795391705069129, 0.041678571428571246, 0.04745238095238085, 0.0532067669172932, 0.058824884792626375, 0.06478571428571381, 0.07220699708454807, 0.08096703296703256, 0.08967741935483858, 0.10054887218045112, 0.11207722007722, 0.1217915057915057, 0.14203759398496224, 0.15373142857142835, 0.1767047619047616, 0.19239999999999996, 0.21191208791208774, 0.23605990783410136, 0.25230727762803234, 0.2644746543778799, 0.2883452380952382, 0.3045476190476188, 0.31969230769230716, 0.33674603174603174, 0.35575824175824133, 0.37290285714285676, 0.39309714285714287, 0.4120057142857141, 0.4323956043956037, 0.44833333333333336, 0.46225714285714287, 0.481309523809523, 0.501042471042471, 0.5187840531561461, 0.5439285714285713, 0.5596911196911197, 0.585]",4.8,25,-7.2,0.732,0.728
88,"[0.002, 0.0041994826099453824, 0.005898908400569473, 0.007699863945578227, 0.009924292297564183, 0.011823390894819406, 0.01419918367346943, 0.017198156682027704, 0.019900165471593977, 0.023805337519623274, 0.027236010533245574, 0.029863673469387668, 0.03273918367346936, 0.03868531928900578, 0.04201142857142842, 0.04718838304552599, 0.05417476808905372, 0.058105837683910665, 0.06427755102040815, 0.07136942940441475, 0.08065371955233702, 0.09014285714285672, 0.09597183673469384, 0.10987865416436828, 0.12731364124597208, 0.1430292333149475, 0.15906067291781575, 0.17060770975056685, 0.19418796992481197, 0.21059637188208605, 0.23327591836734693, 0.24739738159414704, 0.2637689795918365, 0.28369897959183676, 0.2998792517006799, 0.31397802197802127, 0.33490646258503387, 0.35501360544217436, 0.37033908948194566, 0.3886546938775511, 0.4074217687074822, 0.42667055393585934, 0.44297619047619113, 0.4598171595168679, 0.46953061224489673, 0.49433387755102043, 0.5163962585034012, 0.5319455782312922, 0.5565534693877552, 0.579]",4.8,25,-7.2,0.726,0.721
89,"[0.003, 0.004571099407504936, 0.0063017687074831295, 0.008488979591836813, 0.009921068427370942, 0.01238775510204081, 0.015336458907887582, 0.018034285714285787, 0.020717508055853893, 0.024691836734693974, 0.027043265306122465, 0.030159183673469526, 0.0344249271137026, 0.03791310072416075, 0.04304633204633202, 0.04812489795918356, 0.05258225739275308, 0.06019755102040815, 0.06465524781341107, 0.07073403554970367, 0.08039717425431729, 0.0899774436090225, 0.10053689167974869, 0.10973129251700721, 0.13123183673469394, 0.14025850340136045, 0.1596343537414964, 0.17631686358754026, 0.19271428571428564, 0.21179346938775498, 0.23233652644731356, 0.2474603841536613, 0.26217687074830004, 0.2827057823129251, 0.30219755102040813, 0.3185714285714285, 0.3336555102040815, 0.34559735245449513, 0.3678084772370484, 0.3879098639455782, 0.4048019652305367, 0.4238257456828883, 0.43844571428571427, 0.4519654631083198, 0.47553996598639436, 0.4879346938775506, 0.5109881847475833, 0.5260473469387756, 0.5511768707482992, 0.575]",4.8,25,-7.2,0.721,0.717
90,"[0.002, 0.004292917166866687, 0.005592270950933554, 0.007056616194864915, 0.009313469387755034, 0.011298361598160292, 0.014135686707115213, 0.01666820276497689, 0.020489466754443686, 0.022807256235827213, 0.025363673469387723, 0.02829690585911768, 0.03316107871720113, 0.03741411564625834, 0.04056370656370652, 0.04593987865416429, 0.052271950640721355, 0.05804897959183658, 0.06218075801749268, 0.0685379591836734, 0.07879818594104303, 0.08517142857142841, 0.09341632653061221, 0.10663422291993657, 0.12389903329752947, 0.13855673469387722, 0.1466702040816327, 0.1658072562358275, 0.1875488721804511, 0.2070702947845801, 0.21988408163265274, 0.2430167638483964, 0.2587519623233908, 0.2765127551020407, 0.2953844456701598, 0.3075079365079365, 0.33215855572998415, 0.3472482993197272, 0.3601959183673467, 0.38201709873138456, 0.4003945578231291, 0.41698174006444666, 0.4316635944700459, 0.4521836734693878, 0.4669363265306123, 0.4873730612244897, 0.5048537414965982, 0.5280466472303197, 0.5430901360544218, 0.568]",4.8,25,-7.2,0.715,0.71
91,"[0.003, 0.004927263212977475, 0.006311020408163275, 0.007479383590170713, 0.009986122448979486, 0.012859117840684848, 0.013973061224489792, 0.017359447004608352, 0.02096348012889362, 0.023511858797573056, 0.026287369001654667, 0.029936627282491943, 0.033995464852607564, 0.0375248979591837, 0.04185714285714291, 0.04761886376172084, 0.05079394338380516, 0.057991020408163146, 0.06265646258503367, 0.06992517006802697, 0.07798014340871477, 0.08767181467181467, 0.09748542274052477, 0.10589625850340127, 0.12523836734693877, 0.13901360544217659, 0.15435797021511305, 0.16973469387755033, 0.18598285714285692, 0.20397877551020407, 0.224074829931973, 0.24475765306122418, 0.2569689795918368, 0.2740596546310825, 0.29602204081632655, 0.3151318681318678, 0.3289136577708005, 0.3443838940981791, 0.36500850340136043, 0.37805469387755086, 0.39821374865735687, 0.4156680988184745, 0.43271428571428566, 0.4447032542746829, 0.4721819727891158, 0.4819738775510202, 0.5070204081632653, 0.5231287284144428, 0.5453061224489795, 0.56]",4.8,25,-7.2,0.709,0.706
92,"[0.001, 0.003, 0.005, 0.007112244897959962, 0.01094318808604526, 0.014843537414966326, 0.019036403750689476, 0.022380952380952487, 0.02756205184776615, 0.033168367346938836, 0.03989212827988356, 0.04826687598116175, 0.055, 0.06578826530612247, 0.07584523809523812, 0.088, 0.09906367346938792, 0.113, 0.125670068027211, 0.15, 0.17, 0.20828571428571419, 0.226, 0.24885764061722243, 0.279, 0.3250435741864313, 0.3521934693877551, 0.379, 0.41333142857142857, 0.4426624379481522, 0.472, 0.504, 0.534, 0.567, 0.5937632653061227, 0.614, 0.6473908948194661, 0.6713322448979592, 0.6983412244897959, 0.720979591836734, 0.7572482993197278, 0.7745170068027213, 0.801777142857143, 0.828, 0.8465281132861306, 0.8713188775510204, 0.8966930612244899, 0.9236577708006282, 0.9509812925170061, 0.977]",2.4,25,-7.2,1.107,1.048
93,"[0.001, 0.002982901268615586, 0.004959183673469464, 0.0072290980908492645, 0.011, 0.013184776613348064, 0.017, 0.021470046082949393, 0.027077551020408253, 0.03210884353741489, 0.041059766763848475, 0.0478149027052682, 0.056896326530612176, 0.06925725026852848, 0.07857142857142857, 0.08922040816326535, 0.10340646258503407, 0.124, 0.14505102040816345, 0.17, 0.192, 0.22195238095238085, 0.241, 0.2698769994484279, 0.30621125206839495, 0.3313094140882159, 0.35829591836734703, 0.3807545504688362, 0.419, 0.44172035300606727, 0.4669183673469387, 0.49686564625850305, 0.5278273155416011, 0.5547786499215073, 0.5802595918367345, 0.602, 0.6351412024269169, 0.6583826530612247, 0.6811507064364204, 0.7051020408163264, 0.727, 0.7516265306122449, 0.7727252747252746, 0.7953994169096208, 0.8168963044677329, 0.8433775510204079, 0.86, 0.8822721088435376, 0.91, 0.934]",2.4,25,-7.2,1.059,1.041
94,"[0.002, 0.0035352205398288595, 0.006174319727891009, 0.009073039742212644, 0.011014693877550975, 0.015, 0.020189625850340127, 0.025, 0.0310198565912851, 0.03586054421768687, 0.04345525902668765, 0.05214040816326517, 0.06254591836734688, 0.06989952904238594, 0.08248351648351628, 0.095, 0.114, 0.13192778649921474, 0.151, 0.17590249433106547, 0.19515306122448967, 0.222, 0.2497608163265305, 0.276, 0.3060710994075049, 0.333, 0.353, 0.392134583563155, 0.417622857142857, 0.4470136054421766, 0.471, 0.5042138775510202, 0.5330794263651407, 0.5536382653061225, 0.582, 0.6029523809523794, 0.6311836734693874, 0.65, 0.6768595918367347, 0.703, 0.7310992829564258, 0.746, 0.773, 0.7925374149659862, 0.811, 0.8389693877551018, 0.8627687074829936, 0.877, 0.899, 0.926]",2.4,25,-7.2,1.049,1.04
95,"[0.002, 0.0034727891156464625, 0.005809662640566461, 0.009, 0.012176154672395276, 0.015515306122448749, 0.021, 0.025394285714285668, 0.031, 0.03723537414965997, 0.043, 0.053, 0.06368163265306113, 0.07386734693877557, 0.085, 0.09837925170068018, 0.119, 0.13276704828272778, 0.15842176870748298, 0.186, 0.20294938775510216, 0.22381881533101042, 0.26109632653061227, 0.2819419152276296, 0.317, 0.33411673469387754, 0.36748979591836717, 0.3807378335949763, 0.4232571428571429, 0.454, 0.47177708006279445, 0.5042775510204082, 0.5286573129251699, 0.5498010204081634, 0.574, 0.6083296703296702, 0.628, 0.6536122448979588, 0.6783689167974881, 0.7031255886970174, 0.7188724489795912, 0.7502122448979591, 0.7710579150579149, 0.787, 0.805, 0.8307712137486573, 0.8459862107004964, 0.8706938775510206, 0.8937265306122447, 0.919]",2.4,25,-7.2,1.04,1.038
96,"[0.001, 0.003, 0.005315597667638503, 0.009, 0.011, 0.013937205651491334, 0.018829154518950467, 0.02370238095238103, 0.03010775510204084, 0.0360884353741489, 0.04269727891156453, 0.050517006802720914, 0.0591683673469388, 0.069, 0.08144314868804657, 0.09262925170068013, 0.11144897959183651, 0.13032496075353203, 0.14594784580498865, 0.17448299319727908, 0.19412244897959147, 0.22142857142857128, 0.248, 0.27492979591836736, 0.30469858712715847, 0.335, 0.3505502040816325, 0.38074677217825903, 0.4164171428571428, 0.441, 0.477, 0.503037551020408, 0.5299058084772373, 0.5519005102040814, 0.574, 0.598, 0.63, 0.651, 0.6723219954648524, 0.6990981798124654, 0.722578775510204, 0.7435510204081635, 0.769, 0.7884149659863948, 0.807, 0.83088775510204, 0.8547074829931971, 0.8687730612244897, 0.8913971742543167, 0.915]",2.4,25,-7.2,1.038,1.039
97,"[0.003, 0.004053630754627455, 0.005795123244102835, 0.007361135758651309, 0.00926625533934509, 0.011149476006618893, 0.01411346938775514, 0.015927223719676566, 0.019419294990723555, 0.021110204081632753, 0.025004897959183838, 0.028917439703153983, 0.03325387755102014, 0.038479183673469315, 0.04280451127819531, 0.047843042671613975, 0.05306413994169071, 0.060072820037105644, 0.06662265722615573, 0.07746938775510138, 0.08677004373177839, 0.09922619047619038, 0.11022789115646241, 0.12800326530612222, 0.13770775510204072, 0.15122612244897946, 0.16499673469387746, 0.1834664723032068, 0.19946428571428565, 0.2205068946497513, 0.23828107606679036, 0.2472766439909291, 0.26623299319727856, 0.2830156985871263, 0.29837632653061225, 0.3142261904761899, 0.33300340136054435, 0.34618653061224486, 0.360490612244898, 0.3793093447905478, 0.397170784103115, 0.4098257032542746, 0.4247972350230416, 0.43700526662277805, 0.45759183673469417, 0.47011102040816305, 0.48684100616990994, 0.501722135007849, 0.5238979591836731, 0.535]",4.8,25,-7.2,0.662,0.703
98,"[0.003, 0.0037383673469387887, 0.004768926925608955, 0.007438397581254706, 0.009186674669867882, 0.011283341243474129, 0.013643586005830877, 0.015833887043189335, 0.018786676934924872, 0.02157442977190875, 0.024494693877550933, 0.02688320251177389, 0.032450645564348096, 0.03489693877551023, 0.040617142857143, 0.045545918367346984, 0.05073551020408173, 0.05516853192890061, 0.06142427497314721, 0.06744832126398947, 0.07604739960500315, 0.08703007518796999, 0.09235034013605437, 0.11068707482993191, 0.11874113856068726, 0.1391869829012686, 0.14651962323390874, 0.16486394557823048, 0.18540476190476132, 0.20328530612244905, 0.22018367346938794, 0.23839755102040813, 0.2508710204081633, 0.2686889795918368, 0.2864173261141192, 0.3036071428571431, 0.31967176870748293, 0.3366799140708912, 0.3562329931972788, 0.3706655694535879, 0.39276452119309296, 0.4078244897959182, 0.4177802197802199, 0.43774829931972764, 0.45348410061699096, 0.46795421952564803, 0.4861795918367346, 0.4997861224489796, 0.5248506981740062, 0.541]",4.8,25,-7.2,0.678,0.689
99,"[0.003, 0.0042583673469387875, 0.0050137442732194944, 0.006779711884753908, 0.008565202352127235, 0.011124822021832008, 0.01274693877551016, 0.01551428571428561, 0.018390580847723693, 0.021518738404452627, 0.024914070891514456, 0.026896326530612177, 0.03129950358521787, 0.03453432282003674, 0.03973714285714265, 0.04439795918367351, 0.04956150027578587, 0.055813104189043915, 0.059848549946293954, 0.0654859990507831, 0.07573877551020393, 0.08238285714285708, 0.09125442176870763, 0.10076979591836721, 0.11372712310730741, 0.13063346938775483, 0.14429251700680262, 0.16348734693877517, 0.1774945054945053, 0.1996900165471592, 0.21934730983302414, 0.2345969387755102, 0.25519102040816316, 0.2711476906552092, 0.2854359183673471, 0.3054835164835163, 0.32413010204081616, 0.33932993197278905, 0.3526326530612243, 0.36838605442176825, 0.39509877551020384, 0.4092244897959183, 0.4212114285714285, 0.44208052950910076, 0.45719081632653075, 0.4790105332455562, 0.49124829931972724, 0.506146122448979, 0.5271802721088437, 0.551]",4.8,25,-7.2,0.684,0.686
100,"[0.003, 0.004181272509003542, 0.005333090379008712, 0.007509371095376784, 0.008798796441653567, 0.011178178963893176, 0.01343918367346932, 0.016434402332361518, 0.0187689795918367, 0.021191573403554865, 0.02461765930862138, 0.027373930217248058, 0.03236568096626404, 0.03472028811524596, 0.04027649769585241, 0.044355918367346855, 0.048608979591836604, 0.05446221731936018, 0.0619136577708005, 0.06827389903329728, 0.07577394034536894, 0.07976103896103892, 0.09122118036403751, 0.1040839002267572, 0.11931346938775497, 0.13232653061224492, 0.14549659863945455, 0.16337048665620094, 0.18068571428571414, 0.19674489795918332, 0.2163689167974876, 0.23109353741496616, 0.2463756205184776, 0.26463791968400263, 0.28435410921125204, 0.30303571428571396, 0.3129102040816325, 0.33453061224489783, 0.34778401360544237, 0.367938775510204, 0.3840102040816315, 0.40377551020408137, 0.4192685714285714, 0.4292669720949604, 0.45015918367346935, 0.47111224489795883, 0.4836258503401358, 0.5072677551020411, 0.520495863210149, 0.542]",4.8,25,-7.2,0.676,0.678
