0,1,2,3,4
0.1919637,0.19898154,0.19400838,0.20912372,0.20592263
0.18909621,0.19524054,0.18908757,0.2108106,0.21576512
0.18786173,0.19201817,0.18914266,0.21154782,0.21942966
0.18719263,0.19115461,0.18706845,0.212976,0.22160834
0.18645889,0.19032261,0.18751614,0.2124584,0.22324397
0.19197348,0.19959521,0.19422597,0.20768009,0.20652522
0.18979295,0.19427887,0.18820663,0.2102194,0.21750213
0.18678266,0.18993047,0.18818182,0.21192817,0.22317691
0.18823305,0.19104841,0.18844882,0.21010813,0.22216164
0.18675148,0.18806152,0.18689601,0.21231101,0.22597995
0.1920597,0.19851968,0.19385777,0.20827934,0.20728356
0.1893792,0.19548172,0.18777207,0.21027102,0.21709605
0.1882081,0.1903003,0.18785019,0.21076836,0.22287303
0.18742704,0.1936573,0.18742847,0.2108028,0.22068438
0.18708651,0.19024684,0.18524566,0.21251713,0.22490388
0.1898774,0.19903506,0.19500257,0.20726435,0.20882061
0.19076169,0.19365141,0.1891482,0.20926453,0.21717417
0.18900499,0.19663109,0.18710318,0.20989937,0.21736139
0.18870549,0.1908556,0.18827657,0.20984843,0.22231391
0.18824646,0.190744,0.18921512,0.20898287,0.22281152
0.18985789,0.1990562,0.19470853,0.20814532,0.20823203
0.18884656,0.19388092,0.18907808,0.20904785,0.21914656
0.1865631,0.19536737,0.18753028,0.21051478,0.22002447
0.18682264,0.18923378,0.18833588,0.2099943,0.22561337
0.1862432,0.19392797,0.18795371,0.20942655,0.22244854
0.190792,0.20165163,0.19251633,0.20758383,0.20745616
0.18717058,0.19550994,0.18893988,0.20944872,0.21893091
0.18662849,0.19333637,0.18851028,0.20916569,0.22235915
0.18676963,0.18645957,0.18821114,0.2102394,0.22832026
0.18755865,0.18892635,0.1876301,0.2091092,0.22677565
0.18879674,0.20232233,0.19376817,0.20677541,0.20833734
0.188559,0.19881073,0.18800645,0.2082387,0.21638511
0.1876279,0.19608796,0.18654734,0.20944458,0.2202922
0.18839537,0.19615996,0.18709435,0.20812826,0.22022213
0.1869228,0.19111557,0.18890484,0.20831278,0.224744
0.18912919,0.20229796,0.19370274,0.20684987,0.20802021
0.1886041,0.19521165,0.19005305,0.20698899,0.21914223
0.18769075,0.19443941,0.18953213,0.20747678,0.22086093
0.18594089,0.19498609,0.18823554,0.20892327,0.22191422
0.18720505,0.19289325,0.18723853,0.208827,0.22383614
0.18958423,0.20406562,0.19286989,0.20632215,0.20715812
0.188217,0.19729565,0.18868113,0.20744087,0.21836534
0.18822971,0.19593158,0.18790145,0.20777835,0.22015893
0.18552221,0.197003,0.18697363,0.20888244,0.22161868
0.18668212,0.19618808,0.18578516,0.20955287,0.22179174
0.19194496,0.20429127,0.18965489,0.20596917,0.20813972
0.1873893,0.20066099,0.18856226,0.20754021,0.21584725
0.1874037,0.20088878,0.18816721,0.20722508,0.21631517
0.1859138,0.19422114,0.18835823,0.20874734,0.2227595
0.18668792,0.1999917,0.18779369,0.20743832,0.21808836
0.19327,0.20497212,0.19170384,0.20436132,0.20569275
0.18766136,0.20317452,0.18985727,0.2061245,0.21318235
0.18740886,0.20208205,0.18874812,0.20659015,0.21517086
0.18701279,0.20036362,0.18991059,0.2061061,0.2166069
0.18598706,0.20389342,0.18730338,0.20739877,0.2154174
0.19219413,0.20586045,0.18958789,0.20628743,0.2060701
0.18905404,0.20008968,0.19124232,0.2051938,0.21442011
0.18783826,0.20397072,0.1882743,0.20590724,0.21400951
0.1875945,0.20335585,0.19038932,0.20535812,0.2133022
0.18813647,0.20079044,0.18972123,0.20577782,0.21557404
0.193204,0.20489873,0.19238386,0.20396341,0.20554999
0.18942057,0.20359187,0.18991902,0.20573068,0.2113379
0.18919197,0.20219582,0.18960357,0.20573373,0.21327491
0.1877532,0.20328987,0.18766974,0.20689362,0.21439359
0.18680069,0.20165616,0.18955988,0.20637539,0.21560793
0.1936404,0.20584284,0.1910293,0.20444776,0.2050397
0.18887278,0.20413041,0.19024685,0.20554031,0.21120964
0.18948223,0.20376405,0.18925872,0.205736,0.21175902
0.18844172,0.20535593,0.18798748,0.20609283,0.21212202
0.18686536,0.20348689,0.18847965,0.20686539,0.2143027
0.19335885,0.20587102,0.19149806,0.20453133,0.20474078
0.19005844,0.2049253,0.18933184,0.20582917,0.20985524
0.18699814,0.20278066,0.19045301,0.20604733,0.21372084
0.18890019,0.20731305,0.18755622,0.20642592,0.20980461
0.18795905,0.20324482,0.18805969,0.20641057,0.21432589
0.19503272,0.2062291,0.19158939,0.20352755,0.20362125
0.19102478,0.20692629,0.18978699,0.20461662,0.20764534
0.18879308,0.20487371,0.189414,0.20568532,0.21123388
0.1896133,0.20674303,0.1871052,0.20608109,0.21045743
0.19008467,0.20592953,0.18780185,0.20520261,0.21098134
0.19437826,0.20607306,0.19274071,0.20330182,0.20350616
0.1900135,0.20787114,0.18913929,0.20533726,0.2076388
0.19029264,0.20580146,0.18800397,0.2056492,0.21025273
0.18905339,0.20367675,0.19025274,0.20507514,0.21194202
0.18949983,0.20562775,0.18818271,0.20537782,0.21131192
0.19439444,0.20675556,0.19296266,0.2036217,0.2022656
0.19197077,0.20664188,0.19072571,0.20455751,0.20610416
0.1908734,0.20572913,0.18761572,0.20588405,0.20989768
0.19060385,0.20363835,0.18895984,0.20507361,0.21172436
0.18924908,0.20671365,0.18835664,0.20556597,0.21011466
0.19657184,0.20575194,0.19217536,0.20245707,0.2030438
0.19185363,0.20615543,0.19014277,0.20492013,0.20692806
0.18998224,0.20652397,0.18969673,0.20460996,0.2091871
0.19024764,0.20517977,0.18868577,0.20567857,0.21020824
0.18793742,0.20693025,0.18660212,0.20696186,0.2115684
0.1960079,0.20615418,0.19325507,0.20304015,0.2015427
0.19279085,0.20698267,0.19197595,0.20337334,0.20487711
0.19036245,0.20747669,0.18831643,0.20539738,0.2084471
0.19167762,0.20633052,0.18851563,0.20498471,0.20849149
0.18979812,0.20865378,0.18772177,0.20591894,0.20790738
0.19723968,0.20575403,0.19235314,0.20299704,0.20165612
0.19377325,0.20611651,0.19057457,0.20415777,0.20537785
0.19054438,0.20762378,0.19087541,0.20436335,0.20659311
0.1904012,0.20476724,0.18910645,0.20524439,0.21048066
0.19038184,0.20779319,0.18672058,0.20608449,0.20901985
0.19833212,0.20594855,0.19207206,0.20332988,0.20031734
0.19500728,0.20742877,0.19140166,0.20360549,0.20255679
0.19106619,0.2075655,0.18913832,0.20559463,0.20663536
0.19259876,0.2089709,0.18580395,0.20603377,0.20659257
0.19243333,0.20726395,0.18564446,0.20618524,0.20847303
0.1981455,0.20585458,0.19405504,0.2024587,0.19948621
0.19463086,0.20942156,0.19089901,0.20364526,0.20140335
0.19268882,0.20722614,0.18799867,0.20559268,0.20649368
0.19158347,0.20892262,0.187608,0.20551573,0.20637023
0.18974878,0.20733176,0.1885842,0.20586812,0.20846714
0.19711623,0.20604183,0.19482541,0.20260116,0.19941537
0.19512932,0.20732227,0.1920588,0.20311444,0.20237513
0.19180252,0.20817538,0.18933448,0.20525086,0.2054368
0.19198734,0.2058705,0.19024338,0.20430958,0.20758918
0.1914073,0.20894586,0.18853998,0.20469067,0.2064162
0.1988795,0.20535682,0.19509745,0.20183925,0.19882701
0.19565125,0.20809652,0.19297922,0.20247032,0.20080265
0.19471748,0.20748097,0.19013056,0.20428148,0.2033895
0.19323064,0.20736508,0.18819596,0.20489185,0.20631647
0.19265495,0.20977297,0.18776438,0.20476818,0.20503953
0.20012425,0.20553152,0.1940199,0.20274176,0.19758259
0.19650076,0.20900923,0.19061795,0.20382293,0.2000491
0.19238527,0.20884371,0.1890761,0.20560224,0.20409265
0.1919987,0.20929235,0.18898055,0.2049472,0.20478117
0.19366051,0.20788969,0.18776944,0.20472406,0.20595628
0.19974251,0.20544186,0.1950558,0.2021119,0.19764796
0.19647953,0.2087491,0.19244084,0.20273532,0.1995952
0.19237314,0.20998743,0.18984507,0.20422915,0.2035652
0.19158141,0.20959786,0.18769574,0.20598145,0.20514356
0.19282499,0.2087038,0.18781269,0.20535885,0.20529972
0.2013832,0.20548339,0.1936114,0.2025919,0.19693008
0.19660997,0.20877387,0.1914683,0.20322569,0.19992217
0.19247751,0.21035063,0.19009347,0.20441693,0.20266142
0.19288869,0.20804627,0.1895289,0.2045462,0.20498993
0.1930228,0.20824356,0.18784611,0.20586987,0.20501769
0.20143186,0.20482409,0.19441192,0.20265085,0.19668128
0.19538853,0.2092976,0.19204837,0.20390715,0.19935836
0.19355617,0.20980167,0.18934913,0.20468645,0.20260653
0.1928918,0.2088583,0.1884589,0.20574416,0.20404685
0.19248025,0.20959264,0.18706,0.20564365,0.20522344
0.20189722,0.20509376,0.19287382,0.20329319,0.19684204
0.19658709,0.20785597,0.19254802,0.20291755,0.20009144
0.19372383,0.20838374,0.19071904,0.20412451,0.20304893
0.19126335,0.21037495,0.18821731,0.20592114,0.20422329
0.19244656,0.20919104,0.18626718,0.20680048,0.20529473
0.20118901,0.20463033,0.1963057,0.20166212,0.1962128
0.19544376,0.20965935,0.1913544,0.20442463,0.19911784
0.19446337,0.20859064,0.19017573,0.2039266,0.20284368
0.19329192,0.21031438,0.1875247,0.20529538,0.20357355
0.19288044,0.20886916,0.1869644,0.20617181,0.20511417
0.20160371,0.2046635,0.19347088,0.2031887,0.19707319
0.196518,0.21004489,0.19035636,0.20434186,0.19873889
0.19402097,0.2097894,0.18936723,0.20536202,0.20146042
0.19381028,0.20944361,0.18653366,0.20593728,0.20427513
0.19454153,0.20788258,0.18821748,0.20490912,0.20444933
0.20037389,0.20600091,0.19524541,0.20308393,0.19529586
0.1958544,0.21000102,0.1921022,0.20412335,0.19791904
0.19501947,0.21096568,0.18954225,0.2044171,0.20005557
0.19301926,0.20858727,0.18908222,0.20517635,0.20413491
0.19235928,0.21057141,0.1857169,0.2067251,0.20462735
0.202306,0.20558284,0.19309974,0.20363398,0.19537745
0.19602266,0.21022227,0.19177198,0.20378286,0.19820018
0.19522586,0.2099978,0.18913144,0.20414086,0.20150404
0.19264995,0.21197061,0.18597473,0.20690177,0.20250294
0.19292507,0.20945002,0.18672864,0.20578605,0.20511019
0.20212771,0.20515232,0.19387197,0.20312095,0.1957271
0.19541064,0.21045971,0.19124378,0.20439923,0.1984866
0.19406204,0.2087907,0.19049588,0.20435989,0.20229153
0.19288161,0.2096674,0.18738994,0.20567444,0.20438655
0.1925479,0.21233721,0.18519628,0.20668738,0.20323122
0.20210741,0.20578636,0.19372588,0.20352145,0.19485888
0.19657004,0.20988041,0.19138595,0.2040542,0.19810936
0.19446018,0.21130352,0.18907987,0.2047242,0.20043224
0.19275525,0.2094221,0.18697469,0.20585707,0.20499091
0.19162937,0.21141672,0.18489029,0.20682134,0.20524228
0.20248306,0.20512311,0.1936591,0.20341899,0.19531576
0.19582026,0.21083447,0.18916963,0.20483938,0.19933622
0.1926231,0.21058679,0.18766019,0.20674947,0.20238043
0.19227082,0.21186496,0.1852169,0.2070607,0.2035866
0.19344944,0.21044424,0.18704571,0.20508486,0.20397577
0.202438,0.20535,0.19336547,0.2035584,0.19528812
0.1946848,0.21075487,0.19044548,0.20499906,0.19911575
0.1945159,0.20881559,0.18778458,0.2053149,0.20356902
0.1934308,0.21061848,0.18732302,0.20558466,0.20304301
0.19260354,0.21026166,0.18570986,0.20688783,0.2045371
0.20313522,0.20612955,0.19241285,0.20376222,0.19456013
0.19528247,0.21114795,0.1903132,0.2054117,0.19784465
0.19330642,0.21173392,0.18722045,0.20613678,0.20160241
0.19394213,0.20832641,0.18673563,0.20552745,0.2054684
0.19170052,0.21118604,0.18468621,0.2064879,0.20593932
0.20244463,0.2065601,0.19128695,0.20523456,0.19447374
0.19670363,0.2118095,0.18804967,0.20574804,0.1976892
0.19454771,0.21137957,0.1878938,0.20567822,0.2005007
0.19231692,0.21105333,0.18569045,0.20692912,0.20401022
0.1921502,0.20997404,0.18419072,0.20788282,0.2058022
0.20087673,0.20698193,0.1937238,0.20490932,0.19350822
0.19584535,0.2094486,0.1904379,0.20508356,0.1991846
0.19165818,0.21300021,0.1864695,0.20674825,0.2021239
0.19224593,0.20895417,0.1860791,0.20663978,0.20608102
0.19112763,0.21107195,0.18554834,0.2067711,0.20548095
0.20252973,0.2065394,0.19283059,0.20447157,0.1936287
0.1937361,0.21202527,0.19106482,0.20558883,0.19758496
0.19188863,0.21137999,0.18826802,0.2060779,0.20238544
0.19045652,0.21309537,0.18512385,0.20748466,0.20383966
0.19151339,0.21062694,0.18535104,0.20685473,0.20565394
0.20125096,0.20711216,0.19288594,0.20518439,0.19356655
0.19453481,0.21165054,0.1905909,0.20549698,0.19772676
0.19213802,0.21145055,0.18783176,0.20595616,0.20262353
0.191119,0.2090171,0.18665549,0.20691863,0.20628983
0.19092059,0.21237391,0.18451819,0.20763125,0.20455603
0.20153552,0.207775,0.19254756,0.20621948,0.19192244
0.1915125,0.21354121,0.19214502,0.20623988,0.19656138
0.19038342,0.21321037,0.18815927,0.2068811,0.20136584
0.189313,0.21076988,0.18797426,0.20691752,0.20502537
0.18939543,0.21440476,0.18667659,0.20709406,0.20242918
0.20251001,0.20749451,0.1931348,0.20572661,0.19113404
0.19444701,0.1920851,0.20133771,0.20763457,0.20449568
0.19065374,0.183117,0.19550277,0.20925662,0.22146986
0.18958427,0.1872636,0.20125954,0.20894876,0.21294388
0.19046926,0.18327262,0.19089852,0.21112889,0.2242307
0.18895176,0.17607532,0.19254442,0.21129411,0.23113438
0.19410291,0.19358212,0.19831233,0.20817403,0.20582859
0.19052252,0.18710963,0.1918623,0.21004552,0.22046001
0.18959247,0.18690541,0.19086376,0.21021247,0.22242592
0.1891018,0.18177971,0.19064017,0.21107706,0.22740124
0.1894218,0.1772371,0.19159655,0.21059433,0.23115025
0.19373813,0.19654971,0.19697219,0.20769183,0.20504814
0.18926996,0.1906382,0.19089799,0.21012393,0.21906997
0.19003937,0.19066995,0.18924507,0.2097049,0.22034071
0.18855251,0.18541947,0.189926,0.2102179,0.22588417
0.18906952,0.18096578,0.18999326,0.21083498,0.22913639
0.1923713,0.20010917,0.19684029,0.20608674,0.20459251
0.19144924,0.19340199,0.18907946,0.20946151,0.21660782
0.18979901,0.18853799,0.19025786,0.20941013,0.22199504
0.18842505,0.18940578,0.19014116,0.20942979,0.22259827
0.1884332,0.1849748,0.1906291,0.20962115,0.22634177
0.19148429,0.19541973,0.19733898,0.20854945,0.20720756
0.19023392,0.1927641,0.19071007,0.2081557,0.21813615
0.18975547,0.18465354,0.18918358,0.21034648,0.22606097
0.18950282,0.18398222,0.18911128,0.21010436,0.2272993
0.18913628,0.18913983,0.18766822,0.21035713,0.22369856
0.19199464,0.19733688,0.19590934,0.20770718,0.20705196
0.19082174,0.19343151,0.18842277,0.20937489,0.21794915
0.18935175,0.1877458,0.18989992,0.20906308,0.22393948
0.18940064,0.18986976,0.18920039,0.20844789,0.22308135
0.1890502,0.18456191,0.18893273,0.209825,0.22763017
0.19287369,0.19994843,0.19194219,0.20787202,0.20736365
0.19102645,0.18962483,0.1894914,0.20848519,0.22137214
0.1894504,0.18733062,0.18911648,0.20890199,0.22520055
0.18840127,0.1897892,0.18922669,0.2088771,0.2237057
0.18817392,0.18821527,0.18945028,0.20875871,0.2254018
0.1910736,0.20107813,0.19319285,0.20761481,0.20704062
0.19051139,0.19272819,0.18991916,0.20771383,0.21912746
0.1895694,0.18907301,0.18885158,0.20886125,0.22364473
0.18951578,0.1928421,0.18831627,0.20786436,0.22146155
0.18849309,0.1898653,0.1881991,0.20892175,0.22452076
0.19200127,0.19983917,0.19298771,0.20759809,0.20757374
0.19054943,0.19478618,0.1891513,0.20795897,0.21755415
0.19066569,0.19479597,0.18884194,0.20715833,0.21853805
0.18955667,0.1873591,0.18805356,0.20897606,0.22605464
0.18884273,0.19088703,0.18648517,0.20947368,0.22431135
0.192621,0.20136651,0.19246605,0.20672221,0.20682424
0.18965246,0.19458865,0.1887783,0.20806985,0.21891075
0.19001865,0.19475336,0.18803102,0.20777877,0.21941821
0.18988587,0.19186684,0.1895364,0.20703383,0.22167708
0.18854609,0.19460587,0.18682413,0.20856446,0.22145943
0.19543536,0.20326336,0.19011554,0.20544909,0.20573667
0.19090359,0.19816178,0.18719274,0.20823117,0.21551073
0.18832098,0.19654955,0.1873772,0.20885132,0.21890089
0.19035093,0.19302404,0.18783604,0.20759158,0.22119738
0.18906735,0.18942596,0.18915392,0.20727168,0.22508109
0.1920518,0.2022936,0.19064622,0.20641154,0.20859683
0.19342642,0.19518368,0.18888356,0.2057308,0.2167755
0.19137335,0.19056557,0.18763636,0.20769,0.22273472
0.19017385,0.19711266,0.18650913,0.20798086,0.21822348
0.1893564,0.19124857,0.18698494,0.20851457,0.22389552
0.19462197,0.20288558,0.19039246,0.20550498,0.20659502
0.1911765,0.19675191,0.18802007,0.20735481,0.21669668
0.1904403,0.19570196,0.186846,0.20797642,0.21903533
0.19020571,0.19700278,0.18425244,0.20918044,0.21935856
0.18919882,0.19636586,0.18637863,0.20828737,0.21976931
0.19527583,0.20328152,0.18894944,0.20575775,0.20673543
0.18989894,0.19974984,0.18744719,0.20779587,0.21510816
0.19105716,0.19808751,0.18580273,0.20756733,0.21748523
0.19240825,0.19498858,0.18604746,0.20702997,0.21952572
0.1905255,0.20000684,0.18555883,0.20743957,0.21646927
0.1956332,0.20364146,0.18991888,0.20511748,0.205689
0.19321895,0.19800703,0.1885683,0.20546083,0.21474494
0.19150487,0.19454156,0.1862172,0.20781131,0.21992508
0.19137782,0.20034339,0.18561679,0.20720424,0.21545774
0.18957175,0.19810498,0.18892571,0.20628525,0.21711238
0.19450219,0.2043845,0.18971032,0.20529442,0.20610857
0.19074301,0.20146193,0.18616177,0.20789494,0.21373838
0.19110996,0.20109099,0.18609436,0.20741862,0.21428603
0.19146125,0.19730796,0.18634152,0.20738627,0.21750301
0.19107538,0.20002112,0.18702573,0.20665953,0.21521825
0.19668528,0.20527843,0.18827027,0.20557465,0.20419143
0.19160122,0.19965139,0.18788692,0.20695446,0.21390603
0.19155374,0.20184763,0.18624543,0.20659265,0.21376055
0.19228368,0.19769466,0.18761969,0.20558357,0.21681839
0.18878528,0.2005668,0.18637604,0.20812002,0.21615186
0.19523005,0.20574775,0.18765004,0.20599744,0.20537476
0.19331771,0.20134309,0.18855906,0.20543046,0.21134973
0.1925097,0.19866632,0.18828425,0.20568173,0.21485803
0.19207641,0.20121549,0.18798913,0.2054931,0.21322581
0.18958537,0.20271087,0.18709664,0.20676619,0.21384093
0.19485368,0.20528364,0.18899809,0.20609596,0.20476858
0.19133322,0.20296025,0.18735464,0.20689593,0.21145593
0.19144177,0.2001018,0.18794237,0.20603517,0.21447888
0.19249196,0.2020423,0.18852267,0.20492883,0.21201424
0.19077764,0.20233421,0.18635705,0.20666283,0.2138683
0.1960527,0.20593473,0.18978286,0.20472334,0.20350637
0.1935304,0.2034302,0.18834348,0.20493825,0.2097577
0.19218077,0.2007347,0.18751878,0.20607154,0.2134942
0.19146055,0.2046198,0.18981874,0.20432687,0.20977403
0.19202256,0.19921911,0.18811189,0.20553856,0.21510787
0.19722812,0.20518707,0.19053838,0.20365645,0.20339
0.19318622,0.20364946,0.19055812,0.20392053,0.2086857
0.1936594,0.20051979,0.1896284,0.20406313,0.21212924
0.19292729,0.20180872,0.18876667,0.20467639,0.211821
0.19188307,0.20435116,0.18784042,0.20548223,0.21044312
0.19805688,0.2053225,0.19201918,0.20327105,0.20133036
0.1935321,0.20358665,0.19087572,0.2045221,0.20748341
0.19188441,0.20425779,0.18948852,0.20530935,0.20906
0.19213063,0.2029109,0.18841965,0.20529905,0.21123973
0.19298507,0.20060262,0.1892304,0.20422247,0.21295941
0.19776994,0.20586716,0.18952733,0.20497407,0.2018615
0.19271965,0.20532435,0.18885617,0.20528308,0.20781675
0.19253656,0.20286015,0.18977824,0.20466982,0.21015523
0.19352958,0.20238861,0.18847823,0.20446281,0.21114078
0.19221449,0.20397358,0.187201,0.20547134,0.21113959
0.19680022,0.20504688,0.19203775,0.2035545,0.20256066
0.1952208,0.20430467,0.18919876,0.20426437,0.20701143
0.193724,0.20558049,0.18769749,0.2050398,0.20795828
0.19370377,0.20582962,0.1883402,0.20426446,0.20786193
0.19333392,0.20425826,0.18863748,0.20437722,0.2093931
0.19922836,0.20500967,0.19253911,0.20231777,0.20090507
0.19451384,0.20433216,0.19029853,0.20419954,0.20665593
0.1935236,0.2062706,0.18901365,0.2051103,0.20608188
0.1921785,0.20493075,0.18885036,0.20479958,0.20924078
0.19278812,0.20224896,0.18882762,0.20485811,0.21127717
0.19852781,0.20569137,0.19273244,0.20340534,0.19964305
0.19546753,0.20495848,0.19353792,0.20246941,0.20356667
0.19280642,0.20510305,0.19006792,0.20414655,0.20787603
0.19435178,0.2052531,0.1881201,0.20409298,0.20818204
0.19369982,0.20249334,0.18913217,0.20420358,0.21047114
0.19862698,0.20492207,0.19420005,0.20267218,0.19957869
0.19572218,0.20753503,0.19038849,0.20388263,0.20247167
0.194691,0.20490734,0.18827468,0.20480351,0.20732343
0.19335246,0.2054465,0.18736085,0.20537832,0.20846187
0.19381624,0.20699468,0.18592817,0.2059042,0.20735669
0.2007088,0.20540158,0.19126907,0.20356302,0.19905752
0.19783771,0.20640461,0.1904033,0.20351255,0.20184183
0.19533892,0.2046506,0.18916693,0.2042017,0.20664188
0.19552675,0.20593467,0.18865646,0.20386426,0.20601788
0.19302735,0.20749293,0.18584469,0.20603508,0.20759998
0.20214917,0.2049132,0.19120683,0.20349324,0.19823758
0.19668484,0.2064841,0.1900552,0.20395368,0.20282215
0.19449626,0.20728159,0.1894354,0.20426606,0.2045207
0.19270697,0.20840071,0.18778957,0.20583649,0.20526622
0.19387789,0.20602524,0.1882918,0.20482807,0.20697701
0.199443,0.20499846,0.19376,0.20309661,0.19870193
0.19619896,0.20806679,0.19101252,0.2037129,0.20100887
0.19416551,0.20470835,0.18894228,0.20496616,0.2072177
0.19560325,0.20459977,0.18790874,0.20434697,0.20754123
0.19452514,0.20760942,0.18753977,0.2047616,0.2055641
0.20232326,0.2039944,0.1943088,0.20180118,0.19757238
0.19615173,0.20770335,0.19042572,0.20392603,0.20179318
0.19446689,0.20748042,0.18863548,0.20466605,0.20475113
0.1945864,0.20801136,0.18746667,0.20523329,0.20470226
0.19350499,0.20546235,0.18798253,0.20438614,0.208664
0.20068932,0.20523371,0.19231337,0.20313334,0.19863023
0.19516717,0.20545141,0.19119054,0.20392501,0.20426589
0.19500062,0.20594604,0.19011731,0.20372938,0.20520663
0.1923613,0.20546564,0.18910344,0.20516539,0.20790426
0.19361484,0.20839088,0.18721367,0.20523685,0.20554377
0.2021468,0.20485176,0.19096814,0.20395152,0.19808178
0.19637996,0.2067352,0.19133855,0.20343529,0.202111
0.19352175,0.20788945,0.18806233,0.20542158,0.2051049
0.19336605,0.2053662,0.18863706,0.20526953,0.20736116
0.19273117,0.20657682,0.1866319,0.20619592,0.20786417
0.20198601,0.20441271,0.19308202,0.20324707,0.19727221
0.19463187,0.20811869,0.1893674,0.20499752,0.20288451
0.19386508,0.206036,0.188187,0.20566443,0.20624754
0.19356695,0.20768842,0.18646184,0.20621422,0.20606858
0.19143029,0.20525707,0.18824676,0.20593339,0.20913249
0.1998454,0.20493093,0.19368996,0.20375714,0.19777656
0.19605723,0.20681198,0.19206004,0.20322892,0.20184179
0.19437793,0.20860365,0.18849966,0.20476088,0.2037579
0.19227368,0.20386033,0.18857722,0.20552032,0.20976849
0.19419667,0.20564993,0.18662798,0.20520672,0.20831865
0.20118813,0.20534313,0.19190294,0.20420125,0.19736452
0.19525476,0.20780884,0.19084354,0.20429307,0.20179984
0.19448103,0.20554776,0.18923214,0.20451458,0.20622446
0.19348152,0.2061552,0.1878141,0.20490529,0.20764388
0.19476123,0.2034016,0.18520094,0.2060615,0.21057472
0.20203613,0.20526941,0.19154444,0.20468348,0.1964665
0.19545594,0.20745811,0.18963946,0.20491335,0.20253317
0.19308162,0.20895393,0.18605384,0.20632763,0.20558298
0.19332129,0.2055413,0.18771239,0.20547658,0.20794846
0.19371152,0.20927507,0.1844929,0.20638177,0.20613869
0.20188001,0.20496932,0.19205278,0.2040307,0.19706722
0.19446087,0.20934719,0.18795519,0.20581657,0.20242023
0.19206497,0.20760356,0.18738595,0.20625448,0.20669107
0.19362491,0.20702113,0.18480076,0.20609455,0.20845865
0.1926269,0.20555362,0.18636762,0.20579532,0.20965655
0.20242427,0.20589723,0.18889095,0.20564854,0.19713897
0.19557789,0.20692751,0.19015464,0.20418315,0.20315684
0.19114734,0.20809393,0.18585983,0.20723568,0.20766324
0.193034,0.20286897,0.1882473,0.20507076,0.210779
0.19121343,0.20649096,0.18568479,0.20686498,0.2097459
0.20146081,0.20547067,0.19121225,0.20504154,0.19681478
0.19416776,0.20634985,0.18920922,0.20510222,0.20517093
0.19131795,0.20345834,0.186954,0.20685466,0.21141508
0.19122691,0.20420511,0.18596315,0.2066356,0.2119692
0.19097207,0.20697726,0.18405095,0.2071233,0.21087644
0.1994384,0.20660734,0.19156472,0.20591667,0.19647287
0.19321685,0.2077404,0.18870327,0.20573047,0.2046091
0.19218366,0.20549837,0.18628143,0.20629887,0.20973766
0.18934989,0.20485248,0.18436415,0.20781285,0.2136206
0.19067468,0.20193814,0.18493198,0.20715998,0.21529518
0.20155457,0.20652409,0.1905329,0.2046754,0.19671306
0.20702988,0.19646527,0.20218009,0.19924903,0.19507572
0.20227478,0.20300128,0.20078367,0.20002237,0.19391787
0.20017391,0.20335047,0.19909723,0.20061146,0.19676694
0.19886495,0.20461616,0.19705723,0.20220864,0.19725299
0.19856347,0.20414196,0.19898161,0.20070542,0.1976075
0.20644516,0.1963164,0.2008611,0.19976392,0.19661345
0.20269673,0.20312755,0.19933687,0.19999726,0.19484158
0.19848381,0.20370162,0.19882503,0.20077369,0.1982158
0.19853562,0.20449334,0.19837648,0.20139945,0.19719513
0.19840504,0.20425443,0.19715944,0.20172131,0.1984598
0.20532005,0.19708169,0.20098312,0.20030661,0.19630851
0.19895229,0.20371552,0.1997419,0.20157361,0.19601667
0.199611,0.2039257,0.19890767,0.20078802,0.19676763
0.19785142,0.20454688,0.19679286,0.20208047,0.19872835
0.19778316,0.20481676,0.19616428,0.20244108,0.19879474
0.20540299,0.19738683,0.20171395,0.19955724,0.19593903
0.20230733,0.20298317,0.19948524,0.20023954,0.19498473
0.1993843,0.20416164,0.19852985,0.20117693,0.19674727
0.19687778,0.20509529,0.19718415,0.20273247,0.19811031
0.19862854,0.20425448,0.19809914,0.20099083,0.19802704
0.2056471,0.19731875,0.20141168,0.20009667,0.19552581
0.19929971,0.20432459,0.1989702,0.20189215,0.1955134
0.19896497,0.20480496,0.19707496,0.20197298,0.19718212
0.1985577,0.20476565,0.19419032,0.20313473,0.1993516
0.19777834,0.20537889,0.19547713,0.20296904,0.19839652
0.20623869,0.19713013,0.20164742,0.1997725,0.19521129
0.20141289,0.20356362,0.19950606,0.2002614,0.19525608
0.20120615,0.2044004,0.19727315,0.20111452,0.19600572
0.19903798,0.20489848,0.19705224,0.20199491,0.1970164
0.19910511,0.20479245,0.1955632,0.20237543,0.19816382
0.20536965,0.1978314,0.20032164,0.20041807,0.1960592
0.20106782,0.20394754,0.20048699,0.20044257,0.19405513
0.2011233,0.20419191,0.1994048,0.20021883,0.1950612
0.19933,0.20506427,0.1972736,0.20145275,0.19687942
0.19861014,0.20504352,0.19575264,0.20224501,0.19834869
0.20643008,0.19760247,0.2008754,0.19977301,0.19531904
0.20227677,0.20340209,0.19871515,0.20032999,0.19527602
0.20108931,0.20456178,0.19695683,0.20153852,0.19585358
0.1992485,0.20460443,0.19736637,0.2015018,0.1972789
0.19835958,0.20505728,0.19777901,0.20159955,0.19720456
0.20942262,0.19587953,0.2005879,0.19914399,0.19496599
0.20169345,0.20372055,0.20025776,0.20039009,0.19393815
0.20013298,0.20499146,0.19741076,0.20192523,0.19553955
0.20043169,0.2053038,0.19628365,0.20174521,0.1962356
0.19906302,0.20543635,0.197228,0.20187809,0.19639455
0.2077227,0.19698158,0.20122784,0.19966117,0.19440667
0.20334354,0.203441,0.19861886,0.20090081,0.19369578
0.20016764,0.20426837,0.1996757,0.200818,0.1950703
0.19940202,0.20555453,0.19729497,0.20216574,0.19558276
0.19995481,0.2046709,0.1977121,0.20090172,0.19676048
0.20825145,0.19688337,0.20126508,0.19962351,0.1939766
0.20537296,0.20270447,0.19858393,0.19991419,0.19342443
0.20306228,0.2037703,0.19858062,0.19990882,0.19467798
0.20157234,0.20407131,0.19876921,0.19984928,0.19573788
0.20212732,0.20446384,0.19744591,0.20060718,0.19535577
0.20788269,0.19684602,0.19938742,0.20059127,0.1952926
0.20288193,0.20327717,0.2012475,0.20057382,0.19201958
0.20289306,0.20379497,0.19847901,0.20019087,0.19464202
0.20130612,0.20418121,0.19848442,0.20071629,0.1953119
0.2006471,0.20490813,0.19740738,0.2014627,0.19557472
0.2088193,0.19622281,0.20239724,0.19814622,0.19441442
0.20331359,0.20301269,0.20014845,0.20081902,0.19270623
0.20309916,0.2038329,0.1983182,0.20064744,0.1941023
0.19952874,0.20520258,0.19713306,0.20229682,0.19583875
0.20149522,0.20469923,0.197355,0.20094869,0.19550194
0.20953295,0.19607086,0.20172068,0.19855924,0.19411622
0.20507231,0.20249265,0.20007353,0.20012733,0.19223411
0.20225084,0.2032905,0.20121226,0.19962183,0.19362463
0.2015684,0.20388153,0.20131311,0.19975998,0.193477
0.20178558,0.20412031,0.1984986,0.20016228,0.19543323
0.20829351,0.1958345,0.20172335,0.19923726,0.19491138
0.20544942,0.20207635,0.20218585,0.1993461,0.19094229
0.20270726,0.20334443,0.20057964,0.19997197,0.1933967
0.20097354,0.20426324,0.1986148,0.20148604,0.1946624
0.20056684,0.20435828,0.19959463,0.20067315,0.19480714
0.20753282,0.19755222,0.20101874,0.19986553,0.19403073
0.20424871,0.20234084,0.20161182,0.19988048,0.19191818
0.20274322,0.2033735,0.20098555,0.19997643,0.19292125
0.20156397,0.20425448,0.19783476,0.20171073,0.1946361
0.20018038,0.20441405,0.19919552,0.2012671,0.19494297
0.20630695,0.1972972,0.20108597,0.20173344,0.19357644
0.204737,0.20235763,0.20078224,0.20009868,0.19202448
0.2020763,0.20356554,0.19930613,0.20109172,0.19396034
0.20124188,0.20396319,0.1989571,0.20103411,0.19480371
0.20267482,0.20364416,0.1982503,0.1999934,0.19543728
0.20805551,0.19660719,0.20214994,0.19939542,0.19379191
0.20658107,0.2018522,0.20235129,0.1989185,0.19029695
0.20300886,0.20357902,0.19912384,0.20100561,0.19328263
0.20105556,0.20411278,0.19874151,0.20144941,0.19464076
0.20081685,0.20384187,0.2013101,0.19967958,0.19435158
0.20703219,0.19734879,0.20134008,0.20052144,0.1937575
0.20505477,0.20208523,0.20206049,0.19980925,0.19099024
0.20266163,0.2033032,0.20095567,0.1999814,0.19309811
0.20072547,0.2044505,0.19898336,0.20169233,0.1941484
0.20191854,0.20343307,0.20088963,0.19903319,0.1947256
0.20689604,0.196956,0.20319034,0.1994051,0.19355252
0.20596214,0.20209995,0.20141767,0.19891284,0.19160739
0.20355013,0.20331682,0.20102224,0.19939129,0.19271953
0.20150776,0.20430613,0.19848609,0.20151287,0.19418715
0.20121537,0.20396076,0.19939569,0.20052977,0.19489843
0.20838661,0.19704755,0.20261797,0.19923906,0.19270878
0.20596293,0.20159954,0.20145732,0.19900844,0.1919718
0.20156798,0.20425746,0.19948177,0.20164794,0.19304481
0.20403263,0.2033833,0.19928129,0.19989151,0.19341126
0.19911975,0.20462996,0.1983938,0.20270053,0.19515596
0.20679282,0.19783907,0.20223425,0.20056443,0.19256948
0.20508607,0.202661,0.20107609,0.20033686,0.19083999
0.20331776,0.20306389,0.20088677,0.19992888,0.19280279
0.20190446,0.20393886,0.19993594,0.20087753,0.19334319
0.20362934,0.2030662,0.1993976,0.19946511,0.19444174
0.20910464,0.19644539,0.20107089,0.20006908,0.19331001
0.20633778,0.20189902,0.20191334,0.19940278,0.1904471
0.20436396,0.20243959,0.20187053,0.19975898,0.19156693
0.20161052,0.2046542,0.19875364,0.20156877,0.19341293
0.20216002,0.20401168,0.19981511,0.2007233,0.1932899
0.20870247,0.19717832,0.20198604,0.20003352,0.19209966
0.20576781,0.20192708,0.20268404,0.1992753,0.19034576
0.20315272,0.20310132,0.2010332,0.20042455,0.19228819
0.20352472,0.20339306,0.20020309,0.19992763,0.19295152
0.20040539,0.20436035,0.19967958,0.2012553,0.19429943
0.20933095,0.19678268,0.2007089,0.20033787,0.1928396
0.205535,0.2020178,0.20277657,0.19922918,0.1904414
0.20359467,0.20354758,0.19974911,0.20079441,0.19231421
0.20268172,0.20308991,0.2010902,0.20006357,0.1930746
0.20146874,0.20386012,0.19878136,0.20132151,0.19456825
0.2086378,0.19738236,0.20138028,0.2003591,0.19224046
0.2067932,0.2014515,0.20230779,0.19893292,0.1905146
0.20210679,0.20436943,0.19867916,0.20183314,0.19301143
0.20210195,0.20405987,0.19915129,0.20147862,0.19320825
0.20349763,0.20346098,0.1996639,0.2002774,0.19310008
0.20880842,0.197136,0.20087679,0.20083272,0.19234604
0.20409572,0.20250618,0.20154266,0.20063913,0.19121626
0.20453322,0.20299463,0.20110987,0.20026986,0.19109243
0.2028411,0.203814,0.1988119,0.20101331,0.19351973
0.20265119,0.20354584,0.19992025,0.20035152,0.19353119
0.20804712,0.19709067,0.2014712,0.20036045,0.19303054
0.2062943,0.2020746,0.20068376,0.19996981,0.19097748
0.20538594,0.20293894,0.1988891,0.20037189,0.19241412
0.20399155,0.20301443,0.19991793,0.2007511,0.19232501
0.20326787,0.20371982,0.19843636,0.20127787,0.19329806
0.20872834,0.19743389,0.19962394,0.20109981,0.19311401
0.20578283,0.20213826,0.20220642,0.19963388,0.19023864
0.2043948,0.20318207,0.1992621,0.20114985,0.19201118
0.20309615,0.20351934,0.19940446,0.20129445,0.19268556
0.20291539,0.20320307,0.1993438,0.20126078,0.19327691
0.20887497,0.1977323,0.20185931,0.20049903,0.19103435
0.20576014,0.20197241,0.20177284,0.19986938,0.19062524
0.2042731,0.2025711,0.20037413,0.2004628,0.19231887
0.20286055,0.2036225,0.19854139,0.20152034,0.19345516
0.20111336,0.20367697,0.20012355,0.20137446,0.19371168
0.20912178,0.19749905,0.2011688,0.20076382,0.19144656
0.20633811,0.20239063,0.19990082,0.20076805,0.19060238
0.20424972,0.20344636,0.19905324,0.2017193,0.19153136
0.20303218,0.20257808,0.20091242,0.20070845,0.1927689
0.20293877,0.20361249,0.19854288,0.20134011,0.19356577
0.20864496,0.1981454,0.19947384,0.20164244,0.19209336
0.20576373,0.20190498,0.20157968,0.20022893,0.19052273
0.2036363,0.20321992,0.19921008,0.20107102,0.19286263
0.2040097,0.20292717,0.19913742,0.20072116,0.19320454
0.20327269,0.20285524,0.20001818,0.20087764,0.19297625
0.20816092,0.19732688,0.20145029,0.20096703,0.19209483
0.20562036,0.20172276,0.20242742,0.19979906,0.19043039
0.20338236,0.20297645,0.20077407,0.20122242,0.1916447
0.20476237,0.203085,0.19849291,0.20063321,0.19302644
0.2032475,0.2029778,0.19864789,0.20106491,0.19406192
0.20858549,0.19688576,0.2018926,0.20065583,0.19198038
0.20459764,0.20297976,0.19912185,0.20180725,0.19149353
0.20329401,0.20318381,0.2000332,0.20106794,0.19242097
0.20198394,0.20364456,0.19853696,0.20227341,0.19356109
0.20231007,0.20244338,0.20035702,0.20082015,0.19406936
0.2077713,0.19749722,0.20241717,0.20055175,0.19176261
0.20613614,0.2019855,0.20081256,0.2005446,0.19052123
0.20372687,0.202625,0.1998891,0.20116216,0.19259682
0.2029425,0.2025042,0.1990812,0.20183755,0.19363455
0.20286638,0.20354912,0.19728513,0.20176187,0.19453754
0.20857315,0.19734217,0.20073852,0.20105654,0.19228965
0.20345663,0.20259097,0.20088482,0.20140569,0.19166186
0.20455924,0.20205215,0.20153825,0.20014219,0.19170816
0.20410386,0.20291868,0.19847672,0.20131853,0.19318223
0.20245117,0.20272614,0.19871232,0.20157386,0.19453652
0.20775469,0.19810835,0.20150594,0.20129855,0.1913325
0.20439355,0.20241167,0.20012166,0.2012492,0.19182397
0.20274253,0.20238918,0.19978786,0.2020641,0.19301637
0.20401828,0.2027108,0.19826639,0.20132582,0.19367868
0.20247127,0.20198856,0.1986902,0.20146678,0.1953832
0.20866944,0.19733392,0.20042634,0.20087275,0.19269757
0.20556872,0.20230582,0.19963633,0.20148215,0.19100694
0.20459133,0.20216127,0.19899724,0.20135674,0.19289339
0.20326547,0.20312692,0.19844328,0.2012536,0.19391073
0.20500003,0.20016596,0.19776975,0.20239964,0.19466463
0.2103126,0.19787998,0.19842322,0.20156763,0.19181655
0.20728874,0.20060043,0.19940938,0.20068237,0.19201908
0.20601514,0.20242384,0.19762146,0.20067841,0.19326115
0.20429708,0.20188679,0.1979887,0.20163439,0.19419304
0.20403302,0.20278245,0.19670822,0.20219728,0.194279
0.20794603,0.198058,0.1995911,0.2018356,0.19256927
0.20511526,0.20126233,0.20082852,0.2006649,0.19212905
0.20302178,0.20214748,0.19974422,0.20206441,0.1930221
0.20547645,0.2016555,0.19744435,0.20113349,0.19429016
0.20313235,0.20182902,0.1983476,0.20163938,0.19505166
0.20744285,0.19831128,0.2009077,0.20146683,0.19187135
0.20581384,0.20175688,0.19883084,0.20134746,0.19225094
0.20401245,0.20243838,0.19898245,0.20146814,0.19309856
0.20205438,0.20115127,0.1995089,0.20215484,0.19513063
0.20367436,0.20271942,0.19866411,0.20143056,0.19351153
0.21022202,0.19696781,0.19972521,0.20058829,0.1924966
0.20559031,0.20083778,0.19978735,0.20079477,0.19298981
0.20437883,0.2017094,0.19850767,0.20209529,0.19330882
0.20409516,0.20200866,0.19707803,0.20209557,0.1947226
0.20400392,0.20115322,0.19841325,0.20121503,0.1952146
0.2097045,0.19714396,0.19919327,0.20136258,0.19259568
0.20504111,0.20187043,0.19976038,0.20149058,0.19183752
0.2052558,0.2012729,0.19920394,0.20036115,0.19390619
0.20551492,0.20161971,0.19735678,0.20055112,0.19495745
0.2012703,0.20381737,0.19841681,0.20323445,0.19326107
0.20708595,0.19795506,0.20130143,0.20183909,0.19181848
0.20377928,0.2012519,0.20207943,0.20076482,0.19212456
0.20344408,0.20242777,0.19784534,0.20201568,0.19426712
0.20467266,0.20107858,0.19809774,0.2010248,0.19512624
0.20250669,0.20119466,0.1990424,0.20193134,0.1953249
0.20836559,0.19706047,0.19988464,0.20117368,0.19351567
0.20522286,0.20177811,0.1998141,0.20105697,0.19212797
0.20404938,0.20141183,0.1987988,0.20128307,0.19445695
0.20337601,0.20186277,0.19939184,0.20068131,0.19468799
0.20466273,0.2018487,0.19868721,0.20075424,0.19404715
0.20654613,0.19759169,0.2017053,0.20134746,0.19280943
0.20447472,0.20148394,0.20243864,0.20051068,0.19109201
0.20485204,0.20209804,0.19815819,0.20143043,0.1934613
0.20328322,0.20142129,0.19943707,0.2011808,0.19467764
0.20465118,0.19997609,0.19879363,0.20046687,0.19611222
0.20670776,0.19745909,0.19960038,0.20264375,0.19358902
0.20228846,0.20195165,0.20209265,0.20145151,0.19221574
0.20352057,0.20163222,0.19824162,0.20240162,0.19420396
0.20271179,0.2022503,0.19902024,0.20107925,0.1949384
0.20322794,0.20228095,0.19895637,0.20140159,0.19413315
0.20806909,0.19693877,0.2017155,0.201216,0.1920606
0.20446698,0.20220868,0.1984329,0.20232724,0.19256423
0.20334879,0.20292124,0.19848482,0.2019555,0.19328968
0.20407408,0.20190243,0.19866526,0.20134935,0.19400887
0.20294595,0.20202635,0.19804552,0.2022507,0.19473152
0.20757577,0.19742091,0.20020656,0.20200996,0.1927868
0.20489417,0.20194674,0.20027201,0.20176686,0.19112024
0.20506592,0.20170455,0.19973049,0.20088442,0.1926146
0.20210454,0.20140003,0.19974534,0.20151412,0.19523598
0.20337802,0.2003931,0.19975762,0.20073028,0.19574101
0.20780483,0.19729853,0.20087963,0.2011397,0.19287732
0.20465109,0.20072435,0.20220144,0.20026615,0.19215699
0.20508356,0.20053855,0.19959618,0.20080037,0.19398135
0.20324431,0.20275798,0.19808495,0.20229127,0.19362149
0.20327133,0.20125774,0.19873686,0.20158185,0.19515224
0.20947981,0.19708355,0.1995838,0.20080572,0.19304712
0.20454426,0.20164114,0.20142768,0.20040596,0.19198099
0.20566472,0.20140019,0.19946127,0.2000759,0.19339792
0.20461614,0.20058593,0.19862437,0.20092025,0.19525328
0.20313543,0.20274375,0.19726257,0.20175229,0.19510597
0.2081826,0.1979149,0.19963832,0.20240629,0.1918579
0.20635612,0.20033592,0.20103323,0.19993004,0.19234464
0.2033326,0.20160383,0.20024176,0.20117708,0.19364475
0.20268416,0.20288447,0.19770707,0.20212172,0.1946026
0.20466144,0.20143068,0.19859965,0.20030276,0.19500546
0.20868422,0.19731985,0.19984828,0.20219567,0.19195202
0.2051013,0.2014465,0.20138828,0.20009181,0.19197209
0.20404555,0.20275652,0.19898197,0.20122884,0.19298711
0.20270342,0.20187746,0.1997667,0.20087771,0.19477472
0.20301099,0.20037597,0.19903128,0.20100568,0.19657612
0.20823571,0.19781697,0.20027074,0.20207973,0.19159688
0.20317103,0.20176008,0.20127778,0.20133819,0.19245291
0.20297651,0.20207568,0.19988078,0.20136952,0.19369748
0.20221405,0.20182353,0.19853018,0.20235509,0.1950771
0.20143855,0.20109959,0.19894762,0.2024627,0.19605152
0.20850283,0.19774961,0.19812377,0.20267235,0.19295143
0.20477633,0.20058809,0.20200343,0.20030181,0.19233036
0.2039514,0.2005692,0.19979274,0.20068617,0.19500047
0.20418195,0.20171316,0.19801188,0.20075223,0.19534075
0.20178325,0.20181333,0.19883426,0.20167075,0.19589846
0.20806798,0.19770165,0.19805744,0.20291235,0.19326061
0.20413752,0.20176664,0.19959459,0.20166542,0.19283584
0.20429695,0.20188165,0.19911781,0.20084871,0.19385487
0.2023909,0.20081294,0.19938834,0.2015096,0.19589825
0.20284483,0.19964199,0.19866379,0.20187402,0.19697532
0.20855376,0.19754784,0.19897665,0.20217444,0.19274725
0.20262152,0.20150588,0.20034328,0.20251982,0.1930095
0.20326705,0.20057401,0.19959925,0.20145503,0.19510466
0.2027498,0.2022444,0.19792065,0.20212717,0.19495797
0.20178212,0.20140423,0.19779167,0.20232025,0.19670177
0.20876226,0.19717172,0.19935302,0.20209941,0.19261357
0.20371017,0.20167325,0.20000787,0.20141974,0.19318897
0.20210265,0.2023227,0.19907202,0.20195621,0.1945464
0.20287646,0.20105954,0.19746645,0.20192757,0.19666998
0.20224155,0.19974597,0.19862221,0.20142652,0.19796374
0.20870611,0.1973392,0.19959766,0.20220348,0.19215351
0.20278427,0.2008595,0.20025967,0.202499,0.19359758
0.20437343,0.20093894,0.19812535,0.20161553,0.19494683
0.2021817,0.20306037,0.19659953,0.2030797,0.19507867
0.20131072,0.20167221,0.1971819,0.20303892,0.19679625
0.20950592,0.19746472,0.1969058,0.2028858,0.1932377
0.20397751,0.20159902,0.19828571,0.20239693,0.19374086
0.20196041,0.20153764,0.19826119,0.20264737,0.1955934
0.20524605,0.19894452,0.19750185,0.20079952,0.19750799
0.20071292,0.19934802,0.19867389,0.20272161,0.19854358
0.20779353,0.19780707,0.19720377,0.20346087,0.19373477
0.20401397,0.20179945,0.19873424,0.20212452,0.19332778
0.2033028,0.20190744,0.19725813,0.20201741,0.19551422
0.20251174,0.20063934,0.1994043,0.20094101,0.19650365
0.20354125,0.19721998,0.19739561,0.20191479,0.19992837
0.20851173,0.1980669,0.19810586,0.20263225,0.19268326
0.20369881,0.20104441,0.19941789,0.2016237,0.19421521
0.20252521,0.198016,0.20020495,0.20129591,0.19795786
0.20260058,0.20071203,0.19639714,0.20276554,0.1975247
0.20108294,0.20034407,0.19678085,0.20334801,0.19844413
0.20688203,0.19873153,0.19775516,0.20470849,0.1919228
0.20110568,0.19915007,0.20039752,0.20251921,0.19682753
0.20079343,0.1993485,0.1991656,0.20284355,0.19784893
0.20218877,0.19616036,0.19858344,0.20199804,0.20106944
0.20204958,0.19978607,0.19505297,0.20335744,0.19975393
0.20692377,0.19887467,0.19721642,0.2042565,0.19272862
0.20242809,0.20010015,0.19892907,0.20251691,0.19602579
0.20208748,0.20009412,0.19920117,0.20127349,0.19734378
0.20078622,0.1982745,0.19782352,0.20288429,0.20023148
0.20208505,0.19579594,0.19750911,0.20220725,0.20240262
0.20742565,0.19857277,0.19755486,0.204248,0.19219866
0.20299336,0.20066157,0.1995152,0.20226626,0.19456358
0.20159963,0.19559413,0.20017011,0.20181882,0.2008173
0.20121929,0.1994949,0.19840981,0.20255771,0.19831827
0.20155129,0.19827795,0.19789898,0.20250502,0.19976678
0.20806071,0.19909267,0.19557497,0.20497371,0.19229792
0.20292965,0.19768557,0.20046009,0.2021164,0.19680828
0.2003683,0.19757499,0.19956303,0.20250122,0.19999246
0.20174222,0.19467008,0.20037282,0.20138459,0.20183027
0.20100324,0.19802028,0.19765078,0.20259547,0.20073026
0.20831949,0.19830686,0.19632475,0.2043747,0.19267422
0.20203573,0.19859622,0.19953693,0.2028298,0.19700128
0.19979095,0.19899938,0.19790371,0.20380516,0.19950074
0.20267972,0.19634324,0.19808425,0.20131718,0.20157567
0.19978423,0.1952446,0.19679138,0.20409454,0.20408523
0.20736243,0.19904144,0.19607781,0.20476867,0.19274963
0.20155384,0.1998112,0.20007367,0.20245591,0.19610539
0.20073992,0.19205225,0.20050637,0.2015937,0.20510781
0.19914675,0.2011992,0.19888224,0.20308843,0.19768338
0.19934212,0.19829416,0.19855669,0.20229523,0.20151177
0.20778432,0.19918337,0.1952933,0.20505595,0.19268301
0.19990054,0.19762592,0.20035803,0.20339161,0.19872387
0.19967902,0.19699264,0.19805859,0.20352927,0.2017405
0.19884896,0.19680582,0.19817616,0.2037914,0.20237769
0.19914284,0.19537252,0.19858737,0.20288602,0.2040112
0.20701563,0.19933939,0.19543242,0.20568542,0.19252713
0.20086062,0.20071116,0.20098193,0.20228584,0.19516046
0.19861186,0.19649759,0.20170699,0.20229968,0.2008839
0.19794528,0.1923191,0.19986075,0.2032208,0.20665407
0.19937855,0.19028495,0.19931474,0.20258634,0.20843543
0.20880999,0.19954543,0.19306663,0.20668854,0.19188939
0.20024177,0.19711824,0.19986738,0.20324475,0.1995279
0.20007162,0.20004024,0.19809134,0.20289779,0.19889906
0.1995235,0.19790412,0.19836779,0.20284371,0.20136091
0.19862181,0.19436824,0.19704677,0.20383751,0.20612569
0.20684898,0.19960454,0.19369596,0.20665684,0.19319361
0.19963282,0.20038095,0.19976242,0.20314686,0.19707693
0.19945742,0.19668335,0.19885378,0.20315813,0.2018473
0.19635639,0.19360034,0.1989505,0.20430759,0.20678513
0.19839904,0.1922169,0.19826825,0.20268552,0.20843029
0.20597024,0.20041117,0.19380106,0.20786867,0.19194886
0.1992427,0.19692013,0.2009501,0.20277567,0.20011134
0.19801159,0.1937775,0.20000054,0.20261428,0.20559604
0.1981838,0.20225562,0.1968957,0.20334302,0.19932184
0.19672255,0.2022674,0.1972615,0.2037053,0.20004322
0.20595545,0.20098075,0.19280232,0.20813486,0.1921266
0.19712825,0.20350191,0.1996542,0.20377164,0.19594398
0.19506602,0.20363945,0.19861895,0.20466585,0.19800974
0.19702487,0.20259447,0.19848573,0.20275916,0.19913578
0.19435349,0.20078088,0.19705664,0.2042459,0.20356311
0.20590845,0.20100848,0.19356707,0.20785058,0.19166538
0.19614045,0.20324317,0.1998173,0.20416449,0.19663453
0.1946211,0.2029365,0.19899078,0.20346177,0.19998983
0.19436447,0.20221607,0.19829918,0.2034252,0.20169504
0.19296739,0.20458104,0.19882919,0.20344582,0.20017654
0.20750266,0.20184956,0.19048293,0.20850949,0.19165534
0.19693556,0.19346753,0.21495368,0.19633889,0.19830433
0.19737193,0.19966349,0.212682,0.19577575,0.19450681
0.19630428,0.20076835,0.2114541,0.19672197,0.1947513
0.19515277,0.2017459,0.20844577,0.19833235,0.19632322
0.19479871,0.2014106,0.20958011,0.19761851,0.19659206
0.19698058,0.19588962,0.2133154,0.19625416,0.19756027
0.1961987,0.20109351,0.21104583,0.19668634,0.1949756
0.19418086,0.20125774,0.21170093,0.1966005,0.19626
0.19229649,0.20239098,0.21003166,0.1980465,0.19723439
0.19350916,0.20183647,0.20870264,0.19791591,0.19803578
0.1984394,0.1951387,0.21380958,0.195102,0.19751026
0.19571336,0.20095423,0.21000163,0.1967582,0.1965726
0.19389468,0.20204784,0.20781362,0.19769576,0.19854806
0.19428182,0.20272599,0.20599782,0.19869085,0.1983035
0.19506934,0.20162377,0.20727764,0.19725972,0.19876955
0.20001276,0.19542176,0.21402077,0.19429834,0.1962464
0.19669291,0.20129809,0.20816542,0.1972948,0.19654872
0.19532418,0.20148055,0.2080796,0.19752099,0.1975947
0.19485818,0.20165868,0.20670652,0.19781509,0.1989615
0.1945068,0.20249933,0.20524977,0.19894803,0.19879611
0.20099476,0.1961765,0.20873559,0.19664669,0.19744647
0.19754867,0.2011339,0.20730972,0.19694899,0.19705875
0.19556504,0.20076442,0.20821217,0.19671014,0.19874826
0.1946731,0.20165232,0.2074214,0.19761261,0.19864056
0.1948429,0.2015909,0.205542,0.19807762,0.19994658
0.19924283,0.19585074,0.21039854,0.19577031,0.19873762
0.19567174,0.20099261,0.20915976,0.1965841,0.19759175
0.1956687,0.20059021,0.20929475,0.19592017,0.19852614
0.19512531,0.20147361,0.20752352,0.1970687,0.1988088
0.19452362,0.2013746,0.20805618,0.19675007,0.19929554
0.1994186,0.19545089,0.21140128,0.19508639,0.19864285
0.19651493,0.20048982,0.20953812,0.19622937,0.19722776
0.1937956,0.20103465,0.21053241,0.19578187,0.19885546
0.19380021,0.20125732,0.21158081,0.19551231,0.19784932
0.19239809,0.2016933,0.20887229,0.197235,0.19980134
0.19792213,0.19671388,0.21228278,0.19499518,0.19808607
0.19538416,0.20032123,0.21147871,0.19550274,0.19731316
0.19357614,0.20084377,0.20904748,0.19685632,0.19967628
0.19353908,0.20060429,0.21040545,0.19581193,0.19963925
0.19374946,0.20072551,0.21047108,0.1953033,0.19975063
0.19851843,0.19547124,0.2128086,0.19424486,0.19895683
0.19496295,0.20015426,0.21204326,0.19545259,0.19738692
0.19546235,0.19989961,0.20916766,0.1961876,0.19928281
0.19517206,0.20055318,0.20761953,0.19681315,0.19984207
0.19547246,0.20122263,0.20698036,0.19739267,0.1989319
0.19897471,0.19587767,0.21072528,0.1959029,0.19851944
0.19843349,0.20068768,0.20649546,0.19670367,0.19767968
0.19753776,0.2009887,0.20711537,0.19651379,0.19784434
0.19620144,0.20155793,0.204835,0.19768013,0.19972545
0.194052,0.2014272,0.20742759,0.19692396,0.20016925
0.19743946,0.19576724,0.2131638,0.19478713,0.19884235
0.19668815,0.19999993,0.20924717,0.19581424,0.19825053
0.19379191,0.20104499,0.20925823,0.1965465,0.19935842
0.19392104,0.20146954,0.20679057,0.19699496,0.2008239
0.19325152,0.20152694,0.20709082,0.19682023,0.20131046
0.1994127,0.19511163,0.21166396,0.19460183,0.19920982
0.19407684,0.2002739,0.20967323,0.19646275,0.19951329
0.19386654,0.20028174,0.21044102,0.19550434,0.19990632
0.19447483,0.20043983,0.21032386,0.19499297,0.1997685
0.19266658,0.20078027,0.21014781,0.19599919,0.20040616
0.1999616,0.19481634,0.21266684,0.19377579,0.1987795
0.19581692,0.20041758,0.21025732,0.19505207,0.19845612
0.19429284,0.20164633,0.20800659,0.19682144,0.19923279
0.19286628,0.20132734,0.20804623,0.19664383,0.2011163
0.19330306,0.20125428,0.2086581,0.196439,0.2003456
0.1955039,0.19593354,0.21346408,0.19458143,0.20051706
0.1931645,0.20106776,0.21126628,0.19591254,0.19858892
0.1928837,0.20138726,0.20765911,0.19671395,0.20135593
0.1911146,0.20173152,0.20788398,0.1969292,0.20234069
0.19191025,0.20103867,0.21009655,0.19518964,0.20176487
0.19816975,0.19527398,0.20985523,0.19597614,0.20072486
0.19364856,0.20024641,0.21177751,0.19481009,0.19951738
0.19345446,0.19984959,0.2120134,0.19416972,0.20051283
0.19251363,0.20068379,0.20824777,0.19631566,0.20223914
0.19115181,0.20060124,0.208811,0.19669259,0.20274334
0.19653317,0.19462633,0.2119859,0.1952698,0.20158482
0.19565095,0.19980575,0.2096995,0.1954158,0.199428
0.19438116,0.20104733,0.20856644,0.19619961,0.19980542
0.19354135,0.20134419,0.20621629,0.19755158,0.20134662
0.19294058,0.20098886,0.20728165,0.19686313,0.20192581
0.19806008,0.19561195,0.21001004,0.1960204,0.20029755
0.19589256,0.20077944,0.20755896,0.19624595,0.19952308
0.19556278,0.20046447,0.20697244,0.19616514,0.20083518
0.19489531,0.20070936,0.20772627,0.19627897,0.20039012
0.19375224,0.20104821,0.20758878,0.1962329,0.20137787
0.19777171,0.19538064,0.2111947,0.19502684,0.20062609
0.19303471,0.200872,0.20927165,0.19609219,0.2007294
0.19354843,0.20030637,0.20945174,0.1953013,0.2013922
0.19197473,0.20121685,0.20805034,0.19653335,0.20222475
0.1913035,0.20160887,0.20788133,0.19739312,0.20181318
0.19739966,0.19474201,0.21175824,0.19487113,0.20122896
0.19407727,0.19985187,0.21213888,0.1941776,0.19975437
0.1923316,0.2003926,0.21196496,0.1946089,0.20070194
0.19265553,0.20071258,0.20863184,0.1960713,0.20192872
0.19225241,0.20081411,0.2078849,0.19613573,0.20291285
0.19746709,0.1951499,0.21059582,0.19511001,0.20167719
0.19468637,0.20059934,0.20928225,0.19526723,0.20016481
0.19376376,0.20031962,0.20835984,0.19557671,0.20198007
0.19232048,0.20093432,0.20851235,0.19616596,0.20206688
0.19274251,0.20051654,0.20992924,0.19516174,0.20164996
0.19877739,0.1941835,0.21229675,0.19338991,0.20135243
0.19475216,0.19927391,0.21264495,0.19356534,0.19976364
0.19288178,0.19984704,0.21151035,0.19432986,0.20143093
0.19186062,0.20075855,0.20928665,0.19616626,0.20192796
0.19323878,0.2010912,0.20642152,0.19642757,0.20282088
0.19703867,0.19460283,0.21308172,0.19386429,0.2014125
0.19537579,0.20036802,0.2091812,0.19529851,0.19977653
0.1945407,0.2011959,0.2065218,0.19673166,0.20100996
0.19220017,0.20065923,0.20858227,0.19622399,0.20233433
0.19327106,0.19999695,0.20764373,0.19539152,0.2036967
0.19888419,0.19495094,0.20910361,0.19525445,0.20180681
0.19391929,0.19933347,0.21177664,0.19415283,0.20081776
0.19327414,0.19955188,0.20972314,0.19469558,0.20275527
0.19190972,0.20027246,0.21135567,0.19459786,0.20186429
0.19312,0.20074584,0.20793366,0.19589254,0.202308
0.19941168,0.19409463,0.21033756,0.1946545,0.2015017
0.19475602,0.20006378,0.21044666,0.19510841,0.19962512
0.19298255,0.20060161,0.20719959,0.19629353,0.20292267
0.1909486,0.20085603,0.20930013,0.19633575,0.20255944
0.19260766,0.20048012,0.20971198,0.19483854,0.20236173
0.19690941,0.19488652,0.21301387,0.19401906,0.20117116
0.19282082,0.20092112,0.20962833,0.1953657,0.20126402
0.19248733,0.20015858,0.21109986,0.19456503,0.20168924
0.19283892,0.20051424,0.20791759,0.19545983,0.2032694
0.19250035,0.20016167,0.20963153,0.19476691,0.20293954
0.19696687,0.19452782,0.21364887,0.19304948,0.20180695
0.19321766,0.19920765,0.2118603,0.19388297,0.20183143
0.19250874,0.20068225,0.20903471,0.19561632,0.202158
0.19253482,0.20045447,0.20941325,0.19539784,0.20219965
0.19488578,0.20182283,0.20398232,0.19744204,0.201867
0.20058234,0.19557054,0.20778587,0.19582002,0.20024124
0.19524959,0.20029888,0.20803775,0.19630097,0.20011282
0.19306444,0.19987464,0.21093802,0.1945431,0.2015798
0.19282639,0.20057516,0.20920062,0.19538961,0.2020082
0.19258428,0.20096637,0.2088511,0.19544536,0.2021529
0.19780982,0.19438407,0.21312441,0.19340004,0.2012816
0.19385748,0.1992913,0.21085323,0.19476819,0.20122986
0.19316632,0.20022689,0.2089528,0.19496539,0.20268856
0.1911763,0.20126706,0.21011761,0.19541404,0.20202503
0.19088241,0.20134766,0.20750172,0.19583048,0.2044377
0.19671272,0.19468498,0.2131863,0.1930028,0.20241322
0.19448802,0.19925793,0.21148938,0.19373381,0.20103088
0.19317655,0.20012157,0.2102403,0.19486733,0.20159423
0.19093202,0.20044553,0.21112768,0.19471268,0.20278211
0.19262604,0.20045584,0.20977516,0.19453175,0.20261118
0.19769672,0.19460234,0.2102834,0.19459508,0.20282246
0.19381176,0.20029753,0.21019694,0.19489422,0.20079955
0.19357294,0.20020393,0.20853317,0.19494338,0.20274654
0.19219135,0.20082098,0.20748863,0.19603051,0.20346855
0.19347557,0.20020214,0.20764087,0.19533756,0.20334388
0.19878055,0.19499862,0.21040323,0.19434144,0.20147611
0.19512856,0.19964945,0.21090344,0.19389853,0.20041999
0.19365351,0.20077087,0.2067869,0.19604652,0.2027422
0.19283338,0.20019613,0.20783557,0.19565271,0.2034822
0.19253787,0.20079903,0.20710292,0.19609866,0.20346151
0.19730853,0.19350058,0.21282911,0.19329457,0.20306724
0.19329977,0.19993158,0.21191363,0.1940512,0.20080382
0.1914049,0.20009719,0.21186242,0.19390924,0.20272626
0.1906775,0.20112343,0.20934355,0.19532022,0.20353535
0.19030745,0.2017203,0.20714498,0.19622546,0.20460182
0.19856599,0.19417495,0.21012165,0.19437724,0.20276013
0.19455232,0.19998823,0.20784801,0.19564717,0.20196427
0.19295514,0.20025058,0.20812419,0.19553617,0.20313388
0.1928746,0.19980304,0.20994206,0.19455661,0.20282368
0.19225907,0.1996927,0.21014614,0.1941013,0.2038008
0.19746289,0.19426566,0.2122934,0.19347502,0.202503
0.19324654,0.19968235,0.21083547,0.19455612,0.20167953
0.19224554,0.20018214,0.21037228,0.1949291,0.20227091
0.19295917,0.19870381,0.21274318,0.19299713,0.20259671
0.19272625,0.20040093,0.20833424,0.19559668,0.20294195
0.19958578,0.19418755,0.21001157,0.19408068,0.20213446
0.19390982,0.19943936,0.21184109,0.19481246,0.1999973
0.19223183,0.20030183,0.21067388,0.19490178,0.20189069
0.19279595,0.2002194,0.2082493,0.19545762,0.20327775
0.19325998,0.20008685,0.20815185,0.1950019,0.20349939
0.19610178,0.1942778,0.21272866,0.19391726,0.20297456
0.19408807,0.19952539,0.21216246,0.19384468,0.20037942
0.193092,0.20089306,0.20700686,0.19561167,0.2033964
0.19198436,0.20038974,0.2084827,0.19537753,0.2037657
0.19277169,0.2003116,0.20861234,0.19485307,0.20345128
0.19721377,0.19440855,0.21089353,0.19426145,0.20322274
0.19393137,0.19947314,0.2110912,0.19399716,0.20150714
0.19236018,0.20003031,0.21032993,0.1942737,0.20300585
0.19161347,0.19918223,0.20992404,0.19459291,0.20468739
0.19277067,0.19951779,0.20916195,0.19482882,0.20372078
0.19907834,0.19353493,0.20895135,0.19469137,0.20374404
0.19455631,0.1990722,0.2101826,0.1942509,0.20193799
0.19437625,0.19911335,0.21017896,0.19429633,0.20203514
0.1937035,0.20021169,0.20743163,0.19510935,0.20354384
0.19398868,0.20083612,0.2049773,0.19655369,0.20364422
0.1986984,0.19219169,0.2128517,0.19248168,0.20377654
0.19436903,0.19914474,0.20992722,0.19444631,0.20211269
0.19526012,0.1991916,0.20884514,0.19400533,0.20269778
0.1947753,0.19847183,0.2120816,0.19267447,0.2019968
0.19298941,0.20001826,0.20858486,0.19471492,0.20369256
0.19657145,0.19351833,0.21360476,0.19324893,0.2030565
0.19304147,0.20011988,0.208725,0.19539869,0.20271495
0.19342007,0.20023803,0.2088591,0.19436358,0.20311919
0.19241288,0.20072861,0.20576307,0.19626448,0.20483097
0.19412515,0.19984992,0.20854373,0.1948078,0.20267342
0.19791114,0.19292682,0.21225008,0.19317761,0.20373435
0.19422035,0.19871542,0.21246865,0.19342688,0.20116873
0.1937186,0.19892892,0.21009429,0.19377482,0.20348339
0.19149077,0.19918361,0.21065803,0.19397908,0.20468849
0.19368404,0.200139,0.20708849,0.19556805,0.20352045
0.19808745,0.19257402,0.2131319,0.19283587,0.20337075
0.19405663,0.19892353,0.21118273,0.19383658,0.20200057
0.19385839,0.19851783,0.21031855,0.19375642,0.20354883
0.19567946,0.20003542,0.20558223,0.19573222,0.20297068
0.1935961,0.1996874,0.20850073,0.19452852,0.20368725
0.2004715,0.19403833,0.20987576,0.19393635,0.20167804
0.1958593,0.19840316,0.21042645,0.1940237,0.20128739
0.19406524,0.1988271,0.21244204,0.19292873,0.20173691
0.19458982,0.19877076,0.2097005,0.19387855,0.20306031
0.19379859,0.19943467,0.20919129,0.19430678,0.20326868
0.19702747,0.19414799,0.21055782,0.1942282,0.2040385
0.19509825,0.19937073,0.20970537,0.1942429,0.20158274
0.19352147,0.19944994,0.21011005,0.19393136,0.20298716
0.19322972,0.19992958,0.20824137,0.19494423,0.20365503
0.19190517,0.20045939,0.20861281,0.19438942,0.20463316
0.19774294,0.19312456,0.21085815,0.19420524,0.20406908
0.19215855,0.19849591,0.21323268,0.1932444,0.20286843
0.19356945,0.19876842,0.21197258,0.19299069,0.20269886
0.19437166,0.19859792,0.20970285,0.19360733,0.20372027
0.19455132,0.19929737,0.21030341,0.19369817,0.20214976
0.19916923,0.1932781,0.21223275,0.19312552,0.2021944
0.19723764,0.19815615,0.20984553,0.1936761,0.20108458
0.19356808,0.19877343,0.2100291,0.19450234,0.20312707
0.19456251,0.20004353,0.20596431,0.19592318,0.20350645
0.19404855,0.19895642,0.21106717,0.19422211,0.20170572
0.19767599,0.19298254,0.21318233,0.19288456,0.20327461
0.19476566,0.19919397,0.21054105,0.19361876,0.20188054
0.1933043,0.1986209,0.2112614,0.19348466,0.20332871
0.19568145,0.19952467,0.206315,0.19490148,0.20357743
0.19427328,0.19895121,0.21033005,0.19359712,0.20284842
0.19864373,0.19297174,0.20992272,0.19411676,0.20434502
0.19449162,0.19820349,0.21090457,0.19384569,0.20255463
0.19287832,0.19884075,0.21133825,0.19346702,0.20347561
0.19539802,0.19829156,0.20849147,0.19407944,0.20373952
0.19655403,0.19933142,0.20726426,0.19446813,0.20238219
0.20034695,0.19327338,0.2089716,0.19468886,0.20271917
0.19576845,0.19805644,0.21129678,0.19336005,0.20151825
0.19393544,0.19823518,0.21127132,0.19311559,0.20344245
0.19510461,0.19977596,0.20756188,0.1955731,0.20198445
0.1927926,0.19956231,0.21059719,0.19425952,0.20278838
0.19993615,0.19236137,0.20972152,0.1931026,0.20487836
0.1956822,0.1974014,0.21383809,0.1921004,0.20097789
0.19511785,0.19961254,0.20800461,0.19498146,0.2022835
0.1940575,0.19899668,0.20967118,0.19366398,0.20361063
0.19318497,0.19986346,0.20867167,0.19421868,0.20406121
0.19903982,0.19240609,0.2102487,0.19375145,0.20455392
0.1972561,0.1990829,0.20862189,0.19433519,0.20070387
0.19303754,0.1994514,0.21087271,0.19430746,0.20233086
0.19571307,0.19889419,0.2085085,0.19403036,0.2028539
0.19658756,0.19969878,0.20509633,0.19557014,0.2030472
0.20356773,0.19286172,0.20764947,0.19409584,0.2018252
0.1956895,0.19881834,0.21160719,0.19346035,0.20042464
0.19557166,0.1986826,0.21251209,0.19280785,0.20042579
0.19425924,0.19986784,0.21040885,0.1941649,0.20129916
0.19261558,0.19876067,0.21276633,0.19296601,0.20289142
0.20058358,0.19271523,0.2110326,0.19312645,0.2025421
0.19567356,0.19846536,0.21278703,0.19319859,0.19987544
0.19481912,0.19796978,0.21235937,0.1931201,0.20173158
0.19609562,0.19857089,0.20843911,0.1940709,0.20282345
0.19397983,0.1984705,0.21085742,0.19350366,0.20318857
0.20153019,0.19215702,0.21102926,0.19292107,0.20236248
0.19618423,0.19719025,0.21527462,0.19191596,0.1994349
0.19548756,0.19825576,0.21452248,0.19199906,0.19973515
0.19555302,0.19805144,0.21076865,0.19352028,0.20210658
0.19608153,0.19959272,0.2082992,0.19417004,0.20185645
0.20084935,0.19208668,0.21167003,0.19298467,0.20240925
0.19649675,0.19849496,0.21283433,0.19278453,0.19938946
0.19556335,0.1984928,0.211719,0.19318813,0.2010367
0.19491567,0.19889864,0.21201777,0.19332033,0.2008476
0.19657,0.19882299,0.21002401,0.19405508,0.2005279
0.20197445,0.19185802,0.21047843,0.19286552,0.20282356
0.19670604,0.19752346,0.21348944,0.19271263,0.1995684
0.19411765,0.19844049,0.21259314,0.19331391,0.2015348
0.1942047,0.19842376,0.21368611,0.19318134,0.20050411
0.19505963,0.19876602,0.21102211,0.19319502,0.20195723
0.20203409,0.19207367,0.20958237,0.1941895,0.20212036
0.19775586,0.19781591,0.2142753,0.19275115,0.19740175
0.19365335,0.19755292,0.21256047,0.19383551,0.20239772
0.19568399,0.19797304,0.21144873,0.19271415,0.20218009
0.19340128,0.19624776,0.21537012,0.1914188,0.20356208
0.2008681,0.19277295,0.20883061,0.19472393,0.20280445
0.1996412,0.19743901,0.21257937,0.19239557,0.19794486
0.1973643,0.19696936,0.21273218,0.19246924,0.20046496
0.1961332,0.19799496,0.20996001,0.19449985,0.20141195
0.19733423,0.19891527,0.20706533,0.19474508,0.2019401
0.20264725,0.19176811,0.21057114,0.19329713,0.20171636
0.20068216,0.19754267,0.21025686,0.19407192,0.19744639
0.19578129,0.1977769,0.21152547,0.19384547,0.20107089
0.19561775,0.1978749,0.20931122,0.19427,0.20292616
0.19515997,0.1962027,0.21056895,0.19366407,0.20440432
0.20372896,0.19175524,0.21131177,0.19357112,0.1996329
0.19699991,0.19893108,0.21357732,0.19380102,0.19669065
0.19637883,0.19728054,0.21336499,0.19245948,0.20051615
0.1942196,0.19893166,0.20915493,0.19465187,0.20304194
0.1965681,0.1973189,0.21043245,0.19284661,0.20283395
0.20172252,0.19321328,0.20976165,0.19412173,0.20118083
0.19803382,0.19706434,0.21181457,0.19313148,0.19995576
0.19697058,0.19781838,0.21050733,0.19335254,0.20135117
0.19600934,0.19706798,0.2112849,0.19336173,0.20227604
0.1944897,0.19923495,0.20859373,0.19456463,0.20311701
0.20165984,0.19268805,0.21094535,0.1938516,0.20085512
0.19653367,0.19705997,0.21258803,0.19386818,0.19995017
0.19614172,0.19573756,0.2112521,0.193121,0.20374765
0.19539525,0.19862519,0.2089937,0.19462278,0.2023631
0.19588514,0.19781508,0.20854795,0.19430889,0.20344289
0.20110983,0.19251736,0.2096395,0.19419491,0.20253833
0.1985705,0.19732755,0.21106035,0.19305302,0.19998856
0.19793566,0.19641435,0.20825452,0.19495448,0.20244096
0.19891359,0.19563055,0.20700933,0.19445875,0.20398775
0.19566743,0.19779697,0.20737998,0.19520341,0.20395222
0.20392771,0.19299215,0.20532256,0.19563626,0.20212135
0.19731306,0.19700004,0.2127914,0.19305137,0.19984417
0.1961388,0.19778165,0.21228883,0.19373402,0.20005673
0.19657367,0.19777702,0.20694762,0.19516067,0.20354101
0.19588071,0.19696844,0.20865752,0.19458413,0.20390922
0.20007911,0.1939238,0.20969605,0.19462605,0.20167494
0.19641767,0.19820717,0.21142428,0.19365898,0.20029189
0.19527967,0.19806391,0.20999989,0.19328494,0.20337158
0.1953737,0.19721168,0.20922852,0.19410834,0.2040778
0.19627842,0.19616845,0.20875938,0.19422509,0.20456865
0.20264767,0.19315001,0.20907022,0.19394848,0.20118366
0.19685592,0.196919,0.2121648,0.193763,0.20029722
0.19618283,0.19733486,0.21084934,0.19340417,0.2022288
0.1950869,0.19586982,0.21017872,0.19420758,0.204657
0.19683157,0.19418806,0.2084692,0.19440348,0.20610765
0.20147437,0.19332191,0.20987421,0.19426073,0.20106877
0.19676177,0.19712728,0.21255772,0.19301616,0.20053704
0.19550863,0.19560146,0.21245685,0.19315827,0.20327476
0.19580229,0.19464323,0.21066792,0.19368738,0.2051992
0.19610813,0.19744937,0.20809253,0.19435385,0.20399615
0.20161484,0.19206928,0.21047977,0.19364363,0.20219244
0.19920027,0.19502926,0.21004258,0.1939254,0.2018025
0.19772974,0.19686715,0.20853978,0.19439408,0.20246923
0.19618842,0.19849844,0.2076177,0.19479835,0.20289704
0.19769304,0.19683121,0.20981178,0.19350113,0.20216286
0.2024516,0.19243203,0.20924814,0.19494404,0.20092416
0.19629109,0.19780576,0.21169402,0.19413233,0.20007677
0.19673952,0.1966801,0.20969236,0.19369279,0.20319521
0.19783935,0.19590814,0.21011426,0.19268791,0.20345034
0.19554055,0.19518575,0.2084099,0.19488573,0.20597808
0.20204212,0.19289881,0.20757063,0.19535209,0.20213637
0.19781266,0.19579728,0.21120611,0.19351839,0.20166557
0.19691193,0.19605027,0.20994098,0.19369766,0.2033992
0.19648948,0.19392297,0.20903003,0.19464459,0.20591292
0.19629379,0.1973433,0.20664361,0.19538838,0.20433086
0.20220041,0.1932108,0.20811464,0.19521366,0.2012605
0.19853625,0.19630924,0.21157421,0.19332395,0.20025633
0.19724056,0.19454376,0.21203525,0.19335055,0.20282988
0.19680375,0.19725122,0.20742847,0.19522841,0.20328814
0.19743799,0.19488952,0.20889074,0.1942565,0.20452522
0.20577848,0.1931171,0.20452441,0.19558464,0.20099537
0.19816789,0.1971344,0.21006379,0.19380668,0.20082723
0.19765255,0.19629076,0.2076834,0.19496168,0.20341165
0.19685303,0.1966793,0.20963818,0.194348,0.20248148
0.19598758,0.19723047,0.20845157,0.19520456,0.20312582
0.20270337,0.19404525,0.20787056,0.19495893,0.2004219
0.1974712,0.19704854,0.2092513,0.1952929,0.20093608
0.19667852,0.19703223,0.20809017,0.19507669,0.20312238
0.19801773,0.1952699,0.20758706,0.19472055,0.20440473
0.19723888,0.19335595,0.20684831,0.19566128,0.20689559
0.20265763,0.19369446,0.20702736,0.195681,0.20093954
0.19851555,0.19526282,0.20998138,0.19432789,0.20191236
0.19744444,0.19694254,0.20761974,0.195636,0.20235726
0.19628872,0.19434224,0.2092355,0.19490357,0.20522995
0.19818445,0.19330767,0.2077985,0.19509356,0.20561583
0.20153211,0.19301124,0.20850772,0.19544904,0.20149986
0.19911213,0.19733062,0.20777275,0.19516973,0.2006147
0.19942646,0.19469962,0.20671552,0.19559123,0.20356716
0.19816768,0.19580066,0.20606515,0.19591144,0.20405501
0.19967905,0.19530267,0.20623188,0.19544342,0.203343
0.2034923,0.19346835,0.20587806,0.19603346,0.20112784
0.19989406,0.19743699,0.20841838,0.19464384,0.19960676
0.20010474,0.19377318,0.20828538,0.19336273,0.204474
0.19835313,0.19422941,0.20526183,0.196603,0.20555265
0.1993273,0.19198428,0.20680246,0.19524601,0.20663993
0.20452291,0.19344893,0.2053324,0.1956841,0.20101166
0.19956829,0.19648013,0.20852417,0.19482656,0.20060089
0.19898683,0.19216992,0.20856331,0.19455986,0.20572008
0.19792461,0.19687861,0.20628093,0.19568607,0.20322974
0.19780166,0.19620822,0.20641316,0.19603984,0.20353708
0.20315261,0.193436,0.20502025,0.19632578,0.20206541
0.19968072,0.1964124,0.20827144,0.19559468,0.20004077
0.2015326,0.19482327,0.20479381,0.19600613,0.2028442
0.20070274,0.19619198,0.20441139,0.19598271,0.20271112
0.20048402,0.1944833,0.20740546,0.19491549,0.20271172
0.20306179,0.19345629,0.2069384,0.19549458,0.20104894
0.19930232,0.19666618,0.20710413,0.19557337,0.20135398
0.19983885,0.19773994,0.20382786,0.19674422,0.20184916
0.20029339,0.19674432,0.20428015,0.19630513,0.20237699
0.20072466,0.19345233,0.2064573,0.1948959,0.20446983
0.20420223,0.19337408,0.2049599,0.19617955,0.20128424
0.20098114,0.19613035,0.20713432,0.19510697,0.20064726
0.2002414,0.19513568,0.20768742,0.19547987,0.20145562
0.19909091,0.19150688,0.20816568,0.19514096,0.20609553
0.19895111,0.18983869,0.20802727,0.19533198,0.20785095
0.20315465,0.19370449,0.20634378,0.19646364,0.20033339
0.20238197,0.19308038,0.20698765,0.1955779,0.20197207
0.20140961,0.19652131,0.20707102,0.19567536,0.19932267
0.19960847,0.19456872,0.20731966,0.19597955,0.20252356
0.20069443,0.19160303,0.20529664,0.19637461,0.20603126
0.20542307,0.19327393,0.20511185,0.19569774,0.20049344
0.20070916,0.19433266,0.20788428,0.19559194,0.20148192
0.20051259,0.19606802,0.20529693,0.1959816,0.20214082
0.20035526,0.1955265,0.20630161,0.19578746,0.20202914
0.20143148,0.19445547,0.2043972,0.196216,0.20349982
0.20529462,0.19390553,0.20254582,0.1975787,0.20067532
0.20050918,0.19237971,0.21147169,0.19402967,0.20160967
0.20242076,0.19427797,0.20350952,0.19716741,0.20262432
0.20228007,0.19574638,0.20194344,0.19766262,0.20236754
0.20080183,0.19221477,0.20383897,0.1971563,0.20598806
0.20556997,0.1931785,0.20572256,0.19679193,0.19873704
0.20005022,0.19739902,0.2060015,0.1962379,0.20031133
0.20194185,0.19473116,0.20502178,0.19566047,0.20264478
0.20079726,0.18953487,0.20552826,0.1960966,0.208043
0.20187084,0.18912567,0.20390427,0.19627318,0.2088261
0.2069494,0.19326589,0.20274785,0.19664867,0.20038822
0.20117384,0.19221202,0.20879894,0.19507359,0.20274162
0.19965465,0.19641395,0.20744248,0.19535846,0.20113045
0.2013114,0.19582772,0.20404188,0.196327,0.20249197
0.20167074,0.19431357,0.20319109,0.19665915,0.20416546
0.20586073,0.19318631,0.20521583,0.19619247,0.19954467
0.20248267,0.19537115,0.20777725,0.19614443,0.19822447
0.20188396,0.19523205,0.20569113,0.19576377,0.20142905
0.20120873,0.19293937,0.20548321,0.19570777,0.20466089
0.20012489,0.19326037,0.20548414,0.19601053,0.20512012
0.20635337,0.19369487,0.20363449,0.197453,0.1988643
0.20101081,0.19647083,0.20609285,0.19713502,0.19929048
0.20118794,0.19360422,0.20515567,0.19664213,0.2034101
0.20168112,0.19229612,0.20639223,0.19519918,0.20443134
0.20013152,0.18961833,0.20597662,0.19659689,0.20767665
0.2055412,0.19292712,0.20586759,0.1970475,0.19861665
0.20262758,0.19113204,0.20779756,0.19622487,0.20221795
0.20127189,0.19273935,0.20669001,0.19616547,0.20313326
0.1987131,0.19357446,0.2057949,0.1970471,0.2048704
0.20074333,0.19297916,0.20486504,0.19687988,0.2045326
0.20559199,0.19361064,0.2035957,0.19827254,0.19892907
0.20184821,0.19514893,0.20812887,0.19641618,0.19845782
0.20102847,0.19149402,0.20670053,0.19662952,0.20414746
0.20145506,0.18718967,0.20564,0.19718447,0.2085308
0.2038277,0.18819007,0.20241755,0.19787939,0.20768529
0.2090874,0.19357139,0.19942024,0.2000164,0.19790459
0.202375,0.19411588,0.20801309,0.19562373,0.1998723
0.20181617,0.19264439,0.20702621,0.1958059,0.20270735
0.20054455,0.19217332,0.20508565,0.19776921,0.20442727
0.20035037,0.196676,0.20319968,0.19775553,0.2020184
0.20653668,0.19356799,0.2042453,0.19825982,0.19739023
0.20165378,0.19351114,0.20722425,0.19746739,0.20014344
0.2037704,0.19012113,0.20458055,0.19743006,0.20409787
0.20247866,0.19138663,0.20368555,0.19760354,0.2048456
0.20324361,0.19951837,0.20306107,0.19733968,0.1968373
0.2063648,0.19387563,0.2026587,0.19951123,0.19758968
0.20214635,0.19271718,0.20808877,0.19645457,0.20059314
0.20075202,0.1977097,0.20494455,0.19773427,0.1988595
0.20215392,0.19587125,0.20357066,0.19751355,0.20089063
0.20162667,0.1952253,0.2037498,0.19786446,0.20153375
0.20618615,0.19377632,0.20325609,0.1999245,0.19685695
0.20347174,0.18972892,0.20656596,0.19791603,0.20231737
0.20240551,0.19696267,0.204248,0.19764404,0.1987398
0.20082158,0.19828483,0.20760989,0.1967896,0.19649409
0.2009171,0.1944481,0.20493902,0.19756007,0.20213568
0.20749652,0.19384661,0.20222956,0.19939177,0.19703554
0.20260611,0.19520143,0.2068133,0.19658495,0.19879425
0.19994318,0.19376037,0.205136,0.19810867,0.20305173
0.19953558,0.1941477,0.2048292,0.19854324,0.20294425
0.20097871,0.19533569,0.20465781,0.19789371,0.20113406
0.20702337,0.19393444,0.20385285,0.1996097,0.19557968
0.20207177,0.1962159,0.20666528,0.1974307,0.19761641
0.19983742,0.1953114,0.20692812,0.19737108,0.20055202
0.20125452,0.19283037,0.2048311,0.19742543,0.20365866
0.2011781,0.19357252,0.20382567,0.19843449,0.20298922
0.20754452,0.19352368,0.20327048,0.20014548,0.19551583
0.20145886,0.19612978,0.20754412,0.19781631,0.19705088
0.20185956,0.1938588,0.20533663,0.1978533,0.2010917
0.20160201,0.19176908,0.20463616,0.1978236,0.20416918
0.20095903,0.19305734,0.20428689,0.19836101,0.20333576
0.20798013,0.19369605,0.20341755,0.19999968,0.1949066
0.20207785,0.19381498,0.20761916,0.19732247,0.1991656
0.20057507,0.19962028,0.20423582,0.19834448,0.19722435
0.20001546,0.20023893,0.2034759,0.19869961,0.19757013
0.20188925,0.19852106,0.20103756,0.19908975,0.19946237
0.20780471,0.19399804,0.20215549,0.20096935,0.1950724
0.20248103,0.19330913,0.20719402,0.19776022,0.19925557
0.20147052,0.20077918,0.20396906,0.19834241,0.19543882
0.20151009,0.19980712,0.20208815,0.19848292,0.19811174
0.20117189,0.19958118,0.20054771,0.19952016,0.19917907
0.20724085,0.19467314,0.20167899,0.20158009,0.19482689
0.20295565,0.19910647,0.20430295,0.198127,0.19550794
0.2001683,0.19937178,0.20254956,0.19946466,0.19844566
0.20030001,0.1987063,0.20221256,0.19863147,0.20014967
0.19968006,0.1987821,0.20186435,0.19926415,0.20040937
0.20861427,0.19458978,0.20075698,0.20217651,0.19386245
0.20050603,0.19816323,0.20622845,0.19867098,0.19643125
0.20159432,0.20002723,0.20367119,0.19827573,0.19643155
0.20114142,0.19928205,0.20169789,0.1990448,0.19883378
0.20041537,0.19961867,0.2012196,0.19970137,0.199045
0.2082029,0.194693,0.2007393,0.20259103,0.19377376
0.20129989,0.1986679,0.2059239,0.19790058,0.19620772
0.20060308,0.19846024,0.20484337,0.1975245,0.19856875
0.19904597,0.19914937,0.20393603,0.1984514,0.19941726
0.19978032,0.19973989,0.20183267,0.19885182,0.1997953
0.20788598,0.19469814,0.20167537,0.20276618,0.19297431
0.20047468,0.19887485,0.20460528,0.19935417,0.19669104
0.19858448,0.20101908,0.20559792,0.19830334,0.1964952
0.19879957,0.20167187,0.20397767,0.19839227,0.19715863
0.199571,0.20267409,0.2023676,0.19881369,0.19657359
0.20845158,0.19432567,0.20088647,0.20337275,0.19296353
0.19889705,0.20078638,0.20660594,0.19887346,0.19483717
0.19760865,0.20348066,0.20407678,0.19907404,0.19575986
0.19731522,0.2049823,0.20315754,0.19918583,0.19535911
0.19757275,0.204055,0.20214452,0.19896808,0.19725963
0.2072341,0.19566505,0.19865783,0.20433994,0.19410305
0.19918287,0.20002076,0.20505457,0.19899346,0.19674838
0.199082,0.20294005,0.20252866,0.19942237,0.19602692
0.19825773,0.2049328,0.20134673,0.19984533,0.19561747
0.19793867,0.20435175,0.20052335,0.19999851,0.19718774
0.20780843,0.19455984,0.20058148,0.20355126,0.19349898
0.19808789,0.20222071,0.2053253,0.19985831,0.19450775
0.19736847,0.20511825,0.20226188,0.20017114,0.19508027
0.19661885,0.20754293,0.20181087,0.20011212,0.1939152
0.19802502,0.20642635,0.1997217,0.2002447,0.19558227
0.20630634,0.196852,0.19770232,0.20588842,0.19325091
0.19699822,0.20348553,0.20422997,0.200469,0.19481727
0.1971464,0.20704709,0.20266199,0.19985455,0.19328997
0.19775347,0.20735037,0.20160678,0.19931921,0.19397013
0.19684018,0.20929766,0.20101342,0.1996825,0.19316627
0.20661794,0.19635361,0.19833143,0.20506811,0.19362885
0.19782594,0.20446016,0.20366102,0.20018813,0.19386478
0.19681808,0.20978689,0.20197223,0.19964756,0.19177523
0.19670795,0.20990856,0.20042446,0.19979304,0.19316602
0.19560286,0.21249914,0.1987333,0.20137404,0.19179064
0.20803684,0.19582182,0.19895686,0.2044982,0.19268623
0.19755238,0.206735,0.20354132,0.20009187,0.1920794
0.19623496,0.2118146,0.2010953,0.20068233,0.1901728
0.1972205,0.21414058,0.19837952,0.20069486,0.18956454
0.19576664,0.2172853,0.19800003,0.20114015,0.18780789
0.20671332,0.19685279,0.1974562,0.20651452,0.19246317
0.19615074,0.2123897,0.20323856,0.20025982,0.18796115
0.19572015,0.21587804,0.19976184,0.20045842,0.18818153
0.19428682,0.2181137,0.19910203,0.20079793,0.1876995
0.19518505,0.22014144,0.19723618,0.2013911,0.18604623
0.20619065,0.19782524,0.1959447,0.20761648,0.19242293
0.19575594,0.21521117,0.20197132,0.20105821,0.18600336
0.19464785,0.21829021,0.19945928,0.2006659,0.18693677
0.19362088,0.22169046,0.19724452,0.20204835,0.18539575
0.19525763,0.22214526,0.19583444,0.20105788,0.18570478
0.20742072,0.1954552,0.19711879,0.20686005,0.1931453
0.1946903,0.21774127,0.20212415,0.20116153,0.18428275
0.19412684,0.22225088,0.1991003,0.20072556,0.18379645
0.193733,0.22390665,0.19850521,0.2003359,0.18351918
0.19392923,0.22574987,0.1967232,0.20085129,0.18274641
0.2078572,0.19572917,0.19720815,0.20646037,0.19274515
0.19903077,0.19417216,0.21416482,0.19621529,0.1964169
0.19860053,0.19954896,0.20916456,0.1982613,0.19442466
0.19653985,0.20041119,0.20899466,0.19850008,0.19555426
0.19567984,0.20078777,0.20815915,0.19922127,0.19615193
0.19533616,0.20133647,0.20476978,0.20085439,0.1977032
0.20210722,0.19667703,0.20601206,0.20008257,0.19512112
0.19641516,0.20100923,0.20699582,0.19955751,0.19602226
0.19581473,0.20139983,0.20718403,0.1992033,0.19639808
0.19684786,0.20195423,0.20571521,0.19977488,0.19570781
0.19712847,0.20257705,0.19997478,0.20207955,0.1982401
0.19466276,0.1977253,0.20953918,0.19863394,0.19943886
0.19781303,0.20139226,0.20683363,0.1984193,0.19554178
0.19606863,0.2019785,0.20637283,0.19947961,0.19610044
0.19884294,0.20153075,0.20545572,0.19857022,0.19560032
0.19402142,0.20295037,0.20348819,0.1998922,0.19964786
0.19702567,0.19692434,0.20802256,0.19927324,0.19875419
0.19813041,0.20167857,0.20484902,0.19908716,0.19625483
0.19563046,0.20273603,0.20527878,0.19973578,0.19661891
0.19642177,0.20213243,0.20692436,0.1983357,0.19618572
0.19575661,0.20208059,0.20307702,0.20002499,0.1990608
0.20135847,0.19905591,0.20269369,0.20027605,0.1966159
0.19716711,0.20211197,0.2050387,0.19914696,0.19653523
0.19657259,0.20180312,0.20469464,0.19925062,0.19767907
0.19512083,0.20154071,0.20624512,0.19945098,0.19764239
0.19981584,0.20243509,0.19924057,0.2009697,0.19753881
0.1993572,0.19682057,0.20853841,0.1971006,0.19818322
0.19743896,0.20127639,0.20519467,0.19897147,0.19711854
0.19703962,0.20156375,0.20498739,0.19875406,0.19765523
0.1957376,0.20237029,0.20352536,0.19961132,0.19875541
0.19290467,0.20356788,0.20618437,0.19995652,0.19738653
0.19953482,0.19732217,0.20793684,0.19756588,0.19764027
0.19823226,0.2008458,0.2067429,0.19749942,0.19667964
0.19730051,0.201692,0.21004674,0.19757627,0.19338447
0.19517867,0.20278633,0.20335141,0.19964199,0.19904166
0.19497071,0.20260818,0.20271924,0.19998282,0.19971903
0.19838363,0.19752152,0.20838502,0.1972941,0.1984157
0.19814043,0.20140113,0.20733719,0.19744194,0.19567932
0.19555879,0.20205094,0.20622908,0.19854282,0.19761837
0.19550619,0.2023563,0.20475154,0.19906747,0.19831856
0.19506367,0.20068888,0.20837642,0.19804002,0.19783102
0.19777818,0.19795384,0.20779558,0.19850335,0.19796905
0.19809774,0.20141129,0.20588447,0.19806382,0.19654264
0.19405743,0.20061156,0.20855391,0.19760616,0.19917089
0.19967769,0.2044012,0.19966604,0.20017542,0.19607967
0.19470257,0.2027822,0.20390439,0.19999163,0.19861919
0.1990969,0.1974634,0.20828897,0.1971625,0.19798823
0.1974498,0.2013845,0.20700052,0.19760676,0.19655839
0.19687878,0.20210844,0.20325294,0.19939585,0.198364
0.19655344,0.20179297,0.20492837,0.19877572,0.19794948
0.19383048,0.20255446,0.2060902,0.1979747,0.19955017
0.19903429,0.19788295,0.20797516,0.19765995,0.19744763
0.19748789,0.20143701,0.20731446,0.19762795,0.19613272
0.19306503,0.20339248,0.20601031,0.19887367,0.19865847
0.1953998,0.20252644,0.20488451,0.19871557,0.19847368
0.19532757,0.20185445,0.20681067,0.1980196,0.19798774
0.20016457,0.19692339,0.20773199,0.19697548,0.19820459
0.19581516,0.20219815,0.20737179,0.19804405,0.19657083
0.19669016,0.20167667,0.20614932,0.19796851,0.19751537
0.19540663,0.20067842,0.20728071,0.19740656,0.19922765
0.19827674,0.20345919,0.20151092,0.19963925,0.19711393
0.20034476,0.19673683,0.20937335,0.19602492,0.19752017
0.1977189,0.20092072,0.20783408,0.19727395,0.19625229
0.196719,0.20015521,0.20986496,0.19656156,0.19669922
0.19681631,0.20205478,0.20139119,0.20071517,0.19902253
0.19449627,0.20214537,0.20452192,0.19946733,0.19936912
0.1985821,0.19689095,0.20944841,0.19693086,0.19814762
0.20197938,0.20172434,0.20190822,0.1991452,0.1952428
0.19595212,0.20108278,0.20835459,0.19716261,0.19744788
0.19159372,0.20292196,0.20622575,0.19916265,0.20009595
0.194209,0.20208721,0.20593883,0.19858675,0.19917823
0.19905236,0.19699042,0.20957746,0.1968311,0.1975487
0.19320768,0.202003,0.20873775,0.19815147,0.19790012
0.19632643,0.20140928,0.20569101,0.1978853,0.198688
0.19616584,0.20097141,0.20710061,0.1969167,0.1988454
0.19457927,0.20133522,0.20748171,0.19775636,0.19884747
0.19863048,0.19691977,0.20963371,0.19602197,0.19879407
0.19580321,0.20071878,0.20971054,0.19706228,0.19670512
0.19276091,0.2000445,0.2115689,0.19607146,0.19955423
0.19796072,0.20286256,0.20216297,0.20022519,0.1967886
0.1929221,0.20172931,0.2073534,0.19817849,0.19981666
0.19987378,0.19648154,0.20888492,0.19662963,0.19813013
0.20011514,0.2025468,0.20365088,0.19869845,0.19498868
0.19485618,0.20083226,0.2077438,0.19724351,0.19932425
0.1952968,0.20097525,0.20834771,0.19697322,0.19840704
0.19515215,0.20072745,0.2083667,0.1966374,0.19911632
0.20001873,0.19578123,0.20763499,0.1969955,0.19956957
0.19260676,0.20168555,0.20901982,0.19767864,0.19900921
0.19509451,0.20077181,0.21000803,0.19621891,0.19790673
0.19375306,0.20128807,0.20783925,0.19751742,0.19960222
0.19371815,0.20048982,0.20992771,0.19632404,0.1995403
0.19904321,0.19646814,0.2109067,0.19524005,0.19834185
0.19604547,0.19997166,0.20993426,0.19623628,0.19781229
0.19368453,0.19941376,0.21202973,0.19618683,0.19868517
0.19493306,0.20105739,0.20727538,0.19737953,0.19935465
0.19603747,0.20075847,0.2070649,0.1967034,0.19943573
0.1984584,0.19491088,0.21189623,0.19496953,0.19976489
0.19923963,0.19999705,0.2039506,0.19887672,0.197936
0.19685397,0.20019542,0.20713286,0.1971566,0.19866118
0.19617474,0.20120908,0.20470369,0.19806036,0.19985214
0.19287094,0.20080324,0.20867172,0.1973958,0.20025834
0.20247763,0.19370402,0.21322547,0.1942663,0.19632655
0.19681548,0.2013289,0.20592575,0.1978452,0.19808465
0.19654822,0.20061947,0.20837109,0.19657028,0.19789092
0.19618994,0.20131415,0.20612209,0.19753902,0.19883484
0.19170426,0.20140077,0.2084249,0.19714713,0.20132291
0.19826108,0.19613945,0.21224108,0.19485149,0.19850689
0.19391431,0.19887286,0.21274486,0.1954322,0.19903578
0.1948702,0.20032558,0.20909798,0.19639714,0.19930911
0.19399227,0.20011242,0.20900106,0.19663455,0.20025973
0.19321139,0.20116729,0.20799556,0.19722262,0.20040314
0.20010844,0.19669855,0.2101017,0.19596024,0.19713111
0.19411412,0.19980788,0.21144548,0.19629388,0.19833863
0.19282119,0.20019697,0.21238378,0.19603063,0.1985674
0.19397101,0.19980286,0.21002421,0.19565767,0.20054428
0.19542259,0.20098731,0.20550132,0.1983576,0.19973122
0.1951612,0.19750388,0.21202028,0.19527388,0.20004079
0.19431347,0.19995238,0.21160337,0.19581477,0.19831602
0.19394234,0.20028569,0.2098654,0.19649695,0.19940956
0.19506496,0.19899297,0.21396573,0.19457647,0.19739988
0.19240035,0.20151842,0.206503,0.1971738,0.20240441
0.19881782,0.19578236,0.20965096,0.19568448,0.20006435
0.1948912,0.19941589,0.21193437,0.19549163,0.19826694
0.19335847,0.20030017,0.20982134,0.19694722,0.1995728
0.19325103,0.20052259,0.2090071,0.19660506,0.20061423
0.19291356,0.19938526,0.21133035,0.195231,0.20113982
0.20258857,0.195995,0.20617017,0.19668168,0.19856463
0.19509377,0.1999975,0.2109755,0.19619896,0.19773425
0.19351003,0.20069058,0.20852335,0.19686048,0.20041557
0.19848344,0.20077184,0.20457213,0.19690105,0.19927153
0.19404812,0.20016323,0.2077509,0.19693293,0.20110482
0.19738296,0.19622351,0.2113278,0.19574484,0.19932088
0.19581051,0.19933812,0.21119043,0.19517627,0.19848466
0.195334,0.19983868,0.2091543,0.19588035,0.19979267
0.19022574,0.20266014,0.20465457,0.1989951,0.20346442
0.19404583,0.20035665,0.20707214,0.19656795,0.20195745
0.19769315,0.19614564,0.21005376,0.19569159,0.20041591
0.19509669,0.19972953,0.20888555,0.19586085,0.20042738
0.19318707,0.20106982,0.20723626,0.19743566,0.2010712
0.19367857,0.20052075,0.20873208,0.19618164,0.20088695
0.19560383,0.2011294,0.20521101,0.19794588,0.20010988
0.1981655,0.19585612,0.21164095,0.19513485,0.19920255
0.19506052,0.19986781,0.21179083,0.19535194,0.19792886
0.19817126,0.20257573,0.2019309,0.19894436,0.19837773
0.19353002,0.20077698,0.20827541,0.1971759,0.20024168
0.19062735,0.2020984,0.20689483,0.19803749,0.20234191
0.19864325,0.19516394,0.21207052,0.19468738,0.19943486
0.19829813,0.19781868,0.21305884,0.19410539,0.19671896
0.1943679,0.20020072,0.20854837,0.19576845,0.20111455
0.19403832,0.2000496,0.20963067,0.19620934,0.20007208
0.19413054,0.2008637,0.2064989,0.19745475,0.20105213
0.19840789,0.19507968,0.20948622,0.19631757,0.20070861
0.19452356,0.19951205,0.21004923,0.19638392,0.19953129
0.19452468,0.19978878,0.20890974,0.19633481,0.200442
0.19608688,0.20056726,0.20750588,0.19611561,0.19972439
0.19440252,0.1999699,0.20634384,0.19704959,0.20223416
0.19867598,0.19467378,0.21238258,0.19418412,0.2000835
0.19933131,0.20165768,0.20258892,0.19856012,0.19786191
0.19556336,0.20090128,0.20450968,0.19836912,0.20065656
0.19227557,0.2015515,0.20707034,0.19788884,0.20121375
0.19525565,0.19991332,0.2065354,0.1970095,0.20128612
0.19858533,0.19464906,0.211527,0.19465952,0.20057909
0.19270256,0.20057046,0.2102457,0.19578634,0.20069492
0.19348034,0.19973354,0.20938782,0.19604358,0.20135471
0.19288921,0.19931825,0.21022223,0.19606566,0.20150463
0.19356039,0.19976501,0.20916723,0.19590087,0.20160656
0.19847973,0.19433452,0.21219364,0.19446988,0.20052223
0.1954368,0.19920239,0.21054073,0.19549173,0.19932836
0.19241564,0.1983731,0.21235907,0.1946744,0.20217781
0.19682285,0.20065044,0.20174418,0.19953907,0.20124349
0.1937612,0.19937299,0.20846334,0.19617195,0.20223054
0.19838823,0.19451421,0.21281122,0.19408564,0.20020068
0.1993134,0.19985338,0.20492092,0.19729565,0.19861661
0.19595309,0.19913916,0.20948754,0.19530788,0.20011231
0.19225347,0.20062831,0.20668763,0.19708315,0.20334749
0.19115505,0.20048451,0.20785126,0.1972117,0.20329748
0.2006503,0.1930276,0.21291009,0.19421318,0.19919883
0.1935396,0.20060855,0.20938535,0.19671704,0.19974944
0.19401406,0.19963813,0.20976874,0.19577007,0.200809
0.1931858,0.19961184,0.21050589,0.19605048,0.20064601
0.1924397,0.20014413,0.20888498,0.19656174,0.20196943
0.19801734,0.19486037,0.21000996,0.1958571,0.2012552
0.19428845,0.19951843,0.21001115,0.19603153,0.20015049
0.19630148,0.2005727,0.20525205,0.19739099,0.20048279
0.19416676,0.20000887,0.20777605,0.19606477,0.20198353
0.19465134,0.19987458,0.20712289,0.19589858,0.20245264
0.1947321,0.19227521,0.2178232,0.19323577,0.20193368
0.19569297,0.19939797,0.20764585,0.1968883,0.20037492
0.1956353,0.19936842,0.2069429,0.1966195,0.20143393
0.19497827,0.20038526,0.20641093,0.19675727,0.20146829
0.19496962,0.19924293,0.20833158,0.19576451,0.20169133
0.1989643,0.19289218,0.21638495,0.1926473,0.19911127
0.19498494,0.19972347,0.20991862,0.1959932,0.19937976
0.19372827,0.1986286,0.21072826,0.19537465,0.20154023
0.19300026,0.19906038,0.21047086,0.19551095,0.20195754
0.18894082,0.2008714,0.20881502,0.19705403,0.2043187
0.19924545,0.19415277,0.21194084,0.19413391,0.20052704
0.19593786,0.19857705,0.21089467,0.19505765,0.19953272
0.19331492,0.19893374,0.21023263,0.19571272,0.20180605
0.19352077,0.19995102,0.20822735,0.19628258,0.20201825
0.19277248,0.19993103,0.20685148,0.19706455,0.2033805
0.19904658,0.19388087,0.21233353,0.19388652,0.20085251
0.19954573,0.1987921,0.20619836,0.19722776,0.19823602
0.19296551,0.19989939,0.20898986,0.1962571,0.20188814
0.19393864,0.1993612,0.21007636,0.19515581,0.20146796
0.19314489,0.19812338,0.21285585,0.193864,0.20201188
0.20016296,0.19403829,0.20761982,0.19691221,0.20126672
0.19540823,0.19835186,0.21125141,0.19511047,0.199878
0.19573908,0.1978361,0.21090028,0.19449028,0.2010343
0.19524299,0.19949178,0.20811963,0.19544467,0.2017009
0.19521613,0.19881271,0.20825642,0.19548053,0.20223421
0.2002169,0.19483088,0.20679307,0.19601594,0.20214319
0.19610836,0.19801603,0.21210197,0.19425805,0.19951564
0.1945047,0.19892152,0.20953031,0.19578746,0.20125605
0.1922085,0.20106375,0.20657817,0.19835028,0.20179927
0.1956931,0.20010747,0.20322667,0.19784679,0.20312597
0.19890973,0.19312148,0.21208356,0.19424781,0.20163745
0.19642974,0.198533,0.21042405,0.19538146,0.1992318
0.19474858,0.19922142,0.20849714,0.19604886,0.20148407
0.19303714,0.1989108,0.21063656,0.19557773,0.20183778
0.19489169,0.19946197,0.20685536,0.19614513,0.20264591
0.19640985,0.19149663,0.21849412,0.19147058,0.2021288
0.19678564,0.1983874,0.2102039,0.1956227,0.1990004
0.19600503,0.19853619,0.20873876,0.19571696,0.201003
0.19492318,0.1995102,0.20672654,0.19633563,0.20250449
0.19277197,0.1994079,0.20887826,0.19611825,0.20282356
0.2008465,0.19283812,0.20987593,0.19517258,0.20126684
0.19697149,0.19856636,0.2093038,0.19596198,0.19919635
0.19507816,0.1991898,0.20810066,0.19640729,0.2012241
0.19920827,0.19948438,0.20364985,0.19846982,0.19918765
0.19454917,0.19895545,0.2098145,0.19560859,0.20107228
0.1996094,0.19316177,0.21119437,0.1951027,0.20093177
0.19621298,0.19840688,0.21037789,0.19548286,0.19951944
0.19540732,0.19900623,0.20845178,0.19577743,0.20135722
0.19490106,0.19874094,0.21346721,0.19492672,0.19796404
0.19396703,0.19931823,0.20535967,0.19679314,0.20456193
0.19960357,0.19303024,0.21085605,0.19529797,0.20121214
0.19616513,0.19890371,0.20836341,0.19637218,0.20019558
0.19418176,0.2001634,0.20754567,0.19574513,0.20236403
0.1954428,0.19942766,0.20725507,0.19581679,0.20205767
0.19486012,0.1989922,0.20794359,0.1956862,0.20251791
0.19913627,0.1933305,0.21045052,0.19545546,0.20162728
0.1970602,0.19775273,0.21106318,0.19467215,0.19945177
0.19566615,0.19850683,0.20810159,0.19598639,0.20173901
0.19459397,0.19975346,0.20690905,0.19656558,0.20217791
0.19399427,0.19976264,0.20728241,0.19647937,0.2024813
0.19843939,0.19366606,0.21220304,0.1945237,0.2011678
0.19462581,0.19833483,0.21132323,0.19530305,0.20041314
0.19660917,0.19893493,0.20668252,0.19657348,0.2011999
0.19277786,0.1964618,0.21308158,0.1941608,0.20351793
0.19952717,0.20027865,0.20191763,0.19800968,0.20026687
0.20097534,0.19240968,0.209485,0.19552147,0.20160846
0.19715653,0.1973992,0.21132365,0.19482426,0.19929637
0.19376405,0.19808854,0.21104325,0.19538292,0.20172124
0.19909771,0.19844969,0.2035596,0.19792153,0.20097144
0.19651088,0.19918092,0.20604084,0.19645923,0.20180811
0.19960642,0.19245991,0.21314268,0.1939962,0.20079479
0.1967464,0.19800311,0.21037252,0.19544156,0.19943638
0.19724506,0.19905493,0.20511079,0.19710046,0.20148878
0.19853528,0.19718167,0.21076652,0.19440651,0.19911002
0.19150586,0.20065248,0.20560186,0.19751653,0.20472331
0.19913952,0.19283453,0.21053736,0.19539325,0.2020953
0.19656031,0.1983113,0.20943181,0.19587891,0.19981763
0.19544733,0.19770664,0.21501637,0.1944903,0.19733939
0.19261248,0.19941236,0.20780225,0.19651899,0.20365392
0.19449992,0.19994052,0.20559047,0.19713335,0.20283571
0.19905195,0.19350073,0.21025375,0.19539762,0.20179592
0.19323999,0.19972257,0.20934242,0.19623332,0.20146169
0.19432616,0.19981655,0.2063392,0.19621181,0.2033063
0.19577372,0.19899178,0.20702767,0.19640373,0.20180306
0.19467747,0.19874598,0.20677216,0.19722024,0.20258418
0.19919938,0.19191305,0.21413703,0.19464023,0.20011027
0.19610785,0.19768946,0.21109551,0.1949176,0.20018955
0.19620095,0.19766188,0.20955203,0.19518068,0.20140445
0.19560066,0.1991182,0.20589398,0.19720757,0.20217958
0.19259252,0.19706455,0.21120869,0.19520672,0.20392755
0.20115969,0.19176006,0.21174316,0.19459195,0.20074514
0.19809707,0.19678555,0.2102642,0.19500133,0.19985184
0.19613759,0.19811088,0.2085978,0.19569622,0.20145755
0.19203942,0.19549325,0.21545795,0.1934111,0.2035983
0.20068611,0.19854301,0.20084111,0.19804674,0.201883
0.2003621,0.1914842,0.21122986,0.1955253,0.20139857
0.19700687,0.19817537,0.20934512,0.19572556,0.1997471
0.19198252,0.1956797,0.21399073,0.19427721,0.20406985
0.19857001,0.19971628,0.2023756,0.19855446,0.20078363
0.19670825,0.19939166,0.20499776,0.19731599,0.20158629
0.20040852,0.19272433,0.2101673,0.19555356,0.2011463
0.19344671,0.19767174,0.21235698,0.19475175,0.2017728
0.19954479,0.19902016,0.20303708,0.19849621,0.19990176
0.19683766,0.198555,0.20749114,0.1962262,0.20089003
0.1962482,0.19771218,0.20714924,0.19642326,0.2024671
0.20152676,0.1905182,0.2123745,0.19406518,0.20151538
0.20198624,0.19846974,0.2037418,0.19813444,0.19766779
0.19753003,0.198907,0.20604885,0.19688201,0.2006321
0.1942113,0.19928093,0.20989887,0.19681285,0.19979605
0.19679716,0.1989869,0.20526217,0.1969797,0.20197405
0.2009067,0.19265506,0.21006408,0.19594611,0.20042807
0.19955519,0.19696243,0.20813833,0.195999,0.199345
0.19441004,0.19869356,0.20949908,0.1960034,0.2013939
0.19393145,0.19852883,0.20758946,0.19638674,0.2035635
0.19497669,0.19673042,0.20899738,0.19632937,0.20296612
0.20021997,0.19225402,0.21093829,0.19568041,0.20090728
0.19551049,0.19868177,0.21064559,0.19581531,0.19934689
0.19504644,0.19954455,0.2058796,0.19711591,0.20241348
0.1964608,0.19674069,0.20718363,0.19649063,0.20312424
0.19660072,0.19833228,0.2067903,0.19647677,0.20179991
0.19973408,0.1908748,0.21465313,0.19529603,0.19944194
0.19535612,0.19944878,0.20682222,0.19690245,0.20147042
0.19528788,0.19831824,0.20732659,0.19712299,0.20194434
0.19476347,0.19987166,0.20657784,0.19805881,0.20072827
0.19634226,0.19740805,0.20817982,0.19602565,0.20204419
0.20033987,0.19312072,0.20764814,0.19637035,0.20252094
0.1990632,0.1981638,0.20726536,0.19666985,0.19883782
0.19742584,0.1985355,0.20571232,0.19673647,0.2015899
0.19763018,0.19718128,0.20727086,0.19566692,0.20225075
0.19744617,0.19880082,0.20317207,0.19775946,0.20282146
0.2007695,0.19311248,0.20951107,0.19593966,0.2006673
0.19855188,0.19646257,0.21036354,0.19487874,0.19974327
0.19696248,0.19680752,0.20752831,0.19643034,0.20227133
0.19437487,0.1977173,0.20934494,0.19566722,0.20289566
0.19600399,0.19702205,0.2065758,0.19677798,0.2036202
0.20138867,0.19247545,0.20778887,0.19622682,0.20212021
0.19964588,0.19782396,0.20728754,0.19601266,0.19922994
0.19750182,0.19723116,0.20717052,0.19671723,0.2013793
0.19332752,0.19606394,0.21231456,0.19437939,0.20391458
0.19641201,0.19713867,0.20700817,0.19579692,0.20364423
0.2023277,0.19230135,0.20821905,0.19619426,0.20095766
0.19976746,0.19633535,0.20920494,0.19548239,0.19920988
0.1975997,0.1979155,0.20727782,0.19619668,0.2010103
0.19765374,0.19622107,0.21119304,0.19417931,0.20075282
0.1963443,0.19599606,0.20583603,0.19731759,0.20450604
0.2028768,0.19337441,0.2052731,0.19793744,0.20053825
0.19923969,0.19624417,0.20927902,0.19620661,0.19903052
0.19594389,0.19613898,0.20866331,0.19626418,0.20298962
0.19846249,0.19651172,0.20642838,0.19639765,0.20219979
0.19679578,0.1958992,0.20774548,0.19595967,0.20359986
0.20096667,0.19295423,0.20682709,0.19778278,0.20146921
0.19943163,0.19677098,0.20825893,0.19601266,0.1995258
0.19756228,0.19781485,0.20671618,0.19628769,0.20161898
0.1954502,0.19525434,0.20946519,0.19596235,0.20386794
0.19806136,0.19490357,0.20380673,0.19787416,0.20535417
0.2000824,0.19289783,0.20901266,0.19696632,0.2010408
0.19987813,0.19552,0.20758578,0.19664353,0.20037258
0.19863394,0.19675153,0.20598593,0.19667494,0.20195366
0.19669889,0.19394495,0.21123393,0.19523217,0.20289008
0.19915736,0.19479237,0.20506975,0.1972345,0.20374602
0.20280412,0.19249095,0.20702891,0.19688682,0.20078918
0.20278242,0.19684555,0.20486565,0.19648957,0.1990168
0.19935618,0.19420992,0.20561656,0.19698034,0.20383699
0.19553573,0.19402376,0.21175492,0.19458415,0.20410143
0.1983155,0.194335,0.20715824,0.19604036,0.2041509
0.20044951,0.19337118,0.20849586,0.19698477,0.20069872
0.19787104,0.19548501,0.20912191,0.19652292,0.20099911
0.19861488,0.19673449,0.20634365,0.19689164,0.20141533
0.19668508,0.1929647,0.20999342,0.19522738,0.20512944
0.199279,0.19446307,0.2049697,0.19684808,0.20444012
0.20054683,0.19311458,0.20801818,0.19737601,0.2009444
0.20055808,0.19762422,0.207219,0.19619632,0.19840236
0.19971022,0.19510914,0.20564048,0.19693106,0.20260906
0.1960854,0.19591355,0.20916845,0.19601515,0.20281745
0.19888966,0.19635178,0.20407844,0.19721253,0.20346758
0.20444444,0.1932781,0.20254883,0.19810775,0.20162085
0.20157483,0.1962187,0.2039554,0.19772193,0.2005291
0.20074819,0.1935346,0.20430732,0.197826,0.2035839
0.19900537,0.19307865,0.20714168,0.19616602,0.20460828
0.19804366,0.19663239,0.20449269,0.19775921,0.20307206
0.20164192,0.1930229,0.20645122,0.19702142,0.20186253
0.19967641,0.19677919,0.20618686,0.19733554,0.20002195
0.19945207,0.19432925,0.20579205,0.19747731,0.2029493
0.19934534,0.19504942,0.2057972,0.19701165,0.20279637
0.19849935,0.19488129,0.20578048,0.19764999,0.20318884
0.20117824,0.19427347,0.20363027,0.1984747,0.20244329
0.19903307,0.19559856,0.20665134,0.197291,0.201426
0.19760631,0.19810598,0.20705354,0.19725975,0.19997449
0.19988202,0.1928334,0.20512143,0.19731486,0.20484832
0.19836658,0.19595455,0.20506012,0.1975163,0.20310245
0.2045456,0.19397564,0.20162031,0.1980681,0.20179032
0.20097314,0.19461241,0.20630229,0.19736074,0.20075145
0.20163469,0.19765012,0.20291741,0.19808501,0.19971275
0.20060542,0.19148877,0.2044865,0.19811423,0.20530508
0.19996239,0.19381268,0.20513757,0.19731507,0.20377229
0.20082852,0.19467816,0.20436557,0.19907378,0.20105399
0.19941416,0.19622448,0.2065845,0.1964967,0.20128022
0.19851801,0.19591919,0.20596255,0.19714345,0.20245677
0.19919224,0.1928772,0.20655651,0.19690907,0.20446494
0.19977961,0.1916229,0.20679942,0.19706246,0.20473558
0.20620717,0.18972538,0.20886342,0.19641836,0.19878566
0.19811326,0.19781768,0.20473273,0.19821136,0.20112497
0.19915697,0.19508328,0.20605925,0.19715917,0.20254132
0.19939984,0.18992352,0.20591925,0.19716892,0.20758843
0.1999794,0.19463082,0.20461918,0.19741781,0.20335284
0.20319584,0.19321838,0.20604198,0.1982922,0.19925159
0.19574149,0.19854115,0.2086918,0.19812694,0.19889866
0.19905664,0.19422568,0.20708899,0.19727913,0.20234956
0.19847967,0.19650729,0.20682764,0.19767271,0.20051266
0.20194307,0.19093163,0.20593731,0.19666614,0.20452183
0.20390676,0.19233738,0.20642437,0.19862555,0.19870591
0.20404427,0.19622232,0.21306905,0.19544606,0.19121833
0.19970964,0.19274747,0.2074986,0.19667652,0.20336783
0.20084463,0.193657,0.20531857,0.19718827,0.20299153
0.20072773,0.19084042,0.20730628,0.19703902,0.20408653
0.20509459,0.1922647,0.20444109,0.19922982,0.19896981
0.20452316,0.19634989,0.20406993,0.19859467,0.1964624
0.20169206,0.19597991,0.21315019,0.19610836,0.19306949
0.19770543,0.19495924,0.20767385,0.1970916,0.20256987
0.19927043,0.19049072,0.20926751,0.19666502,0.2043063
0.20493582,0.19188428,0.20470732,0.19926025,0.19921236
0.2052879,0.19012457,0.20571455,0.19891319,0.19995978
0.20285232,0.19303401,0.20700556,0.19759233,0.19951575
0.20101106,0.19584024,0.20600042,0.19818488,0.19896345
0.20065467,0.19183265,0.20787081,0.19722033,0.20242158
0.20443718,0.19243619,0.20567511,0.19941324,0.19803828
0.20095477,0.1946959,0.21007203,0.1969593,0.19731797
0.19654584,0.19120139,0.2158193,0.19515489,0.20127857
0.20249242,0.18436554,0.20606346,0.19851623,0.20856233
0.20366079,0.18792026,0.20265208,0.19965234,0.2061145
0.2059448,0.19216412,0.20472068,0.19924267,0.19792776
0.20125408,0.19481789,0.20805904,0.19788654,0.19798239
0.2005257,0.19344033,0.21127316,0.19657077,0.19819005
0.19925739,0.19072244,0.21082936,0.1979216,0.2012692
0.20023392,0.19503959,0.20888743,0.19738495,0.19845411
0.20538807,0.19228153,0.20494556,0.19980599,0.19757885
0.20196712,0.19304486,0.20803468,0.19740595,0.1995474
0.20070758,0.191588,0.20748158,0.19825725,0.20196554
0.20204368,0.18846433,0.20678955,0.19797137,0.2047311
0.2027148,0.1934375,0.20410936,0.19907705,0.20066129
0.20612033,0.19194375,0.20491903,0.2000519,0.19696504
0.20381576,0.19360211,0.21028702,0.19735089,0.19494425
0.19915108,0.19265684,0.21790783,0.19529885,0.19498535
0.19751333,0.19412662,0.2073912,0.19819856,0.2027703
0.19950536,0.1910915,0.20532656,0.19856252,0.20551406
0.20566112,0.19227083,0.20450945,0.20002861,0.19753002
0.20181479,0.18916887,0.21019937,0.1981175,0.20069948
0.2049806,0.18869814,0.20364422,0.20007792,0.20259917
0.20255063,0.19571275,0.20466563,0.198953,0.19811802
0.20234565,0.19356395,0.20525792,0.19822375,0.20060873
0.20486812,0.1930305,0.20528445,0.201399,0.19541791
0.20114301,0.19453427,0.20839533,0.19942705,0.19650032
0.20150274,0.19131827,0.2082527,0.19759658,0.20132971
0.20001598,0.19178167,0.20728093,0.19844268,0.2024787
0.19545369,0.18750335,0.21427275,0.1962617,0.2065085
0.20642762,0.1925907,0.2043152,0.20071627,0.19595021
0.201258,0.1921944,0.2092225,0.19917971,0.19814546
0.20135131,0.19240336,0.20901328,0.19881277,0.19841932
0.20154421,0.19079436,0.20847026,0.19808024,0.20111091
0.20136215,0.18861067,0.20610097,0.19920999,0.20471624
0.20626687,0.1919586,0.20427476,0.20101745,0.19648233
0.20175418,0.19087104,0.20953801,0.19910662,0.19873013
0.19979903,0.1937614,0.21605757,0.19735473,0.19302729
0.19794518,0.18902268,0.2079975,0.19962466,0.20540999
0.19878007,0.19352229,0.20519863,0.19896021,0.20353878
0.2055374,0.19301997,0.20404801,0.20241997,0.19497466
0.20150767,0.18664683,0.21047568,0.19863318,0.20273659
0.19950561,0.19386756,0.2070507,0.19976388,0.19981225
0.2040069,0.19359517,0.20069528,0.20195462,0.19974804
0.2035234,0.1954449,0.20076321,0.20090869,0.19935976
0.20789154,0.19393598,0.20153318,0.20286112,0.19377817
0.20519787,0.11495951,0.17737766,0.20646924,0.2959957
0.2024922,0.18881851,0.20173411,0.20013627,0.20681886
0.20012927,0.1914107,0.20197916,0.20070222,0.20577866
0.19973303,0.19521116,0.20695668,0.19890776,0.19919138
0.20683378,0.19332077,0.20108542,0.20405042,0.19470958
0.20230635,0.18666291,0.20861451,0.19946915,0.20294707
0.20048341,0.1925021,0.20679294,0.19981615,0.20040537
0.19736853,0.19830336,0.21284069,0.19894841,0.192539
0.19774304,0.19581954,0.2034079,0.20097108,0.20205842
0.20431408,0.19455096,0.20239137,0.2026923,0.19605131
0.20239615,0.19110471,0.2083068,0.19907339,0.19911893
0.19998915,0.1915497,0.20605017,0.20013204,0.20227893
0.199335,0.19192049,0.20489585,0.20046702,0.20338163
0.19863346,0.18635376,0.2090996,0.19848272,0.20743047
0.20636322,0.19397722,0.2026528,0.20367002,0.19333674
0.20569095,0.18644513,0.20318376,0.20164931,0.20303082
0.20023838,0.19061226,0.20568143,0.20020328,0.20326464
0.20147572,0.19110167,0.20481707,0.1995027,0.20310286
0.19954671,0.1927084,0.20398605,0.19972876,0.20403005
0.20578763,0.1950932,0.20164709,0.20405391,0.1934182
0.19996412,0.19448054,0.20503025,0.20140839,0.19911672
0.20218858,0.19201694,0.20501772,0.19968884,0.2010879
0.1991968,0.19265494,0.20509632,0.20056862,0.20248331
0.19927219,0.19638957,0.20592435,0.20069051,0.1977234
0.20694073,0.19319406,0.20214628,0.2047949,0.19292402
0.2043901,0.19516602,0.20196305,0.20239542,0.19608545
0.20230828,0.19421652,0.2030982,0.2013652,0.19901179
0.19950928,0.19328383,0.20544127,0.20023598,0.20152959
0.19932687,0.19370106,0.20494018,0.20064396,0.20138793
0.20886062,0.19411881,0.2009379,0.20427763,0.19180502
0.20037968,0.19335686,0.20793822,0.20042787,0.19789736
0.19995907,0.19388333,0.20476083,0.20104764,0.2003491
0.19967929,0.19494867,0.20460065,0.20040075,0.20037061
0.19966331,0.19357209,0.20346545,0.20079888,0.20250024
0.212365,0.19419234,0.19488935,0.20708968,0.19146363
0.20149477,0.19576867,0.20691252,0.20083694,0.19498712
0.2011564,0.20053628,0.20736659,0.20005234,0.19088845
0.19900446,0.19497766,0.20404714,0.20117404,0.2007967
0.19829316,0.19764389,0.20493793,0.20032972,0.19879529
0.20595928,0.19454147,0.20174232,0.20633401,0.19142291
0.20075001,0.19508918,0.208589,0.20035228,0.19521947
0.1987264,0.19495253,0.2048602,0.2015543,0.19990659
0.19875997,0.19737577,0.20392461,0.2014344,0.19850525
0.1978479,0.20167217,0.20382605,0.20079187,0.19586203
0.20782574,0.19473235,0.19912092,0.20662175,0.19169918
0.19900359,0.19552442,0.20670295,0.20190947,0.19685955
0.19808757,0.19940089,0.20417464,0.202144,0.1961929
0.1985681,0.20354028,0.20340282,0.20073503,0.19375375
0.1982239,0.20442498,0.20205429,0.20190346,0.19339333
0.20705728,0.19501808,0.19906099,0.20696586,0.19189773
0.19801922,0.20248526,0.20524198,0.20160024,0.19265331
0.19757365,0.20940614,0.20125812,0.20183505,0.18992707
0.19542259,0.21068354,0.2014186,0.2017579,0.1907174
0.19771658,0.21116187,0.19962864,0.20154774,0.18994519
0.20724167,0.19464216,0.19994557,0.2072538,0.19091679
0.19804615,0.20142227,0.20542309,0.20220245,0.19290607
0.20179555,0.19987077,0.1982982,0.20374413,0.19629142
0.20191723,0.20389104,0.19698513,0.20404992,0.1931567
0.19623895,0.20699257,0.20408545,0.20107123,0.1916118
0.20754392,0.19582103,0.19717534,0.20848723,0.19097249
0.19600803,0.20963055,0.20569327,0.20188743,0.1867807
0.19258076,0.21689568,0.20081031,0.20231138,0.18740186
0.1935034,0.21890976,0.19889958,0.20238197,0.18630527
0.19276853,0.22000627,0.19817357,0.20232202,0.18672961
0.20937395,0.19579849,0.19600624,0.20802438,0.19079694
0.19542645,0.21263689,0.20236114,0.20280057,0.18677498
0.19429274,0.21721007,0.20242012,0.2024966,0.18358047
0.1960614,0.21851444,0.20125803,0.20210999,0.18205611
0.1975202,0.21861915,0.19766878,0.20165716,0.18453468
0.20712838,0.19478148,0.1993166,0.20773704,0.19103652
0.19623388,0.21497524,0.20202437,0.20326714,0.1834994
0.19587317,0.21771066,0.20148045,0.20116636,0.18376938
0.19506803,0.22141239,0.19877869,0.20235987,0.18238103
0.19821742,0.22257154,0.19242372,0.20414634,0.18264098
0.20895545,0.19527878,0.19658506,0.20851937,0.19066136
0.19771011,0.21376948,0.20013551,0.20370571,0.18467918
0.19569445,0.2234583,0.19816358,0.2021171,0.18056652
0.19408077,0.2262312,0.19570926,0.2031665,0.18081228
0.18931723,0.22970171,0.19671896,0.20337746,0.18088458
0.20827422,0.19921939,0.19114104,0.21061243,0.19075297
0.1895217,0.17321801,0.22839981,0.19933854,0.20952192
0.18781227,0.18599844,0.21293893,0.20307983,0.21017049
0.1870915,0.1882916,0.21080619,0.20322789,0.21058287
0.18702884,0.18960156,0.20777085,0.20342839,0.21217035
0.18664494,0.18925539,0.20786278,0.20361714,0.21261975
0.18888411,0.17368902,0.22620328,0.19997437,0.21124923
0.18814132,0.19098258,0.20700853,0.20303921,0.2108284
0.18741475,0.19251306,0.20717558,0.20187652,0.21102008
0.18703657,0.19182283,0.20523073,0.20343217,0.21247773
1.164622e-07,0.16687305,0.7335223,0.0711745,0.02842998
0.18770544,0.17003284,0.22717404,0.20195009,0.21313758
0.1873185,0.19121966,0.20529427,0.20410755,0.21206
0.18573673,0.19038285,0.20651591,0.20447282,0.21289164
0.18579638,0.19180083,0.20638734,0.20337836,0.21263707
0.18611673,0.1942247,0.20372853,0.20303349,0.21289653
0.18831885,0.18197566,0.21841945,0.19968598,0.21160012
0.18545398,0.19338363,0.2046984,0.2038418,0.21262218
0.1859933,0.19468044,0.2052625,0.20191106,0.2121527
0.18666458,0.19474162,0.2016479,0.20378228,0.21316367
0.18645228,0.19578369,0.20216858,0.20287359,0.21272187
0.18769212,0.1834109,0.21635695,0.20005144,0.21248859
0.18797739,0.196997,0.20246682,0.20221685,0.21034195
0.18658021,0.19700949,0.20236273,0.20267111,0.2113765
0.18600744,0.1963005,0.20266736,0.20306046,0.21196426
0.18718038,0.19742537,0.20228818,0.20162588,0.21148017
0.18848845,0.18894076,0.21144694,0.19980057,0.2113233
0.18798867,0.19736204,0.20240563,0.20176437,0.21047929
0.18660298,0.1976196,0.20105791,0.20266339,0.21205613
0.18726972,0.19910179,0.20061545,0.20182794,0.21118511
0.18698093,0.19858243,0.2007352,0.2016155,0.21208595
0.18856256,0.19062322,0.20982234,0.19972631,0.21126553
0.18675625,0.19793889,0.20040068,0.20298932,0.21191487
0.18696807,0.19919051,0.20006916,0.20205052,0.21172178
0.1881633,0.1999021,0.1990896,0.20132594,0.21151909
0.18694378,0.1995557,0.20044012,0.20108578,0.21197458
0.18831697,0.1924676,0.20876297,0.19912682,0.21132562
0.18808456,0.20072989,0.19958188,0.20094493,0.21065874
0.18752758,0.19983557,0.20049271,0.20097078,0.21117333
0.18693444,0.19984077,0.20112981,0.20107038,0.21102463
0.186236,0.20024005,0.19901803,0.2019829,0.21252301
0.18784998,0.19309719,0.20792307,0.19969027,0.21143945
0.18716182,0.20067699,0.2004214,0.20184052,0.20989926
0.18765815,0.20033625,0.19913399,0.20132121,0.21155038
0.18658812,0.2007437,0.19923574,0.20184202,0.21159045
0.18676698,0.20092237,0.19871865,0.20205279,0.21153924
0.18775384,0.19457369,0.20583177,0.19968028,0.21216041
0.1872687,0.20098948,0.20075628,0.20054989,0.21043561
0.18787017,0.20070195,0.19888803,0.20085627,0.21168356
0.18643515,0.20121408,0.19915253,0.20096853,0.21222977
0.18637078,0.20119396,0.19914593,0.20116708,0.21212225
0.18994938,0.19596243,0.20611095,0.19747357,0.2105037
0.18797463,0.20152467,0.19891794,0.20058298,0.2109998
0.18723787,0.20137407,0.20078951,0.19993527,0.21066326
0.18901782,0.20080611,0.19869538,0.20023148,0.21124919
0.18821475,0.20167373,0.19591907,0.20157921,0.21261321
0.18835738,0.19633399,0.20611012,0.1977388,0.21145973
0.18957919,0.20175152,0.19793229,0.20035887,0.21037817
0.18852474,0.20247902,0.19700651,0.20110145,0.21088831
0.18837824,0.20173487,0.19697236,0.20141654,0.21149799
0.18863684,0.20135961,0.19713792,0.20130958,0.21155606
0.18872085,0.19701064,0.20300919,0.19906189,0.21219745
0.18956134,0.20152129,0.19826,0.19973184,0.21092553
0.18930404,0.20204258,0.19832633,0.20023008,0.21009699
0.18953048,0.20216645,0.19717267,0.20000927,0.21112111
0.18794549,0.20230527,0.1963626,0.20159805,0.21178861
0.19044116,0.19713867,0.20567258,0.19584584,0.21090172
0.1888131,0.201842,0.1969929,0.20087054,0.21148145
0.1897885,0.201604,0.19823283,0.1995087,0.21086599
0.18795134,0.20198181,0.19828817,0.20042348,0.2113552
0.18838881,0.20268002,0.19721499,0.20011568,0.21160048
0.18890393,0.19831313,0.20348929,0.197965,0.21132867
0.18979505,0.20189384,0.19894692,0.19956587,0.20979835
0.18898998,0.20275764,0.19692245,0.20062439,0.21070553
0.19001879,0.20243989,0.19832268,0.19891895,0.21029966
0.1893189,0.20272732,0.19671232,0.20009309,0.21114835
0.1882606,0.19879949,0.20434067,0.19778366,0.21081555
0.18937415,0.20270926,0.1995656,0.19874574,0.20960522
0.18832475,0.20315263,0.19650918,0.20075934,0.21125406
0.18950202,0.20299506,0.19555783,0.20077695,0.21116814
0.18808368,0.20263696,0.19759077,0.19996014,0.21172842
0.18988942,0.19890805,0.2024966,0.19782732,0.2108786
0.18916966,0.20304732,0.19728139,0.20010212,0.21039948
0.18978512,0.20190337,0.19838968,0.19913305,0.21078874
0.18863198,0.20300299,0.1968678,0.19979793,0.21169929
0.18705699,0.20302692,0.19628848,0.20118342,0.21244414
0.1896562,0.19871809,0.20274559,0.19714133,0.21173884
0.19024076,0.20245273,0.19694474,0.19954708,0.21081465
0.18922417,0.2022883,0.19671471,0.20031953,0.2114533
0.188816,0.20267895,0.19538432,0.2006243,0.21249641
0.18913908,0.20321418,0.1966686,0.19963504,0.21134314
0.18995175,0.19937801,0.20410968,0.19642743,0.21013306
0.19128428,0.20227313,0.19993107,0.1973688,0.2091427
0.18919702,0.20296155,0.19722179,0.19975813,0.21086152
0.18946947,0.20334269,0.19693589,0.19982564,0.21042629
0.19007926,0.20241064,0.19760153,0.19925366,0.21065493
0.18890344,0.19952911,0.20267875,0.197262,0.21162671
0.1903902,0.20270519,0.19771032,0.19906212,0.21013212
0.18982461,0.2028112,0.19603576,0.19933857,0.21198985
0.18858118,0.20284463,0.19572787,0.20062609,0.21222024
0.1885849,0.20283777,0.19802475,0.19908465,0.21146794
0.19043477,0.19946522,0.20050113,0.19759202,0.2120069
0.18946359,0.20312744,0.19768071,0.19968097,0.21004727
0.18987235,0.20268133,0.1987919,0.19823076,0.21042357
0.18924229,0.20349254,0.19698021,0.19943783,0.21084714
0.18899651,0.2034509,0.19704951,0.19944987,0.2110532
0.18982601,0.19959922,0.20058952,0.19772442,0.21226084
0.19091493,0.2023193,0.19818823,0.19851074,0.21006678
0.19080853,0.20254311,0.19787377,0.19822058,0.210554
0.18865637,0.20318499,0.1973232,0.19960397,0.21123146
0.1904926,0.20272489,0.19785368,0.19858612,0.21034272
0.19167389,0.19922149,0.20133287,0.19641703,0.2113547
0.19022183,0.20241381,0.19819924,0.19886658,0.21029857
0.18918258,0.20170808,0.19857329,0.19808483,0.2124512
0.18873528,0.20306921,0.19798473,0.19872157,0.21148919
0.18935019,0.20315997,0.19850598,0.19824472,0.21073918
0.18944503,0.1997455,0.20102565,0.19770472,0.21207908
0.19041057,0.20255184,0.1977256,0.19867337,0.21063864
0.19018115,0.20296995,0.19761184,0.1992142,0.21002282
0.18931687,0.20245756,0.19752257,0.19845909,0.2122439
0.19050536,0.20292403,0.19560263,0.19955558,0.21141241
0.19164911,0.19895592,0.20119306,0.19621404,0.21198784
0.18979998,0.20260563,0.19904669,0.19800602,0.21054168
0.19023705,0.20326884,0.19682947,0.199099,0.2105656
0.19000098,0.20307402,0.19717455,0.19878317,0.21096726
0.187393,0.202634,0.19720899,0.19924928,0.21351469
0.19102484,0.19962184,0.20282046,0.19592866,0.21060419
0.19120522,0.20308945,0.19745103,0.19858252,0.20967177
0.18960406,0.20266907,0.19801147,0.19844829,0.21126707
0.19080862,0.20289515,0.1961905,0.19875163,0.21135409
0.18997185,0.20334911,0.19673161,0.19905949,0.21088803
0.19083835,0.19957417,0.20138106,0.19683182,0.21137464
0.19048636,0.20250437,0.19837917,0.19801612,0.21061398
0.19106987,0.20255315,0.19713162,0.19840026,0.21084507
0.19015042,0.20244172,0.1993039,0.19701134,0.21109265
0.18908624,0.20251794,0.1971083,0.19895555,0.21233195
0.19194758,0.19941981,0.20017011,0.1969206,0.21154188
0.19059765,0.20307505,0.19869599,0.19830008,0.2093312
0.18857595,0.20284925,0.19995245,0.1975596,0.21106276
0.1907484,0.20341697,0.19643347,0.19867344,0.21072775
0.19012985,0.203063,0.19760138,0.19815682,0.21104895
0.19167492,0.19929744,0.20223944,0.19616503,0.21062317
0.1903606,0.20221578,0.198857,0.19792746,0.21063913
0.19129759,0.20297785,0.19850369,0.19781007,0.20941074
0.18927419,0.20274778,0.19702423,0.19897422,0.21197961
0.18905398,0.20242922,0.19753082,0.19878909,0.21219692
0.19118457,0.19911225,0.20103967,0.19658965,0.21207385
0.1898255,0.20230381,0.19844694,0.19815765,0.2112661
0.19011189,0.20228897,0.19926906,0.19739516,0.21093485
0.19160996,0.20267473,0.19685642,0.19817533,0.21068355
0.18956938,0.20305477,0.19750492,0.19835325,0.21151769
0.19233137,0.19883388,0.20306762,0.19525823,0.2105089
0.19247694,0.20218262,0.19882528,0.19671287,0.2098023
0.18924479,0.20230122,0.19952534,0.1975096,0.21141902
0.18887602,0.20218423,0.19884276,0.19777504,0.21232195
0.19023865,0.20306206,0.19644542,0.19875713,0.21149674
0.19274384,0.19921151,0.20229022,0.19593549,0.20981891
0.19137669,0.2024548,0.19997147,0.19710536,0.20909168
0.18919507,0.20226486,0.19926552,0.19780338,0.21147119
0.18927485,0.20238802,0.19844148,0.19773875,0.21215694
0.18967608,0.2028449,0.1982329,0.19784203,0.21140404
0.19105376,0.1993121,0.20157212,0.19655421,0.2115078
0.19098489,0.20194495,0.19992872,0.19728848,0.209853
0.18956766,0.2028403,0.19841252,0.1979945,0.21118496
0.19029598,0.20250812,0.19772248,0.19809186,0.21138155
0.1912557,0.20256494,0.19709833,0.19787689,0.21120417
0.19340146,0.19802561,0.20126386,0.1955515,0.21175757
0.19130093,0.20247018,0.19901814,0.19713067,0.21008009
0.18990935,0.20218521,0.19927585,0.19812915,0.21050048
0.19173057,0.20261589,0.19712919,0.19790114,0.21062323
0.18973133,0.20215498,0.19696195,0.19814917,0.21300256
0.19276081,0.19851612,0.20182115,0.19559684,0.21130507
0.19050758,0.20174979,0.20141464,0.19650194,0.2098261
0.19004273,0.20232263,0.199075,0.19727615,0.21128352
0.18958648,0.20237525,0.19885157,0.19771774,0.211469
0.19000646,0.20337756,0.19762461,0.19853383,0.2104575
0.19293974,0.1988113,0.20217116,0.19560228,0.21047552
0.19198047,0.20213723,0.20038486,0.19661327,0.20888421
0.19071586,0.20213223,0.20030694,0.19639167,0.2104533
0.19124112,0.20173217,0.19919114,0.1967514,0.21108422
0.1907505,0.20303857,0.19670321,0.19856255,0.21094514
0.19187774,0.19871508,0.20397598,0.19499801,0.21043319
0.19183922,0.20169951,0.19950724,0.19671929,0.21023475
0.19019784,0.20200215,0.19895928,0.1978782,0.21096249
0.19089854,0.20295423,0.19651039,0.19894865,0.21068816
0.19015965,0.20198299,0.19765526,0.19783953,0.21236257
0.19243659,0.1986932,0.20201012,0.19584244,0.21101762
0.19068271,0.20227143,0.20095041,0.19687375,0.20922172
0.19032355,0.20271172,0.19830862,0.19779989,0.21085626
0.19162771,0.20186806,0.1985358,0.19679184,0.21117665
0.19085205,0.20200956,0.19807482,0.19744387,0.21161973
0.19276859,0.19858342,0.2022849,0.19540939,0.2109537
0.19120769,0.20233287,0.19895718,0.19752447,0.20997784
0.19154656,0.20149969,0.20089222,0.19599067,0.21007085
0.19195068,0.20282286,0.19610105,0.19846562,0.21065979
0.19032478,0.2029001,0.19705103,0.19804399,0.21168008
0.19241469,0.19827092,0.20138316,0.19613308,0.21179813
0.1918086,0.20219561,0.1990332,0.19732179,0.20964077
0.19177838,0.20295215,0.1975986,0.19839326,0.20927763
0.19058977,0.20251225,0.19744839,0.19806261,0.21138698
0.19100328,0.20160128,0.19659935,0.19828099,0.2125151
0.19348182,0.19783504,0.20180118,0.19551818,0.21136378
0.19342451,0.20087507,0.20128144,0.19570984,0.20870915
0.19182931,0.20219608,0.1982496,0.1971569,0.21056813
0.1906456,0.20188726,0.20035724,0.19641748,0.21069238
0.1925804,0.20280679,0.19851172,0.19679847,0.2093026
0.19295165,0.1983319,0.20314294,0.1952094,0.21036407
0.1937084,0.20176977,0.19967847,0.19649088,0.20835252
0.19165997,0.20162028,0.20080301,0.19633016,0.2095866
0.1912375,0.20323627,0.19827676,0.19769236,0.20955707
0.19221222,0.20180146,0.19866006,0.19646057,0.21086568
0.1939221,0.19805364,0.20383601,0.19533432,0.20885393
0.19122684,0.20187823,0.20018311,0.1969337,0.2097781
0.19076748,0.2030077,0.19794247,0.19845054,0.20983182
0.19119202,0.20228164,0.19884917,0.19724274,0.21043438
0.19050881,0.20200098,0.19966097,0.19692545,0.21090382
0.19440706,0.19763961,0.20068114,0.195673,0.21159917
0.19178832,0.20163614,0.2005919,0.19667383,0.20930985
0.1922355,0.20202327,0.19981919,0.19639854,0.20952354
0.193204,0.20134161,0.2006292,0.19510356,0.20972157
0.19275305,0.2029528,0.1966795,0.19789627,0.20971838
0.19389099,0.19784312,0.20160037,0.19588739,0.21077812
0.19328801,0.20164578,0.20052241,0.19599986,0.20854391
0.1918963,0.20157063,0.19868979,0.19714192,0.2107014
0.19323474,0.20288697,0.198291,0.19703548,0.20855176
0.19220348,0.2027453,0.19776587,0.19783387,0.20945144
0.19142619,0.19948466,0.20003432,0.1971145,0.21194036
0.191876,0.20204489,0.2007916,0.19684443,0.20844308
0.19223087,0.20261554,0.19777969,0.19814222,0.20923169
0.1918002,0.20258613,0.19825943,0.19749732,0.20985688
0.19192435,0.20217435,0.19975516,0.19667672,0.20946941
0.19349693,0.19791812,0.20380631,0.1952383,0.20954035
0.19325855,0.20126455,0.20266971,0.19534177,0.20746543
0.192965,0.2017012,0.19927461,0.19650836,0.2095508
0.19312139,0.20261604,0.19766068,0.19753027,0.20907164
0.1912712,0.20232062,0.1975515,0.19795673,0.21089996
0.19427752,0.19714628,0.2036784,0.19484651,0.2100513
0.19402494,0.20088357,0.20147851,0.19564824,0.20796473
0.19088835,0.20255083,0.19838822,0.19788486,0.21028778
0.1911196,0.20235279,0.19908345,0.19733413,0.21011004
0.19088732,0.20197193,0.20053425,0.19646962,0.2101369
0.19426012,0.19669083,0.20249975,0.19550933,0.21104
0.19166784,0.20121412,0.20302458,0.19582781,0.20826563
0.19152622,0.20195663,0.19957218,0.19679622,0.21014874
0.19123971,0.2019275,0.20066458,0.19628823,0.20987998
0.19217661,0.20144537,0.19772147,0.19760689,0.21104963
0.194561,0.19743852,0.20114039,0.1960357,0.21082437
0.1925666,0.2015477,0.20128755,0.19618328,0.20841485
0.19173516,0.20124689,0.20071349,0.19618079,0.2101237
0.18914928,0.20379944,0.19868895,0.19899179,0.20937051
0.19118594,0.202243,0.19854778,0.19673885,0.2112844
0.19495007,0.19680855,0.20395999,0.19449982,0.20978156
0.19285071,0.20154767,0.20176011,0.19598864,0.20785289
0.19368017,0.20179641,0.19888748,0.19683601,0.20879994
0.19228227,0.2020584,0.19891264,0.19671509,0.21003158
0.19191477,0.20182844,0.19889665,0.19653429,0.2108259
0.19527933,0.19668195,0.20381543,0.19401422,0.21020904
0.19292483,0.20106457,0.20232545,0.19603676,0.20764841
0.19200143,0.20224315,0.19931924,0.19717228,0.20926392
0.19153602,0.20168455,0.19969957,0.19701073,0.21006916
0.19219035,0.20168732,0.19947547,0.19674814,0.20989875
0.19462508,0.19686826,0.20479256,0.19429909,0.20941497
0.1931603,0.20154348,0.20038757,0.19655396,0.20835468
0.19232194,0.20100768,0.20105664,0.19607233,0.20954148
0.19232826,0.2014332,0.2002633,0.19656163,0.20941363
0.19129108,0.20243949,0.1983081,0.19747865,0.21048269
0.19411509,0.1973914,0.20374064,0.19557635,0.20917647
0.1926609,0.20117183,0.2016246,0.19575351,0.20878915
0.19214736,0.20112938,0.20163745,0.19613467,0.20895115
0.19200704,0.20148733,0.1996744,0.19645126,0.21037997
0.1921184,0.20172216,0.1998437,0.19666392,0.20965184
0.19555527,0.19637114,0.20368776,0.19465993,0.20972592
0.19339614,0.20082127,0.20205,0.19539046,0.20834215
0.19307412,0.2016015,0.19832966,0.19696298,0.21003173
0.1928699,0.20166372,0.19934803,0.1965138,0.20960452
0.19251698,0.20105565,0.1999859,0.19670731,0.20973417
0.19480695,0.1965209,0.2041301,0.19411471,0.21042733
0.1929662,0.2006228,0.20339026,0.1950087,0.20801206
0.19312456,0.20163408,0.19989194,0.19650185,0.20884752
0.1927901,0.20119907,0.20175146,0.1957843,0.20847504
0.19238529,0.20237379,0.19910723,0.19701979,0.2091139
0.19433461,0.19650398,0.20574734,0.19434871,0.20906535
0.1936222,0.20064606,0.20278789,0.19474539,0.20819849
0.19137202,0.20229028,0.20022237,0.19689724,0.20921811
0.19194037,0.20214474,0.19889635,0.19700478,0.21001372
0.19242132,0.2018737,0.19863869,0.19734162,0.20972468
0.19714049,0.19568376,0.20514561,0.19316134,0.2088688
0.19366135,0.20073833,0.202599,0.19525334,0.20774804
0.19269335,0.20179316,0.19963396,0.19679533,0.2090842
0.19285455,0.20162807,0.20029168,0.19618753,0.20903815
0.19174914,0.20176922,0.19914486,0.19695778,0.21037897
0.19590588,0.19610752,0.20358843,0.19455482,0.20984334
0.19448736,0.20021471,0.20355442,0.19439453,0.20734897
0.19428067,0.200923,0.19988069,0.19597058,0.20894505
0.1931007,0.20119546,0.20043267,0.19635724,0.20891392
0.19277939,0.20197251,0.19813754,0.19686598,0.21024463
0.19529538,0.1963417,0.20466298,0.1947747,0.20892525
0.19290152,0.20099956,0.20162909,0.19599018,0.2084797
0.19250885,0.20164281,0.19965236,0.19724073,0.20895527
0.1919582,0.20171897,0.19911546,0.19702703,0.21018033
0.19276637,0.2015665,0.19903408,0.19679773,0.20983534
0.19585544,0.1957805,0.20333247,0.19508518,0.20994644
0.19277634,0.20098734,0.20366791,0.1951675,0.20740092
0.19370064,0.20148805,0.19976236,0.19609767,0.20895126
0.19179302,0.20203815,0.19964859,0.19711334,0.20940697
0.19102566,0.201925,0.20014974,0.1970741,0.20982558
0.195923,0.19550237,0.20405613,0.19438021,0.21013835
0.19316515,0.20095544,0.20201407,0.19611467,0.20775065
0.19324061,0.20140705,0.2013042,0.19612679,0.20792137
0.19254741,0.20170128,0.20002797,0.19649878,0.20922455
0.1936982,0.20123592,0.19882818,0.19675767,0.20948
0.1956791,0.19597524,0.203845,0.19501568,0.20948502
0.19317557,0.2003513,0.20427884,0.19494924,0.20724507
0.19274127,0.2019538,0.20033474,0.19701341,0.20795673
0.19199385,0.20107529,0.19914487,0.19750398,0.21028198
0.19228768,0.20215327,0.19889383,0.19719866,0.20946656
0.19555797,0.19582275,0.20483431,0.1947414,0.20904355
0.1935044,0.20076695,0.20296292,0.19587052,0.2068952
0.19331281,0.20047612,0.20176378,0.19536026,0.20908704
0.19150059,0.20248583,0.19952522,0.19745824,0.20903015
0.19270197,0.20164718,0.19925885,0.19674733,0.2096447
0.19535726,0.19532514,0.20441851,0.1947377,0.21016136
0.19322884,0.20079781,0.2025059,0.19581252,0.20765494
0.19296506,0.20147707,0.20147486,0.19570693,0.2083761
0.1929643,0.20099801,0.20083034,0.1958644,0.20934299
0.19251892,0.20127463,0.20001318,0.19654039,0.20965292
0.19537252,0.19565602,0.20350443,0.19524534,0.21022174
0.19451663,0.20036231,0.20279805,0.19530591,0.20701708
0.19257258,0.20145538,0.20028265,0.19658336,0.20910603
0.1926727,0.20147353,0.2006916,0.19678368,0.20837854
0.19324052,0.20197484,0.19843276,0.19676073,0.20959114
0.19536744,0.19528441,0.2053853,0.19429141,0.20967144
0.19421801,0.20079052,0.20135994,0.19607374,0.20755781
0.19299304,0.20068423,0.20091243,0.19627963,0.20913066
0.19233173,0.20225072,0.19992769,0.19688621,0.20860364
0.19201855,0.2021036,0.1993569,0.1971356,0.20938535
0.19616993,0.19512244,0.20608328,0.19402471,0.20859963
0.19449393,0.2007858,0.20213449,0.19568533,0.20690043
0.19161192,0.20155166,0.20033003,0.1969597,0.20954667
0.19152726,0.20159853,0.20062359,0.19649214,0.20975848
0.19285855,0.20154853,0.19974494,0.19668719,0.20916076
0.1956686,0.19562948,0.20516564,0.19452842,0.20900784
0.1945969,0.2001794,0.20324609,0.19493057,0.20704708
0.19229402,0.20131248,0.20062658,0.19680513,0.20896177
0.19358069,0.20108482,0.20026644,0.19631697,0.20875105
0.19227661,0.20089409,0.20050971,0.19663054,0.20968905
0.19607793,0.19489555,0.20390128,0.19456546,0.21055977
0.19392431,0.19984981,0.2048801,0.1944267,0.20691909
0.19357666,0.20081046,0.20176233,0.19601777,0.20783275
0.19237141,0.20077264,0.20164096,0.19595826,0.2092567
0.1935643,0.2014827,0.19862486,0.19618246,0.2101457
0.19730145,0.1943879,0.20510007,0.19362675,0.20958383
0.19408295,0.20054443,0.20205337,0.19548836,0.20783092
0.19279489,0.20109883,0.20234373,0.1960999,0.20766261
0.19301113,0.20152354,0.1996977,0.1966853,0.20908229
0.19248606,0.20152703,0.19830918,0.19750082,0.21017694
0.19540657,0.19534208,0.20506397,0.19476427,0.20942315
0.1937674,0.20010008,0.20413639,0.19458029,0.2074158
0.1928133,0.20128512,0.20123278,0.1963462,0.20832261
0.19318745,0.20148048,0.19975895,0.19653384,0.2090393
0.19286075,0.20107295,0.20019907,0.19629742,0.20956983
0.19767411,0.19445635,0.20283689,0.19448192,0.21055079
0.19436458,0.20001215,0.2036842,0.19502123,0.20691785
0.19394042,0.20101683,0.20124821,0.19565466,0.2081398
0.19338815,0.20083387,0.20147344,0.19578642,0.20851815
0.19353695,0.20051688,0.20109138,0.19595464,0.20890018
0.196321,0.19445704,0.20444301,0.19483633,0.20994264
0.19577973,0.19991298,0.20324837,0.1941966,0.20686233
0.19297445,0.20103322,0.20155674,0.19636972,0.2080659
0.19257139,0.20151585,0.20012029,0.19657598,0.2092165
0.19395803,0.2011107,0.19962765,0.19612403,0.2091796
0.19760188,0.19419745,0.20526691,0.19402994,0.2089038
0.19517224,0.20007555,0.20251656,0.19512226,0.20711342
0.19385524,0.20117994,0.20050721,0.19608495,0.20837267
0.19282767,0.20123237,0.20052503,0.19602194,0.20939296
0.19292866,0.20074,0.20087114,0.19614455,0.20931564
0.19719931,0.19496648,0.2045847,0.19464557,0.20860392
0.19387323,0.20001167,0.20347536,0.1953342,0.20730554
0.19343077,0.20095633,0.20067728,0.19598013,0.2089555
0.19413815,0.20039709,0.2008038,0.19605014,0.20861082
0.19221796,0.2019345,0.19931968,0.19697349,0.2095544
0.19668381,0.19467546,0.20618162,0.19356884,0.2088903
0.19496368,0.19972013,0.20370287,0.19511552,0.2064978
0.19326335,0.20083074,0.20225738,0.19606176,0.20758677
0.19305785,0.20036514,0.20109032,0.19624701,0.20923969
0.1927823,0.2010218,0.19973284,0.19660659,0.2098565
0.19659674,0.19447693,0.20375264,0.19485646,0.21031721
0.19489592,0.20020826,0.20388296,0.19446819,0.20654465
0.19281515,0.20050848,0.20240226,0.19623406,0.20804003
0.19262205,0.20114382,0.20098293,0.1963518,0.20889945
0.19290105,0.20110205,0.20076013,0.19607075,0.20916604
0.19720542,0.19466378,0.20378104,0.19482866,0.20952106
0.19489546,0.19990155,0.2040303,0.19482641,0.20634627
0.19376633,0.20132801,0.20042473,0.19643375,0.20804718
0.19379988,0.20039277,0.20132542,0.19560751,0.20887437
0.19308087,0.20199798,0.19885893,0.19723435,0.20882787
0.19670334,0.1942239,0.20597996,0.19396517,0.20912766
0.19563347,0.19941595,0.20543663,0.19369958,0.20581433
0.193876,0.20079449,0.20107952,0.1963492,0.20790076
0.19379587,0.20168006,0.1992093,0.19642963,0.2088851
0.19315033,0.20151612,0.20033933,0.19605863,0.20893556
0.19643018,0.19474085,0.20570704,0.19446738,0.20865457
0.19442256,0.20020294,0.20324889,0.19513822,0.20698741
0.19332004,0.20037915,0.20232038,0.19588935,0.20809105
0.19443323,0.20117688,0.19942246,0.19612278,0.20884466
0.19396615,0.20063928,0.20070913,0.19602206,0.20866333
0.1981633,0.19385725,0.20391333,0.1945741,0.209492
0.19525261,0.20008178,0.20293085,0.19494078,0.20679398
0.1951935,0.20078257,0.20073977,0.19534957,0.20793457
0.194042,0.2007549,0.20010266,0.19583257,0.20926788
0.1941223,0.20024647,0.20071723,0.1956044,0.20930962
0.19684082,0.19430292,0.2043579,0.19491616,0.20958224
0.19469093,0.19960397,0.20448886,0.19456252,0.20665368
0.19329281,0.20095548,0.20125653,0.19632567,0.20816949
0.19240694,0.2006323,0.20115638,0.1966177,0.20918669
0.19382736,0.20157215,0.19875969,0.19668876,0.20915206
0.19715159,0.19424793,0.2055744,0.19431108,0.20871502
0.19630815,0.198964,0.20344865,0.19426376,0.20701544
0.19377561,0.20028362,0.20157519,0.19587848,0.20848714
0.19409728,0.2013249,0.19968249,0.19610532,0.20879003
0.1934793,0.20049937,0.20032482,0.19594406,0.20975244
0.19782603,0.19475631,0.20346698,0.19505456,0.20889616
0.19479266,0.20037815,0.20300843,0.19521609,0.20660466
0.19376835,0.20146996,0.19831637,0.19702925,0.2094161
0.19361573,0.20085737,0.20159099,0.19527838,0.20865753
0.19324568,0.2009059,0.20123644,0.195855,0.20875697
0.19742359,0.194583,0.20483601,0.19418797,0.20896944
0.19463818,0.20028904,0.20197245,0.1963887,0.20671159
0.19503367,0.20067272,0.2005552,0.19562705,0.20811135
0.1937695,0.20049924,0.20081225,0.19627447,0.20864455
0.19309103,0.20143165,0.19938688,0.1966117,0.20947866
0.19731238,0.19411404,0.20358008,0.19473532,0.21025819
0.19508521,0.19951256,0.20335846,0.19504528,0.20699848
0.19490485,0.20027216,0.20104213,0.19591796,0.20786288
0.19373682,0.20120046,0.19997555,0.1960096,0.20907755
0.19349594,0.20106012,0.19901782,0.19669747,0.2097287
0.19844967,0.19353653,0.20355742,0.1940367,0.21041967
0.19485095,0.20053256,0.20197569,0.19588438,0.20675641
0.19366467,0.20141956,0.20069201,0.19627205,0.20795171
0.19596952,0.2010734,0.19888362,0.19621141,0.20786208
0.19485794,0.20043598,0.1994779,0.19617333,0.20905486
0.1973883,0.19438086,0.20400077,0.19436641,0.20986366
0.19614817,0.19966258,0.20359096,0.194322,0.20627627
0.19473834,0.20029183,0.20173645,0.19507079,0.20816262
0.19445215,0.20045212,0.19995433,0.19619863,0.20894276
0.19371279,0.2006994,0.19958833,0.19707233,0.20892714
0.19811976,0.19429271,0.2039178,0.19454591,0.20912383
0.19474402,0.19946031,0.20404415,0.19494177,0.20680979
0.1954011,0.20036194,0.20198317,0.19479555,0.20745826
0.19422102,0.20025972,0.20057592,0.19658703,0.20835628
0.19397087,0.2014913,0.19759455,0.19788884,0.20905437
0.19852307,0.19364627,0.20299286,0.19504684,0.20979093
0.19592348,0.2006907,0.20039542,0.1962827,0.20670767
0.19516957,0.20100085,0.20026925,0.19569355,0.20786679
0.19406414,0.20068449,0.20045628,0.19590263,0.20889245
0.19541472,0.20021546,0.20060788,0.19555722,0.20820472
0.19801487,0.19376469,0.20342615,0.19516662,0.20962764
0.19558115,0.2000624,0.20166722,0.19582024,0.206869
0.19429997,0.20099515,0.19896038,0.19697306,0.20877141
0.19477294,0.199761,0.20199592,0.19517721,0.20829292
0.1947258,0.20106678,0.1997381,0.19575088,0.20871842
0.19796675,0.19419156,0.20197506,0.19579974,0.21006688
0.1955679,0.19899105,0.20422322,0.1943125,0.20690534
0.19454403,0.20026556,0.20181029,0.19594376,0.20743638
0.1940405,0.19940507,0.20049334,0.19654202,0.20951906
0.1947764,0.20054825,0.19899128,0.19614203,0.20954205
0.19917767,0.19424243,0.20113356,0.19577204,0.2096743
0.19618884,0.20031556,0.20182326,0.19506545,0.20660692
0.19624223,0.19922803,0.20164435,0.19495988,0.2079255
0.1950979,0.20083086,0.1996137,0.19635826,0.2080993
0.19602127,0.20002592,0.19900504,0.19610462,0.20884317
0.19918415,0.19387817,0.20395212,0.19414537,0.20884015
0.19665031,0.19910128,0.20361978,0.19405949,0.20656915
0.19560815,0.20081429,0.20032354,0.19603378,0.20722024
0.19518296,0.20027816,0.19999193,0.19624211,0.20830484
0.19512786,0.19897889,0.20034188,0.19593546,0.20961595
0.19845346,0.19363636,0.20216636,0.19546847,0.21027537
0.1954166,0.200372,0.2027844,0.19494218,0.20648481
0.19603918,0.19920798,0.20151143,0.19500034,0.20824105
0.19535297,0.20032257,0.19997771,0.19557807,0.2087687
0.19514453,0.1998646,0.20007665,0.19589514,0.20901906
0.19882782,0.19401652,0.2028784,0.19489603,0.20938121
0.19578506,0.1996417,0.2031976,0.19465093,0.20672469
0.19517256,0.20138258,0.19942299,0.19647391,0.207548
0.1959939,0.19985685,0.20022456,0.19600095,0.20792374
0.1955921,0.20063676,0.197837,0.19647267,0.2094614
0.20032866,0.19410218,0.20226793,0.19499207,0.20830916
0.19652769,0.19864182,0.2030203,0.1950082,0.20680194
0.1950164,0.19941662,0.20120509,0.196008,0.20835388
0.19438638,0.20106898,0.19993171,0.19613896,0.208474
0.19599117,0.19990523,0.19944483,0.19585358,0.2088052
0.19969843,0.19368117,0.20151863,0.19554935,0.20955242
0.19492854,0.2001861,0.2022497,0.19572432,0.2069113
0.19479296,0.20099016,0.20079915,0.19593596,0.20748177
0.19541961,0.19900931,0.20204005,0.19485,0.208681
0.19545028,0.19738747,0.20110968,0.19525214,0.2108004
0.19904813,0.19415094,0.20147225,0.19591387,0.20941477
0.19647996,0.19944194,0.20307781,0.19472161,0.20627865
0.19694866,0.19936292,0.20007971,0.19547671,0.20813201
0.19580954,0.19849807,0.20070545,0.19538796,0.20959896
0.196432,0.2004289,0.19774199,0.1964764,0.20892072
0.1991853,0.19425364,0.20177372,0.19560331,0.20918404
0.19576272,0.19782762,0.20327455,0.19508243,0.20805266
0.1954319,0.19881582,0.20187695,0.19564423,0.2082311
0.19572562,0.19991763,0.19986634,0.19590868,0.20858173
0.19495682,0.19954368,0.19983806,0.19615415,0.2095073
0.19941467,0.1943278,0.20242661,0.19598767,0.20784323
0.23646277,0.08379225,0.014064848,0.30237862,0.36330152
0.19586541,0.20096612,0.19283983,0.19728293,0.21304572
0.19340754,0.20088482,0.19845763,0.19650431,0.21074569
0.19468482,0.20101604,0.19900012,0.19582987,0.20946914
0.19870704,0.19411698,0.20229341,0.19435748,0.2105251
0.19531061,0.20124817,0.20235726,0.19522856,0.20585544
0.19495353,0.20064726,0.20225163,0.194279,0.20786858
0.1945469,0.20013243,0.20322543,0.19435845,0.2077368
0.19559264,0.2014054,0.20006946,0.19574796,0.2071845
0.20008269,0.19377683,0.20246582,0.19465202,0.20902267
0.19732907,0.19917949,0.2040591,0.19379787,0.20563444
0.19524072,0.20086141,0.20158343,0.19544534,0.20686913
0.19591093,0.1981664,0.2020741,0.19481705,0.20903154
0.19530065,0.20011325,0.19989221,0.19563986,0.209054
0.1993339,0.19417678,0.20105143,0.19602786,0.20941006
0.19768366,0.19920287,0.20444255,0.19373442,0.20493649
0.19545269,0.20034744,0.20398724,0.1942937,0.205919
0.19515115,0.19979163,0.20217954,0.1952118,0.20766588
0.19681484,0.19749205,0.20144783,0.19525671,0.20898855
0.2012679,0.19385053,0.20254098,0.19517021,0.20717037
0.19632588,0.19979246,0.20520727,0.19389844,0.20477593
0.19603938,0.19792077,0.20444912,0.19415325,0.2074375
0.19700608,0.19982876,0.20102769,0.19476187,0.20737562
0.1967422,0.19856343,0.20177937,0.19427848,0.20863646
0.2019069,0.19321623,0.20332968,0.19436245,0.20718476
0.19717614,0.19763754,0.2064607,0.19315141,0.2055742
0.19658314,0.19962701,0.20220186,0.19471367,0.20687434
0.195341,0.19776769,0.2026403,0.19533277,0.20891829
0.19549653,0.19357884,0.20317163,0.1947708,0.21298218
0.20085137,0.19347127,0.20225367,0.19519733,0.20822634
0.19589022,0.19877024,0.20478573,0.19429572,0.20625809
0.19557346,0.19774857,0.20542538,0.19387606,0.20737654
0.19677377,0.19833767,0.20141608,0.194358,0.20911446
0.19681047,0.19791433,0.20093238,0.19518507,0.20915775
0.20139222,0.19374102,0.20353186,0.19429822,0.20703666
0.1969216,0.196416,0.20568511,0.19386874,0.20710851
0.19759606,0.19865072,0.20272177,0.19398637,0.2070451
0.19753431,0.19686481,0.20235416,0.19408835,0.20915839
0.1963478,0.19529392,0.20178168,0.19544129,0.21113533
0.20304273,0.19309323,0.20330313,0.19405149,0.20650947
0.19880775,0.19831063,0.20267498,0.19427349,0.20593315
0.19654074,0.19592212,0.20269278,0.19507733,0.20976701
0.19631614,0.19451435,0.20370762,0.19415326,0.2113086
0.19628164,0.19189629,0.20283215,0.19450401,0.21448588
0.20173328,0.1938668,0.20292377,0.19477713,0.20669904
0.1955536,0.19678766,0.20437258,0.19493173,0.2083544
0.19736128,0.19460241,0.20285371,0.19496374,0.21021886
0.1973549,0.1974205,0.20170459,0.1948448,0.2086752
0.19705275,0.19542468,0.2013471,0.19456741,0.21160808
0.20200041,0.19373402,0.20346346,0.19402528,0.2067768
0.19760129,0.19393325,0.2069331,0.19271132,0.20882106
0.19683492,0.19542807,0.20265798,0.19442405,0.21065499
0.19619404,0.19541849,0.20362122,0.19402854,0.2107377
0.19625327,0.19214396,0.20077586,0.19575417,0.21507272
0.2020436,0.19396381,0.20049646,0.19619983,0.20729624
0.19818701,0.19777597,0.2032728,0.19419236,0.20657185
0.19846126,0.1940661,0.20165901,0.19456089,0.21125272
0.19585194,0.19175681,0.2038099,0.19446863,0.21411271
0.19764471,0.19083148,0.20151958,0.19498204,0.21502216
0.20180921,0.19442846,0.20182961,0.19494526,0.20698749
0.19799875,0.19667117,0.20419252,0.19415073,0.20698683
0.19712374,0.19247325,0.20398323,0.19401729,0.21240252
0.19773568,0.18974786,0.20208539,0.19459426,0.21583684
0.19702004,0.19437371,0.1995907,0.19557326,0.21344225
0.20256484,0.19409268,0.20045605,0.19563471,0.20725171
0.19785188,0.192212,0.20476821,0.19371237,0.21145552
0.1975402,0.18929216,0.20332916,0.19424579,0.2155927
0.1971403,0.19549966,0.20138752,0.19478247,0.2111901
0.19633585,0.19460316,0.20091178,0.19525737,0.21289188
0.20311846,0.19397134,0.201206,0.19539551,0.20630866
0.1981799,0.19285397,0.204086,0.19445793,0.21042219
0.19721952,0.19549279,0.20201299,0.19473901,0.2105357
0.19747025,0.19331107,0.20105381,0.19503522,0.21312962
0.19662002,0.19154103,0.20122592,0.19557929,0.21503375
0.2030053,0.19388936,0.19937575,0.19599295,0.20773666
0.1977031,0.19783528,0.20369582,0.19455475,0.2062111
0.19828118,0.19368404,0.20196621,0.19439757,0.211671
0.196844,0.1933713,0.20203088,0.1949946,0.2127592
0.19696459,0.19162881,0.20203851,0.19481726,0.21455076
0.20291977,0.19442217,0.20106398,0.19591312,0.20568092
0.19856286,0.19595967,0.20359628,0.19424124,0.20763998
0.19718482,0.19192693,0.20254478,0.19459276,0.2137507
0.19770604,0.19088267,0.20162164,0.1951933,0.21459636
0.19694321,0.18836753,0.20238201,0.19475591,0.21755137
0.20424756,0.19394489,0.19977358,0.19618979,0.2058442
0.19926329,0.19323732,0.20396143,0.1932405,0.21029748
0.19818632,0.19055419,0.20341742,0.19411051,0.21373159
0.19801356,0.18760757,0.20189504,0.19464818,0.21783563
0.19760148,0.18469307,0.20224184,0.19459108,0.2208725
0.20451453,0.1944915,0.19887532,0.19667162,0.20544703
0.19780582,0.19260837,0.2051246,0.1939704,0.2104908
0.19696422,0.18920459,0.204061,0.19432192,0.21544826
0.19783632,0.19523309,0.20004123,0.1949439,0.21194541
0.19815096,0.19522007,0.2009726,0.19406615,0.21159025
0.20515954,0.19373482,0.19861946,0.19618692,0.20629925
0.19901265,0.1906216,0.20552893,0.19322425,0.21161257
0.19731665,0.1957153,0.20151615,0.19511157,0.21034032
0.19698952,0.19371739,0.20086017,0.19490707,0.21352589
0.19757235,0.19350544,0.19954374,0.19577928,0.21359913
0.20508333,0.19362313,0.19948702,0.19620845,0.20559807
0.19894889,0.18857284,0.20601122,0.19312713,0.21333992
0.19858825,0.19382633,0.2006135,0.19510517,0.21186678
0.19746861,0.19287293,0.20263033,0.19401266,0.21301548
0.19666857,0.19259328,0.20102231,0.19528587,0.21442999
0.2049423,0.19436933,0.19982922,0.19613028,0.20472886
0.1991867,0.19577363,0.20431511,0.1936206,0.207104
0.1984889,0.19376756,0.20287219,0.19401528,0.21085604
0.19764395,0.19185461,0.20117182,0.1950172,0.21431243
0.19864415,0.18947208,0.20078848,0.1945078,0.21658751
0.20540197,0.1938453,0.19817308,0.1970795,0.20550017
0.19869101,0.19579273,0.20363104,0.19421183,0.20767337
0.19829427,0.19344373,0.2018195,0.19491795,0.21152453
0.19999593,0.19163412,0.201325,0.193825,0.21321999
0.19878119,0.19129336,0.20029032,0.19506212,0.21457298
0.2058062,0.19436137,0.19851784,0.19635254,0.20496207
0.19909686,0.19305004,0.20349672,0.19424942,0.210107
0.19830124,0.19064686,0.2029053,0.19408366,0.21406294
0.19874762,0.19060378,0.20091428,0.19481835,0.21491596
0.19831614,0.186564,0.20166023,0.19433753,0.21912208
0.20705594,0.19404308,0.19738644,0.1970632,0.20445134
0.19861546,0.19157825,0.20555979,0.19327661,0.21096988
0.19950388,0.18875091,0.20232889,0.19418003,0.21523632
0.19964802,0.18655227,0.20233268,0.19315429,0.21831273
0.19763088,0.18640016,0.20224318,0.19436789,0.21935791
0.20816325,0.19410725,0.19738717,0.19630085,0.20404145
0.19919363,0.19040541,0.20425853,0.19389892,0.21224345
0.19916388,0.18632084,0.20317292,0.19382714,0.21751519
0.1983398,0.19579788,0.19870959,0.19565198,0.21150075
0.19801818,0.19518854,0.19855809,0.19570872,0.21252647
0.20676892,0.19475728,0.19637029,0.1977491,0.20435445
0.19900683,0.19024353,0.20628995,0.1929272,0.21153253
0.19915166,0.19693127,0.20061508,0.19461966,0.20868233
0.19873112,0.19457954,0.19864295,0.19562992,0.21241643
0.19877322,0.19328263,0.19897114,0.19483997,0.21413298
0.20697033,0.19457406,0.19779237,0.19669954,0.20396371
0.19886282,0.19563544,0.20310025,0.19400153,0.20840001
0.19866945,0.19433299,0.20173353,0.19376414,0.21149991
0.198969,0.19364916,0.19968127,0.19436684,0.2133337
0.19927454,0.1948291,0.1997164,0.19417933,0.21200061
0.20779097,0.19437417,0.19600935,0.19702145,0.20480405
0.2001184,0.19448216,0.20285575,0.1933422,0.2092015
0.19804971,0.19420688,0.20121159,0.1944708,0.212061
0.19742523,0.19400223,0.20103148,0.19463892,0.21290216
0.19869643,0.19458461,0.19841322,0.19531217,0.21299356
0.20950465,0.19451052,0.19449086,0.19766673,0.20382723
0.20020223,0.19463898,0.20321147,0.1932354,0.20871198
0.1994606,0.19433433,0.20051357,0.19421649,0.21147504
0.19877952,0.19363596,0.19954242,0.19473721,0.21330486
0.1981562,0.1937838,0.1991439,0.1948014,0.21411471
0.20865795,0.19499372,0.19462574,0.19843899,0.20328361
0.19970627,0.19418882,0.20257103,0.19363007,0.20990382
0.19902207,0.19267388,0.2007576,0.19370823,0.21383825
0.19899642,0.19211693,0.19992681,0.19395086,0.21500894
0.19788536,0.192289,0.20055415,0.19377907,0.21549241
0.21015607,0.19459467,0.19423428,0.19780703,0.20320794
0.19935754,0.19401553,0.20345424,0.19327912,0.20989352
0.19841115,0.19337133,0.20126879,0.19393788,0.21301085
0.19923365,0.1925438,0.19888686,0.19434448,0.21499121
0.19898933,0.19255887,0.19815375,0.19472879,0.21556924
0.20993151,0.19465423,0.19414446,0.19799384,0.20327601
0.2001563,0.19431543,0.20233583,0.19339305,0.20979942
0.19878916,0.19276789,0.20068288,0.19392636,0.2138337
0.19780454,0.19532287,0.19986615,0.1942914,0.21271503
0.19912486,0.19410019,0.19783057,0.19483286,0.2141115
0.21075605,0.19422613,0.1942926,0.19803558,0.20268959
0.19900297,0.19524126,0.20250253,0.19376571,0.20948745
0.19868334,0.19550717,0.19989446,0.19444433,0.2114707
0.1978221,0.19539246,0.19929264,0.1944754,0.21301743
0.19843288,0.19526526,0.19821496,0.19439122,0.21369568
0.2116312,0.19414285,0.19282515,0.19867879,0.20272203
0.19958031,0.1935704,0.20259397,0.19336164,0.2108937
0.19806075,0.19535935,0.20072518,0.1936959,0.2121588
0.19734685,0.19602428,0.19936705,0.19437298,0.21288885
0.19807178,0.19666271,0.19868156,0.19423407,0.21234988
0.21146367,0.1948668,0.1920009,0.19877535,0.20289327
0.19880113,0.19442756,0.2022211,0.19356659,0.21098363
0.19948696,0.19362134,0.19822243,0.19456783,0.21410143
0.19668111,0.19776765,0.19936162,0.19457902,0.21161057
0.19686669,0.19541611,0.19682473,0.19536854,0.21552385
0.21227832,0.1945608,0.19216861,0.19834244,0.2026498
0.19990581,0.19673605,0.20093092,0.19390364,0.20852356
0.1989458,0.19670367,0.19977964,0.19378969,0.21078119
0.19796953,0.19870242,0.19766712,0.19486517,0.21079578
0.19644475,0.20029362,0.19729857,0.19522712,0.2107359
0.2128317,0.1944369,0.19129628,0.19863029,0.20280483
0.1984623,0.19726023,0.2009254,0.19403109,0.20932098
0.19815023,0.20161547,0.19876109,0.19440049,0.20707275
0.19817948,0.20384733,0.1968249,0.19477281,0.20637551
0.1984368,0.20267798,0.19537391,0.19510928,0.20840204
0.2117867,0.19512598,0.1907852,0.19997245,0.20232973
0.19822249,0.19907622,0.20097555,0.19400418,0.2077216
0.19811219,0.20197663,0.19746771,0.1945548,0.20788865
0.19704089,0.20494643,0.19595775,0.1950477,0.20700727
0.19900179,0.20634255,0.19540352,0.19395632,0.20529582
0.2134977,0.19514808,0.1887744,0.20003445,0.20254537
0.19994785,0.19947061,0.19914442,0.19394623,0.20749088
0.19680223,0.20443484,0.19795951,0.19435464,0.2064488
0.19779244,0.20693594,0.1955001,0.19471738,0.20505416
0.19722113,0.21005979,0.19353634,0.19534416,0.20383859
0.21347483,0.19536456,0.18943802,0.20004736,0.20167524
0.19876295,0.20326662,0.19877274,0.19440009,0.2047976
0.19783089,0.20706366,0.19562475,0.19519931,0.20428142
0.19751848,0.20972563,0.19535056,0.19462045,0.20278485
0.1967718,0.21014448,0.19419527,0.19481623,0.2040722
0.21181189,0.19428639,0.19104931,0.19935043,0.20350197
0.19754909,0.20659867,0.19926052,0.19419517,0.20239657
0.19695356,0.20974168,0.19530055,0.19541343,0.20259085
0.1972496,0.21043913,0.19445336,0.19458397,0.20327397
0.19685745,0.21380465,0.19237795,0.19572116,0.20123881
0.2152288,0.19496676,0.18872459,0.20013273,0.2009471
0.19825855,0.20700242,0.19732104,0.19449942,0.20291859
0.1972367,0.21144025,0.19390163,0.1955937,0.20182766
0.19687971,0.2147044,0.1937977,0.19552374,0.19909446
0.1953249,0.21520334,0.19233148,0.19599408,0.20114622
0.2133825,0.19388774,0.18829998,0.20064059,0.20378917
0.1983699,0.20994915,0.19712651,0.19487669,0.1996778
0.19728282,0.21275873,0.19418384,0.19516145,0.20061317
0.1962252,0.21343347,0.19371986,0.19516939,0.2014521
0.19652857,0.21739195,0.19134513,0.1954203,0.19931409
0.21213591,0.19385125,0.18961228,0.20069982,0.20370081
0.19766401,0.20954898,0.19659579,0.19520828,0.2009829
0.19637606,0.21521322,0.19354059,0.19553187,0.19933829
0.1959129,0.21777493,0.19351122,0.19511957,0.19768138
0.19642387,0.21940038,0.19119717,0.19501348,0.19796507
0.21531977,0.19466856,0.18686081,0.20065573,0.2024951
0.19935183,0.2111808,0.19560851,0.19464876,0.19921006
0.19621697,0.21672373,0.19438404,0.1947865,0.19788878
0.1960776,0.21892668,0.19189876,0.195413,0.19768395
0.19506033,0.22020204,0.1912094,0.19602838,0.19749984
0.21828079,0.19506538,0.1836305,0.20240961,0.20061368
0.19896737,0.21297343,0.1943048,0.19550732,0.19824713
0.19702612,0.21928163,0.1944196,0.19381522,0.19545746
0.19557129,0.22125389,0.19170135,0.19523965,0.19623378
0.19586866,0.22153617,0.1903519,0.19571516,0.19652808
0.21452545,0.1945507,0.1863117,0.20125438,0.20335779
0.19817415,0.21555619,0.19455154,0.19501269,0.19670549
0.19641708,0.22085562,0.19211407,0.19511642,0.19549681
0.1956405,0.2235149,0.1889114,0.19587451,0.19605866
0.19565271,0.22430046,0.19035089,0.19591837,0.19377755
0.2156122,0.193974,0.18542555,0.20166981,0.20331843
0.1967493,0.21830483,0.19466588,0.19538641,0.1948936
0.1951237,0.22223736,0.19043949,0.19636416,0.19583532
0.19410968,0.22536668,0.1911063,0.195803,0.19361433
0.19491172,0.22484581,0.18843451,0.19681743,0.19499058
0.21512817,0.19207141,0.18682869,0.20096701,0.20500477
0.1961133,0.22142099,0.19373754,0.19583376,0.1928944
0.19650528,0.22356333,0.19076066,0.19543186,0.1937389
0.1956218,0.22675447,0.19014825,0.19587229,0.1916032
0.1955626,0.22600539,0.18808334,0.19584604,0.19450268
0.21584168,0.19451189,0.18378623,0.202747,0.20311326
0.19735105,0.22246523,0.19142155,0.19629128,0.19247085
0.19600148,0.22521351,0.18967442,0.19606622,0.19304438
0.195411,0.22733656,0.18864776,0.19593625,0.19266842
0.19537157,0.22826537,0.18736808,0.1963396,0.19265534
0.2155906,0.19399515,0.18344712,0.20332688,0.20364024
0.19542404,0.22293945,0.19265205,0.19588324,0.19310124
0.19484858,0.22683774,0.19093306,0.19602908,0.19135152
0.1954557,0.22803378,0.18813477,0.19613492,0.19224079
0.19392894,0.22984637,0.18698996,0.19696027,0.19227447
0.21720606,0.19236155,0.18369119,0.20270297,0.20403825
0.19577457,0.225475,0.19070816,0.19641623,0.19162601
0.19563706,0.22743489,0.18974242,0.19620556,0.19098006
0.19513927,0.2284152,0.18575713,0.1975062,0.19318213
0.1934225,0.22936289,0.18779124,0.19659196,0.19283144
0.21751262,0.18988709,0.18457943,0.20258872,0.20543216
0.19509709,0.226193,0.19307409,0.195652,0.1899838
0.19656354,0.22913015,0.18751378,0.19609989,0.19069263
0.19604923,0.23026815,0.18500039,0.19714168,0.19154058
0.19532804,0.23213536,0.18678932,0.19569768,0.19004957
0.21660458,0.19238809,0.18218516,0.203937,0.20488518
0.19612916,0.22768337,0.19029398,0.19657908,0.18931442
0.19527876,0.23003404,0.18930446,0.19600217,0.18938056
0.19293784,0.23173474,0.18686044,0.1967175,0.19174948
0.1936182,0.23432522,0.18500888,0.19707009,0.18997765
0.21801083,0.19188352,0.18367971,0.2025637,0.2038622
0.19581914,0.22640295,0.18952799,0.1972012,0.1910487
0.19323367,0.23148736,0.18826987,0.1970696,0.18993947
0.19336633,0.23321815,0.18632744,0.19718724,0.18990083
0.1949156,0.23411253,0.18490112,0.19563116,0.19043957
0.22021188,0.1908215,0.1793544,0.20537478,0.20423745
0.19670366,0.22736573,0.1893444,0.1967272,0.18985902
0.19402239,0.23255998,0.18734913,0.1964078,0.18966065
0.19361474,0.2342772,0.18592133,0.19687065,0.1893161
0.19309571,0.23643225,0.18369067,0.19735758,0.18942378
0.21789835,0.19070673,0.18276136,0.20375127,0.20488226
0.1946987,0.23103043,0.18953523,0.19680303,0.18793258
0.19353421,0.23446465,0.18707645,0.19641097,0.18851373
0.1933608,0.23628713,0.18588051,0.19712585,0.1873457
0.192423,0.23680143,0.18426189,0.19745295,0.18906075
0.21926577,0.18535282,0.18218479,0.20393461,0.20926201
0.19248915,0.2328071,0.19023718,0.19672789,0.18773869
0.19288301,0.23571731,0.18780443,0.1965158,0.18707949
0.1943134,0.2372703,0.18396382,0.19698086,0.18747161
0.1919692,0.23770502,0.18441147,0.197266,0.18864828
0.22014545,0.18383113,0.18121113,0.20480777,0.2100045
0.19354685,0.23395851,0.18875465,0.19649376,0.18724623
0.19253497,0.23628433,0.1871705,0.19649996,0.18751019
0.19206129,0.23727193,0.18485281,0.19719097,0.188623
0.19176795,0.24015447,0.18421702,0.19651549,0.1873451
0.22031772,0.18330671,0.18249534,0.20424914,0.20963113
0.19436696,0.23467132,0.18792552,0.19655482,0.18648139
0.19193044,0.2389112,0.18533492,0.19723447,0.18658896
0.19060344,0.24059346,0.18462574,0.19732204,0.18685532
0.1883641,0.24271289,0.1838761,0.19779563,0.18725128
0.22147827,0.18433492,0.17985488,0.20537859,0.20895328
0.19048665,0.23592532,0.18930085,0.19718651,0.18710065
0.19049707,0.24055015,0.18555441,0.19731702,0.18608128
0.19024852,0.24124843,0.18502611,0.19674638,0.18673062
0.19036904,0.24307856,0.18266997,0.1969656,0.18691684
0.22087578,0.18134019,0.17985739,0.20602931,0.21189731
0.19061238,0.23857757,0.18805295,0.1970951,0.185662
0.19160765,0.24029474,0.18661779,0.19639835,0.18508145
0.19110996,0.24286936,0.18281642,0.19739024,0.18581401
0.1889321,0.2425131,0.18569548,0.19549298,0.18736629
0.22300534,0.18331131,0.17733672,0.20574276,0.21060391
0.20089848,0.19323961,0.21095046,0.19828944,0.19662198
0.19931248,0.19982933,0.20624083,0.19969752,0.19491981
0.19869795,0.20022933,0.20414409,0.20021404,0.19671461
0.19771485,0.20069923,0.20534642,0.20001486,0.19622467
0.19706908,0.20101386,0.2043929,0.2006462,0.19687791
0.20112558,0.19438308,0.20840433,0.198463,0.19762404
0.19902785,0.2006507,0.2044884,0.19972098,0.1961121
0.19696288,0.20166239,0.20415366,0.2005404,0.19668068
0.19562179,0.20118548,0.20498814,0.20098019,0.1972244
0.19653654,0.20187539,0.20416346,0.20030844,0.19711618
0.20130372,0.19570509,0.2083172,0.1977808,0.19689317
0.1977966,0.20141095,0.20295991,0.20116591,0.1966666
0.19749306,0.20164543,0.20235032,0.20112854,0.19738263
0.19755249,0.2019093,0.20262976,0.20085478,0.1970537
0.19641927,0.20190981,0.20401208,0.20002094,0.19763786
0.20080218,0.19601394,0.20756096,0.19811027,0.19751263
0.19845764,0.20145255,0.20345952,0.20010293,0.19652735
0.19708522,0.2021149,0.20262723,0.20070837,0.19746429
0.19619271,0.20251109,0.20202255,0.2011605,0.19811313
0.19671038,0.20234028,0.20247993,0.20047708,0.19799235
0.1991593,0.1964996,0.20685102,0.19941881,0.19807126
0.1991094,0.20133361,0.2032793,0.1995184,0.19675928
0.1972124,0.20230773,0.20218512,0.2008516,0.19744313
0.19632965,0.20236221,0.20285974,0.20048222,0.19796613
0.19768402,0.20208488,0.20221147,0.20009343,0.19792621
0.20066422,0.1964583,0.20593591,0.19876952,0.19817205
0.19545433,0.20222205,0.2036787,0.20137513,0.1972698
0.19817306,0.20192991,0.20297088,0.199493,0.19743311
0.19711633,0.20204797,0.2026902,0.1995099,0.19863555
0.19699147,0.2022075,0.20206639,0.19989039,0.19884421
0.19969371,0.19670418,0.20651482,0.1987114,0.19837585
0.19738258,0.20104602,0.20404889,0.19898887,0.19853365
0.19752091,0.20198682,0.20253353,0.19989012,0.1980686
0.19716075,0.20223723,0.20117699,0.20065992,0.19876516
0.1954336,0.20277475,0.20114066,0.20152524,0.19912574
0.1992764,0.19616723,0.20788622,0.19797423,0.19869591
0.19744541,0.20189235,0.20417838,0.19962567,0.19685818
0.19690076,0.20147389,0.20392098,0.19902128,0.19868314
0.19697754,0.20209071,0.20123927,0.2003467,0.19934581
0.19697577,0.20227796,0.20319703,0.19917469,0.19837461
0.19930425,0.19646145,0.20749412,0.19814752,0.1985926
0.19888416,0.20156902,0.2041025,0.19876254,0.19668174
0.19762924,0.20138937,0.20334348,0.19910163,0.1985363
0.19650601,0.20206915,0.20335758,0.1993781,0.19868912
0.19604482,0.20190391,0.20360446,0.19917198,0.19927481
0.19876423,0.19686541,0.20818043,0.19820577,0.19798413
0.19927573,0.20138924,0.20391057,0.1986401,0.19678442
0.19600543,0.20197882,0.20392908,0.1992821,0.19880459
0.19733492,0.20176116,0.20315407,0.19891703,0.19883281
0.1967844,0.20179287,0.20335686,0.19877788,0.19928798
0.1993434,0.19630708,0.20763703,0.19784041,0.19887212
0.19828397,0.20124397,0.20517397,0.198484,0.1968141
0.19438623,0.20197397,0.20507354,0.19960088,0.19896542
0.19694227,0.20197156,0.20244405,0.19966589,0.19897628
0.19575621,0.20204891,0.20250069,0.19971219,0.19998202
0.19950943,0.19633721,0.20796385,0.19801466,0.19817485
0.19847037,0.20105785,0.2042666,0.19841439,0.1977908
0.19622058,0.20150666,0.2058979,0.19824982,0.19812505
0.19648114,0.20171668,0.20372547,0.19874668,0.19933003
0.1942264,0.20140351,0.20503743,0.19872658,0.20060606
0.20052427,0.19510224,0.20913891,0.19611329,0.19912128
0.19716051,0.20101145,0.20468658,0.19845544,0.198686
0.19553888,0.20166503,0.20482798,0.19850515,0.199463
0.19613123,0.20134151,0.20556064,0.19742401,0.19954263
0.19581188,0.20155723,0.20407246,0.19872755,0.19983086
0.19992137,0.19513355,0.20855191,0.19624454,0.20014863
0.19686657,0.20023336,0.20795047,0.19651003,0.19843958
0.19380577,0.20137672,0.20605095,0.19859178,0.20017476
0.19485119,0.20129684,0.20535536,0.1984902,0.20000643
0.1941976,0.20161942,0.20367634,0.19948116,0.2010255
0.19949178,0.19506794,0.21059053,0.19589756,0.19895218
0.1965685,0.20043203,0.2080583,0.19650623,0.19843492
0.19527045,0.20075585,0.20608376,0.19777817,0.2001118
0.19483085,0.20117728,0.20502372,0.19801344,0.2009547
0.1935731,0.20157498,0.20430422,0.1988517,0.201696
0.20011246,0.19484997,0.2088466,0.19626158,0.19992936
0.19671725,0.20010076,0.2068902,0.19707459,0.19921717
0.19502263,0.20080958,0.20590585,0.19784774,0.20041417
0.19564639,0.20065439,0.20521072,0.19757478,0.2009137
0.19369768,0.20134935,0.20469734,0.19878085,0.20147483
0.19875184,0.19501798,0.20984407,0.19657572,0.19981037
0.19695199,0.20021203,0.20787024,0.1961883,0.19877742
0.19417806,0.20045747,0.20720549,0.1970521,0.20110688
0.19444579,0.20095766,0.20557916,0.19784002,0.2011774
0.19361134,0.20097281,0.20617403,0.19734246,0.20189933
0.19938344,0.19454232,0.21073967,0.19512103,0.20021352
0.19782223,0.19994305,0.20670715,0.19670436,0.19882323
0.19424,0.2007635,0.20679505,0.19791584,0.20028558
0.19343586,0.20070389,0.20526956,0.19830155,0.20228913
0.19333221,0.20101687,0.20402789,0.19891167,0.20271136
0.19915937,0.19496407,0.20932062,0.1963867,0.20016931
0.19738282,0.19982809,0.20638132,0.19691335,0.19949442
0.19438411,0.200008,0.20757128,0.19669168,0.20134492
0.19459458,0.20123868,0.2042404,0.19849788,0.2014285
0.19381104,0.20071651,0.20478936,0.19778048,0.20290259
0.19923392,0.19435501,0.2082897,0.19589144,0.20222989
0.19693184,0.20007516,0.20797695,0.19653566,0.19848037
0.19420399,0.1999953,0.20773034,0.19635323,0.20171715
0.19446757,0.20106022,0.20511499,0.19771406,0.20164315
0.19343044,0.2004214,0.2072341,0.1965918,0.20232227
0.1986868,0.1947241,0.21005583,0.19554138,0.20099194
0.19422199,0.2000929,0.20918873,0.19638175,0.2001147
0.19385402,0.2004909,0.2063534,0.19723624,0.20206541
0.19489224,0.20040491,0.2062759,0.19644697,0.20197995
0.19282149,0.2004869,0.20591004,0.19728123,0.20350035
0.19946878,0.19513449,0.20960796,0.19591539,0.19987337
0.195798,0.19936837,0.20867749,0.19570938,0.20044678
0.19354449,0.20023738,0.20746888,0.19647989,0.20226936
0.1941013,0.2008785,0.20494601,0.19771321,0.202361
0.1923368,0.2010641,0.20698778,0.19718033,0.20243102
0.19866467,0.19447042,0.2109736,0.19515613,0.20073521
0.19663921,0.19951667,0.20897178,0.19518003,0.19969235
0.19369563,0.2004183,0.20606454,0.19703384,0.20278767
0.19232026,0.20115875,0.20578334,0.19775276,0.20298493
0.19240443,0.200339,0.20714946,0.1965552,0.20355192
0.19993596,0.19406565,0.21044739,0.19466056,0.20089045
0.19503343,0.1997886,0.20965995,0.19543663,0.20008141
0.19306336,0.20090163,0.20610023,0.19777316,0.20216158
0.19367088,0.19958167,0.20821537,0.19581942,0.20271266
0.1926351,0.20078622,0.20531556,0.19766887,0.20359424
0.19917767,0.19469199,0.20931058,0.19602855,0.20079124
0.19637607,0.19924322,0.20771162,0.19600219,0.2006669
0.19404943,0.20038976,0.20696454,0.19656327,0.20203295
0.1937543,0.19951904,0.20794557,0.19605684,0.20272425
0.19169462,0.1998389,0.20665771,0.19709451,0.20471427
0.19969234,0.19335759,0.21064624,0.19432639,0.20197746
0.19548517,0.19970866,0.2080458,0.1963814,0.20037894
0.19324183,0.20031193,0.20699458,0.19676946,0.20268214
0.19228385,0.19976841,0.20773055,0.19653872,0.20367844
0.19215107,0.20036036,0.20596772,0.19727771,0.20424314
0.19902934,0.19404268,0.20914699,0.19545235,0.20232864
0.19535945,0.19942854,0.20852414,0.1960863,0.20060164
0.19258861,0.19979854,0.20837025,0.19657111,0.20267153
0.19234428,0.20046657,0.2064189,0.19739571,0.20337455
0.19324684,0.20033082,0.20639645,0.19636242,0.20366348
0.2003387,0.19404891,0.20884094,0.19454202,0.2022294
0.19462684,0.19959544,0.2084242,0.19596419,0.20138936
0.1939424,0.19947071,0.20851323,0.19567908,0.20239455
0.1916435,0.20031379,0.2075142,0.19661261,0.20391588
0.19279353,0.20060407,0.20617291,0.19656387,0.2038656
0.19900417,0.194782,0.20914589,0.19517176,0.2018962
0.19488671,0.1992525,0.20914298,0.19604708,0.2006707
0.1950877,0.19994181,0.20632192,0.19656207,0.20208648
0.19230258,0.19997317,0.208708,0.1959148,0.2031014
0.19264184,0.20062043,0.20640269,0.19665086,0.20368424
0.19982882,0.19424132,0.2082766,0.19547197,0.20218131
0.19600226,0.19943528,0.20877388,0.19555359,0.20023501
0.19361664,0.20063141,0.20608956,0.19733493,0.20232749
0.19361459,0.2000338,0.2078188,0.19586669,0.2026661
0.19075692,0.20127745,0.2073392,0.19768217,0.20294428
0.19978926,0.19369908,0.21014956,0.19449219,0.20186992
0.19643298,0.19956033,0.20711367,0.19632585,0.2005672
0.1943942,0.19953085,0.207433,0.19629101,0.2023509
0.1936236,0.19983558,0.20701496,0.19667062,0.20285524
0.19414422,0.19953601,0.20779955,0.19561408,0.20290616
0.1983874,0.1952243,0.20851135,0.19560573,0.20227122
0.19474462,0.1995549,0.2084069,0.19614415,0.20114948
0.19392422,0.19992588,0.20801923,0.19586235,0.2022683
0.19389433,0.2006269,0.2042365,0.1978853,0.20335704
0.19470051,0.20060137,0.2049657,0.19725913,0.20247324
0.19808781,0.19474041,0.20750369,0.19658104,0.20308705
0.19753905,0.19921027,0.20782621,0.195473,0.19995144
0.1965224,0.1989538,0.20874901,0.19462304,0.20115176
0.19313413,0.20016631,0.20724252,0.19687724,0.20257978
0.19363892,0.20069656,0.20454814,0.19779384,0.20332257
0.19934848,0.19438636,0.21028508,0.19450657,0.20147355
0.19564916,0.19967467,0.20795098,0.19634357,0.2003816
0.19359353,0.20013079,0.20795745,0.19686733,0.20145088
0.1948135,0.20010315,0.20651963,0.19596907,0.20259464
0.1943515,0.19989333,0.20755328,0.19649145,0.20171046
0.2,0.19455379,0.20774557,0.19518176,0.20251887
0.19575919,0.19921604,0.20858592,0.19565621,0.20078269
0.19351003,0.20010808,0.20691253,0.19683936,0.20262998
0.19254358,0.2005669,0.20610105,0.19732194,0.20346658
0.19335946,0.20075417,0.20660761,0.19723305,0.20204568
0.19924371,0.19452576,0.20994136,0.19481781,0.20147136
0.1966879,0.1990418,0.2079648,0.19560392,0.20070156
0.19470014,0.19990303,0.20776154,0.19629796,0.20133738
0.1940402,0.20007722,0.20740837,0.1962997,0.20217453
0.1942668,0.20000972,0.20609877,0.19655763,0.20306708
0.19767854,0.19493075,0.20954901,0.1955782,0.20226352
0.19659339,0.19913179,0.2084307,0.19573127,0.20011285
0.19440672,0.19983298,0.2083192,0.195821,0.20162013
0.19402243,0.20014048,0.20685047,0.1962182,0.20276846
0.1937651,0.19971958,0.20853913,0.19552685,0.20244929
0.1987398,0.1943615,0.2090803,0.19536102,0.20245741
0.19576897,0.19894984,0.2095991,0.1950334,0.20064864
0.19545017,0.19991705,0.20692734,0.1960348,0.20167069
0.19413488,0.19945218,0.20752436,0.19608569,0.20280285
0.19349693,0.19972403,0.20715031,0.19616733,0.20346138
0.19906056,0.19409576,0.20967203,0.19506283,0.2021088
0.19534148,0.19925539,0.20884079,0.19552696,0.2010354
0.19340274,0.1994651,0.20884049,0.19589946,0.20239222
0.19237345,0.20014827,0.20748949,0.19684415,0.20314467
0.19462205,0.19908378,0.20915791,0.19494736,0.20218892
0.19962642,0.19424625,0.20900655,0.19473138,0.20238943
0.19572574,0.19878083,0.20991011,0.19490352,0.20067978
0.19403881,0.19994001,0.20680563,0.1965648,0.20265077
0.19353193,0.1996486,0.20774525,0.19586384,0.20321034
0.19376689,0.19936673,0.20903309,0.19513984,0.20269349
0.19689642,0.19429494,0.20978828,0.19588514,0.20313518
0.19356836,0.1992388,0.20956199,0.19531952,0.20231129
0.19383249,0.19892311,0.20872861,0.19539489,0.20312093
0.19332929,0.19946828,0.20754217,0.19601749,0.20364276
0.19314797,0.1985686,0.20978913,0.1946097,0.20388459
0.19842292,0.19434473,0.20722838,0.1959902,0.20401375
0.19437495,0.19866808,0.20910706,0.19536042,0.20248955
0.19321412,0.19935448,0.20879346,0.1955769,0.20306107
0.19264005,0.19970077,0.20744336,0.19634192,0.20387392
0.1933599,0.1990333,0.20793033,0.19574688,0.2039296
0.19869427,0.19400707,0.20842904,0.19516726,0.20370238
0.193663,0.19921407,0.20804584,0.19606066,0.20301642
0.19429514,0.19768147,0.20978352,0.19438136,0.20385848
0.19317545,0.19902936,0.20734704,0.19625148,0.20419666
0.19418375,0.19931006,0.20695269,0.19591396,0.20363955
0.19762087,0.19411622,0.20751964,0.19609056,0.20465273
0.1941358,0.1977459,0.21053174,0.19510628,0.2024803
0.19252105,0.19859886,0.20908675,0.19535552,0.20443784
0.19152455,0.19883531,0.20813575,0.19595541,0.20554899
0.19131655,0.19921307,0.20773216,0.19683081,0.20490743
0.19851704,0.1931985,0.20856364,0.19524373,0.20447706
0.19434108,0.19878949,0.20921606,0.19530842,0.20234492
0.19409664,0.19807628,0.20944348,0.19464463,0.20373891
0.19209039,0.19886327,0.20953898,0.19515716,0.2043502
0.19256046,0.19831562,0.20953384,0.19525787,0.20433223
0.19843782,0.19339484,0.20988414,0.19486773,0.20341545
0.19379714,0.1976568,0.21205333,0.19445132,0.20204143
0.19405863,0.19850196,0.20926285,0.1954281,0.20274848
0.19272505,0.1993136,0.20826317,0.19637254,0.20332563
0.19214466,0.19869411,0.20851748,0.1963265,0.20431726
0.19862914,0.19324467,0.20821182,0.1956111,0.2043032
0.19651473,0.19760956,0.20995338,0.19436155,0.20156078
0.19416307,0.1976721,0.20992845,0.1950459,0.20319049
0.19466245,0.19759934,0.20974194,0.19461137,0.20338494
0.19488442,0.19877869,0.20868097,0.19505806,0.2025979
0.20010924,0.19220148,0.21009406,0.19420438,0.20339087
0.19425622,0.19844083,0.20946278,0.19573632,0.20210384
0.1940318,0.19703332,0.21141396,0.1947652,0.20275575
0.19328506,0.19770463,0.21106711,0.19488794,0.20305523
0.19320713,0.19819026,0.20967868,0.19496015,0.20396379
0.19878921,0.19259351,0.21067473,0.19551386,0.20242873
0.19532084,0.19753411,0.21259378,0.1942537,0.20029758
0.19327646,0.19877055,0.21067096,0.19532111,0.2019609
0.1942857,0.19664405,0.21115434,0.19435546,0.2035604
0.19255759,0.1981881,0.21015489,0.19557047,0.20352893
0.19965358,0.19201216,0.20994486,0.19541867,0.20297071
0.19360863,0.1975974,0.21407813,0.19492838,0.19978748
0.19413285,0.19792947,0.21128477,0.19540346,0.2012494
0.19354002,0.19840433,0.21015573,0.19554774,0.20235218
0.19306631,0.19670565,0.21242027,0.1945829,0.20322487
0.20079002,0.19216377,0.20992641,0.19499712,0.20212266
0.19593409,0.19785073,0.21177976,0.19498162,0.19945382
0.19436923,0.19712694,0.21210833,0.19478446,0.20161103
0.19392067,0.1972228,0.21057995,0.19615588,0.2021207
0.19376433,0.19459811,0.21228154,0.1946443,0.20471166
0.19906707,0.19176027,0.21061704,0.19499199,0.2035636
0.19638385,0.19654472,0.21451241,0.19341989,0.19913913
0.19395041,0.19580084,0.21424992,0.19472522,0.20127359
0.19448994,0.19513188,0.21262203,0.19446096,0.20329516
0.19298998,0.19637851,0.20988785,0.19632913,0.20441453
0.20092446,0.19209504,0.20766625,0.19586192,0.2034523
0.19580679,0.19570316,0.21604177,0.19342253,0.19902572
0.1934772,0.1970437,0.21357544,0.19478664,0.20111698
0.19317858,0.19371016,0.2148358,0.19435433,0.20392118
0.1942514,0.19559747,0.21180482,0.19479546,0.20355086
0.20124617,0.19196415,0.20900661,0.19545956,0.20232348
0.19571945,0.19643627,0.21332817,0.19532274,0.19919339
0.19500782,0.19588323,0.21385124,0.193765,0.20149273
0.19437036,0.19294062,0.21483417,0.1937246,0.20413023
0.19376612,0.19497027,0.21251635,0.19481817,0.20392911
0.19954252,0.19226557,0.20998737,0.19605,0.20215449
0.19609915,0.19583592,0.21535781,0.1936182,0.19908892
0.19486356,0.19380617,0.21345936,0.19507839,0.20279254
0.19316377,0.19638073,0.21255217,0.19550765,0.20239568
0.19362725,0.1906064,0.21311878,0.19481528,0.2078323
0.20112538,0.19162251,0.20955305,0.19597021,0.20172887
0.195961,0.19460595,0.21624082,0.19392692,0.19926532
0.19575536,0.19599064,0.21229996,0.19491142,0.20104258
0.19401313,0.19052953,0.21463303,0.1944331,0.20639122
0.19370538,0.19403435,0.21198465,0.19588067,0.20439494
0.19981878,0.1927098,0.20721823,0.19800662,0.20224658
0.1958278,0.19396937,0.21656603,0.19397637,0.19966047
0.19510467,0.19021781,0.21485068,0.1946991,0.20512773
0.1937709,0.19018501,0.21449107,0.19476841,0.20678465
0.19466975,0.1853984,0.21419404,0.194384,0.21135378
0.20104465,0.19210276,0.20983139,0.19679676,0.20022446
0.19597091,0.19392811,0.2163876,0.19447835,0.199235
0.19429816,0.19197166,0.21613027,0.19392559,0.20367435
0.194846,0.18572928,0.21449624,0.19459707,0.21033141
0.19333619,0.19008467,0.21338907,0.19509226,0.20809782
0.20051187,0.19174905,0.21073033,0.19713244,0.19987631
0.19540566,0.19414051,0.21659099,0.19451496,0.19934784
0.19409952,0.19246766,0.21525478,0.19489348,0.2032845
0.1948242,0.18659633,0.21513085,0.19422375,0.20922484
0.1951992,0.18459174,0.21459603,0.1944215,0.21119153
0.20124035,0.19183587,0.20872355,0.19805649,0.20014377
0.19565909,0.191665,0.21808706,0.19448717,0.20010172
0.19557443,0.18844984,0.21443078,0.19499367,0.20655131
0.19568421,0.18489285,0.21396093,0.19496022,0.21050178
0.19507559,0.17973612,0.21295622,0.19589636,0.2163357
0.20144708,0.19187222,0.20827073,0.19792439,0.20048559
0.19590424,0.19187163,0.21689822,0.19461751,0.20070839
0.19479343,0.18311954,0.21648353,0.19442907,0.21117443
0.1939812,0.1888928,0.21395178,0.19554363,0.20763057
0.19411917,0.18604957,0.21109368,0.19654779,0.21218975
0.20194875,0.19168498,0.20869264,0.19747311,0.20020054
0.19668576,0.1887997,0.21644077,0.19477563,0.20329814
0.19543065,0.18939905,0.21351704,0.19567749,0.20597574
0.19522974,0.18605135,0.21247597,0.19627796,0.20996495
0.19445491,0.18061386,0.21302985,0.19578892,0.21611245
0.20265138,0.19108705,0.21053423,0.19703571,0.19869162
0.19677284,0.19108848,0.21504919,0.19555767,0.20153177
0.19484983,0.1849631,0.21517412,0.19494711,0.21006586
0.19396223,0.17952213,0.21390818,0.19553943,0.217068
0.1942502,0.1777889,0.2138415,0.19562334,0.21849602
0.20231941,0.18990739,0.21300237,0.1979921,0.19677874
0.19534442,0.18796611,0.21684934,0.19488904,0.20495108
0.19400184,0.18013728,0.2155485,0.1957454,0.21456699
0.19338253,0.18814313,0.21259576,0.19618195,0.20969664
0.19394197,0.18599497,0.21235336,0.19570605,0.21200365
0.20294343,0.1911922,0.20917055,0.19815165,0.19854216
0.19567102,0.18361425,0.21741235,0.19494624,0.20835608
0.19482096,0.18695568,0.21374346,0.19506954,0.20941035
0.19471513,0.18401651,0.21304585,0.19506374,0.21315876
0.19506009,0.18118198,0.21024281,0.1962847,0.21723041
0.20273694,0.19171192,0.20909195,0.19820806,0.19825111
0.19560604,0.1881318,0.21474786,0.19598863,0.20552565
0.19603641,0.18247882,0.21359305,0.19443363,0.21345809
0.19464786,0.181779,0.21261922,0.19528785,0.21566603
0.19339034,0.18044837,0.21244897,0.19593395,0.21777838
0.20463564,0.19121628,0.20696299,0.19892217,0.19826293
0.19599688,0.18828364,0.21408358,0.196472,0.20516393
0.19412397,0.18286307,0.21325594,0.1962184,0.21353862
0.19341686,0.18040082,0.21180682,0.19649877,0.21787669
0.1934609,0.17992848,0.2114434,0.19645004,0.2187172
0.20146576,0.19302465,0.20850444,0.20016192,0.19684328
0.19596928,0.18521763,0.21496356,0.1956852,0.20816432
0.19470333,0.18316439,0.21375225,0.19533166,0.21304837
0.1949968,0.17949055,0.2118029,0.1954495,0.21826027
0.19215843,0.17904988,0.210074,0.19749089,0.2212268
0.20362762,0.19210927,0.20828259,0.199776,0.19620447
0.19581163,0.18448867,0.21467671,0.19600119,0.2090218
0.19378307,0.18177699,0.21348347,0.1958074,0.21514904
0.19345371,0.1805636,0.2106893,0.19658205,0.21871138
0.1936053,0.18083034,0.21198831,0.19533311,0.21824291
0.20285703,0.19240507,0.20751117,0.2010409,0.19618581
0.19486941,0.1845375,0.21436785,0.19699734,0.20922786
0.19310337,0.18181886,0.21345586,0.1962031,0.21541883
0.19341685,0.18380415,0.21142863,0.1964652,0.21488518
0.19207893,0.1850162,0.2115407,0.19635187,0.21501231
0.20278643,0.19247626,0.20816346,0.20094848,0.19562536
0.19360577,0.18410432,0.2162442,0.19629516,0.20975058
0.1937138,0.18638667,0.21282785,0.19602224,0.21104948
0.19321397,0.18406479,0.21026713,0.19704346,0.21541065
0.1919523,0.18622029,0.21003176,0.19707142,0.21472426
0.20482217,0.19210531,0.20730752,0.20067632,0.1950887
0.19427651,0.18694425,0.21515992,0.19633782,0.2072815
0.19106229,0.18804558,0.21254933,0.19661333,0.21172947
0.19120184,0.1926639,0.21207637,0.19596653,0.20809138
0.19194186,0.19460912,0.20863341,0.19722834,0.20758724
0.20225845,0.19292222,0.20821892,0.20127673,0.19532372
0.19252542,0.18797201,0.2156002,0.19640687,0.2074955
0.19028251,0.19520275,0.21191707,0.19715686,0.2054408
0.19006614,0.1997201,0.2089153,0.19721398,0.20408447
0.18902816,0.20444307,0.20832904,0.19762436,0.20057532
0.20414403,0.19356954,0.20468625,0.20298125,0.19461894
0.1934533,0.19065619,0.21350051,0.19717002,0.20522
0.18947397,0.20303175,0.21107349,0.1970981,0.1993227
0.18852831,0.20702803,0.20833944,0.19779839,0.19830585
0.1882205,0.2101863,0.20670792,0.19780488,0.19708039
0.20122859,0.19370134,0.20858324,0.2027171,0.19376974
0.19149733,0.19820717,0.2144344,0.19698651,0.19887458
0.18882,0.2059379,0.2089702,0.19866283,0.19760907
0.18803732,0.21106753,0.20771857,0.19803408,0.19514254
0.18787801,0.2126901,0.20580392,0.19843328,0.19519472
0.2022163,0.19424564,0.20668691,0.20307381,0.19377731
0.19023813,0.20405605,0.21252288,0.19824171,0.19494122
0.18792789,0.21165165,0.21041054,0.1979007,0.19210926
0.18699908,0.21407622,0.20829192,0.19812275,0.19251001
0.18644585,0.21715659,0.20687695,0.19799553,0.19152509
0.20012513,0.19407058,0.20882265,0.20364441,0.19333725
0.18855678,0.20826231,0.21263202,0.19870032,0.19184859
0.18581027,0.2166259,0.20939349,0.19858214,0.18958823
0.18617085,0.21959858,0.20880778,0.19797394,0.18744884
0.18626218,0.22087441,0.20581195,0.19890526,0.18814617
0.20023668,0.19412148,0.20936505,0.20397824,0.19229855
0.18790907,0.21368131,0.21282764,0.19888535,0.18669662
0.18581103,0.22031783,0.20892157,0.1987874,0.18616219
0.1847208,0.22217804,0.20859657,0.19829042,0.18621413
0.18536861,0.22457531,0.20531914,0.19907273,0.18566419
0.19978292,0.19445659,0.21015978,0.20430043,0.19130024
0.18564835,0.21746041,0.21335658,0.19917946,0.1843552
0.18348514,0.22346662,0.20926668,0.19957821,0.18420337
0.1835029,0.22636622,0.20679085,0.19945665,0.1838834
0.18295825,0.22796004,0.2044446,0.20025212,0.18438502
0.19949804,0.19436578,0.21007116,0.20458713,0.19147791
0.18648754,0.22036093,0.2127157,0.19804579,0.18239006
0.18469366,0.22625592,0.20830512,0.19913544,0.18160987
0.18172075,0.22988091,0.20563917,0.20034796,0.1824112
0.18289648,0.23074369,0.20407012,0.19975834,0.18253139
0.19894378,0.19594303,0.20893753,0.20617141,0.19000429
0.19906653,0.20594692,0.18341056,0.20957196,0.20200405
0.19464803,0.21232356,0.18343794,0.21003683,0.19955358
0.19259319,0.21306825,0.18347183,0.21022718,0.20063956
0.19116896,0.21363063,0.18062341,0.21210657,0.2024704
0.19139141,0.21343914,0.18065931,0.21167958,0.20283063
0.19863616,0.20851941,0.1842081,0.20906708,0.19956923
0.19571632,0.21265563,0.18340603,0.20911643,0.19910558
0.19258435,0.21364592,0.18246087,0.21047547,0.20083338
0.1924342,0.21314973,0.18247569,0.21016876,0.20177159
0.19120048,0.21388792,0.18007302,0.21155585,0.20328265
0.19778149,0.20926967,0.1841809,0.2093528,0.19941516
0.19471641,0.2133669,0.18251407,0.2098941,0.19950856
0.19424301,0.21356641,0.18045647,0.21048696,0.20124717
0.1925719,0.21366297,0.18041556,0.21156386,0.20178571
0.19075908,0.21425538,0.1787829,0.21282259,0.20338
0.1981313,0.20933174,0.18548252,0.20785345,0.19920099
0.19531803,0.2135759,0.18170722,0.21007098,0.19932784
0.1935477,0.21344653,0.1812786,0.210602,0.2011252
0.19507068,0.213775,0.18149304,0.20980579,0.19985549
0.19193989,0.21396255,0.18110405,0.21084593,0.2021476
0.19818911,0.20902961,0.18618768,0.2078807,0.1987129
0.19726956,0.21309163,0.18287529,0.20858009,0.19818342
0.19417046,0.21398683,0.18093295,0.21055666,0.2003531
0.19365744,0.21392249,0.1827303,0.20940438,0.2002854
0.19329502,0.21284537,0.18348134,0.2086135,0.20176476
0.19956942,0.20803754,0.185995,0.20711292,0.19928512
0.19616897,0.21289523,0.18447037,0.20884384,0.19762155
0.19632937,0.21325159,0.18358746,0.20845474,0.19837682
0.21171881,0.022340449,0.2027126,0.30581978,0.25740847
0.19396746,0.21330346,0.18364894,0.2081684,0.20091176
0.20048207,0.20784861,0.1881875,0.20580103,0.19768077
0.19821228,0.2120141,0.186179,0.2064587,0.19713594
0.1946624,0.21300176,0.18653262,0.20718348,0.19861975
0.19421239,0.21336514,0.1837358,0.20847054,0.20021614
0.19423324,0.21303698,0.18496384,0.20753887,0.20022711
0.19976892,0.20806819,0.18785544,0.2065814,0.19772606
0.19628076,0.21240029,0.18705396,0.20715354,0.19711146
0.19424894,0.21261424,0.1866283,0.20712493,0.1993836
0.19278364,0.21264313,0.18672583,0.20787573,0.19997165
0.19352345,0.21346568,0.18490934,0.20806795,0.20003355
0.20055184,0.20751384,0.19074072,0.20469901,0.1964946
0.1967142,0.21209605,0.1879454,0.2066044,0.19663994
0.19638573,0.21266744,0.18727653,0.20609058,0.19757968
0.1939338,0.21245341,0.18839942,0.20618947,0.19902393
0.19278178,0.21339247,0.18705803,0.20715462,0.19961311
0.20006019,0.20771465,0.18946327,0.20524697,0.1975149
0.19592912,0.21236314,0.18906593,0.2066159,0.1960259
0.19397797,0.2123538,0.18881145,0.20652147,0.19833533
0.193247,0.21244241,0.18921758,0.20646138,0.19863155
0.19344148,0.21253878,0.18849915,0.20577098,0.1997496
0.15504709,0.19148926,0.23030362,0.18068881,0.24247123
0.18960555,0.21295625,0.18457617,0.20857558,0.20428644
0.19061026,0.21248104,0.1860777,0.20722689,0.20360407
0.18977644,0.2127323,0.18750677,0.2067687,0.20321576
0.19199151,0.21180533,0.1899969,0.2048416,0.20136465
0.20166923,0.20505574,0.19128978,0.2033048,0.19868046
0.19565217,0.21114708,0.19113198,0.204279,0.19778976
0.19439925,0.21200573,0.18954027,0.20534664,0.19870809
0.19366343,0.21179132,0.19109058,0.20454507,0.1989096
0.1936714,0.21201453,0.19084056,0.20475265,0.19872086
0.20088421,0.20592386,0.19257763,0.2038238,0.1967905
0.19607162,0.21075472,0.1936954,0.20376378,0.19571452
0.19298173,0.2116697,0.19287285,0.20446476,0.19801092
0.19281437,0.21255623,0.18963674,0.20573716,0.1992555
0.19219254,0.21286774,0.18935794,0.20596942,0.19961238
0.20053026,0.20580338,0.19339205,0.20357214,0.19670218
0.1973013,0.2105942,0.19249497,0.2037024,0.1959071
0.19299755,0.21177408,0.19141091,0.20502514,0.19879226
0.19263981,0.2120703,0.19126044,0.20495132,0.19907817
0.19174148,0.21216053,0.19115728,0.20538265,0.1995581
0.20084102,0.20523347,0.19386882,0.20286034,0.19719641
0.19762339,0.21017677,0.1934269,0.203177,0.19559592
0.19413953,0.21095149,0.19280307,0.20358394,0.19852196
0.19365951,0.21144441,0.19093138,0.20464641,0.19931833
0.19348209,0.2112601,0.19143388,0.20425688,0.19956705
0.20122924,0.20529476,0.19403039,0.20236818,0.19707742
0.19725837,0.21020065,0.19192466,0.20371526,0.19690105
0.19488795,0.21064058,0.1931239,0.2034946,0.19785304
0.19387586,0.21109898,0.19135547,0.20401403,0.19965565
0.19406761,0.21155222,0.19046919,0.20454192,0.19936901
0.20016094,0.20561968,0.19538581,0.20265828,0.19617532
0.19624108,0.210087,0.1936804,0.20339322,0.19659832
0.19312906,0.21081571,0.19201459,0.2042391,0.19980153
0.1925305,0.21132948,0.19176918,0.2043874,0.1999834
0.19343975,0.21187383,0.19120423,0.20451985,0.19896227
0.19919637,0.20589118,0.19638819,0.20194095,0.1965833
0.1947569,0.20992468,0.1942086,0.20309076,0.19801906
0.1936375,0.21054049,0.19330107,0.2036813,0.1988396
0.1935245,0.21053803,0.19260041,0.20387106,0.19946602
0.19301641,0.21132964,0.19097134,0.20431244,0.20037013
0.2002531,0.20550153,0.19362754,0.20307817,0.19753966
0.1953382,0.21020783,0.19360952,0.20373437,0.19711006
0.1924653,0.21128349,0.19120033,0.20522152,0.19982934
0.19219157,0.21099146,0.19188446,0.20442674,0.20050584
0.19306503,0.21133247,0.19062872,0.2046144,0.20035939
0.19978982,0.2060224,0.19523655,0.20210063,0.19685064
0.19506426,0.21039988,0.19236138,0.20388494,0.19828956
0.19479272,0.21010394,0.19217288,0.20333181,0.19959866
0.19274727,0.21125539,0.19098942,0.2045077,0.20050023
0.19244638,0.21144703,0.18904527,0.20531772,0.20174357
0.19958223,0.20599988,0.19489244,0.202184,0.19734146
0.19501011,0.21009955,0.19223031,0.2038262,0.1988338
0.19370052,0.21019618,0.1910969,0.2040908,0.20091559
0.19145225,0.20975493,0.19152,0.20513844,0.20213434
0.19237371,0.21064419,0.18833598,0.20517097,0.20347518
0.19966368,0.20628904,0.19387828,0.20279253,0.19737649
0.19425133,0.21021529,0.19333985,0.2033682,0.19882534
0.19329473,0.21086511,0.19014114,0.20469142,0.2010076
0.1927606,0.21003504,0.19126388,0.20382951,0.20211099
0.19211699,0.20929092,0.1908672,0.20396994,0.20375495
0.19928966,0.206485,0.19295433,0.20273635,0.19853465
0.19471382,0.20918737,0.19381976,0.20252036,0.19975871
0.19295266,0.209649,0.19238918,0.20340171,0.20160748
0.19274794,0.21050717,0.19011514,0.20423907,0.20239069
0.19241215,0.21019024,0.18902338,0.20475993,0.20361428
0.19931895,0.20680346,0.19214153,0.20302907,0.19870703
0.19578108,0.20930263,0.19320382,0.20229325,0.19941925
0.19234295,0.20993218,0.19000112,0.20499249,0.2027312
0.19255352,0.20956016,0.19101374,0.20381977,0.20305282
0.19228786,0.20968358,0.19024411,0.20461012,0.20317435
0.20083219,0.20619434,0.1946272,0.20102337,0.1973229
0.19412439,0.20890932,0.19305925,0.20307109,0.20083597
0.19184239,0.2105963,0.1914364,0.20420149,0.20192344
0.19415714,0.20996991,0.19038793,0.2043251,0.20115995
0.19251144,0.20887361,0.18974553,0.20479028,0.20407915
0.19478406,0.20816188,0.19208738,0.20513554,0.19983114
0.19746205,0.2087263,0.18778127,0.20420602,0.20182437
0.19491631,0.20919555,0.19202986,0.20345871,0.20039953
0.19141322,0.2104199,0.18933837,0.20515092,0.2036776
0.19359007,0.20949332,0.18849172,0.20436826,0.2040566
0.20054401,0.20623069,0.19311978,0.20173405,0.19837144
0.19479445,0.2088845,0.19155769,0.20352122,0.2012421
0.1924603,0.20928477,0.18957007,0.20481476,0.20387015
0.1920909,0.2081018,0.18819204,0.20567983,0.20593542
0.19370234,0.20825623,0.18646787,0.20613618,0.2054374
0.19958365,0.20682499,0.19235845,0.20240852,0.1988244
0.19393408,0.20946528,0.19002487,0.20423892,0.20233688
0.19399954,0.20943093,0.18860097,0.20461234,0.20335625
0.19348107,0.20839883,0.18775293,0.20495299,0.20541418
0.1937723,0.20635025,0.18702173,0.20534392,0.20751181
0.19670953,0.20762655,0.1925804,0.20355213,0.19953139
0.19403593,0.20754993,0.19204304,0.20339729,0.20297383
0.19292262,0.2079767,0.18885781,0.20502467,0.20521818
0.1928162,0.20857926,0.18833153,0.2043865,0.20588653
0.1912148,0.20865084,0.18717721,0.2063646,0.2065926
0.19673218,0.2072118,0.19281514,0.20299226,0.20024861
0.19473444,0.20850535,0.19004846,0.20367281,0.2030389
0.19347247,0.20859712,0.18864478,0.20414743,0.20513818
0.19302513,0.20660207,0.18923666,0.20398523,0.2071509
0.19177994,0.20688888,0.18858328,0.20527418,0.20747377
0.19794536,0.20732246,0.19058359,0.20393361,0.20021497
0.1937134,0.20746036,0.18974093,0.2044793,0.20460606
0.19264063,0.20706634,0.18895365,0.20477957,0.2065598
0.19280753,0.20569931,0.18837714,0.20514522,0.2079708
0.19282012,0.20848507,0.18679617,0.20536323,0.20653544
0.19863652,0.20706812,0.19069421,0.20355546,0.20004572
0.19500454,0.20876986,0.18859667,0.20441528,0.20321368
0.1930936,0.20590329,0.18986584,0.20439081,0.20674647
0.19121595,0.20778714,0.18718547,0.20571971,0.20809178
0.19292462,0.20728754,0.18678105,0.20546317,0.20754363
0.19922157,0.20628422,0.19281591,0.20141338,0.20026487
0.19459496,0.20925285,0.1885405,0.20474596,0.20286576
0.19369029,0.20861554,0.18750416,0.20498739,0.2052026
0.19224669,0.20775391,0.18648279,0.20610166,0.20741495
0.19255613,0.2077282,0.187121,0.20576406,0.20683064
0.1967491,0.20754567,0.19113556,0.20364468,0.20092501
0.19419572,0.20677386,0.19005032,0.20381957,0.20516056
0.19387248,0.20693974,0.18845965,0.20459388,0.20613417
0.19091246,0.20968114,0.18593441,0.20686695,0.20660508
0.19229287,0.2079965,0.18537492,0.2062413,0.20809446
0.19815543,0.20708859,0.19193015,0.20317025,0.1996556
0.19410786,0.20866808,0.1887544,0.20460032,0.20386934
0.19368024,0.2084949,0.1864842,0.20535415,0.20598654
0.19291754,0.20695075,0.1872231,0.20483236,0.20807625
0.1920471,0.20532285,0.18650211,0.20595202,0.2101759
0.19733828,0.20656611,0.19233595,0.2030013,0.20075837
0.19453004,0.20710847,0.19026,0.20365083,0.20445067
0.19326387,0.20674087,0.18818742,0.20504569,0.20676212
0.19253251,0.20511699,0.18853007,0.20472226,0.20909816
0.19289313,0.20869623,0.18637127,0.20549369,0.20654568
0.1974951,0.20645519,0.19322242,0.20233545,0.20049189
0.19378951,0.20866202,0.18711454,0.20520526,0.20522867
0.194269,0.20885777,0.18752347,0.20441675,0.20493297
0.19267793,0.20770931,0.18531255,0.20647237,0.20782782
0.19417408,0.20624498,0.18726562,0.20473164,0.20758371
0.19860423,0.20690866,0.19040127,0.20373034,0.20035551
0.19431408,0.20736262,0.18929747,0.20408763,0.2049382
0.19444236,0.20538722,0.18743637,0.20477527,0.20795876
0.19361946,0.2086803,0.1859377,0.2054632,0.20629936
0.19348547,0.2073929,0.18681839,0.20493232,0.20737095
0.19810478,0.20618184,0.1927361,0.20232244,0.20065482
0.19609316,0.20562108,0.1897667,0.20299083,0.20552823
0.1927422,0.20885478,0.18690336,0.20561571,0.20588398
0.19404866,0.20740065,0.18660891,0.20515937,0.20678245
0.19322173,0.2059309,0.18619785,0.20563707,0.20901246
0.20005195,0.20610724,0.19044583,0.20277193,0.20062308
0.19448262,0.20662782,0.18912072,0.20439112,0.20537768
0.19450884,0.20577878,0.18791668,0.20427102,0.20752476
0.19434656,0.20862003,0.1864568,0.20517588,0.20540075
0.19326468,0.2067952,0.18693273,0.2050701,0.20793727
0.19951265,0.20629326,0.1909193,0.20345697,0.19981779
0.19358838,0.2081745,0.18794613,0.20530146,0.20498951
0.1929381,0.20696498,0.18643591,0.20586832,0.20779268
0.19340906,0.2037237,0.18689017,0.20555699,0.21042012
0.19373101,0.20755737,0.18570675,0.20515384,0.20785105
0.19770055,0.2071031,0.19087064,0.20403856,0.2002872
0.19536437,0.20882066,0.18726084,0.2044136,0.20414051
0.19520944,0.20779313,0.18424512,0.20565252,0.20709974
0.19275253,0.2053279,0.18559995,0.20604059,0.21027903
0.19461717,0.2044974,0.18648383,0.20523538,0.20916626
0.20007432,0.20621501,0.19006342,0.20310165,0.20054564
0.19431055,0.20753208,0.18796352,0.205085,0.20510888
0.19467469,0.20596454,0.18702671,0.20496835,0.20736575
0.1948946,0.2077789,0.18463704,0.20521423,0.20747524
0.19369921,0.20763385,0.18523209,0.20584804,0.20758681
0.20078431,0.20578599,0.19042309,0.20267506,0.20033152
0.19653353,0.20448905,0.18762335,0.20466764,0.20668647
0.19449764,0.20719418,0.18635067,0.20474628,0.20721124
0.19568993,0.2062668,0.18469116,0.20543705,0.2079151
0.19570151,0.20436104,0.18479972,0.20535637,0.20978138
0.20054147,0.20646754,0.18904929,0.20413241,0.19980925
0.1961543,0.20675328,0.1874771,0.2041637,0.20545165
0.19603637,0.20507239,0.18681037,0.20405866,0.20802224
0.19547378,0.20881417,0.1836717,0.20585325,0.20618711
0.19589691,0.20611866,0.1856324,0.20453532,0.20781669
0.20050643,0.20562802,0.19128054,0.20256288,0.2000221
0.19639298,0.20534481,0.18874718,0.20374495,0.2057701
0.1954054,0.2070627,0.18554217,0.20496935,0.20702034
0.19589236,0.20509249,0.18453419,0.20584641,0.20863456
0.19627672,0.2040576,0.18630446,0.20451207,0.20884912
0.2021661,0.20586084,0.1881169,0.20337094,0.20048523
0.19634606,0.20736414,0.18604833,0.20521785,0.20502359
0.1964744,0.20473735,0.18517937,0.20506997,0.2085389
0.19625409,0.20722021,0.18451004,0.20497976,0.2070359
0.1949173,0.20785321,0.18375246,0.20655493,0.20692214
0.20064376,0.20627941,0.19036053,0.2032192,0.19949706
0.19651942,0.20628712,0.18627207,0.20545357,0.20546786
0.19610715,0.20727216,0.18560484,0.2045148,0.20650105
0.19610009,0.20545597,0.1851724,0.20540312,0.20786841
0.19554327,0.20743908,0.18439828,0.20534444,0.20727491
0.20173179,0.20540942,0.19113016,0.20254903,0.19917963
0.19700381,0.20682961,0.18731058,0.20400529,0.20485067
0.1977297,0.20432186,0.18628645,0.2037458,0.20791622
0.19640872,0.20750377,0.1842278,0.20545772,0.20640199
0.19715275,0.20663649,0.18519922,0.20430094,0.20671059
0.2024271,0.20537604,0.18998034,0.20271796,0.19949856
0.19795242,0.20505777,0.18753445,0.20373066,0.20572469
0.19719431,0.20703126,0.185582,0.20414424,0.20604819
0.19659695,0.20917112,0.18392043,0.20526543,0.20504603
0.19636972,0.20739076,0.18391283,0.20551792,0.20680879
0.20163961,0.20600335,0.1898767,0.20328176,0.19919857
0.19870836,0.20658734,0.18654363,0.20402241,0.20413823
0.19673288,0.20458464,0.18594742,0.2044769,0.20825817
0.19595197,0.20720993,0.18459372,0.20548029,0.20676409
0.1967799,0.20479664,0.18544866,0.2047933,0.20818147
0.20207952,0.2059978,0.1885131,0.20408374,0.1993258
0.19781731,0.2091348,0.18518628,0.20496881,0.2028928
0.19666626,0.20786153,0.18468197,0.20512222,0.20566806
0.19578424,0.20772173,0.18388338,0.205722,0.2068886
0.19663438,0.20766196,0.18415199,0.20535097,0.20620073
0.20253149,0.20586118,0.18961604,0.20332116,0.19867015
0.19808803,0.20732433,0.18654723,0.2043612,0.20367923
0.19805469,0.2052346,0.18662077,0.20380864,0.20628132
0.1974184,0.20765045,0.18369398,0.20548199,0.20575517
0.19677974,0.2039876,0.18539678,0.20427874,0.20955715
0.20132795,0.20579714,0.18926257,0.20373088,0.19988143
0.1984761,0.20610777,0.18748492,0.20415936,0.20377186
0.19651012,0.20723708,0.18281841,0.20656882,0.20686556
0.19666554,0.20876694,0.18276398,0.20586787,0.20593569
0.19706094,0.20888487,0.18359706,0.20554455,0.2049126
0.20249322,0.20552936,0.18991762,0.20340179,0.19865799
0.19787142,0.20820758,0.18639715,0.20407699,0.20344687
0.19875206,0.20600873,0.18559347,0.20434168,0.20530406
0.19748017,0.20844008,0.18264167,0.20594122,0.20549694
0.1964321,0.20729896,0.18491194,0.20486088,0.20649612
0.2036606,0.20548908,0.18801427,0.20400208,0.19883391
0.19963415,0.20642158,0.1857878,0.20415206,0.2040044
0.19672117,0.20873216,0.18412788,0.20554066,0.2048781
0.19805549,0.20718637,0.18405275,0.20524056,0.20546477
0.19765043,0.20571302,0.1847509,0.20523879,0.20664687
0.20360109,0.20596759,0.18709517,0.20474724,0.19858891
0.19747217,0.20892684,0.18572398,0.2045542,0.2033228
0.19803211,0.207339,0.18389939,0.20537658,0.20535292
0.19724007,0.20901205,0.18259643,0.20629,0.20486146
0.19925085,0.20758271,0.182179,0.20517881,0.20580865
0.2044213,0.20595334,0.18783517,0.20391983,0.19787042
0.19929947,0.20669556,0.18556674,0.20431308,0.2041252
0.199225,0.20622209,0.18525688,0.20435508,0.20494092
0.19759789,0.20866585,0.18280056,0.20588799,0.2050477
0.19720359,0.20636918,0.18316361,0.20607412,0.20718953
0.2046444,0.20523858,0.18865493,0.20334964,0.19811243
0.19989593,0.20603403,0.18584159,0.20442641,0.20380206
0.19777226,0.20742106,0.18340324,0.20526542,0.20613806
0.19746734,0.20551988,0.18471982,0.20535485,0.20693813
0.1974678,0.20810409,0.18298899,0.2054862,0.20595297
0.2040077,0.20544551,0.18882175,0.20398825,0.19773681
0.19944584,0.20828933,0.18482739,0.20462452,0.20281297
0.19891202,0.20574453,0.18421385,0.2047874,0.20634219
0.19651474,0.20916958,0.18279725,0.20619825,0.2053202
0.19670254,0.20770113,0.18268469,0.20599797,0.20691366
0.20451795,0.2056129,0.1871078,0.20432462,0.19843677
0.19975328,0.20758666,0.18297052,0.20609646,0.2035931
0.19772999,0.20915581,0.18220031,0.20601217,0.20490171
0.1977978,0.20801978,0.1821231,0.20600349,0.20605582
0.19840087,0.20624194,0.1818945,0.20613056,0.20733213
0.20382357,0.20595048,0.18775065,0.20423034,0.198245
0.1985334,0.20839722,0.18311988,0.2059348,0.20401469
0.19985229,0.20785525,0.18277776,0.20535213,0.2041626
0.19817027,0.20564355,0.18289709,0.2061172,0.20717193
0.19820073,0.20898014,0.18061674,0.20677271,0.20542966
0.203282,0.20577477,0.1882785,0.20410597,0.1985588
0.2002146,0.2074874,0.183513,0.20554878,0.20323616
0.19937451,0.20947461,0.18198638,0.20573789,0.20342663
0.19815165,0.20667726,0.18213104,0.20568796,0.20735206
0.19865689,0.20637023,0.18379582,0.20508267,0.20609438
0.20596358,0.20564516,0.1863438,0.20444101,0.19760649
0.20032808,0.20939432,0.18279004,0.2057009,0.2017867
0.19942014,0.20865089,0.18260555,0.20550951,0.20381396
0.19855005,0.20543094,0.18236351,0.20615065,0.20750487
0.19950293,0.20852892,0.18060422,0.20572755,0.20563635
0.20579502,0.2057847,0.18599673,0.20481375,0.19760978
0.19995795,0.20747507,0.18563417,0.20445795,0.20247486
0.19996794,0.20724705,0.18364355,0.20508365,0.20405778
0.19863203,0.20877445,0.18258071,0.20524944,0.20476338
0.19876482,0.207161,0.18243542,0.2055129,0.20612586
0.20521665,0.20558654,0.18686146,0.20412073,0.19821462
0.20103809,0.2067479,0.1854332,0.20405196,0.20272887
0.1983194,0.2097873,0.18142746,0.20681345,0.2036524
0.19918123,0.20753516,0.18143073,0.20625089,0.20560195
0.20036845,0.20585428,0.18331212,0.20443495,0.20603016
0.20576212,0.20571923,0.18580589,0.2047747,0.19793808
0.2003986,0.20883678,0.18422472,0.20529711,0.20124279
0.2007491,0.2086191,0.18174128,0.20571014,0.20318037
0.19935527,0.20639329,0.18331614,0.20521323,0.20572208
0.20022073,0.20853765,0.18093905,0.205374,0.20492862
0.20565414,0.20558353,0.1867951,0.20457521,0.19739206
0.20117009,0.2082079,0.18525352,0.2046243,0.20074421
0.20057863,0.2077011,0.18344468,0.20521677,0.20305881
0.19925681,0.208272,0.18139893,0.20574428,0.20532797
0.20085661,0.20810984,0.18274869,0.2042348,0.20405006
0.20571427,0.2057962,0.18603748,0.20481406,0.19763802
0.20103653,0.20933512,0.18394777,0.20506708,0.20061351
0.19991341,0.20915483,0.18231495,0.20539358,0.20322324
0.201135,0.20740099,0.183033,0.2045986,0.20383242
0.19804344,0.20656757,0.18325855,0.20606622,0.2060642
0.20648676,0.20508571,0.18747737,0.20414163,0.19680855
0.20102897,0.20875253,0.18383235,0.20501849,0.20136765
0.2010931,0.2081665,0.18129592,0.20586903,0.20357543
0.2002404,0.20601365,0.18372014,0.2048832,0.20514259
0.19979917,0.20866594,0.18122338,0.20571685,0.20459473
0.20587875,0.20550929,0.18688262,0.2049352,0.19679417
0.20124975,0.20740823,0.18493746,0.20438384,0.20202075
0.20026295,0.2077113,0.18360943,0.2051852,0.20323114
0.20067662,0.2060997,0.18311983,0.20523311,0.20487072
0.20178229,0.20820309,0.1825558,0.20395894,0.20349991
0.20771202,0.20477189,0.18712676,0.20410852,0.19628082
0.20223875,0.20747736,0.1850594,0.20414254,0.20108193
0.20221835,0.20754474,0.1831703,0.20486212,0.2022045
0.20175965,0.20952012,0.18035433,0.20607352,0.20229237
0.20073941,0.20767787,0.18205181,0.20540397,0.20412694
0.20772807,0.20437607,0.1872887,0.20372117,0.19688594
0.20196371,0.20990773,0.18333067,0.20514277,0.19965516
0.20078865,0.20957774,0.18212144,0.20585167,0.20166047
0.20314157,0.20870727,0.17979899,0.20606002,0.20229216
0.2018358,0.20696014,0.18100674,0.2060368,0.2041605
0.20760559,0.20495191,0.18635885,0.20456946,0.19651416
0.20362829,0.20851867,0.18452719,0.20385933,0.19946654
0.20206745,0.20875108,0.18320833,0.20434105,0.20163205
0.20262972,0.2069594,0.18119484,0.20531651,0.20389949
0.2013726,0.21006888,0.17953493,0.206417,0.20260663
0.20929942,0.20529298,0.18362556,0.20610365,0.19567843
0.20278008,0.20832159,0.18417938,0.20520066,0.19951834
0.20106879,0.20879726,0.18422744,0.20516056,0.20074598
0.2010712,0.21024743,0.1813223,0.20600075,0.20135829
0.20230499,0.20958975,0.18056144,0.20594344,0.20160043
0.21015187,0.2045989,0.18521295,0.20471628,0.19532004
0.20244242,0.21040574,0.18325222,0.20553266,0.198367
0.20141031,0.2117864,0.18241039,0.20541559,0.19897728
0.20178354,0.20942369,0.18281293,0.20478134,0.20119849
0.20167148,0.21107097,0.18048479,0.20539492,0.20137784
0.20717545,0.2053524,0.18674341,0.20561719,0.19511151
0.20281515,0.21007663,0.18373889,0.20496951,0.19839981
0.20133339,0.20952334,0.18224803,0.20541789,0.2014774
0.20102827,0.20896345,0.18193601,0.20630834,0.20176391
0.20283015,0.21065708,0.17877088,0.20615761,0.20158426
0.20871878,0.20488347,0.18569507,0.20546995,0.19523276
0.20223595,0.21007006,0.18436256,0.20509514,0.19823627
0.20263794,0.20958771,0.18190573,0.2057544,0.20011419
0.2018826,0.21157415,0.18082026,0.20617001,0.19955295
0.2030921,0.21009831,0.1808472,0.20551558,0.20044684
0.20947152,0.20556627,0.18468945,0.20615615,0.19411658
0.20351243,0.20914914,0.18406248,0.20530896,0.19796702
0.20266554,0.21131085,0.18153886,0.20537437,0.19911043
0.20284419,0.20914404,0.17983323,0.20634803,0.20183052
0.20257914,0.20741859,0.18131119,0.20555551,0.20313558
0.21019699,0.20455329,0.18572141,0.20454852,0.19497979
0.20326607,0.21051182,0.18306515,0.2053198,0.19783714
0.20297283,0.21041028,0.18195644,0.20567676,0.19898367
0.20181529,0.2112887,0.18183178,0.20539318,0.19967104
0.20291555,0.21006675,0.18109415,0.20536672,0.20055683
0.21047826,0.20466201,0.18468747,0.20582333,0.1943489
0.20387393,0.20981987,0.18444669,0.20477492,0.19708462
0.20395207,0.21018979,0.18146735,0.20558034,0.19881044
0.20289096,0.21191737,0.1782102,0.20760618,0.19937529
0.20327295,0.21079382,0.1792575,0.20650339,0.20017233
0.20890659,0.2050601,0.18505913,0.20635474,0.19461943
0.20405485,0.21159987,0.18197347,0.20621577,0.19615601
0.20377988,0.20985876,0.1814669,0.20570424,0.19919023
0.20347066,0.2103563,0.18020488,0.20616245,0.19980569
0.20470151,0.20890804,0.18022645,0.2056832,0.20048082
0.21138547,0.20495228,0.1833291,0.20685804,0.19347508
0.2045326,0.21142243,0.18372506,0.20511504,0.19520488
0.20311409,0.21055104,0.1820689,0.20550498,0.198761
0.2040737,0.20881191,0.18066087,0.20616247,0.20029107
0.20222925,0.21187513,0.17871857,0.20708229,0.20009477
0.21104455,0.20480704,0.1847494,0.20552886,0.19387014
0.20436521,0.20949602,0.1834542,0.20535365,0.1973309
0.20462057,0.20963742,0.18174636,0.20540538,0.19859028
0.20462279,0.21090421,0.17872974,0.20605436,0.19968887
0.20502223,0.20922337,0.17949873,0.20598263,0.20027302
0.21054475,0.20483896,0.18411784,0.20651793,0.19398054
0.2039158,0.21034071,0.18181683,0.20609412,0.19783254
0.20507704,0.2105794,0.17945229,0.20631757,0.19857378
0.20497906,0.20858166,0.1805516,0.20554595,0.20034173
0.20586525,0.21124086,0.17822397,0.20595211,0.19871779
0.21312721,0.2047984,0.18162633,0.20718072,0.19326727
0.2070926,0.20878531,0.18325827,0.20461418,0.19624965
0.20461395,0.20956005,0.18240516,0.20519765,0.19822319
0.20365039,0.21189995,0.17951335,0.20629346,0.19864282
0.20628126,0.2087571,0.181026,0.20405671,0.19987895
0.2127459,0.20459995,0.18315181,0.20648992,0.19301246
0.20633009,0.21120964,0.18103491,0.20587797,0.19554736
0.20546786,0.21162015,0.17854454,0.20684661,0.19752087
0.20682569,0.20979883,0.17908269,0.205544,0.19874878
0.20516646,0.20937842,0.17974329,0.206282,0.19942985
0.21334225,0.2048441,0.18162726,0.20731771,0.19286865
0.2073491,0.21090361,0.1812116,0.20581412,0.1947215
0.20768563,0.21085572,0.18024161,0.20462696,0.19659002
0.20628844,0.21003751,0.1790084,0.2062929,0.19837278
0.20525958,0.21232538,0.17729153,0.207006,0.19811751
0.21277817,0.2049417,0.18305473,0.20689853,0.19232693
0.20612569,0.21115166,0.17989057,0.20647858,0.19635351
0.20594817,0.21086963,0.17943482,0.20603243,0.19771492
0.20562246,0.21162054,0.17828968,0.20611954,0.19834778
0.20630892,0.2111521,0.17749423,0.20651686,0.1985279
0.21631648,0.20326221,0.18324144,0.20529626,0.19188361
0.20863889,0.21024878,0.18356426,0.20463593,0.19291218
0.20748067,0.21137026,0.18130615,0.20527394,0.19456896
0.20657319,0.21202442,0.18073103,0.2044453,0.1962261
0.20560755,0.21200438,0.18040313,0.20548794,0.196497
0.21518236,0.20459604,0.18254259,0.2068955,0.1907835
0.20657766,0.21224466,0.18149544,0.206118,0.19356422
0.20588762,0.21210223,0.18031351,0.20616664,0.19552998
0.20674789,0.21156682,0.17964235,0.20620543,0.19583753
0.20736668,0.21036643,0.17887154,0.20610598,0.19728935
0.21408282,0.20517136,0.18128622,0.2074045,0.19205508
0.2084063,0.21101716,0.18190053,0.20526731,0.19340868
0.20684843,0.21107438,0.18001053,0.20590755,0.19615911
0.20719863,0.21212852,0.17756692,0.20646834,0.19663756
0.20748506,0.21188298,0.17745955,0.20649685,0.19667557
0.21359736,0.2044402,0.18228449,0.20703968,0.1926383
0.20930637,0.2126372,0.1786386,0.20665394,0.19276391
0.20765062,0.21032605,0.17849042,0.20694871,0.19658422
0.20814921,0.21187611,0.17621502,0.2071765,0.1965832
0.20759414,0.21143231,0.17743945,0.20672576,0.19680832
0.21544406,0.20460048,0.18158993,0.20690294,0.19146256
0.20796472,0.21196513,0.1808815,0.20594761,0.19324102
0.2076868,0.2116988,0.17837144,0.20582795,0.19641507
0.20721461,0.21135639,0.17778741,0.20691766,0.19672392
0.20736606,0.21337934,0.17599724,0.20702788,0.19622946
0.21574137,0.20529428,0.17953573,0.2084031,0.19102553
0.20981526,0.21236384,0.17996413,0.20513895,0.19271782
0.20745185,0.21086751,0.1795423,0.20634761,0.19579071
0.20711397,0.21335745,0.17697573,0.20711137,0.19544145
0.20879005,0.21108465,0.17603451,0.20672694,0.19736388
0.21588367,0.20440617,0.1802019,0.20759468,0.19191359
0.20956536,0.2106647,0.17950025,0.20570008,0.19456957
0.20889455,0.21126331,0.17905648,0.20539586,0.19538982
0.20863603,0.21083523,0.17683643,0.20678884,0.1969035
0.20773192,0.20976055,0.1764334,0.20728108,0.19879304
0.21947338,0.20466127,0.17756106,0.20810626,0.19019806
0.20983014,0.21107277,0.18098061,0.20550962,0.19260691
0.20948356,0.21215805,0.17770503,0.20653987,0.19411346
0.20882584,0.21032262,0.17836505,0.2058973,0.19658919
0.20882472,0.21290056,0.17648111,0.20613119,0.19566244
0.21609148,0.20440258,0.1800029,0.20764837,0.19185472
0.20949061,0.2118521,0.17973626,0.20593578,0.1929853
0.20833741,0.21307532,0.17866446,0.20615411,0.19376871
0.2083067,0.21230008,0.17705365,0.20663868,0.19570085
0.20725802,0.21128133,0.17774379,0.20696151,0.19675533
0.21765444,0.20473216,0.17810914,0.20845981,0.19104443
0.21084775,0.20970207,0.18065372,0.20556721,0.19322923
0.20918071,0.2118859,0.17936699,0.20540528,0.19416113
0.2094943,0.21083724,0.17880215,0.20562203,0.19524428
0.21001993,0.20984676,0.17783985,0.20610704,0.19618644
0.21957862,0.20445092,0.17722067,0.20857665,0.19017315
0.20962973,0.21010174,0.18074536,0.20620236,0.19332078
0.20925544,0.21093494,0.17981826,0.20611343,0.1938779
0.2084578,0.21401076,0.17760018,0.20668823,0.19324307
0.20841672,0.2133992,0.17597713,0.20734271,0.19486426
0.21796821,0.20424496,0.17833197,0.20835595,0.19109893
0.21105634,0.21131669,0.17974809,0.20548198,0.19239688
0.20973149,0.21370578,0.17767785,0.20666453,0.19222036
0.2095489,0.21085952,0.17796876,0.20592472,0.19569813
0.20905028,0.21041407,0.17761707,0.20639355,0.19652505
0.21796493,0.20428379,0.17887461,0.20814896,0.1907277
0.20941563,0.2107399,0.18121132,0.20613894,0.19249423
0.20767081,0.2125428,0.17957741,0.20653597,0.19367298
0.20860898,0.21167074,0.17743187,0.2070499,0.1952385
0.20935173,0.20958915,0.17742224,0.20650493,0.19713195
0.21940802,0.20469685,0.17613499,0.20928639,0.19047377
0.21076265,0.21269754,0.17807484,0.20683464,0.19163035
0.20941292,0.21087386,0.17837512,0.2067208,0.19461735
0.20910344,0.2092269,0.17810458,0.20664327,0.19692186
0.21016777,0.20921056,0.1777737,0.20603524,0.19681272
0.21883899,0.20488401,0.17634484,0.20920752,0.1907246
0.2110631,0.21143582,0.17860903,0.20665881,0.19223323
0.2100693,0.21109271,0.17922625,0.2064707,0.19314106
0.20843874,0.21412908,0.17663866,0.20815347,0.19264005
0.20960498,0.21319312,0.1742274,0.20805848,0.19491601
0.21989883,0.20468843,0.17615508,0.20942783,0.18982984
0.21052298,0.21116677,0.17936757,0.20696275,0.19197991
0.2107949,0.21237586,0.17687507,0.20677593,0.19317824
0.21034566,0.21126625,0.17705838,0.2063463,0.19498338
0.21090753,0.2116314,0.1753824,0.20733391,0.19474478
0.22009595,0.2046589,0.17503837,0.21004625,0.19016053
0.20980151,0.21309808,0.17883858,0.20719208,0.19106974
0.20912668,0.21278971,0.17790289,0.2073271,0.19285358
0.2107282,0.21109183,0.17699477,0.20713335,0.19405189
0.21016073,0.21030332,0.17604396,0.20714658,0.1963454
0.22024803,0.20463924,0.1763251,0.20884609,0.18994153
0.21088894,0.2115422,0.1791528,0.20682627,0.19158977
0.21003738,0.21078905,0.1778257,0.20697,0.19437784
0.20979296,0.20965509,0.17674708,0.20764077,0.19616412
0.21150863,0.20829372,0.17602798,0.20724411,0.19692557
0.22059791,0.2046066,0.17513558,0.2098496,0.18981026
0.21092884,0.2104715,0.17935768,0.20681404,0.19242796
0.20946811,0.2090039,0.17884618,0.20723607,0.19544578
0.21009168,0.21370322,0.17516524,0.2081405,0.1928994
0.21082772,0.21298529,0.17464945,0.20817325,0.19336432
0.2196452,0.20398584,0.17620341,0.21011533,0.19005023
0.211718,0.21071886,0.17957345,0.20666426,0.19132543
0.21018459,0.21343787,0.1770222,0.20766664,0.19168872
0.21103579,0.21332838,0.17594486,0.20725988,0.19243109
0.21086378,0.21367215,0.17430352,0.20830426,0.19285633
0.21919504,0.2049646,0.17532796,0.21048725,0.19002515
0.21189322,0.21081837,0.17778967,0.2081215,0.19137724
0.21074404,0.21253465,0.17597525,0.207822,0.19292402
0.21066868,0.21165809,0.1768819,0.2074656,0.19332571
0.21176556,0.21046856,0.17621002,0.20688795,0.19466794
0.22194119,0.20441668,0.17416748,0.21033224,0.18914245
0.21144871,0.21321745,0.17746499,0.20810777,0.18976107
0.21260491,0.209922,0.17663148,0.2070619,0.19377974
0.20993344,0.21097676,0.17667402,0.20823397,0.19418178
0.21140157,0.21117471,0.17338134,0.2089756,0.19506678
0.22043632,0.2035076,0.17503406,0.21096879,0.19005324
0.21183161,0.21318646,0.17747925,0.20796748,0.1895352
0.20985459,0.21145354,0.17745757,0.208155,0.1930793
0.21121517,0.21161915,0.17494813,0.20846131,0.19375625
0.21137142,0.21014519,0.17450686,0.208406,0.1955705
0.22151308,0.20389976,0.17459522,0.21086329,0.18912864
0.21242853,0.21249281,0.17627838,0.20853862,0.19026165
0.21258989,0.21095397,0.1761604,0.20771974,0.19257598
0.21171072,0.21030888,0.17552885,0.20826697,0.19418457
0.21172465,0.21489258,0.17376073,0.20808667,0.19153538
0.22247681,0.20460063,0.1727286,0.21122189,0.18897207
0.21388564,0.21080413,0.17631596,0.20764823,0.191346
0.21404402,0.21389386,0.17366959,0.20756842,0.1908241
0.21197279,0.2153839,0.17289184,0.20896794,0.19078349
0.21261543,0.21422952,0.17301023,0.20829754,0.19184734
0.22302887,0.20381637,0.1720735,0.2117019,0.18937935
0.21335907,0.20985419,0.17745996,0.20752579,0.191801
0.21279548,0.21376857,0.17369454,0.2088073,0.19093409
0.21233505,0.21402371,0.17377484,0.20856011,0.1913063
0.21256806,0.21317354,0.17276269,0.20866165,0.19283408
0.22309937,0.20405799,0.17215654,0.21110688,0.18957917
0.21396711,0.21382117,0.17471221,0.20865351,0.188846
0.21191376,0.21330711,0.17411962,0.20867386,0.1919856
0.21169484,0.21187344,0.174214,0.20852986,0.19368784
0.21363436,0.21157704,0.17196031,0.20878191,0.1940464
0.22330111,0.20347571,0.1717662,0.21224143,0.18921553
0.21433331,0.2121625,0.17498693,0.20847414,0.19004306
0.2122725,0.2114619,0.17478396,0.2084447,0.19303696
0.21222818,0.20994934,0.17493394,0.20821813,0.19467045
0.21224701,0.21143545,0.17274491,0.20938724,0.1941854
0.22337013,0.20256911,0.17200808,0.21223666,0.18981601
0.21455069,0.21081233,0.17545299,0.20809065,0.19109331
0.2125966,0.21065494,0.17529994,0.20865695,0.19279157
0.21265382,0.20971872,0.17390984,0.20913173,0.19458592
0.21454646,0.21352772,0.17139307,0.2080923,0.19244045
0.22345456,0.20292878,0.17153493,0.21276863,0.18931313
0.21391916,0.21045798,0.17663349,0.20758934,0.19140004
0.21352348,0.2106785,0.1736328,0.20882815,0.19333705
0.21271522,0.20813507,0.17383012,0.20878647,0.19653313
0.21372008,0.20904094,0.17326875,0.208628,0.19534224
0.22393493,0.20347519,0.17124635,0.21195927,0.18938428
0.21316081,0.20992488,0.17618932,0.20871037,0.19201459
0.21225852,0.21424013,0.17331323,0.20912385,0.19106427
0.21307595,0.21395078,0.17182256,0.20946774,0.19168296
0.2124766,0.21360731,0.17197499,0.20915501,0.19278613
0.22374474,0.20292883,0.17069897,0.21303293,0.18959454
0.21402743,0.21381715,0.17521067,0.2077424,0.18920234
0.212712,0.21429709,0.17289376,0.20923015,0.190867
0.2122565,0.2138661,0.17182809,0.20993485,0.19211443
0.21232605,0.21442102,0.1707358,0.210653,0.19186412
0.22541022,0.20132892,0.17031455,0.21279177,0.19015452
0.21314806,0.21351688,0.17332663,0.20977557,0.1902329
0.21452174,0.21354264,0.17385133,0.2080276,0.19005668
0.21338746,0.2135895,0.17191236,0.20932873,0.191782
0.2126417,0.21357751,0.17083295,0.21016191,0.19278592
0.22488391,0.20270321,0.16977851,0.21340078,0.1892336
0.2130381,0.21336643,0.17392316,0.20945144,0.19022082
0.21313271,0.21358122,0.17346211,0.20911172,0.19071224
0.21309125,0.21236725,0.17150885,0.21000446,0.19302817
0.21210583,0.21373402,0.17156278,0.20981964,0.1927777
0.22487417,0.20326126,0.16905417,0.21377565,0.1890348
0.21233456,0.18660162,0.21263056,0.20150045,0.1869328
0.20930073,0.19455983,0.20452246,0.20257568,0.1890413
0.20647754,0.19107941,0.20500672,0.2047717,0.19266464
0.20444393,0.19182257,0.20304212,0.20639083,0.19430053
0.2044526,0.19018906,0.20266317,0.20669152,0.19600362
0.20913161,0.18868622,0.2088231,0.20331635,0.19004269
0.20636064,0.19261436,0.2012805,0.20584328,0.19390121
0.20588481,0.19372913,0.19953775,0.20544232,0.19540595
0.20399715,0.19334634,0.19991098,0.20597735,0.19676813
0.20368646,0.19324969,0.19839604,0.20685512,0.19781272
0.20975508,0.19262381,0.20191345,0.20420222,0.19150542
0.20623985,0.19680825,0.19608538,0.20598559,0.19488095
0.2051471,0.19431937,0.19705687,0.20638503,0.19709162
0.20314164,0.19681029,0.19466455,0.207343,0.19804053
0.2039035,0.19793166,0.19404301,0.20614731,0.19797452
0.20766875,0.19330646,0.2013637,0.20446606,0.193195
0.20682423,0.19882162,0.19413528,0.20520517,0.19501373
0.2056069,0.19780204,0.18995118,0.20592706,0.20071286
0.2041505,0.19938451,0.1920349,0.2069648,0.1974653
0.20457701,0.19535406,0.1892343,0.20683551,0.20399909
0.20718175,0.19585265,0.19959544,0.20403074,0.19333947
0.2076344,0.20100947,0.18902947,0.20555136,0.19677529
0.20546098,0.19881608,0.18960091,0.20595726,0.2001648
0.20491204,0.19694267,0.18929766,0.20675817,0.20208946
0.20404711,0.1969666,0.19059707,0.205553,0.20283623
0.2075556,0.1989869,0.19769299,0.20306724,0.19269729
0.2057476,0.19803238,0.1922814,0.20459168,0.19934696
0.20292121,0.20001383,0.19148359,0.2049616,0.20061976
0.2031341,0.19851163,0.19194426,0.20413078,0.20227924
0.20354648,0.19644383,0.19067231,0.20494212,0.20439523
0.2075545,0.2003644,0.19762717,0.20200792,0.19244602
0.20527756,0.19887915,0.19098501,0.20458908,0.20026924
0.20188491,0.20196967,0.19093406,0.20450751,0.2007038
0.2015853,0.2027111,0.19036415,0.20456147,0.20077802
0.2007013,0.20054552,0.19184132,0.20438206,0.20252986
0.20868534,0.20165548,0.19539908,0.20170036,0.19255973
0.20610654,0.20395248,0.19073433,0.20292543,0.19628118
0.2051953,0.20262377,0.19112253,0.20276351,0.19829486
0.20333445,0.20131296,0.1907757,0.2039092,0.20066771
0.20154789,0.20299998,0.19014415,0.20419517,0.20111279
0.20745027,0.20197217,0.19731462,0.20096636,0.1922966
0.20470494,0.20150779,0.19356938,0.2025977,0.19762021
0.20449379,0.20266287,0.19131897,0.20305482,0.19846955
0.20402688,0.20415029,0.18881522,0.20398727,0.19902039
0.20330076,0.20170884,0.19162422,0.20334588,0.20002033
0.20736328,0.20164883,0.19839518,0.2005739,0.19201882
0.20491937,0.20332934,0.19394939,0.20140444,0.19639748
0.20208496,0.20276044,0.196196,0.2010394,0.19791922
0.20130846,0.20270534,0.19285215,0.20306139,0.20007263
0.20013528,0.2039821,0.19292541,0.20262903,0.20032823
0.20774482,0.20211028,0.19834146,0.19994684,0.19185661
0.20396599,0.20257719,0.1963384,0.20098794,0.19613048
0.20209698,0.205148,0.19360884,0.20240673,0.19673945
0.20224845,0.2052065,0.19246623,0.20257826,0.1975005
0.20137663,0.20369223,0.19441088,0.20189154,0.19862872
0.2070056,0.20149744,0.19928606,0.19932689,0.19288403
0.20357417,0.20278852,0.19780982,0.20006156,0.19576594
0.20190528,0.2038859,0.19519585,0.20170121,0.19731174
0.20087297,0.20401081,0.19388942,0.20209287,0.19913392
0.20048766,0.20420371,0.1919977,0.2035515,0.19975944
0.20936956,0.20148125,0.19839512,0.19960491,0.19114918
0.20276757,0.20364228,0.19810998,0.19994052,0.19553967
0.20156054,0.20357966,0.19814716,0.19962429,0.19708833
0.19933274,0.2037948,0.19670078,0.20109734,0.1990743
0.19823301,0.20282532,0.1981808,0.20052251,0.20023838
0.20679863,0.20110492,0.20121507,0.19813739,0.19274399
0.20152837,0.20355816,0.1988126,0.2001255,0.19597535
0.20001486,0.20372342,0.1975008,0.20014285,0.19861807
0.19733885,0.20454009,0.19700482,0.20106505,0.20005122
0.19568045,0.20318681,0.19737011,0.20131853,0.2024441
0.20435421,0.2012551,0.20356992,0.19760014,0.19322062
0.2017454,0.20319673,0.19935027,0.1995609,0.19614667
0.19838646,0.20312019,0.19883059,0.20025343,0.19940935
0.1974965,0.20443901,0.19877438,0.19990395,0.19938612
0.19653636,0.2028836,0.19953972,0.20027055,0.20076977
0.20523632,0.20019071,0.20415412,0.19737907,0.19303979
0.2003453,0.20357987,0.20045906,0.19932868,0.19628716
0.19810936,0.20305277,0.19833218,0.20007618,0.20042951
0.19550653,0.20275833,0.19701204,0.20131922,0.20340386
0.1949077,0.20267996,0.19680716,0.20159902,0.2040062
0.20339364,0.20068449,0.19979668,0.20049883,0.19562635
0.19922242,0.20351654,0.2000366,0.19964388,0.19758056
0.19694655,0.20145246,0.20077875,0.19920057,0.20162167
0.19514766,0.20106769,0.19996358,0.19986899,0.20395209
0.1962249,0.2007293,0.19684571,0.20148692,0.20471318
0.20442641,0.19907287,0.20029478,0.19979519,0.19641076
0.20058382,0.20315629,0.19811009,0.19979843,0.19835137
0.1955693,0.2015094,0.20120579,0.19890186,0.20281363
0.19385608,0.20036902,0.20089482,0.19959545,0.20528463
0.19516937,0.19903837,0.19918288,0.20013733,0.20647205
0.20224984,0.19853576,0.20522422,0.19794232,0.1960479
0.19792986,0.20152733,0.2023096,0.19870439,0.19952884
0.19527096,0.2016613,0.19904943,0.2001367,0.2038816
0.19426261,0.19999947,0.19975126,0.19965751,0.20632915
0.19155149,0.19888587,0.20148374,0.1997564,0.20832247
0.20325927,0.19906002,0.2018497,0.19825551,0.19757552
0.19765878,0.2013636,0.20367388,0.19677871,0.200525
0.19342458,0.20169546,0.19983205,0.19987762,0.20517032
0.192038,0.19803293,0.19937369,0.20079781,0.2097576
0.19174564,0.19779308,0.19970368,0.20040683,0.21035075
0.20061867,0.1992933,0.20262775,0.19908066,0.19837962
0.1962225,0.20245919,0.20123823,0.19846916,0.20161092
0.19366282,0.20065477,0.19968964,0.19971173,0.20628102
0.19288984,0.19896498,0.20102213,0.19887793,0.20824513
0.19066392,0.1977635,0.20126012,0.19909559,0.21121687
0.1997925,0.19888349,0.20367934,0.19808386,0.19956079
0.19419631,0.2014157,0.20169283,0.19881521,0.20387991
0.19189909,0.19917361,0.20248513,0.19879855,0.20764363
0.19080931,0.1988843,0.20200914,0.19850455,0.20979269
0.18914877,0.19829705,0.1999326,0.19966109,0.21296053
0.19984446,0.19919784,0.2034691,0.19817922,0.19930941
0.19235837,0.20039544,0.20217326,0.19937733,0.20569555
0.1915061,0.20067649,0.20185085,0.19832788,0.20763864
0.1903018,0.19799846,0.20147572,0.19883552,0.21138848
0.18812507,0.19869098,0.20152216,0.19959992,0.2120619
0.1992419,0.19896145,0.20416133,0.19804853,0.19958676
0.19403635,0.20070168,0.20206912,0.19814408,0.20504874
0.1913812,0.19792245,0.20235595,0.19824804,0.21009234
0.18939422,0.19763319,0.20274156,0.1981022,0.21212883
0.18787003,0.19934578,0.20087148,0.19922976,0.21268292
0.19851434,0.19857648,0.203067,0.19836812,0.20147409
0.19162309,0.20114775,0.20330937,0.1982916,0.20562822
0.18973471,0.1984622,0.20272143,0.19892307,0.2101586
0.1888682,0.19909775,0.20185474,0.19837795,0.21180135
0.18726228,0.19782865,0.2027581,0.19859868,0.21355227
0.19872278,0.19857025,0.20492297,0.19721049,0.20057355
0.19139646,0.19926581,0.20549324,0.19694774,0.20689672
0.1895226,0.19750744,0.2032369,0.19801924,0.21171384
0.19003657,0.19587682,0.20313638,0.19783999,0.21311012
0.18867588,0.19641529,0.20320837,0.19766904,0.21403146
0.19895491,0.19828618,0.20477211,0.19697781,0.20100899
0.19163874,0.20020857,0.20620705,0.1961064,0.2058392
0.19168511,0.19594672,0.20299609,0.19760089,0.21177116
0.18967782,0.19220755,0.2035873,0.19783233,0.21669503
0.18795943,0.19776091,0.20379357,0.19775642,0.21272968
0.19908781,0.19867752,0.20383374,0.1983205,0.20008044
0.1907405,0.19845012,0.20514254,0.19766784,0.207999
0.18915588,0.19616804,0.20500097,0.19730501,0.21237013
0.18875456,0.19107562,0.20554924,0.19704752,0.21757308
0.18742785,0.19537605,0.20446484,0.19752797,0.2152033
0.1997518,0.19800995,0.20549768,0.1964807,0.2002598
0.19083788,0.19691773,0.20574203,0.19721186,0.2092905
0.18803705,0.19562396,0.20474975,0.19722354,0.2143656
0.1876659,0.19257419,0.2041001,0.19737379,0.218286
0.18606777,0.1961628,0.204275,0.19775061,0.21574381
0.19962151,0.19752026,0.20564394,0.1963465,0.20086782
0.18964891,0.19899863,0.20676324,0.1960041,0.20858516
0.18833631,0.19503368,0.20511246,0.19724712,0.21427043
0.18754095,0.19180305,0.20676684,0.19577362,0.21811557
0.18729982,0.1929644,0.20715366,0.1955347,0.21704744
0.19958967,0.19757786,0.20608683,0.19651625,0.20022938
0.18883952,0.19822112,0.20795362,0.19591433,0.2090714
0.18836653,0.19216794,0.20765136,0.19543588,0.21637832
0.18741669,0.18689843,0.2068759,0.19609596,0.222713
0.18625672,0.19007877,0.20745276,0.19576642,0.22044532
0.1999487,0.19735508,0.20618841,0.19609717,0.20041072
0.18890046,0.19513577,0.21006948,0.19443968,0.21145464
0.1863155,0.18446295,0.20900477,0.19563131,0.22458543
0.1844526,0.18076664,0.20887716,0.19589148,0.2300121
0.18392767,0.18439446,0.20912912,0.1954428,0.22710598
0.19879659,0.19709013,0.20660816,0.19660945,0.20089568
0.18794449,0.19402806,0.21061303,0.19520508,0.21220931
0.18560654,0.17901815,0.21237084,0.19434139,0.22866307
0.18331465,0.18066949,0.21033892,0.19494455,0.23073241
0.18180886,0.17405203,0.21033745,0.19558406,0.23821759
0.19827737,0.19653517,0.20965041,0.19558,0.19995704
0.18713088,0.19186835,0.21511094,0.19370803,0.21218182
0.18296891,0.17486438,0.21433851,0.19442801,0.23340026
0.18154497,0.1750558,0.21323906,0.19420469,0.23595545
0.18051325,0.16254339,0.2122628,0.19515662,0.24952394
0.1990231,0.19510765,0.21173817,0.19445594,0.19967519
0.18272427,0.18916588,0.21939644,0.19284187,0.21587153
0.18124367,0.18525867,0.21526772,0.1938206,0.22440937
0.17973682,0.1684484,0.21444479,0.19395664,0.24341336
0.17789331,0.158446,0.21378496,0.19478112,0.25509462
0.19524978,0.19483545,0.21509555,0.19528003,0.19953915
0.18421268,0.18573643,0.21697046,0.19476204,0.21831839
0.17809834,0.17442888,0.215377,0.19515052,0.23694526
0.17711198,0.17849499,0.21203685,0.19544365,0.23691253
0.17889835,0.17701472,0.20829308,0.19706056,0.2387333
0.19551156,0.19605333,0.21209334,0.19677056,0.19957116
0.18148215,0.18446061,0.21913144,0.19343585,0.22148994
0.17783849,0.18613252,0.21479847,0.19434805,0.22688252
0.17537741,0.18480894,0.21265766,0.19517744,0.23197858
0.17492005,0.17777437,0.21112336,0.1956328,0.24054942
0.19419642,0.1951191,0.21646766,0.19587119,0.19834563
0.17974998,0.19708893,0.21929991,0.19357055,0.21029067
0.17529452,0.18623352,0.21632712,0.19438615,0.2277587
0.17534672,0.18165003,0.21440944,0.19473718,0.23385665
0.17623936,0.17571092,0.2109836,0.19591111,0.241155
0.19396473,0.19573507,0.21525434,0.1976695,0.19737639
0.17728089,0.1973693,0.22116572,0.19401842,0.21016565
0.1741464,0.19299729,0.21743575,0.19421104,0.22120956
0.17393874,0.18944594,0.21479103,0.19441424,0.22741002
0.1716558,0.18749419,0.21376766,0.19583243,0.2312499
0.19118859,0.19543895,0.2180373,0.1976768,0.19765836
0.17787422,0.1984186,0.22214581,0.19358596,0.20797539
0.17503865,0.19928728,0.22102308,0.19289011,0.21176092
0.17174374,0.19937792,0.21646006,0.19456905,0.2178492
0.17209749,0.19816798,0.21466334,0.19489528,0.22017592
0.19021411,0.19522363,0.21936753,0.1984272,0.19676751
0.17621222,0.19882694,0.22488284,0.19380084,0.20627716
0.17478259,0.20496792,0.22033124,0.19401824,0.20589997
0.17057483,0.20413041,0.21687305,0.19507828,0.21334338
0.16989851,0.20451662,0.21438803,0.19557065,0.21562617
0.19089366,0.19516993,0.22164255,0.19777556,0.19451831
0.17507231,0.20579968,0.22502561,0.19419836,0.19990404
0.17044626,0.21090151,0.22070403,0.19412069,0.20382752
0.16817714,0.21446636,0.21661988,0.19512701,0.20560962
0.1680972,0.216142,0.21309516,0.1962215,0.20644417
0.18992569,0.19591014,0.22015783,0.19972914,0.19427723
0.20490184,0.19613399,0.21331418,0.19417977,0.19147019
0.2023791,0.20177576,0.21047592,0.19534425,0.19002503
0.1974824,0.20441191,0.20958716,0.1960915,0.19242705
0.2013155,0.2014683,0.21210188,0.19450937,0.19060494
0.19818015,0.20370951,0.2089498,0.19701529,0.19214526
0.2035837,0.19752306,0.21247914,0.19496016,0.19145389
0.20362377,0.20198053,0.20879112,0.19582626,0.18977831
0.19628729,0.20050366,0.21606375,0.19426948,0.19287585
0.20873587,0.20507847,0.1998607,0.19799778,0.18832715
0.20040981,0.20147297,0.21091199,0.19545057,0.19175465
0.20630439,0.19795208,0.2123827,0.19498815,0.18837273
0.20144567,0.20243217,0.20918053,0.19675182,0.1901898
0.2046882,0.2000034,0.20968613,0.1958832,0.18973902
0.19830765,0.2048496,0.20542178,0.19813915,0.19328183
0.20183232,0.20223004,0.20921586,0.19587941,0.19084236
0.20431578,0.19783448,0.21405183,0.19439797,0.18939994
0.20125218,0.2036337,0.20677401,0.19689196,0.19144815
0.20219387,0.2011212,0.21114981,0.19566564,0.1898695
0.19731839,0.20281301,0.21129802,0.19610673,0.19246383
0.20316778,0.20550846,0.20546499,0.19754061,0.18831816
0.20495616,0.19693097,0.21408172,0.19449891,0.1895322
0.19890107,0.20000054,0.21529277,0.19439478,0.19141081
0.20751706,0.20414893,0.20065573,0.19962803,0.18805027
0.20153908,0.20174868,0.20731008,0.19707324,0.19232891
0.20107487,0.20366728,0.20785132,0.19732425,0.19008227
0.20563932,0.1977404,0.21304578,0.19421996,0.18935455
0.20463382,0.19984196,0.2117267,0.19475581,0.1890417
0.19794707,0.20480458,0.20623708,0.19804302,0.19296826
0.20081982,0.20294423,0.20787598,0.19737227,0.1909877
0.19819276,0.2032863,0.2102907,0.19738084,0.19084935
0.20489974,0.19892387,0.21008746,0.19531462,0.19077434
0.2019259,0.20280676,0.20925486,0.19732532,0.18868718
0.20073912,0.20278758,0.2092689,0.19686209,0.19034234
0.2034035,0.20323922,0.20695938,0.19711582,0.18928204
0.20003304,0.20212848,0.2091257,0.19733188,0.19138092
0.20367807,0.19837645,0.21410911,0.19498771,0.18884867
0.20388179,0.20335938,0.20780626,0.19720568,0.18774693
0.2035858,0.2024972,0.20307046,0.199916,0.19093053
0.20082161,0.20168678,0.20914368,0.19728853,0.19105941
0.20203301,0.2028721,0.20697093,0.19785199,0.19027199
0.21305178,0.19938089,0.20080759,0.19916777,0.18759197
0.2113876,0.19583829,0.21468577,0.19313045,0.18495788
0.19857106,0.20444655,0.20549342,0.19910486,0.19238412
0.20614618,0.20058848,0.2083231,0.1960129,0.18892936
0.20168298,0.20206544,0.20736387,0.19718981,0.19169791
0.20296334,0.19934075,0.21011876,0.19607869,0.19149849
0.20311123,0.20045097,0.212956,0.19487557,0.18860629
0.20226054,0.20107774,0.2104859,0.19569604,0.19047983
0.19935387,0.2030752,0.20942529,0.19665691,0.19148873
0.20061399,0.20237952,0.20794538,0.197442,0.1916191
0.20427682,0.19788486,0.21327874,0.19471028,0.18984924
0.20470734,0.20520881,0.20466417,0.19825648,0.18716322
0.2008242,0.202577,0.2056023,0.19939378,0.1916028
0.20157926,0.20130548,0.21035545,0.19607314,0.1906867
0.20119905,0.20335692,0.2069598,0.19790068,0.19058356
0.21237871,0.1987034,0.2025874,0.19877796,0.18755253
0.20918752,0.19590907,0.21710186,0.19310178,0.18469974
0.20327373,0.2029634,0.20470883,0.19936612,0.1896879
0.20102948,0.20187703,0.20863962,0.19740751,0.19104631
0.19866326,0.20319682,0.20896299,0.19773786,0.191439
0.20552239,0.1999258,0.20834745,0.19675466,0.18944967
0.20344941,0.20040387,0.21211477,0.19563018,0.18840176
0.1986637,0.2042622,0.20675565,0.19893026,0.19138817
0.20121759,0.20211026,0.20819537,0.19728498,0.19119182
0.19873165,0.20368166,0.20648962,0.19812472,0.1929723
0.20429902,0.1984005,0.2108931,0.1962045,0.19020289
0.20801884,0.20523639,0.20076828,0.19923605,0.18674043
0.19980867,0.2025523,0.20967478,0.19755869,0.19040555
0.20286056,0.2029047,0.20778483,0.19741672,0.18903315
0.19745676,0.2001062,0.21585603,0.19433637,0.19224463
0.21058458,0.1985437,0.20355442,0.19889307,0.18842423
0.20345499,0.20070693,0.20966999,0.19646373,0.18970433
0.20209822,0.20214602,0.2086663,0.19743468,0.1896548
0.20124471,0.20226337,0.20951293,0.19631232,0.19066662
0.20151101,0.20195155,0.2088123,0.19761287,0.19011223
0.20253591,0.19768824,0.2135931,0.1959515,0.19023125
0.20179735,0.20175558,0.21008757,0.1966695,0.18969001
0.19276527,0.19700998,0.1864835,0.20586687,0.21787436
0.19645914,0.2053721,0.20504344,0.19873796,0.19438733
0.19944592,0.20348805,0.20663856,0.19805145,0.19237603
0.20383976,0.19710006,0.2145122,0.19496821,0.18957977
0.20116892,0.2016346,0.20935716,0.1969644,0.19087496
0.20131558,0.20263557,0.20681223,0.19813758,0.19109899
0.1997404,0.20249245,0.20851322,0.19786815,0.19138582
0.19678651,0.20012225,0.21519282,0.19496606,0.19293237
0.2073665,0.1967531,0.20451234,0.19955549,0.19181259
0.2028882,0.20099016,0.21188474,0.19494125,0.1892956
0.19978166,0.20272473,0.21023989,0.19750522,0.18974851
0.20674767,0.20226471,0.19905695,0.20099483,0.19093578
0.20205054,0.20152034,0.207762,0.19717614,0.19149095
0.20545694,0.19623195,0.2136407,0.1952713,0.1893991
0.20302439,0.20126949,0.20927213,0.19673507,0.18969893
0.20733587,0.19853562,0.21036498,0.19529738,0.18846612
0.19722615,0.20501958,0.20573549,0.19871391,0.1933049
0.20137869,0.20332915,0.20484099,0.19886781,0.19158337
0.20507188,0.19549194,0.2166061,0.19488965,0.18794048
0.2014395,0.2018733,0.20901059,0.19756907,0.19010754
0.20078033,0.20238926,0.20848921,0.19769701,0.1906442
0.20038766,0.20220758,0.20735884,0.19787017,0.19217575
0.19793007,0.1991645,0.21902084,0.19399536,0.18988927
0.20537278,0.19758934,0.21286587,0.19552207,0.18864991
0.20222017,0.20176455,0.20949975,0.19725266,0.18926288
0.20291346,0.20160377,0.21091937,0.19626027,0.1883031
0.20575702,0.20325173,0.19962707,0.20093216,0.190432
0.2015502,0.20202672,0.20790936,0.19760214,0.19091155
0.20444861,0.19750552,0.21153519,0.19641402,0.19009668
0.2021792,0.20106566,0.20941474,0.19688956,0.1904508
0.20495646,0.19915634,0.21198668,0.19600609,0.18789443
0.19876263,0.20426482,0.20643976,0.1979945,0.19253826
0.20090987,0.20367964,0.20770676,0.19714543,0.19055831
0.20503162,0.19666608,0.21209045,0.19636618,0.18984567
0.1998976,0.20316695,0.20761822,0.19728646,0.1920308
0.20098971,0.20252016,0.2083185,0.19722709,0.19094454
0.20290862,0.20191135,0.20678625,0.1973811,0.1910127
0.19885321,0.1989283,0.21620317,0.19423884,0.19177647
0.20623259,0.19645225,0.2129455,0.19486752,0.1895021
0.20336252,0.20090924,0.21035911,0.19544566,0.18992348
0.20032139,0.19844802,0.21547703,0.1944099,0.19134367
0.20575489,0.20511222,0.19881971,0.20130041,0.18901275
0.20015544,0.2021526,0.20671543,0.19888118,0.1920954
0.2047192,0.19665946,0.2115994,0.19626184,0.19076009
0.20715924,0.20245428,0.20163363,0.20038368,0.18836911
0.20095375,0.2019776,0.20847501,0.19837365,0.19021998
0.19692908,0.20468889,0.2079943,0.19843714,0.19195053
0.19943444,0.20204833,0.20929775,0.19795737,0.19126211
0.21001203,0.19245417,0.21531641,0.19434932,0.18786812
0.19879456,0.20429213,0.20771109,0.19792059,0.19128162
0.2013314,0.20246759,0.20886122,0.19694413,0.19039562
0.20233673,0.20263393,0.20527667,0.19854836,0.19120431
0.19902205,0.2031424,0.20703687,0.19947095,0.19132774
0.20416304,0.1981495,0.21151489,0.19644697,0.18972555
0.20369121,0.20142244,0.20898214,0.19681367,0.18909054
0.19884828,0.19985378,0.21435025,0.19572893,0.19121875
0.20667554,0.20525303,0.2002279,0.20055804,0.18728544
0.1998365,0.2030725,0.20707406,0.19882286,0.19119413
0.2058489,0.19650133,0.21349578,0.19436009,0.18979388
0.20843409,0.20427328,0.20117053,0.19932786,0.18679424
0.202555,0.20177856,0.20717736,0.19806118,0.19042791
0.20117599,0.20155342,0.20968589,0.19721635,0.1903683
0.19979629,0.20238563,0.2095333,0.19752096,0.19076379
0.21134546,0.19780059,0.20159703,0.20005386,0.18920304
0.20264809,0.19747826,0.21952543,0.19513062,0.18521757
0.2000378,0.20318753,0.20737992,0.19730783,0.19208692
0.19979602,0.20202729,0.20803952,0.1983973,0.1917398
0.20002761,0.20268881,0.20764676,0.19844952,0.19118729
0.2021507,0.1987176,0.21045673,0.19736286,0.19131209
0.20215149,0.20138554,0.20945425,0.19701086,0.18999793
0.20059541,0.20232737,0.2077649,0.1984501,0.1908622
0.20166592,0.2024823,0.2064441,0.19876005,0.1906476
0.20152888,0.20178549,0.20904182,0.19704494,0.19059888
0.20476292,0.19652398,0.21261156,0.19632475,0.18977681
0.19988938,0.19965291,0.21422395,0.19610009,0.19013363
0.20587347,0.20237273,0.20030543,0.20130911,0.19013926
0.19982818,0.20260647,0.20823944,0.19888459,0.19044134
0.20012122,0.20250356,0.20862137,0.19810043,0.19065338
0.20660213,0.19895177,0.21074909,0.19709688,0.18660013
0.20331845,0.2008529,0.20901307,0.19724698,0.18956861
0.20179808,0.2013606,0.20980752,0.19791315,0.18912064
0.20173237,0.20141143,0.2076747,0.19802016,0.19116135
0.19958612,0.2028922,0.20669821,0.1994567,0.19136672
0.2015452,0.19927059,0.21155982,0.1962627,0.19136171
0.20158893,0.20232776,0.20642151,0.19858666,0.19107513
0.20314805,0.20114154,0.20915271,0.19623777,0.19031988
0.20193546,0.20188603,0.20734401,0.19807309,0.19076145
0.20094727,0.20214435,0.20804586,0.19828826,0.1905743
0.20197427,0.1983431,0.21248074,0.1953996,0.19180225
0.20130843,0.20152964,0.20915663,0.19720688,0.19079839
0.20017733,0.20171368,0.21056852,0.19704625,0.19049422
0.20218644,0.20113063,0.20946692,0.19707632,0.19013968
0.19688451,0.20484637,0.20600644,0.19948561,0.19277708
0.20662203,0.19575192,0.21330573,0.19526333,0.18905699
0.19831927,0.19978626,0.2151186,0.19539836,0.19137749
0.19881889,0.20220447,0.20888413,0.19850229,0.1915902
0.20200334,0.20095582,0.20978212,0.1965835,0.1906752
0.20052724,0.20199046,0.20760116,0.19858654,0.19129457
0.20549168,0.19571553,0.21325228,0.19519062,0.1903499
0.20193642,0.20079623,0.21131235,0.19655903,0.18939595
0.19979657,0.20158958,0.21046427,0.19752741,0.19062214
0.20094478,0.20131488,0.20971395,0.19729191,0.19073445
0.20095816,0.20230798,0.20646824,0.19860034,0.19166529
0.20549631,0.196012,0.21375202,0.19538996,0.1893497
0.201666,0.20128547,0.20937218,0.19762123,0.19005513
0.20178682,0.20182905,0.20920295,0.19751488,0.18966632
0.20113926,0.20182641,0.20930961,0.19778664,0.18993807
0.20025076,0.20199788,0.20926453,0.19779965,0.19068715
0.2055676,0.19570194,0.21503375,0.19471027,0.18898644
0.20394748,0.19988714,0.21005468,0.19614382,0.1899669
0.20179096,0.20166704,0.20908228,0.197439,0.19002071
0.20044549,0.20252007,0.2073936,0.19758263,0.19205818
0.20077729,0.2015656,0.20851617,0.19832811,0.19081287
0.20693175,0.19473554,0.21362302,0.19549297,0.18921672
0.20225902,0.20083009,0.20854461,0.19806913,0.19029714
0.20124687,0.20155327,0.20917204,0.19828492,0.18974286
0.20080908,0.20145638,0.20851716,0.19796304,0.19125435
0.20158915,0.20132181,0.20742702,0.19836137,0.19130068
0.20491903,0.19660111,0.213787,0.19559851,0.1890943
0.20273755,0.20128903,0.20769374,0.19818741,0.19009227
0.20076218,0.20225185,0.20636253,0.19940574,0.19121768
0.20150992,0.20171821,0.20644736,0.1985107,0.19181378
0.19923209,0.202091,0.20716564,0.19909033,0.19242097
0.20378031,0.19620246,0.2146064,0.19546904,0.18994176
0.2015881,0.20139924,0.20869419,0.19816124,0.19015722
0.20130129,0.20129919,0.20987225,0.19760387,0.1899234
0.20174329,0.2012247,0.20788082,0.19741204,0.19173913
0.19886303,0.20260297,0.20907487,0.19827965,0.19117951
0.20554344,0.19544958,0.21436793,0.19531348,0.18932554
0.20225345,0.2002799,0.21129946,0.19705595,0.18911123
0.20237178,0.20121925,0.2087007,0.19732842,0.19037984
0.20058472,0.20133127,0.20819315,0.1987111,0.19117975
0.20146035,0.20172255,0.20760803,0.19817,0.19103903
0.2063739,0.19658831,0.21103813,0.19703749,0.18896213
0.20194757,0.20133916,0.20681545,0.19877592,0.19112189
0.20341189,0.20110314,0.2059843,0.19875672,0.19074392
0.19985059,0.20185065,0.2079424,0.19880423,0.19155215
0.20002814,0.20141852,0.20908967,0.1981136,0.19135006
0.20407243,0.19566408,0.21384853,0.1958333,0.19058166
0.20145373,0.20013215,0.21199231,0.19605935,0.1903625
0.20219484,0.2004774,0.20991267,0.19723436,0.19018066
0.20063469,0.20187141,0.2080534,0.19857863,0.19086185
0.20192884,0.2014352,0.20871484,0.19732465,0.19059645
0.20334825,0.19628994,0.2151639,0.19553025,0.1896676
0.20114815,0.20099731,0.20878412,0.19805217,0.19101831
0.20114924,0.20140544,0.2084183,0.1975107,0.19151632
0.20141958,0.20099036,0.2089613,0.19741397,0.19121481
0.19962956,0.20204562,0.20788324,0.19890633,0.19153523
0.2045425,0.1948513,0.2159495,0.1953135,0.1893432
0.20231332,0.19982107,0.2111596,0.19723381,0.18947217
0.2017022,0.20085111,0.20929019,0.19842331,0.18973318
0.20085803,0.2012423,0.20835093,0.19774245,0.19180632
0.19979718,0.20213953,0.20782678,0.1988607,0.19137584
0.20576063,0.19725698,0.20802088,0.19904305,0.18991852
0.20488161,0.20053829,0.20794822,0.19767042,0.18896146
0.2031462,0.20199452,0.20690449,0.19842948,0.18952529
0.20499046,0.20172985,0.20430852,0.19886647,0.19010475
0.20202717,0.20059097,0.20966108,0.19647983,0.19124094
0.20423491,0.19536726,0.2156684,0.1943989,0.1903305
0.2008435,0.20063686,0.20990036,0.19754861,0.19107062
0.19976488,0.2008541,0.20981352,0.1977186,0.19184892
0.200731,0.2011013,0.20814103,0.19756876,0.1924579
0.20100631,0.20176274,0.20640354,0.1985591,0.19226837
0.2041532,0.19597958,0.21261798,0.19642933,0.19081995
0.20116188,0.20122671,0.2101991,0.19731553,0.19009681
0.19837202,0.20270371,0.2075087,0.1992571,0.19215846
0.1992128,0.20231281,0.20827202,0.19863059,0.19157179
0.20113477,0.20138745,0.20762125,0.19826315,0.19159336
0.20289713,0.19558805,0.21557887,0.19608106,0.18985489
0.20151861,0.20034273,0.21184376,0.1967715,0.1895234
0.20108026,0.20062767,0.20966022,0.19714095,0.19149089
0.20021932,0.20128429,0.20878604,0.19844551,0.19126485
0.20088463,0.20160446,0.20765692,0.19836272,0.19149126
0.20560744,0.19525714,0.21437219,0.19503345,0.18972977
0.20345165,0.2008297,0.20731726,0.19876887,0.18963248
0.201703,0.20199773,0.20542188,0.19976687,0.19111052
0.2017997,0.20214646,0.20655783,0.19931926,0.19017676
0.20021278,0.20171267,0.20712142,0.19940752,0.1915456
0.20536043,0.19549233,0.21269168,0.19615336,0.19030221
0.20205003,0.19997333,0.21074566,0.19728738,0.18994366
0.20195636,0.20073457,0.2094776,0.1973851,0.1904464
0.1996849,0.20161311,0.20809883,0.19845843,0.19214474
0.20031078,0.20156442,0.20842251,0.19835986,0.19134243
0.20286626,0.19624145,0.21446085,0.19645028,0.18998116
0.19890383,0.20159751,0.21127865,0.19775088,0.19046909
0.1984406,0.20270252,0.20565005,0.19968328,0.19352354
0.19996327,0.2021121,0.20694391,0.19902457,0.19195619
0.20012744,0.20126857,0.20886953,0.19778858,0.19194585
0.20457417,0.19567496,0.21435319,0.19572872,0.18966895
0.20225836,0.19980185,0.21120273,0.19748259,0.18925445
0.20224668,0.20044816,0.20923868,0.19752733,0.19053909
0.20111206,0.20130824,0.20779274,0.19868505,0.19110195
0.20031059,0.20131072,0.20790485,0.19897279,0.191501
0.20408288,0.19482732,0.21388544,0.19628304,0.19092134
0.20251171,0.20000856,0.20953132,0.19787145,0.19007696
0.20378935,0.20108446,0.20510848,0.19927904,0.19073868
0.20275185,0.2013783,0.20666441,0.19874816,0.19045733
0.20225996,0.20085205,0.2078043,0.19744353,0.19164017
0.20547847,0.1958009,0.21209879,0.19662471,0.18999715
0.20244657,0.200361,0.20885098,0.19788015,0.1904613
0.20072079,0.2012168,0.20813377,0.198512,0.1914166
0.19914769,0.20217551,0.20720384,0.19972116,0.19175182
0.2004726,0.20118546,0.20877756,0.19761732,0.19194706
0.20451201,0.1954817,0.21233352,0.19680578,0.19086702
0.20437787,0.19966449,0.2095376,0.19700451,0.18941548
0.19905022,0.20176902,0.2085042,0.19867426,0.1920023
0.19989051,0.20128821,0.20964903,0.19807658,0.19109572
0.2013017,0.20146684,0.20784682,0.19872671,0.19065787
0.20401242,0.19486643,0.2149541,0.19594567,0.19022135
0.20189163,0.19985692,0.21044566,0.19742219,0.19038357
0.20062621,0.20086381,0.2087442,0.19801547,0.1917503
0.20051572,0.2016996,0.20729814,0.19912453,0.19136205
0.19962098,0.20219246,0.20523423,0.2006563,0.19229607
0.2063867,0.19474149,0.21347801,0.19556497,0.18982883
0.20134586,0.20039973,0.20978379,0.19763301,0.1908376
0.20200548,0.19999628,0.20967183,0.19778943,0.19053698
0.20107229,0.20098546,0.20764907,0.198466,0.1918272
0.19963486,0.200863,0.21037422,0.19769427,0.19143361
0.20367195,0.19533949,0.21498536,0.19580042,0.19020282
0.20016964,0.20067266,0.21193343,0.1975967,0.18962757
0.20077445,0.20067067,0.21033546,0.19769196,0.19052744
0.1995512,0.20164819,0.20772016,0.1991106,0.19196989
0.20025171,0.20129706,0.20810156,0.19816828,0.19218141
0.204232,0.195633,0.21387863,0.19617082,0.19008556
0.20306824,0.19951662,0.20955904,0.19688252,0.19097358
0.20108993,0.2011658,0.20879808,0.19850753,0.19043864
0.20155625,0.20025864,0.20892411,0.19803156,0.19122943
0.20088464,0.20079702,0.2081176,0.19831806,0.1918827
0.2057145,0.19380593,0.21421131,0.19523187,0.1910364
0.20062482,0.20105541,0.20908591,0.19911441,0.19011945
0.20173225,0.20045532,0.20744553,0.19871762,0.1916493
0.20162451,0.20096171,0.20820719,0.19850273,0.19070387
0.20146629,0.20109917,0.20660533,0.19866827,0.1921609
0.2022033,0.19562052,0.21295945,0.19723494,0.19198176
0.2032344,0.19959116,0.20904753,0.19759288,0.1905341
0.20188926,0.20028491,0.20903713,0.198405,0.19038367
0.20083173,0.20146218,0.20631613,0.19969492,0.191695
0.20107727,0.2011871,0.2082124,0.1984207,0.1911025
0.20279834,0.19413179,0.21547367,0.19610733,0.19148888
0.2003064,0.20023248,0.21024817,0.19800578,0.1912072
0.20124207,0.19937365,0.21050473,0.19706252,0.19181697
0.20007302,0.20132665,0.20862417,0.19835092,0.19162525
0.20179251,0.20089686,0.20740834,0.19854844,0.1913539
0.20328435,0.19556263,0.21507308,0.19623202,0.18984795
0.20072682,0.20052059,0.21040668,0.19736479,0.1909811
0.19897987,0.20159233,0.20963512,0.19818543,0.1916073
0.19975108,0.20111124,0.2082891,0.1992569,0.19159168
0.20018229,0.20158406,0.20779073,0.19909433,0.1913486
0.20477861,0.19427761,0.21586788,0.19529936,0.18977651
0.20196891,0.19962302,0.21027581,0.19761008,0.1905222
0.20254058,0.2000543,0.20899321,0.19769801,0.1907139
0.20090938,0.20078193,0.20835292,0.19922528,0.19073048
0.20029607,0.2009339,0.2073971,0.19921164,0.19216123
0.20465724,0.19440782,0.21328777,0.19690214,0.19074504
0.20421188,0.20076686,0.20619914,0.19906816,0.18975393
0.20042253,0.20089112,0.21018024,0.1984789,0.1900272
0.19983365,0.20058575,0.20932862,0.19848762,0.19176434
0.19927491,0.20098916,0.21038327,0.197948,0.19140469
0.20274204,0.19513816,0.21572894,0.1963868,0.19000407
0.20178647,0.20038712,0.20753725,0.19914244,0.1911467
0.20055068,0.20096645,0.20895621,0.1983161,0.19121055
0.1988698,0.20107305,0.20950574,0.19825014,0.19230123
0.19887987,0.20165297,0.20765762,0.19948459,0.19232497
0.20564283,0.19370846,0.21287763,0.19664721,0.19112384
0.20124745,0.20025602,0.21022378,0.19813532,0.19013746
0.20000894,0.20098227,0.20952764,0.19869682,0.19078432
0.20067254,0.2005421,0.2076097,0.19974856,0.19142717
0.20043689,0.20016232,0.20931205,0.19847853,0.19161023
0.20453991,0.19468719,0.21484669,0.19581875,0.1901075
0.20083809,0.20018442,0.20944235,0.19905353,0.19048162
0.20166975,0.19977735,0.21020068,0.19774996,0.19060224
0.2017589,0.2006041,0.20725325,0.19893482,0.19144894
0.20264971,0.20066643,0.20539662,0.19913068,0.19215652
0.20397581,0.19425344,0.21653731,0.19546223,0.18977118
0.2006556,0.20012118,0.21030274,0.19821498,0.19070552
0.20143522,0.20069341,0.20942529,0.19860649,0.18983954
0.19887751,0.201179,0.20817867,0.19901791,0.19274692
0.19917662,0.200942,0.20995693,0.19831213,0.19161236
0.20470817,0.19455619,0.21254608,0.19683732,0.19135222
0.20116155,0.20034134,0.21082915,0.19787182,0.18979615
0.20018402,0.20053153,0.20824751,0.1993419,0.19169508
0.1998694,0.20066905,0.20880325,0.19887182,0.19178648
0.20008102,0.20127353,0.20890291,0.19889541,0.19084713
0.20540775,0.19347219,0.21326621,0.19619577,0.1916581
0.20030801,0.20067525,0.20890643,0.19939129,0.19071901
0.19961393,0.20181006,0.20871933,0.19910109,0.1907556
0.19954284,0.20140108,0.20875594,0.19872223,0.1915779
0.19908492,0.2007392,0.21001239,0.1991614,0.19100207
0.20496584,0.19390847,0.21546462,0.19549268,0.19016835
0.20139387,0.20053118,0.20830968,0.19923167,0.19053358
0.2027296,0.19985743,0.20856974,0.19801813,0.1908251
0.1987423,0.2010033,0.20845957,0.19945148,0.19234334
0.1990213,0.20121524,0.2086819,0.19923142,0.19185016
0.20596635,0.19560571,0.20879608,0.19907108,0.19056079
0.2010875,0.20016153,0.20955805,0.1985413,0.19065161
0.20024636,0.2007776,0.208801,0.19852404,0.19165097
0.20292383,0.20163016,0.20413221,0.20058851,0.19072528
0.20236528,0.20105074,0.20583177,0.19919457,0.19155768
0.2014303,0.19413978,0.21532878,0.1971142,0.19198693
0.20231245,0.19950277,0.21153533,0.19748765,0.18916184
0.1992567,0.20098023,0.21155195,0.19816366,0.19004746
0.19836518,0.2007035,0.20909111,0.19891843,0.19292173
0.19922422,0.20120245,0.20762339,0.19988108,0.19206885
0.20538475,0.1941329,0.21087943,0.19804096,0.19156197
0.20127346,0.20026405,0.20918964,0.19907932,0.19019349
0.20159887,0.20026514,0.20799448,0.19917725,0.19096434
0.20054649,0.20092605,0.2078182,0.19858886,0.1921204
0.20002772,0.20124446,0.20746897,0.19837496,0.19288392
0.20210148,0.19574441,0.21169785,0.19817469,0.19228156
0.20122372,0.19938761,0.21146509,0.19750255,0.19042106
0.2007964,0.20051667,0.20873635,0.19891724,0.19103333
0.20049107,0.2003036,0.2089222,0.19862513,0.19165799
0.2006754,0.19988507,0.2095773,0.1985557,0.19130658
0.20398577,0.19408354,0.21403877,0.19695726,0.19093469
0.2001095,0.20052713,0.20867881,0.19921154,0.19147305
0.20019133,0.20025475,0.21038067,0.19750391,0.19166933
0.20110682,0.20016648,0.20971507,0.19831443,0.19069725
0.20119539,0.20083646,0.20621061,0.20004998,0.19170754
0.20408969,0.1941188,0.21472493,0.19649982,0.19056682
0.20213813,0.20041166,0.20672725,0.19992864,0.19079429
0.20016064,0.2006053,0.20871782,0.19929378,0.19122249
0.20172557,0.20019959,0.20868479,0.19809984,0.19129023
0.19877525,0.20038664,0.21090922,0.1982222,0.19170669
0.20541763,0.19330914,0.2147915,0.19552453,0.19095722
0.20074366,0.20013647,0.21165189,0.19775799,0.18970998
0.20005372,0.20052223,0.2085654,0.19918846,0.19167016
0.20112428,0.20029205,0.20845993,0.19852518,0.19159855
0.20003189,0.20063964,0.2084782,0.197964,0.19288628
0.20192915,0.19504933,0.21474944,0.19664271,0.19162932
0.20042007,0.20045233,0.21054403,0.1980892,0.19049439
0.19911095,0.2012434,0.20782225,0.200486,0.19133739
0.19967742,0.20106931,0.20796742,0.19906183,0.19222407
0.20108223,0.20033517,0.20803586,0.19890441,0.19164233
0.20358364,0.19408238,0.21368179,0.19751862,0.19113357
0.2020798,0.19886768,0.20941117,0.19861752,0.19102383
0.20040902,0.20005257,0.20914552,0.19945192,0.19094095
0.20139056,0.19946797,0.2102316,0.19739749,0.19151238
0.20056674,0.2002747,0.20865624,0.1984264,0.19207598
0.20321293,0.19408396,0.21504818,0.19672474,0.19093017
0.20163788,0.20004694,0.20905647,0.1986078,0.19065095
0.20098972,0.20010127,0.20963833,0.19799334,0.19127735
0.20073737,0.20053391,0.20753907,0.19923285,0.19195682
0.19948892,0.200958,0.20945263,0.19835499,0.19174545
0.20467527,0.19350496,0.2150598,0.1956454,0.19111453
0.20095873,0.19975519,0.21070057,0.19811682,0.19046867
0.19949827,0.20061922,0.20857653,0.1993937,0.1919123
0.20042096,0.20026237,0.20786609,0.19925083,0.19219977
0.19961852,0.2006684,0.20871653,0.1988251,0.19217145
0.20278867,0.1946346,0.21428847,0.19680321,0.1914851
0.2006942,0.20057029,0.20982344,0.19790883,0.19100322
0.20095432,0.20055914,0.20812854,0.19833167,0.19202629
0.20012182,0.20044962,0.20737034,0.19970305,0.19235517
0.20017222,0.20040244,0.20894186,0.19904537,0.19143812
0.20295191,0.19335763,0.21630873,0.19663374,0.19074799
0.20093338,0.19906913,0.21187274,0.19850092,0.18962385
0.20051107,0.19944066,0.21129319,0.19820617,0.1905489
0.20153758,0.2001858,0.20773867,0.19898577,0.19155219
0.20168932,0.20038748,0.20853989,0.19859514,0.19078821
0.2064347,0.19435246,0.20985906,0.19792546,0.19142836
0.20318273,0.19959778,0.20723705,0.19936621,0.19061625
0.20300727,0.20112121,0.20368089,0.20098671,0.19120392
0.20201471,0.20102508,0.20687166,0.19949345,0.1905951
0.20013647,0.20026489,0.20927809,0.19815052,0.19217005
0.2029036,0.19363712,0.2132963,0.1979717,0.19219126
0.20059997,0.19918795,0.21196169,0.19735861,0.19089179
0.20123687,0.19946824,0.20907448,0.19831364,0.19190672
0.20052044,0.20052423,0.20873688,0.19874974,0.19146872
0.2007505,0.20025326,0.20746654,0.19949135,0.19203833
0.20280889,0.194436,0.21434255,0.19695657,0.19145599
0.20029,0.20026541,0.20897517,0.19896713,0.19150235
0.19958341,0.20081767,0.20772028,0.1989514,0.19292724
0.20073546,0.20063528,0.20718701,0.19853668,0.19290558
0.20048206,0.20065609,0.20689766,0.19980802,0.19215618
0.20415258,0.1931653,0.21596111,0.19630434,0.19041666
0.20029227,0.19950433,0.2108025,0.19901417,0.19038674
0.20030646,0.19964777,0.21043591,0.19897023,0.1906396
0.20112315,0.19903032,0.21097301,0.19810261,0.19077092
0.19984047,0.2006012,0.20706971,0.20030741,0.19218117
0.20345406,0.19356076,0.21504286,0.19640285,0.1915395
0.20110594,0.19976698,0.20854858,0.19884719,0.19173132
0.20254868,0.19967645,0.2079816,0.19860424,0.19118899
0.20263252,0.20010708,0.20609911,0.1997338,0.19142747
0.20004646,0.20122203,0.20673913,0.20102938,0.19096301
0.20235747,0.19411914,0.21519552,0.19773777,0.19059014
0.20264195,0.19907427,0.21011402,0.19790179,0.19026797
0.20054924,0.20043847,0.20875624,0.19910468,0.19115135
0.19927967,0.20054498,0.20736894,0.19938979,0.19341663
0.20101362,0.20002109,0.20822765,0.19847481,0.19226283
0.20323174,0.19368814,0.21389681,0.19764762,0.19153568
0.20206597,0.19941261,0.20841168,0.19882451,0.19128522
0.20021693,0.20044993,0.2072919,0.19990854,0.19213267
0.19942385,0.20109332,0.20704858,0.19955376,0.19288053
0.19834219,0.20190623,0.20701143,0.20053363,0.19220658
0.203574,0.19348371,0.21414132,0.19713677,0.19166419
0.20073819,0.19903801,0.21307017,0.19751169,0.18964191
0.20016038,0.20015028,0.20882054,0.19992892,0.19093996
0.1999531,0.19983925,0.20898472,0.19929296,0.19192998
0.20041794,0.19968416,0.2098435,0.19893487,0.19111949
0.20438793,0.19261298,0.21535009,0.19626354,0.19138546
0.20069477,0.19966279,0.21074829,0.1993872,0.18950696
0.20078078,0.1998607,0.20845963,0.19953443,0.1913645
0.20141605,0.20026273,0.20672101,0.19908567,0.19251458
0.20119974,0.20095643,0.20611812,0.20037657,0.19134909
0.20508495,0.19327381,0.21323703,0.19716516,0.19123907
0.20181414,0.20050794,0.20542124,0.20067564,0.19158112
0.20168848,0.19993879,0.20853658,0.19891849,0.19091761
0.19966523,0.2001089,0.20951693,0.19844198,0.19226697
0.19812533,0.20114872,0.20800701,0.20000893,0.19271004
0.20284626,0.1929267,0.21576373,0.19702297,0.1914403
0.20042948,0.20019148,0.21014214,0.19915034,0.19008656
0.19997312,0.2002772,0.20991263,0.19820388,0.1916332
0.19931585,0.20071498,0.20953359,0.19874854,0.19168705
0.19868813,0.20151247,0.20623796,0.20038062,0.19318086
0.20342986,0.19344158,0.21406056,0.19804475,0.1910233
0.20122223,0.19926374,0.21236978,0.19791503,0.1892292
0.1991575,0.19993165,0.21209657,0.19863501,0.19017924
0.20136043,0.19926934,0.21170707,0.19705474,0.1906084
0.19941267,0.2006521,0.2098035,0.19922858,0.19090314
0.20338811,0.19353114,0.2142054,0.19794208,0.19093329
0.20054272,0.1998115,0.20806481,0.20007746,0.19150351
0.2013886,0.20021747,0.2074817,0.1990748,0.19183746
0.20305173,0.19941445,0.20759302,0.19868083,0.19125995
0.2007985,0.20051795,0.20683134,0.19997467,0.19187756
0.20581058,0.19298945,0.2131546,0.19733228,0.19071311
0.19945161,0.20040378,0.20977977,0.19969362,0.19067116
0.2001651,0.20071611,0.2079812,0.19970052,0.191437
0.20105256,0.2007853,0.20738238,0.19910231,0.19167742
0.20019539,0.20044258,0.20881248,0.19900832,0.19154128
0.2037951,0.19277424,0.2159949,0.19620384,0.19123188
0.20091864,0.19899948,0.21150452,0.19841465,0.19016266
0.19969554,0.20012027,0.20903942,0.19982798,0.19131677
0.2010312,0.19983858,0.20918323,0.19862752,0.19131953
0.20031932,0.20089756,0.20681988,0.19988084,0.19208239
0.20292519,0.19357902,0.21497323,0.1967982,0.19172439
0.20128891,0.19958404,0.20870756,0.19991966,0.19049981
0.20077957,0.20042269,0.20864749,0.19948626,0.190664
0.19950041,0.20129818,0.2082397,0.19945334,0.19150832
0.1979465,0.20211124,0.2079618,0.19988465,0.19209585
0.20367326,0.19209276,0.21611238,0.19658272,0.19153889
0.20032367,0.19975747,0.21005873,0.19955735,0.19030277
0.20008624,0.20067051,0.20705386,0.20063566,0.19155376
0.20100024,0.20008516,0.20759839,0.19992271,0.19139346
0.20167696,0.20025398,0.20718537,0.19942422,0.19145946
0.20574555,0.19402556,0.21028599,0.19897987,0.19096299
0.20180674,0.1995156,0.20820598,0.19959144,0.19088021
0.20021755,0.2000517,0.20937644,0.19936277,0.19099154
0.20112018,0.19961658,0.20880224,0.19853488,0.19192606
0.20165004,0.20080431,0.20558402,0.20026939,0.19169226
0.20565586,0.19197546,0.21148655,0.19712123,0.19376093
0.19914356,0.19945985,0.21201794,0.19832562,0.19105305
0.20079489,0.1995388,0.21011119,0.19817762,0.19137752
0.20075816,0.20014329,0.20862032,0.1988648,0.19161344
0.20064412,0.20079283,0.20629588,0.19985537,0.19241178
0.20136459,0.1939528,0.21304114,0.19891568,0.19272576
0.19963644,0.20068997,0.20847858,0.20028223,0.19091277
0.20056365,0.20020287,0.209057,0.19918026,0.19099618
0.20032085,0.20090562,0.20666611,0.19951423,0.19259316
0.19825365,0.20174783,0.20650731,0.20020814,0.19328308
0.2024921,0.19246554,0.21633296,0.19713995,0.19156945
0.19959052,0.19971511,0.21178941,0.2000648,0.18884018
0.20131269,0.19965819,0.20971708,0.19868815,0.19062388
0.20018272,0.20025666,0.20840551,0.20011619,0.19103892
0.20148903,0.19976202,0.20761211,0.19995937,0.19117743
0.2073989,0.19279934,0.20924631,0.19879383,0.19176167
0.20125486,0.19963606,0.208138,0.20031267,0.19065842
0.20196514,0.19970964,0.2063631,0.20033655,0.19162555
0.20034187,0.20069057,0.20593517,0.20046605,0.19256635
0.20034368,0.20094724,0.20591114,0.2006069,0.19219099
0.20153055,0.19237927,0.21600865,0.19743055,0.19265096
0.20071183,0.19870657,0.21215172,0.19759408,0.19083579
0.19867733,0.20004287,0.21021087,0.19897532,0.19209358
0.19918938,0.20076847,0.20864034,0.1999206,0.19148122
0.1996682,0.20067568,0.20750795,0.1996307,0.19251747
0.20135376,0.19384044,0.21290225,0.19924562,0.1926579
0.1999473,0.19986847,0.21043709,0.19906557,0.19068158
0.19987503,0.1998286,0.2095303,0.1990182,0.19174786
0.19827834,0.20063522,0.20864935,0.2002276,0.19220953
0.20007133,0.20044641,0.20858197,0.1996337,0.1912666
0.20173274,0.19421628,0.21124841,0.19941586,0.1933867
0.20086485,0.2005767,0.20740287,0.19978268,0.19137287
0.20185466,0.19957767,0.20911866,0.19918971,0.1902593
0.19986154,0.20052569,0.20799245,0.19990239,0.19171792
0.19998296,0.20090517,0.20650981,0.20028059,0.1923215
0.2046146,0.19265719,0.21125767,0.19877188,0.19269864
0.20176113,0.19949038,0.20783134,0.2000776,0.19083954
0.20150898,0.19989587,0.20795527,0.19930974,0.1913301
0.20093621,0.20036364,0.20639887,0.19990698,0.19239429
0.19843988,0.2013281,0.2067572,0.2010775,0.19239733
0.20312184,0.19213375,0.21460226,0.19716907,0.19297305
0.20193186,0.2000701,0.20839204,0.19923602,0.19037001
0.200872,0.1996538,0.20842305,0.19958365,0.19146751
0.2013214,0.19970112,0.20799436,0.19936243,0.19162068
0.20080313,0.20024368,0.20668979,0.20017841,0.19208498
0.20349357,0.19259055,0.21158074,0.19926701,0.19306813
0.19994001,0.20036912,0.20955145,0.20012791,0.19001152
0.20043032,0.20072019,0.20571661,0.20130934,0.19182351
0.2005938,0.2008573,0.20552357,0.2004716,0.19255379
0.20006989,0.20024954,0.2083366,0.19984987,0.19149408
0.20195997,0.19387265,0.21285428,0.19798538,0.19332774
0.19987066,0.20090437,0.20846729,0.19960628,0.1911514
0.2006625,0.19974583,0.20948154,0.199773,0.19033712
0.20270225,0.1992259,0.20817506,0.19926344,0.19063333
0.20008855,0.20079304,0.20571005,0.20127924,0.19212918
0.20377167,0.19206366,0.21272671,0.19828296,0.19315504
0.20276994,0.19950527,0.20740803,0.19999366,0.19032316
0.2017972,0.20075867,0.20618792,0.20121554,0.19004066
0.20236057,0.20055069,0.20536454,0.20053948,0.19118476
0.20123069,0.20007709,0.2080349,0.19945636,0.19120093
0.20267452,0.19273715,0.21398565,0.19803083,0.19257186
0.19885841,0.20041874,0.20904903,0.20075396,0.1909198
0.20071417,0.20066476,0.20807584,0.19991134,0.1906339
0.20082799,0.20137899,0.20436755,0.2014135,0.19201195
0.20062868,0.20136379,0.20544288,0.20030002,0.19226468
0.2019365,0.19307902,0.21456696,0.1984611,0.19195643
0.19913797,0.19965081,0.21279281,0.1992091,0.18920933
0.20066085,0.19940427,0.20995921,0.19944581,0.19052984
0.2008216,0.19994211,0.20830028,0.20017728,0.1907587
0.2009143,0.20033811,0.20849384,0.19959405,0.1906597
0.20246899,0.19224848,0.21349402,0.19879654,0.19299191
0.20056579,0.19963174,0.20833372,0.20001869,0.19145013
0.20246366,0.20021902,0.20586817,0.20043482,0.19101433
0.20227443,0.20117363,0.20480803,0.20124698,0.19049697
0.20015153,0.20053701,0.20734556,0.2003169,0.19164899
0.2030082,0.192161,0.21313316,0.19843034,0.19326727
0.20100442,0.19947578,0.20900583,0.19985725,0.19065674
0.2013426,0.20001975,0.20778781,0.19943766,0.19141221
0.19934946,0.20154877,0.2059536,0.20169811,0.19145006
0.20144045,0.20097625,0.20547237,0.20056783,0.19154309
0.2036741,0.19231436,0.21265261,0.19839089,0.19296807
0.20107003,0.19972555,0.20990969,0.1994863,0.18980844
0.19829221,0.20164876,0.2082649,0.20016144,0.19163273
0.19813818,0.20126991,0.20883496,0.20041268,0.19134429
0.19987094,0.19967356,0.21106885,0.19872124,0.19066536
0.20243885,0.1927482,0.21250986,0.19958055,0.19272259
0.20021309,0.19957222,0.21102214,0.1993525,0.18984006
0.1999645,0.20018166,0.20887361,0.20015036,0.19082987
0.19977608,0.20045398,0.20734319,0.20080602,0.19162066
0.20054355,0.20055452,0.20624043,0.20069778,0.19196373
0.20339939,0.19269869,0.2125044,0.198799,0.19259852
0.2024616,0.19918895,0.2089345,0.19927232,0.19014265
0.20172732,0.19989865,0.20790462,0.19985907,0.1906103
0.2010423,0.19972236,0.2076815,0.19946742,0.1920864
0.19837454,0.20090091,0.20763484,0.20048407,0.19260563
0.2007214,0.19291985,0.2132623,0.19949803,0.1935984
0.20041206,0.19948287,0.21053134,0.19933055,0.19024314
0.20033503,0.20022982,0.2081825,0.20017755,0.19107513
0.19959016,0.20119563,0.2066858,0.20075417,0.19177422
0.20012482,0.20115717,0.20551512,0.2007292,0.19247366
0.20258527,0.19310883,0.2132447,0.1980265,0.1930347
0.20126478,0.19976349,0.20855093,0.20018245,0.19023833
0.20034665,0.20032369,0.20750365,0.20031941,0.19150665
0.20058246,0.20071602,0.20713788,0.19955073,0.19201292
0.19887243,0.20065325,0.20801803,0.20094852,0.19150777
0.20287655,0.1910004,0.21479979,0.19883387,0.19248934
0.20047143,0.1998302,0.20821673,0.20079233,0.19068931
0.20097761,0.19977507,0.20779857,0.20008032,0.19136842
0.20151177,0.19998753,0.2081395,0.19978574,0.1905755
0.20165016,0.20046124,0.20578979,0.2014088,0.19069003
0.20623854,0.19219095,0.20890343,0.2000421,0.19262499
0.20109276,0.19995078,0.20765316,0.20101126,0.19029202
0.19971341,0.20031004,0.20881839,0.19998483,0.19117334
0.20015867,0.20092632,0.20619729,0.2007106,0.19200712
0.20165217,0.19996975,0.20776588,0.19939317,0.19121908
0.20177558,0.19268836,0.21282147,0.19864981,0.19406475
0.1997673,0.19940211,0.2117648,0.19901167,0.19005415
0.19892733,0.20092422,0.20655751,0.20155469,0.19203624
0.20155673,0.2006185,0.20565335,0.20028506,0.19188634
0.20112717,0.20076439,0.20666966,0.19994114,0.1914976
0.20539865,0.19195564,0.21075857,0.19909911,0.19278803
0.19952875,0.20033032,0.20970562,0.19995645,0.1904788
0.20113665,0.19976935,0.20843612,0.19967005,0.19098786
0.20119739,0.20039274,0.20688468,0.19964108,0.19188413
0.20016661,0.20165688,0.20466498,0.20123607,0.1922755
0.20130552,0.19182166,0.21347038,0.19955844,0.19384399
0.20036556,0.19955266,0.21195579,0.19919482,0.18893118
0.20129286,0.19984272,0.20922713,0.19937989,0.19025737
0.20120798,0.20051688,0.20676309,0.19986871,0.19164331
0.20052035,0.20040272,0.2081978,0.20050488,0.19037427
0.20608538,0.19219449,0.21025103,0.19900912,0.19246003
0.20133808,0.19995956,0.20782611,0.20075953,0.19011675
0.20176288,0.20085748,0.20417139,0.201803,0.19140527
0.20162575,0.20029432,0.20645057,0.20051666,0.19111274
0.20073535,0.20083258,0.20619221,0.20074973,0.19149017
0.20236225,0.19130859,0.21345925,0.19883639,0.1940335
0.1994979,0.19965789,0.20951384,0.20047572,0.19085468
0.20073195,0.20009053,0.20800683,0.19974078,0.19142993
0.20112213,0.20104021,0.20533638,0.20171016,0.19079112
0.2000737,0.20020649,0.20739616,0.20041053,0.19191314
0.20192799,0.19288075,0.2125299,0.19923913,0.1934222
0.20061357,0.1998601,0.20894256,0.19956696,0.19101684
0.20069158,0.20096187,0.20624994,0.20072511,0.19137149
0.2013636,0.20049466,0.20672451,0.20052998,0.19088732
0.20026983,0.20134899,0.20513579,0.20149703,0.19174837
0.20269513,0.19157189,0.21472378,0.19906904,0.19194017
0.20033342,0.19948812,0.21031536,0.20010877,0.18975434
0.201036,0.19981602,0.20882554,0.20054154,0.18978083
0.2008689,0.20058669,0.20681179,0.20065166,0.19108096
0.20060132,0.20004405,0.20751026,0.2002404,0.19160396
0.20393327,0.19096698,0.21366735,0.19765683,0.19377558
0.20299397,0.19969214,0.20657517,0.20098284,0.18975587
0.20068143,0.1997841,0.20853366,0.20050126,0.19049954
0.20125791,0.19994345,0.20782685,0.1993284,0.19164339
0.20042682,0.20055254,0.2056347,0.20068899,0.19269691
0.20254575,0.19191167,0.213141,0.19903521,0.19336638
0.20190568,0.19898653,0.20958515,0.1993611,0.19016153
0.19990698,0.20087406,0.20682406,0.20091246,0.19148244
0.19991772,0.20134711,0.20474918,0.201574,0.19241199
0.19966659,0.2016065,0.20531224,0.20186801,0.19154665
0.20290269,0.19277039,0.21149139,0.19876361,0.1940719
0.19847247,0.20095801,0.20990734,0.20049751,0.19016466
0.20052072,0.2011367,0.20624387,0.20173608,0.19036266
0.2011148,0.20035776,0.20818771,0.20012368,0.19021608
0.20184597,0.20069212,0.204998,0.2013707,0.19109322
0.20403574,0.1913423,0.2110489,0.19958752,0.19398555
0.2007699,0.19931847,0.20957944,0.2001092,0.190223
0.20055269,0.20038432,0.20549187,0.20167948,0.19189169
0.20149434,0.20113964,0.20409757,0.20222417,0.19104432
0.20078999,0.20088103,0.2053439,0.20131998,0.19166507
0.20428474,0.19201052,0.2104735,0.19991069,0.19332056
0.20165637,0.19910213,0.20947307,0.19960858,0.19015986
0.17250876,0.1993442,0.24192472,0.18832971,0.19789258
0.20109354,0.19867653,0.2116742,0.19938713,0.18916856
0.20092791,0.19895712,0.20924746,0.1999183,0.19094925
0.20452926,0.19095016,0.21081093,0.19906372,0.19464591
0.20149127,0.19920991,0.20876764,0.1999591,0.19057207
0.19897126,0.2005868,0.2092421,0.20068854,0.19051129
0.19982952,0.20033555,0.20903222,0.19960646,0.19119623
0.19977318,0.20048556,0.20804755,0.2002442,0.19144951
0.20405173,0.19211707,0.21089616,0.20020436,0.1927307
0.1996895,0.19995658,0.20984063,0.19985558,0.19065769
0.19799899,0.20150925,0.20794207,0.20123532,0.19131438
0.20058325,0.20104392,0.206687,0.2007002,0.19098566
0.19976482,0.20149885,0.2057398,0.20115462,0.19184192
0.20119686,0.19257957,0.2131913,0.1999842,0.19304805
0.20020467,0.19976841,0.21120365,0.19996245,0.18886088
0.20008442,0.19971882,0.2105128,0.20043753,0.18924643
0.19996923,0.20008893,0.20954509,0.20065862,0.18973814
0.20261621,0.19953229,0.20747209,0.20029728,0.19008215
0.20194633,0.19213331,0.21065581,0.2006524,0.19461213
0.20180751,0.19894148,0.20934114,0.20017028,0.18973958
0.20243794,0.2002259,0.20658872,0.20101379,0.18973364
0.2022538,0.2011184,0.20353211,0.20263994,0.1904558
0.20196457,0.2015426,0.20249465,0.20328948,0.19070868
0.20449784,0.19092555,0.21113327,0.19948411,0.19395924
0.20249942,0.19969928,0.2064205,0.20113853,0.19024223
0.19970457,0.20021528,0.20755039,0.20122804,0.19130173
0.20034015,0.20047851,0.20636898,0.2007692,0.19204317
0.20100403,0.20089671,0.20545429,0.20110232,0.19154264
0.20271473,0.19216473,0.21152587,0.2000996,0.19349505
0.20027426,0.20022073,0.20817633,0.20069756,0.1906311
0.19950952,0.20092739,0.20611043,0.2012146,0.19223806
0.20007105,0.20126241,0.20574325,0.20061228,0.192311
0.19935498,0.20206535,0.20509897,0.20112696,0.19235373
0.20218647,0.19155398,0.21157835,0.20038684,0.19429433
0.19953708,0.20122507,0.20718662,0.20200622,0.19004498
0.20011675,0.20002165,0.2082286,0.20120327,0.19042966
0.20059076,0.20067757,0.2069686,0.2015527,0.19021039
0.20233144,0.1992659,0.20696203,0.20024395,0.19119668
0.20777147,0.1921417,0.20721158,0.20109479,0.19178046
0.19988875,0.20029491,0.2080666,0.20158394,0.1901658
0.20159899,0.2004646,0.20624067,0.20115432,0.1905414
0.20240007,0.20087767,0.20284328,0.20260619,0.19127284
0.20412467,0.19950897,0.20525402,0.19946216,0.19165015
0.20129116,0.19199742,0.2103426,0.20114252,0.19522631
0.20190135,0.19950876,0.2079389,0.20051667,0.1901343
0.20071591,0.20026107,0.20782359,0.20029864,0.19090077
0.20116365,0.19964765,0.20712899,0.20029938,0.19176029
0.20100124,0.20008619,0.2069588,0.20109503,0.19085875
0.203131,0.19205475,0.20954582,0.20159857,0.19366987
0.20179887,0.19933574,0.2090895,0.19995032,0.18982558
0.20209034,0.19935563,0.20867087,0.2002207,0.18966243
0.20054027,0.20047204,0.2076132,0.20014119,0.19123325
0.19796737,0.20204225,0.20712093,0.20146471,0.19140479
0.2029651,0.19162302,0.21083723,0.20087026,0.19370444
0.20258811,0.19922015,0.20779395,0.20052727,0.18987054
0.20318829,0.19935273,0.20543185,0.20084783,0.19117929
0.2012568,0.19977537,0.20923015,0.20048892,0.18924877
0.20213722,0.19997978,0.20677173,0.20067292,0.19043833
0.20555189,0.19308405,0.20582856,0.20283937,0.19269615
0.20175987,0.20064293,0.20619172,0.20136589,0.19003959
0.20094566,0.20065065,0.20653276,0.20130567,0.19056523
0.20117329,0.20019186,0.20626846,0.20157592,0.19079049
0.2018976,0.20040542,0.20432407,0.20210488,0.19126803
0.20275824,0.19150068,0.2109089,0.20077184,0.19406036
0.19943853,0.1998978,0.21083444,0.20025863,0.18957059
0.20112067,0.20013706,0.20649378,0.2012826,0.19096585
0.20094813,0.2007075,0.20589462,0.20119427,0.19125548
0.20012966,0.20147239,0.20455159,0.20236412,0.19148228
0.2026247,0.19210973,0.20924936,0.20114365,0.19487253
0.20058312,0.19988482,0.20721789,0.20102611,0.19128802
0.2007279,0.20021711,0.20744015,0.20071572,0.19089912
0.19943058,0.20060743,0.20771576,0.20114297,0.1911033
0.19967575,0.20198795,0.20477454,0.20163243,0.19192931
0.20276386,0.19062386,0.21363351,0.19966237,0.19331636
0.20000748,0.19907439,0.21215573,0.20085607,0.18790632
0.20280188,0.19879334,0.20645523,0.20084713,0.1911024
0.20088147,0.200653,0.20664553,0.20114823,0.19067177
0.20073852,0.201837,0.20362608,0.20226467,0.1915337
0.20495161,0.19180557,0.20842753,0.20106597,0.19374931
0.20471834,0.19985639,0.20470054,0.2018155,0.18890923
0.20405674,0.19967642,0.20394401,0.20214322,0.19017962
0.20014098,0.20164043,0.20553513,0.20198269,0.19070083
0.2016404,0.20168798,0.20322876,0.20278832,0.19065458
0.2019746,0.19176137,0.21144634,0.2008044,0.19401324
0.2034403,0.19989358,0.20759793,0.19994411,0.18912405
0.20073065,0.20002337,0.20723093,0.20088677,0.19112827
0.20136097,0.20076036,0.20617896,0.20081604,0.19088365
0.20272109,0.20054395,0.20408715,0.20150618,0.19114159
0.20399041,0.19214483,0.20654169,0.20230533,0.19501774
0.2024841,0.19947211,0.20892602,0.19928105,0.18983673
0.19826345,0.20192875,0.20548269,0.2025092,0.19181591
0.20071186,0.20038417,0.206508,0.20132788,0.19106813
0.20146333,0.1995886,0.20653518,0.20103806,0.19137482
0.20422307,0.19105412,0.21186073,0.20082435,0.19203772
0.20162115,0.19955142,0.20809184,0.20102169,0.18971393
0.20219307,0.19933604,0.20726065,0.20071071,0.19049954
0.202699,0.2008578,0.20291965,0.202664,0.19085951
0.20273305,0.19869602,0.2059364,0.20134577,0.19128877
0.20187052,0.19099869,0.21257365,0.20010278,0.19445433
0.20122932,0.19729128,0.2110877,0.20013498,0.19025674
0.2010357,0.1984457,0.20821907,0.20030428,0.19199532
0.19866869,0.20007727,0.20809029,0.20162016,0.19154356
0.2019668,0.20033918,0.20628357,0.20048347,0.19092698
0.20249863,0.19162917,0.2100438,0.20139682,0.19443156
0.20053196,0.20041667,0.20810854,0.20187013,0.18907267
0.20001987,0.20043463,0.20728526,0.20115262,0.19110763
0.20070937,0.20102529,0.20547369,0.2017629,0.19102871
0.20073496,0.20103668,0.20499586,0.2021805,0.19105205
0.20268747,0.19257788,0.20915633,0.20149417,0.19408411
0.19954875,0.2014199,0.20704015,0.20214088,0.18985033
0.2003705,0.20110708,0.20821369,0.20115548,0.1891532
0.20073551,0.20088193,0.20685399,0.20196271,0.18956582
0.20137127,0.19993557,0.20635465,0.20092842,0.19141008
0.20403576,0.19139162,0.20781347,0.20200942,0.1947497
0.2013169,0.19913979,0.20759071,0.20143491,0.19051772
0.20235804,0.19955814,0.20605774,0.20174333,0.19028272
0.20334893,0.20113374,0.2017543,0.2034196,0.19034341
0.20287006,0.19969574,0.20315126,0.20195587,0.19232704
0.20254043,0.19179888,0.20790543,0.20334436,0.1944109
0.20085205,0.19830307,0.20962091,0.1999869,0.19123706
0.20102374,0.2001767,0.20746359,0.20160489,0.1897311
0.20248252,0.19753674,0.20788117,0.19971506,0.19238451
0.2014976,0.1995668,0.20709185,0.20086887,0.19097486
0.2033704,0.19151592,0.20809358,0.2029173,0.19410281
0.20058592,0.19948319,0.20758618,0.2009168,0.19142796
0.19974571,0.20039845,0.20572092,0.20192789,0.19220701
0.19946685,0.20011225,0.20611633,0.20266762,0.19163695
0.20119822,0.19914648,0.20770879,0.20113847,0.19080803
0.20233506,0.19202577,0.20821172,0.2030232,0.19440429
0.20221752,0.19920766,0.20798929,0.20110224,0.18948331
0.20120645,0.20080946,0.20559795,0.2017347,0.19065142
0.20332474,0.2008118,0.20218326,0.20299855,0.19068165
0.20477776,0.19852997,0.20150138,0.2030575,0.1921334
0.20386705,0.19114082,0.20767574,0.20273256,0.19458382
0.20240848,0.199446,0.20530929,0.20283094,0.19000526
0.20310037,0.19752468,0.20653754,0.2012819,0.19155547
0.20216894,0.20005558,0.2055871,0.20118073,0.19100761
0.20181084,0.20003185,0.20478861,0.2016475,0.1917212
0.20432062,0.19137451,0.20598976,0.20318559,0.19512953
0.20062138,0.19794019,0.2107641,0.20115991,0.18951441
0.19926403,0.1995265,0.20858566,0.20142086,0.19120291
0.20051253,0.19918804,0.20914446,0.20116083,0.18999407
0.20235759,0.20027024,0.2059411,0.20153633,0.18989477
0.20599397,0.1915081,0.20498538,0.20337242,0.19414015
0.20099312,0.19686003,0.2099273,0.2006754,0.19154416
0.20124528,0.19693589,0.2073361,0.20151214,0.19297056
0.20332772,0.19911222,0.20279963,0.20282471,0.19193569
0.20437202,0.19656745,0.20295781,0.20286201,0.19324067
0.20300548,0.19175652,0.20708323,0.20293392,0.19522084
0.2007629,0.19926096,0.20873049,0.20175318,0.18949243
0.20130204,0.19960807,0.20628518,0.20185797,0.19094677
0.20139496,0.19959381,0.20609848,0.2014464,0.1914663
0.20105655,0.1999002,0.20473784,0.20219171,0.1921137
0.20289555,0.19270398,0.20558523,0.2032085,0.19560671
0.20222393,0.19992334,0.2077975,0.20110144,0.18895379
0.20095637,0.1998244,0.2067909,0.2021322,0.19029616
0.200167,0.20079298,0.20548359,0.20309173,0.19046469
0.20275365,0.20030849,0.20636037,0.20159453,0.18898292
0.20408212,0.19203858,0.20643032,0.20409378,0.19335522
0.20185573,0.19830595,0.20745113,0.20252259,0.18986459
0.20071144,0.1991762,0.20801842,0.20184764,0.19024633
0.2039013,0.19888237,0.20709293,0.20089467,0.18922874
0.2028972,0.19891147,0.20198426,0.20371923,0.19248782
0.20335197,0.19220494,0.20723727,0.20351797,0.19368781
0.20125565,0.19842532,0.20848334,0.20110378,0.19073188
0.20127477,0.19904043,0.20722614,0.20157295,0.19088566
0.20143981,0.19881386,0.20640174,0.20162524,0.19171937
0.2023349,0.19819649,0.20625444,0.20139657,0.19181763
0.20387681,0.19219966,0.20512427,0.20417659,0.19462265
0.20039582,0.19941835,0.20707987,0.20214885,0.1909571
0.2040176,0.1974375,0.20500253,0.20182265,0.19171971
0.20091966,0.1978433,0.2063111,0.20238411,0.19254182
0.20057708,0.19857103,0.20894288,0.20130445,0.19060457
0.20653592,0.19216453,0.2031304,0.20495977,0.1932094
0.2029269,0.19944412,0.20575272,0.20235133,0.18952487
0.20301199,0.19954544,0.20331721,0.20266318,0.19146217
0.20095633,0.19757171,0.20705724,0.20186014,0.19255452
0.2017232,0.19756165,0.2063836,0.20220931,0.19212227
0.20314473,0.19228731,0.20655254,0.2040165,0.19399893
0.2022023,0.19748744,0.20799874,0.20152514,0.19078638
0.20030868,0.19693768,0.20671569,0.20301858,0.19301942
0.2024609,0.1957044,0.207194,0.2015188,0.19312185
0.20262282,0.19552986,0.20626427,0.20152502,0.19405808
0.20088527,0.19350001,0.20740102,0.20409115,0.19412251
0.2005908,0.1983968,0.21082824,0.20147277,0.18871142
0.20068902,0.19867148,0.20890546,0.20258185,0.18915218
0.20244792,0.19575593,0.20634905,0.20197013,0.19347697
0.20145641,0.19595294,0.20640713,0.20211573,0.1940678
0.20343833,0.19068132,0.2087481,0.20322345,0.1939088
0.20352365,0.19614148,0.20706075,0.20239648,0.1908776
0.19965754,0.19412488,0.20900959,0.20201352,0.19519445
0.19967738,0.19926827,0.20748171,0.20187435,0.19169831
0.20131154,0.19940336,0.20393746,0.2033346,0.19201301
0.20294364,0.19141054,0.20715415,0.20380877,0.19468285
0.20161578,0.19595513,0.20860048,0.20183797,0.1919906
0.2017163,0.19567564,0.20728707,0.20180185,0.19351915
0.20155683,0.20105466,0.20357364,0.20273678,0.19107808
0.2005952,0.19965798,0.20346268,0.20386288,0.19242129
0.2023274,0.19050375,0.20931783,0.20384118,0.19400984
0.20244989,0.19736716,0.20900549,0.20167688,0.1895006
0.203497,0.19759677,0.20558654,0.20255947,0.19076024
0.20391119,0.1988111,0.20179346,0.20392728,0.19155699
0.20354828,0.19489937,0.20133153,0.20488186,0.19533892
0.20324066,0.1912478,0.20670345,0.20417896,0.19462906
0.20055203,0.19721216,0.20914233,0.20206891,0.19102457
0.20189661,0.19721302,0.20684026,0.20182016,0.19222996
0.20096527,0.19818068,0.20519862,0.20297396,0.19268145
0.20086913,0.19813351,0.20366159,0.20366026,0.19367546
0.20276524,0.19222513,0.20601104,0.20563914,0.19335945
0.19817744,0.20002058,0.21029647,0.20288636,0.18861912
0.1993503,0.19982105,0.2092693,0.20289859,0.18866077
0.20212868,0.19762635,0.20631596,0.20242642,0.1915026
0.20228267,0.19835675,0.20096216,0.20491563,0.19348277
0.20494704,0.19101773,0.20567529,0.20412806,0.19423188
0.2007489,0.19641946,0.20799063,0.20281543,0.19202556
0.20214818,0.19456786,0.2067816,0.2020286,0.19447373
0.19841139,0.19595554,0.20783442,0.20278372,0.1950149
0.20045094,0.19693528,0.20450333,0.2033916,0.19471885
0.20425804,0.19181462,0.2045871,0.20508927,0.19425096
0.20074426,0.19777344,0.20875,0.20240472,0.19032761
0.003777293,0.36856434,0.13970608,0.30959526,0.17835702
0.20125516,0.19862042,0.20315321,0.20341505,0.19355619
0.19895573,0.200744,0.20510413,0.20444955,0.19074659
0.20376685,0.19226943,0.20530707,0.20568119,0.19297543
0.20111835,0.19692008,0.20837577,0.20308854,0.19049725
0.20168602,0.19683442,0.2072318,0.20181935,0.1924284
0.20315151,0.19985202,0.20094249,0.20464475,0.19140922
0.20404552,0.19636716,0.20071764,0.2048983,0.19397137
0.20306168,0.19183268,0.20484893,0.20570207,0.19455466
0.2009982,0.19446117,0.20799068,0.20296788,0.19358209
0.20236574,0.1961927,0.20574868,0.20333907,0.19235383
0.20193797,0.19448084,0.20426467,0.20366427,0.19565222
0.20180605,0.19528645,0.20383418,0.20323047,0.19584283
0.2025577,0.19284464,0.20597664,0.20520015,0.1934209
0.20268075,0.1956789,0.20765391,0.2024477,0.1915387
0.19997695,0.19428204,0.20636418,0.2036815,0.19569536
0.20094655,0.19544756,0.20711306,0.20321245,0.19328034
0.20402355,0.19460925,0.20333447,0.20241511,0.19561762
0.2032939,0.19107465,0.20751609,0.20427549,0.1938399
0.20359054,0.19429477,0.2048863,0.20386004,0.19336836
0.20093942,0.19211634,0.20750146,0.20256011,0.1968827
0.2025913,0.19377635,0.20470127,0.2034122,0.19551885
0.20229073,0.1934856,0.2031818,0.20384535,0.19719648
0.20294562,0.19175988,0.20646764,0.20477709,0.19404975
0.19950907,0.1829198,0.18633388,0.20266138,0.22857586
0.20358722,0.20134729,0.1970536,0.20412631,0.1938856
0.20199804,0.20011844,0.20322552,0.2024173,0.19224073
0.20198771,0.20054133,0.20568873,0.2024298,0.18935241
0.20402974,0.19180189,0.20589195,0.20377022,0.19450618
0.20146108,0.19929297,0.20503552,0.20432405,0.1898864
0.20349066,0.19858436,0.20343117,0.2041934,0.19030039
0.2005023,0.19529074,0.20759247,0.20290089,0.19371355
0.20048039,0.1998247,0.20519103,0.20362401,0.19087987
0.20040792,0.19073604,0.20908621,0.20414238,0.19562745
0.19941345,0.1986343,0.21027064,0.2026154,0.18906622
0.20074625,0.19873992,0.20662786,0.20312811,0.19075786
0.20298496,0.19856602,0.20581694,0.20306258,0.18956946
0.20130818,0.19749318,0.20645407,0.20302986,0.1917147
0.20400985,0.19182701,0.20423461,0.20681365,0.19311482
0.20196457,0.20013924,0.20580718,0.20487842,0.18721063
0.20189767,0.19572736,0.20575891,0.20455644,0.19205965
0.20099212,0.19533542,0.20730187,0.2034756,0.19289504
0.2005219,0.19506036,0.2066519,0.20358029,0.19418558
0.20278934,0.19192882,0.20521261,0.20613667,0.19393258
0.19977665,0.19666927,0.21042727,0.20272227,0.19040456
0.19963333,0.19730975,0.20732948,0.20321229,0.19251512
0.19945683,0.1983062,0.20941561,0.20325053,0.18957089
0.20295489,0.19430007,0.20558237,0.20303828,0.1941244
0.20213449,0.19164594,0.20671785,0.2067937,0.19270806
0.20276947,0.1942817,0.20473088,0.20558372,0.19263425
0.20103139,0.19146612,0.20855495,0.2032559,0.19569167
0.20112915,0.19802323,0.20632498,0.20293957,0.19158304
0.20194454,0.19817057,0.20361245,0.20375769,0.19251473
0.20370422,0.19204031,0.20663223,0.20539498,0.19222829
0.19928114,0.201485,0.2061813,0.20442048,0.18863204
0.1983167,0.20256683,0.20725144,0.2044097,0.18745539
0.20134018,0.20113999,0.20554656,0.20437862,0.18759461
0.20232743,0.19887683,0.20170107,0.20509814,0.1919965
0.2034193,0.19188228,0.2064211,0.20599489,0.19228245
0.20127645,0.19885454,0.20644733,0.20394348,0.18947819
0.19935681,0.19769216,0.20763783,0.20401154,0.19130166
0.20108564,0.19736318,0.2041396,0.20417738,0.19323418
0.20162743,0.19799656,0.20290089,0.20411487,0.19336022
0.20404953,0.19216235,0.20453279,0.20742977,0.19182558
0.20025262,0.19773068,0.20623814,0.20472664,0.19105195
0.19901778,0.20133929,0.20655018,0.20497805,0.18811475
0.20055094,0.19960289,0.20531236,0.2053176,0.18921623
0.20235103,0.19801208,0.20248868,0.20516424,0.19198397
0.20287797,0.1915707,0.20727469,0.20616311,0.19211353
0.19978593,0.19867131,0.2080378,0.20443326,0.18907174
0.20204824,0.19794175,0.20365486,0.2046121,0.19174305
0.2000814,0.19929813,0.2052069,0.2042986,0.19111502
0.20143668,0.19807382,0.20165679,0.20573282,0.19309986
0.20473592,0.19253471,0.20417374,0.2070483,0.19150735
0.20152274,0.19779852,0.20462492,0.20524226,0.19081156
0.20062058,0.19736432,0.20560394,0.20444793,0.19196321
0.2014127,0.19909284,0.20469488,0.20478342,0.19001615
0.20377283,0.19692463,0.2022582,0.20392798,0.19311637
0.20326573,0.1912269,0.2077635,0.20615904,0.19158484
0.20178537,0.19642895,0.20712733,0.20436366,0.19029473
0.20233716,0.19758669,0.20377684,0.20474279,0.1915565
0.20279783,0.19665366,0.20183079,0.20519722,0.19352052
0.2021199,0.19688523,0.20080012,0.20553851,0.19465624
0.20369497,0.19344053,0.20303273,0.20780388,0.19202785
0.1989873,0.19980794,0.20483649,0.2056813,0.190687
0.20190494,0.19687507,0.20272116,0.20545305,0.19304574
0.20182693,0.19730625,0.20115198,0.2062022,0.19351266
0.20344898,0.19620273,0.20023438,0.20546336,0.19465056
0.20349367,0.19222413,0.20360485,0.20803595,0.19264138
0.19858408,0.19693123,0.2070622,0.20589812,0.19152436
0.20210233,0.19670351,0.20161824,0.20605047,0.19352546
0.20275068,0.19550696,0.20280375,0.20451091,0.19442771
0.20250253,0.19826251,0.20236494,0.20501846,0.19185157
0.20320804,0.19259936,0.20556474,0.20858057,0.19004732
0.20205975,0.19871509,0.20703214,0.20442066,0.18777235
0.20199421,0.19778323,0.2018366,0.2061975,0.19218849
0.2014698,0.19898577,0.20103341,0.20693047,0.19158053
0.2041023,0.19494689,0.19992515,0.20525257,0.19577312
0.2033128,0.19285826,0.20239638,0.20936179,0.19207078
0.20119075,0.19631426,0.20697995,0.20386574,0.19164929
0.20105356,0.19629622,0.20284416,0.20566078,0.19414532
0.20139806,0.19798303,0.2009616,0.20567705,0.19398025
0.20279898,0.19631444,0.20038012,0.20560983,0.19489662
0.20474319,0.19188422,0.20312132,0.2087246,0.19152667
0.20103931,0.19933917,0.20314926,0.20693795,0.18953432
0.20328788,0.19735557,0.19948983,0.20747861,0.19238812
0.20151387,0.19501272,0.20450786,0.20520458,0.19376098
0.20087914,0.19633776,0.20233157,0.20506705,0.19538446
0.20351419,0.19299616,0.20443858,0.20858525,0.19046582
0.20179453,0.19874066,0.20349011,0.20589414,0.19008057
0.20031013,0.19911875,0.20110257,0.20616665,0.1933019
0.20096253,0.19818418,0.20365722,0.20583549,0.19136055
0.20133863,0.19754791,0.2028831,0.2059669,0.19226342
0.20519373,0.19294631,0.2038606,0.20785303,0.19014636
0.20121406,0.19794632,0.20576838,0.20541257,0.18965872
0.20095016,0.19300972,0.2047043,0.20554818,0.19578767
0.20131195,0.1963898,0.20229666,0.20565471,0.19434689
0.20144215,0.19513792,0.20082025,0.20656043,0.19603923
0.20187235,0.19306089,0.20491287,0.20976335,0.19039053
0.20051114,0.19689089,0.20474327,0.20623389,0.19162081
0.19896626,0.19946533,0.20540553,0.20637478,0.18978809
0.20191318,0.1966372,0.20312713,0.20556496,0.19275753
0.20358944,0.19533639,0.19843493,0.2070559,0.19558334
0.20509149,0.19278441,0.20296714,0.20916663,0.18999036
0.20006597,0.19622266,0.20546348,0.20551299,0.1927349
0.20215225,0.19720088,0.20251444,0.20586424,0.19226818
0.20088679,0.19651166,0.20088029,0.20679146,0.1949298
0.20058678,0.19792323,0.20070438,0.20620461,0.19458097
0.20320903,0.19236378,0.2062789,0.20901997,0.18912832
0.20134746,0.19561715,0.20488432,0.20665523,0.19149584
0.20203051,0.19559409,0.2039319,0.20530853,0.19313501
0.20191154,0.1936537,0.20089848,0.20648874,0.19704752
0.20457177,0.19340779,0.19861339,0.20685482,0.19655226
0.20504224,0.19286035,0.20325327,0.20921399,0.18963018
0.19996475,0.1977818,0.2042496,0.20705058,0.19095324
0.2012446,0.19691451,0.20246606,0.20684035,0.19253449
0.20335504,0.19484876,0.1994629,0.20719197,0.19514133
0.20020778,0.1977185,0.20080675,0.2062517,0.19501528
0.20453247,0.19382079,0.2005803,0.2115995,0.18946697
0.2001873,0.19570811,0.20311739,0.20811133,0.19287583
0.20336579,0.19470575,0.19913687,0.207837,0.19495462
0.20092873,0.19708824,0.20177929,0.20700437,0.1931994
0.2033732,0.1944194,0.19819434,0.2071775,0.19683553
0.20435402,0.19367792,0.20212574,0.21030596,0.18953635
0.19931586,0.20004457,0.20396283,0.20647526,0.19020145
0.19978428,0.20075043,0.2027845,0.20658582,0.190095
0.20289868,0.19575387,0.199635,0.20666492,0.1950475
0.2007607,0.19936901,0.20053917,0.20735346,0.19197762
0.20418859,0.19162849,0.20537418,0.20960897,0.18919982
0.2002288,0.19473438,0.20532496,0.20668721,0.1930247
0.20005672,0.19640608,0.20335394,0.20652843,0.1936548
0.20160742,0.19675599,0.20029184,0.20644611,0.19489865
0.20151184,0.19753493,0.19872022,0.20779939,0.19443361
0.20163651,0.19263764,0.20771065,0.21000983,0.18800537
0.20076868,0.19706787,0.20509674,0.2067268,0.19033991
0.20135285,0.19752905,0.20148431,0.20752306,0.19211075
0.20281689,0.19549467,0.19709913,0.20907693,0.19551241
0.20204674,0.19139138,0.19981125,0.20682341,0.1999272
0.20292224,0.1928877,0.20438407,0.21000718,0.18979879
0.1993047,0.19836098,0.20428383,0.20653576,0.1915147
0.19865437,0.2003648,0.2029662,0.2071753,0.19083932
0.19935794,0.20003456,0.19818148,0.20879622,0.19362977
0.2005764,0.2000879,0.19944483,0.20705816,0.19283274
0.20338826,0.19196016,0.2060007,0.20893164,0.18971927
0.19850752,0.19745128,0.20513238,0.20748138,0.19142742
0.20422693,0.1941314,0.19668534,0.20843007,0.19652624
0.2019895,0.19344905,0.20077501,0.20574382,0.1980426
0.19854331,0.1992008,0.20161265,0.20688623,0.19375703
0.20392403,0.19275181,0.20407237,0.20976396,0.18948786
0.19882837,0.19703417,0.20556535,0.20660645,0.19196561
0.19994253,0.19769241,0.20124596,0.20641209,0.19470702
0.19749497,0.2019035,0.2020543,0.20784785,0.19069938
0.20142464,0.19811295,0.19923966,0.20731583,0.19390692
0.20410343,0.19145307,0.20407829,0.20991133,0.19045389
0.1989081,0.19707939,0.20484214,0.20652705,0.19264328
0.20078279,0.19562748,0.20120789,0.20689683,0.19548501
0.20125072,0.19598357,0.20008165,0.20621313,0.1964709
0.20289078,0.1937045,0.19704857,0.20701586,0.19934027
0.20335275,0.19338802,0.2028296,0.20999382,0.19043577
0.19911844,0.1963048,0.20343143,0.20756279,0.19358253
0.199284,0.19636863,0.20167528,0.20708624,0.19558585
0.20122896,0.19711916,0.19909927,0.2069292,0.19562335
0.20184618,0.1976891,0.19883695,0.20777152,0.19385628
0.2035484,0.19208506,0.20297895,0.21091144,0.19047613
0.2008152,0.19568345,0.20234084,0.20688549,0.19427502
0.2004026,0.1966329,0.20159803,0.20610753,0.19525892
0.2003834,0.19523977,0.19792622,0.2077636,0.19868705
0.20103337,0.19727187,0.1976192,0.20666723,0.1974084
0.20249344,0.19403096,0.20286994,0.21152394,0.18908171
0.19951566,0.19947912,0.20639773,0.20630065,0.18830691
0.20319,0.1943608,0.19834386,0.20698577,0.19711958
0.20250161,0.19548221,0.19928423,0.20593773,0.19679423
0.2019287,0.19292948,0.19751826,0.20723766,0.20038584
0.20412625,0.19192374,0.20231533,0.2105684,0.19106628
0.19888654,0.19742323,0.20353712,0.20650196,0.19365117
0.19931883,0.19878016,0.2008799,0.20639166,0.19462945
0.20138764,0.19561438,0.19763266,0.20695554,0.19840974
0.20075472,0.19767115,0.19837146,0.20678498,0.1964177
0.20653015,0.19260463,0.20083284,0.21155436,0.18847796
0.20094489,0.19292717,0.20216683,0.20733258,0.19662854
0.20248754,0.19325085,0.19796121,0.2077411,0.19855927
0.20307606,0.19156784,0.19643427,0.20765977,0.20126209
0.2018118,0.19333152,0.19707012,0.20663588,0.20115066
0.20274347,0.19179024,0.20374896,0.21142589,0.19029146
0.19957821,0.19903597,0.20259294,0.20719813,0.19159475
0.20063677,0.19754027,0.19882385,0.20712455,0.19587456
0.20060512,0.19655137,0.19588548,0.20780142,0.19915661
0.2026193,0.19463211,0.1954683,0.20794974,0.19933055
0.20744573,0.18832572,0.20364414,0.20866802,0.1919164
0.1998954,0.19681332,0.1998812,0.20864515,0.19476491
0.20140693,0.19412398,0.1961391,0.20960023,0.1987298
0.20040941,0.1942679,0.198978,0.2072526,0.1990921
0.19945389,0.19664763,0.19847588,0.20763615,0.19778644
0.20510449,0.1907269,0.20230553,0.21092473,0.19093834
0.19875677,0.19632752,0.20144144,0.20740202,0.1960722
0.19937466,0.19805558,0.19824807,0.20703481,0.19728686
0.1988661,0.20180663,0.19892927,0.20761845,0.19277954
0.20009665,0.20144007,0.19833279,0.20812492,0.19200553
0.20516212,0.19058242,0.20231035,0.21145166,0.1904935
0.2002406,0.19535516,0.20176296,0.2071282,0.19551307
0.19996648,0.19361925,0.20014556,0.20727247,0.19899623
0.19971015,0.19585769,0.19759178,0.20751776,0.19932263
0.20233536,0.1961607,0.19548984,0.20719416,0.19881994
0.20496301,0.19003192,0.20154351,0.21195887,0.19150263
0.19887462,0.19675903,0.20197327,0.2075509,0.19484216
0.19754155,0.20218456,0.20180148,0.20766819,0.19080427
0.20180616,0.19764559,0.19708304,0.20693322,0.19653201
0.20202267,0.19774541,0.19575877,0.20780823,0.19666488
0.20561683,0.18738143,0.20233297,0.21179189,0.19287683
0.19988933,0.19573732,0.19911316,0.20883472,0.1964255
0.20088936,0.19691767,0.19825263,0.20664735,0.19729294
0.20003077,0.19862069,0.19678928,0.20754413,0.19701512
0.20048247,0.1980937,0.19380005,0.20782936,0.19979444
0.2038913,0.19295709,0.20154187,0.21302088,0.18858883
0.20087317,0.19758643,0.19906951,0.20789137,0.1945796
0.20072652,0.19636118,0.19840461,0.20727459,0.19723304
0.19987299,0.19510297,0.19680563,0.20764825,0.20057015
0.20065501,0.1894762,0.19613987,0.20796585,0.20576306
0.20691602,0.1856847,0.20443772,0.20941734,0.19354425
0.19900545,0.19807422,0.19992802,0.20778748,0.19520484
0.20048296,0.1958504,0.19601583,0.20871615,0.19893463
0.19996244,0.19557811,0.19617094,0.20792349,0.20036502
0.20031652,0.20078693,0.19673443,0.20800968,0.19415246
0.20572601,0.18618035,0.20271927,0.2119959,0.1933785
0.20208909,0.1920011,0.196944,0.20964065,0.19932513
0.19937702,0.19248007,0.19970764,0.20731649,0.20111875
0.20139253,0.20002721,0.19549263,0.20724283,0.1958448
0.20045719,0.19969413,0.19362856,0.20891348,0.19730663
0.20625278,0.18863031,0.20073369,0.2116742,0.192709
0.19693606,0.2010782,0.19884503,0.2089589,0.19418178
0.19823672,0.20308629,0.20053639,0.20803888,0.19010177
0.20179726,0.19449721,0.1934415,0.20910352,0.20116052
0.20105189,0.19976726,0.19409673,0.20851664,0.19656745
0.20623645,0.1865309,0.20225197,0.2118368,0.19314392
0.19865486,0.19978057,0.20078056,0.2070628,0.19372125
0.19928968,0.20254788,0.19538146,0.20862663,0.19415434
0.1987181,0.20249006,0.19377567,0.20893614,0.19608003
0.20024472,0.20212896,0.19353002,0.20910609,0.19499016
0.20339967,0.19025539,0.20477292,0.21251826,0.18905374
0.20056121,0.19917694,0.19972476,0.20903112,0.19150597
0.2007623,0.19305235,0.19525406,0.20908979,0.20184152
0.20206605,0.19585387,0.19174099,0.20987101,0.2004681
0.20277038,0.19641547,0.19397855,0.20732214,0.1995135
0.20576452,0.18571346,0.20217717,0.21226399,0.19408084
0.19906326,0.20198223,0.19875534,0.20857278,0.1916264
0.19916809,0.20472932,0.19501783,0.20892072,0.19216403
0.20116845,0.20018281,0.19129373,0.20894162,0.1984134
0.19936681,0.20354915,0.19329377,0.20955841,0.19423184
0.2053694,0.18398795,0.20297976,0.21245758,0.19520538
0.19967674,0.19939965,0.19778821,0.20836972,0.19476573
0.20232686,0.19609521,0.19236125,0.21033286,0.19888377
0.19949618,0.20275871,0.19407855,0.20827387,0.1953927
0.20188323,0.20709045,0.1937522,0.2071345,0.19013958
0.20661864,0.18186384,0.20282096,0.2123506,0.19634593
0.1978782,0.20145218,0.19863813,0.20974694,0.19228451
0.20031466,0.20521979,0.19275142,0.20886023,0.19285396
0.19972318,0.20659746,0.19556573,0.20877445,0.18933916
0.20230986,0.20244677,0.19137095,0.20887241,0.19500001
0.2035664,0.18136074,0.20618673,0.2120637,0.19682239
0.19807221,0.2055012,0.19803235,0.20977543,0.18861888
0.19944412,0.20118126,0.19418576,0.20942973,0.19575916
0.19956475,0.20799096,0.1916242,0.20953904,0.19128104
0.20145598,0.20756975,0.18989168,0.20880492,0.19227764
0.20297542,0.18868953,0.20352559,0.21343409,0.19137537
0.19923691,0.2017974,0.19695805,0.20910206,0.19290558
0.19854489,0.20784648,0.19434641,0.2090126,0.19024968
0.20019026,0.20485969,0.19234703,0.20936617,0.19323681
0.20119515,0.20068918,0.19046703,0.21022855,0.19742014
0.20473525,0.17716408,0.20524924,0.21262681,0.2002246
0.19875418,0.20623966,0.19797279,0.2082233,0.18881005
0.20136966,0.20634575,0.19261262,0.20859113,0.19108084
0.20068307,0.20732875,0.19154269,0.20895937,0.1914861
0.19879435,0.21122329,0.19316971,0.20919178,0.18762088
0.20403177,0.1806653,0.20510256,0.21301523,0.19718513
0.19882552,0.20010956,0.19684838,0.21002355,0.19419302
0.20009154,0.20587356,0.19406043,0.2084249,0.1915496
0.2014474,0.20666057,0.19119936,0.20863168,0.19206098
0.20033073,0.20876522,0.1901176,0.2090299,0.19175658
0.20223744,0.18537164,0.20339604,0.21420743,0.19478747
0.1974138,0.2092357,0.1990624,0.209297,0.18499108
0.200436,0.20830342,0.19225734,0.20938759,0.18961567
0.2017666,0.20603065,0.19194771,0.20894814,0.19130689
0.20027031,0.20948952,0.18976507,0.21006534,0.19040975
0.20571321,0.17865457,0.20368242,0.21265063,0.19929914
0.19856025,0.20839903,0.19662093,0.20913242,0.18728736
0.19915552,0.21293172,0.19130485,0.20953403,0.18707389
0.19906099,0.21254782,0.19016401,0.20915127,0.1890759
0.20053668,0.20955172,0.18843067,0.20968628,0.19179465
0.20785765,0.17741364,0.20168889,0.21328823,0.19975157
0.20028467,0.20198774,0.19403496,0.21075432,0.19293833
0.19913384,0.20866065,0.19401638,0.2086059,0.18958321
0.19925092,0.2113352,0.18959711,0.21046953,0.18934727
0.19857726,0.21453409,0.18876274,0.20995283,0.18817312
0.20645171,0.180108,0.20138273,0.2139057,0.19815183
0.19699104,0.2122079,0.1980706,0.20974588,0.18298459
0.19923198,0.20918122,0.191421,0.2108751,0.1892907
0.1999923,0.20991786,0.19023801,0.2107725,0.18907934
0.20126614,0.20777957,0.18879604,0.21058705,0.19157118
0.2059438,0.17490852,0.20214237,0.21455899,0.20244634
0.1965565,0.21142478,0.1952151,0.21039957,0.18640411
0.19829564,0.21515293,0.18965603,0.21008714,0.18680829
0.19794957,0.21654822,0.19134514,0.20936644,0.18479063
0.20001398,0.21363874,0.18955393,0.20976017,0.18703319
0.20620698,0.17871599,0.20318899,0.21320817,0.19867986
0.19817185,0.20991987,0.19478048,0.2101182,0.18700959
0.20122509,0.20924607,0.18827847,0.21085554,0.19039486
0.19988987,0.21571445,0.18854988,0.20932436,0.18652149
0.20127779,0.21533549,0.18714796,0.20926718,0.18697158
0.2036751,0.18246078,0.20382883,0.2152857,0.19474958
0.20097794,0.21030776,0.19240335,0.20965365,0.18665734
0.19696078,0.2157623,0.1915224,0.21072644,0.1850281
0.20031406,0.21282381,0.18807155,0.21047615,0.18831444
0.19976285,0.21248153,0.18903847,0.20925097,0.18946613
0.20711851,0.17121083,0.20142072,0.21428059,0.20596938
0.1982415,0.21560986,0.1922206,0.21031015,0.1836179
0.19869554,0.21446958,0.18962611,0.21046412,0.18674465
0.19933452,0.21819782,0.18822545,0.20998813,0.18425408
0.19989234,0.21399033,0.18526141,0.21140498,0.18945101
0.20698164,0.1687538,0.20180695,0.21454944,0.20790815
0.19847259,0.21155019,0.1923671,0.21053602,0.18707408
0.19727558,0.21505804,0.18923749,0.21119542,0.18723348
0.19776294,0.21737655,0.18738261,0.21149132,0.18598658
0.20026402,0.2171325,0.18667126,0.20941554,0.1865167
0.21040735,0.18077382,0.1958648,0.21592282,0.19703119
0.19862598,0.21104322,0.19111603,0.21250576,0.18670897
0.2018512,0.21107921,0.18681015,0.2116609,0.18859853
0.19993848,0.21088262,0.18918271,0.20985669,0.19013952
0.19963753,0.215988,0.18551531,0.21119638,0.18766281
0.21003312,0.16552188,0.20041102,0.21299566,0.21103828
0.19955881,0.19880225,0.19248036,0.21004465,0.19911394
0.19383375,0.20666766,0.18963432,0.2109329,0.19893138
0.19295326,0.20463754,0.18973134,0.21143155,0.20124629
0.19162136,0.20411488,0.18876375,0.21249755,0.20300248
0.19207267,0.2053439,0.18832286,0.21127631,0.20298427
0.1983732,0.2033259,0.18962269,0.20962647,0.19905177
0.19327109,0.2064863,0.18849179,0.21111166,0.20063914
0.19212008,0.20497401,0.18570691,0.21171185,0.20548715
0.19165146,0.20606256,0.18629065,0.21275792,0.20323741
0.19171022,0.20502265,0.1862752,0.21279347,0.20419845
0.19866632,0.20422801,0.18870184,0.20940506,0.19899878
0.19403033,0.20871979,0.18729521,0.21011457,0.19984013
0.19272105,0.2067744,0.18545309,0.21064979,0.20440164
0.19313928,0.20566401,0.18381889,0.21163966,0.20573816
0.19205587,0.20323929,0.18464178,0.21188168,0.20818137
0.19859032,0.20503147,0.18871003,0.20898104,0.19868717
0.19441083,0.20798123,0.18639822,0.20938212,0.20182762
0.1932782,0.20828295,0.18415603,0.21082473,0.20345809
0.19193196,0.20577425,0.18324073,0.21275489,0.20629817
0.19268765,0.20461777,0.18419288,0.21129265,0.2072091
0.19814195,0.20598507,0.18736313,0.20989345,0.1986164
0.1948029,0.20635992,0.18476261,0.21077539,0.20329915
0.19441567,0.20697753,0.18473117,0.20982702,0.20404859
0.19378716,0.20576903,0.18458526,0.21041024,0.20544836
0.19328761,0.20766306,0.1809802,0.21250625,0.20556289
0.19856231,0.20543186,0.18861942,0.2085067,0.19887972
0.1957907,0.20889033,0.18500362,0.21026586,0.20004952
0.19503623,0.20726621,0.18516123,0.20951293,0.20302343
0.19273117,0.20675012,0.18231565,0.21206857,0.20613451
0.19260143,0.20798233,0.1834595,0.21100383,0.2049529
0.19830735,0.20630954,0.18738416,0.20883924,0.19915973
0.19559059,0.20815079,0.18304244,0.21075349,0.20246273
0.19266745,0.20781308,0.18239796,0.21234602,0.2047755
0.192483,0.20707077,0.18416603,0.21084137,0.20543882
0.19329938,0.20635277,0.18500273,0.20986076,0.20548436
0.19948879,0.20658657,0.18826553,0.20741118,0.19824792
0.19533502,0.20692049,0.18469241,0.21031322,0.20273885
0.19476236,0.2064734,0.1859743,0.20905982,0.2037301
0.19219634,0.20536119,0.18287109,0.21177058,0.20780082
0.19300264,0.2058716,0.18382394,0.21059813,0.20670368
0.19798014,0.20649387,0.18821478,0.20795426,0.19935694
0.19572219,0.20760694,0.1843165,0.21009237,0.20226201
0.19537349,0.20651674,0.1836299,0.20978807,0.20469181
0.19282366,0.20384096,0.18467486,0.21109433,0.20756617
0.1943002,0.20522054,0.18399093,0.2097151,0.20677324
0.19851364,0.20656121,0.1864981,0.2089595,0.19946751
0.19377452,0.20942426,0.18391316,0.21065632,0.20223175
0.19351125,0.20583887,0.18674323,0.20862709,0.20527956
0.1920835,0.20633683,0.18486331,0.21039261,0.20632376
0.19321066,0.20362136,0.18386419,0.2105971,0.20870669
0.19825543,0.2069868,0.18781261,0.20819166,0.1987535
0.19618125,0.20767273,0.18492112,0.20884135,0.20238353
0.19516222,0.20650122,0.18599077,0.20820522,0.20414057
0.19278562,0.2064205,0.18278302,0.21128872,0.20672213
0.19378068,0.20648216,0.18392615,0.20965973,0.20615128
0.19756487,0.20709758,0.18885708,0.2074162,0.19906427
0.19532155,0.20753682,0.18612549,0.20830475,0.2027114
0.1934061,0.20668559,0.1849738,0.2094011,0.20553342
0.19313085,0.20418423,0.18470663,0.2097153,0.20826294
0.1921893,0.20664355,0.18427245,0.20983684,0.20705782
0.19779068,0.20721625,0.18855165,0.20709257,0.19934885
0.19571239,0.20840992,0.18613835,0.20754822,0.20219116
0.19401641,0.20376265,0.18650058,0.208759,0.20696135
0.19385582,0.20556317,0.18522197,0.20844147,0.20691757
0.19429019,0.20511436,0.18601261,0.20755093,0.20703189
0.19824292,0.20741962,0.18778203,0.20766698,0.19888845
0.19463915,0.20610517,0.18572883,0.2088989,0.20462796
0.19309944,0.20408729,0.18532701,0.209429,0.20805733
0.19385438,0.20146154,0.18469398,0.20948964,0.21050046
0.19295791,0.20544855,0.18424608,0.20928735,0.20806013
0.19705535,0.20794848,0.18783283,0.20745777,0.19970556
0.19568507,0.20790486,0.18502766,0.2082989,0.20308349
0.19288829,0.20683426,0.18476248,0.20914905,0.20636591
0.1931414,0.20387201,0.18476865,0.20893785,0.20928012
0.19320732,0.20150761,0.18564755,0.20840965,0.21122791
0.19787517,0.20733781,0.18813689,0.20708312,0.199567
0.1950771,0.20637746,0.18740782,0.20709556,0.20404208
0.1929704,0.20281206,0.18591306,0.20907971,0.20922479
0.1941792,0.20727505,0.18398035,0.20872101,0.2058444
0.19213732,0.2040597,0.18432319,0.20990188,0.20957789
0.19832633,0.20755683,0.18818124,0.20665401,0.1992816
0.19589189,0.20613115,0.1862707,0.20706517,0.20464113
0.193193,0.2052485,0.18518786,0.20898093,0.20738971
0.19258548,0.20195921,0.18632941,0.20831446,0.21081145
0.19189936,0.20649268,0.18376446,0.2097407,0.20810279
0.19877063,0.2078606,0.18695435,0.20667551,0.19973885
0.19391586,0.20745368,0.18594941,0.20810129,0.20457973
0.193358,0.207374,0.18569921,0.20770554,0.2058632
0.19329001,0.20477995,0.18613653,0.20773451,0.20805903
0.192571,0.2033637,0.18583515,0.20831613,0.20991401
0.1983751,0.20730436,0.18927996,0.20558147,0.19945909
0.19517979,0.20615189,0.1878454,0.20624265,0.20458028
0.19338891,0.20326248,0.1866797,0.20768707,0.20898187
0.19370274,0.20659533,0.18445925,0.20805377,0.20718889
0.19287089,0.20477454,0.1855503,0.20795809,0.20884618
0.19897878,0.20745823,0.18694305,0.20649353,0.20012642
0.194365,0.20674227,0.18564591,0.20777108,0.20547572
0.19275028,0.20631924,0.1855207,0.20821226,0.20719759
0.19436228,0.20195036,0.18576142,0.207474,0.21045196
0.1929829,0.1991501,0.18675497,0.20730911,0.21380293
0.19814582,0.20774353,0.18772851,0.20598519,0.20039694
0.19567172,0.20519508,0.1889638,0.2050102,0.20515919
0.19536552,0.20297976,0.18731321,0.20611468,0.20822683
0.19446404,0.20549875,0.18543644,0.2068624,0.20773837
0.19342364,0.2043498,0.18554957,0.20745991,0.20921706
0.19809392,0.2077755,0.18902996,0.20546147,0.19963913
0.1955017,0.2072096,0.18674152,0.20643027,0.20411688
0.19394746,0.20567663,0.18555607,0.20722692,0.20759286
0.19249193,0.20137785,0.18546033,0.20837519,0.21229468
0.19356078,0.20059143,0.18621816,0.20718883,0.21244077
0.19836636,0.20783238,0.18742688,0.2056802,0.20069413
0.19545242,0.20552938,0.18729109,0.20620532,0.20552176
0.19507392,0.204734,0.18677229,0.20642711,0.20699267
0.1936117,0.20560357,0.18408611,0.20813644,0.20856217
0.19323587,0.2039246,0.18391228,0.20863353,0.21029375
0.19625196,0.20832439,0.1889416,0.20673259,0.19974951
0.19579665,0.20705397,0.18548028,0.20683455,0.20483455
0.19266014,0.20442623,0.18689255,0.20699309,0.209028
0.19420849,0.20352805,0.18659467,0.20647271,0.20919609
0.19294664,0.2061197,0.18396194,0.20815286,0.20881882
0.19877772,0.20794918,0.18817903,0.2054125,0.19968158
0.19543916,0.20549867,0.18769473,0.20597985,0.20538759
0.19443849,0.202018,0.18623364,0.20687953,0.21043035
0.19293244,0.20534307,0.18544602,0.20734721,0.20893128
0.19445242,0.2049432,0.18554091,0.20679434,0.20826918
0.20054024,0.20731091,0.18875392,0.20407003,0.1993249
0.1950966,0.20657961,0.18674482,0.20605454,0.2055244
0.19451305,0.20613858,0.18516484,0.2070401,0.20714344
0.19429044,0.20158468,0.18569283,0.20699246,0.21143961
0.1945351,0.20652005,0.18553409,0.20631056,0.20710023
0.20020343,0.20719226,0.18876687,0.20441973,0.19941771
0.19703028,0.20626567,0.1876671,0.2049569,0.2040801
0.19441304,0.20294407,0.18784162,0.20563969,0.20916155
0.19333248,0.2074272,0.18589704,0.20700629,0.20633699
0.19438703,0.20299752,0.18522474,0.20666957,0.21072112
0.19966155,0.20761706,0.18761478,0.20500565,0.20010094
0.19559963,0.2072217,0.18662168,0.2060605,0.20449644
0.19476219,0.20611079,0.18623453,0.2061299,0.20676261
0.19632298,0.20237838,0.1862864,0.2053432,0.20966902
0.1933554,0.20490383,0.18388933,0.20785275,0.20999871
0.1988099,0.20733751,0.18966399,0.20441248,0.19977613
0.19594282,0.20366278,0.18738525,0.20578885,0.20722033
0.19303915,0.20793591,0.18570253,0.20714194,0.20618044
0.19368407,0.2049489,0.18389076,0.20802331,0.20945296
0.19429415,0.20376354,0.18569925,0.20666867,0.20957437
0.20047075,0.20715836,0.18852359,0.20431349,0.1995338
0.19747739,0.20787413,0.1863706,0.20546053,0.20281734
0.19558246,0.2044239,0.18729167,0.2050355,0.20766649
0.1953828,0.20617628,0.1854183,0.20541185,0.20761074
0.19363308,0.20524472,0.18454754,0.20700428,0.20957042
0.1998254,0.2075629,0.1901345,0.2039559,0.19852133
0.19568427,0.20383377,0.18694219,0.20617196,0.20736781
0.19525246,0.20606118,0.18597066,0.2055926,0.20712312
0.19374573,0.20554794,0.18653637,0.20645016,0.20771977
0.1939378,0.2029409,0.18569288,0.20680222,0.21062621
0.19967307,0.20719713,0.18966761,0.20383961,0.19962257
0.19563013,0.20436233,0.1861947,0.2063721,0.20744073
0.19764255,0.20406353,0.18669766,0.20425184,0.20734444
0.19331892,0.20605256,0.18693163,0.20602173,0.20767514
0.19386551,0.20350356,0.18451291,0.20706905,0.21104895
0.20046818,0.20705107,0.18943952,0.20353565,0.19950558
0.19637582,0.20743775,0.18602946,0.2060162,0.20414072
0.19610779,0.20511778,0.18589237,0.20557207,0.20730998
0.19360028,0.20606188,0.1840692,0.2069734,0.20929524
0.19563158,0.2060757,0.1849016,0.20616795,0.20722319
0.20040525,0.20724414,0.188416,0.20429769,0.19963697
0.19720463,0.20826623,0.18651228,0.20519961,0.20281726
0.19373618,0.20568603,0.18636386,0.20611551,0.20809835
0.19453605,0.20275298,0.18686388,0.20549469,0.21035239
0.19497146,0.20674346,0.18392791,0.20637624,0.20798095
0.20043613,0.20720458,0.18942091,0.20382437,0.19911401
0.19553319,0.20561413,0.18865728,0.20503518,0.20516026
0.19533768,0.20177785,0.18708362,0.20543154,0.2103693
0.19391082,0.2051402,0.18510902,0.20712268,0.20871726
0.19488351,0.20328656,0.18608573,0.2058045,0.2099397
0.2003308,0.20692384,0.1896028,0.20340332,0.19973922
0.1963842,0.20635384,0.18905981,0.20432033,0.20388182
0.19529313,0.20231187,0.18836765,0.20455101,0.20947629
0.19562426,0.20561376,0.18529128,0.20567241,0.2077983
0.19314794,0.20280045,0.18517911,0.20695715,0.21191534
0.19942993,0.20722578,0.19019383,0.20377794,0.19937256
0.1960583,0.2069229,0.18900475,0.20437941,0.20363459
0.1957579,0.20425287,0.18807523,0.20432903,0.20758496
0.194572,0.20458913,0.18671651,0.20506027,0.20906207
0.19407947,0.20432073,0.18506067,0.20679645,0.20974265
0.20179312,0.20678592,0.18883875,0.20310104,0.1994812
0.19516157,0.20704608,0.18825102,0.20522352,0.20431781
0.19593075,0.20443732,0.18731944,0.20456626,0.20774622
0.19506364,0.2062913,0.18494737,0.20607302,0.2076247
0.19518228,0.20420393,0.18439572,0.2058997,0.2103184
0.20206857,0.20666526,0.18855868,0.20347549,0.19923198
0.19657657,0.20803344,0.18864939,0.20403387,0.20270678
0.1953349,0.2048863,0.18733098,0.20473298,0.20771487
0.19448334,0.20212373,0.1870878,0.20560703,0.21069813
0.19453685,0.20594662,0.18522507,0.20573421,0.20855725
0.20066431,0.20662524,0.18992442,0.20341091,0.19937514
0.19534256,0.2045318,0.18946964,0.20496416,0.20569186
0.19458002,0.20543776,0.18696296,0.20531774,0.2077015
0.19430052,0.20436855,0.18712536,0.20531973,0.20888583
0.19494179,0.20133375,0.18716672,0.20502567,0.21153204
0.19980702,0.2068682,0.18978834,0.20386638,0.19967006
0.19786587,0.20601994,0.18799184,0.20416035,0.203962
0.19662571,0.20262729,0.18759848,0.20464112,0.20850736
0.19421679,0.20554082,0.18667528,0.20560235,0.20796475
0.19362105,0.20197368,0.1851769,0.20712459,0.21210377
0.20120825,0.20711812,0.188593,0.20416431,0.19891635
0.1965622,0.20575267,0.18850587,0.20435295,0.20482635
0.19698258,0.20588642,0.18724725,0.20458052,0.20530324
0.19602688,0.20550591,0.18533032,0.20523737,0.20789954
0.19562556,0.204657,0.18533616,0.20571557,0.20866573
0.20287211,0.20616198,0.19036569,0.20171186,0.19888833
0.19611815,0.2073708,0.18801355,0.20479336,0.20370416
0.19625041,0.20355776,0.18707144,0.20475225,0.20836814
0.1959426,0.2018996,0.18726134,0.20481132,0.21008514
0.19534732,0.2052835,0.18563014,0.20521306,0.20852594
0.20325696,0.20571764,0.190392,0.20167938,0.19895402
0.19745581,0.20723447,0.18885572,0.20333405,0.20311993
0.19671625,0.20737578,0.18764511,0.20417866,0.2040842
0.19611038,0.20087776,0.18614231,0.2051889,0.21168062
0.19411838,0.20572874,0.18552504,0.20584409,0.20878373
0.20178705,0.20591927,0.1912997,0.20191482,0.19907919
0.19623019,0.20440252,0.18999897,0.20393443,0.20543386
0.19650386,0.20640886,0.1864862,0.20441827,0.20618284
0.19518977,0.20278123,0.18658906,0.20494398,0.21049596
0.19588609,0.20033965,0.18625182,0.204639,0.21288344
0.20156898,0.20638068,0.18894643,0.20376827,0.19933568
0.19746181,0.20321369,0.18891832,0.20317465,0.20723152
0.19474854,0.20238435,0.1882809,0.2049985,0.20958771
0.195216,0.20424841,0.18644223,0.20485531,0.20923804
0.19490556,0.20381121,0.185769,0.2058044,0.20970985
0.20208722,0.20619388,0.18999252,0.20258996,0.1991364
0.19766027,0.20555386,0.18898171,0.20352083,0.20428333
0.19530606,0.20410219,0.18848833,0.2043683,0.20773512
0.19574614,0.204279,0.1861563,0.20463316,0.2091854
0.19491349,0.20255154,0.18602732,0.20498146,0.21152617
0.20138267,0.20627895,0.19107185,0.20256972,0.1986968
0.1964184,0.20535477,0.18836305,0.20483796,0.20502578
0.19577248,0.20489147,0.18853235,0.20375231,0.20705141
0.19292875,0.2055258,0.18728544,0.20513788,0.20912212
0.19467503,0.20222208,0.18572208,0.20549959,0.21188124
0.20175445,0.20598644,0.19189684,0.20241357,0.19794868
0.19644004,0.20660685,0.1898164,0.20336774,0.20376895
0.19492267,0.2049852,0.1881581,0.2045073,0.20742676
0.19387996,0.20614018,0.1864909,0.20520417,0.2082848
0.19409804,0.201622,0.18536267,0.20582041,0.21309686
0.20165338,0.20578949,0.1926817,0.20203158,0.19784386
0.19582573,0.20666869,0.19069362,0.2032649,0.20354703
0.19681902,0.20374316,0.18738514,0.20373586,0.20831683
0.19547862,0.20463742,0.18574038,0.20473832,0.20940527
0.1969121,0.20210275,0.1870969,0.20348929,0.210399
0.2013505,0.20540902,0.19143105,0.2022115,0.19959794
0.19683641,0.20533422,0.19145298,0.20273913,0.20363727
0.19635494,0.2032224,0.18906178,0.20367835,0.20768252
0.19360398,0.20547722,0.1874258,0.20507593,0.20841704
0.195467,0.20175704,0.18759826,0.20411813,0.21105951
0.20053111,0.20581448,0.19173653,0.20246165,0.19945621
0.19969988,0.20501472,0.19013122,0.20174365,0.20341054
0.1975086,0.20296437,0.18846232,0.20330895,0.20775577
0.19516149,0.20416771,0.18655439,0.2048953,0.20922111
0.19404116,0.20179948,0.18822764,0.20408642,0.2118453
0.20318861,0.20514028,0.19126621,0.20204078,0.19836412
0.19821355,0.20546101,0.19115952,0.20226757,0.20289834
0.19431293,0.20268078,0.18832722,0.2047925,0.2098866
0.19545329,0.20447026,0.18721874,0.20417601,0.20868166
0.19803809,0.2051983,0.18639424,0.20220341,0.20816596
0.20294005,0.20521493,0.19155148,0.20189442,0.19839911
0.19848685,0.20385893,0.19215168,0.20132,0.20418255
0.19442466,0.20679142,0.18765342,0.20443289,0.20669766
0.19251767,0.20351432,0.18775651,0.20548901,0.2107225
0.19405824,0.2083405,0.18606845,0.20473176,0.20680106
0.20243928,0.20556562,0.19074659,0.20328619,0.19796236
0.19661342,0.20514783,0.19246462,0.20222752,0.20354663
0.19511825,0.20692864,0.18904673,0.20286673,0.20603965
0.19403788,0.20341031,0.18810426,0.20375882,0.21068874
0.19174857,0.20202059,0.18713352,0.20617215,0.21292514
0.20448427,0.20445126,0.19352633,0.20056196,0.19697616
0.19687086,0.2057333,0.19184333,0.20296489,0.2025876
0.19370157,0.20765187,0.18660079,0.20542967,0.2066161
0.19591215,0.20461577,0.1882838,0.20265229,0.20853601
0.1939,0.19474284,0.18530032,0.20546848,0.22058836
0.20072344,0.20626824,0.19259544,0.20355804,0.19685484
0.18752533,0.07999921,0.1600582,0.21785998,0.35455728
0.19404903,0.2022088,0.18093358,0.20655522,0.21625336
0.19284666,0.19949071,0.18603303,0.20496716,0.2166625
0.1927266,0.20590238,0.18461408,0.2051325,0.21162447
0.20139264,0.20567462,0.19173278,0.20248598,0.19871399
0.1945822,0.20825085,0.1893916,0.2041096,0.20366575
0.19420268,0.20836228,0.18608594,0.20514481,0.2062043
0.1917493,0.20232102,0.18583968,0.20628268,0.21380733
0.19320995,0.19947445,0.18771851,0.20426437,0.21533266
0.20336302,0.20533864,0.19148049,0.20247927,0.19733858
0.19672005,0.2080197,0.19077891,0.20206237,0.20241894
0.19299863,0.20422243,0.18632425,0.20514148,0.21131317
0.19179547,0.20213328,0.18654,0.2053978,0.21413343
0.19260485,0.20138364,0.18729377,0.20470959,0.21400811
0.20309356,0.20549391,0.1897282,0.204039,0.19764534
0.195619,0.20962417,0.19383942,0.20167261,0.19924474
0.19082665,0.20817518,0.1890549,0.20501603,0.20692722
0.19309974,0.2030758,0.18733549,0.20422187,0.21226709
0.1917939,0.2037265,0.18800345,0.20473179,0.2117444
0.20209064,0.20585988,0.1924568,0.20312521,0.19646746
0.19506074,0.20835772,0.19248062,0.20189063,0.20221026
0.19155952,0.20765798,0.18853694,0.20478606,0.20745951
0.19308586,0.20332873,0.1890823,0.2028538,0.2116493
0.19188261,0.20018917,0.18788601,0.20426336,0.21577884
0.20024236,0.2067719,0.19128732,0.20415457,0.19754386
0.19262461,0.20547682,0.1912653,0.20329283,0.20734046
0.19029602,0.2067392,0.19021706,0.20397654,0.20877117
0.192688,0.20350206,0.18831176,0.20340133,0.21209681
0.19249244,0.20115928,0.18841814,0.20363428,0.21429585
0.20078146,0.20668475,0.19136897,0.20358315,0.19758165
0.19396377,0.20710923,0.19263637,0.201939,0.20435168
0.18937206,0.20821248,0.18907894,0.20481458,0.20852193
0.19136955,0.20397994,0.18880802,0.20308304,0.21275944
0.1894674,0.20227608,0.18787898,0.20511687,0.21526067
0.2017175,0.2069157,0.19122358,0.20353079,0.19661245
0.1905338,0.20813783,0.19248438,0.20322478,0.20561928
0.19101128,0.20835909,0.18961048,0.20314853,0.20787065
0.18838206,0.20484869,0.18840593,0.20469455,0.21366884
0.19071244,0.20203732,0.18814085,0.20354864,0.21556081
0.20070924,0.20704645,0.18884292,0.20514116,0.19826025
0.19531254,0.20700124,0.19211754,0.20073922,0.20482945
0.19036421,0.20327939,0.1912732,0.20298275,0.21210045
0.19039586,0.20602761,0.18788381,0.20377189,0.21192084
0.18735437,0.20718206,0.18790847,0.20544337,0.21211177
0.20482166,0.20548269,0.19094242,0.20258842,0.1961648
0.18925093,0.2105989,0.19093864,0.20472284,0.20448871
0.1883287,0.20554997,0.19103791,0.20384698,0.21123643
0.18864025,0.2080811,0.18795158,0.20361012,0.21171698
0.18811105,0.21096513,0.18818507,0.2044597,0.20827906
0.20183177,0.20700462,0.19217111,0.20305793,0.19593456
0.18867508,0.21290983,0.19139603,0.20434147,0.20267758
0.1876712,0.20947528,0.19096793,0.20365633,0.20822927
0.18815848,0.20531651,0.19147132,0.20240694,0.21264674
0.18549924,0.21193722,0.1865587,0.20554398,0.2104609
0.19810954,0.20918246,0.19119194,0.20663214,0.1948839
0.20364583,0.19680649,0.19890802,0.20476569,0.19587396
0.1997268,0.19935194,0.19711383,0.20575038,0.19805706
0.19835341,0.2003755,0.19540124,0.2066401,0.19922976
0.19696951,0.20076877,0.19618823,0.20676424,0.19930927
0.19708495,0.19985236,0.19536127,0.20702288,0.20067854
0.20235002,0.19921723,0.1978206,0.20457414,0.19603802
0.19809692,0.20293581,0.19477375,0.20586671,0.19832684
0.19811185,0.20166478,0.1943568,0.20643607,0.19943051
0.19786693,0.2009237,0.19197918,0.20634598,0.20288424
0.19698775,0.20085965,0.19216806,0.20844421,0.20154037
0.20139845,0.19914152,0.19746028,0.20452474,0.19747503
0.19869444,0.20264809,0.19546108,0.20513856,0.19805785
0.19869483,0.2015452,0.1922985,0.20572363,0.20173784
0.19813351,0.2022265,0.19419573,0.20534773,0.20009655
0.19756389,0.20245984,0.19256206,0.20706466,0.20034954
0.20279063,0.2000177,0.1968278,0.20354107,0.19682276
0.19968106,0.20427184,0.19483729,0.20433845,0.1968714
0.19872838,0.20322312,0.19155428,0.20577034,0.20072389
0.19799577,0.20376313,0.19168559,0.20673028,0.19982526
0.19795777,0.20299886,0.19159761,0.2070259,0.20041984
0.20280628,0.20064566,0.19524212,0.20381407,0.19749185
0.20056935,0.20460261,0.19359966,0.20471263,0.19651572
0.19711865,0.20373262,0.19295618,0.20674297,0.19944957
0.1975112,0.20402466,0.19303,0.2059183,0.19951588
0.19739711,0.20435515,0.19143465,0.20562646,0.20118666
0.20188361,0.20179658,0.19584714,0.20393518,0.1965375
0.20101462,0.20428425,0.19262846,0.2050134,0.19705932
0.19814652,0.20436586,0.19170275,0.2049585,0.20082638
0.19856697,0.20329885,0.19100222,0.20536482,0.20176712
0.19823414,0.20455551,0.18919747,0.20649192,0.20152096
0.20319414,0.20116739,0.19536829,0.20305905,0.19721112
0.19986218,0.20468797,0.19022122,0.20586775,0.19936089
0.19999672,0.2043929,0.19089371,0.205403,0.19931367
0.19896305,0.20474306,0.18956116,0.20571952,0.20101322
0.19872689,0.2046345,0.18986444,0.20576899,0.20100513
0.2042667,0.20222163,0.19520043,0.2027576,0.19555365
0.19999987,0.20506643,0.19211303,0.20444453,0.19837612
0.19981578,0.20516914,0.19114004,0.20400405,0.19987099
0.19951433,0.20491715,0.19060439,0.20470591,0.20025821
0.19830456,0.20503582,0.19057241,0.20567034,0.20041683
0.20512204,0.20213859,0.19418512,0.20277326,0.19578099
0.20100313,0.20554926,0.19262013,0.20359166,0.19723584
0.19847864,0.20535523,0.19095632,0.20497335,0.20023645
0.1986873,0.20523764,0.19040614,0.20550011,0.20016883
0.19909275,0.20407131,0.19189301,0.20409167,0.2008513
0.2040068,0.20272931,0.19508253,0.20272271,0.19545864
0.20018297,0.20526953,0.19233797,0.20438714,0.19782235
0.19885415,0.2050252,0.19133212,0.20446835,0.20032017
0.19883323,0.20640814,0.19019195,0.20491028,0.19965637
0.19858012,0.20570679,0.18978822,0.20538703,0.20053782
0.20365578,0.20311603,0.19531749,0.20234606,0.19556463
0.20136559,0.20671216,0.19135109,0.20384137,0.19672981
0.20052898,0.20653012,0.19095849,0.2037461,0.19823629
0.20060255,0.20615132,0.18878815,0.20487903,0.19957896
0.19993724,0.2064828,0.19017117,0.20437868,0.19903012
0.2054364,0.20288378,0.19408153,0.20173408,0.19586422
0.201588,0.20658347,0.19127016,0.20395102,0.19660737
0.19973548,0.20643173,0.19007728,0.20473954,0.19901599
0.19960836,0.20501739,0.18969627,0.20478956,0.20088841
0.19802125,0.20650178,0.1906859,0.20535383,0.19943723
0.20492852,0.20285907,0.19328701,0.20236467,0.19656071
0.20074937,0.20621799,0.19191688,0.20381893,0.19729681
0.20251729,0.20558304,0.19243652,0.20179686,0.19766636
0.19916825,0.20638257,0.19116406,0.20370631,0.19957878
0.20107466,0.20599294,0.19139364,0.20265538,0.19888338
0.20412192,0.2038506,0.19332556,0.20296887,0.1957331
0.20333621,0.20658585,0.19145648,0.20259672,0.19602473
0.20180662,0.20562358,0.19018964,0.20383826,0.1985419
0.19953237,0.20654482,0.18963264,0.20463012,0.19966
0.20052047,0.20665473,0.19038495,0.20346388,0.19897598
0.20538394,0.2034712,0.1930762,0.20232838,0.19574025
0.20368871,0.20605522,0.19211702,0.2018683,0.19627072
0.20211515,0.20617597,0.19013561,0.20317757,0.19839571
0.1995112,0.20632395,0.19195992,0.20322157,0.19898328
0.200868,0.20569657,0.1914775,0.20279063,0.19916731
0.20510751,0.2037791,0.19413705,0.20142084,0.19555546
0.20162423,0.2058273,0.19290881,0.20257339,0.19706628
0.2002287,0.20578977,0.1913539,0.20375614,0.1988715
0.19981498,0.20671713,0.19074303,0.2034915,0.1992334
0.19937697,0.20591122,0.19054857,0.20372391,0.2004393
0.20606507,0.2034827,0.1912538,0.20301309,0.1961854
0.20257522,0.20659292,0.19156273,0.20245112,0.19681802
0.2011565,0.20716864,0.18965566,0.20379229,0.19822691
0.20107886,0.20575406,0.18990147,0.20343886,0.19982673
0.19996314,0.20527259,0.19068404,0.2035135,0.20056675
0.20587991,0.20329396,0.19416186,0.20124553,0.19541878
0.20159626,0.20627011,0.19265543,0.20259367,0.19688454
0.20037001,0.20569058,0.19158873,0.20294282,0.19940783
0.20022288,0.20729803,0.18838279,0.20481479,0.19928148
0.2000174,0.20583177,0.18966764,0.20402616,0.20045702
0.20650442,0.20280081,0.19407429,0.20035549,0.19626503
0.20298536,0.2059717,0.1924844,0.20155975,0.19699878
0.20037946,0.20601578,0.19077928,0.20328555,0.19953991
0.1997955,0.20496373,0.19104432,0.2034738,0.20072263
0.20016989,0.20531154,0.19080684,0.20323709,0.20047465
0.20571397,0.20316713,0.19399196,0.2010542,0.19607273
0.20524402,0.20567478,0.19161299,0.20120175,0.19626643
0.2017385,0.20574786,0.1914687,0.20245118,0.19859374
0.20091859,0.20627955,0.1905284,0.20305982,0.19921362
0.20048545,0.20597291,0.1895632,0.20374931,0.20022915
0.2055569,0.2035428,0.19345264,0.20124511,0.19620258
0.20196323,0.20665126,0.19170424,0.20295478,0.19672646
0.20124282,0.20631942,0.19196872,0.20226222,0.19820681
0.20058465,0.20455728,0.19287764,0.2019201,0.20006028
0.20064521,0.20673272,0.18982898,0.20341669,0.1993764
0.20584992,0.2031302,0.19472651,0.20070055,0.19559284
0.20270354,0.20662384,0.19150063,0.20224069,0.19693132
0.20030746,0.2073537,0.19103618,0.2034182,0.19788446
0.20138854,0.20576116,0.19260587,0.20171632,0.19852816
0.20124699,0.20506504,0.19309719,0.2012301,0.19936065
0.20746109,0.20256507,0.19463086,0.20000316,0.19533978
0.20357396,0.20579077,0.1936427,0.20120908,0.19578347
0.20256609,0.20602065,0.1928117,0.20162526,0.19697627
0.20189968,0.20610191,0.19132595,0.20166087,0.19901162
0.20183259,0.2069118,0.1910405,0.20266479,0.19755031
0.2064241,0.20308013,0.19424565,0.20083608,0.19541407
0.2044491,0.20615743,0.19329679,0.20086847,0.19522819
0.20200917,0.20581296,0.19254385,0.20151082,0.19812323
0.20199157,0.20714381,0.19072594,0.20252459,0.19761407
0.20095058,0.20689873,0.19004273,0.2034185,0.19868942
0.20641808,0.20365442,0.19371997,0.20091528,0.19529222
0.20334439,0.20687748,0.19280991,0.20161323,0.19535498
0.20174073,0.20721576,0.19160666,0.20230934,0.19712755
0.20226437,0.20649037,0.19123256,0.20213105,0.19788162
0.20160237,0.2051765,0.19145226,0.20166205,0.2001068
0.2078838,0.20266764,0.1931085,0.2010978,0.19524227
0.20712084,0.20525728,0.19421883,0.19911121,0.19429184
0.20142803,0.2061238,0.19173999,0.202348,0.1983602
0.20157433,0.20609096,0.19281869,0.2020115,0.19750452
0.20198451,0.20612395,0.19004686,0.20271368,0.19913101
0.20648433,0.2031029,0.1958878,0.19998005,0.19454488
0.20382288,0.20677625,0.19241022,0.20192134,0.19506933
0.20321566,0.20706047,0.19200511,0.20156255,0.19615617
0.20241204,0.20606919,0.19209436,0.20160438,0.19782008
0.20301816,0.20579565,0.19121839,0.20190828,0.19805951
0.22977838,0.1871877,0.18645626,0.20125169,0.19532603
0.20593032,0.20534344,0.19524647,0.19955641,0.1939233
0.20444109,0.20529324,0.1940083,0.20014127,0.1961161
0.20297861,0.20681833,0.19190381,0.2014301,0.19686913
0.20182039,0.20662059,0.19229597,0.20156057,0.19770248
0.2101897,0.20174772,0.19593592,0.19908634,0.1930403
0.20577337,0.2043955,0.19588846,0.19904195,0.1949007
0.2038523,0.20587435,0.19315703,0.20069359,0.19642271
0.20117132,0.20639074,0.1925363,0.20211768,0.19778399
0.19983153,0.20597337,0.19453816,0.20177713,0.1978798
0.20659065,0.20268424,0.1959087,0.20027478,0.19454163
0.20467505,0.20576017,0.1941602,0.20025429,0.19515036
0.20241547,0.20540917,0.1939045,0.20067814,0.19759272
0.20300347,0.20562148,0.19434036,0.20039213,0.19664262
0.2032489,0.20484534,0.19292502,0.20088924,0.19809152
0.20678435,0.20281444,0.19456893,0.20060548,0.1952268
0.20605662,0.20529765,0.19529381,0.19948418,0.19386771
0.20407204,0.20466585,0.19484288,0.19980814,0.19661109
0.20357661,0.20621257,0.19292817,0.2005076,0.19677506
0.20304744,0.20577574,0.19303493,0.20074612,0.19739574
0.2103372,0.20132259,0.19634457,0.19819292,0.19380271
0.20525523,0.20496732,0.19547251,0.19912422,0.19518079
0.20462404,0.20557375,0.19407469,0.20003621,0.19569132
0.20261374,0.20524552,0.19205438,0.20183203,0.19825432
0.20333953,0.20473038,0.19337183,0.20043659,0.19812162
0.20962098,0.20155828,0.19720162,0.1982734,0.1933457
0.20690003,0.20482993,0.1941754,0.19948079,0.19461381
0.20489709,0.20480622,0.19391067,0.19996664,0.19641937
0.20402624,0.20531368,0.1927414,0.19993573,0.19798294
0.20191225,0.20536974,0.1924008,0.20130256,0.19901466
0.20997682,0.20146438,0.1964049,0.19800986,0.19414398
0.20661733,0.20472391,0.19332598,0.20006092,0.19527186
0.20524535,0.20562012,0.19311512,0.20017357,0.19584584
0.20251468,0.20479494,0.19211374,0.20132379,0.19925286
0.20287877,0.20501043,0.19193919,0.20154017,0.19863145
0.20952961,0.20171806,0.19388331,0.19991994,0.19494909
0.20507422,0.20410115,0.19355294,0.20027682,0.19699486
0.20515932,0.2038423,0.19321765,0.20025848,0.19752225
0.20435826,0.20533858,0.19077665,0.20065114,0.19887537
0.20339452,0.20507626,0.19142091,0.20047852,0.19962978
0.20906892,0.2020134,0.19524412,0.19900917,0.19466437
0.20509861,0.20526169,0.19310953,0.20010337,0.19642681
0.20408379,0.20483999,0.19176772,0.20060149,0.198707
0.2046704,0.20464723,0.19231142,0.20000651,0.19836442
0.20253251,0.20402622,0.19326617,0.20013681,0.20003825
0.20802197,0.20220697,0.19634508,0.19888525,0.19454068
0.20444654,0.20416033,0.1937781,0.20041434,0.19720072
0.20404023,0.204301,0.19371162,0.19983475,0.19811237
0.20314105,0.20512919,0.19275343,0.1999834,0.1989929
0.20328599,0.20470959,0.19140604,0.2010475,0.19955084
0.20823982,0.20203002,0.19674872,0.1989615,0.19401993
0.20666,0.20502628,0.19241127,0.19972888,0.19617353
0.20343827,0.20448576,0.19302574,0.20005088,0.19899935
0.20255798,0.20153429,0.19168633,0.20101057,0.20321086
0.20362858,0.20304382,0.19183555,0.20051554,0.20097649
0.20970951,0.2014684,0.19753654,0.19814205,0.19314344
0.204742,0.20405999,0.19387974,0.1999342,0.19738406
0.20336872,0.2018096,0.19147892,0.20097291,0.20236987
0.20368117,0.20405576,0.19040695,0.20117809,0.2006781
0.20134395,0.20415255,0.1920759,0.2011485,0.20127909
0.20712021,0.20242313,0.19633032,0.19918695,0.19493939
0.2034462,0.20474517,0.19512184,0.19983514,0.19685163
0.20173526,0.20322761,0.19266039,0.2008775,0.20149916
0.20298353,0.20226635,0.19214618,0.20132823,0.20127574
0.20353836,0.20259705,0.19291645,0.20016234,0.2007858
0.20872557,0.20256145,0.19584557,0.19886859,0.19399875
0.20558351,0.20326144,0.19876239,0.19837342,0.19401921
0.20818335,0.20188366,0.194399,0.19797072,0.19756326
0.2048066,0.20368414,0.19369555,0.19921423,0.19859944
0.20516479,0.20352277,0.1928038,0.19946413,0.19904454
0.20973499,0.20158419,0.19447766,0.19904743,0.19515574
0.20638338,0.20314729,0.19466695,0.19833438,0.19746803
0.20469542,0.20253752,0.19438498,0.19916518,0.1992169
0.2012332,0.205702,0.19384402,0.20123263,0.19798812
0.20325167,0.20390452,0.19306931,0.19967961,0.2000949
0.2084416,0.20171145,0.19515054,0.19945087,0.19524555
0.20425944,0.2041643,0.19321576,0.20038496,0.19797558
0.20356357,0.20470019,0.19139266,0.20112032,0.19922331
0.20444964,0.20294794,0.1929428,0.19972447,0.19993515
0.20257083,0.2040747,0.19526938,0.19950333,0.19858183
0.20989679,0.20092052,0.19626383,0.19766846,0.19525039
0.20687667,0.20236813,0.19418682,0.19850521,0.19806314
0.20435221,0.20259239,0.19432078,0.19907793,0.19965668
0.20121066,0.2047455,0.19158106,0.20152922,0.20093356
0.2043448,0.20381643,0.19404459,0.19849281,0.19930138
0.20907237,0.20143662,0.19501759,0.19857943,0.19589397
0.2055909,0.20366989,0.19299676,0.19975436,0.1979881
0.20313509,0.2039924,0.1917588,0.20109911,0.20001459
0.20352852,0.20231058,0.19141124,0.20087226,0.20187739
0.20232713,0.20325583,0.19379747,0.20003788,0.20058171
0.20805946,0.20144792,0.19758238,0.19853911,0.19437112
0.20556462,0.20237032,0.19543806,0.19837956,0.19824746
0.20161402,0.2018971,0.19366622,0.2005165,0.20230621
0.20342477,0.2037103,0.19207716,0.20013146,0.20065631
0.20174333,0.20357847,0.19205993,0.20092016,0.2016981
0.20824254,0.20128292,0.19679265,0.19871698,0.19496492
0.20380327,0.20222895,0.19505319,0.19929639,0.1996182
0.20339175,0.20264918,0.19304982,0.19997963,0.20092961
0.20377474,0.20176175,0.19158255,0.20081142,0.20206955
0.2034284,0.20421943,0.19128145,0.20051952,0.20055121
0.20767912,0.20157325,0.19653499,0.19912453,0.19508813
0.20428863,0.20423116,0.19401357,0.19966058,0.19780608
0.20528075,0.20365682,0.19283494,0.19905114,0.19917637
0.20342752,0.20269881,0.19265094,0.19990118,0.20132153
0.20285493,0.20028336,0.1900844,0.20155752,0.20521978
0.21169308,0.19995937,0.19557813,0.1971159,0.19565351
0.20472874,0.20090044,0.19447175,0.19914319,0.20075592
0.20278658,0.20101407,0.1937484,0.19972508,0.20272586
0.20661171,0.20405203,0.19307353,0.19802545,0.19823723
0.20061529,0.20357053,0.19112074,0.20199834,0.20269512
0.20833337,0.20128107,0.19673187,0.19788665,0.195767
0.2026517,0.2030211,0.1923454,0.20095654,0.20102526
0.2038632,0.20328553,0.19424292,0.19906817,0.19954015
0.20515929,0.20276782,0.19136612,0.20011012,0.20059663
0.2039751,0.20159991,0.19319902,0.19935662,0.20186934
0.21027666,0.20113291,0.19353828,0.19961953,0.19543263
0.20505387,0.20401244,0.19348732,0.19945979,0.19798659
0.20142053,0.20392354,0.19064535,0.20205963,0.20195097
0.20303436,0.20326827,0.18971755,0.20140289,0.20257697
0.2025007,0.2025413,0.19086698,0.20126256,0.20282848
0.20689216,0.20183812,0.19608824,0.19938,0.19580145
0.2039766,0.2032657,0.19407159,0.19998078,0.19870536
0.20285435,0.20235439,0.19259237,0.20096667,0.20123221
0.20206758,0.20312841,0.19056484,0.20092548,0.20331374
0.2033413,0.20274477,0.18950862,0.20119347,0.20321184
0.20817277,0.20146634,0.19620079,0.19885764,0.19530247
0.20414087,0.20394245,0.19418247,0.19986871,0.19786549
0.20329607,0.20184515,0.19069825,0.20085567,0.20330486
0.20409097,0.20220077,0.19153948,0.19985124,0.20231748
0.20330745,0.20167154,0.19435562,0.19865869,0.20200671
0.20997976,0.2003919,0.19705077,0.19649768,0.19607984
0.2040669,0.20463373,0.19279204,0.20006117,0.19844614
0.20268705,0.20079142,0.19367777,0.20007397,0.20276979
0.2047338,0.20385104,0.19177622,0.19922784,0.20041107
0.20239551,0.20386778,0.1901794,0.20128833,0.20226899
0.21149604,0.2003212,0.1954855,0.19681512,0.19588213
0.20577897,0.20268248,0.19400024,0.1989318,0.1986065
0.20526312,0.20403944,0.19183378,0.19978213,0.19908153
0.20354986,0.2011839,0.1909105,0.20024297,0.2041128
0.19881076,0.20359051,0.19230592,0.20268717,0.20260559
0.20802261,0.20100082,0.1957261,0.19959264,0.19565785
0.20519814,0.20150584,0.19474693,0.19872054,0.19982854
0.20434858,0.20296006,0.19251376,0.19989009,0.2002875
0.20101608,0.20467076,0.19091311,0.20155251,0.20184751
0.20337729,0.20337845,0.19092636,0.20009103,0.20222688
0.20814353,0.20090568,0.19719319,0.19851781,0.19523975
0.20277378,0.20464855,0.19297959,0.20113942,0.1984587
0.20294805,0.20453951,0.19157836,0.20086873,0.20006536
0.20223399,0.20301045,0.19052327,0.20046504,0.20376721
0.20184194,0.20195314,0.18917988,0.202093,0.20493205
0.20875585,0.20083247,0.19735457,0.19774765,0.19530948
0.20521429,0.20246287,0.19482496,0.1989722,0.19852567
0.20299776,0.20279472,0.19164485,0.2009909,0.2015718
0.20721295,0.20086703,0.19013837,0.19903637,0.2027453
0.20264038,0.20146209,0.1920706,0.2001039,0.20372301
0.20853326,0.20092218,0.19552177,0.19806674,0.19695602
0.2039307,0.2017975,0.19564232,0.1990491,0.19958034
0.20507567,0.20235075,0.19395341,0.19850443,0.20011571
0.20519371,0.20343547,0.19147503,0.19900538,0.2008904
0.20644061,0.20136054,0.19111441,0.19804336,0.20304106
0.20803429,0.20129426,0.19692194,0.19845735,0.19529217
0.20572792,0.20378867,0.19349799,0.19903076,0.19795464
0.2019735,0.20508288,0.18855752,0.20330757,0.20107852
0.20159908,0.2033816,0.19005138,0.20228978,0.20267823
0.20462465,0.20174819,0.19388187,0.19800714,0.20173815
0.20867121,0.20136404,0.19319235,0.19999683,0.1967756
0.20701505,0.20005304,0.1930905,0.19825439,0.20158707
0.20405544,0.20208779,0.1949857,0.19851243,0.20035869
0.20612538,0.19984874,0.19060755,0.19929267,0.20412566
0.2039898,0.20352864,0.18999055,0.20051534,0.20197564
0.20795561,0.20121507,0.19580768,0.1992734,0.19574822
0.20705788,0.20225306,0.19455352,0.19780967,0.1983259
0.20453171,0.20264305,0.19007277,0.19980383,0.20294856
0.20428136,0.20295629,0.19051805,0.19987613,0.20236816
0.2045512,0.20230712,0.1871179,0.20192114,0.20410264
0.20536421,0.2019203,0.19510499,0.20044407,0.19716647
0.20761347,0.20103334,0.19352686,0.19829483,0.19953157
0.20339298,0.2019572,0.19289507,0.19982281,0.20193198
0.20595741,0.20025557,0.19225626,0.1987061,0.20282465
0.20090765,0.20296432,0.18794341,0.20326422,0.20492037
0.20758282,0.20151933,0.1954434,0.19974783,0.1957066
0.20527793,0.20411946,0.19290747,0.19962075,0.19807442
0.20666122,0.20254889,0.19270524,0.19724856,0.2008361
0.20550142,0.20218498,0.19079451,0.19892019,0.20259894
0.2047106,0.20183396,0.18932906,0.20022331,0.20390305
0.20879303,0.20072155,0.19518068,0.19858971,0.19671503
0.20385095,0.20303176,0.19420835,0.19941825,0.19949067
0.20615329,0.20181152,0.1928963,0.19844396,0.20069498
0.20585756,0.2011919,0.19324178,0.19818845,0.20152031
0.20029706,0.205382,0.19049238,0.20241593,0.20141262
0.20828389,0.20077184,0.1951972,0.19847594,0.19727114
0.20467973,0.20416375,0.19284752,0.1997644,0.19854458
0.20379767,0.20423365,0.19049883,0.20039017,0.2010797
0.20562749,0.20391591,0.19140907,0.19926627,0.19978127
0.20339105,0.20228866,0.19067091,0.20044808,0.20320132
0.20955594,0.20059502,0.19488665,0.19868097,0.19628145
0.2052872,0.20184752,0.19449072,0.19871345,0.19966108
0.20443301,0.20221348,0.19167864,0.20013572,0.20153914
0.20396224,0.20159191,0.19173172,0.19998644,0.20272769
0.2037962,0.20400208,0.18934417,0.2007144,0.20214316
0.21179572,0.19964781,0.19429386,0.1987791,0.1954835
0.20466758,0.20257926,0.19315675,0.19964406,0.19995236
0.20256045,0.20242378,0.19337296,0.19979231,0.20185047
0.20210457,0.20245522,0.19287223,0.20058745,0.20198055
0.20565927,0.2008232,0.19101939,0.19926006,0.20323808
0.21037409,0.20013255,0.19469029,0.19864675,0.19615631
0.20497203,0.20173301,0.19088809,0.20097646,0.2014304
0.20336618,0.20291436,0.1902454,0.2012538,0.20222026
0.2024449,0.20194131,0.18912582,0.20234822,0.2041397
0.20618388,0.20022106,0.19021657,0.19970351,0.20367497
0.21197373,0.19963168,0.19450103,0.19879383,0.19509974
0.20448333,0.20336798,0.19111413,0.2005489,0.20048572
0.20524384,0.20010075,0.1938223,0.19794585,0.20288728
0.20609725,0.20321593,0.18749751,0.20103495,0.20215434
0.20346792,0.202906,0.19055921,0.2006593,0.20240757
0.20773835,0.20155683,0.19071496,0.20177083,0.19821906
0.20596932,0.2005542,0.19244286,0.19892804,0.20210552
0.20445316,0.20298411,0.19118984,0.20020282,0.20117007
0.2034462,0.20051362,0.19013256,0.20100865,0.204899
0.2061701,0.20325366,0.1883373,0.20018938,0.20204957
0.21035437,0.19972691,0.19560719,0.19704019,0.19727136
0.20260967,0.20263867,0.19154769,0.20185497,0.20134903
0.20369403,0.20486407,0.19107369,0.2010836,0.19928461
0.20190002,0.20135148,0.19193548,0.20072192,0.2040911
0.20213635,0.19972767,0.19073135,0.20123874,0.20616591
0.20829396,0.20120256,0.19153507,0.20121537,0.19775307
0.20469019,0.20311797,0.19410384,0.19938333,0.19870469
0.20441794,0.20421919,0.19120969,0.20008971,0.20006347
0.20339684,0.2023866,0.19061968,0.2010246,0.2025723
0.20356037,0.20112485,0.19418392,0.19828954,0.20284133
0.20799337,0.20099996,0.19432439,0.2000116,0.19667071
0.20615576,0.20340909,0.1909681,0.20004037,0.19942664
0.20490436,0.203988,0.18988161,0.20024773,0.20097831
0.20407422,0.20246093,0.19195849,0.19962892,0.20187747
0.20252012,0.20285557,0.19289847,0.20064987,0.20107594
0.20657669,0.20120516,0.19468486,0.20001853,0.19751483
0.2088989,0.20266366,0.19177626,0.19808029,0.19858086
0.20251298,0.2036378,0.19098169,0.20027979,0.20258774
0.20131348,0.20462187,0.18995449,0.20286463,0.20124553
0.20305856,0.2015158,0.19035499,0.2008986,0.20417204
0.20860524,0.20086381,0.19268815,0.20025106,0.19759177
0.20545124,0.20238975,0.19391203,0.19939885,0.19884814
0.20338878,0.20222242,0.19155943,0.20051406,0.2023153
0.20632042,0.2009643,0.19085747,0.19914003,0.20271781
0.20569377,0.20302275,0.1909101,0.19861381,0.2017596
0.21553238,0.1984995,0.19149312,0.19670388,0.1977711
0.20176747,0.20294462,0.1931974,0.20130804,0.20078246
0.20289837,0.20137872,0.19091828,0.20078258,0.20402204
0.20441535,0.20137997,0.19155222,0.19921823,0.20343421
0.20436256,0.20074895,0.19023122,0.19961967,0.20503761
0.20848908,0.20124677,0.19427599,0.19983882,0.1961493
0.20730764,0.20368408,0.19593294,0.19738166,0.19569364
0.205893,0.20419984,0.19102962,0.19941455,0.19946298
0.20301868,0.2037263,0.18992859,0.2011407,0.20218578
0.20295464,0.20191303,0.1909459,0.20054848,0.20363794
0.21118121,0.20028941,0.1922199,0.19969672,0.19661278
0.20387721,0.20411417,0.1928558,0.2002868,0.198866
0.20136319,0.20154876,0.19305624,0.2009986,0.20303321
0.20550619,0.2039708,0.19053435,0.19886246,0.20112617
0.20586258,0.2027142,0.19085532,0.19871742,0.2018505
0.21088581,0.19992995,0.19310951,0.1989582,0.19711651
0.2060149,0.20064531,0.1922383,0.19925283,0.2018487
0.20470302,0.20071974,0.19025949,0.20033245,0.2039853
0.20579405,0.19869946,0.19096152,0.19858143,0.20596357
0.20455281,0.19988711,0.19296804,0.19914086,0.20345117
0.20641708,0.20098503,0.19355878,0.2009485,0.19809061
0.2030027,0.20179465,0.19095062,0.20177065,0.20248142
0.20605822,0.19863564,0.18917747,0.19947888,0.20664977
0.20661476,0.20314169,0.19255379,0.19774169,0.19994803
0.20087615,0.20254104,0.1895119,0.20302543,0.20404549
0.2084869,0.2013855,0.19196992,0.20156036,0.1965973
0.20764433,0.20303312,0.19274035,0.19840926,0.19817291
0.20346737,0.20345926,0.18904534,0.20152074,0.20250732
0.20030227,0.20219705,0.18726309,0.20436251,0.2058751
0.20063153,0.20129454,0.19133896,0.20142555,0.20530942
0.20922266,0.2004665,0.19401899,0.19971023,0.1965816
0.20622356,0.20381427,0.1915555,0.1994487,0.19895795
0.20031062,0.19909234,0.19099297,0.2027081,0.20689592
0.20513001,0.20183618,0.18854384,0.20034002,0.20414992
0.20355448,0.20198402,0.19133389,0.1998828,0.20324482
0.20941593,0.2008566,0.1914661,0.20142406,0.19683737
0.20431024,0.20249708,0.19126526,0.20015723,0.20177016
0.20203827,0.19915792,0.18991743,0.20265299,0.20623343
0.2036882,0.20352729,0.19013529,0.20047586,0.20217337
0.20193313,0.20241095,0.18924427,0.20179439,0.20461722
0.20929721,0.20061794,0.1915129,0.20042458,0.19814737
0.20244384,0.20233724,0.1945485,0.20067808,0.19999234
0.20686373,0.20112254,0.19322422,0.1979639,0.20082563
0.20106077,0.19769107,0.1907593,0.20152628,0.20896257
0.20474061,0.2003394,0.19039492,0.2008123,0.20371273
0.20704022,0.20200513,0.1932368,0.2020934,0.19562447
0.2052482,0.20047611,0.19379169,0.19941868,0.20106527
0.20206057,0.20230462,0.18969718,0.20199105,0.20394662
0.20436099,0.19959442,0.19233555,0.1985374,0.20517163
0.20542115,0.19974682,0.19061662,0.19922587,0.20498954
0.2079711,0.20152977,0.19211479,0.20132935,0.19705498
0.20226035,0.20211513,0.19365276,0.20035987,0.20161186
0.20340464,0.2008111,0.19153252,0.20127873,0.20297301
0.20281292,0.20290269,0.19091079,0.20130831,0.20206535
0.20593594,0.20005067,0.18977313,0.19922842,0.20501183
0.21046478,0.2003725,0.19076385,0.2005785,0.19782035
0.20268258,0.20507383,0.19339252,0.2003657,0.1984854
0.20260291,0.20175643,0.19272715,0.20059942,0.20231412
0.20412904,0.20088428,0.19301677,0.19955796,0.20241195
0.19917257,0.19807602,0.19388273,0.20120905,0.20765963
0.20537174,0.20269243,0.19184393,0.20337974,0.19671218
0.20228432,0.20043676,0.19483466,0.1998297,0.2026146
0.20218551,0.20382082,0.1916015,0.20059526,0.20179687
0.20566757,0.20054321,0.19300738,0.19753453,0.20324731
0.20429844,0.20134072,0.1920498,0.19935286,0.20295815
0.20935228,0.2018227,0.19011508,0.20193215,0.19677785
0.20421837,0.20102784,0.19631024,0.19758123,0.20086227
0.20102309,0.19764288,0.19424209,0.20035432,0.2067376
0.2014281,0.19635986,0.19584318,0.19898687,0.207382
0.20341593,0.20406488,0.19352537,0.1988088,0.20018503
0.20603275,0.20286477,0.19115463,0.204451,0.19549689
0.2045258,0.20022826,0.19654058,0.19825645,0.20044895
0.20056617,0.106807806,0.16265236,0.21222486,0.31774884
0.20195565,0.1845831,0.18528685,0.20284444,0.22533001
0.19709113,0.19461326,0.19217749,0.20278728,0.21333086
0.20845051,0.20243818,0.19112204,0.20296733,0.195022
0.20245758,0.2025286,0.19704194,0.19890215,0.19906974
0.20611742,0.19834378,0.19262141,0.19850062,0.2044168
0.2009155,0.20522806,0.19467503,0.19870773,0.20047367
0.20214184,0.20339398,0.19402014,0.1982816,0.20216244
0.2131341,0.20068568,0.19017854,0.1998187,0.19618295
0.19983782,0.20367268,0.1858898,0.20973504,0.2008647
0.19560888,0.2029285,0.18385851,0.21036604,0.2072381
0.19354843,0.20119156,0.1836474,0.21092892,0.21068367
0.19252317,0.20015216,0.18398288,0.21110065,0.21224108
0.19378506,0.19754986,0.1839973,0.21048577,0.21418205
0.19917604,0.20534109,0.18668324,0.20821707,0.20058256
0.19454715,0.20326181,0.18218705,0.21116759,0.20883642
0.19442806,0.19701712,0.18206881,0.21187378,0.21461228
0.19287443,0.20008908,0.181967,0.21154211,0.21352734
0.19324489,0.19855405,0.18145049,0.21155198,0.2151986
0.1989255,0.20605314,0.18456456,0.20861511,0.20184171
0.19544436,0.20141083,0.1818466,0.21104516,0.21025302
0.19465905,0.20274429,0.18186107,0.2105305,0.21020508
0.19357005,0.1973235,0.18188745,0.2112704,0.2159486
0.19464864,0.19621943,0.18201503,0.21072741,0.21638943
0.19771473,0.20688139,0.18642458,0.20822076,0.20075853
0.19586957,0.20558736,0.1815784,0.20990132,0.20706338
0.19362377,0.19956212,0.18314603,0.21025632,0.21341175
0.19436808,0.2006913,0.18077451,0.21091941,0.21324673
0.19495016,0.19965352,0.18100166,0.21020603,0.21418864
0.19785386,0.20723993,0.1848192,0.20850308,0.20158394
0.19582805,0.20322774,0.1830614,0.20882604,0.20905682
0.19484693,0.19978435,0.18104908,0.21082546,0.21349417
0.19349533,0.2041254,0.18076274,0.21079786,0.21081868
0.19458981,0.20220976,0.18045172,0.2103954,0.21235335
0.19844764,0.20821172,0.18521036,0.20705265,0.20107758
0.19593173,0.20493759,0.18273595,0.20886125,0.2075335
0.19602457,0.20392144,0.1817242,0.20875579,0.209574
0.19317111,0.19943611,0.18215002,0.21045592,0.21478677
0.19412194,0.20228072,0.17931557,0.21134596,0.21293582
0.19900165,0.20842798,0.18397604,0.20723543,0.2013589
0.19582848,0.20469917,0.18241693,0.20889501,0.2081604
0.19645265,0.19932449,0.18247528,0.20874237,0.21300521
0.19455284,0.20072007,0.18170151,0.20969833,0.21332724
0.19415182,0.200134,0.18298763,0.20911646,0.2136101
0.20057262,0.20839295,0.1843413,0.20713742,0.19955575
0.1972808,0.20333599,0.1827558,0.20866726,0.20796016
0.19539711,0.20387377,0.18258566,0.20865299,0.20949048
0.19346692,0.20243786,0.17973727,0.21149796,0.21286
0.19458055,0.2012902,0.18103313,0.20992012,0.213176
0.20136161,0.20842125,0.18385857,0.20635326,0.20000531
0.19556618,0.20404507,0.18342283,0.20857227,0.2083936
0.19443405,0.20354365,0.18285984,0.20875321,0.21040924
0.1944846,0.19964287,0.18357517,0.20886098,0.21343637
0.19465701,0.20470595,0.18170555,0.20862737,0.2103041
0.20008937,0.20825635,0.18404056,0.20687185,0.20074183
0.19739656,0.20693319,0.18231319,0.20778525,0.20557182
0.19470158,0.20472074,0.18220337,0.20881498,0.20955935
0.19436073,0.20173845,0.18273781,0.20916,0.21200302
0.19428377,0.19957687,0.1839411,0.20829791,0.21390034
0.19894262,0.20816725,0.1850501,0.20713802,0.200702
0.19599222,0.20462798,0.18523969,0.20715421,0.20698594
0.19648162,0.20115863,0.18270524,0.20845443,0.21120009
0.19467218,0.20470874,0.18286273,0.20813496,0.20962138
0.1950529,0.20296165,0.18232532,0.20825996,0.21140023
0.2013857,0.20827146,0.18578015,0.20505449,0.19950822
0.19673395,0.2064184,0.18521461,0.20674269,0.20489037
0.1969634,0.2045392,0.18340342,0.20713733,0.2079567
0.1947582,0.20107616,0.18371442,0.20849717,0.21195398
0.19335851,0.19945201,0.18383819,0.20874278,0.21460849
0.19938223,0.20856677,0.18651555,0.2060802,0.19945526
0.19754982,0.20625968,0.18373664,0.20712195,0.20533189
0.19462661,0.20065366,0.18479344,0.20792365,0.21200258
0.19357006,0.20337006,0.18316472,0.20887738,0.2110178
0.194188,0.20186844,0.18383482,0.20796838,0.21214032
0.20059182,0.20740809,0.18700217,0.20462176,0.20037615
0.19616236,0.20495588,0.18566965,0.20669834,0.20651375
0.19562104,0.20166078,0.18432221,0.20707278,0.21132322
0.19699807,0.20060414,0.18364595,0.20705752,0.2116943
0.19563177,0.20296475,0.18251787,0.20762068,0.21126491
0.19950366,0.20733987,0.18595396,0.20611931,0.2010832
0.19685254,0.20334741,0.18615179,0.20622274,0.2074255
0.1966387,0.20592667,0.18330933,0.20679422,0.20733103
0.1964302,0.20107168,0.18448532,0.20602702,0.2119858
0.19526444,0.19979973,0.18391089,0.20727488,0.21375002
0.19975962,0.20735404,0.18858507,0.20370907,0.20059218
0.19622628,0.20221302,0.18421254,0.20728299,0.21006517
0.19576372,0.20268749,0.18492338,0.20686215,0.20976324
0.19417986,0.20351617,0.18357407,0.20731217,0.21141773
0.19342989,0.20235817,0.1843487,0.2073678,0.21249546
0.19998927,0.20775144,0.1851384,0.2058979,0.20122294
0.19663616,0.2071066,0.18505572,0.20656957,0.20463194
0.19522609,0.20338905,0.1839276,0.20708421,0.21037306
0.1949198,0.20143954,0.18359987,0.2075441,0.21249662
0.19397047,0.1993873,0.18451372,0.20784748,0.21428102
0.19949526,0.20742303,0.18833427,0.20413052,0.20061693
0.1962848,0.2020057,0.1857539,0.2061976,0.209758
0.19537249,0.20083393,0.18409576,0.20738666,0.21231116
0.19413468,0.20435593,0.18349853,0.2074762,0.21053466
0.19452764,0.20130762,0.18380463,0.20724733,0.2131128
0.19909334,0.20812054,0.18716952,0.20550303,0.20011355
0.19690077,0.20659593,0.18688966,0.20491599,0.20469768
0.19581507,0.20478246,0.18474002,0.2062521,0.20841031
0.19487184,0.20057087,0.18364407,0.20748235,0.21343087
0.19465536,0.19913985,0.18526874,0.2064291,0.21450692
0.19870926,0.20706671,0.1885598,0.2041754,0.20148882
0.19743457,0.20317745,0.18650839,0.20481367,0.2080659
0.19570762,0.2036883,0.18692301,0.20496556,0.20871548
0.19429696,0.20397776,0.18517108,0.20627806,0.21027616
0.19386445,0.20171534,0.18443482,0.20691283,0.21307254
0.19983801,0.20757599,0.18757704,0.20439392,0.20061508
0.19664131,0.20582514,0.1856763,0.20602296,0.2058343
0.19628292,0.20477384,0.18477294,0.20579515,0.20837514
0.19545096,0.20164834,0.1853857,0.20591699,0.211598
0.1953887,0.20062074,0.1860956,0.20544785,0.21244708
0.20074421,0.20713662,0.18851562,0.20390601,0.19969755
0.1972386,0.20293364,0.1884718,0.20411777,0.2072382
0.19605944,0.20266013,0.18613538,0.20554943,0.20959564
0.19499153,0.20439282,0.18412776,0.20675655,0.20973136
0.19469403,0.20077537,0.18484528,0.20636371,0.21332158
0.19959089,0.20689748,0.18897168,0.20389625,0.20064361
0.19662936,0.20551817,0.18782501,0.20438962,0.20563777
0.19517647,0.20539501,0.18604168,0.20614913,0.20723772
0.19493696,0.20134874,0.18646604,0.20541751,0.21183072
0.19396496,0.20566607,0.1837713,0.20684585,0.20975184
0.19958897,0.20743217,0.18817441,0.20486005,0.1999444
0.1965918,0.2069028,0.18735164,0.20440504,0.20474873
0.1958464,0.20746596,0.18498205,0.20609288,0.20561269
0.1948572,0.20435984,0.18530475,0.20586395,0.20961432
0.19586866,0.20286928,0.18554135,0.20515002,0.21057068
0.20108147,0.20678692,0.18977785,0.20306593,0.19928783
0.19687802,0.20524457,0.18898033,0.20384979,0.2050473
0.19559075,0.20403756,0.18786016,0.20433109,0.20818044
0.19486125,0.20512809,0.18494937,0.20597203,0.20908923
0.19604294,0.20362641,0.18512277,0.20513462,0.21007326
0.19994545,0.20662117,0.19004248,0.20350018,0.19989072
0.19590473,0.20703597,0.18665925,0.20562375,0.2047763
0.19568159,0.20552276,0.18665889,0.2048716,0.20726521
0.19480889,0.20339094,0.18585777,0.20560543,0.21033692
0.19683301,0.20179728,0.18648571,0.2043952,0.21048883
0.20163864,0.20577195,0.19134244,0.20238684,0.19886014
0.19875996,0.20637418,0.18974197,0.20286539,0.2022585
0.19752318,0.2041033,0.1864621,0.20456873,0.2073427
0.19663803,0.205992,0.18610628,0.20475931,0.20650434
0.19719924,0.20503087,0.18552978,0.20468573,0.20755437
0.20120676,0.20649582,0.18994208,0.20333248,0.19902286
0.1983762,0.20700784,0.18859527,0.20368621,0.20233451
0.19561368,0.20668943,0.18751274,0.20485863,0.20532551
0.19648571,0.20259215,0.18638404,0.20467946,0.20985864
0.19494502,0.20537439,0.18597579,0.2052269,0.20847791
0.2021334,0.20598632,0.19172421,0.20246239,0.19769365
0.19788392,0.2052219,0.18921325,0.20389391,0.20378695
0.19650175,0.20682886,0.18655331,0.20468064,0.2054354
0.1962646,0.20381542,0.18551834,0.20577662,0.20862505
0.19638823,0.20688006,0.1852814,0.20468329,0.20676704
0.20244406,0.20557864,0.19089755,0.20241633,0.19866341
0.1982624,0.20600994,0.18980448,0.20297025,0.20295292
0.19759627,0.20474893,0.18731496,0.20452082,0.20581906
0.19599721,0.20605482,0.18777469,0.20398584,0.20618743
0.19698504,0.20335963,0.18642105,0.20436998,0.20886427
0.20201091,0.2052713,0.19297834,0.2015285,0.19821094
0.19883122,0.20652135,0.18929563,0.2030632,0.20228857
0.19821833,0.2046808,0.18833376,0.20276216,0.20600493
0.19671382,0.20637454,0.18606733,0.20433372,0.20651062
0.19777691,0.2052064,0.18600865,0.20419301,0.20681506
0.20378734,0.20566498,0.1895481,0.20287842,0.19812118
0.19932006,0.20707923,0.18818475,0.20300393,0.20241208
0.19685629,0.20675899,0.18738541,0.20463009,0.20436919
0.19646841,0.20733488,0.18580201,0.20462297,0.20577177
0.19582379,0.20612767,0.18721358,0.20423226,0.2066027
0.20393167,0.20540982,0.19114727,0.20228185,0.19722937
0.19895479,0.20574914,0.1897644,0.20284791,0.20268376
0.197068,0.2075364,0.18696949,0.20416842,0.20425767
0.19581653,0.20434538,0.18660423,0.2050377,0.20819618
0.19597962,0.20662773,0.18391666,0.2057257,0.20775029
0.20511429,0.20460679,0.19055283,0.20242925,0.19729683
0.19717763,0.2066238,0.18967451,0.20376894,0.20275514
0.19800976,0.20404364,0.1889708,0.20321321,0.20576254
0.19647269,0.20494989,0.1874007,0.20387194,0.20730478
0.19723248,0.20406662,0.18665342,0.20425761,0.20778988
0.20447929,0.2048807,0.19295546,0.20107664,0.19660792
0.19994093,0.20799148,0.19041032,0.20201793,0.1996393
0.19738035,0.20685114,0.18796451,0.2038934,0.20391065
0.1954817,0.2058741,0.18644606,0.20502205,0.20717609
0.19746986,0.20447025,0.18618803,0.2041034,0.20776846
0.20371266,0.20439595,0.19470741,0.2003208,0.19686314
0.19971533,0.2079462,0.1883739,0.20319827,0.2007663
0.19985534,0.20530634,0.18800622,0.20244516,0.20438692
0.19748372,0.20656744,0.18580319,0.20409997,0.20604569
0.19634338,0.20572938,0.18689638,0.2040532,0.20697762
0.20430952,0.20451726,0.19283049,0.20162292,0.19671983
0.1999722,0.20542072,0.19105792,0.20225273,0.20129642
0.1976921,0.20510119,0.18792798,0.20305046,0.20622826
0.1972056,0.2072357,0.1850508,0.20485897,0.20564887
0.19528385,0.20580572,0.1859426,0.2052935,0.20767432
0.20512468,0.20407814,0.19307363,0.20142014,0.19630344
0.19922529,0.20591824,0.19120054,0.20221382,0.20144212
0.1986592,0.2062256,0.18843633,0.20276749,0.20391138
0.19858672,0.20410047,0.18801093,0.20298044,0.20632143
0.19731973,0.20687898,0.18434007,0.20477279,0.20668846
0.20358315,0.20439614,0.19363366,0.2012543,0.19713278
0.1992045,0.20638779,0.19136532,0.20210998,0.20093241
0.19827195,0.20805214,0.18693645,0.20368068,0.2030588
0.19720845,0.2054838,0.186172,0.20434858,0.2067872
0.19552608,0.20677058,0.18594879,0.20458598,0.20716853
0.20501505,0.20439339,0.19254547,0.20179027,0.19625585
0.2004099,0.2061724,0.19076191,0.20186199,0.2007938
0.19762686,0.20511007,0.19053267,0.20221871,0.20451167
0.19712055,0.20596136,0.18673263,0.20363873,0.20654674
0.19798262,0.20545118,0.18632682,0.20353504,0.20670435
0.20636155,0.20358478,0.19226483,0.20127766,0.19651122
0.19826925,0.20598492,0.1911397,0.20298758,0.20161858
0.1979062,0.2074153,0.18920873,0.20291623,0.20255357
0.19768989,0.2052935,0.18832846,0.20311312,0.20557499
0.19519249,0.20693773,0.18673497,0.20428336,0.20685144
0.20502271,0.20388192,0.19457132,0.20062448,0.19589955
0.19995786,0.20660837,0.19059339,0.20241086,0.20042954
0.19849935,0.2044964,0.18955664,0.20236573,0.20508191
0.1970835,0.20633097,0.18728404,0.20354308,0.20575841
0.19763632,0.20442154,0.18842213,0.20280164,0.20671836
0.20492871,0.2039859,0.19224155,0.20144604,0.19739784
0.19901897,0.20793082,0.19046782,0.20255467,0.2000277
0.19801849,0.20661521,0.18753864,0.20312788,0.20469977
0.19759965,0.20482372,0.18918963,0.2024867,0.20590025
0.19643353,0.20612809,0.1861984,0.2044629,0.20677708
0.20535836,0.20331602,0.19429488,0.20035236,0.19667839
0.19951627,0.20573774,0.19122572,0.20242432,0.20109595
0.19675791,0.2070923,0.1882256,0.20352748,0.2043967
0.19774699,0.20492747,0.18762547,0.20364024,0.20605981
0.19691777,0.2031437,0.1875776,0.2038051,0.20855579
0.20532715,0.20391649,0.19187151,0.20150779,0.19737712
0.1999783,0.20582092,0.19153242,0.20141453,0.20125388
0.196408,0.20371293,0.18978892,0.20345975,0.20663041
0.19588031,0.20648521,0.1870319,0.20447192,0.20613065
0.19509691,0.20231536,0.1852927,0.20594254,0.21135251
0.20456223,0.20402154,0.1923138,0.20183991,0.19726256
0.19744505,0.20698628,0.1895138,0.2039443,0.20211059
0.19561219,0.20558496,0.1904168,0.20324259,0.20514348
0.19607109,0.2072712,0.18596904,0.204859,0.20582964
0.19658558,0.20542854,0.18647414,0.2044881,0.20702362
0.20481722,0.20383781,0.19289756,0.20165974,0.19678766
0.20123406,0.20651333,0.19069311,0.20092867,0.20063083
0.19753909,0.2073338,0.18749651,0.20363635,0.20399424
0.19680357,0.20426592,0.18821333,0.20397069,0.20674644
0.19661361,0.20592453,0.18419568,0.20492147,0.2083447
0.20428398,0.20380081,0.19326754,0.20121664,0.19743106
0.19828746,0.20676506,0.18948844,0.20293872,0.20252033
0.19735119,0.20704295,0.18751872,0.20331812,0.20476903
0.19670774,0.20442799,0.18868212,0.20300685,0.2071753
0.19689734,0.20681621,0.1854554,0.20409478,0.20673633
0.20431429,0.20347627,0.19336106,0.20154133,0.19730705
0.19803098,0.20530914,0.19169421,0.2025131,0.2024526
0.19747001,0.20682833,0.1869337,0.2036829,0.2050851
0.19714095,0.20481095,0.18708922,0.20338282,0.20757607
0.19706579,0.20434944,0.18465754,0.204352,0.20957519
0.20502841,0.2036813,0.19192472,0.20181185,0.19755372
0.19965614,0.20520753,0.18918578,0.20298666,0.20296393
0.19763193,0.20602693,0.18532005,0.20455174,0.20646937
0.1957505,0.20410618,0.18607377,0.20506133,0.20900825
0.19726649,0.20600072,0.18472634,0.20415457,0.20785186
0.20390953,0.2040773,0.19219342,0.20269914,0.19712062
0.19940768,0.20486069,0.1895081,0.20239437,0.20382915
0.19786859,0.20416637,0.18768923,0.20384851,0.20642726
0.19588305,0.20533346,0.18637118,0.20460123,0.20781109
0.19611518,0.20266238,0.18769708,0.20345947,0.2100659
0.2072689,0.201953,0.19426514,0.1992424,0.19727053
0.19845162,0.2066467,0.19012518,0.20264547,0.20213099
0.196952,0.20596235,0.18859905,0.2030931,0.20539357
0.19777364,0.20273344,0.18762639,0.20330332,0.2085632
0.19813983,0.20611319,0.18683837,0.2024878,0.20642081
0.20460166,0.20361653,0.1918139,0.20248464,0.1974833
0.19988063,0.20635037,0.18859558,0.20198634,0.20318705
0.19705635,0.20579861,0.18761362,0.20332734,0.20620406
0.19696836,0.20475613,0.18816961,0.20290345,0.20720243
0.19680041,0.20679645,0.18480107,0.20433292,0.20726919
0.20463715,0.20306253,0.19422632,0.2010358,0.19703819
0.19783397,0.20431904,0.18980312,0.20303188,0.20501196
0.19690193,0.20720102,0.18591614,0.20410858,0.20587236
0.19823748,0.20451985,0.18754466,0.20259146,0.20710655
0.19737554,0.20331234,0.18838969,0.20249814,0.20842433
0.20411514,0.2037474,0.1918109,0.20243414,0.19789243
0.19819173,0.2052394,0.18927641,0.20314083,0.20415163
0.19746262,0.2057255,0.18877915,0.20247091,0.20556185
0.19715713,0.20204048,0.18832856,0.20264637,0.20982745
0.1969716,0.20421968,0.18623948,0.20379795,0.20877129
0.20629752,0.2032004,0.19128208,0.20169869,0.19752133
0.1989103,0.20628878,0.18892016,0.20214197,0.20373882
0.1978587,0.20550181,0.18690693,0.20341697,0.20631555
0.19767782,0.20080914,0.1872265,0.20283215,0.21145439
0.1964751,0.20597127,0.18515651,0.20485923,0.2075379
0.20380989,0.20379843,0.19123308,0.20312695,0.19803166
0.19889162,0.2044189,0.19042906,0.20202883,0.2042316
0.19778246,0.20414804,0.18911158,0.20252216,0.20643578
0.19540787,0.20419702,0.18682101,0.20404793,0.20952614
0.19678359,0.20198984,0.18765429,0.20339692,0.21017535
0.20645362,0.20295666,0.19219692,0.2011474,0.19724539
0.19997315,0.20488001,0.18980977,0.20135032,0.20398682
0.19895251,0.20447601,0.187491,0.20272744,0.20635302
0.19810903,0.20554654,0.18509047,0.2034791,0.20777485
0.20009886,0.2027543,0.1852126,0.20303547,0.20889878
0.20433578,0.20320779,0.1915214,0.20183809,0.19909693
0.19891219,0.20636085,0.18841267,0.20249945,0.20381485
0.1971931,0.20430449,0.18665947,0.20330007,0.20854285
0.19634973,0.2018324,0.18762326,0.20321055,0.21098405
0.19646305,0.20418316,0.18561983,0.20389524,0.20983866
0.20446777,0.2035421,0.19057384,0.2022268,0.19918945
0.19904685,0.2063098,0.1887414,0.20233539,0.2035665
0.19759722,0.20582053,0.18699074,0.20309679,0.20649466
0.1975472,0.20206603,0.18777625,0.20285901,0.20975149
0.19686553,0.20475885,0.18677352,0.20299765,0.20860445
0.20670003,0.20273839,0.19031365,0.2021631,0.19808482
0.19965237,0.20634638,0.18771398,0.20249592,0.20379132
0.19928066,0.20472781,0.1870094,0.20261686,0.20636529
0.19783625,0.20199612,0.18681754,0.20307717,0.21027294
0.19858342,0.20496747,0.18450356,0.20390494,0.2080406
0.20549956,0.203032,0.19034983,0.20185861,0.19925997
0.19957408,0.20636685,0.18787949,0.2021754,0.2040042
0.19716465,0.2016976,0.18508227,0.20478134,0.21127409
0.19941653,0.20507206,0.18518342,0.20286317,0.20746487
0.19669287,0.2014574,0.18496385,0.20441668,0.21246916
0.20453236,0.20439047,0.1887942,0.20363174,0.19865125
0.19873936,0.20126319,0.18668932,0.2043663,0.20894182
0.1958532,0.20457493,0.18622173,0.20447187,0.20887823
0.19794852,0.20003058,0.18624742,0.20381534,0.21195817
0.19674864,0.20225139,0.18569084,0.20386334,0.21144581
0.20611395,0.20356412,0.18808468,0.20401639,0.19822085
0.20211372,0.20180124,0.18976808,0.20089062,0.20542637
0.19865055,0.20285708,0.18685977,0.20304427,0.20858829
0.19856662,0.20378482,0.18339822,0.20409998,0.21015038
0.19825633,0.20311089,0.18473554,0.20328577,0.21061148
0.20642242,0.20275207,0.18964219,0.2025874,0.19859584
0.19764966,0.20343626,0.19123681,0.20264155,0.2050357
0.19903342,0.19991411,0.18531892,0.20384079,0.21189272
0.19729605,0.20048968,0.18599463,0.20407622,0.21214347
0.19848712,0.19975205,0.18738475,0.20270346,0.2116726
0.20476781,0.2036335,0.18937787,0.20373167,0.19848916
0.19913417,0.19990017,0.1884462,0.20253238,0.20998712
0.2005603,0.2014194,0.18748552,0.20147227,0.20906247
0.19793545,0.20154534,0.18371353,0.20460168,0.21220402
0.19658688,0.20108774,0.18546776,0.20458733,0.21227024
0.20537594,0.20313871,0.18983074,0.20268925,0.19896539
0.19809452,0.20312636,0.18974802,0.20257513,0.206456
0.19862027,0.20072927,0.18661287,0.20319186,0.21084575
0.19647145,0.20340295,0.18572152,0.20393722,0.21046686
0.19773105,0.19931075,0.1857183,0.2035273,0.21371265
0.2050313,0.20393084,0.18754733,0.20432684,0.19916366
0.1991521,0.20433566,0.1883958,0.20296925,0.20514719
0.19988045,0.20162868,0.18640223,0.2027187,0.2093699
0.1981513,0.19848993,0.18765613,0.20299038,0.21271226
0.1982309,0.20105727,0.18539901,0.20288812,0.21242471
0.2060052,0.20415714,0.1871784,0.20397764,0.19868162
0.19877918,0.20460561,0.18709034,0.203764,0.20576088
0.1978837,0.20082946,0.18595138,0.20350465,0.21183082
0.19704066,0.19688885,0.1866938,0.20365603,0.21572068
0.1965508,0.20285296,0.18389,0.20511189,0.21159433
0.20624463,0.20381455,0.18786173,0.20379186,0.19828719
0.1995741,0.2046398,0.18745866,0.20260164,0.20572579
0.19830453,0.1970964,0.18578388,0.20406649,0.21474864
0.19553691,0.2002486,0.18577401,0.20457393,0.21386655
0.19683945,0.1958353,0.18568395,0.20380196,0.21783933
0.20615444,0.20385478,0.18828274,0.20339252,0.19831552
0.19985808,0.19897321,0.18999118,0.20180985,0.20936766
0.19957891,0.20152724,0.18693894,0.20311481,0.20884007
0.19640197,0.20143022,0.1857762,0.20388652,0.21250509
0.1971106,0.19800965,0.18420878,0.20470446,0.21596658
0.20825602,0.20372188,0.1883731,0.2027433,0.1969057
0.1995566,0.20117798,0.18784095,0.2033285,0.20809597
0.19501643,0.20271385,0.18699373,0.20474218,0.21053383
0.19359884,0.19820139,0.18527666,0.20656876,0.21635436
0.19856837,0.19572334,0.18531868,0.2040608,0.21632883
0.20583141,0.20484734,0.18700713,0.20530224,0.1970119
0.20235299,0.20008896,0.19018094,0.20078072,0.20659643
0.19867636,0.19824947,0.18672988,0.20364049,0.21270387
0.19851403,0.20189117,0.18439691,0.2044657,0.21073222
0.19655664,0.19631606,0.18396533,0.2052618,0.21790014
0.20882456,0.20315358,0.18770938,0.20271789,0.19759458
0.2002368,0.2008513,0.1879607,0.20341729,0.2075339
0.19763193,0.20086814,0.18817377,0.20363243,0.20969376
0.19541293,0.19377662,0.18750462,0.20486557,0.21844028
0.19705483,0.19894157,0.18455832,0.20427632,0.21516894
0.20459017,0.2050822,0.187227,0.20506333,0.19803737
0.19880892,0.2036196,0.18858549,0.20338608,0.2055999
0.19798116,0.20142172,0.18592036,0.20409212,0.21058467
0.19773567,0.19909783,0.18566959,0.20424479,0.21325207
0.19588165,0.19529323,0.18718345,0.20404933,0.21759228
0.20770682,0.20386879,0.18862884,0.20331466,0.19648087
0.19976757,0.20066579,0.19074091,0.2024963,0.20632948
0.19766848,0.20211607,0.18891075,0.20387946,0.20742524
0.19889902,0.1928165,0.18774766,0.20244558,0.21809119
0.19701879,0.19998455,0.1859216,0.20360185,0.21347322
0.20863892,0.2041236,0.18552683,0.20436025,0.19735037
0.20030636,0.20004922,0.1874053,0.20377365,0.20846552
0.20022129,0.20203002,0.18840934,0.20187995,0.20745939
0.19603541,0.19685777,0.18759415,0.20403306,0.21547961
0.19661963,0.19485995,0.18617429,0.20466292,0.21768315
0.2085628,0.2037997,0.18635872,0.20427653,0.19700229
0.19891746,0.20341687,0.19074827,0.20232439,0.204593
0.19704306,0.1995325,0.18975255,0.20357566,0.2100963
0.19663015,0.20363493,0.18717697,0.20335378,0.2092042
0.19714019,0.20648801,0.18569861,0.2045057,0.20616747
0.20931542,0.20517795,0.18487437,0.20533462,0.19529766
0.19485952,0.19347654,0.216232,0.19696999,0.19846192
0.19376291,0.20160775,0.21221983,0.19738016,0.19502938
0.19438504,0.20232177,0.21156375,0.19753882,0.1941906
0.1945484,0.2019568,0.21141164,0.19778505,0.19429812
0.19323148,0.20281905,0.20682831,0.20031077,0.19681038
0.19564517,0.19728029,0.21407917,0.19659796,0.1963974
0.19500163,0.20264943,0.20959616,0.19900666,0.19374613
0.1904076,0.20399038,0.20972264,0.19980468,0.19607472
0.19479282,0.2032417,0.2083308,0.19813247,0.19550224
0.19453008,0.2031869,0.20862687,0.19879098,0.19486518
0.19659877,0.19871412,0.21087292,0.19764169,0.19617248
0.19671273,0.20265156,0.20803753,0.19758263,0.19501552
0.1949505,0.20296022,0.20692241,0.19895157,0.19621527
0.1908915,0.2045461,0.20629269,0.20043989,0.19782986
0.19358389,0.20402543,0.2075625,0.19874875,0.1960794
0.19816601,0.20020644,0.20553583,0.19943471,0.19665696
0.19733903,0.2031725,0.20546784,0.19901507,0.19500555
0.19536206,0.20320174,0.2059966,0.19875251,0.19668713
0.19460817,0.20339867,0.20699051,0.1985681,0.19643456
0.19423732,0.20391378,0.20644882,0.19880697,0.1965931
0.1957809,0.19967183,0.20803936,0.19851512,0.19799279
0.19855279,0.20346709,0.2028086,0.19977053,0.195401
0.19524574,0.20351157,0.20436321,0.19974738,0.19713214
0.1952724,0.20359978,0.20402873,0.19991782,0.19718127
0.19366533,0.2032469,0.2063968,0.19907704,0.19761394
0.19642371,0.19930677,0.20958278,0.19729462,0.19739208
0.19749072,0.20377886,0.20219648,0.20023318,0.19630077
0.19795242,0.20325205,0.20458825,0.19868638,0.19552085
0.19314495,0.2035043,0.20825572,0.19791797,0.19717704
0.19258815,0.20415582,0.20522685,0.19988963,0.19813953
0.1979124,0.19941588,0.20911132,0.19730863,0.19625181
0.19627252,0.20392118,0.20405295,0.20017205,0.19558124
0.19620001,0.20379315,0.20454684,0.19926123,0.19619876
0.19322962,0.20333225,0.2077301,0.19859685,0.1971112
0.19304432,0.2045748,0.20445047,0.19997025,0.19796018
0.19554572,0.20050824,0.20811336,0.19826914,0.1975636
0.19756195,0.20320702,0.20419225,0.19921726,0.19582154
0.19727325,0.2038399,0.20324609,0.19995601,0.19568475
0.1959381,0.20334539,0.20592003,0.19845474,0.19634174
0.1941811,0.2045573,0.20494486,0.19933337,0.19698331
0.19830641,0.20043856,0.20617974,0.19817737,0.19689794
0.19670333,0.20311703,0.20707001,0.19797213,0.19513744
0.19470412,0.20427495,0.20357524,0.19971593,0.1977298
0.19635507,0.2038113,0.20493543,0.19847868,0.19641957
0.19379629,0.20454419,0.20483316,0.1995046,0.19732173
0.19811203,0.19994968,0.20838621,0.19726607,0.196286
0.19550732,0.20421503,0.2032039,0.2013144,0.19575936
0.19528733,0.20343603,0.20632707,0.19818263,0.19676694
0.19348577,0.20396328,0.20631415,0.19925854,0.1969783
0.19401543,0.20419589,0.20546004,0.199097,0.19723162
0.19798067,0.20010325,0.2063723,0.19846329,0.1970804
0.19735907,0.2027602,0.20570536,0.19860059,0.19557478
0.19776276,0.20301245,0.20442203,0.19865428,0.1961485
0.19592363,0.20352909,0.20370814,0.19971442,0.19712472
0.19552915,0.20322308,0.20693883,0.19842961,0.19587934
0.19858384,0.19818313,0.20730238,0.1984585,0.19747213
0.1984956,0.20311528,0.20474893,0.19944176,0.19419838
0.19751796,0.2026409,0.20648508,0.1986956,0.19466043
0.19343024,0.20365626,0.20660402,0.19892764,0.19738187
0.19541767,0.20293571,0.20820247,0.19799466,0.19544952
0.2012044,0.19755165,0.20982803,0.19620831,0.19520761
0.19750215,0.20224011,0.20593059,0.19887498,0.19545221
0.19693607,0.20289996,0.20589021,0.19853258,0.19574118
0.19643009,0.20326802,0.2066344,0.1981196,0.19554795
0.19523849,0.20345241,0.20807809,0.19754654,0.19568446
0.19912268,0.19903462,0.20982952,0.19645624,0.19555691
0.19768539,0.20236367,0.20622282,0.1982905,0.1954376
0.19775377,0.20375593,0.20317647,0.19986665,0.19544722
0.1975321,0.20283756,0.20588265,0.19796911,0.1957786
0.19398136,0.20393056,0.20640662,0.19815023,0.19753125
0.19946085,0.19825608,0.21053772,0.19542153,0.19632386
0.19799343,0.2023081,0.2069732,0.19782943,0.19489585
0.19478115,0.2030885,0.20641434,0.19871451,0.1970015
0.1969681,0.20314589,0.2046889,0.19916125,0.19603589
0.1948879,0.20303747,0.20698394,0.19783105,0.19725966
0.19709992,0.19874921,0.20968919,0.19725402,0.19720766
0.19730356,0.20235348,0.20476957,0.19944806,0.19612534
0.19475345,0.20333327,0.20562136,0.19976847,0.19652346
0.19580409,0.20360096,0.20428754,0.19936264,0.19694474
0.1949661,0.20260224,0.20746872,0.19761127,0.19735168
0.1998119,0.198002,0.2116185,0.19570154,0.19486609
0.19718727,0.20235814,0.20527653,0.19915903,0.19601904
0.18999644,0.19346794,0.19336283,0.20550342,0.21766937
0.19366424,0.20396152,0.20184574,0.20056804,0.19996049
0.19362558,0.20399892,0.20353778,0.20011742,0.19872032
0.19683355,0.19968142,0.20709631,0.198666,0.19772273
0.19776197,0.20366856,0.2032722,0.19987452,0.19542277
0.19646278,0.20306256,0.20538221,0.1992278,0.19586466
0.19433427,0.2030053,0.20648701,0.1983153,0.19785817
0.19456385,0.20357175,0.20460987,0.19940434,0.19785015
0.19866285,0.19825752,0.21119232,0.19558503,0.1963023
0.19934952,0.20239472,0.20286372,0.19917373,0.19621828
0.19764301,0.202671,0.2037944,0.19943388,0.19645764
0.19467476,0.2023825,0.20742087,0.19759929,0.19792265
0.19470118,0.20298873,0.20844847,0.19752012,0.1963415
0.19821319,0.19797076,0.2123834,0.19533251,0.19610015
0.19687356,0.20252858,0.20665284,0.19854344,0.19540153
0.19641809,0.20234653,0.20647107,0.19841246,0.19635192
0.1953701,0.20260626,0.20678124,0.19819751,0.19704488
0.19511306,0.20235738,0.20865801,0.19683467,0.19703688
0.19659042,0.1982988,0.20986845,0.19771339,0.19752891
0.19809142,0.20127909,0.20987222,0.19621481,0.19454247
0.19487233,0.20222437,0.2071934,0.1978801,0.19782977
0.1967612,0.20197304,0.20706466,0.19786415,0.19633694
0.19406597,0.2022931,0.2076644,0.19779743,0.19817907
0.19719489,0.19764762,0.2124813,0.19584939,0.1968268
0.196096,0.20161618,0.20866632,0.19775288,0.19586858
0.19715951,0.20137028,0.20772254,0.19640115,0.19734652
0.19518727,0.20182909,0.20760955,0.19747607,0.19789807
0.19626254,0.20192464,0.20767204,0.19710927,0.19703153
0.1973057,0.19765475,0.21210782,0.19552256,0.19740923
0.19644678,0.20112374,0.2107447,0.19635831,0.1953265
0.19606608,0.20157555,0.20862083,0.19713636,0.19660121
0.19553873,0.201635,0.20763496,0.19716544,0.19802582
0.19415708,0.20200823,0.20847413,0.19766136,0.1976992
0.19775665,0.19720668,0.21282662,0.19517423,0.19703579
0.19532657,0.20129602,0.20971231,0.19715907,0.196506
0.19349587,0.20207565,0.20802127,0.19774851,0.19865872
0.1952962,0.20120949,0.20879734,0.19698933,0.19770764
0.19402078,0.2021354,0.20796931,0.19729932,0.19857523
0.197875,0.19732882,0.21296616,0.19518903,0.19664103
0.19584316,0.2008644,0.21063936,0.19616418,0.19648887
0.19451351,0.20129772,0.20965734,0.19678499,0.19774641
0.19297293,0.2022159,0.20845982,0.19767085,0.19868052
0.19237651,0.20196548,0.20949422,0.19723682,0.198927
0.1973396,0.19718471,0.21184663,0.19584933,0.19777976
0.19536398,0.2009032,0.21012403,0.19674563,0.19686309
0.19413598,0.2012694,0.20970745,0.19680111,0.1980861
0.19497238,0.20147525,0.20763025,0.19673799,0.19918412
0.19260076,0.20251831,0.20817295,0.19737057,0.1993374
0.19713657,0.19615579,0.21229099,0.1956334,0.19878328
0.19541752,0.20071481,0.21164215,0.19619715,0.19602834
0.19387424,0.2013809,0.2103782,0.19698721,0.19737943
0.19300036,0.20134243,0.20919445,0.19693756,0.1995252
0.19223799,0.20198463,0.20882788,0.19737686,0.19957265
0.19748104,0.19677927,0.21224229,0.19529708,0.19820032
0.1949792,0.20026259,0.2127959,0.19549145,0.19647086
0.19454962,0.20086291,0.21065441,0.1962298,0.19770323
0.19246502,0.20160624,0.20887426,0.19681372,0.20024073
0.19321361,0.20161204,0.20987585,0.19664305,0.1986554
0.19781548,0.19523987,0.21453284,0.19376084,0.19865097
0.19431134,0.20049468,0.21176897,0.19590151,0.19752352
0.19327426,0.20086674,0.2112263,0.19614373,0.19848894
0.19249849,0.20161098,0.20836528,0.19709589,0.20042937
0.19241415,0.20179728,0.20902583,0.19678514,0.19997759
0.19661097,0.1958636,0.21320675,0.1949592,0.19935948
0.19444868,0.20071949,0.2098932,0.19697861,0.19795996
0.19334751,0.20085831,0.21047212,0.19590952,0.19941255
0.19246483,0.20189989,0.2083567,0.1972365,0.2000421
0.19275825,0.20195499,0.20810628,0.19694254,0.20023796
0.19644038,0.195661,0.21420896,0.19450603,0.19918363
0.19504802,0.19979359,0.21231675,0.19514912,0.19769247
0.1943427,0.2008453,0.21051906,0.19574976,0.19854315
0.19230065,0.2011,0.20960353,0.19638528,0.20061056
0.19189249,0.20159413,0.2091411,0.19601452,0.20135772
0.19691435,0.19617063,0.21212792,0.19552565,0.19926147
0.19329746,0.2006341,0.21178848,0.19560249,0.19867745
0.19295157,0.2013722,0.20826833,0.19731802,0.20008989
0.19237228,0.20103288,0.21020935,0.1957847,0.20060082
0.1900944,0.20268267,0.20913763,0.19715424,0.20093103
0.19549327,0.19541325,0.21705502,0.19334093,0.19869754
0.19340613,0.20014039,0.21418996,0.19572046,0.19654304
0.19314837,0.20087183,0.21041733,0.19621137,0.19935115
0.19000073,0.20219983,0.20960122,0.19744807,0.20075011
0.19192636,0.20131223,0.21081108,0.19566323,0.20028715
0.19696441,0.1946363,0.21435659,0.1942952,0.19974753
0.19473161,0.19957384,0.21314257,0.19532606,0.19722591
0.19227211,0.20090479,0.21041879,0.19633554,0.20006877
0.1901461,0.20216167,0.20841202,0.19812573,0.20115447
0.19222493,0.20119314,0.20967184,0.19628197,0.20062813
0.19518898,0.19554563,0.21625637,0.19439407,0.19861494
0.19529974,0.19902296,0.21539919,0.19401543,0.19626264
0.19389437,0.20006876,0.21165769,0.19511381,0.19926536
0.19253364,0.20047641,0.21047059,0.19535565,0.20116368
0.19349882,0.20085512,0.2101093,0.19631766,0.1992191
0.1958861,0.19534357,0.2152844,0.19447716,0.19900876
0.19436657,0.1993763,0.21408324,0.19479685,0.19737703
0.19267948,0.20115869,0.2091381,0.19677044,0.20025328
0.19192274,0.20156586,0.2083943,0.19729635,0.20082071
0.19159555,0.20217633,0.20859016,0.19701265,0.20062532
0.19746336,0.19393206,0.21544707,0.19344713,0.1997104
0.19457279,0.19956909,0.21205412,0.1953644,0.19843966
0.19245704,0.2011711,0.20845456,0.19741707,0.20050023
0.19186576,0.20110908,0.20838988,0.19639131,0.20224391
0.18899217,0.20260313,0.20789857,0.19763258,0.20287354
0.19602536,0.19441867,0.21514623,0.19431485,0.2000949
0.19280429,0.20061636,0.21265414,0.19593744,0.1979878
0.19288662,0.20079255,0.2088367,0.1965767,0.20090745
0.19162208,0.2015475,0.2082709,0.1970098,0.20154974
0.1896267,0.20278382,0.20596436,0.19821554,0.2034096
0.19382694,0.19609055,0.21335827,0.19528586,0.20143841
0.19189411,0.20162718,0.20945859,0.19707027,0.19994985
0.19319645,0.20100026,0.20839994,0.19682327,0.20058008
0.19103037,0.20192516,0.2058776,0.19858493,0.20258191
0.19020939,0.20219472,0.2073582,0.19743626,0.2028014
0.19598177,0.19565675,0.21126351,0.1954878,0.20161018
0.19380166,0.20038539,0.20910715,0.19597916,0.20072666
0.19391793,0.20052885,0.20775858,0.19686405,0.2009306
0.19127019,0.20146723,0.2081706,0.19703524,0.2020568
0.19136141,0.20177004,0.20699745,0.19752672,0.20234433
0.19602843,0.1956183,0.21338005,0.19442053,0.20055264
0.19378312,0.2000755,0.21020186,0.1962065,0.19973306
0.19318272,0.20093611,0.20751628,0.19702682,0.2013381
0.1911039,0.20158032,0.20640491,0.19789729,0.20301358
0.1908523,0.20139128,0.20668416,0.1974938,0.20357843
0.19689208,0.19521268,0.21104549,0.19563994,0.20120978
0.19467568,0.2000447,0.20966144,0.1963825,0.19923571
0.19276525,0.20120524,0.20682453,0.19760649,0.20159853
0.19055413,0.20144193,0.20697646,0.1980739,0.20295359
0.19166276,0.20144488,0.20704022,0.19723341,0.20261878
0.19594088,0.19539076,0.21275158,0.19538474,0.20053205
0.19321392,0.19991489,0.21024674,0.19601081,0.2006136
0.19234012,0.20083393,0.20798966,0.1972819,0.20155437
0.19166735,0.20078886,0.20688924,0.19757685,0.20307769
0.1915507,0.20075677,0.20814215,0.19665448,0.20289586
0.19702454,0.19422857,0.2122472,0.19512387,0.20137584
0.19197723,0.20071986,0.20939621,0.19703515,0.20087154
0.192673,0.20061147,0.20885846,0.19661579,0.20124127
0.19319348,0.20103602,0.20685059,0.19701494,0.20190498
0.19120438,0.20112237,0.20804274,0.19694158,0.20268896
0.19630426,0.1945874,0.2127882,0.19517049,0.20114966
0.19312719,0.19962126,0.21013242,0.19596912,0.20114994
0.19189237,0.20034531,0.20869221,0.19706942,0.20200069
0.19245808,0.20100923,0.20638411,0.19759776,0.20255083
0.19186752,0.20099524,0.20684971,0.1970954,0.20319217
0.19490075,0.1953579,0.2109447,0.19691385,0.20188278
0.19362776,0.19987749,0.21040106,0.1959929,0.20010078
0.19346757,0.19963072,0.20935759,0.19620238,0.20134175
0.19282502,0.20091361,0.20584331,0.1981366,0.20228148
0.19056848,0.20149367,0.20684429,0.19822034,0.20287317
0.19579862,0.19466057,0.21328819,0.19555123,0.20070137
0.19272888,0.2000648,0.20969978,0.19637446,0.20113215
0.19223638,0.20027965,0.20823456,0.19735162,0.2018978
0.19131875,0.20116803,0.20678432,0.19793206,0.20279683
0.19022657,0.20126598,0.20794582,0.19807349,0.20248818
0.19564176,0.19464582,0.21033014,0.19709189,0.20229037
0.19223621,0.20079464,0.20796177,0.19812658,0.20088078
0.19331531,0.20057231,0.20701577,0.19739471,0.2017019
0.1913268,0.2005223,0.20850575,0.19720654,0.20243861
0.19242662,0.20129171,0.20600095,0.19759722,0.2026835
0.19650596,0.19379394,0.21254523,0.19508651,0.20206839
0.19200826,0.20033656,0.20924652,0.1975672,0.20084147
0.19243777,0.19977346,0.21014935,0.19658136,0.20105809
0.19264853,0.20081203,0.206573,0.1973624,0.20260407
0.19256854,0.20073088,0.20633452,0.19702226,0.2033438
0.19732763,0.1940446,0.2113036,0.19553988,0.20178428
0.19265004,0.20029591,0.2099254,0.1966685,0.2004602
0.19355631,0.20030662,0.20693837,0.19749199,0.2017067
0.19216867,0.20047848,0.20853402,0.19688913,0.20192967
0.19165805,0.20099251,0.20706955,0.19768797,0.20259197
0.19616641,0.19517921,0.2083339,0.19782591,0.20249456
0.19011818,0.20111786,0.20907548,0.1986555,0.20103298
0.19127214,0.20111762,0.20663194,0.19834584,0.20263252
0.1925298,0.20082112,0.20680796,0.19694668,0.20289445
0.19005825,0.20242205,0.20534737,0.19883333,0.20333898
0.19577652,0.19501665,0.21003486,0.197079,0.20209295
0.1940678,0.20041248,0.2081137,0.19657952,0.20082651
0.19011712,0.20134473,0.20768483,0.19869463,0.20215864
0.19136547,0.20131853,0.20649326,0.19831787,0.20250484
0.19183865,0.20133404,0.20600855,0.19760166,0.20321707
0.1971384,0.19398826,0.21199256,0.19492128,0.20195946
0.19197705,0.20142932,0.20677228,0.19883549,0.20098588
0.19222969,0.20116512,0.20672129,0.19810842,0.20177548
0.19212367,0.20142879,0.20733923,0.19771132,0.20139694
0.19235006,0.20132004,0.20740813,0.19735955,0.20156224
0.19617245,0.19440597,0.21250641,0.19613492,0.20078021
0.19405386,0.2005189,0.20836514,0.19751732,0.19954473
0.19358692,0.2001575,0.20804432,0.1968218,0.20138949
0.19311184,0.20172429,0.20565714,0.19820479,0.20130196
0.19183548,0.20176165,0.2054594,0.19825274,0.20269069
0.19473925,0.19530879,0.21137597,0.1974674,0.2011086
0.19477625,0.20000866,0.20886642,0.1966617,0.19968697
0.19312163,0.2013812,0.20646605,0.19884256,0.20018853
0.19255497,0.20148888,0.20742145,0.19816297,0.2003717
0.19215941,0.20191985,0.20561348,0.19920412,0.20110314
0.1978631,0.19348808,0.21173592,0.19636698,0.20054588
0.19443965,0.20000379,0.20959368,0.1967808,0.19918206
0.19327079,0.2014308,0.20803446,0.19837062,0.19889334
0.19262244,0.20189527,0.20696631,0.19847928,0.2000367
0.19433722,0.20109648,0.20723154,0.19761528,0.19971946
0.19862005,0.19293013,0.21385725,0.19530667,0.19928586
0.19618888,0.19948938,0.21011356,0.1961497,0.19805847
0.19605708,0.20003878,0.20942168,0.19634494,0.19813752
0.19401315,0.2008565,0.20838273,0.19753653,0.19921112
0.19338225,0.2018178,0.20682362,0.19844444,0.19953191
0.19746475,0.19339745,0.21283075,0.19622408,0.20008299
0.19463709,0.20026487,0.20926215,0.19750564,0.19833025
0.19455887,0.20112425,0.20788912,0.19844039,0.19798736
0.19486715,0.20117176,0.20693748,0.19837902,0.19864456
0.19373284,0.2017858,0.20625143,0.19806658,0.20016333
0.19799407,0.19375752,0.21284655,0.19615954,0.1992423
0.19592953,0.20049492,0.20914617,0.19787124,0.19655816
0.19632703,0.20060535,0.20800069,0.19821674,0.19685021
0.1950347,0.2009186,0.20758621,0.19815594,0.1983045
0.19430716,0.20200181,0.20665894,0.1979614,0.19907063
0.19643164,0.19430183,0.21029206,0.1973791,0.20159532
0.19434936,0.20120157,0.20953082,0.19760199,0.19731624
0.19533947,0.20016347,0.2083711,0.19832729,0.19779867
0.19451064,0.20119292,0.20762967,0.19813904,0.19852775
0.19350241,0.20191519,0.2066771,0.19813803,0.19976729
0.19727494,0.19244091,0.21296759,0.19757316,0.19974346
0.19681616,0.19994913,0.21141537,0.19722381,0.19459559
0.1957028,0.20094079,0.20799401,0.19866125,0.19670117
0.19511639,0.20098776,0.20775735,0.1980285,0.19811004
0.19523309,0.2008775,0.21022168,0.19729,0.19637768
0.19783245,0.1935845,0.21296561,0.19732569,0.19829176
0.19788621,0.19871604,0.21241197,0.1965428,0.19444297
0.19603434,0.19929828,0.2100932,0.19757655,0.19699763
0.1953437,0.2000571,0.21053946,0.19661431,0.1974454
0.19527261,0.20025495,0.20837341,0.19805595,0.19804308
0.20228952,0.19216208,0.20992498,0.19765852,0.19796492
0.19826958,0.20033276,0.20571794,0.19977568,0.19590406
0.19855176,0.20067744,0.20625205,0.19880612,0.19571264
0.19335406,0.2009467,0.21013197,0.19864957,0.1969177
0.19593546,0.2008758,0.20873822,0.19841984,0.19603065
0.20042229,0.19143534,0.21349454,0.19655444,0.1980934
0.19557258,0.1997468,0.21316296,0.19695452,0.19456308
0.1931618,0.20088941,0.21182768,0.19792256,0.19619852
0.19608042,0.20027497,0.20993422,0.19758904,0.19612135
0.19571294,0.19958512,0.21013647,0.19733754,0.19722794
0.1995105,0.19267975,0.21184225,0.19894864,0.19701882
0.19663133,0.20028669,0.21118702,0.19777322,0.19412175
0.19551457,0.19977385,0.21085845,0.19797231,0.19588077
0.19544192,0.20040368,0.2094622,0.19853264,0.19615957
0.19560833,0.20026994,0.20990779,0.19811933,0.19609466
0.19942205,0.19254775,0.21354568,0.1982126,0.19627193
0.19631942,0.20071332,0.21405426,0.19672206,0.19219096
0.19546346,0.20043303,0.21383794,0.19699605,0.19326958
0.195757,0.19820245,0.21132796,0.19782396,0.19688864
0.19396532,0.20039651,0.2108357,0.1983453,0.19645716
0.20213331,0.19302471,0.20890683,0.19991055,0.19602463
0.19700514,0.20165022,0.20896919,0.20097296,0.19140248
0.19762027,0.20061514,0.20888469,0.19927992,0.1936
0.19517316,0.19794525,0.21242759,0.19789289,0.19656114
0.19570872,0.19867069,0.20970796,0.19867511,0.1972375
0.2002317,0.19232994,0.21285138,0.1995931,0.1949939
0.19678836,0.19990417,0.214777,0.19779974,0.19073072
0.19668007,0.19961034,0.21309091,0.19754498,0.19307368
0.19459814,0.2026932,0.209339,0.19901836,0.19435136
0.19538425,0.20199706,0.20864475,0.19937699,0.19459692
0.20098689,0.19127658,0.21251969,0.19998273,0.19523408
0.19667313,0.19966397,0.21618533,0.19859388,0.18888377
0.19619192,0.19928512,0.2106821,0.1996641,0.19417676
0.1967111,0.1997268,0.21014696,0.19899777,0.19441736
0.19950083,0.19998798,0.20530842,0.19971855,0.19548427
0.20029461,0.19255856,0.21109395,0.20176353,0.19428934
0.1951891,0.19858734,0.215935,0.19860938,0.19167916
0.19557652,0.20046483,0.21016528,0.19961284,0.19418058
0.19627737,0.19911236,0.21100469,0.19843213,0.19517346
0.19533612,0.19998077,0.20835978,0.20001982,0.19630352
0.2024687,0.19279008,0.21002755,0.20053786,0.19417584
0.19622022,0.19945328,0.21613829,0.19926928,0.18891892
0.19649723,0.2010021,0.20997219,0.20007032,0.19245812
0.19721046,0.20130648,0.20736748,0.20052919,0.19358638
0.19984944,0.19916107,0.20375878,0.20126377,0.19596693
0.20135935,0.19293217,0.20984961,0.20211011,0.19374877
0.19806099,0.2008359,0.2119917,0.19991219,0.1891992
0.19628957,0.19859135,0.21167386,0.19968054,0.19376466
0.1984788,0.19922143,0.20734777,0.20026879,0.19468318
0.19787188,0.19761407,0.20757231,0.19914283,0.19779894
0.20024422,0.1942913,0.20888455,0.20377675,0.19280317
0.19673698,0.19979058,0.21317627,0.2001243,0.19017193
0.1982988,0.19713163,0.21089691,0.19927782,0.19439487
0.19681711,0.20166452,0.20672303,0.20108162,0.1937137
0.20100105,0.2001089,0.20320699,0.20116025,0.19452287
0.20198339,0.19396105,0.20690818,0.20328625,0.19386116
0.19763003,0.19718443,0.21323992,0.19978228,0.19216335
0.19695626,0.20010869,0.20941488,0.20036067,0.19315952
0.19585755,0.19926828,0.20879208,0.19991082,0.19617131
0.19503343,0.19978727,0.2076469,0.20131779,0.1962146
0.2037231,0.1948282,0.20177746,0.20532095,0.19435029
0.19910288,0.19882628,0.20939822,0.200836,0.19183655
0.19783315,0.19841212,0.21023962,0.2000317,0.19348337
0.19772044,0.19594115,0.20881703,0.19981454,0.19770683
0.19688182,0.1943364,0.20867737,0.19963649,0.20046788
0.20082116,0.19492097,0.2056744,0.2047403,0.19384313
0.19657788,0.19986512,0.21044452,0.20078169,0.1923308
0.19893658,0.19548033,0.2080918,0.20046654,0.19702473
0.19733378,0.20154358,0.2070709,0.20019718,0.19385456
0.1964814,0.20155199,0.20596437,0.20106451,0.1949377
0.1999978,0.19355248,0.20903373,0.20386668,0.19354934
0.19658007,0.19531843,0.21327157,0.1998224,0.1950075
0.1982607,0.20034714,0.20692506,0.20050181,0.19396524
0.19653621,0.20023115,0.20640235,0.20175783,0.19507253
0.19723764,0.20075038,0.20635964,0.20095561,0.19469674
0.20111844,0.19434974,0.20807102,0.20448518,0.19197562
0.1976423,0.20161816,0.21161114,0.20015956,0.18896882
0.19735013,0.20165482,0.20688403,0.20170157,0.19240947
0.20069389,0.20017949,0.20338704,0.20094524,0.19479439
0.19672473,0.19801329,0.2063982,0.20069604,0.19816773
0.19975014,0.19524477,0.20612265,0.20560668,0.19327575
0.19726363,0.19954072,0.21035911,0.20119205,0.19164447
0.1967366,0.19990788,0.20797035,0.20088951,0.19449568
0.19666581,0.20022498,0.20457721,0.20084073,0.19769126
0.19825,0.19594118,0.2043054,0.20127401,0.20022936
0.20145959,0.19488265,0.20623942,0.2059826,0.19143575
0.19868769,0.2015283,0.20905167,0.20159844,0.18913393
0.1986592,0.19655855,0.20542279,0.20231086,0.19704859
0.19525687,0.19694673,0.20850004,0.2008972,0.19839916
0.19635421,0.1989107,0.2067948,0.20042804,0.19751227
0.20100816,0.19497894,0.2053132,0.20681864,0.19188102
0.19710773,0.20107518,0.20815077,0.20110425,0.19256201
0.19367857,0.20355356,0.2100589,0.20088014,0.1918288
0.19493744,0.20278142,0.20922661,0.20135146,0.19170308
0.19650728,0.19876808,0.20464234,0.20167193,0.19841039
0.20168887,0.19520776,0.20586595,0.2066719,0.19056551
0.19681115,0.19815642,0.20889251,0.20171052,0.19442937
0.19563787,0.20139308,0.20814775,0.20071512,0.19410619
0.19404888,0.20176157,0.20588961,0.20144387,0.19685608
0.1920331,0.2044314,0.20446168,0.20213056,0.19694325
0.20284985,0.19627362,0.2029952,0.20842901,0.18945235
0.19519624,0.20131238,0.20998593,0.20162806,0.19187735
0.19519837,0.20208944,0.20699209,0.20139764,0.19432244
0.19611369,0.19983862,0.20369183,0.20294239,0.19741349
0.19236815,0.20526113,0.20698515,0.20068727,0.19469833
0.20394254,0.19663556,0.20172943,0.20783906,0.1898534
0.19466832,0.20220523,0.2101739,0.20136951,0.19158305
0.19398928,0.20650557,0.20641367,0.20201413,0.19107732
0.194324,0.2077368,0.20815165,0.20031305,0.18947451
0.19301827,0.20734267,0.2035615,0.20308177,0.19299573
0.2010499,0.19729672,0.20311901,0.20921619,0.18931821
0.19283229,0.20774445,0.20906706,0.20208377,0.18827243
0.19259594,0.20986184,0.20430215,0.20299147,0.19024855
0.1926628,0.21343608,0.20458627,0.20165533,0.18765956
0.19066522,0.21689446,0.20023671,0.20321469,0.18898891
0.20610236,0.1977146,0.19723119,0.2117966,0.18715532
0.19387253,0.20551133,0.2055207,0.2041528,0.1909426
0.19260173,0.20997818,0.20406337,0.2037766,0.18958014
0.19099051,0.21747464,0.20163918,0.20394099,0.18595472
0.18999009,0.21851279,0.20195138,0.2035082,0.18603754
0.2004377,0.19934978,0.20022859,0.20987475,0.1901092
0.19022262,0.21451877,0.20968996,0.2032818,0.18228689
0.1920532,0.21555676,0.20395155,0.20295517,0.18548332
0.19293478,0.21756062,0.20108771,0.20367616,0.1847407
0.1905123,0.22140811,0.19954658,0.20398153,0.18455148
0.2008881,0.19842994,0.20221317,0.2108933,0.18757552
0.1917655,0.2174918,0.2057968,0.20334981,0.18159606
0.19179124,0.2212061,0.19997905,0.20321743,0.18380623
0.18945935,0.221836,0.20489444,0.20325258,0.18055761
0.190529,0.22162087,0.19912677,0.20464173,0.18408164
0.20058288,0.19717139,0.20330767,0.21114169,0.18779634
0.18925264,0.22029309,0.20565842,0.20420359,0.18059227
0.18952362,0.22378647,0.20206217,0.20344827,0.18117948
0.18981594,0.2268713,0.19803517,0.20430396,0.18097359
0.18748757,0.22699451,0.20036764,0.20556934,0.17958093
0.20041774,0.19766246,0.2031143,0.21122077,0.18758473
0.18851608,0.2221061,0.20439318,0.20534264,0.17964202
0.18679687,0.22566204,0.20301354,0.20411095,0.18041663
0.18720773,0.22903718,0.2007753,0.20407228,0.17890754
0.18932316,0.23124759,0.19465235,0.20514439,0.17963251
0.20108926,0.2000531,0.19618548,0.21565035,0.18702173
0.19908953,0.19544083,0.21489492,0.19545558,0.19511917
0.19573629,0.20213875,0.20878296,0.19889611,0.1944459
0.19459532,0.20211506,0.20870431,0.19931436,0.19527099
0.19418046,0.20275559,0.20694228,0.19997129,0.19615036
0.1945246,0.2022179,0.20645326,0.1987277,0.19807649
0.1970753,0.19609024,0.21170263,0.19723265,0.19789924
0.19723786,0.20233543,0.20647141,0.19884089,0.19511442
0.19593792,0.2009578,0.2076043,0.19774316,0.19775683
0.194567,0.201322,0.20657322,0.19890372,0.19863406
0.19643928,0.20322564,0.20500585,0.1985094,0.19681986
0.19883582,0.19673227,0.2093055,0.19725169,0.1978747
0.19562502,0.20196204,0.20792484,0.1980872,0.19640093
0.19590881,0.20156312,0.20728551,0.19751386,0.19772871
0.19426756,0.20277354,0.20527522,0.19918926,0.19849439
0.19519983,0.20276612,0.20530145,0.19839683,0.19833575
0.19611548,0.19738975,0.21007438,0.19791006,0.19851038
0.19784917,0.20173945,0.20677795,0.196971,0.1966624
0.19628848,0.20234458,0.20440061,0.19890194,0.19806439
0.19531655,0.2026461,0.20500752,0.1991948,0.19783501
0.19524224,0.20279881,0.20435113,0.19987889,0.1977289
0.1964316,0.19818383,0.21029527,0.19743957,0.19764973
0.19607678,0.20209703,0.2062087,0.19844626,0.19717126
0.1963463,0.20209058,0.20523167,0.19797099,0.19836049
0.19495681,0.20249797,0.20568848,0.19847718,0.19837955
0.1956904,0.20295408,0.20497872,0.19815029,0.1982265
0.19863106,0.19824933,0.2086391,0.197006,0.19747446
0.19656695,0.2023699,0.20681208,0.198135,0.19611609
0.1959297,0.20275621,0.20486696,0.19862579,0.19782136
0.19685674,0.20147482,0.20588915,0.1974101,0.19836916
0.19646887,0.2025561,0.20362262,0.19838208,0.19897027
0.19725312,0.19778158,0.21033064,0.19606325,0.19857143
0.19678178,0.20124486,0.20757005,0.1968363,0.19756706
0.1955346,0.20215744,0.20706403,0.19761667,0.19762732
0.19528225,0.20278192,0.20602845,0.19799748,0.19790992
0.19305235,0.20262556,0.20700595,0.1988034,0.1985127
0.19954583,0.19803056,0.20877437,0.19615419,0.19749506
0.19691841,0.2017518,0.20627059,0.19740045,0.1976587
0.19464372,0.201073,0.2081716,0.19725876,0.1988529
0.19480602,0.20154494,0.20753184,0.1972524,0.19886477
0.1951074,0.20248069,0.20517966,0.19827273,0.1989595
0.19741449,0.19808362,0.2093608,0.19629808,0.19884303
0.19500639,0.20167454,0.20919849,0.19688395,0.19723666
0.19562595,0.20140556,0.20864494,0.19657543,0.19774814
0.19433509,0.20209353,0.20550388,0.1985434,0.1995241
0.19554244,0.20189145,0.20624256,0.19732761,0.19899596
0.1977156,0.19889082,0.20966361,0.19731121,0.19641873
0.19528,0.20202485,0.20701984,0.19794486,0.19773045
0.19491597,0.20203806,0.20582753,0.19836698,0.19885145
0.19530483,0.20130755,0.20736122,0.19768322,0.19834322
0.19577709,0.2020764,0.20677327,0.19753036,0.19784287
0.19972372,0.1977986,0.20896041,0.19586022,0.19765703
0.1977056,0.20121859,0.20938814,0.19572887,0.19595881
0.19692613,0.20137262,0.20768152,0.1966983,0.19732144
0.19692165,0.20169786,0.20644726,0.19675753,0.19817574
0.1960475,0.20232518,0.20490322,0.19850358,0.1982205
0.19777013,0.19782475,0.20930737,0.19626486,0.19883284
0.19694428,0.20190072,0.20838155,0.19674985,0.19602361
0.19486341,0.20213898,0.20826724,0.19780353,0.19692688
0.19513288,0.20284286,0.20567977,0.19866402,0.19768044
0.19550374,0.20271407,0.2050287,0.19843331,0.19832014
0.19886081,0.19829887,0.2095366,0.19612324,0.19718048
0.19790989,0.20223093,0.2049505,0.198388,0.19652064
0.19678207,0.20247689,0.20507684,0.19850133,0.1971629
0.19726409,0.20175622,0.2053399,0.19777972,0.19786009
0.19570479,0.2018127,0.20444529,0.1989269,0.19911033
0.19886833,0.1978427,0.20972936,0.19630033,0.19725929
0.19901082,0.20208241,0.2039964,0.19827455,0.19663583
0.19853523,0.20138454,0.20715034,0.19608395,0.19684592
0.19767153,0.20279849,0.20356107,0.19822845,0.19774051
0.19664015,0.20341927,0.2010693,0.20009114,0.19878015
0.19889666,0.19801052,0.21001823,0.1958806,0.19719394
0.19732298,0.20038837,0.20886011,0.19634838,0.19708014
0.19719669,0.20084275,0.207472,0.196569,0.19791952
0.19504197,0.20204419,0.20498331,0.19824384,0.1996867
0.19584283,0.20221476,0.205692,0.19749367,0.19875675
0.19923379,0.19668998,0.21163265,0.1946853,0.19775833
0.1953177,0.2017144,0.20902197,0.1972288,0.19671716
0.19546832,0.20175792,0.20710243,0.19740067,0.19827059
0.19505611,0.20123692,0.20903584,0.19625661,0.19841449
0.19466247,0.2020721,0.20664248,0.19740751,0.19921544
0.19897252,0.19705293,0.21180232,0.195445,0.19672723
0.19767946,0.20009056,0.21137813,0.19471692,0.19613497
0.19662566,0.20075965,0.20926179,0.19562057,0.19773234
0.19607516,0.20083812,0.2111063,0.19450483,0.19747555
0.1936109,0.20154521,0.20842795,0.196808,0.19960791
0.1974682,0.19705315,0.21271178,0.19457482,0.19819207
0.19612274,0.20082167,0.21147422,0.19472742,0.19685397
0.1961412,0.2011979,0.20705675,0.19620585,0.19939828
0.1950757,0.20085478,0.20939231,0.19555028,0.19912687
0.19270536,0.20230107,0.20759273,0.19789577,0.19950508
0.19763334,0.19714,0.21194467,0.19559291,0.19768912
0.19608185,0.20019606,0.21020988,0.19555984,0.19795236
0.1945972,0.20065437,0.21141331,0.19525303,0.19808207
0.19510384,0.2010821,0.20888048,0.1954434,0.19949017
0.19448353,0.20024136,0.20947088,0.1956896,0.20011465
0.19793138,0.19572334,0.21424562,0.1935817,0.19851798
0.19652286,0.19902262,0.21431014,0.19323288,0.19691147
0.19364557,0.20110734,0.21142706,0.19561845,0.19820161
0.19629273,0.20134197,0.20724131,0.19659297,0.198531
0.19588944,0.20014308,0.20966838,0.19439135,0.19990769
0.19991526,0.19705476,0.2081981,0.19625963,0.19857226
0.19626468,0.19985548,0.21069089,0.19546689,0.19772203
0.19570684,0.20050876,0.20839362,0.195564,0.19982676
0.19452544,0.20019461,0.21073146,0.19500168,0.19954684
0.19392633,0.20101629,0.20898911,0.19546057,0.20060766
0.1985229,0.19574615,0.21210413,0.19519728,0.19842954
0.19467622,0.2005483,0.21277952,0.19511677,0.19687921
0.19423166,0.20059347,0.2113272,0.19476241,0.19908528
0.19303967,0.20164189,0.20813277,0.1969816,0.20020413
0.19409755,0.19994122,0.2110028,0.19444905,0.20050937
0.20005476,0.1955073,0.2143573,0.19332531,0.1967553
0.19536243,0.20004876,0.21169028,0.19482844,0.19807012
0.19373833,0.2006474,0.20972812,0.19575779,0.20012839
0.19354786,0.20112327,0.20662309,0.19716102,0.20154476
0.19505166,0.20026834,0.21023834,0.19407739,0.20036425
0.19847043,0.19491462,0.21515945,0.19306852,0.19838692
0.19601142,0.19961579,0.2118148,0.19517349,0.19738455
0.19648866,0.20040652,0.20914267,0.19544595,0.19851616
0.19331667,0.2008211,0.21055797,0.19535464,0.19994956
0.19391152,0.20009263,0.2080968,0.19640014,0.2014989
0.19845368,0.19519909,0.21179682,0.19453233,0.20001805
0.19740686,0.19864431,0.21444471,0.19317554,0.19632858
0.19472252,0.2001181,0.21039239,0.19514033,0.1996267
0.19432752,0.20049249,0.2092535,0.19519117,0.20073532
0.19257836,0.2006876,0.20975778,0.19480185,0.20217443
0.19959144,0.19485869,0.21353105,0.19320944,0.19880934
0.19489902,0.2000375,0.21110176,0.19520824,0.19875349
0.19274807,0.20081367,0.210346,0.1963284,0.1997639
0.19312984,0.20065394,0.21023245,0.19570114,0.2002826
0.19193998,0.19962592,0.21143354,0.19412619,0.20287438
0.19665153,0.19456278,0.21596794,0.19327813,0.19953969
0.19626963,0.1991718,0.21129476,0.19480975,0.19845411
0.19308811,0.19992635,0.21157269,0.19508933,0.20032349
0.19323261,0.20021665,0.21059537,0.19494472,0.20101063
0.19376619,0.1994609,0.2108735,0.19440366,0.2014958
0.19877099,0.1949618,0.21422726,0.19353111,0.19850887
0.1961445,0.19902343,0.2129426,0.19372104,0.19816847
0.19257921,0.2004145,0.21100602,0.19506882,0.20093149
0.19205678,0.1996557,0.21153057,0.1944257,0.20233123
0.19258311,0.20046903,0.20987608,0.19469091,0.20238087
0.19768085,0.19477881,0.21302493,0.19416119,0.20035426
0.19312854,0.19933984,0.21213776,0.19512238,0.20027147
0.19202848,0.20054057,0.2101761,0.19537479,0.20188007
0.19279219,0.19914874,0.21275981,0.19358134,0.20171791
0.19310889,0.1992019,0.2116464,0.19407165,0.20197116
0.20062633,0.19453146,0.21350178,0.19323368,0.1981067
0.19523443,0.19928454,0.21283667,0.19371364,0.19893073
0.19209392,0.200058,0.21039762,0.19573513,0.20171532
0.1915893,0.20000964,0.21148306,0.19450003,0.20241797
0.19203694,0.20061271,0.21078187,0.194764,0.20180446
0.19803545,0.1948761,0.21392344,0.19362023,0.19954477
0.19333453,0.19880623,0.21564959,0.19335201,0.19885767
0.19203964,0.20024018,0.21042685,0.19491659,0.20237671
0.19118007,0.1998312,0.21099533,0.19467755,0.2033158
0.19151162,0.20049313,0.20987104,0.19514166,0.20298254
0.19893838,0.19405074,0.21411963,0.19267364,0.20021762
0.19353282,0.19889086,0.21484981,0.1934494,0.19927709
0.1919775,0.19893251,0.2127008,0.19462283,0.2017664
0.19285029,0.19994333,0.20946349,0.19512899,0.20261393
0.1942593,0.1993345,0.21004052,0.19372171,0.20264402
0.19596243,0.19515482,0.21496351,0.19332424,0.200595
0.19533764,0.19773988,0.21690011,0.1916213,0.19840105
0.19330737,0.19929677,0.21441597,0.1934782,0.19950165
0.1887993,0.2006998,0.20976907,0.19567658,0.2050552
0.19108683,0.19904654,0.21116683,0.19410773,0.20459208
0.19844581,0.1944771,0.21368173,0.19253318,0.20086218
0.19296068,0.19921388,0.21449584,0.19341624,0.19991334
0.1913874,0.19884615,0.2152846,0.19259802,0.20188384
0.1905317,0.19898418,0.2122099,0.19353442,0.20473984
0.19128951,0.20057797,0.20862247,0.19609378,0.20341626
0.1977119,0.19478916,0.2136103,0.19318512,0.2007035
0.19189449,0.19941641,0.21520315,0.19394517,0.1995408
0.19039914,0.19917274,0.21482293,0.19321492,0.20239024
0.19192451,0.19967586,0.20957664,0.1939321,0.20489086
0.1914576,0.19965686,0.21065241,0.19402142,0.20421173
0.19760862,0.19474879,0.2115359,0.19380611,0.20230061
0.192409,0.19847348,0.2157464,0.19288076,0.20049034
0.19051781,0.19840951,0.21443975,0.1932091,0.20342384
0.19292615,0.19913055,0.20885509,0.19540155,0.20368664
0.18980075,0.19937642,0.210304,0.19535327,0.20516555
0.19690003,0.19482127,0.21396801,0.19383015,0.20048058
0.19157307,0.19946365,0.21403839,0.19350663,0.20141824
0.19062062,0.20008023,0.21056357,0.19494542,0.20379019
0.19117208,0.19851413,0.21236713,0.19324684,0.20469981
0.19007547,0.19994177,0.2084391,0.19570765,0.20583603
0.19495606,0.19464216,0.21516182,0.19292161,0.20231833
0.19292161,0.19896983,0.212557,0.19405454,0.20149705
0.19092,0.19936723,0.212164,0.19399859,0.20355017
0.19167264,0.19930874,0.2100117,0.19435185,0.20465508
0.19023895,0.19913954,0.21196012,0.19377075,0.20489067
0.1969078,0.19434638,0.21219997,0.19306475,0.20348108
0.19155137,0.19898589,0.2134219,0.19406113,0.20197973
0.19156832,0.19879977,0.21386276,0.19258979,0.20317934
0.19216222,0.19891661,0.21269143,0.19283131,0.2033984
0.18949573,0.19925608,0.21054594,0.19476382,0.20593838
0.19381855,0.1956084,0.21134062,0.19508536,0.204147
0.19240497,0.19903222,0.21384993,0.19347933,0.20123355
0.19173232,0.19862287,0.21257521,0.193106,0.20396361
0.19134092,0.20000495,0.21187554,0.19342922,0.20334938
0.19047879,0.19849513,0.21361707,0.19291762,0.2044914
0.19918321,0.1948699,0.21055251,0.19358107,0.20181327
0.19224104,0.19804406,0.21628356,0.1924331,0.2009982
0.1898234,0.20080757,0.20888278,0.19542079,0.20506547
0.19130339,0.19921221,0.2117676,0.19326322,0.20445353
0.19156124,0.1997379,0.21143888,0.1930147,0.20424725
0.19745246,0.19365051,0.21579525,0.19174314,0.20135869
0.1927445,0.19857927,0.21485303,0.1928239,0.2009993
0.19204278,0.19919617,0.21202119,0.19319543,0.2035444
0.19063509,0.20013914,0.21313006,0.19364125,0.20245446
0.18976529,0.19905645,0.21191083,0.19353081,0.2057366
0.19680795,0.19389223,0.21370865,0.19308996,0.20250122
0.19149156,0.19692215,0.21693373,0.191839,0.20281357
0.19384854,0.19698079,0.21239337,0.19273828,0.20403902
0.19219024,0.19746162,0.21094182,0.19346039,0.2059459
0.19127533,0.19950797,0.21026053,0.19385013,0.20510605
0.19936939,0.19235516,0.21346618,0.19233294,0.20247634
0.19314235,0.19785684,0.21499932,0.19189413,0.20210734
0.19212613,0.19793448,0.21305566,0.19221179,0.20467195
0.1927967,0.19909537,0.20957564,0.19378996,0.20474234
0.18951738,0.19940305,0.21034141,0.19485801,0.20588017
0.19623838,0.19421466,0.21430477,0.192907,0.20233518
0.19263,0.19731572,0.2157116,0.19176564,0.20257701
0.19103171,0.19879252,0.2117202,0.19377425,0.20468135
0.1915988,0.19838469,0.2122618,0.19267564,0.20507906
0.19097883,0.1990021,0.20961559,0.19504498,0.20535848
0.19836259,0.19303487,0.2106169,0.19448964,0.203496
0.19250758,0.19826813,0.2120058,0.19385903,0.20335945
0.19097744,0.19868875,0.21063717,0.1945768,0.20511988
0.18984637,0.19982395,0.21005872,0.19433123,0.20593971
0.19059052,0.19847918,0.21035251,0.19391546,0.20666237
0.19967659,0.19370262,0.21066216,0.19341354,0.2025451
0.19248481,0.19906528,0.21167633,0.1951098,0.20166375
0.19190899,0.19902055,0.20860991,0.19497007,0.20549048
0.19135241,0.19657934,0.21104707,0.1936586,0.20736255
0.19215946,0.19883643,0.2081754,0.19476469,0.20606399
0.19790466,0.19252673,0.21530375,0.19227201,0.20199285
0.1934126,0.19826159,0.2121316,0.19392401,0.20227021
0.19222881,0.19895865,0.21399732,0.19267854,0.2021367
0.18958099,0.200396,0.2078091,0.19589968,0.20631419
0.19164218,0.19843912,0.20890178,0.1945199,0.20649698
0.19786601,0.19353716,0.21219309,0.19359918,0.20280461
0.1948616,0.1967775,0.21400388,0.19237947,0.20197754
0.19169226,0.19801873,0.21122289,0.19422825,0.20483787
0.19056612,0.19880551,0.21073104,0.1942859,0.20561145
0.19212838,0.19913265,0.20881417,0.1939847,0.20594008
0.19691366,0.1934246,0.21303773,0.19343722,0.20318682
0.19341363,0.19742993,0.21488215,0.1928624,0.20141193
0.19203928,0.19872858,0.20944645,0.19494991,0.2048358
0.1906031,0.19830477,0.21241295,0.19443959,0.20423958
0.1916826,0.19779219,0.21058577,0.19412445,0.20581499
0.19828193,0.19250132,0.21391904,0.19224459,0.20305312
0.19192964,0.19632506,0.21590768,0.19233096,0.20350665
0.19353987,0.19799744,0.20963205,0.19458109,0.20424955
0.19401975,0.19679801,0.20999542,0.19369341,0.20549339
0.19109336,0.19881554,0.20891412,0.19488227,0.20629472
0.19985858,0.19612312,0.2068598,0.1953658,0.20179272
0.19474018,0.19810167,0.21437208,0.19262604,0.20015998
0.19219121,0.19807924,0.21521589,0.19249496,0.20201866
0.19158149,0.19856519,0.21381587,0.19249363,0.20354383
0.19227827,0.19843668,0.21220568,0.19270973,0.20436962
0.20095938,0.1917915,0.21506563,0.1914053,0.20077819
0.19319536,0.1973424,0.21670176,0.1920333,0.20072718
0.19158797,0.19823582,0.21217893,0.19378966,0.2042076
0.19174954,0.19884342,0.2113984,0.19365269,0.20435597
0.19405687,0.19846341,0.20797993,0.19496733,0.20453244
0.19767688,0.1914461,0.21629006,0.19186477,0.2027222
0.19487536,0.19700779,0.21449654,0.19284435,0.20077592
0.19504768,0.19852065,0.21019161,0.19394447,0.2022956
0.19265728,0.19871812,0.21083724,0.19360577,0.20418158
0.19145602,0.19906566,0.21012342,0.1944018,0.2049531
0.19619103,0.19275841,0.21333925,0.19379458,0.20391673
0.19306211,0.19809994,0.21372673,0.19328152,0.20182973
0.1932439,0.1979416,0.21155386,0.19291206,0.20434862
0.18975025,0.19528815,0.21415457,0.1931555,0.20765154
0.19175978,0.19783798,0.21177201,0.19378032,0.20484988
0.19744435,0.19230123,0.21276662,0.19360629,0.2038815
0.19336137,0.1982594,0.21351288,0.19333908,0.20152731
0.1937764,0.1981874,0.21142703,0.19291186,0.20369737
0.19253288,0.19764993,0.21062882,0.19379978,0.2053886
0.19273919,0.19744211,0.21049823,0.19405879,0.20526168
0.19884093,0.19233438,0.2112639,0.19376253,0.20379823
0.19484347,0.19758362,0.21215849,0.19343084,0.20198357
0.19228098,0.19832315,0.2121782,0.19384962,0.2033681
0.19411884,0.1967625,0.21161915,0.192967,0.2045325
0.19353716,0.19831684,0.20928065,0.1941521,0.20471321
0.20030218,0.19205408,0.21218564,0.19219391,0.20326415
0.19518802,0.19736747,0.2122535,0.1929742,0.20221685
0.19447106,0.19874902,0.21011406,0.19438381,0.20228209
0.19292787,0.19768998,0.210185,0.19441274,0.2047844
0.19376911,0.19883943,0.20792761,0.19449891,0.20496494
0.1975176,0.19290078,0.2131614,0.1937756,0.20264463
0.19483955,0.19706938,0.21310909,0.1937932,0.20118879
0.19500746,0.19862965,0.20898496,0.19441397,0.20296396
0.19458307,0.19797744,0.20922454,0.19433267,0.20388225
0.19500102,0.19769697,0.20684576,0.19503422,0.20542201
0.19648454,0.19363517,0.21276115,0.19417259,0.20294659
0.19663456,0.1969505,0.21063204,0.19409487,0.201688
0.19376563,0.19718608,0.21074466,0.19463526,0.20366836
0.19413319,0.19743681,0.20992023,0.19359186,0.20491786
0.19379583,0.19676925,0.20869038,0.19435023,0.20639433
0.19893736,0.19237018,0.21298924,0.19394758,0.20175566
0.19570248,0.19689892,0.21298993,0.19316913,0.20123962
0.19407025,0.19653697,0.20967813,0.194887,0.20482762
0.19279292,0.19832835,0.20855393,0.19535778,0.20496707
0.19340806,0.19754356,0.208164,0.19567777,0.20520662
0.19894937,0.1929389,0.21067838,0.19457823,0.20285515
0.19557777,0.19730692,0.210899,0.19435556,0.20186076
0.19706199,0.19766767,0.20776826,0.19460951,0.20289259
0.19582795,0.19534288,0.20995003,0.19352244,0.20535672
0.19484557,0.19496547,0.20785576,0.19464822,0.20768498
0.19763699,0.19319217,0.21000557,0.1949214,0.20424387
0.19843824,0.19554758,0.21220723,0.19268811,0.20111886
0.19485381,0.19482996,0.20910896,0.1945057,0.20670158
0.19657399,0.19673456,0.2084344,0.19329588,0.20496121
0.19480109,0.19645579,0.20644169,0.19569106,0.20661035
0.19989535,0.19295274,0.20996921,0.19394392,0.20323876
0.19788358,0.19671533,0.20892768,0.1940664,0.20240706
0.19576168,0.19610775,0.20889853,0.19418249,0.20504959
0.19438119,0.1948427,0.20850988,0.19528975,0.20697646
0.19531932,0.19722722,0.20642653,0.19512984,0.2058971
0.1997098,0.19217174,0.21075112,0.19322205,0.20414524
0.19682279,0.195839,0.20940264,0.1948114,0.20312415
0.19543894,0.19685544,0.20875423,0.19478728,0.20416413
0.19422702,0.19545609,0.208575,0.19529982,0.2064421
0.19437441,0.1970932,0.20674592,0.1955103,0.20627615
0.20046216,0.19326246,0.2079504,0.19467239,0.20365258
0.19667014,0.1953925,0.21038261,0.19435962,0.20319512
0.19650075,0.19267419,0.20876467,0.19443639,0.20762399
0.19664985,0.19662185,0.20557182,0.19525139,0.20590514
0.19616626,0.19674157,0.20524998,0.19576527,0.20607695
0.20096655,0.19257213,0.20813966,0.19404002,0.20428164
0.19806853,0.19714816,0.20845878,0.19407256,0.20225199
0.19638202,0.19550699,0.20931128,0.19422647,0.20457327
0.1964253,0.19759266,0.20693213,0.19480713,0.2042428
0.19675456,0.1967409,0.20709187,0.19496143,0.20445126
0.20166498,0.19228254,0.20812303,0.19414796,0.20378152
0.19818819,0.19441214,0.20854129,0.19490834,0.20395005
0.19682547,0.1941355,0.20978376,0.19408828,0.20516697
0.19621219,0.19678758,0.2066126,0.19564438,0.20474327
0.19597143,0.19700466,0.20632288,0.19597584,0.20472518
0.20008057,0.19328152,0.20842052,0.19551603,0.20270135
0.19804622,0.19751011,0.20796739,0.19532266,0.20115358
0.19731307,0.1965884,0.20753737,0.19473705,0.20382413
0.19654547,0.19633608,0.20613559,0.19597082,0.20501204
0.19821867,0.19667695,0.20707642,0.1945829,0.20344506
0.20128965,0.19309604,0.20777778,0.19542249,0.20241398
0.19855349,0.19721365,0.20908678,0.19440773,0.20073836
0.1969167,0.19787045,0.20664641,0.19600508,0.20256135
0.1976735,0.1962566,0.2077171,0.19476545,0.20358737
0.19686434,0.1952598,0.20699176,0.19544272,0.20544137
0.19944187,0.19281557,0.20950961,0.19554296,0.20268996
0.19739182,0.19606572,0.20922796,0.1949382,0.2023763
0.19665205,0.19828957,0.2062796,0.19700232,0.20177644
0.19711941,0.1956607,0.20813178,0.19492418,0.20416391
0.19649106,0.19574358,0.20707873,0.19612183,0.20456478
0.20106028,0.19319297,0.20774429,0.19574715,0.20225534
0.19694917,0.19561113,0.21130522,0.19478603,0.20134845
0.19835223,0.19476016,0.20990533,0.19333072,0.20365156
0.19718312,0.19398437,0.2085654,0.19479091,0.20547624
0.19729014,0.1958373,0.20652828,0.19606183,0.20428245
0.20093842,0.19218831,0.20987798,0.19503428,0.20196107
0.19855942,0.19669545,0.21015106,0.19428271,0.20031136
0.19616741,0.196668,0.20844519,0.19542304,0.2032964
0.19644347,0.19607644,0.20871735,0.19512515,0.20363757
0.19740826,0.1942244,0.20818853,0.1947089,0.20546988
0.2016751,0.19175212,0.20941329,0.1952181,0.20194139
0.19703276,0.19772942,0.20890203,0.19608301,0.20025282
0.19797198,0.19549826,0.2094135,0.19500108,0.20211518
0.19869561,0.19764598,0.20898779,0.19439077,0.20027988
0.19872448,0.19641545,0.20700258,0.19534223,0.20251524
0.20245686,0.19230385,0.20813684,0.19644518,0.20065725
0.19920537,0.19642548,0.21170497,0.19385669,0.19880751
0.19893612,0.19648302,0.20876645,0.19472522,0.20108925
0.19623947,0.19487244,0.20768766,0.19682065,0.20437981
0.19797952,0.19451314,0.20859972,0.19526061,0.203647
0.20199046,0.19213894,0.20892271,0.1962802,0.20066766
0.19919507,0.19773866,0.21038683,0.19482934,0.19785011
0.19872655,0.19548546,0.20924088,0.19510984,0.20143725
0.19893086,0.19384623,0.2098116,0.19437993,0.20303138
0.19713919,0.19656694,0.2078915,0.1961044,0.202298
0.20228557,0.19185054,0.20863822,0.19691227,0.20031337
0.19805217,0.19699432,0.21217051,0.19487487,0.19790813
0.19763146,0.19854392,0.20810276,0.19636798,0.19935387
0.19818868,0.19701949,0.2078952,0.19558221,0.20131443
0.19840375,0.19163162,0.20863262,0.19512492,0.20620707
0.20398442,0.19197486,0.20942897,0.19558036,0.19903138
0.19855256,0.19795217,0.21187927,0.19514847,0.19646756
0.2000067,0.19401352,0.210158,0.19429813,0.20152365
0.19820103,0.19467802,0.20742474,0.19537514,0.20432103
0.19826044,0.19304346,0.20850407,0.1954281,0.20476392
0.20351744,0.1922942,0.20884676,0.19669744,0.19864413
0.19887842,0.1943747,0.21259254,0.19509155,0.19906278
0.20056835,0.19469379,0.20951481,0.19509786,0.20012519
0.19894648,0.1922083,0.20856057,0.19542675,0.20485793
0.19936728,0.19020963,0.20891395,0.19503719,0.20647198
0.2044875,0.19244038,0.20670201,0.19728853,0.19908156
0.19959942,0.19316356,0.21118066,0.19523893,0.20081744
0.1998998,0.19104888,0.21216853,0.19391313,0.20296966
0.1997457,0.1949294,0.20899731,0.194925,0.20140263
0.19792895,0.19098213,0.20870337,0.1953953,0.20699026
0.20532295,0.19199212,0.20712668,0.19713688,0.19842139
0.19947313,0.19567867,0.21073394,0.19566895,0.19844532
0.20042953,0.1931775,0.20955633,0.19486326,0.20197344
0.19878422,0.19308887,0.21051146,0.19478351,0.20283192
0.19970044,0.18920724,0.21054073,0.19399507,0.20655653
0.20621233,0.19217373,0.20648625,0.19726902,0.19785866
0.19960384,0.1939229,0.21283124,0.19492178,0.19872026
0.19990939,0.19045892,0.21058165,0.19503015,0.20401987
0.19898507,0.19413346,0.2087809,0.1949667,0.20313388
0.20052017,0.19211283,0.2080967,0.19468912,0.20458114
0.20595677,0.19200407,0.2080495,0.19731969,0.19666995
0.1996242,0.18888035,0.21456653,0.1939618,0.20296712
0.1998672,0.19383286,0.20917101,0.1953283,0.20180064
0.19800188,0.19285971,0.20989296,0.19542055,0.20382491
0.19924733,0.19219552,0.20882982,0.19553727,0.20419008
0.20569918,0.1924745,0.2059273,0.19839813,0.19750091
0.20021257,0.19433351,0.21333912,0.19446672,0.19764803
0.19936384,0.19217356,0.21144262,0.19454882,0.20247117
0.19783893,0.1904017,0.21010034,0.19557883,0.20608021
0.20032945,0.18854861,0.20893571,0.19476993,0.20741628
0.20571348,0.19268736,0.20500164,0.19899718,0.19760035
0.19996998,0.19236585,0.21306303,0.19480045,0.19980067
0.19861051,0.19144669,0.21241046,0.19467951,0.20285279
0.19873703,0.18817525,0.20984131,0.19525065,0.20799574
0.19853233,0.18636936,0.2093205,0.19600198,0.20977584
0.20566177,0.19296858,0.20462266,0.19927607,0.1974709
0.20125484,0.1924995,0.21337032,0.19418328,0.19869205
0.19987136,0.18926698,0.21190117,0.19456707,0.20439342
0.19849156,0.18772411,0.21052174,0.19531615,0.20794645
0.19807474,0.18604532,0.2099996,0.19613834,0.20974196
0.2067905,0.19249554,0.20413068,0.19882287,0.1977604
0.20159201,0.19072296,0.21272351,0.1945795,0.200382
0.20026134,0.18904036,0.21171184,0.19471298,0.20427352
0.20099537,0.18654527,0.20980339,0.19498812,0.20766787
0.19925565,0.18399681,0.20916238,0.19608927,0.21149589
0.20655261,0.19274473,0.2055362,0.19826356,0.1969029
0.20242932,0.19018807,0.21158023,0.19516623,0.20063612
0.20105503,0.1879572,0.21187033,0.19453913,0.20457833
0.2004217,0.1852452,0.2105681,0.19487752,0.2088875
0.20121028,0.18618502,0.20990671,0.19506778,0.20763017
0.20806476,0.19229224,0.20364371,0.19835396,0.19764537
0.20256753,0.18879302,0.21167007,0.19537522,0.20159416
0.20037818,0.18638861,0.21150668,0.19527337,0.20645316
0.19982979,0.19274716,0.20753302,0.19695969,0.20293035
0.20021161,0.19359365,0.20824374,0.19586876,0.20208223
0.2059258,0.19377868,0.2040639,0.20049629,0.19573538
0.20124277,0.18829045,0.21316442,0.19586155,0.20144081
0.19946793,0.19121918,0.21059763,0.19622403,0.20249125
0.19916482,0.19097778,0.2085249,0.19689374,0.20443876
0.20108542,0.18934608,0.20686197,0.19627677,0.20642973
0.20720501,0.19261429,0.2047726,0.19964994,0.19575813
0.20086245,0.19384147,0.21241787,0.19606428,0.19681393
0.20098013,0.19301178,0.21030161,0.1960304,0.19967608
0.20089386,0.19139901,0.2087869,0.19599128,0.20292893
0.20027588,0.18978906,0.2074369,0.19669916,0.20579897
0.20643018,0.19342156,0.20324564,0.20142314,0.19547951
0.20059878,0.193317,0.21291424,0.1962508,0.19691919
0.20030141,0.19020459,0.20973752,0.19651437,0.20324212
0.20027067,0.19050916,0.20923749,0.19657956,0.20340309
0.19997855,0.19044125,0.20917343,0.19628538,0.20412141
0.20832129,0.19264936,0.20449583,0.19962889,0.19490466
0.20054764,0.19296294,0.2116638,0.19739634,0.19742927
0.20078753,0.19242968,0.21044901,0.1966716,0.19966216
0.20049593,0.18993394,0.2098494,0.19591933,0.20380142
0.1997193,0.19158232,0.20860766,0.19702762,0.20306312
0.20817101,0.19300963,0.20372796,0.2003166,0.19477482
0.20052086,0.19194902,0.21267904,0.19704117,0.19780992
0.19993243,0.1920478,0.20992556,0.1973969,0.2006973
0.19937365,0.19017197,0.21051185,0.19651538,0.20342715
0.19990245,0.19250505,0.2082838,0.19766922,0.20163949
0.20859735,0.19376877,0.20052075,0.2022369,0.19487618
0.19945824,0.19228896,0.21204573,0.19808021,0.19812685
0.20023613,0.19171663,0.20955017,0.19755565,0.2009414
0.19987054,0.19133669,0.2082451,0.19820511,0.20234258
0.20097151,0.19090928,0.20825665,0.19705483,0.20280775
0.20876336,0.19439662,0.20186116,0.20230076,0.19267811
0.2016935,0.1935431,0.21121226,0.19771323,0.19583789
0.19920789,0.19442864,0.20989478,0.19879389,0.19767481
0.20007008,0.19269617,0.20916587,0.19741203,0.20065582
0.19917947,0.19298138,0.20816782,0.19798635,0.20168501
0.20902209,0.19374005,0.20058398,0.2024238,0.19423005
0.2001769,0.19463086,0.21199884,0.19836316,0.1948303
0.20135407,0.19185536,0.21057302,0.1966664,0.19955117
0.19929181,0.19276601,0.20878251,0.19814682,0.2010128
0.20009345,0.19332656,0.20824595,0.19776239,0.20057166
0.20894618,0.19385938,0.20254551,0.20283236,0.19181655
0.20093091,0.19232877,0.21083632,0.19832352,0.19758047
0.19996601,0.1941224,0.20950028,0.19803683,0.19837451
0.19953877,0.19360727,0.20920451,0.1973513,0.20029813
0.19828312,0.1955141,0.20791867,0.19868277,0.19960134
0.20689633,0.1945973,0.20131728,0.20402317,0.1931659
0.2005225,0.19216052,0.21091655,0.19819878,0.19820161
0.19941078,0.19395855,0.2087438,0.19821224,0.19967464
0.19894092,0.19536898,0.20903514,0.19797225,0.1986827
0.19831479,0.19597046,0.20747009,0.19857037,0.19967432
0.20712708,0.19516483,0.20068502,0.20472904,0.192294
0.19963153,0.19479129,0.2109052,0.19871667,0.19595537
0.19828849,0.19628483,0.20960318,0.19854888,0.19727463
0.19843519,0.19765885,0.20799486,0.19845876,0.19745237
0.19884194,0.19611396,0.20602529,0.19913256,0.19988623
0.20715858,0.19539797,0.20084697,0.20501205,0.19158441
0.19896324,0.19562203,0.21177284,0.19808489,0.19555698
0.19948623,0.19817291,0.20884898,0.1978671,0.19562478
0.19878678,0.19939409,0.20903479,0.19747448,0.19530989
0.19729237,0.2003296,0.20698857,0.19875722,0.19663222
0.20610559,0.19554204,0.20201278,0.20473526,0.19160435
0.19857234,0.19715652,0.21081838,0.19889972,0.19455309
3.4482376e-08,0.9999999,3.4518756e-08,3.4482376e-08,3.4482376e-08
0.19813488,0.1992805,0.21432808,0.19948749,0.18876904
0.19937229,0.19946924,0.20726982,0.19951144,0.1943772
0.20841956,0.19537827,0.19944316,0.20587963,0.1908794
0.19927157,0.19752727,0.21000016,0.19968209,0.1935189
0.19819571,0.1998118,0.21019664,0.19809386,0.19370201
0.19765006,0.2025181,0.20784663,0.19861753,0.19336766
0.19702101,0.20185703,0.20549342,0.19963285,0.1959957
0.20698175,0.19541785,0.20082633,0.20578103,0.19099304
0.19731401,0.19893377,0.21048082,0.20002793,0.1932435
0.19659477,0.2037573,0.2073057,0.199662,0.1926802
0.19770613,0.20620438,0.20626535,0.19898476,0.19083935
0.19701026,0.20711628,0.20457293,0.19936515,0.19193536
0.20807362,0.19526674,0.20064181,0.20490643,0.19111142
0.19717604,0.20140254,0.20895408,0.19999306,0.19247428
0.19587904,0.20834875,0.20697363,0.1995884,0.18921019
0.19544916,0.21020342,0.20545806,0.19969471,0.18919463
0.19700003,0.2104106,0.20360267,0.19927263,0.18971409
0.20501994,0.19615972,0.20141184,0.20682901,0.1905795
0.19650745,0.20696917,0.20749252,0.20056103,0.18846978
0.19626798,0.21105452,0.20498578,0.19984286,0.18784888
0.19560526,0.21265379,0.20376557,0.19988802,0.18808739
0.19606304,0.213167,0.20277403,0.19969197,0.18830396
0.20706983,0.19649981,0.19736844,0.20782083,0.19124109
0.19507453,0.21094865,0.20752394,0.20038494,0.18606795
0.19653459,0.21371178,0.20398562,0.19997233,0.18579565
0.19449992,0.21699122,0.20264302,0.20028147,0.1855844
0.19436744,0.21746172,0.20166698,0.20025407,0.18624982
0.20745687,0.19660878,0.19875705,0.20758808,0.18958919
0.1951127,0.21362455,0.20659517,0.19995308,0.1847145
0.19378239,0.21756871,0.20400645,0.2005865,0.184056
0.19425625,0.21878417,0.20266585,0.19998963,0.18430412
0.19411966,0.22092044,0.20118797,0.19955689,0.18421508
0.20655921,0.19789104,0.19625326,0.20933181,0.18996468
0.19427688,0.21735522,0.20561981,0.20075314,0.18199494
0.19307312,0.21986504,0.20422223,0.20004521,0.18279433
0.19202614,0.22221257,0.20253092,0.20085816,0.1823722
0.19211489,0.22389072,0.19964643,0.2013095,0.18303847
0.20661193,0.19694719,0.19839026,0.20885888,0.18919177
0.19248302,0.21939643,0.20604332,0.2009362,0.18114102
0.19242781,0.22303358,0.20254016,0.20110437,0.18089412
0.19011167,0.22523347,0.20193994,0.20190978,0.18080516
0.19070959,0.226787,0.20092215,0.20171726,0.17986402
0.2072881,0.19756873,0.19588242,0.20997213,0.18928859
0.19739226,0.19507235,0.21549425,0.195267,0.19677413
0.19802496,0.2003641,0.21039183,0.19673038,0.1944887
0.19620495,0.20131865,0.21162269,0.19633442,0.19451925
0.19536506,0.20169696,0.21032271,0.19714439,0.1954709
0.19466408,0.20179527,0.20985082,0.19772676,0.19596308
0.19808628,0.19635719,0.21420951,0.19500244,0.19634454
0.19655485,0.20112492,0.21193038,0.19563887,0.19475096
0.19575174,0.20188805,0.2093959,0.19710325,0.19586104
0.19432971,0.20242058,0.20845254,0.19836353,0.19643368
0.19601247,0.20205973,0.2068642,0.19813609,0.19692753
0.1980933,0.19706617,0.21081543,0.19671993,0.19730522
0.19588281,0.20249118,0.20783134,0.19835958,0.1954351
0.19624609,0.20199499,0.20868286,0.1971162,0.19595987
0.19587655,0.20162383,0.20779103,0.19723691,0.1974717
0.19367701,0.2032147,0.20796373,0.19907306,0.19607146
0.19758539,0.19732058,0.21223043,0.19581035,0.19705328
0.19737321,0.20215845,0.20673849,0.19777143,0.19595845
0.1941418,0.20244758,0.20756443,0.19841368,0.19743255
0.19537826,0.2019889,0.20802516,0.19699295,0.1976147
0.19396839,0.202743,0.20650508,0.19827636,0.1985072
0.19740023,0.19746958,0.21049231,0.19706951,0.19756837
0.19501495,0.20241936,0.20838161,0.19774216,0.19644193
0.19654599,0.20255402,0.2075416,0.19715631,0.19620208
0.194114,0.20256579,0.20729272,0.19870345,0.19732405
0.19640465,0.20281778,0.20529199,0.19782418,0.19766134
0.19713317,0.1976945,0.21198587,0.19596574,0.19722073
0.19642256,0.20252912,0.2086958,0.19702797,0.19532456
0.19421129,0.2029529,0.20781836,0.19799934,0.19701812
0.19500321,0.20222372,0.20825891,0.19723007,0.19728409
0.1943811,0.20320539,0.20613265,0.19851595,0.19776492
0.19903694,0.19715029,0.21293133,0.19481893,0.19606252
0.197076,0.20168906,0.20833233,0.19648424,0.19641837
0.19562729,0.20240717,0.20614278,0.19762902,0.19819374
0.19497135,0.20244648,0.20802923,0.19717643,0.19737653
0.19456016,0.20175575,0.20821005,0.19721809,0.19825596
0.19552024,0.1979054,0.21296935,0.19622152,0.19738352
0.19595437,0.20193133,0.20882379,0.19735897,0.19593152
0.1963978,0.20180424,0.20921622,0.19581956,0.19676222
0.19562624,0.20232338,0.2074967,0.19709072,0.19746298
0.19328794,0.20244783,0.20843999,0.19729388,0.19853039
0.19721405,0.19725458,0.2103864,0.1964728,0.19867215
0.19420013,0.20216565,0.20958102,0.19730498,0.19674817
0.19418432,0.20210068,0.20863248,0.19702975,0.19805276
0.1920693,0.20227961,0.20936963,0.1976635,0.19861794
0.19493122,0.20216398,0.20749293,0.19680314,0.19860877
0.1972732,0.19774085,0.21137498,0.19615214,0.19745885
0.19596851,0.20146902,0.21055557,0.19598687,0.19602007
0.19482413,0.20154746,0.20997185,0.19634743,0.19730915
0.1934302,0.2024298,0.20851694,0.19718672,0.19843632
0.19409068,0.20192333,0.20986079,0.19619152,0.1979337
0.19793354,0.19733292,0.21278234,0.19505015,0.19690105
0.19548851,0.20067137,0.21358974,0.19414811,0.19610225
0.19429906,0.20161077,0.20990348,0.19583873,0.19834797
0.1925848,0.2019585,0.20977256,0.19708937,0.19859473
0.1937593,0.20258135,0.20736028,0.19757785,0.19872119
0.19692326,0.19731246,0.21237807,0.19512741,0.19825877
0.19428769,0.20219144,0.20993048,0.1967623,0.19682811
0.19274348,0.20177284,0.21039172,0.19652636,0.1985656
0.19383994,0.20174062,0.21068871,0.19517086,0.19855987
0.19339532,0.2014849,0.20940027,0.19642928,0.1992902
0.19626816,0.19724078,0.2137271,0.19441155,0.1983524
0.19485542,0.20106483,0.21207143,0.1953708,0.19663753
0.19364506,0.20203215,0.21162741,0.19543968,0.1972557
0.19357069,0.20165533,0.2119743,0.19479144,0.19800825
0.19204451,0.20223461,0.20917825,0.19683401,0.19970864
0.19605915,0.1964207,0.21352732,0.19476384,0.199229
0.19390194,0.20104732,0.21148685,0.19596997,0.19759391
0.19285321,0.20159261,0.2105023,0.19608569,0.19896622
0.19421712,0.20116866,0.20939872,0.19586228,0.19935326
0.19019742,0.20146942,0.2125988,0.19577813,0.19995616
0.1982936,0.19624951,0.21207209,0.19496618,0.19841868
0.1948525,0.20030464,0.21381359,0.19425656,0.19677274
0.19280076,0.2010262,0.21160425,0.19549637,0.19907239
0.18969366,0.20114239,0.21108915,0.19717342,0.2009014
0.19309016,0.20106971,0.21116033,0.19506922,0.19961058
0.19728321,0.19612665,0.21305469,0.1944807,0.19905478
0.19633529,0.20097333,0.21000369,0.1954035,0.19728419
0.19521344,0.20192562,0.20750707,0.1967402,0.19861369
0.19520962,0.20193385,0.20702672,0.19660468,0.19922514
0.19441961,0.20130733,0.20718735,0.19706786,0.20001785
0.19579013,0.19663206,0.21307838,0.19529721,0.19920225
0.19513564,0.19998957,0.21270072,0.19446656,0.19770743
0.19261253,0.2012431,0.20909463,0.19619031,0.20085944
0.18989426,0.20234036,0.21003316,0.19708547,0.20064677
0.19069837,0.2010412,0.20959197,0.19682263,0.20184582
0.19595592,0.1962245,0.21292832,0.19514494,0.19974633
0.19631879,0.19955578,0.214717,0.19327566,0.19613278
0.19368002,0.20101105,0.21172194,0.19522811,0.19835888
0.19278812,0.20124091,0.21121332,0.195233,0.19952461
0.19104049,0.20216933,0.20959666,0.19673893,0.2004546
0.19809873,0.1960148,0.21241553,0.194176,0.19929497
0.19117203,0.20151305,0.21319903,0.19514011,0.19897577
0.19125333,0.20191346,0.20965318,0.19622935,0.20095067
0.18952934,0.2021111,0.2111298,0.19585589,0.20137388
0.1919586,0.20173077,0.20992975,0.19600435,0.20037653
0.1967089,0.19580908,0.21466663,0.19367863,0.19913672
0.19387645,0.20024635,0.2144824,0.1935203,0.19787453
0.19283064,0.20146343,0.20925179,0.19622141,0.20023274
0.19014241,0.20156653,0.2111996,0.19602633,0.20106514
0.18999165,0.20192578,0.2098942,0.19644353,0.20174482
0.19447352,0.19552487,0.21524632,0.19423607,0.20051922
0.19257765,0.20002763,0.21524969,0.19377628,0.19836871
0.1917659,0.20039846,0.21269064,0.19472635,0.20041868
0.19106816,0.20112203,0.2106702,0.19589978,0.20123987
0.19234017,0.20009859,0.21122043,0.19460024,0.2017406
0.19904453,0.19581021,0.21210237,0.19457872,0.19846417
0.19359109,0.19996166,0.21185733,0.19517262,0.19941726
0.19021486,0.20075765,0.2109817,0.19627754,0.2017682
0.19050407,0.2006883,0.21176195,0.19502637,0.20201933
0.19077301,0.20172314,0.20896797,0.19644003,0.20209584
0.1975978,0.19535565,0.21495284,0.19301122,0.19908243
0.19484946,0.19958945,0.21429345,0.19287385,0.19839379
0.1932528,0.20062354,0.21332002,0.1937327,0.19907096
0.19156201,0.20085824,0.21082516,0.19575687,0.20099771
0.19019192,0.20165855,0.20957105,0.19626255,0.20231594
0.19458877,0.19672078,0.21214578,0.19518529,0.20135945
0.19277038,0.19987482,0.21361683,0.19344203,0.20029595
0.19139138,0.20158532,0.20939395,0.19601879,0.20161058
0.19241859,0.200867,0.211697,0.19393492,0.20108245
0.19060998,0.2011512,0.20958619,0.19565329,0.20299932
0.19543481,0.1955702,0.21570158,0.19321387,0.20007955
0.1928552,0.19987431,0.2131802,0.19408959,0.2000007
0.19289199,0.19957024,0.212918,0.19364867,0.2009711
0.19069801,0.20087077,0.20963112,0.19633034,0.20246975
0.19090275,0.2003811,0.21194236,0.19439457,0.2023792
0.19759558,0.1949469,0.21422078,0.19369422,0.19954251
0.19443554,0.20024075,0.2112658,0.19459277,0.1994651
0.19337073,0.20108142,0.20791787,0.19601965,0.20161036
0.1917806,0.20064992,0.21211708,0.19443509,0.20101735
0.19124839,0.20116563,0.20950545,0.19552928,0.20255125
0.19725989,0.19593932,0.21153523,0.19508377,0.2001818
0.1916077,0.20040031,0.21298496,0.19491509,0.20009194
0.19115567,0.20068954,0.21054032,0.19548318,0.20213129
0.19171481,0.20005149,0.21191834,0.19411828,0.20219707
0.1908817,0.20044053,0.21405996,0.19365114,0.20096672
0.19772762,0.19438809,0.21748652,0.19116467,0.19923313
0.19217147,0.20054868,0.21404369,0.19364412,0.19959208
0.19180174,0.20049798,0.21194388,0.19469912,0.2010573
0.18881918,0.20109849,0.21192297,0.19534343,0.20281592
0.18995774,0.20120114,0.21052937,0.19520551,0.20310627
0.19602102,0.19580042,0.21406966,0.19347773,0.20063116
0.19223894,0.20044266,0.21253873,0.1944234,0.20035623
0.19085495,0.20071113,0.21168241,0.19483711,0.2019144
0.1895623,0.2005013,0.21336609,0.19440416,0.20216615
0.19131999,0.20061198,0.21029396,0.19474234,0.20303173
0.1964167,0.1949718,0.21497211,0.19294602,0.20069337
0.19237056,0.19944812,0.2135031,0.19307184,0.20160642
0.19080317,0.20087412,0.21135013,0.19518273,0.20178984
0.19268154,0.19988728,0.21026175,0.19427128,0.20289816
0.19129308,0.20088965,0.20922008,0.19576669,0.20283054
0.19747542,0.19458711,0.21632767,0.19195233,0.19965748
0.19545414,0.20077005,0.20893842,0.19509871,0.19973867
0.18982656,0.2009826,0.21067338,0.19534725,0.20317025
0.19133067,0.20019214,0.21006015,0.19503513,0.2033819
0.19243023,0.2003198,0.21037662,0.19435512,0.20251821
0.19868883,0.19413537,0.21320194,0.1931221,0.20085175
0.19295368,0.20009992,0.21140699,0.1950099,0.20052956
0.19072756,0.20114769,0.2104581,0.19555208,0.20211455
0.19180028,0.20050381,0.21365832,0.19356906,0.20046854
0.191928,0.20052846,0.21206407,0.19413048,0.20134899
0.1963305,0.19461758,0.21618132,0.19281027,0.20006035
0.19270994,0.20025781,0.21317482,0.1938645,0.19999291
0.19155316,0.19973975,0.21256796,0.19393641,0.20220274
0.18982592,0.20152856,0.20975761,0.19561672,0.2032712
0.1917758,0.20075351,0.2101151,0.19416362,0.20319197
0.19799697,0.19474703,0.21355641,0.19306639,0.20063317
0.19233847,0.20006403,0.21238661,0.19438675,0.20082413
0.19100349,0.20011976,0.21274784,0.1937669,0.20236199
0.19059473,0.20110144,0.20950754,0.19531064,0.20348564
0.19067045,0.20172645,0.20875534,0.19627175,0.20257598
0.19697697,0.19489042,0.2124463,0.19440903,0.20127727
0.19371098,0.19926625,0.21287243,0.19329396,0.20085631
0.19170916,0.19964686,0.21085276,0.19461858,0.20317262
0.19105105,0.20024364,0.2110578,0.19422744,0.20342007
0.1890159,0.20004132,0.21220796,0.19451925,0.20421559
0.19497806,0.19484267,0.21329264,0.19348237,0.20340428
0.19292532,0.20000158,0.21310778,0.19324999,0.2007153
0.1928883,0.20029071,0.20956574,0.1946884,0.20256682
0.19058608,0.19944513,0.21075186,0.19514602,0.20407094
0.19113709,0.20065945,0.21016756,0.1945275,0.20350836
0.19767886,0.19282793,0.21688215,0.19126277,0.20134829
0.19287266,0.19894525,0.21341689,0.19359294,0.20117223
0.19283876,0.19952627,0.21217789,0.19374034,0.20171675
0.19387937,0.19992396,0.20968479,0.19492109,0.20159084
0.19318582,0.20102397,0.20729627,0.19579443,0.20269948
0.19739425,0.19450016,0.2142916,0.19355334,0.20026061
0.19282717,0.19977741,0.21159281,0.19384567,0.20195696
0.19187178,0.20076986,0.21044168,0.19472116,0.20219551
0.19273336,0.20103195,0.2071031,0.19599412,0.2031375
0.19229957,0.20143251,0.20632996,0.19668902,0.20324896
0.19485281,0.18773678,0.21708709,0.190278,0.21004532
0.19456,0.19701934,0.22005278,0.19017962,0.19818826
0.1921955,0.19831575,0.2186935,0.19179986,0.19899537
0.19123809,0.19959645,0.21591069,0.19279641,0.20045836
0.19100215,0.1987786,0.21544592,0.19300807,0.20176521
0.19676065,0.19351599,0.21810868,0.19103745,0.20057723
0.19444568,0.19868644,0.2144782,0.19314523,0.19924447
0.19129567,0.19911028,0.21412234,0.19294234,0.20252942
0.18948954,0.20075464,0.21106066,0.19522856,0.20346658
0.19019037,0.19979087,0.21085373,0.19450393,0.20466113
0.19585465,0.1942865,0.2169316,0.19334805,0.19957922
0.19472238,0.19811991,0.21398073,0.1929414,0.20023555
0.19150664,0.1988576,0.21344988,0.19417709,0.20200883
0.1917942,0.19918145,0.21192169,0.19406524,0.20303743
0.19020043,0.20008264,0.2101467,0.19536354,0.20420668
0.19699946,0.19364165,0.21727023,0.19185962,0.20022902
0.19280455,0.19929938,0.21158786,0.19476774,0.20154049
0.19203445,0.19949089,0.21363653,0.19340082,0.20143732
0.19216603,0.19871223,0.21168394,0.19428506,0.20315276
0.19340213,0.19915809,0.20988831,0.19345267,0.20409875
0.19846652,0.19277719,0.21684791,0.19119251,0.20071585
0.19358294,0.19815353,0.21555577,0.19196126,0.2007465
0.19186753,0.19928996,0.21126616,0.19434859,0.2032278
0.19240165,0.19811201,0.2146656,0.19211252,0.20270823
0.19019052,0.19908673,0.21206708,0.19392547,0.20473014
0.19710994,0.1934637,0.2166118,0.1921563,0.20065822
0.19459361,0.19765417,0.21253005,0.19342665,0.20179553
0.19339322,0.19933954,0.2098851,0.19454928,0.2028329
0.19300044,0.19901408,0.21126032,0.19392909,0.20279613
0.19134124,0.19815533,0.21131419,0.19447581,0.20471339
0.19881605,0.19321363,0.21563113,0.19180924,0.20052998
0.19368999,0.19902849,0.21322738,0.19353442,0.20051974
0.1928658,0.19837901,0.21176828,0.19390757,0.20307928
0.1921968,0.1987046,0.21163347,0.19395633,0.20350885
0.19230114,0.19862357,0.21152727,0.19450574,0.20304227
0.19591573,0.19396938,0.21550894,0.1931379,0.20146808
0.19277328,0.19881138,0.21238928,0.19423915,0.20178689
0.19512847,0.19894287,0.20934312,0.19471468,0.20187089
0.19417794,0.19995126,0.20851164,0.19511157,0.2022476
0.1936942,0.19814588,0.209959,0.19390152,0.20429938
0.19842719,0.19308807,0.21396215,0.1926837,0.2018389
0.19391002,0.19851108,0.21285313,0.19297929,0.20174648
0.19442925,0.19873941,0.20928659,0.19446933,0.20307544
0.19274919,0.19886287,0.2106097,0.19392507,0.20385319
0.19254568,0.19779696,0.21126144,0.19364217,0.20475377
0.19834866,0.19302756,0.21450192,0.1926545,0.20146729
0.19386841,0.19807659,0.21266994,0.19364898,0.2017361
0.19281101,0.19765241,0.21245176,0.1939734,0.20311144
0.19183631,0.19963603,0.20995255,0.19496189,0.20361319
0.19073363,0.19949399,0.21106133,0.19470607,0.20400496
0.19899485,0.19301341,0.21471363,0.19268394,0.20059419
0.1946514,0.19890486,0.21120618,0.19438049,0.20085704
0.19194633,0.19829006,0.21273492,0.19344436,0.20358434
0.19075604,0.19928534,0.21254435,0.19384843,0.20356579
0.19027705,0.19896306,0.21097985,0.19477208,0.20500793
0.19777703,0.19320619,0.2150306,0.1926973,0.2012889
0.19162323,0.19954175,0.21254666,0.1942381,0.20205024
0.19115552,0.19865452,0.21215755,0.19432646,0.20370594
0.1918645,0.1997526,0.20999323,0.19448614,0.20390354
0.19183597,0.19986467,0.21005334,0.19499968,0.20324633
0.19970603,0.19317001,0.2136514,0.19265217,0.20082039
0.19390331,0.19949134,0.21119566,0.19483817,0.20057148
0.19353926,0.19842638,0.21091798,0.19384462,0.20327176
0.19249927,0.19964178,0.20999472,0.19430877,0.20355545
0.19182813,0.19962984,0.2084858,0.1949493,0.20510696
0.19774818,0.19346711,0.21340603,0.19398811,0.20139052
0.19513236,0.19878194,0.21113046,0.19437675,0.20057851
0.19351588,0.19962251,0.21054438,0.19400994,0.20230728
0.19052638,0.19925918,0.21129046,0.1946801,0.2042439
0.19304514,0.19990215,0.20751134,0.19441332,0.20512807
0.19912672,0.19309996,0.21348573,0.19313,0.2011576
0.1943658,0.19912992,0.21156275,0.19402117,0.20092034
0.19076388,0.20072891,0.21085921,0.19494775,0.20270029
0.19231087,0.20023449,0.21241242,0.1943375,0.2007047
0.19240661,0.20085402,0.21045177,0.1944046,0.20188302
0.19892403,0.19306211,0.21149404,0.19426855,0.20225127
0.19474395,0.19856448,0.2131618,0.1936876,0.19984217
0.19338527,0.19975278,0.21264337,0.19394428,0.2002743
0.19377516,0.19922502,0.21212621,0.1933935,0.20148008
0.19285202,0.19952226,0.20936027,0.19485936,0.2034061
0.20096007,0.19267085,0.20899071,0.19468318,0.20269518
0.1959755,0.19764951,0.21164988,0.19402383,0.20070127
0.1938026,0.198402,0.21093239,0.19419904,0.20266399
0.19421822,0.20001496,0.20742093,0.19518045,0.20316546
0.19436081,0.1988203,0.20817369,0.195663,0.20298219
0.1994457,0.19246309,0.21301274,0.19263202,0.20244642
0.19484024,0.19865145,0.2117215,0.19396372,0.20082311
0.19399048,0.19960947,0.2100957,0.1945951,0.20170918
0.19368982,0.19877258,0.21227345,0.19318466,0.20207949
0.19216822,0.19977582,0.21051261,0.19402969,0.20351365
0.19787592,0.19351654,0.21270113,0.19350412,0.2024023
0.19562754,0.19793354,0.21399055,0.19291395,0.1995344
0.1936304,0.19890514,0.2119241,0.19386429,0.20167603
0.19415091,0.19932936,0.20940393,0.19426027,0.20285556
0.19369413,0.19945419,0.2099369,0.19444104,0.20247376
0.19806221,0.19435434,0.20824173,0.1957728,0.20356897
0.19594121,0.19792001,0.21218096,0.19388908,0.20006874
0.19424178,0.19856003,0.21095125,0.19428779,0.20195913
0.19193187,0.2007369,0.20845574,0.19540192,0.20347358
0.19467966,0.19975366,0.21147144,0.19334441,0.20075086
0.19831535,0.19272882,0.2123958,0.1939448,0.20261522
0.19457494,0.19930157,0.21186417,0.19420764,0.20005167
0.1936977,0.19891728,0.21097144,0.1943134,0.2021002
0.19605325,0.19773005,0.21046466,0.19384158,0.20191047
0.19517237,0.19847894,0.21001662,0.1939103,0.20242181
0.20185669,0.19351928,0.20864795,0.19506188,0.20091423
0.19824219,0.19945486,0.2066161,0.19672991,0.198957
0.1931195,0.19977954,0.21006197,0.19514251,0.20189647
0.1941067,0.19839607,0.20993438,0.19434896,0.20321387
0.1928364,0.198582,0.20856018,0.19515504,0.20486635
0.19756086,0.1940291,0.21145567,0.19484015,0.20211418
0.19615558,0.19918706,0.21117564,0.1944434,0.19903836
0.19581644,0.19819364,0.21047045,0.19372365,0.20179582
0.19388705,0.20010436,0.20854595,0.1952273,0.20223531
0.19390817,0.19883533,0.20862786,0.19493537,0.20369323
0.1986711,0.19391952,0.20845318,0.19529822,0.20365794
0.19432624,0.19790606,0.20965867,0.19546653,0.2026425
0.1943813,0.19997685,0.20868856,0.19517784,0.20177546
0.194584,0.19838004,0.20924622,0.1950792,0.20271055
0.19480789,0.1983812,0.21050115,0.19413684,0.20217292
0.19924742,0.19331197,0.21048942,0.19499667,0.20195453
0.19726716,0.19897662,0.21111286,0.19388275,0.19876058
0.19534466,0.19984166,0.20835496,0.19576064,0.20069808
0.19512483,0.19974455,0.20878108,0.19479847,0.20155104
0.19640844,0.19843884,0.20739043,0.19501984,0.20274246
0.19864437,0.19266756,0.21212588,0.19352834,0.20303383
0.19711149,0.19855693,0.2102011,0.19462323,0.19950725
0.19508186,0.19922446,0.20855708,0.1956334,0.20150323
0.19467843,0.19777824,0.20794381,0.19593172,0.20366782
0.1930562,0.20025282,0.20728801,0.19656947,0.20283352
0.19887157,0.1938013,0.21135475,0.19443111,0.20154126
0.19643882,0.19829464,0.21137811,0.19438015,0.1995083
0.19326231,0.19771561,0.21094874,0.1950043,0.20306903
0.19541653,0.19904964,0.20814483,0.1950981,0.2022909
0.19576196,0.19816518,0.21002337,0.19424233,0.20180716
0.19845384,0.19390377,0.2105196,0.19519791,0.20192486
0.19639106,0.19983846,0.21067928,0.19487916,0.19821204
0.196382,0.19931857,0.21138336,0.19385841,0.19905761
0.1947309,0.19782923,0.20814739,0.19591108,0.20338139
0.19545878,0.1989617,0.20721348,0.19572096,0.20264508
0.2040812,0.19435889,0.20343788,0.19666985,0.2014522
0.20078377,0.19772536,0.20585357,0.1957796,0.19985776
0.19875388,0.19867302,0.20327769,0.19786069,0.20143472
0.19660252,0.19718537,0.20722076,0.1959484,0.20304295
0.19611605,0.19756036,0.20712315,0.1961928,0.20300767
0.20035274,0.19370717,0.20903322,0.19549468,0.20141214
0.19887936,0.19841558,0.20959823,0.19470972,0.19839709
0.19622248,0.19944987,0.20884648,0.19523983,0.20024133
0.19739957,0.19693084,0.20887767,0.19465233,0.20213957
0.19695704,0.19918239,0.2065412,0.19558373,0.20173572
0.19875187,0.19498266,0.20795465,0.19616443,0.20214644
0.19574085,0.19743825,0.21207587,0.19474038,0.20000464
0.19621952,0.19903724,0.2099868,0.19529054,0.19946587
0.19684799,0.19965306,0.20893945,0.19514841,0.19941112
0.19681379,0.198228,0.20701782,0.19577226,0.20216814
0.19962966,0.19368021,0.2098013,0.195817,0.20107181
0.19754235,0.19909693,0.20654804,0.19717933,0.19963335
0.20026933,0.19650275,0.20635943,0.19605681,0.20081164
0.19936725,0.19821995,0.20504515,0.19678763,0.20058002
0.1960109,0.19466814,0.21023692,0.19471417,0.20436986
0.20064045,0.19394733,0.2075505,0.19569746,0.20216429
0.19840528,0.19726194,0.209602,0.19547251,0.19925828
0.19611824,0.19766988,0.21029405,0.19502006,0.20089781
0.19807793,0.19884521,0.20695381,0.1952134,0.2009097
0.19636674,0.19857967,0.20606647,0.19600111,0.20298599
0.20101662,0.19388598,0.20856114,0.19649643,0.20003983
0.19515744,0.2008808,0.20905069,0.19638681,0.19852427
0.1982432,0.19746819,0.21166213,0.19396277,0.19866376
0.19660608,0.2002335,0.20754202,0.19647716,0.19914126
0.19749676,0.19806145,0.2071713,0.19622281,0.2010477
0.20215985,0.19298503,0.20825127,0.19586167,0.20074216
0.19870509,0.19804923,0.21036102,0.19474924,0.19813539
0.19897647,0.19943514,0.20595527,0.19648802,0.1991451
0.19981177,0.20001376,0.20283638,0.19756635,0.19977173
0.19790748,0.19728817,0.20738366,0.19579737,0.20162332
0.20232512,0.19347456,0.20876177,0.1955283,0.1999103
0.19940239,0.19758844,0.20936193,0.19527358,0.19837366
0.19792646,0.1982279,0.20848535,0.19553816,0.1998221
0.19842988,0.19565906,0.2077418,0.19562656,0.20254274
0.19765876,0.19879386,0.20538919,0.19610578,0.20205241
0.20236173,0.19336116,0.20694718,0.19710746,0.20022243
0.19897522,0.19586295,0.2103259,0.19517347,0.19966245
0.19739182,0.19890358,0.20685285,0.19616848,0.20068327
0.19635688,0.19803955,0.20801495,0.1964541,0.20113455
0.19932942,0.19693133,0.20854507,0.19514601,0.20004816
0.20190397,0.19405504,0.2079252,0.1974485,0.19866727
0.19829635,0.19866402,0.2091668,0.19579887,0.19807395
0.19855888,0.19628939,0.20791821,0.19578397,0.20144953
0.19866127,0.19648758,0.20515989,0.19714676,0.20254453
0.20024008,0.19738653,0.20500813,0.19642058,0.20094465
0.19975922,0.19321588,0.21119429,0.1958841,0.19994654
0.19935922,0.19813012,0.20756666,0.19653924,0.19840479
0.19869885,0.19871975,0.2061448,0.19665615,0.19978037
0.19633655,0.1960096,0.20871815,0.196193,0.20274274
0.19732103,0.19595483,0.20703724,0.19622019,0.20346673
0.20317596,0.1932518,0.20669968,0.1973727,0.19949983
0.20001061,0.19774613,0.20829806,0.19594303,0.19800217
0.19929865,0.19781066,0.2075358,0.1958016,0.19955328
0.19882849,0.1952867,0.2073388,0.19574533,0.20280069
0.1990905,0.19322865,0.20671462,0.19560328,0.20536296
0.20415124,0.19398884,0.20609958,0.19590527,0.19985506
0.19815448,0.19655249,0.20929602,0.19644485,0.19955215
0.19932565,0.1947144,0.20731376,0.19645657,0.20218962
0.19626816,0.20079814,0.2072016,0.19708027,0.19865182
0.19834468,0.19961049,0.20558895,0.19724114,0.19921471
0.20396757,0.19344372,0.20416354,0.19828816,0.200137
0.2015663,0.19601935,0.20772482,0.19640449,0.19828504
0.20000724,0.1948209,0.2079921,0.19593453,0.20124519
0.19960204,0.1979926,0.20559749,0.19652122,0.20028667
0.19834076,0.19494274,0.20637189,0.19730698,0.20303762
0.20242709,0.19228257,0.20873398,0.19627385,0.20028251
0.20141113,0.1962126,0.20907518,0.19554922,0.1977519
0.19862738,0.19787867,0.20847374,0.19549423,0.19952594
0.19930641,0.19574323,0.20706297,0.19581078,0.20207661
0.19732533,0.19456425,0.209177,0.1954165,0.20351692
0.20279631,0.1934412,0.20645924,0.19764298,0.19966026
0.1983245,0.19550838,0.20958728,0.19697884,0.19960104
0.20035288,0.19545314,0.20822394,0.1950467,0.20092338
0.19991,0.19402245,0.20681876,0.19592518,0.2033236
0.1997338,0.19359016,0.20708321,0.19604726,0.20354559
0.20487973,0.19375122,0.20569348,0.19763525,0.19804028
0.20052762,0.19608615,0.20966639,0.19583298,0.19788685
0.19947629,0.19661951,0.2086891,0.19584967,0.19936545
0.19765161,0.19500165,0.20872666,0.19647515,0.20214495
0.19713037,0.19275573,0.20588957,0.19717285,0.20705144
0.203602,0.1929259,0.20772728,0.19777508,0.19796976
0.19974011,0.1982036,0.2104403,0.19577539,0.19584057
0.20097695,0.19481868,0.20759322,0.19597387,0.20063725
0.19838826,0.19696659,0.20567158,0.19734,0.20163363
0.19849737,0.19720902,0.2070463,0.19673792,0.20050938
0.20636126,0.19391274,0.20292373,0.19907972,0.19772255
0.20332523,0.19447978,0.20755091,0.19659705,0.19804707
0.20045435,0.1960647,0.20574535,0.19707529,0.20066035
0.19972497,0.19612272,0.20664753,0.1965972,0.20090756
0.1994813,0.19721149,0.20544255,0.19699813,0.20086657
0.20439006,0.19340217,0.20559892,0.19779684,0.19881196
0.20130996,0.19288531,0.21133357,0.19470769,0.1997635
0.1978302,0.1951727,0.20957108,0.19566809,0.2017579
0.19959627,0.19388787,0.20723747,0.19591334,0.20336501
0.19882868,0.19271694,0.2060051,0.19723184,0.20521739
0.2042853,0.19305438,0.2056815,0.19823104,0.19874777
0.20033978,0.1931878,0.21060364,0.19588554,0.19998325
0.20098755,0.1964056,0.20726785,0.19638202,0.19895703
0.20015214,0.194754,0.2066002,0.19711567,0.20137796
0.19870578,0.19522513,0.20459078,0.19810022,0.2033781
0.20410272,0.1939612,0.20309885,0.19973524,0.19910201
0.20006037,0.19331308,0.20987462,0.19601922,0.20073274
0.1989181,0.19507128,0.20638049,0.19684952,0.2027806
0.20187336,0.19209813,0.2062289,0.1961718,0.20362784
0.19946642,0.18998548,0.20655715,0.19705567,0.2069353
0.20488814,0.19187525,0.20777588,0.19778523,0.19767554
0.20055063,0.19785976,0.21008809,0.1972709,0.19423069
0.19974843,0.19395922,0.20918123,0.19677971,0.2003314
0.20129946,0.19191973,0.20676889,0.19625603,0.20375593
0.19940144,0.19511962,0.20519248,0.19736527,0.20292114
0.20502922,0.19262661,0.20660712,0.19812812,0.1976089
0.2035556,0.19519398,0.20629099,0.19786717,0.19709224
0.20072412,0.18871811,0.20692298,0.19785179,0.20578301
0.20063652,0.1956279,0.20675893,0.19665802,0.20031865
0.19868016,0.19503267,0.20454992,0.1983595,0.20337772
0.20529003,0.1934462,0.20544896,0.19904295,0.19677182
0.20108302,0.19246499,0.20939866,0.19627191,0.20078142
0.20065628,0.19644909,0.20624845,0.19713545,0.19951074
0.19969675,0.19499525,0.20655613,0.19706659,0.20168525
0.20002295,0.19345342,0.20631225,0.19663571,0.20357567
0.20592493,0.192952,0.2036184,0.19945125,0.19805343
0.20053703,0.19476019,0.20970732,0.19660735,0.1983881
0.19829033,0.19748428,0.20748392,0.19753885,0.19920258
0.19918773,0.19556758,0.20369092,0.19812496,0.2034288
0.2003847,0.19311994,0.20491415,0.19774425,0.20383693
0.2031383,0.1947852,0.20438859,0.20009361,0.19759431
0.20005031,0.19389342,0.21177422,0.19599861,0.19828342
0.20054987,0.19736624,0.20698075,0.1974985,0.19760463
0.20158462,0.19448876,0.20867951,0.19559865,0.19964844
0.19992772,0.19181189,0.20558508,0.19787438,0.2048009
0.20686781,0.19323178,0.20404255,0.19964622,0.1962117
0.20203164,0.19224209,0.20922908,0.19668731,0.19980988
0.2011397,0.19609097,0.20446949,0.19799644,0.20030344
0.20046224,0.19463195,0.20407383,0.1985651,0.20226686
0.20293695,0.19066644,0.20282798,0.19849075,0.20507789
0.20675057,0.19386731,0.20166779,0.20121744,0.19649689
0.20107044,0.19168155,0.20996095,0.19730258,0.19998446
0.19875841,0.18863834,0.2085542,0.19785678,0.20619224
0.19957703,0.18739693,0.20858277,0.19620559,0.20823771
0.20001978,0.19518113,0.20440602,0.19773427,0.2026588
0.20641653,0.19426951,0.20182079,0.2013898,0.19610335
0.20193943,0.19242683,0.20898479,0.1966755,0.1999734
0.20087436,0.1975199,0.20552285,0.1975561,0.19852675
0.20127843,0.19622822,0.20483837,0.19724335,0.20041166
0.19940045,0.19575112,0.20499532,0.19783686,0.20201626
0.20672834,0.19383715,0.20195444,0.20139895,0.19608112
0.20275705,0.18896502,0.20814511,0.19678852,0.20334432
0.19951682,0.19609003,0.20551166,0.19801852,0.200863
0.19874223,0.19716331,0.20400827,0.19849585,0.20159037
0.19820091,0.19738747,0.20332992,0.19865756,0.20242414
0.20633425,0.19399749,0.20131846,0.20210654,0.19624329
0.19959794,0.19749562,0.20686632,0.19764085,0.19839923
0.19834885,0.19772565,0.20594934,0.19821702,0.1997591
0.19910349,0.19655725,0.20719683,0.1974295,0.1997129
0.20001484,0.19730473,0.20486926,0.19826292,0.1995483
0.20794317,0.19351791,0.2028163,0.20162693,0.19409569
0.19863643,0.1989726,0.21210462,0.19689853,0.19338788
0.20037943,0.1960819,0.2084059,0.19682395,0.19830886
0.19922443,0.19783498,0.20627357,0.19827041,0.19839662
0.19983517,0.19472767,0.20551553,0.19759694,0.20232469
0.20932692,0.19297934,0.20387498,0.20012255,0.19369626
0.20021535,0.19585975,0.21005438,0.19692433,0.19694619
0.1999874,0.19529633,0.2065491,0.19776697,0.2004002
0.2005819,0.1955871,0.20254163,0.19906464,0.20222475
0.1998841,0.19498442,0.20384762,0.19853671,0.20274715
0.20887949,0.1937881,0.20227635,0.20177214,0.19328393
0.19896862,0.19477333,0.20918825,0.19767947,0.19939035
0.19646752,0.19332151,0.21003088,0.19652249,0.20365763
0.19633055,0.19826461,0.20698944,0.19746469,0.20095071
0.197999,0.19903886,0.20414066,0.19810732,0.20071419
0.20836942,0.19496664,0.20005153,0.20371273,0.19289969
0.19713509,0.19683146,0.20825537,0.19905595,0.19872211
0.1979301,0.20097628,0.20714886,0.19747022,0.19647451
0.19756584,0.20082933,0.20461656,0.19764566,0.19934262
0.19792433,0.20451348,0.20389447,0.19768718,0.1959805
0.20942657,0.19518812,0.19745949,0.20461586,0.19330993
0.19821602,0.19740771,0.20903179,0.19780032,0.19754422
0.19608827,0.19899996,0.2034771,0.19938773,0.20204693
0.19490142,0.2065642,0.2076472,0.1979883,0.19289882
0.1964953,0.20731726,0.20614217,0.19804066,0.19200459
0.21137503,0.19513234,0.19564717,0.20536764,0.19247784
0.19695237,0.199314,0.20785192,0.19904444,0.19683725
0.19855471,0.20176753,0.20476551,0.19837473,0.1965375
0.19841279,0.20171705,0.20393988,0.19811912,0.19781119
0.19881599,0.20102686,0.19953938,0.20006084,0.20055693
0.20625798,0.19529939,0.20067441,0.20456989,0.19319834
0.19792631,0.19921347,0.20796372,0.19856533,0.19633111
0.19773062,0.20486473,0.20495375,0.19795513,0.1944958
0.19462568,0.21027221,0.20359175,0.19982086,0.19168946
0.19609992,0.21043752,0.20234002,0.1985797,0.19254284
0.20906946,0.1951292,0.19813055,0.20460953,0.19306126
0.19728751,0.20377953,0.20736177,0.19923788,0.19233333
0.19672397,0.20877536,0.20346099,0.199293,0.19174668
0.19581003,0.21283704,0.20179075,0.19988403,0.18967809
0.19509159,0.21364872,0.20054604,0.19938283,0.19133082
0.20895284,0.19728772,0.19577542,0.20600814,0.19197588
0.1964057,0.20741163,0.2056151,0.19972819,0.19083941
0.1957848,0.21334639,0.20345719,0.19898197,0.18842962
0.19445907,0.21736066,0.20341827,0.1998027,0.1849593
0.19441263,0.2174328,0.20203482,0.20013852,0.18598121
0.20983803,0.19486104,0.19608068,0.20643626,0.19278397
0.19780566,0.20829716,0.20372579,0.20062457,0.18954681
0.19441664,0.21592022,0.20252423,0.19969189,0.187447
0.19511937,0.2191921,0.19935577,0.2001593,0.18617347
0.19564155,0.21758357,0.19842553,0.20060778,0.18774159
0.20832595,0.19738223,0.19455023,0.2077844,0.19195718
0.19399117,0.21502553,0.2043055,0.20053999,0.18613781
0.19273399,0.21992648,0.20138666,0.20069663,0.18525627
0.19412687,0.22110811,0.1989716,0.20017977,0.18561365
0.19241862,0.22414786,0.19849169,0.2005622,0.18437965
0.2090337,0.19695395,0.19510986,0.20811948,0.190783
0.1951026,0.21692127,0.20265487,0.20046106,0.18486021
0.19374508,0.22186854,0.19941089,0.20113724,0.18383828
0.19356191,0.22368565,0.19823243,0.200642,0.183878
0.19103515,0.22619179,0.2008264,0.20130481,0.18064186
0.21212031,0.19523333,0.19276278,0.20875277,0.1911308
0.19538453,0.21729554,0.20220584,0.20090096,0.18421315
0.19361612,0.22306213,0.19844404,0.2021966,0.18268114
0.19206104,0.22661987,0.19927897,0.19965802,0.18238215
0.19350743,0.2270642,0.19682322,0.20018163,0.1824235
0.20917678,0.19577244,0.19501893,0.20846668,0.19156522
0.193854,0.2229843,0.20090616,0.2012377,0.18101785
0.1915384,0.22693421,0.19879903,0.20085339,0.18187495
0.19359249,0.22858879,0.1978547,0.1993881,0.18057588
0.19040418,0.23167387,0.19512202,0.20179218,0.1810078
0.20896271,0.19690216,0.19362924,0.2088767,0.19162919
0.19323145,0.2257777,0.19947855,0.20086956,0.18064275
0.19081712,0.23044124,0.19727662,0.2014322,0.1800328
0.19209349,0.23007137,0.19677283,0.20075944,0.18030287
0.18894593,0.23254226,0.19615915,0.201703,0.18064967
0.20958716,0.19459537,0.19823895,0.20637721,0.19120134
0.19471556,0.22603185,0.19667931,0.20288542,0.17968787
0.19098592,0.2286565,0.19908904,0.20117371,0.18009485
0.1875786,0.23130642,0.19881731,0.20179428,0.18050332
0.19145015,0.23351547,0.1946274,0.20127203,0.17913495
0.20907497,0.19484389,0.19495872,0.20944329,0.19167915
0.19049329,0.22844075,0.20004982,0.20242722,0.17858894
0.19049962,0.23200881,0.19745147,0.20149852,0.17854162
0.1891862,0.2351884,0.19423744,0.20233135,0.17905656
0.18930964,0.23480494,0.19451481,0.2026214,0.17874922
0.20693621,0.19671032,0.19583617,0.21060666,0.18991067
0.2094383,0.2002917,0.19793753,0.20028877,0.1920437
0.20487264,0.20578395,0.19728059,0.20164013,0.19042273
0.20497318,0.20503029,0.19634826,0.200609,0.19303924
0.20221849,0.2051549,0.1951778,0.20350982,0.19393902
0.19944113,0.20556091,0.19536549,0.20370872,0.19592375
0.20570493,0.2023449,0.19802009,0.20202154,0.19190858
0.20301975,0.20608719,0.19397213,0.20401508,0.19290581
0.20233753,0.20555514,0.19448218,0.20281813,0.19480701
0.20094624,0.2056085,0.1939099,0.2034522,0.19608316
0.20148085,0.20537114,0.19423631,0.20291768,0.19599405
0.20686929,0.20221812,0.19693804,0.20149723,0.19247732
0.2033173,0.20539258,0.19662079,0.2010481,0.19362123
0.20306298,0.20529334,0.19507882,0.20151117,0.1950537
0.19994624,0.20584702,0.19299944,0.20420039,0.19700688
0.20013165,0.20566711,0.19265652,0.20438264,0.19716209
0.20659173,0.20249872,0.19832885,0.20008312,0.19249763
0.20171677,0.2067529,0.19470364,0.20317446,0.19365223
0.20079938,0.20614919,0.19438791,0.20311622,0.1955473
0.20047213,0.20710051,0.19236238,0.20405109,0.19601387
0.20160629,0.20593353,0.19374667,0.2022254,0.1964881
0.20601447,0.20268744,0.19732717,0.20050724,0.19346367
0.20364912,0.20686698,0.19480167,0.20189646,0.19278575
0.20004496,0.20635773,0.19405417,0.20362014,0.19592299
0.20218104,0.20687851,0.19261678,0.2026712,0.19565248
0.20127632,0.20552252,0.19332765,0.20272458,0.19714896
0.20425782,0.20348136,0.19617662,0.20228809,0.19379613
0.20156449,0.20697992,0.19439071,0.20266148,0.19440338
0.20131086,0.2069562,0.19389409,0.20272554,0.1951133
0.20064062,0.20682254,0.19298127,0.2028007,0.19675486
0.20273046,0.20603985,0.1930755,0.20185836,0.19629581
0.20432633,0.20290956,0.19871917,0.2000475,0.1939974
0.20243898,0.20702457,0.1951429,0.20194067,0.19345288
0.20173836,0.20676504,0.1949501,0.20169924,0.19484729
0.2008191,0.2056772,0.19294597,0.20262583,0.19793195
0.2000271,0.20631415,0.1934877,0.20317058,0.19700047
0.2042748,0.20305957,0.1973752,0.20029983,0.19499062
0.20322987,0.20638661,0.19515029,0.20075235,0.1944809
0.20104659,0.20662151,0.19548346,0.20115252,0.1956959
0.19892293,0.20776786,0.19305648,0.2036163,0.19663645
0.19986263,0.20659113,0.19447815,0.20236687,0.1967012
0.20657815,0.20228684,0.19644095,0.19994763,0.1947464
0.20124224,0.2070267,0.194703,0.20248987,0.19453818
0.20130308,0.20629095,0.1942353,0.20229387,0.1958768
0.20168106,0.20662063,0.19304879,0.20220642,0.19644313
0.20086864,0.20590414,0.19500285,0.20160079,0.19662358
0.20543908,0.20227675,0.19712658,0.19954932,0.19560826
0.20346476,0.20656946,0.19530238,0.20113134,0.19353208
0.20249626,0.20669322,0.1945683,0.20077689,0.19546534
0.20279771,0.20643817,0.1948477,0.20065217,0.19526432
0.20017998,0.2073303,0.19362642,0.20218387,0.19667946
0.20472957,0.20246714,0.1972445,0.20036696,0.19519182
0.20304352,0.20620698,0.19740054,0.20011339,0.19323556
0.199795,0.20710352,0.19473445,0.20213546,0.19623162
0.20330027,0.20557639,0.19358455,0.20081516,0.19672361
0.2013413,0.20696542,0.19367184,0.20131637,0.19670506
0.2061744,0.20195438,0.19814834,0.1988129,0.19490999
0.20326854,0.20659272,0.19653088,0.20017591,0.1934319
0.20188314,0.20619161,0.19695444,0.19996212,0.19500871
0.20195831,0.20661914,0.19611509,0.1998469,0.19546054
0.20152949,0.20589456,0.19298129,0.20136057,0.19823411
0.2048575,0.20298049,0.19678666,0.19980311,0.19557227
0.20521098,0.20606518,0.19598073,0.19916575,0.19357736
0.20248622,0.20649911,0.19577076,0.19962981,0.19561408
0.20205861,0.20623231,0.19387434,0.20109332,0.19674143
0.20032221,0.20704204,0.19602668,0.2002006,0.19640845
0.20494741,0.20323099,0.19549099,0.20045027,0.19588034
0.20362589,0.20694935,0.19495465,0.20042913,0.19404103
0.20223022,0.20679142,0.19343226,0.2015971,0.19594902
0.20266984,0.20698944,0.19282992,0.20114975,0.19636105
0.20112363,0.2069625,0.1949974,0.19978039,0.19713613
0.20673698,0.20353442,0.19372158,0.200492,0.19551502
0.20197298,0.2062534,0.19471979,0.20096272,0.1960911
0.20202275,0.20677638,0.19344456,0.20155661,0.19619976
0.20142643,0.20708065,0.1922984,0.20173767,0.1974568
0.2012273,0.20594049,0.1952231,0.20039791,0.19721124
0.20467104,0.20297903,0.19439425,0.20102863,0.19692703
0.20266558,0.20616302,0.19528297,0.20025131,0.19563712
0.20132169,0.20672025,0.19438277,0.20132405,0.19625118
0.20090705,0.20625697,0.19489785,0.20112216,0.19681595
0.20176472,0.20618702,0.19472785,0.19994009,0.19738033
0.20634642,0.20218533,0.1959761,0.1989932,0.19649895
0.20529036,0.20578405,0.19631962,0.19852248,0.19408353
0.20201905,0.20646635,0.19742677,0.19925511,0.19483271
0.20159756,0.20606141,0.19700085,0.19914444,0.19619574
0.20052397,0.20689042,0.19354363,0.20133665,0.19770528
0.20424311,0.20266299,0.19755365,0.19944039,0.19609983
0.20199707,0.20692337,0.19550678,0.20085621,0.19471657
0.20099442,0.2070898,0.19592206,0.20039116,0.19560258
0.20161219,0.20564519,0.19608232,0.19982164,0.19683863
0.20063484,0.20650066,0.19527426,0.19998431,0.19760592
0.20435368,0.20282646,0.19668224,0.19915463,0.19698301
0.20242232,0.20652273,0.19385086,0.20093298,0.19627106
0.20022464,0.20611882,0.19587982,0.19999316,0.19778354
0.20068827,0.20665973,0.193882,0.2004688,0.19830121
0.19921307,0.2067077,0.19591433,0.20043534,0.19772954
0.2074009,0.20154023,0.1987065,0.19777022,0.19458218
0.20281257,0.20603096,0.19621107,0.19990854,0.19503687
0.2020573,0.20559815,0.19662355,0.19926307,0.19645797
0.20158614,0.2064365,0.19519192,0.20007953,0.1967059
0.20150816,0.20598032,0.19735786,0.19861689,0.1965368
0.20655406,0.20175186,0.19794726,0.19834341,0.19540343
0.20423695,0.20515187,0.19864468,0.19795977,0.19400671
0.20060633,0.2064167,0.19612168,0.19997925,0.19687606
0.19995293,0.20626758,0.19624636,0.20022418,0.19730894
0.20229936,0.20601542,0.19560751,0.19879104,0.19728667
0.20545891,0.20122103,0.19873433,0.1981626,0.19642314
0.20507015,0.20523451,0.1973955,0.19821855,0.19408126
0.20258445,0.20643279,0.19562854,0.19924243,0.19611177
0.2026737,0.20567793,0.19771941,0.19841574,0.1955132
0.1998839,0.20649703,0.19604635,0.19991417,0.19765857
0.2078851,0.20218284,0.19478367,0.19953078,0.1956176
0.20273232,0.20562221,0.19771671,0.19913264,0.1947961
0.20274284,0.20490144,0.1974322,0.19853555,0.19638798
0.20047106,0.20540603,0.1992335,0.19838041,0.19650902
0.20104274,0.20588887,0.19771965,0.1982306,0.19711815
0.2066509,0.20035994,0.20054322,0.19698046,0.19546549
0.20404573,0.20448175,0.20000269,0.19723868,0.19423117
0.20218407,0.20520742,0.19883256,0.19815756,0.19561835
0.20172875,0.205134,0.19858976,0.19797276,0.19657476
0.20052595,0.20546569,0.19773528,0.19900611,0.19726694
0.2064285,0.20042323,0.1991785,0.197794,0.1961758
0.20470686,0.20468213,0.19999747,0.19778132,0.19283222
0.20309521,0.20505884,0.1997167,0.19759779,0.19453147
0.20162944,0.20557328,0.1992714,0.1975356,0.19599026
0.20114288,0.20566745,0.19887175,0.1981654,0.1961525
0.20717718,0.20007321,0.20031933,0.19757374,0.1948565
0.20292293,0.20555744,0.19847432,0.19861242,0.19443287
0.20054674,0.20541976,0.19908671,0.19803804,0.19690876
0.20014594,0.20590897,0.19819678,0.19844185,0.19730644
0.20144938,0.2051666,0.19816305,0.19789998,0.19732095
0.20757696,0.19969374,0.20074882,0.19664691,0.19533357
0.20189945,0.20483314,0.20097892,0.19784018,0.19444828
0.20114562,0.20504694,0.19928302,0.1985682,0.19595626
0.20082425,0.20555575,0.19862,0.19840558,0.19659442
0.20036763,0.20517114,0.1986089,0.19836551,0.1974868
0.2064335,0.199976,0.20094264,0.19752645,0.19512138
0.20312588,0.20427786,0.20135047,0.19729637,0.19394943
0.2021223,0.20394151,0.20086478,0.19709685,0.19597456
0.20124893,0.20479576,0.19909276,0.19779,0.19707254
0.20229058,0.20497619,0.19843327,0.19725251,0.19704744
0.20732029,0.19959846,0.20074001,0.19675905,0.19558221
0.20644069,0.20445077,0.19717829,0.19786415,0.19406612
0.20408511,0.20383532,0.19805579,0.19813737,0.19588643
0.20202056,0.20610303,0.19601221,0.19981469,0.19604951
0.20164329,0.20487311,0.19733468,0.19862233,0.19752657
0.20643717,0.20033975,0.20009413,0.19776192,0.19536704
0.20495792,0.2041179,0.1996303,0.19760731,0.19368659
0.20275173,0.20359413,0.19966935,0.19737308,0.1966117
0.20161708,0.20478828,0.19976276,0.19713873,0.19669317
0.20070402,0.20480427,0.19846115,0.19815971,0.19787087
0.20845409,0.19854468,0.20131582,0.19623765,0.19544779
0.20401615,0.20387918,0.20239168,0.19633876,0.19337425
0.20063804,0.205605,0.1980021,0.19892302,0.19683184
0.19824082,0.20552936,0.19877166,0.19871481,0.1987433
0.1995036,0.203705,0.19883311,0.19841158,0.19954671
0.20600753,0.19909835,0.20227847,0.19714797,0.19546771
0.20351923,0.20396826,0.20161043,0.19742778,0.1934743
0.20196982,0.2045265,0.20041157,0.19700158,0.1960905
0.19891971,0.20448875,0.20113014,0.19790922,0.19755219
0.19893885,0.20539084,0.19932964,0.19846366,0.19787697
0.20762005,0.19911112,0.20128615,0.19687293,0.19510977
0.20454957,0.20306502,0.20129322,0.1960683,0.19502392
0.20095389,0.20431277,0.19874321,0.19866785,0.19732223
0.20186341,0.20484397,0.19727796,0.1981328,0.19788183
0.19906092,0.20465082,0.19995937,0.1978521,0.19847684
0.20616847,0.19955482,0.1991478,0.19910727,0.19602159
0.20267521,0.20341265,0.20237128,0.1967166,0.1948242
0.20095478,0.20444363,0.20028724,0.19742928,0.19688505
0.20078361,0.20370896,0.20106326,0.19710846,0.1973357
0.19977543,0.20422074,0.20073044,0.19744565,0.19782776
0.2053024,0.1998362,0.20353705,0.19625704,0.1950673
0.20137401,0.20390691,0.20203143,0.19714983,0.19553784
0.20078236,0.20370224,0.20133705,0.19696106,0.19721733
0.19924678,0.2039477,0.20122756,0.19762617,0.19795176
0.19979638,0.20447053,0.19857123,0.19827715,0.19888467
0.20639816,0.19883353,0.20161484,0.19712591,0.19602755
0.20069814,0.20360242,0.20295162,0.19752042,0.19522744
0.20111828,0.2031629,0.20049754,0.19747153,0.19774978
0.19940329,0.20462719,0.199481,0.19783051,0.19865802
0.19873005,0.20483518,0.19922273,0.19838214,0.19882993
0.20692033,0.19842108,0.20255846,0.19654857,0.19555156
0.20190439,0.203625,0.20300034,0.19686438,0.19460592
0.20021464,0.20356274,0.20117058,0.19728534,0.19776674
0.19696505,0.20506735,0.19989698,0.1987895,0.19928113
0.20024896,0.20329133,0.19943507,0.19722,0.19980466
0.20753501,0.19779994,0.20320594,0.19614002,0.19531907
0.20122759,0.20378903,0.20357671,0.19699764,0.194409
0.20182681,0.20373057,0.20100237,0.19690348,0.19653675
0.20015988,0.20324004,0.20107786,0.1976047,0.19791749
0.20001283,0.20506878,0.19743642,0.1996189,0.19786307
0.20766158,0.1991218,0.19977725,0.19841424,0.19502512
0.20155391,0.20414668,0.20239952,0.1974939,0.194406
0.20166166,0.20382877,0.20234516,0.1961273,0.19603716
0.19875993,0.20461129,0.19997163,0.19834028,0.19831686
0.19886588,0.20519695,0.19906652,0.19817296,0.19869769
0.20608155,0.19899462,0.20349407,0.19747119,0.19395861
0.20019557,0.20432232,0.20294684,0.19772112,0.19481416
0.20103863,0.20423856,0.20071706,0.19763759,0.19636816
0.20083897,0.20452581,0.19912243,0.19860196,0.19691087
0.20115533,0.20419076,0.19865502,0.19803026,0.19796865
0.20700128,0.1984986,0.20348457,0.19692971,0.19408584
0.20136951,0.20340079,0.20434745,0.19670853,0.19417375
0.19935367,0.20497242,0.20160168,0.19777313,0.19629912
0.1996759,0.20493072,0.20176551,0.19699508,0.19663282
0.19991508,0.204117,0.20183615,0.19684027,0.19729151
0.20754081,0.19869734,0.20169193,0.19799465,0.19407524
0.2024535,0.2034452,0.2028825,0.19723554,0.19398326
0.199794,0.20362948,0.20201555,0.19777314,0.1967878
0.20025921,0.20506568,0.20160991,0.19811589,0.19494934
0.19930042,0.20536746,0.2005912,0.19790536,0.19683555
0.20547293,0.19926798,0.20143872,0.19862644,0.19519389
0.2018953,0.20359704,0.20377265,0.19681652,0.19391848
0.20017491,0.20442185,0.2031908,0.19638364,0.19582883
0.20158349,0.20452757,0.20011397,0.19770336,0.1960716
0.1996767,0.20509644,0.19970053,0.19854029,0.196986
0.20647676,0.1986776,0.2025476,0.19798765,0.19431044
0.20185249,0.20374809,0.20310102,0.19743867,0.19385968
0.19918315,0.20534322,0.20165657,0.19779839,0.19601864
0.20095548,0.20443681,0.20103718,0.19693108,0.19663943
0.19818409,0.20417726,0.20205666,0.19768286,0.19789907
0.20895919,0.19778535,0.20109797,0.1979699,0.19418758
0.20089313,0.20415106,0.20436679,0.19729735,0.1932917
0.20006704,0.20348984,0.20486136,0.19597358,0.19560817
0.1996805,0.20543875,0.2025716,0.1972805,0.19502869
0.19913264,0.20362906,0.20253244,0.197006,0.19769983
0.20651409,0.1984735,0.20465882,0.19755898,0.19279458
0.20251366,0.20371917,0.20576788,0.19649428,0.19150494
0.20075126,0.20354924,0.2048869,0.19611275,0.19469985
0.1996179,0.20474917,0.20292448,0.19701257,0.19569586
0.1977375,0.20436999,0.20160061,0.19817182,0.19812007
0.20684752,0.19845028,0.20346269,0.19773626,0.19350322
0.2018167,0.20329347,0.20451894,0.19613476,0.19423613
0.199457,0.20410863,0.20325954,0.19719507,0.19597979
0.19900116,0.204012,0.2039475,0.19686772,0.1961716
0.19968341,0.20486428,0.20175129,0.1969715,0.19672951
0.20696685,0.19814134,0.20423268,0.19760786,0.19305126
0.20063259,0.20423065,0.20514692,0.19694325,0.19304663
0.19841726,0.20435433,0.20400348,0.19728878,0.19593611
0.19893728,0.20502856,0.20188996,0.19705781,0.19708638
0.19692542,0.20621352,0.20185134,0.19869578,0.19631393
0.20591097,0.1982503,0.20563653,0.19742829,0.19277391
0.19962709,0.2044305,0.20547457,0.19734949,0.1931183
0.19974518,0.20299648,0.20421895,0.1960997,0.19693966
0.1979415,0.20558876,0.2021403,0.19780268,0.19652677
0.19662167,0.20559897,0.2034553,0.19776991,0.1965542
0.20693615,0.19750643,0.20470637,0.19730619,0.19354491
0.20077865,0.20339221,0.20733756,0.19582292,0.19266868
0.19813953,0.20356865,0.20641166,0.19620693,0.19567324
0.1959352,0.20586179,0.2044113,0.19767581,0.19611593
0.19731103,0.20491822,0.2047191,0.19669144,0.19636025
0.205886,0.19821452,0.20528303,0.1978236,0.19279289
0.19912674,0.20499511,0.20634872,0.19697161,0.19255784
0.19674994,0.20599914,0.20432892,0.1974881,0.19543388
0.1960595,0.20618927,0.20362371,0.1983478,0.19577964
0.1964919,0.20566288,0.20388392,0.19772421,0.19623712
0.20466904,0.19840962,0.20736158,0.19791014,0.19164963
0.19942111,0.20542853,0.20588031,0.19725497,0.19201511
0.19655123,0.20657954,0.20501228,0.19730744,0.19454953
0.19545478,0.20587969,0.20600702,0.19699611,0.19566241
0.19589461,0.20470521,0.20424914,0.19716178,0.19798926
0.20115502,0.20020282,0.20604226,0.19895272,0.19364716
0.19848064,0.20598471,0.20622963,0.19765048,0.19165452
0.1963069,0.20721889,0.20515728,0.19763023,0.19368677
0.19527356,0.20608304,0.20429237,0.1975672,0.19678383
0.19574082,0.20531872,0.20471387,0.19733939,0.1968872
0.2039936,0.19895601,0.20535102,0.1988376,0.19286175
0.19681044,0.2066635,0.20652008,0.19827332,0.19173267
0.19477972,0.20726444,0.20549002,0.197511,0.19495478
0.19464754,0.20717639,0.20409809,0.19807972,0.19599827
0.19436839,0.206693,0.20326498,0.19854742,0.1971262
0.20319043,0.19907057,0.20702182,0.19955891,0.19115824
0.19629426,0.20646515,0.20801505,0.19770674,0.1915188
0.1926108,0.20639992,0.20784026,0.19806373,0.19508535
0.19252542,0.20824926,0.20445554,0.19907631,0.19569345
0.19333877,0.2069534,0.20509183,0.19767366,0.19694231
0.20408863,0.19877227,0.2051235,0.19950962,0.19250602
