Cycle_Index,QV_Curve,Charge_Current(A),Temperture,Discharge_Current(A),Max_Charge_Capacity(Ah),Max_Discharge_Capacity(Ah)
2,"[0.101, 0.111, 0.12893795918367354, 0.14661439312567137, 0.169, 0.179, 0.20108418367346967, 0.215, 0.23, 0.243, 0.26264030612244904, 0.2769271137026241, 0.294, 0.3183567346938775, 0.34500460829493085, 0.3758477661334804, 0.40875417439703143, 0.4534013605442176, 0.49738841342988793, 0.5527306122448982, 0.6750544217687079, 0.7804126984126984, 0.849, 0.979, 1.064, 1.1423010204081632, 1.21, 1.273, 1.321, 1.3689623233908945, 1.412, 1.462, 1.493, 1.535, 1.568971742543171, 1.611, 1.6329232653061223, 1.676, 1.709, 1.736, 1.767, 1.798, 1.8218171428571428, 1.8516656200941914, 1.885, 1.9091477162293486, 1.9393856068743285, 1.9589092044981258, 1.99, 2.019]",1.2,25,-2.4,2.32,2.312
3,"[0.102, 0.113, 0.128, 0.149, 0.169, 0.182, 0.2, 0.216, 0.23114715359828164, 0.247, 0.264, 0.28, 0.297, 0.323, 0.3560668693009118, 0.38, 0.419, 0.457, 0.503, 0.562, 0.678, 0.767, 0.865, 0.98, 1.072, 1.156, 1.2085167346938774, 1.265, 1.3247936507936506, 1.3609880537580885, 1.425, 1.463, 1.498, 1.541, 1.575, 1.611, 1.64, 1.6852569573283858, 1.711, 1.7407295918367347, 1.7733991836734693, 1.802, 1.829, 1.861, 1.888, 1.915, 1.939, 1.972, 1.998, 2.024]",1.2,25,-2.4,2.324,2.314
4,"[0.103, 0.11385204081632647, 0.13174149659863973, 0.152, 0.16835591836734687, 0.183, 0.20282766439909306, 0.218, 0.234, 0.249, 0.265, 0.283, 0.3, 0.321, 0.3460204081632653, 0.383, 0.416, 0.4601926530612245, 0.505, 0.567, 0.673, 0.7771547619047618, 0.896, 0.984, 1.0762605965463108, 1.155, 1.2155167346938776, 1.2645624489795917, 1.331, 1.375, 1.428, 1.467079931972789, 1.4995065597667638, 1.543, 1.576, 1.619, 1.6459232653061222, 1.687, 1.715461224489796, 1.745, 1.774, 1.806, 1.8372007722007722, 1.863, 1.8932863726135614, 1.92, 1.948, 1.973, 1.9981519871106337, 2.025]",1.2,25,-2.4,2.323,2.314
5,"[0.103, 0.114, 0.132, 0.153, 0.171, 0.185, 0.203, 0.219, 0.233, 0.25, 0.26575072886297374, 0.28200941915227623, 0.3000374149659861, 0.3265635792778649, 0.353, 0.387, 0.417, 0.462, 0.508, 0.5657244897959183, 0.678, 0.806, 0.8881726844583987, 0.9667823129251715, 1.0803394199785181, 1.157, 1.209, 1.2628962585034016, 1.3258095238095242, 1.3718163265306125, 1.419, 1.4631988150098751, 1.5005402792696028, 1.532, 1.5754457572502687, 1.609714285714286, 1.641, 1.685, 1.713, 1.746, 1.774, 1.8055759637188213, 1.837, 1.863854875283447, 1.89, 1.9163673469387754, 1.939, 1.975, 1.997, 2.024]",1.2,25,-2.4,2.321,2.313
6,"[0.103, 0.11484183673469385, 0.13486185243328117, 0.15436471362738646, 0.1738367346938776, 0.18641836734693865, 0.203, 0.21837301587301586, 0.23260125588697028, 0.24688968560397137, 0.267, 0.282, 0.301, 0.328, 0.3523364055299539, 0.3851812244897959, 0.419, 0.464, 0.51, 0.569, 0.679, 0.8170952380952379, 0.899, 0.9759823496966356, 1.0790641399416911, 1.157, 1.2132803437164341, 1.261, 1.3276190476190486, 1.356, 1.419, 1.46, 1.502, 1.539, 1.578, 1.608907335907336, 1.643481859410431, 1.685, 1.717, 1.7488936627282494, 1.777, 1.804, 1.8321904761904766, 1.863, 1.893, 1.918, 1.9421882086167803, 1.978, 1.9976262083780882, 2.025]",1.2,25,-2.4,2.321,2.311
7,"[0.104, 0.116, 0.133, 0.15531549917264204, 0.173, 0.183, 0.20544897959183803, 0.21879870129870146, 0.235, 0.25, 0.26564030612244904, 0.283, 0.30264115646258494, 0.323, 0.35542192691029895, 0.387, 0.421, 0.4584013605442176, 0.5122100340136054, 0.581, 0.6806454081632654, 0.793, 0.8803799058084771, 0.996, 1.076, 1.157, 1.219, 1.281, 1.332, 1.37, 1.421, 1.464, 1.5013833425261995, 1.532871720116618, 1.576, 1.612065934065934, 1.6456802721088435, 1.684, 1.714, 1.7467295918367347, 1.775, 1.805, 1.8318171428571428, 1.8657712137486573, 1.891, 1.916, 1.9387013963480129, 1.9727977736549163, 1.9974442700156982, 2.023]",1.2,25,-2.4,2.321,2.314
8,"[0.107, 0.116, 0.1334481632653061, 0.153, 0.17056337271750807, 0.187, 0.205, 0.219, 0.236, 0.247, 0.266, 0.283, 0.302, 0.333, 0.354, 0.387, 0.424, 0.465, 0.5115655976676385, 0.575, 0.686, 0.7953822393822394, 0.911, 0.9949497645211934, 1.076, 1.167, 1.2107653061224493, 1.267, 1.3179691119691122, 1.361, 1.422, 1.466, 1.501180758017493, 1.543, 1.578, 1.613, 1.65, 1.685, 1.7171140456182474, 1.743, 1.777, 1.8049570354457571, 1.84, 1.86, 1.8911395918367346, 1.918, 1.946, 1.979, 1.998, 2.025]",1.2,25,-2.4,2.319,2.31
9,"[0.103, 0.115, 0.133, 0.152, 0.173, 0.184, 0.203, 0.217, 0.234, 0.246, 0.2671545189504374, 0.283, 0.302, 0.331, 0.3557257142857142, 0.388, 0.42, 0.464, 0.512, 0.576, 0.694, 0.796, 0.887, 0.994, 1.08, 1.1751444897959185, 1.213, 1.262, 1.329, 1.376, 1.428056514913658, 1.468, 1.5, 1.529976326530612, 1.576, 1.614065934065934, 1.644, 1.683, 1.716, 1.7451102040816329, 1.774, 1.8030547309833025, 1.8316190476190475, 1.855, 1.887, 1.914, 1.9388140589569158, 1.971, 1.9945228091236493, 2.02]",1.2,25,-2.4,2.312,2.307
10,"[0.105, 0.11685204081632647, 0.1338806907378337, 0.153, 0.17019319727891147, 0.189, 0.206, 0.219, 0.233, 0.24688081632653075, 0.267, 0.281, 0.301, 0.329, 0.354, 0.386, 0.4207153598281417, 0.4644013605442176, 0.509, 0.5756455424274974, 0.6906454081632653, 0.807, 0.896, 0.992, 1.0820967930029155, 1.158, 1.212, 1.2661585557299841, 1.32, 1.376, 1.42, 1.455, 1.495, 1.564, 1.59, 1.615, 1.6409232653061223, 1.684, 1.711, 1.7408702040816326, 1.7725252416756172, 1.802, 1.835, 1.8598261224489796, 1.889, 1.913, 1.94, 1.9658220408163263, 1.996, 2.023]",1.2,25,-2.4,2.295,2.296
11,"[0.104, 0.11540816326530609, 0.13360257787325447, 0.1542714760322734, 0.17, 0.185, 0.20293112244897973, 0.219, 0.23335183673469403, 0.24700680272108866, 0.263, 0.282, 0.302, 0.32389183673469385, 0.355, 0.387, 0.4205839874411302, 0.468, 0.515, 0.59, 0.707, 0.803, 0.88, 0.9976065306122449, 1.08, 1.178, 1.226033469387755, 1.2770936920222633, 1.331, 1.376, 1.42, 1.468, 1.501, 1.533, 1.576971742543171, 1.616030612244898, 1.6462284397630018, 1.6814353741496575, 1.714, 1.743, 1.774, 1.805, 1.834, 1.862, 1.888, 1.915, 1.94, 1.973, 1.997, 2.021]",1.2,25,-2.4,2.313,2.307
12,"[0.103, 0.116, 0.13170068027210924, 0.154, 0.17056337271750807, 0.185, 0.206, 0.219, 0.234, 0.249, 0.2675637755102041, 0.283, 0.303, 0.33, 0.354, 0.388, 0.421, 0.467, 0.5104280198565914, 0.572, 0.697, 0.828, 0.892, 0.994, 1.082, 1.16, 1.214, 1.264, 1.3279047619047621, 1.3736891679748826, 1.416, 1.463, 1.5060973312401886, 1.537, 1.5793849721706865, 1.613, 1.6454914070891515, 1.688, 1.719, 1.742, 1.775846938775511, 1.807, 1.831, 1.8602605965463113, 1.89, 1.916, 1.946, 1.972, 1.9959659863945596, 2.024]",1.2,25,-2.4,2.314,2.307
13,"[0.105, 0.11756802721088438, 0.136, 0.15489115646258445, 0.172, 0.187, 0.208, 0.22108730158730175, 0.23546294307196577, 0.251, 0.265, 0.285, 0.304, 0.328, 0.357, 0.392, 0.4233036734693877, 0.469, 0.515, 0.581, 0.6986454081632653, 0.815, 0.894, 1.001, 1.089, 1.1706020408163267, 1.22, 1.2727400644468312, 1.336, 1.357, 1.422, 1.4680383673469386, 1.501, 1.543, 1.5815755102040816, 1.616, 1.65, 1.691, 1.72, 1.7447295918367347, 1.7783991836734692, 1.807700680272109, 1.834, 1.864, 1.892, 1.917, 1.9407730612244898, 1.976, 1.998, 2.027]",1.2,25,-2.4,2.316,2.306
14,"[0.103, 0.116, 0.134, 0.1549727891156461, 0.173, 0.189, 0.205, 0.218, 0.23435183673469404, 0.25, 0.268, 0.283, 0.3028277551020408, 0.323, 0.358, 0.392, 0.422, 0.462, 0.51, 0.5824936569222283, 0.695, 0.807, 0.912, 0.9937980665950591, 1.087, 1.1591444897959184, 1.2174613702623907, 1.267158555729984, 1.326626984126984, 1.3669880537580885, 1.422, 1.465479969765684, 1.4997405247813413, 1.538, 1.578, 1.613, 1.6466802721088434, 1.689, 1.714, 1.7427769679300293, 1.779, 1.802, 1.833, 1.8598261224489796, 1.8877397959183668, 1.9135162713734142, 1.944, 1.963, 1.9954442700156982, 2.022]",1.2,25,-2.4,2.312,2.306
15,"[0.105, 0.118, 0.13687127158555745, 0.15637063857801195, 0.175, 0.187, 0.205, 0.21906349206349218, 0.2326389324960757, 0.24860770975056706, 0.265, 0.283, 0.302, 0.33, 0.354, 0.395, 0.421, 0.4671510204081635, 0.5146775510204081, 0.585, 0.6981887755102041, 0.8221011904761905, 0.915, 1.005, 1.086, 1.176, 1.218, 1.267, 1.332, 1.3748257456828885, 1.42, 1.463, 1.5029403453689167, 1.535, 1.5778116169544742, 1.605, 1.647, 1.6863616326530615, 1.7185730832873691, 1.747, 1.7745792778649925, 1.802, 1.838, 1.862, 1.891, 1.918, 1.941, 1.975, 1.998218210361068, 2.026]",1.2,25,-2.4,2.313,2.306
16,"[0.104, 0.116, 0.136, 0.154, 0.172, 0.1868604081632653, 0.207, 0.219, 0.236, 0.247, 0.2675637755102041, 0.2836380236305047, 0.30286568580920736, 0.322, 0.35591269841269846, 0.3951812244897959, 0.41922530612244896, 0.466, 0.5152588614393125, 0.588, 0.701, 0.836, 0.921, 0.9879823496966356, 1.086, 1.159, 1.214, 1.267, 1.322904761904762, 1.36, 1.4195102040816334, 1.466, 1.51, 1.543, 1.5812065704330514, 1.612907335907336, 1.644, 1.689, 1.719, 1.7484589078874795, 1.776, 1.802, 1.833, 1.863, 1.8922908163265306, 1.9190493197278913, 1.9431302982731558, 1.976, 2.0, 2.025]",1.2,25,-2.4,2.317,2.306
17,"[0.105, 0.11740897959183683, 0.136, 0.1549727891156461, 0.17270638578011846, 0.1868848979591836, 0.207, 0.221, 0.23523772752344188, 0.248, 0.267, 0.282, 0.301, 0.33, 0.3567257142857142, 0.38839894667544433, 0.423, 0.468, 0.515, 0.584, 0.72, 0.8304126984126984, 0.925, 1.003, 1.082, 1.163301020408163, 1.2240181898846494, 1.267704357418643, 1.3310914285714284, 1.3689825072886297, 1.4230193340494093, 1.465, 1.5058864795918367, 1.547, 1.5806648764769065, 1.623, 1.646, 1.687, 1.716921768707482, 1.745, 1.773, 1.8049281632653063, 1.8356190476190475, 1.864, 1.8924931972789112, 1.915, 1.9485635792778648, 1.9736510204081632, 1.996231020408163, 2.022]",1.2,25,-2.4,2.314,2.304
18,"[0.103, 0.115, 0.13270068027210924, 0.153, 0.16840136054421775, 0.184, 0.205, 0.2178961038961039, 0.232, 0.24865986394557837, 0.2675637755102041, 0.283, 0.303, 0.332, 0.357, 0.396, 0.42543328100470956, 0.469, 0.513, 0.582, 0.718, 0.8150634920634919, 0.92, 0.9976498388829219, 1.0775658627087201, 1.15, 1.21121306122449, 1.2652502685284641, 1.313, 1.356, 1.415, 1.46, 1.5, 1.536814693877551, 1.5734457572502687, 1.606, 1.6397469387755104, 1.687, 1.712, 1.746, 1.7723908948194664, 1.802, 1.829, 1.859854875283447, 1.889, 1.912, 1.9417607709750566, 1.959, 1.993, 2.017]",1.2,25,-2.4,2.305,2.299
19,"[0.104, 0.116, 0.136, 0.153343337334934, 0.17257626208378082, 0.1868848979591836, 0.20488979591836753, 0.219, 0.234, 0.24888081632653075, 0.2673605442176872, 0.284, 0.301, 0.324, 0.36, 0.389, 0.42, 0.464, 0.513, 0.589, 0.6966454081632653, 0.817, 0.887, 0.99, 1.073, 1.1536505102040815, 1.2220226144511859, 1.2654135654261705, 1.323, 1.363, 1.424, 1.461350248207391, 1.504, 1.542, 1.575, 1.61, 1.6419481522338664, 1.678, 1.71, 1.742, 1.771, 1.802, 1.831, 1.859, 1.886, 1.909, 1.9375635792778647, 1.9691541024573096, 1.991, 2.02]",1.2,25,-2.4,2.307,2.297
20,"[0.105, 0.11690962099125361, 0.13770068027210924, 0.156, 0.174, 0.184, 0.204, 0.219, 0.233, 0.24665986394557837, 0.266, 0.28247095761381463, 0.3025187074829931, 0.326, 0.35391269841269846, 0.386, 0.42522530612244896, 0.467, 0.511, 0.587302982731554, 0.698, 0.829, 0.908, 0.981, 1.0790345368916798, 1.1610459183673474, 1.212, 1.2614302040816328, 1.327, 1.358, 1.4132448979591838, 1.4577636054421772, 1.501, 1.532, 1.5753387755102042, 1.605, 1.646, 1.683, 1.711, 1.739, 1.7708469387755108, 1.802, 1.826, 1.859, 1.8838379351740697, 1.911, 1.942, 1.971, 1.99198299319728, 2.019]",1.2,25,-2.4,2.305,2.302
2,"[0.0, 0.0056485260770975255, 0.008217870932156689, 0.010704567541302366, 0.0130681155579116, 0.016886438446346377, 0.020329288472145622, 0.025218487394958074, 0.030071220324864645, 0.03533839582344576, 0.042024489795918475, 0.05077252364360391, 0.058363797692990355, 0.06529178157749609, 0.07309438775510224, 0.08343990929705275, 0.09113959183673472, 0.10064431486880478, 0.11035813034891391, 0.11890849242922986, 0.12963265306122518, 0.14264935064935086, 0.1505133437990583, 0.1633673469387763, 0.1739493877551023, 0.1928558262014484, 0.21113265306122478, 0.23698880842659664, 0.2619880952380956, 0.30129042386185284, 0.3371134693877555, 0.3649499072356219, 0.4067591836734696, 0.4459020408163277, 0.4778416326530613, 0.5362471042471048, 0.5653589435774311, 0.5997959183673476, 0.636527210884355, 0.668974489795919, 0.7125874635568512, 0.7461152785438502, 0.7846122448979591, 0.8325243328100471, 0.8865481049562682, 0.9416564625850341, 0.9901564625850343, 1.0831564625850347, 1.143086005830904, 1.229]",7.2,25,-7.2,1.49,1.511
3,"[0.004, 0.0050482897384305616, 0.007328042328042317, 0.008909703504043185, 0.011551020408163292, 0.0142103174603175, 0.016460829493087522, 0.01960465116279077, 0.023591133004926122, 0.026744360902255803, 0.030903571428571447, 0.03583516483516512, 0.04119305019305035, 0.04742857142857143, 0.05494117647058811, 0.06412571428571455, 0.07287258687258696, 0.08052123552123551, 0.09066795366795367, 0.1008857142857144, 0.10958571428571433, 0.1207115384615386, 0.13253007518797, 0.14496992481203025, 0.15681203007518826, 0.1699897959183675, 0.18354761904761915, 0.19725396825396876, 0.21650000000000091, 0.24457857142857165, 0.2719081632653061, 0.30762244897959234, 0.3436911196911199, 0.38646857142857144, 0.4316071428571428, 0.4695384615384614, 0.5191666666666709, 0.5672967032967043, 0.6009257142857143, 0.6504060150375944, 0.6894725274725275, 0.7290582010582013, 0.7727692307692314, 0.8088571428571428, 0.8588339768339771, 0.9129806949806953, 0.9738095238095235, 1.029907834101383, 1.1146813186813185, 1.205]",7.2,25,-7.2,1.495,1.488
4,"[0.003, 0.006031502533899439, 0.007445555403369412, 0.009293753865182408, 0.011234872896527037, 0.013419188365001167, 0.016616780045351515, 0.020245775729646653, 0.022970428987921804, 0.026062424969987976, 0.029578775510204124, 0.034516415261756875, 0.040184402332361605, 0.04537256763170384, 0.05157983193277322, 0.06086358754027895, 0.06848716260697836, 0.07612244897959161, 0.08635374149659857, 0.09542367346938767, 0.10515145005370558, 0.11593142857142844, 0.12951473922902507, 0.14072541743970296, 0.15169848584595128, 0.1613338775510203, 0.17413605442176852, 0.19431195335276955, 0.20911904761904787, 0.23510898827616145, 0.2630490899062328, 0.2968129251700679, 0.33432861307788425, 0.3757314715359828, 0.4213163265306122, 0.45693920972644386, 0.5011969625059326, 0.549820408163265, 0.5867922740524779, 0.6341412244897956, 0.6655196232339093, 0.7165124716553287, 0.754505494505494, 0.7960334693877552, 0.8385221088435372, 0.8927289795918363, 0.9516575963718804, 0.9968055853920512, 1.0789466248037671, 1.163]",7.2,25,-7.2,1.466,1.302
5,"[0.004, 0.00539465786314527, 0.007126016840302576, 0.009131195335276988, 0.011408673469387776, 0.014641245972073053, 0.017817159516867888, 0.022978021978021925, 0.0254575725026851, 0.030726793943383894, 0.03711836734693893, 0.04213561553653726, 0.04855102040816324, 0.057508229098090835, 0.06389610389610398, 0.07337178349600708, 0.08115670553935858, 0.08797795918367327, 0.09780367346938772, 0.10772610096670227, 0.11645578231292482, 0.12781122448979568, 0.1382816326530604, 0.1465808052950908, 0.16301360544217733, 0.17290166975881258, 0.1930604081632652, 0.2082833412434741, 0.23535428571428574, 0.26559669582118556, 0.2914671201814055, 0.3353129251700681, 0.3617191192266379, 0.41008897959183666, 0.44407570770243543, 0.48778195488721826, 0.5260897959183668, 0.565458398744113, 0.5972309344790535, 0.6291693325979039, 0.6774965986394552, 0.7058415366146458, 0.746971428571428, 0.7832708719851578, 0.8226258503401347, 0.8635170068027209, 0.9097448979591809, 0.9568877551020407, 1.0276938775510207, 1.098]",7.2,25,-7.2,1.409,1.418
6,"[0.0, 0.005014614878209346, 0.006491266776981133, 0.008328891887333495, 0.010151836734693859, 0.014291109547267245, 0.016386588921282818, 0.018930501930501904, 0.021682448979591946, 0.02543217286914776, 0.028623436471362715, 0.03259052007899941, 0.03778744113029832, 0.04291408821593148, 0.04949142857142882, 0.05724269167126325, 0.06420144832126409, 0.07158103241296526, 0.08177771649200238, 0.08969202226345079, 0.1000751391465679, 0.10803428571428579, 0.12303532182103609, 0.1323407688656862, 0.14290918367346947, 0.15507568027210894, 0.17162993197278928, 0.18394897959183676, 0.20398156682027646, 0.22294096209912548, 0.2534726100966705, 0.2839934693877552, 0.32656122448979685, 0.36338775510204113, 0.4019404081632653, 0.4464607142857149, 0.50125134264232, 0.5361020408163277, 0.5685102040816341, 0.6091738775510201, 0.6482235621521333, 0.6933231292517018, 0.716571428571428, 0.7666144314868806, 0.8042986036519877, 0.8417975510204079, 0.8983503401360543, 0.9508359497645213, 1.009287284144427, 1.086]",7.2,25,-7.2,1.403,1.388
7,"[0.021, 0.02567784256559772, 0.032, 0.037259935553168616, 0.04696137026239066, 0.055, 0.06915145005370582, 0.07998809523809558, 0.09298744113029854, 0.105, 0.119, 0.13178025628856185, 0.146, 0.15941909620991254, 0.1737173252279635, 0.1899795918367346, 0.20650912996777665, 0.233, 0.256785306122449, 0.283, 0.3156913265306123, 0.3701693121693122, 0.424, 0.47821088435374176, 0.545270015698587, 0.6221395918367348, 0.692, 0.7707078410311492, 0.876238095238095, 0.9458775510204082, 1.01130777716492, 1.071, 1.1327716836734696, 1.1782772108843538, 1.2242712137486573, 1.262953667953668, 1.3042108843537425, 1.3493297959183672, 1.385, 1.4154336734693873, 1.448, 1.486, 1.5117802197802201, 1.543, 1.571341836734694, 1.598045068027211, 1.6225624489795922, 1.6580816326530614, 1.684, 1.712]",2.4,25,-7.2,1.827,1.802
8,"[0.01, 0.013122448979591937, 0.018, 0.024542002847650686, 0.03256337271750806, 0.039905681191395474, 0.0548010204081633, 0.06427976190476192, 0.0768635875402793, 0.089, 0.10070800627943487, 0.11572489795918364, 0.1286916099773243, 0.1431786958685913, 0.15634065934065935, 0.174, 0.19543328100470958, 0.2194557823129252, 0.24283351235230943, 0.267, 0.3111156462585033, 0.3550634920634919, 0.40608979591836736, 0.46322278911564646, 0.55, 0.6145976676384841, 0.676, 0.7508231292517009, 0.843904761904762, 0.9138959183673475, 0.9818367346938778, 1.0483818027210885, 1.1127896389324963, 1.1546293877551022, 1.2064457572502687, 1.2454285714285718, 1.295, 1.333, 1.3677865646258505, 1.398, 1.432, 1.4661036734693877, 1.4921904761904767, 1.5246155102040817, 1.5560943188086045, 1.5803673469387756, 1.6143701047986763, 1.6335918367346938, 1.666, 1.693]",2.4,25,-7.2,1.805,1.804
9,"[0.01, 0.013924081632653027, 0.01923356009070302, 0.024, 0.034, 0.04213945578231289, 0.05530055658627093, 0.06537301587301587, 0.07809559613319025, 0.09, 0.105, 0.11657015306122445, 0.129, 0.14656357927786487, 0.155, 0.1791812244897959, 0.19343328100470958, 0.22, 0.24383351235230943, 0.27030298273155406, 0.30326613910870465, 0.3520952380952379, 0.39, 0.4619497645211935, 0.5370641399416912, 0.6190459183673473, 0.675, 0.75, 0.838, 0.9246891679748825, 0.982, 1.0503818027210885, 1.111, 1.1502946938775511, 1.206, 1.245, 1.2970915075707703, 1.342, 1.37, 1.4015591836734695, 1.4356926020408167, 1.4701400992829565, 1.503380952380953, 1.5284940923737915, 1.557, 1.585, 1.6150891514500538, 1.645, 1.6646771799628945, 1.695]",2.4,25,-7.2,1.804,1.803
10,"[0.012, 0.016, 0.02093795918367354, 0.027, 0.035, 0.042, 0.05786224489795941, 0.06831547619047629, 0.08083183673469398, 0.09191947049089914, 0.1067880690737835, 0.11757456828885392, 0.13, 0.1483567346938775, 0.15984415584415582, 0.178, 0.19858398744113018, 0.22219265306122446, 0.24494951664876471, 0.2710379008746356, 0.3027699944842802, 0.34345173745173746, 0.406, 0.4615415451895044, 0.528, 0.6214013605442177, 0.6736338899196043, 0.7691585557299842, 0.8470914285714284, 0.9089880537580886, 0.993, 1.06, 1.113506559766764, 1.156976326530612, 1.208, 1.2620451127819547, 1.2936700680272109, 1.3432975295381309, 1.373, 1.3958702040816326, 1.4365685131195332, 1.4710752551020412, 1.4996190476190476, 1.5297712137486572, 1.5572399338113623, 1.58501700680272, 1.614457908163265, 1.646, 1.669, 1.695]",2.4,25,-7.2,1.805,1.803
11,"[0.011, 0.015717687074829886, 0.021709576138147165, 0.026736394557822958, 0.03730272108843534, 0.04516524028966401, 0.058, 0.0681314285714285, 0.08024149659863963, 0.095, 0.10648979591836731, 0.11943461829176111, 0.1319656283566056, 0.147, 0.159, 0.18004591836734624, 0.19831413994169092, 0.22049293563579273, 0.246, 0.27198066595059084, 0.3062496075353219, 0.3571142857142858, 0.4081028911564625, 0.46367120181405896, 0.529987755102041, 0.6293319011815253, 0.6782876892692561, 0.768, 0.8552471042471042, 0.929, 0.9949513343799059, 1.058, 1.1126639941690961, 1.1686081632653063, 1.2171126530612246, 1.256263736263736, 1.2935691094619666, 1.335, 1.3720204081632654, 1.404, 1.436, 1.4687585034013606, 1.493, 1.5206545189504372, 1.555, 1.584, 1.6136065306122453, 1.643508887425938, 1.668, 1.695]",2.4,25,-7.2,1.805,1.803
12,"[0.003, 0.004715486194477788, 0.0067920677705044, 0.00964703153988867, 0.011976345083487862, 0.015748037676609126, 0.01938055222088831, 0.025389961389961392, 0.03024814471243039, 0.03822886297376094, 0.04617346938775511, 0.05271962323390893, 0.060995379283789, 0.07092586422324029, 0.08325563909774421, 0.09137188208616785, 0.10462298603651975, 0.11710612244897957, 0.1274461966604823, 0.14212811791383226, 0.15573535220539822, 0.17129931972789117, 0.18719684002633288, 0.20674407060121358, 0.23219763694951667, 0.25879244463742945, 0.29239455782312906, 0.34700606729178163, 0.3837755102040816, 0.4401337868480726, 0.4826209912536441, 0.5316315499172642, 0.5849469387755102, 0.6360894819466251, 0.6754947600661887, 0.7422908163265306, 0.7892682685977618, 0.8260094191522765, 0.8844723032069973, 0.9312204081632672, 0.9728157749586323, 1.0263908948194664, 1.0616263736263736, 1.1067525510204081, 1.1631292517006808, 1.2022514577259475, 1.2484567827130852, 1.2980221450282243, 1.3431804081632657, 1.389]",4.8,25,-7.2,1.582,1.587
13,"[0.003, 0.0044240362811791365, 0.005911181373958024, 0.00893289519197505, 0.012129042386185224, 0.01476563528637256, 0.018, 0.021817142857142823, 0.025818959842001256, 0.0318865685809207, 0.03860495626822174, 0.04570375246872932, 0.05330816326530614, 0.06316983742649601, 0.07374404761904746, 0.0854920022062879, 0.0959710335747204, 0.10839205155746501, 0.12156979591836727, 0.13129446064139969, 0.14768288854003114, 0.16171889400921657, 0.17690530612244904, 0.19286270871985148, 0.21901718582169707, 0.2378487940630798, 0.2695604081632654, 0.3101893877551019, 0.3545885714285714, 0.401843537414966, 0.4508775510204082, 0.5039407191448009, 0.5558250728862975, 0.5959177090190915, 0.6597551020408167, 0.7193759398496239, 0.7631694606413995, 0.8238335123523094, 0.8644103695532268, 0.9136870748299336, 0.9599136577708004, 1.0118707482993197, 1.0498228571428574, 1.0921009667024706, 1.1532343647136274, 1.1967551020408167, 1.251773242630385, 1.3080718722271518, 1.3490653061224493, 1.402]",4.8,25,-7.2,1.587,1.58
14,"[0.002, 0.0045338087042046, 0.006811791383220054, 0.007972849854227417, 0.010905285190999463, 0.014616618075801668, 0.018483611626468728, 0.022373271889400862, 0.0267707338254451, 0.032459420977693394, 0.03950082735797012, 0.04744734693877545, 0.055078300708038284, 0.06696075353218216, 0.07393142857142843, 0.08513641245972058, 0.09658627087198479, 0.11021258503401347, 0.12158503401360495, 0.1315860058309037, 0.14571865889212815, 0.1588305647840531, 0.1777405247813409, 0.19524081632653045, 0.21841387755102012, 0.24472108843537374, 0.26799319727891135, 0.316894819466248, 0.35442857142857015, 0.40499677765843173, 0.4590348139255701, 0.517860144057623, 0.5662565597667634, 0.6198503401360539, 0.6691003401360541, 0.7123142857142852, 0.7625867346938775, 0.8209460171165239, 0.8733180272108838, 0.9135667903525047, 0.9659268707482991, 1.0118620408163266, 1.0558012422360248, 1.0994234693877545, 1.1527284144427, 1.1990204081632652, 1.2338524332810052, 1.269895510204081, 1.3357346938775503, 1.385]",4.8,25,-7.2,1.57,1.564
15,"[0.003, 0.0053434402332358955, 0.0069609843937575135, 0.009704357418642942, 0.011865968008825136, 0.015417439703153976, 0.018920573634859238, 0.022784366576819374, 0.02721842250413673, 0.033418559876780884, 0.040568163265306066, 0.047414723032069825, 0.05534693877551033, 0.06685204081632637, 0.07674025974025976, 0.08569573283858993, 0.0984246214614879, 0.10686916909620993, 0.11948335123523085, 0.1306677551020408, 0.14866065495965827, 0.15995238095238085, 0.1754224489795917, 0.1985260770975053, 0.22028385899814482, 0.2480629251700679, 0.26873008558262024, 0.31396258503401386, 0.3479124423963133, 0.3968996598639456, 0.45269217687074814, 0.5013587540279272, 0.5576105442176871, 0.5969455782312921, 0.6527789115646259, 0.7051857142857142, 0.7482922275293096, 0.8099905808477241, 0.8458656462585034, 0.89474362244898, 0.9467337220602527, 0.9922653061224489, 1.041383116883117, 1.0849897959183679, 1.1372226345083485, 1.1756530612244902, 1.2277284144427005, 1.2628163265306118, 1.3217113702623913, 1.369]",4.8,25,-7.2,1.565,1.555
16,"[0.002, 0.004745195165444853, 0.006655782312925237, 0.00872715855573003, 0.012419079259610876, 0.014582076308784503, 0.01866266506602645, 0.023177606177606322, 0.02841955386805886, 0.035099489795918905, 0.042110787172011846, 0.049076886568581, 0.05809874917709018, 0.06692602040816358, 0.07793197278911572, 0.08648011068834319, 0.09836326530612244, 0.10971346938775518, 0.11935374149659866, 0.13486938775510257, 0.14911078717201168, 0.1623824884792628, 0.17770448979591835, 0.1971051805337521, 0.22069709989258884, 0.24431393834129408, 0.2744430272108844, 0.31613657770800674, 0.35669841269841307, 0.4059773242630388, 0.4493792121499763, 0.5134113856068745, 0.560093037214886, 0.5959005924950627, 0.6428938775510205, 0.7025646258503404, 0.7475273469387758, 0.7963575510204083, 0.8432638483965017, 0.8875128373930221, 0.9335861414333176, 0.9822113702623907, 1.0172489795918365, 1.069178775510204, 1.1190374149659876, 1.1467482993197284, 1.2101445578231296, 1.2514726100966709, 1.3036530612244908, 1.35]",4.8,25,-7.2,1.545,1.536
17,"[0.003, 0.0044854571749959726, 0.006208883553421385, 0.008090496804782563, 0.010972244897959211, 0.013233938019652254, 0.014980725623582701, 0.01974285714285695, 0.02280717804363127, 0.027379070777247168, 0.031616990982439495, 0.038274323682961575, 0.043261070465922334, 0.04910204081632649, 0.053756043956043914, 0.06260227812055048, 0.07008238851095988, 0.07773248758963047, 0.08496698679471784, 0.09382721088435393, 0.10488244897959184, 0.11482488479262636, 0.12109494232475586, 0.1319183673469383, 0.14748833819241958, 0.1562717508055853, 0.1780544217687073, 0.192491651205937, 0.21827922077922088, 0.24759755102040776, 0.27995457537853835, 0.3150801749271135, 0.3444311224489791, 0.3910830903790087, 0.4235370569280335, 0.4629285714285713, 0.4896204081632647, 0.5299665306122449, 0.5587643784786637, 0.5941787755102039, 0.6336802721088427, 0.6692312925170072, 0.6964523809523804, 0.7312606978275176, 0.7687405247813408, 0.8043078231292512, 0.8517109940750495, 0.8976680988184745, 0.9334356518117451, 0.999]",7.2,25,-7.2,1.305,1.3
18,"[0.004, 0.006125334982477873, 0.008012368583797296, 0.010497517926089392, 0.012229353423612472, 0.01440701888231926, 0.01658468434102615, 0.020023166023166075, 0.02330190007037299, 0.027698290126861626, 0.03292112520683963, 0.03689959183673473, 0.04369795918367341, 0.04794612244897976, 0.053188571428571474, 0.06084244897959186, 0.06882515168229475, 0.07646192135390756, 0.0839738775510206, 0.09236197636949507, 0.0995232653061226, 0.11022077922077927, 0.11540774677217833, 0.12917117867555203, 0.1412377275234419, 0.1551281632653063, 0.1706088435374149, 0.1854329840044127, 0.21031486880466482, 0.22794153337010478, 0.2548537414965994, 0.29064876476906554, 0.31292176870748334, 0.35973877551020456, 0.39451415404871615, 0.42588571428571437, 0.4596468138275721, 0.49654591836734663, 0.5321258503401358, 0.5633951020408166, 0.6016326530612247, 0.6256884631403583, 0.6618841698841696, 0.7007959183673468, 0.7367128279883383, 0.7751819727891154, 0.8173979591836741, 0.8634319727891167, 0.899751836734694, 0.968]",7.2,25,-7.2,1.273,1.267
19,"[0.004, 0.00553357472021067, 0.007061224489795925, 0.008578609221466403, 0.010421299554304495, 0.012851876234364745, 0.015367581515364782, 0.017501587301587355, 0.020832653061224598, 0.02454605626034206, 0.02827254772876896, 0.03335463996919521, 0.03932192231731412, 0.04385932944606422, 0.04921594684385386, 0.05760111317254172, 0.06288084265964457, 0.06950500927643789, 0.07878911564625851, 0.08761678004535128, 0.0956655694535878, 0.10623809523809502, 0.11118367346938764, 0.12215265306122439, 0.13639183673469318, 0.1460400313971743, 0.1628048979591836, 0.1771525753158406, 0.20055844155844155, 0.22272789115646288, 0.24885986394557832, 0.26972244897959186, 0.3068005565862708, 0.3498078231292513, 0.38196258503401387, 0.4142857142857129, 0.4499141156462583, 0.4812016326530611, 0.5209215896885058, 0.5525746938775509, 0.5883020408163259, 0.6110150842945871, 0.6505714285714284, 0.6846122448979588, 0.7246335949764521, 0.7594081632653054, 0.806700408163265, 0.8496122448979584, 0.8816530612244886, 0.948]",7.2,25,-7.2,1.25,1.229
20,"[0.005, 0.005777462289263525, 0.007701768707482916, 0.009448601662887336, 0.011529042386185212, 0.013392957182873099, 0.01675227629513341, 0.020833887043189378, 0.02463183673469355, 0.028515979976896446, 0.03262794348508666, 0.037259591836734614, 0.042647737355811774, 0.04925683480939543, 0.056437317784256424, 0.06155601832569758, 0.06805053449951408, 0.07502371759514599, 0.08318367346938768, 0.09172959183673461, 0.09873222016079153, 0.10542285714285715, 0.11528900592495078, 0.12725707702435798, 0.1397711370262391, 0.15465014577259478, 0.1686889795918369, 0.1835686707115279, 0.2068342857142857, 0.23252394835485213, 0.25872108843537434, 0.2809421768707486, 0.31627357970215136, 0.34681877551020424, 0.38914500537056895, 0.4200476190476191, 0.44619825072886216, 0.4808163265306124, 0.5167147022074138, 0.538639455782314, 0.5712553393450404, 0.5928112244897955, 0.6357439353099731, 0.674425170068028, 0.7023265306122454, 0.7334734693877565, 0.7761962323390891, 0.8236972789115649, 0.8560269016697589, 0.913]",7.2,25,-7.2,1.228,1.218
21,"[0.004, 0.005411859231881724, 0.0069340379008746645, 0.008202226345083524, 0.011172244897959132, 0.012965306122448981, 0.016347959183673474, 0.019050691244239682, 0.021942725477287792, 0.026312615955473285, 0.03175072886297373, 0.03579227405247813, 0.04063745498199279, 0.04698193760262737, 0.05358986175115219, 0.05829547471162394, 0.06557357679914058, 0.07157559350270713, 0.0799502040816326, 0.08907611693325991, 0.09554149659863966, 0.10233714285714322, 0.1130408163265305, 0.12425102040816327, 0.13550912996777667, 0.14497827518104014, 0.1642383673469389, 0.17822530612244905, 0.20010476190476184, 0.22342912300055162, 0.2505306122448986, 0.2761395918367349, 0.3042244897959191, 0.3359210006583278, 0.37856874328678836, 0.4068648648648645, 0.43458503401360526, 0.46601959183673536, 0.4994897959183675, 0.5293673469387766, 0.5568614393125682, 0.5834839650145778, 0.6139371428571428, 0.654360544217687, 0.6780699708454809, 0.7191154672395272, 0.7573727175080556, 0.7825387755102048, 0.8337473275024296, 0.88]",7.2,25,-7.2,1.192,1.175
22,"[0.004, 0.0056027966742252236, 0.00832507288629733, 0.00980539358600582, 0.012127396413110666, 0.01514625850340142, 0.01775416373445931, 0.021204081632653006, 0.024914618908788072, 0.030158367346938705, 0.034163265306122494, 0.03801360544217732, 0.043979591836734715, 0.0500085929108486, 0.056092009685230065, 0.0615189504373177, 0.06719081632653062, 0.07551669758812606, 0.08192758393680055, 0.08832653061224484, 0.09581209087408545, 0.10616611295681058, 0.11687148372862652, 0.12687940630797778, 0.14200897959183667, 0.14912615955473124, 0.16794612244897958, 0.18684839650145793, 0.20740476190476229, 0.22571282798833847, 0.255673469387756, 0.28724332810047115, 0.3213236151603504, 0.3411673469387756, 0.3737482993197275, 0.4092077922077926, 0.43598693877550976, 0.46530397422126774, 0.493989795918367, 0.5199591836734695, 0.5548934240362812, 0.5816473469387757, 0.6153257142857143, 0.6481302982731557, 0.6807074829931972, 0.7146254114549044, 0.7572049146189085, 0.8001771799628945, 0.8333061224489801, 0.89]",7.2,25,-7.2,1.193,1.177
23,"[0.004, 0.0055229591836734185, 0.0070275689223057445, 0.00906632653061215, 0.011739495798319306, 0.014185714285714234, 0.017137065637065622, 0.02117647058823514, 0.02488338192419827, 0.028774086378737528, 0.03350579150579146, 0.03794019933554804, 0.04452922077922069, 0.049165898617511423, 0.05532499999999991, 0.061216027874564385, 0.06782653061224486, 0.07336405529953909, 0.08159740259740256, 0.08825765306122446, 0.0948494208494209, 0.10434090909090907, 0.11371173469387764, 0.12232718894009215, 0.13514285714285748, 0.15058525345622117, 0.1623142857142858, 0.1835448504983388, 0.19766666666666766, 0.22884126984126954, 0.24566883116883165, 0.2783456221198157, 0.30457714285714327, 0.33248688046647235, 0.3682380952380941, 0.39396428571428643, 0.4232764976958525, 0.45520571428571405, 0.4831428571428573, 0.512868131868133, 0.5345646258503401, 0.5656349206349208, 0.5915185185185187, 0.6299861751152072, 0.6559610389610393, 0.6824101382488479, 0.7276802721088435, 0.7719890109890121, 0.7980971428571433, 0.849]",7.2,25,-7.2,1.142,1.128
24,"[0.004, 0.005806890498134728, 0.008211564625850359, 0.009450387051372362, 0.0123733938019653, 0.014656840513983391, 0.019182944606414044, 0.02218367346938786, 0.026487695078031195, 0.02901967930029125, 0.03301632653061208, 0.04000801749271132, 0.045453251067869, 0.05032810047095756, 0.056617346938775515, 0.06096510862409479, 0.06775332741792381, 0.07510787172011671, 0.08195686456400751, 0.0894267161410019, 0.09727265306122466, 0.10562211981566824, 0.11550970632155307, 0.12768759811616978, 0.13948177842565612, 0.1506945358788677, 0.16864244897959169, 0.18993877551020405, 0.20334285714285727, 0.22950483351235224, 0.2600172684458401, 0.27709733124018826, 0.30611784068466086, 0.34704988662131486, 0.374589893100097, 0.4024440154440153, 0.43191944146079453, 0.45360580021482233, 0.4843759052007899, 0.5125727891156463, 0.5365408163265305, 0.56426693877551, 0.6030685714285715, 0.6246734693877551, 0.6615450954575379, 0.6951534693877551, 0.7282939878654165, 0.7686767346938775, 0.7980425909494235, 0.841]",7.2,25,-7.2,1.133,1.119
25,"[0.004, 0.006769230769230738, 0.009133333333333256, 0.011866666666666597, 0.014580645161290281, 0.017395061728395007, 0.020416666666666482, 0.024999999999997042, 0.0277142857142856, 0.033, 0.03672972972972986, 0.04153571428571432, 0.047588235294117646, 0.05207142857142856, 0.059425531914893595, 0.06273076923076919, 0.07004000000000009, 0.07724615384615383, 0.08338709677419352, 0.08933333333333258, 0.09820000000000008, 0.10595238095238085, 0.12108695652173912, 0.12805263157894725, 0.14041176470588243, 0.1526129032258065, 0.1718333333333337, 0.19100000000000025, 0.2047368421052633, 0.23150000000000037, 0.252346153846154, 0.2784594594594598, 0.3136451612903228, 0.34327027027027013, 0.35861290322580675, 0.3861186440677968, 0.4163684210526321, 0.44800000000000223, 0.4672631578947367, 0.4964000000000004, 0.52312, 0.5484838709677422, 0.57844, 0.6015846153846154, 0.6355555555555554, 0.6640000000000023, 0.6931111111111108, 0.7411666666666669, 0.7618000000000005, 0.816]",7.2,25,-7.2,1.095,1.083
26,"[0.004, 0.0052010804321728134, 0.00760864345738298, 0.010215492648672275, 0.011971911345183255, 0.01588281764318628, 0.020130348913759078, 0.022948571428571318, 0.025786701777485134, 0.029910946196660352, 0.03515273206056614, 0.04020068027210883, 0.04428326530612244, 0.05031632653061216, 0.053954285714285614, 0.06074893213099184, 0.06705539358600593, 0.07337244897959165, 0.08028489795918373, 0.08667154408933384, 0.09326290516206492, 0.10173745173745165, 0.1146734693877552, 0.12253689167974885, 0.13338775510204115, 0.1459471243042672, 0.1633877551020409, 0.18137469387755084, 0.20382417582417614, 0.22086641929499073, 0.2442675736961452, 0.2724702040816333, 0.29934479054779783, 0.32716122448979595, 0.3544458398744112, 0.3747828571428572, 0.4047699944842803, 0.4314863945578238, 0.45825655976676416, 0.48350161117078344, 0.5084818959842001, 0.5344081632653076, 0.5618131868131875, 0.5885727312201479, 0.6165112973760932, 0.6447851772287866, 0.6768372862658578, 0.7230421329822248, 0.7467329446064138, 0.787]",7.2,25,-7.2,1.068,1.053
27,"[0.001, 0.0036697209496043422, 0.007163265306122558, 0.01, 0.016, 0.022, 0.030772108843537472, 0.038, 0.047538265306122554, 0.05649586321014903, 0.07, 0.0780188383045527, 0.09010259238830672, 0.10250448979591842, 0.1188015873015874, 0.133, 0.15166921768707498, 0.172, 0.194, 0.2208786541643685, 0.257475947521866, 0.299, 0.3427583673469388, 0.3938637261356156, 0.45344132653061225, 0.5182272570044968, 0.584, 0.642, 0.6951734693877553, 0.782, 0.8256326530612247, 0.893, 0.943, 0.9826775510204083, 1.0310302040816326, 1.0823458646616542, 1.1202481895984202, 1.1563729128014844, 1.188, 1.2206799140708917, 1.253, 1.2887646258503405, 1.317, 1.341616194865043, 1.376, 1.3939117484831771, 1.429, 1.4603612796469942, 1.485, 1.512]",2.4,25,-7.2,1.631,1.565
28,"[0.001, 0.004, 0.00701412872841457, 0.012372311086596817, 0.01771668667466987, 0.024, 0.0321962323390895, 0.04, 0.04719274376417279, 0.05969023323615175, 0.071, 0.083, 0.09680408163265312, 0.11520335276967938, 0.131, 0.151, 0.169, 0.198, 0.22554861944777915, 0.2632760472610097, 0.3055177228786253, 0.353, 0.4006678004535148, 0.4541007653061225, 0.5004881632653062, 0.5700497448979591, 0.6301836734693881, 0.6809984301412876, 0.7490628571428573, 0.8061664876476908, 0.8502502685284641, 0.893558100791337, 0.9483282312925172, 0.9886145124716554, 1.0330877116804167, 1.0578163265306126, 1.103, 1.132, 1.1597210884353746, 1.1892973760932954, 1.21984879406308, 1.2455332975295383, 1.273, 1.3004338380513496, 1.3254816326530614, 1.35, 1.3789138321995467, 1.402, 1.4283002148227713, 1.456]",2.4,25,-7.2,1.571,1.566
29,"[0.001, 0.004566992014196988, 0.008, 0.013, 0.01906029684601131, 0.026, 0.034, 0.04, 0.05123615160349872, 0.06, 0.07198469387755124, 0.089, 0.099, 0.121, 0.13267532467532464, 0.153, 0.17394217687074823, 0.2, 0.22976468138275724, 0.26756462585034024, 0.307, 0.35505494505494484, 0.4045518367346939, 0.46017419825072897, 0.508, 0.574, 0.6265055658627088, 0.681, 0.7446654135338346, 0.81, 0.8526612244897959, 0.8979217687074834, 0.944, 0.9775477551020408, 1.0228250728862978, 1.0499942857142859, 1.1000782312925175, 1.1351262755102045, 1.163, 1.188020408163266, 1.227040816326531, 1.2494538775510204, 1.2794971428571427, 1.308, 1.3325017327685793, 1.356315499172642, 1.3840243581303489, 1.4090246098439376, 1.428639455782313, 1.456]",2.4,25,-7.2,1.567,1.569
30,"[0.0, 0.0031955782312922975, 0.007213358070500926, 0.012, 0.018, 0.02436831875607382, 0.032, 0.04, 0.048118367346938556, 0.05912471655328815, 0.071, 0.081, 0.095, 0.111, 0.13415830115830116, 0.14904300291545172, 0.168, 0.1918276643990929, 0.222, 0.261, 0.3004974489795919, 0.35, 0.39385204081632635, 0.4502847424684159, 0.48821306122448976, 0.566, 0.6118431793770139, 0.679, 0.726, 0.7920025510204083, 0.851, 0.895764172335601, 0.9366836734693884, 0.987, 1.0203996598639458, 1.0552857142857142, 1.102, 1.13, 1.160764862466726, 1.1948235681369324, 1.227, 1.251609871855719, 1.2765317460317462, 1.3038683344305466, 1.3314311767260096, 1.36, 1.3814931972789113, 1.405, 1.42845306122449, 1.454]",2.4,25,-7.2,1.569,1.573
31,"[0.001, 0.0028073469387755057, 0.006797893350888758, 0.010678004535147109, 0.017305464121132305, 0.02329852871381109, 0.031, 0.038, 0.04936519871106334, 0.05718367346938771, 0.069, 0.07968635875402803, 0.09614200680272117, 0.10856462585034007, 0.1265952380952381, 0.147, 0.16404875283446727, 0.19104446064139946, 0.21746122448979574, 0.2453877551020408, 0.2785273206056617, 0.3305639097744361, 0.382, 0.4373707482993197, 0.5020776826859776, 0.5358864795918369, 0.613, 0.651, 0.7400535714285713, 0.7943877551020408, 0.849, 0.8906677551020409, 0.9459042386185242, 0.9940424489795918, 1.025248979591837, 1.063, 1.1054569160997736, 1.136, 1.159, 1.1988066595059077, 1.2269489795918365, 1.2583190118152527, 1.2826031746031745, 1.307991836734694, 1.333, 1.3569832361516037, 1.38274574829932, 1.4081053324555628, 1.4337409733124022, 1.458]",2.4,25,-7.2,1.576,1.576
32,"[0.0, 0.00523524544953117, 0.006656326530612197, 0.009694477791116433, 0.014165816326530566, 0.018194865042791195, 0.021885450954575295, 0.026833887043189335, 0.03194404213298216, 0.03840216086434576, 0.04531397174254333, 0.053259591836734614, 0.058371151850570714, 0.06729664723032071, 0.07397926267281102, 0.08465749778172141, 0.09802947845804988, 0.10943077771649193, 0.12237442732194918, 0.13929001074113884, 0.15077946017116522, 0.16924060150375944, 0.19054081632653067, 0.2211882086167799, 0.2502329931972789, 0.2809840044125759, 0.31525330132052826, 0.34226423200859285, 0.38131632653061226, 0.4171287284144422, 0.4523605442176872, 0.4842261224489796, 0.513404897959184, 0.5422448979591843, 0.5947017774851874, 0.6215314285714285, 0.6530365198711062, 0.6864772370486663, 0.7202900107411389, 0.745727891156463, 0.7844807256235826, 0.8104149659863945, 0.8486917293233083, 0.8820822909809086, 0.9073265306122454, 0.9414128728414444, 0.9784092373791622, 1.0176972789115646, 1.0424323682961556, 1.083]",4.8,25,-7.2,1.296,1.318
33,"[0.003, 0.004364713627386383, 0.007526003949967088, 0.010178107606678994, 0.012635654261704677, 0.016662989520132378, 0.021747931605074513, 0.02646082949308762, 0.03222634508348794, 0.037639455782313, 0.04535048802129553, 0.048974882260596535, 0.05770262390670557, 0.06499872448979588, 0.07522285714285726, 0.08548979591836729, 0.0923657357679914, 0.10464816326530615, 0.11720918367346933, 0.12640362811791434, 0.14329822251481236, 0.15914285714285725, 0.18145578231292536, 0.20436163265306126, 0.2361496598639451, 0.2641522108843536, 0.2951781076066787, 0.3400730743910466, 0.37264571428571386, 0.4126734693877545, 0.44610204081632643, 0.4748595918367345, 0.5135918367346938, 0.542924081632653, 0.5795710994075048, 0.6197490347490346, 0.6546938775510199, 0.68694387755102, 0.7206645408163265, 0.7598282312925164, 0.7956444683136412, 0.8288540031397167, 0.8584342857142855, 0.8903877551020407, 0.9180670553935857, 0.9559812925170061, 0.9956832653061223, 1.0317312925170066, 1.0701067503924642, 1.114]",4.8,25,-7.2,1.322,1.309
34,"[0.002, 0.004476844583987442, 0.006956671899529107, 0.010135286372613607, 0.012965809700503596, 0.0181753998896856, 0.021578465869106344, 0.02490733590733595, 0.030525197834235754, 0.03741423055708767, 0.04365128660159716, 0.04793510204081631, 0.05575150060024008, 0.06407280750137871, 0.07295488721804524, 0.08131510204081614, 0.09172287862513417, 0.10116244897959208, 0.11305023547880722, 0.1276870748299319, 0.14386833443054634, 0.15372670807453415, 0.18062936142198815, 0.20643537414965882, 0.22515014577259465, 0.2641159183673469, 0.2887923469387755, 0.3284595918367347, 0.3649285714285717, 0.39564326530612254, 0.42621193092621645, 0.4614669387755101, 0.4975918367346936, 0.537085306122449, 0.5663435374149668, 0.6041020408163265, 0.6380544217687077, 0.6649183673469384, 0.7096870748299319, 0.7340034013605443, 0.7695534693877549, 0.7987721088435366, 0.8343771428571428, 0.8662149659863941, 0.8993789299503585, 0.9328948194662466, 0.971450437317784, 1.0191083202511775, 1.045493877551019, 1.091]",4.8,25,-7.2,1.295,1.297
35,"[0.002, 0.004684458398744089, 0.006843625761992999, 0.01087244897959166, 0.01297727750894147, 0.01810491520551881, 0.022182423990004144, 0.026064935064935006, 0.031429962894248556, 0.03723469387755069, 0.043889212827988314, 0.05039517625231907, 0.05775020408163253, 0.06310156620787856, 0.07293277310924381, 0.08222448979591844, 0.0915134693877551, 0.09981306122448981, 0.11004866562009409, 0.12688435374149645, 0.14429199372056492, 0.15179699248120304, 0.17451450053705694, 0.20409061224489794, 0.22356292517006807, 0.24868707482993202, 0.29244248608534323, 0.31891383219954655, 0.35981714285714284, 0.391466836734694, 0.4241477551020409, 0.45736394557823157, 0.49611224489795924, 0.525086530612245, 0.5575544217687075, 0.5967142857142853, 0.6370301263362489, 0.6682448979591837, 0.6909044897959183, 0.7302386185243326, 0.7661836734693878, 0.7956985871271582, 0.8322417582417593, 0.86960612244898, 0.8955284059569776, 0.9306497517926091, 0.9648424489795923, 0.9957517006802727, 1.0409404081632656, 1.084]",4.8,25,-7.2,1.295,1.283
36,"[0.002, 0.004109856708640956, 0.006761661807580185, 0.009725477287689261, 0.012720353006067235, 0.016940816326530536, 0.02012771560236991, 0.025656370656370636, 0.030135654261704482, 0.03691156462585035, 0.043802721088435095, 0.04874572531715387, 0.05619223173140232, 0.06159543817527001, 0.07194047619047643, 0.0808657357679914, 0.09093692022263453, 0.10038503401360531, 0.1150253723110866, 0.12816058002148223, 0.143751391465677, 0.15187912087912098, 0.18118904403866806, 0.2047755102040817, 0.22695346938775515, 0.2660237401082883, 0.2895827664399093, 0.3367840136054424, 0.36412087912087904, 0.3933007080383174, 0.4272837393021727, 0.4593741496598643, 0.49657944606414006, 0.528118587975731, 0.5624251700680277, 0.5931190476190472, 0.6269409237379161, 0.6590026333113892, 0.6851793770139634, 0.726108624094799, 0.7562944606413989, 0.7852349696635412, 0.8230685714285715, 0.8516078717201165, 0.8824756671899531, 0.9048622448979592, 0.9562008163265309, 0.9834088215931532, 1.0216269387755104, 1.063]",4.8,25,-7.2,1.279,1.263
37,"[0.003, 0.004240316534777172, 0.005938411078717217, 0.008585911784068485, 0.012700156985871243, 0.016673469387754995, 0.020466122448979444, 0.024852534562211953, 0.029554970375246837, 0.036553287981859445, 0.039585034013605684, 0.04775510204081631, 0.053752953813104166, 0.062120181405895744, 0.06895129870129871, 0.0777970116618076, 0.08929632653061213, 0.1000719656283562, 0.10807378335949738, 0.12382993197278892, 0.13862936142198817, 0.157015037593985, 0.17837755102040814, 0.19799346938775508, 0.22395918367346945, 0.2585495626822156, 0.2853632653061223, 0.3186875981161694, 0.35116964285714264, 0.389957482993197, 0.422251700680272, 0.45284013605442164, 0.48240136054421756, 0.5108111526300662, 0.5577278911564617, 0.5921904761904766, 0.6150767346938772, 0.64356283566058, 0.6862448979591832, 0.714138321995464, 0.7456464779460168, 0.7806971869829011, 0.8128380952380951, 0.8417052154195007, 0.8767648979591837, 0.9125209452201931, 0.9556670247046188, 0.9952359183673466, 1.0202480376766092, 1.065]",4.8,25,-7.2,1.273,1.268
38,"[0.003, 0.004402176870748277, 0.00712244897959185, 0.008911459968602823, 0.012486656200941986, 0.015809289232934596, 0.020523018509729565, 0.025087912087912268, 0.03148554421768715, 0.0363156462585035, 0.04112310730743917, 0.046755918367347, 0.05364139941690963, 0.0633224489795919, 0.07169047619047623, 0.07797795918367327, 0.08688435374149718, 0.09463102040816344, 0.11128911564625878, 0.12397636949516663, 0.1391482277121375, 0.14874350649350654, 0.17378367346938783, 0.19776629361421985, 0.22791326530612252, 0.25272448979591855, 0.2785204081632656, 0.319433673469388, 0.3444065934065935, 0.38052344180915615, 0.41453061224489846, 0.44146122448979597, 0.4732868174296746, 0.5072312925170058, 0.5472220408163267, 0.570811688311688, 0.6043551020408163, 0.6308426423200858, 0.6727585034013607, 0.6968639455782326, 0.7279036281179135, 0.7630138775510206, 0.795202380952381, 0.8306595547309835, 0.856598639455783, 0.8919828141783033, 0.9272366243794817, 0.9701407089151455, 0.9996530612244904, 1.039]",4.8,25,-7.2,1.257,1.255
39,"[0.0, 0.0052198515769943665, 0.008906938775510149, 0.010787668258792923, 0.013409912536443198, 0.017618828176431945, 0.022130348913759087, 0.025943609022556387, 0.03226199669056807, 0.03792176870748261, 0.04233418367346938, 0.04843252139565488, 0.0539157620495006, 0.06278047435190294, 0.07135338345864665, 0.08064408163265296, 0.08929551020408168, 0.09792498621070053, 0.11046088435374159, 0.1252093482554314, 0.13472740524781343, 0.1539489795918368, 0.17717632653061238, 0.19848037676609126, 0.2235051020408165, 0.25357653061224483, 0.28091836734693826, 0.3188826530612243, 0.3428021978021978, 0.3778869701726848, 0.4126481632653062, 0.4438615554329841, 0.47846258503401345, 0.5053843537414963, 0.536691609977324, 0.5762239382239381, 0.5982496075353213, 0.6323212639894668, 0.6668639455782324, 0.6981306122448979, 0.7227334933973587, 0.7538522448979591, 0.7876857142857142, 0.8229931972789113, 0.8456362973760932, 0.8805886970172684, 0.9157191836734694, 0.9419862557267805, 0.9836938775510206, 1.03]",4.8,25,-7.2,1.241,1.229
40,"[0.003, 0.004187184551239855, 0.006248942820371337, 0.007859900717043563, 0.012165816326530566, 0.015603087388801652, 0.019408163265305655, 0.02366777408637867, 0.028570612244897906, 0.034635975320360717, 0.03893024118738399, 0.04554081632653049, 0.05199399759903967, 0.05979478458049894, 0.06930414746543759, 0.07569313543599257, 0.08642653061224495, 0.09614067055393577, 0.10933404940923724, 0.12172959183673467, 0.13632833133253294, 0.1498457142857143, 0.17410311493018274, 0.1936845382220685, 0.22262131519274359, 0.25121683673469386, 0.2735612244897962, 0.30962217319360175, 0.3478342857142857, 0.37858348794063074, 0.41412979591836735, 0.4362261224489796, 0.4741374149659865, 0.5004117125110915, 0.5355725026852846, 0.570015873015873, 0.5970365198711062, 0.6284772370486662, 0.6593573511037069, 0.687319727891157, 0.7184298880842659, 0.7512630998345283, 0.7783458646616542, 0.8023250728862977, 0.8430816326530614, 0.8722824919441462, 0.9078639455782308, 0.9448486394557825, 0.9738073469387755, 1.021]",4.8,25,-7.2,1.23,1.216
41,"[0.003, 0.004509265775275577, 0.006312124849939968, 0.010028211284513762, 0.012458142440649701, 0.016180758017492677, 0.021503540191586682, 0.02452571428571434, 0.029916161059018065, 0.03540316534777172, 0.04147418967587041, 0.0469334049409234, 0.05373387755102045, 0.06031725417439703, 0.0688571428571426, 0.07841224489795924, 0.08687755102040806, 0.09591372912801491, 0.11038775510204081, 0.12414435774309719, 0.13679676870748309, 0.15529714285714277, 0.17741809156094862, 0.19269544740973318, 0.2238201875344732, 0.2475117739403456, 0.28457993197278914, 0.3152424489795915, 0.34456682027649777, 0.37545211930926214, 0.40195133437990593, 0.43735557299843014, 0.4670884353741499, 0.49734204081632655, 0.5296001665972513, 0.5598646616541356, 0.5893020408163266, 0.6138514739229025, 0.644658475635152, 0.6748915145005372, 0.704139591836735, 0.7373644314868798, 0.7711843317972349, 0.8060854936569225, 0.8390177127454758, 0.859437129690586, 0.9000901360544218, 0.9460702280912366, 0.9659489795918365, 1.01]",4.8,25,-7.2,1.218,1.206
42,"[0.0, 0.004634076886568618, 0.008192076830732265, 0.010223673469387724, 0.013889795918367417, 0.01759722757027335, 0.02117469387755114, 0.026619047619048253, 0.031369795918367374, 0.03577551020408164, 0.040846111417540035, 0.047446346280447596, 0.055703544575725, 0.06097795918367345, 0.0718690476190477, 0.07847673469387775, 0.08910441385856664, 0.10030926216640502, 0.1132040816326531, 0.11921482277121363, 0.13643537414965998, 0.1544887218045116, 0.17284879406307976, 0.2000881632653062, 0.22706122448979613, 0.25232277121374863, 0.28053013763644996, 0.3110544217687078, 0.3445396825396826, 0.3682823129251702, 0.39740319911748495, 0.42948032069970843, 0.4546967252017085, 0.48760136054421865, 0.517541601255887, 0.5531392857142857, 0.574122448979592, 0.6049434850863418, 0.6258587127158556, 0.6617456828885404, 0.6869569160997734, 0.7182086167800453, 0.7424131274131275, 0.7757271750805589, 0.8073738775510204, 0.8433751214771625, 0.869049089906233, 0.9102375510204083, 0.9294897959183686, 0.976]",4.8,25,-7.2,1.191,1.195
43,"[0.003, 0.0044621848739495006, 0.007223502304147445, 0.008913621262458395, 0.013988338192419802, 0.01637530266343822, 0.020365079365079346, 0.02423529411764703, 0.029571428571428374, 0.03499159663865545, 0.040405529953916774, 0.04628571428571411, 0.052925714285714125, 0.05977811550151974, 0.06740909090909072, 0.07657142857142836, 0.0844107142857142, 0.09590977443609028, 0.10764092664092659, 0.1216071428571428, 0.1335084033613445, 0.14979999999999957, 0.17473809523809475, 0.19484693877550988, 0.22718571428571424, 0.24370129870129845, 0.27569047619047626, 0.3059350649350648, 0.33568000000000003, 0.3616302521008402, 0.39448214285714284, 0.42071428571428515, 0.44988416988416985, 0.4796914285714282, 0.5117257142857143, 0.543, 0.5712605042016804, 0.6023142857142855, 0.6293809523809529, 0.6527880184331796, 0.6900990783410138, 0.7080579150579148, 0.7452857142857136, 0.7753294930875576, 0.8069761904761897, 0.8435238095238092, 0.8703179723502303, 0.9094285714285717, 0.9354285714285715, 0.978]",4.8,25,-7.2,1.19,1.171
44,"[0.002, 0.0034448146605581234, 0.004961158657011193, 0.0077823129251703, 0.011187421907538578, 0.01543959183673473, 0.018048469387755315, 0.022198156682027646, 0.027461284513805546, 0.03184225041367904, 0.03722317314022409, 0.042500408163265405, 0.049229098090849376, 0.05622667638483971, 0.06271428571428583, 0.07199721706864574, 0.08034418091560953, 0.08888110026619343, 0.10110884353741563, 0.11527920104211899, 0.12846818727491008, 0.14206122448979666, 0.1685850340136057, 0.1905932944606415, 0.21293700088731146, 0.2411902567478606, 0.27049136577708033, 0.2974622448979592, 0.3288492063492065, 0.3578464017185822, 0.3921027696793004, 0.4182623906705541, 0.44803610675039296, 0.4810204081632653, 0.5107478381182983, 0.5409523809523824, 0.5695218658892123, 0.5924331065759644, 0.6228897959183672, 0.6593200859291088, 0.6802586422324033, 0.7078666350261034, 0.7394945054945057, 0.7781174432036967, 0.8071632653061226, 0.8301126530612246, 0.8638216970998928, 0.903262166405024, 0.923543002915452, 0.968]",4.8,25,-7.2,1.176,1.165
45,"[0.003, 0.003987567440769407, 0.0056582497405741426, 0.008519623233908744, 0.010991836734693828, 0.01395457537853858, 0.017919684002633218, 0.022414746543778546, 0.026424489795918323, 0.031821224489795845, 0.036486246672582004, 0.04241141001855281, 0.050135939121411274, 0.05520730397422137, 0.06249206349206335, 0.07142055393586004, 0.08167055393585998, 0.08960204081632585, 0.10169453587886755, 0.11126170468187259, 0.12604081632653047, 0.14382625482625458, 0.1576824729891956, 0.1837719087635054, 0.21137670068027206, 0.23416326530612228, 0.2595372311086596, 0.29212827988338186, 0.32610857142857147, 0.35236281179138235, 0.3727132116004295, 0.4068312925170068, 0.43407702435813017, 0.4566593086214077, 0.49103741496598613, 0.5232193877551021, 0.5510824489795918, 0.5772708719851577, 0.6037226345083485, 0.6359089481946621, 0.6590667402095972, 0.6868163265306119, 0.7136632653061223, 0.7485641869651086, 0.7791083202511776, 0.8160251177394036, 0.8375230185097291, 0.8757704081632643, 0.9006155365371954, 0.944]",4.8,25,-7.2,1.162,1.159
46,"[0.002, 0.0030764587525150657, 0.005226890756302473, 0.008298319327731082, 0.010248847926267296, 0.014633928571428591, 0.017513119533527726, 0.02148648648648634, 0.026442396313364, 0.031075187969924735, 0.035793650793650635, 0.040624060150375854, 0.04869047619047599, 0.05480571428571423, 0.062249999999999445, 0.07146428571428584, 0.07721658986175119, 0.08992481203007503, 0.10087912087912025, 0.11332967032966965, 0.12587557603686625, 0.14516666666666628, 0.161071428571428, 0.183190476190476, 0.20857528957528948, 0.2273485714285713, 0.26084571428571435, 0.29138095238095235, 0.3152631578947367, 0.3416753246753246, 0.3746428571428571, 0.4042190476190476, 0.43638021978021985, 0.4563281853281854, 0.489964285714286, 0.5118333333333337, 0.5453095238095235, 0.5731428571428573, 0.6016221198156679, 0.6333051948051944, 0.6584884792626726, 0.685102857142857, 0.7121020408163262, 0.7437050691244239, 0.7745714285714284, 0.8102779922779921, 0.8348112244897957, 0.8760476190476176, 0.8968040816326527, 0.938]",4.8,25,-7.2,1.148,1.136
47,"[0.003, 0.0045274866703438055, 0.006118106817195017, 0.009505830903790122, 0.013095973524544956, 0.014940923737916128, 0.019604823747681133, 0.02473109243697501, 0.0293040816326531, 0.03335079977937131, 0.03831632653061229, 0.04497529538131053, 0.0503673469387755, 0.05753227821740949, 0.06492142857142863, 0.07373696145124735, 0.08241601255886997, 0.0934926435690556, 0.10467478604344971, 0.11739122063919907, 0.13059438775510224, 0.14734285714285716, 0.1681717687074831, 0.18987346938775534, 0.2145300606729179, 0.2451456150027579, 0.26650907029478466, 0.2936564625850344, 0.32491729323308277, 0.3545408163265306, 0.38230192076830727, 0.4069262166405026, 0.43344050235478837, 0.4629329446064143, 0.4954472789115647, 0.523230414746544, 0.5469098639455783, 0.5757244897959181, 0.601551571980143, 0.6314716553287988, 0.6545497037524692, 0.6826326530612257, 0.7056309523809526, 0.7377338775510205, 0.7656906552094522, 0.7929081632653061, 0.8287227891156466, 0.8595559183673471, 0.8880889795918369, 0.922]",4.8,25,-7.2,1.134,1.135
48,"[0.0, 0.0037505668934240417, 0.005278732545649741, 0.008867755102040775, 0.011108624094799223, 0.014652228238233953, 0.017669032830523526, 0.02196240601503763, 0.02596668054977091, 0.030733061224489634, 0.03578157749586317, 0.04267020408163253, 0.048003291639236306, 0.05605333951762529, 0.06209523809523794, 0.06970770243581306, 0.08010938775510212, 0.088673469387755, 0.09835147392290253, 0.10746177793151164, 0.12241675617615448, 0.14205494505494515, 0.1549591836734695, 0.17860884353741488, 0.20436443148688033, 0.22747183673469393, 0.2536677551020408, 0.28308163265306097, 0.3096563706563707, 0.34244326530612246, 0.3653951020408163, 0.3964727891156465, 0.41493877551020414, 0.4525442176870752, 0.47643075801749274, 0.5162857142857141, 0.5348044217687077, 0.5637268445839874, 0.5841403061224486, 0.617255102040817, 0.6452363945578231, 0.6741360544217688, 0.6980238095238098, 0.730286788399571, 0.7513367346938772, 0.7842721088435404, 0.8155030336458908, 0.8507360105332453, 0.8764259381171825, 0.915]",4.8,25,-7.2,1.124,1.111
49,"[0.003, 0.004676227247655817, 0.0064672108843537475, 0.007899208663057069, 0.01282434402332366, 0.015289358600583166, 0.01871374865735776, 0.02294470046082966, 0.0271201814058955, 0.031026239067055008, 0.036031397174253986, 0.042600661886376144, 0.048637650978758856, 0.05412653061224506, 0.06433179723502304, 0.06950261034646421, 0.07953265306122446, 0.0921268615554331, 0.09997469387755108, 0.10778670177748526, 0.12827265306122468, 0.14403428571428578, 0.15547495361781083, 0.18589387755102088, 0.20836458907887487, 0.23258390022675735, 0.2606562009419151, 0.28445005370569276, 0.3077463556851312, 0.34073783359497656, 0.37201974983541813, 0.3970702947845804, 0.41285094752186585, 0.45354810495626807, 0.4777221350078489, 0.5042619047619046, 0.5336718995290424, 0.5512373791621912, 0.5842312925170063, 0.6072879818594102, 0.6350486656200938, 0.6642951334379907, 0.6930451127819549, 0.7214351020408163, 0.7446759183673469, 0.7742131519274379, 0.8008231292517007, 0.8436530612244904, 0.8692979591836735, 0.907]",4.8,25,-7.2,1.112,1.097
50,"[0.0, 0.004172121678860237, 0.0061542617046817655, 0.008793712079426348, 0.011404853833425278, 0.016014238253440866, 0.01882017712745482, 0.022616541353383354, 0.02803534985422739, 0.03128200371057519, 0.03716897959183666, 0.042343077771649085, 0.048717551020408374, 0.05470367346938768, 0.06357142857142793, 0.07089269256089507, 0.07960910518053343, 0.09000627943485073, 0.09624489795918338, 0.10975402792696028, 0.12574149659863973, 0.14070656370656354, 0.16194897959183652, 0.18412520683949252, 0.20082342502218273, 0.23112489795918376, 0.25863647959183655, 0.2814565503620803, 0.3086134453781512, 0.3296440816326527, 0.36571156462585025, 0.3896282798833816, 0.41827673469387755, 0.4490646982197133, 0.46793027210884347, 0.49517050691244235, 0.523489795918367, 0.5517942176870747, 0.5775322448979584, 0.6046365140650855, 0.6286318367346935, 0.6546700680272101, 0.6817518796992479, 0.7020294784580493, 0.7371404561824724, 0.7559607948442536, 0.7888819635962493, 0.8283004081632647, 0.8447420755536257, 0.889]",4.8,25,-7.2,1.089,1.083
51,"[0.003, 0.005121897407611718, 0.00819420671494405, 0.010217558721601879, 0.014062166405023563, 0.016473623411628804, 0.019691326530612233, 0.02314285714285727, 0.02858591178406866, 0.03165183673469389, 0.03873829531812729, 0.04538435374149644, 0.04981040157998698, 0.05768163265306132, 0.06650649350649353, 0.07339697169190258, 0.08262244897959198, 0.09454693877551025, 0.09948734693877553, 0.11407699443413724, 0.13087291280148425, 0.14643956043956066, 0.1678520408163268, 0.19074938775510206, 0.21340561224489815, 0.23812113232389742, 0.2666455424274975, 0.28846480633069554, 0.31577142857142865, 0.3432993197278908, 0.3668588435374151, 0.3907946017116525, 0.4205961331901183, 0.4470518053375193, 0.4715977891156463, 0.49560439560439534, 0.5223544575725032, 0.5509064625850346, 0.571568288854003, 0.597475918367347, 0.6214115646258501, 0.6481215986394557, 0.6724571428571431, 0.6933762033115132, 0.7200789993416722, 0.7545134957208695, 0.7763157017909205, 0.8133152524167563, 0.8286595918367347, 0.87]",4.8,25,-7.2,1.078,1.064
52,"[0.001, 0.003, 0.005907755102040949, 0.00968163265306113, 0.013, 0.01793974732750233, 0.024101632653061224, 0.03057714285714274, 0.038, 0.04756916099773249, 0.05461877551020403, 0.06836734693877554, 0.082, 0.09412536443148678, 0.10606593406593388, 0.12480045351473944, 0.14445510204081594, 0.165, 0.185, 0.218, 0.2622560895325873, 0.29794047619047603, 0.3384602692140686, 0.38506771799628947, 0.44101306122448986, 0.4658926925608952, 0.525, 0.5900131195335276, 0.6256190476190475, 0.6718384353741496, 0.7176173469387753, 0.7535975056689341, 0.8, 0.836, 0.8702837393021724, 0.9077032967032971, 0.9424574829931969, 0.965, 0.993, 1.028, 1.0536351020408161, 1.073926020408163, 1.095575630252101, 1.125769016697588, 1.148648423005566, 1.175, 1.1985510204081624, 1.213596088435374, 1.2404807256235824, 1.27]",2.4,25,-7.2,1.388,1.326
53,"[0.001, 0.003439353099730457, 0.006, 0.01067109634551496, 0.015, 0.021, 0.024, 0.035, 0.04217050691244233, 0.053, 0.062293436293436207, 0.077, 0.08782539682539647, 0.099, 0.117, 0.137188775510204, 0.15819047619047646, 0.18847428571428557, 0.22434920634920605, 0.2553371428571429, 0.2943533834586464, 0.32549999999999996, 0.3732514285714284, 0.418, 0.4502197802197801, 0.509, 0.55, 0.6000549450549452, 0.6341785714285714, 0.6723731778425656, 0.7067619047619041, 0.7501142857142856, 0.7810714285714285, 0.8057023809523807, 0.845, 0.876, 0.9086984126984128, 0.932, 0.964238095238095, 0.984, 1.011, 1.0296359447004608, 1.053, 1.077, 1.0998993506493506, 1.1261377551020406, 1.1502200772200772, 1.173, 1.1922857142857133, 1.218]",2.4,25,-7.2,1.333,1.33
54,"[0.001, 0.003106382978723342, 0.006140000000000032, 0.011, 0.013, 0.018833333333333393, 0.02384090909090906, 0.033, 0.04252631578947362, 0.051535714285714275, 0.065, 0.07183333333333333, 0.08513636363636372, 0.09667741935483873, 0.118, 0.13650000000000012, 0.15373333333333336, 0.182, 0.2168421052631578, 0.249, 0.28908333333333347, 0.31665116279069766, 0.36084000000000005, 0.3997027027027027, 0.451, 0.485, 0.544, 0.5825, 0.618, 0.6655600000000002, 0.703, 0.7339230769230768, 0.7715483870967743, 0.8085384615384615, 0.8409736842105263, 0.8746800000000001, 0.903, 0.933, 0.95568, 0.982, 1.0100000000000007, 1.0354594594594595, 1.0534000000000001, 1.079, 1.1032631578947367, 1.1274230769230769, 1.152081081081081, 1.1776666666666673, 1.1929200000000002, 1.217]",2.4,25,-7.2,1.331,1.334
55,"[0.001, 0.0037322448979591714, 0.006944489795918309, 0.010416721527320559, 0.015, 0.01992176870748335, 0.02643285055957866, 0.034460317460317386, 0.04369160997732435, 0.052, 0.064, 0.074, 0.0882780612244898, 0.102, 0.12, 0.13472448979591836, 0.163, 0.183, 0.216, 0.24886504279131005, 0.288624803767661, 0.3221105990783411, 0.3585054579971524, 0.403, 0.45211224489795887, 0.506, 0.5375934914506343, 0.5841258503401358, 0.629, 0.674696793002915, 0.7103218210361064, 0.7428595918367344, 0.7802587034813925, 0.815, 0.849281301709873, 0.879, 0.912, 0.938, 0.966, 0.9906564625850331, 1.0230097959183673, 1.0433581840899624, 1.0705714285714283, 1.09237588989084, 1.1154991726420298, 1.137981292517006, 1.1598134110787168, 1.1837312925170065, 1.205, 1.228]",2.4,25,-7.2,1.344,1.346
56,"[0.001, 0.003, 0.006945578231292665, 0.010688775510204078, 0.015452271231073142, 0.020444371296905874, 0.025, 0.033, 0.04231083202511779, 0.05151557465091304, 0.063, 0.07288379841732615, 0.08578004535147402, 0.1009846938775509, 0.11671428571428583, 0.134487973760933, 0.15378231292517003, 0.18592244897959193, 0.21618367346938783, 0.249, 0.283, 0.3231134453781514, 0.368, 0.39576530612244915, 0.45800489795918387, 0.497, 0.539, 0.584, 0.6277857142857144, 0.6726288936627284, 0.7196938775510207, 0.7528673469387756, 0.788, 0.8218626585769445, 0.8585069387755102, 0.8912922077922077, 0.925, 0.944, 0.972, 0.999, 1.027, 1.047, 1.075, 1.1, 1.125039499670836, 1.146, 1.176, 1.1906938775510205, 1.211, 1.239]",2.4,25,-7.2,1.349,1.341
57,"[0.0, 0.0023801020408162877, 0.005, 0.009, 0.0143166556945359, 0.0188431793770139, 0.02283013205282124, 0.03236293436293439, 0.03939265306122448, 0.048, 0.05938775510204102, 0.0683747680890539, 0.08417577353522052, 0.09480758017492762, 0.11359428571428574, 0.13229229756418695, 0.146, 0.171, 0.201, 0.235, 0.2790068027210887, 0.3114553571428572, 0.3505520945220194, 0.396, 0.438889366272825, 0.48812244897959195, 0.536, 0.569, 0.6163214285714287, 0.6693136412459721, 0.7039451530612246, 0.746, 0.7874608843537417, 0.821, 0.8534194414607947, 0.886, 0.916, 0.9348527302813017, 0.974, 0.997, 1.023, 1.0463639455782316, 1.0725238095238088, 1.0983979591836734, 1.124, 1.1381149301825992, 1.166, 1.1813727891156467, 1.207, 1.231]",2.4,25,-7.2,1.343,1.343
58,"[0.0, 0.002864285714285761, 0.005, 0.009, 0.013940476190476059, 0.019, 0.02382857142857132, 0.031, 0.039880952380952114, 0.047, 0.057169642857142634, 0.07261142857142845, 0.084, 0.09565178571428559, 0.11388888888888862, 0.13319780219780192, 0.14675510204081613, 0.18009059233449473, 0.20077142857142863, 0.23569884169884164, 0.2743371428571429, 0.32, 0.3458262548262548, 0.40402380952380884, 0.44, 0.492, 0.54, 0.5773015873015871, 0.625, 0.664902857142857, 0.71, 0.7479010989010987, 0.790220238095238, 0.821, 0.856, 0.894, 0.922, 0.9475714285714285, 0.979, 1.003585034013605, 1.034034285714286, 1.0526190476190476, 1.078, 1.1037142857142852, 1.1270057142857142, 1.149, 1.171034749034749, 1.197, 1.209968253968254, 1.238]",2.4,25,-7.2,1.346,1.346
59,"[0.002, 0.003, 0.00602551020408192, 0.009277864992150785, 0.015, 0.019309262166405022, 0.024664613015017343, 0.033433179723502376, 0.04163331138907175, 0.050302295918367615, 0.0628492935635794, 0.06995719263315081, 0.08721795918367342, 0.09655102040816427, 0.116, 0.134, 0.153, 0.175, 0.20298693877551033, 0.23667776584317943, 0.276, 0.3182602040816327, 0.3515520945220194, 0.40841043083900247, 0.442889366272825, 0.496, 0.541, 0.5850604081632653, 0.6290952380952383, 0.6669167974882261, 0.716, 0.7489730612244899, 0.7952304421768709, 0.827, 0.862, 0.8945984555984556, 0.924, 0.9522729591836733, 0.981, 1.003, 1.0316938775510203, 1.056, 1.0795034013605442, 1.102, 1.1237766439909298, 1.1495909863945577, 1.170698979591837, 1.1952159863945584, 1.2119892588614394, 1.236]",2.4,25,-7.2,1.347,1.343
60,"[0.002, 0.003, 0.005665950590762753, 0.009306122448979591, 0.014858216970998895, 0.017379737609329503, 0.024678475163650338, 0.031, 0.04055708769994488, 0.049, 0.061, 0.07398144712430425, 0.082, 0.09702721088435415, 0.11429761904761897, 0.13343591836734686, 0.153, 0.17252504638218924, 0.207089407191448, 0.2383673469387759, 0.28162122448979593, 0.3202816326530612, 0.355, 0.4057804081632653, 0.448, 0.49468653061224493, 0.5407577353522054, 0.585, 0.625, 0.674, 0.7135890788747931, 0.7542602040816327, 0.7913937074829931, 0.8234073129251699, 0.8558040816326529, 0.894057142857143, 0.9198302040816327, 0.9498469387755096, 0.9766009070294779, 1.0, 1.0351224489795916, 1.054253723110866, 1.0773095238095238, 1.1003469387755098, 1.1253612796469938, 1.1446411564625845, 1.1691554160125592, 1.1942454981992798, 1.20998693877551, 1.234]",2.4,25,-7.2,1.346,1.339
61,"[0.001, 0.0029042132982224898, 0.0065204081632656155, 0.009353741496598985, 0.015, 0.01912127158555739, 0.024390306122449027, 0.03289714285714282, 0.04172108843537431, 0.051, 0.061, 0.07340306122448989, 0.08544038668098819, 0.09626530612244874, 0.116, 0.134, 0.1554851311953353, 0.18346938775510221, 0.207, 0.239, 0.273, 0.31942160278745646, 0.34384990125082293, 0.3975586734693879, 0.4462448979591837, 0.49537755102040815, 0.5432862658576944, 0.5836956782713084, 0.629, 0.6686479591836736, 0.7151530612244896, 0.7468359183673469, 0.789, 0.8189455782312921, 0.855267454350161, 0.892, 0.9187346938775514, 0.9470730743910466, 0.9755393586005829, 1.000265306122448, 1.031, 1.048, 1.0722932330827066, 1.0934154518950436, 1.1170728075013787, 1.1383502040816325, 1.164, 1.1854795918367347, 1.201, 1.229]",2.4,25,-7.2,1.339,1.333
62,"[0.001, 0.004, 0.006, 0.01, 0.014749387755102065, 0.018646442360728124, 0.0264210006583278, 0.034, 0.042, 0.052, 0.064, 0.07452081632653068, 0.08497432521395656, 0.09959935553168639, 0.119, 0.13818564845292958, 0.151, 0.18212471655328816, 0.21370032223415691, 0.2461659863945577, 0.28987284144426984, 0.321, 0.36400170068027216, 0.4153276047261011, 0.45284081632653067, 0.4965436734693879, 0.5506056616194867, 0.588, 0.6395529953917051, 0.6824801920768309, 0.7180510204081632, 0.75, 0.7859696635410921, 0.826, 0.8510087463556851, 0.887457142857143, 0.9173547880690739, 0.9417551020408159, 0.9669991836734694, 0.996430272108843, 1.0216122448979597, 1.0480424489795919, 1.069, 1.0883061224489796, 1.1124437588989085, 1.1355221088435374, 1.1574579591836736, 1.184, 1.1975214822771214, 1.221]",2.4,25,-7.2,1.334,1.338
63,"[0.002, 0.003361099541857574, 0.007, 0.011083265306122372, 0.01631102040816324, 0.021, 0.027320251177394166, 0.03426640926640933, 0.043420297848869326, 0.053, 0.065, 0.07632059369202224, 0.08845306122448975, 0.10222820037105744, 0.12, 0.13869495166487641, 0.16059183673469413, 0.19, 0.22118367346938778, 0.258687074829932, 0.2881514500537058, 0.32428571428571434, 0.368, 0.4134132653061225, 0.451, 0.512, 0.5408228862973763, 0.5839190962099126, 0.635, 0.678, 0.714234693877551, 0.744, 0.7814557823129252, 0.8170998925886144, 0.8489436734693879, 0.8871714285714286, 0.9138316326530616, 0.9377168367346939, 0.9695306122448979, 0.9910068027210877, 1.023, 1.0379880212954748, 1.0721785714285714, 1.0922798833819243, 1.112, 1.1376760204081633, 1.161, 1.177, 1.201, 1.226]",2.4,25,-7.2,1.339,1.344
64,"[0.0, 0.0032691671263100183, 0.00606851311953342, 0.00930934479054778, 0.013346938775510216, 0.019, 0.025072502685284593, 0.03262682215743444, 0.039, 0.048, 0.058959183673469376, 0.07103061224489798, 0.084, 0.098, 0.11003571428571435, 0.12861564625850355, 0.15, 0.17583163265306115, 0.205, 0.242, 0.282, 0.318, 0.345, 0.39636244897959183, 0.447, 0.49055328798185943, 0.5411049562682216, 0.5773959183673469, 0.6183736263736265, 0.6604640171858217, 0.704, 0.744, 0.7767077551020409, 0.821, 0.86, 0.882, 0.9176595059076261, 0.938, 0.9756499215070644, 0.997, 1.0254244897959188, 1.052, 1.0735873015873016, 1.0960408163265305, 1.1213812090874087, 1.1319805410536308, 1.1664897959183678, 1.193090136054422, 1.2066443148688046, 1.234]",2.4,25,-7.2,1.346,1.335
65,"[0.001, 0.0033129251700680104, 0.006600796416127409, 0.010188383045525655, 0.014899062327633772, 0.019327479829140973, 0.025195918367346876, 0.034, 0.042348508634222855, 0.052, 0.06026020408163271, 0.07258163265306135, 0.08603183673469386, 0.09855102040816312, 0.117, 0.13024960753532155, 0.151, 0.17667994026879044, 0.21, 0.248, 0.275, 0.321, 0.349, 0.4028239795918368, 0.441, 0.49389387755102043, 0.5374089795918366, 0.5811040816326525, 0.6322664092664092, 0.6760518053375196, 0.7112595918367346, 0.7434395043731779, 0.782, 0.8174897959183677, 0.851, 0.8853428571428571, 0.918, 0.9394336734693873, 0.9676122448979589, 0.9976020408163262, 1.023, 1.0481130298273151, 1.0682142857142842, 1.0870440816326528, 1.1118843537414969, 1.1321965628356605, 1.158, 1.1748903061224492, 1.1980306122448974, 1.223]",2.4,25,-7.2,1.332,1.326
66,"[0.001, 0.003903474903474935, 0.006423469387755182, 0.009807142857142894, 0.014119047619047795, 0.01837593984962415, 0.026353896103896147, 0.03326470588235301, 0.042059523809523935, 0.04838775510204089, 0.059, 0.071, 0.08070329670329678, 0.09819780219780226, 0.11526315789473693, 0.12789714285714282, 0.14829670329670322, 0.17232857142857125, 0.20631660231660226, 0.23439560439560467, 0.2725563909774439, 0.31536842105263163, 0.35173714285714297, 0.3989880952380956, 0.437, 0.48530857142857153, 0.536, 0.5815054945054945, 0.627, 0.673, 0.709, 0.7424744897959183, 0.7812763975155281, 0.80784126984127, 0.847, 0.8794516129032256, 0.910075187969925, 0.93, 0.96, 0.9842261904761906, 1.0138571428571426, 1.039188775510204, 1.059, 1.0815238095238098, 1.104, 1.1276802721088435, 1.1446530612244898, 1.1754603174603175, 1.1902119815668204, 1.217]",2.4,25,-7.2,1.328,1.323
67,"[0.0, 0.004366484622017836, 0.005500600240096091, 0.008623276337562128, 0.011905859117840707, 0.013708655876143548, 0.017638023630504974, 0.021238095238095243, 0.025815223386651934, 0.03061319411485533, 0.03538218923933223, 0.04091545189504368, 0.04751749271137013, 0.053530612244897996, 0.061220238095238175, 0.06890843905129605, 0.07815510204081644, 0.08852732060566167, 0.10133469387755095, 0.11076775510204076, 0.12790136054421777, 0.15447402597402593, 0.16845795918367343, 0.18483673469387757, 0.2154589078874794, 0.23617006802720988, 0.2621946624803765, 0.28109183673469396, 0.3082180451127817, 0.333532879818594, 0.3591921768707484, 0.3713853061224487, 0.40789071757735335, 0.4351924198250742, 0.4576924198250728, 0.4800751879699245, 0.502394557823129, 0.522750392464678, 0.5521365777080062, 0.5695568513119533, 0.5855351473922896, 0.6206485260770972, 0.6438095238095233, 0.6646394557823121, 0.6862377275234419, 0.7160583673469385, 0.7413378202344767, 0.7644783673469387, 0.7840264754550468, 0.813]",4.8,25,-7.2,0.999,1.046
68,"[0.003, 0.004563068600934332, 0.0073745498199281195, 0.009874259381171943, 0.012898775510204094, 0.016238830667402115, 0.020229387755102083, 0.024013937282229995, 0.025911712511091364, 0.03114739229024939, 0.037473337722185765, 0.041891156462585115, 0.04727479829140964, 0.05512067435669916, 0.06061751152073736, 0.07134040816326524, 0.07851217906517444, 0.08846853741496605, 0.09462200532386868, 0.10749854227405235, 0.1235877551020408, 0.13811309523809528, 0.15850371057513918, 0.17927591836734685, 0.1969089481946622, 0.22655259026687619, 0.2501700680272109, 0.27683351235230896, 0.306172932330827, 0.3267755102040816, 0.3572507288629737, 0.37923877551020413, 0.40912585034013654, 0.43740345368916755, 0.4598993197278908, 0.48483458646616506, 0.5115907626208378, 0.5370986394557813, 0.5643265306122454, 0.5891271585557301, 0.6132846938775511, 0.6340707482993198, 0.6597371428571427, 0.6795701259227094, 0.7076232653061223, 0.7390850340136053, 0.7548832199546486, 0.7938775510204078, 0.8104601711652402, 0.843]",4.8,25,-7.2,1.043,1.044
69,"[0.003, 0.004825745682888573, 0.00701669758812621, 0.010101275510204113, 0.012190186712983136, 0.01591450634307781, 0.019394649751792645, 0.023292358803986724, 0.027184622686283844, 0.030700103770321667, 0.036281417830290465, 0.042836734693877665, 0.046882288629737597, 0.05536734693877539, 0.06300285714285715, 0.06788775510204087, 0.07842912300055156, 0.0889370748299321, 0.0948322448979592, 0.10599659863945567, 0.12222448979591827, 0.13835714285714293, 0.15785069817400663, 0.17709977324262977, 0.20031095596133183, 0.22975617615467273, 0.24797959183673463, 0.2718626585769443, 0.2975054945054942, 0.32655102040816314, 0.35300194363459675, 0.377542638483965, 0.4096372613561553, 0.43508843537414965, 0.4597482993197271, 0.47879723502304106, 0.5084081632653046, 0.5297324263038541, 0.5601632653061227, 0.5795461224489795, 0.6053971318257032, 0.6342719249862105, 0.6539699248120301, 0.6777664399092967, 0.710440233236151, 0.7281061224489787, 0.7538832199546486, 0.7905850340136054, 0.8098754027926961, 0.843]",4.8,25,-7.2,1.04,1.036
70,"[0.003, 0.004080249048772006, 0.006584879406308021, 0.008437948152234025, 0.011458558933777618, 0.015251470079557239, 0.018596001665972577, 0.02300921658986177, 0.02621456150027581, 0.030068155564112353, 0.03560804321728697, 0.04059410430839003, 0.045855287569573334, 0.052367346938775386, 0.059198156682027644, 0.0668645640074211, 0.07610479867622724, 0.0849370748299321, 0.09277330391616108, 0.10347918367346931, 0.115612244897959, 0.13484942084942092, 0.15932326530612254, 0.17407354639969186, 0.19642201166180745, 0.21676734693877558, 0.24096258503401347, 0.2697113702623906, 0.2922527472527471, 0.31988775510204076, 0.35254003139717405, 0.37073469387755137, 0.40139510204081635, 0.4290573634859349, 0.45060783232211804, 0.47126857142857115, 0.5013033645890789, 0.523549319727891, 0.5492176870748303, 0.5730544217687077, 0.6000962099125364, 0.6226768707482991, 0.646658163265306, 0.6762244897959181, 0.696166574738003, 0.7201624489795911, 0.7398498542274053, 0.781210612244898, 0.795425306122449, 0.828]",4.8,25,-7.2,1.025,1.024
71,"[0.003, 0.00487473610133711, 0.006663265306122488, 0.009671368547418971, 0.012626069782751702, 0.015561432736359985, 0.018755886970172688, 0.023532818532818724, 0.026578231292517126, 0.032676734693877475, 0.038070204081632676, 0.04207580174927113, 0.048384353741496446, 0.053683265306122496, 0.06134693877551018, 0.06693061224489814, 0.07799407504937468, 0.08668189884649508, 0.09825886143931274, 0.10995578231292517, 0.12000340136054395, 0.1431654135338345, 0.1529433838051348, 0.17601387755102033, 0.1975379591836734, 0.2290934479054778, 0.24592910848549945, 0.2731462585034011, 0.29087644787644784, 0.32222919937205663, 0.3518664192949905, 0.37612018140589576, 0.3995186074429772, 0.43012734693877547, 0.4474293877551018, 0.47314285714285653, 0.49847278911564646, 0.5203510204081635, 0.5466462585034012, 0.5710803159973664, 0.5839408163265304, 0.6133673469387756, 0.6409340659340659, 0.6712390670553936, 0.6921369321922316, 0.7201998299319727, 0.7441195335276966, 0.771795918367347, 0.7879379591836736, 0.824]",4.8,25,-7.2,1.022,1.017
72,"[0.003, 0.003935960591133021, 0.006527696793003019, 0.008730414746543791, 0.011732919254658396, 0.014595238095238456, 0.01827912087912099, 0.021680000000000026, 0.02527428571428559, 0.030588571428571618, 0.036060150375939855, 0.03991119691119696, 0.04684962406015053, 0.05284126984127002, 0.05807999999999999, 0.06722959183673485, 0.07720849420849439, 0.08362934362934367, 0.0896722689075631, 0.10537317784256568, 0.12219047619047647, 0.132125, 0.1561312741312744, 0.17003759398496274, 0.19054135338345862, 0.22052551020408176, 0.24148847926267286, 0.2695317460317461, 0.2856666666666666, 0.3152030075187972, 0.3449761904761904, 0.36919047619047646, 0.3873456221198157, 0.41362184873949603, 0.43924781341107877, 0.46680000000000016, 0.4853690476190473, 0.5129880952380956, 0.5380476190476199, 0.5618571428571427, 0.5863498542274053, 0.604928571428572, 0.6295384615384615, 0.6574795918367349, 0.6766138996138998, 0.7019450549450551, 0.7277797619047619, 0.7620457142857144, 0.7774749034749036, 0.813]",4.8,25,-7.2,1.012,1.008
73,"[0.0, 0.004687258687258732, 0.00607008086253384, 0.009169096209912617, 0.010993031358885002, 0.014730158730158937, 0.017416326530612328, 0.021488372093023282, 0.02552380952380957, 0.03079428571428581, 0.03512030075187972, 0.039697142857142924, 0.04582082324455221, 0.05226190476190534, 0.05772972972972975, 0.06633673469387767, 0.07320300751879719, 0.0823946731234867, 0.09028110599078358, 0.1034942084942086, 0.12019047619047647, 0.1291578947368422, 0.15477992277992292, 0.16851879699248137, 0.19065142857142856, 0.21464092664092674, 0.2441654135338347, 0.2662392857142858, 0.28269230769230774, 0.3119523809523812, 0.33334693877551036, 0.36841142857142867, 0.38736263736263765, 0.40995366795366833, 0.4336525096525097, 0.4646000000000003, 0.4814761904761904, 0.5069761904761911, 0.5307714285714288, 0.5553197278911565, 0.5819266409266408, 0.596964285714286, 0.6237599999999999, 0.6442857142857148, 0.6775396825396829, 0.6879624060150377, 0.7195057915057915, 0.752744360902256, 0.7688045112781956, 0.803]",4.8,25,-7.2,1.004,0.997
74,"[0.0, 0.005850510204081666, 0.0071482593037215745, 0.009856771799628872, 0.013912801484229995, 0.015614549045424633, 0.01876489795918368, 0.022678571428571416, 0.027332810047095858, 0.03096921480456585, 0.036498267231420814, 0.041518707482993085, 0.04875773535220537, 0.05379251700680277, 0.060872586872586835, 0.06905224489795915, 0.07852721088435353, 0.08712462585034013, 0.09347931605074465, 0.10655102040816328, 0.1186949516648764, 0.13865714285714284, 0.15071591836734674, 0.1742732060566162, 0.19973177842565598, 0.22607948442534892, 0.24487003222341558, 0.2722221167536782, 0.2912142857142857, 0.30974052478134145, 0.34376870748299304, 0.36262244897959184, 0.37695210329029577, 0.4144455782312911, 0.44054336734693855, 0.45989285714285655, 0.48633877551020355, 0.5057804081632651, 0.5284625850340128, 0.5516355685131195, 0.5725412801484229, 0.6004550468836183, 0.6203520408163266, 0.6439846938775516, 0.6679943310657595, 0.6926065759637186, 0.7263186306780773, 0.7453983673469385, 0.7599968602825745, 0.794]",4.8,25,-7.2,0.991,0.984
75,"[0.002, 0.003419137466307276, 0.004709183673469479, 0.0069844720496895045, 0.009649595687331612, 0.012781341107871899, 0.014874092009685265, 0.018567567567567594, 0.02259183673469386, 0.027027649769585313, 0.03137755102040831, 0.03581049562682213, 0.042149659863945685, 0.04810138248847947, 0.05472972972972975, 0.06145054945055019, 0.06885714285714357, 0.07790733590733595, 0.08339768339768354, 0.09673142857142872, 0.1069216589861751, 0.12283333333333309, 0.1453714285714288, 0.15875824175824194, 0.1787226890756302, 0.19863265306122463, 0.22664795918367353, 0.24359523809523792, 0.2684444444444444, 0.2999523809523812, 0.32578095238095245, 0.3482706766917294, 0.3689585253456222, 0.4007142857142883, 0.4203458646616539, 0.4438333333333337, 0.4641845238095237, 0.48898809523809555, 0.5145428571428575, 0.5326190476190471, 0.5567465437788018, 0.584928571428572, 0.6040399999999996, 0.6273909774436089, 0.6525396825396829, 0.6819450549450552, 0.7007797619047619, 0.735131428571429, 0.7534285714285714, 0.786]",4.8,25,-7.2,0.979,0.975
76,"[0.003, 0.004650834879406428, 0.006972634508348894, 0.00833527696793004, 0.011939795918367347, 0.014749795918367383, 0.017485214493960993, 0.021501661129568056, 0.02475617615467225, 0.029009070294784882, 0.03537448979591848, 0.038860255966793524, 0.046311020408163296, 0.05121527320605661, 0.05683928571428582, 0.0670617346938775, 0.0737278911564624, 0.07855886970172692, 0.09039236339697178, 0.10097628240485376, 0.11582653061224504, 0.1314571428571429, 0.15079855167873607, 0.1644315948601663, 0.18929215896885082, 0.21174149659863972, 0.23900708038317373, 0.260328678839957, 0.2804857142857143, 0.30838775510204103, 0.32587528344671235, 0.34834693877551015, 0.3665957867017778, 0.3950884353741496, 0.42469701726844544, 0.4440238095238098, 0.46749306122448975, 0.48887074829931976, 0.5108897959183676, 0.5341074113856067, 0.5532465986394559, 0.5826219119226639, 0.6021885714285713, 0.6290340136054423, 0.6476852846401722, 0.677174456879526, 0.7023055708769994, 0.7262572886297376, 0.7440926216640513, 0.778]",4.8,25,-7.2,0.969,0.962
77,"[0.003, 0.004268089053803387, 0.005664540816326552, 0.00849334516415259, 0.009959183673469388, 0.013596445029624806, 0.016986690328305278, 0.020868131868131894, 0.021941971969510695, 0.028506802721088662, 0.032911164465786374, 0.03647046186895806, 0.04352236213634393, 0.04851772287862514, 0.056122448979591885, 0.06430998345284059, 0.07138938775510201, 0.07629061224489801, 0.0880085929108486, 0.09746624803767669, 0.11229619415333701, 0.12807142857142872, 0.1475404081632655, 0.1607687074829916, 0.18059735245449537, 0.20087591836734708, 0.2296850523993382, 0.2530128893662728, 0.27493406593406616, 0.305387755102041, 0.31815646258503466, 0.3492567346938775, 0.36997789115646335, 0.3925442176870748, 0.42332361516034983, 0.4356832298136647, 0.466046647230321, 0.48297498354180385, 0.5074448979591838, 0.5251836734693879, 0.5544299628942487, 0.5769693877551024, 0.5958739495798319, 0.61987432867884, 0.6424467930029154, 0.6674506802721087, 0.6869812465526752, 0.7217006802721084, 0.7348447905477983, 0.769]",4.8,25,-7.2,0.959,0.954
78,"[0.0, 0.004350612244897971, 0.006680758017492756, 0.008388617418798504, 0.012074238391008598, 0.014311389071757748, 0.016734693877551082, 0.02028571428571418, 0.023770408163265432, 0.02914607948442529, 0.033923005565862877, 0.03699601791936284, 0.043765635286372846, 0.04886862244897966, 0.05701530612244902, 0.06423615160349856, 0.07245897542690549, 0.07906469821971339, 0.0897219387755101, 0.09880653061224505, 0.11129024943310631, 0.13313899613899619, 0.14820408163265295, 0.16912816326530614, 0.18482938775510205, 0.2087265306122451, 0.22889664252797895, 0.25433306122448984, 0.2740685714285712, 0.30229931972789115, 0.3264280198565912, 0.3412080315997367, 0.37023918367346914, 0.3938758503401356, 0.41268850698174, 0.43746428571428564, 0.4589240816326527, 0.4786507421150277, 0.509453514739229, 0.5228226059654634, 0.5473394199785169, 0.571700408163265, 0.598098901098901, 0.608717425431711, 0.6396705539358594, 0.6635731292517005, 0.6911686358754028, 0.7138820861678005, 0.731538775510204, 0.764]",4.8,25,-7.2,0.951,0.947
79,"[0.003, 0.005030804774740018, 0.007197827518103929, 0.010069606413994178, 0.011541441066222381, 0.014158076790037952, 0.01754180381830136, 0.020630727762803214, 0.02488244897959184, 0.029938775510203845, 0.03359183673469371, 0.04019313091090085, 0.04396725201708595, 0.04892448979591835, 0.0573976833976833, 0.06665889212827963, 0.07172600955275732, 0.07945510204081635, 0.08958725531028733, 0.10243228200371049, 0.11124489795918362, 0.13331274131274135, 0.14641408821593155, 0.16462925170068016, 0.18393720565149133, 0.20806802721088438, 0.23079986833443078, 0.2515045351473923, 0.276247619047619, 0.2976303854875282, 0.3233321995464854, 0.34595153061224493, 0.36860979591836723, 0.3935290423861852, 0.41631292517006796, 0.4370037593984961, 0.45731462585033955, 0.4763363265306123, 0.5050031397174255, 0.5260274885464392, 0.5428415366146461, 0.5665230934479055, 0.5921208791208791, 0.6109581095596133, 0.6295091009376723, 0.6572617346938778, 0.6777948442534911, 0.7015612244897961, 0.7195976676384842, 0.754]",4.8,25,-7.2,0.938,0.931
80,"[0.003, 0.0054718367346938915, 0.0065461339465363606, 0.008648688046647294, 0.012511020408163275, 0.0144972170686456, 0.017358163265306134, 0.020345054945054925, 0.025354109211252078, 0.03018325697625982, 0.033402095973524545, 0.03865733270052207, 0.043267939433838075, 0.05063372717508056, 0.0575714285714291, 0.06506802721088474, 0.06998269742679691, 0.07874367346938795, 0.0887676609105182, 0.10210938775510212, 0.11115102040816341, 0.13224571428571436, 0.14423005565862726, 0.16255673469387757, 0.18430758017492732, 0.20562775510204087, 0.22622675736961462, 0.24555322669608387, 0.27148809523809525, 0.29492687074829926, 0.31637061224489854, 0.3308390388413431, 0.3640214822771216, 0.38391183673469415, 0.40797084548104984, 0.43114285714285727, 0.4485567346938777, 0.46787284144427055, 0.4961953352769681, 0.5072602040816332, 0.5332517006802724, 0.550899814471243, 0.5758492063492067, 0.5967026239067056, 0.6175889212828005, 0.6429559183673469, 0.6637523441809158, 0.6954013605442178, 0.7123914656771799, 0.745]",4.8,25,-7.2,0.931,0.924
81,"[0.0, 0.004194229415904306, 0.005149083362158404, 0.008210675039246494, 0.009726100966702496, 0.013008301625735089, 0.015176216640502387, 0.018614555256064803, 0.02233443054641234, 0.027223494275759125, 0.032024489795918404, 0.0359960500329164, 0.04102769679300304, 0.04564852607709764, 0.053297619047619225, 0.05867755102040829, 0.06665206570433069, 0.07261466620546528, 0.08434240362811797, 0.09274391046741275, 0.10552821128451383, 0.12445559845559855, 0.13772959183673494, 0.15250900360144068, 0.1782921589688508, 0.1945374149659867, 0.21961334804191962, 0.23936054421768724, 0.25711278195488724, 0.28650170068027203, 0.31044963791968405, 0.3214863945578231, 0.3548257456828888, 0.37381292517006814, 0.39111791383219957, 0.41436866359446994, 0.44101306122448986, 0.458688979591837, 0.4837602040816328, 0.5000980908492433, 0.5238063982349697, 0.5394456879526004, 0.5669761904761904, 0.5910510204081634, 0.6124238618524331, 0.6288963265306123, 0.6540922448979594, 0.6875170068027213, 0.6996620408163267, 0.733]",4.8,25,-7.2,0.911,0.906
82,"[0.001, 0.0029970375246872677, 0.006, 0.009, 0.012073074391046735, 0.016454246214614936, 0.02324849939975992, 0.026, 0.03766122448979586, 0.04213469387755062, 0.052, 0.06236734693877555, 0.07508076422058188, 0.087, 0.101, 0.11736054421768666, 0.133, 0.155, 0.18422775510204073, 0.204, 0.24912244897959168, 0.27658885017421597, 0.307, 0.355, 0.3931224489795918, 0.434, 0.4767040816326528, 0.515, 0.549, 0.6062755102040815, 0.6352595918367346, 0.6710109329446063, 0.7030204081632645, 0.7387448979591841, 0.7731102040816328, 0.808, 0.829265306122449, 0.8586224489795917, 0.889, 0.9154030612244892, 0.9418503401360543, 0.9637482993197274, 0.9858035714285711, 1.0096734693877547, 1.0356530612244899, 1.0538112244897957, 1.079, 1.0968279883381924, 1.1210073469387754, 1.147]",2.4,25,-7.2,1.266,1.19
83,"[0.001, 0.004, 0.006, 0.009, 0.012716386554621843, 0.018, 0.024, 0.029799999999999643, 0.03895238095238086, 0.046, 0.056, 0.064, 0.07785714285714257, 0.0879624060150375, 0.103, 0.125, 0.149, 0.17055760368663592, 0.20361654135338336, 0.23301098901098904, 0.25744023323615156, 0.29083333333333294, 0.32393714285714276, 0.35740476190476167, 0.4038996138996138, 0.4379135338345864, 0.4796904761904762, 0.5088809523809521, 0.555, 0.586, 0.616, 0.6549285714285713, 0.684, 0.722189368770764, 0.7494761904761904, 0.7735945945945947, 0.8002040816326522, 0.8216547619047615, 0.8553809523809529, 0.869, 0.8910238095238089, 0.9152442396313363, 0.939, 0.962, 0.9777440476190475, 1.0012514285714285, 1.024, 1.048, 1.062, 1.087]",2.4,25,-7.2,1.198,1.188
84,"[0.001, 0.0026469387755101415, 0.004146258503401051, 0.007, 0.01177020408163257, 0.014988226059654667, 0.021272108843537495, 0.02814795918367346, 0.03373028130170991, 0.04210257787325458, 0.051, 0.05997687074829914, 0.07152947845804976, 0.087, 0.10153781512605049, 0.117, 0.13858109559613332, 0.16723673469387762, 0.19379183673469388, 0.223, 0.2532992100065833, 0.2857771428571429, 0.32743716433942, 0.35936734693877564, 0.402, 0.42983755102040827, 0.473, 0.5109077551020408, 0.537451127819549, 0.571, 0.6135736961451249, 0.651, 0.679, 0.7113913994169097, 0.738, 0.7700714285714283, 0.793, 0.8169115646258504, 0.8425338775510206, 0.8647087699944842, 0.8869102040816332, 0.9111399416909617, 0.934, 0.9580882159315341, 0.97069222283508, 0.9951241496598644, 1.019, 1.041, 1.054968658892128, 1.081]",2.4,25,-7.2,1.192,1.188
85,"[0.001, 0.0033893249607534785, 0.005618738404452709, 0.007879818594104224, 0.011, 0.017, 0.02270839874411299, 0.028897959183673418, 0.037417959183673424, 0.043848396501457616, 0.052, 0.062, 0.07674411302982738, 0.0896979591836733, 0.104, 0.11988979591836735, 0.144, 0.168, 0.19669020408163268, 0.22881802721088423, 0.2555181040157999, 0.29341269841269835, 0.330644557823129, 0.3712205077152812, 0.4066498388829214, 0.438, 0.46878996598639455, 0.506736961451247, 0.5523809523809525, 0.585, 0.617, 0.6522949907235622, 0.6846581632653063, 0.7182758393680052, 0.75014219881501, 0.771, 0.799, 0.8251330612244899, 0.8457300855826201, 0.867933508887426, 0.894, 0.912, 0.9348253968253969, 0.9600854936569224, 0.981, 0.9960310204081633, 1.0200450680272108, 1.0421836734693883, 1.054737244897959, 1.082]",2.4,25,-7.2,1.192,1.189
86,"[0.001, 0.0028705936920222054, 0.005367898510755643, 0.008456243514354833, 0.012935374149659932, 0.015990612244897916, 0.022, 0.02825892857142859, 0.03793537414965976, 0.04479251700680247, 0.052, 0.064, 0.076, 0.088, 0.10332967032967008, 0.11769387755102044, 0.14954421768707457, 0.16886443148688057, 0.20438040816326533, 0.2323098330241187, 0.25219249862107007, 0.29429714285714276, 0.336644557823129, 0.35769544740973314, 0.40947813411078704, 0.444, 0.487, 0.515, 0.5541904761904762, 0.5854521193092621, 0.6137273469387755, 0.6497704081632653, 0.681, 0.713, 0.743, 0.768, 0.793, 0.825277210884354, 0.844, 0.8678915145005371, 0.8892074829931981, 0.9108988868274581, 0.9337904761904764, 0.9591265306122452, 0.9800126861555435, 0.9973625134264231, 1.0177411385606878, 1.043095510204082, 1.0579489795918366, 1.077]",2.4,25,-7.2,1.189,1.182
87,"[0.004, 0.005378841191649086, 0.0066866496598639, 0.007936224489795928, 0.0101017757752452, 0.011659687251523986, 0.013875102040816274, 0.015148629148629147, 0.016759009986973435, 0.01925780924614747, 0.022582232893157285, 0.02596258503401311, 0.027593469387755098, 0.03221521335807038, 0.03471428571428571, 0.038686155543298406, 0.043893877551020435, 0.04821224489795913, 0.05307307439104687, 0.05626870748299317, 0.06175655976676399, 0.06823041474654395, 0.07477551020408156, 0.08437317784256557, 0.09005668934240402, 0.09619918367346958, 0.10887630154102464, 0.12104674127715614, 0.13435023041474672, 0.1423587540279267, 0.15483102040816302, 0.16337853851217904, 0.1790182599355533, 0.1877250900360147, 0.20418448979591877, 0.21763809523809508, 0.22574407060121357, 0.24258276643990911, 0.25253741496598653, 0.26456054421768793, 0.28176676384839894, 0.2929239332096474, 0.30322448979591854, 0.3166244897959181, 0.33016954474097354, 0.34426020408163355, 0.3595102040816326, 0.3711200480192077, 0.3763367346938782, 0.394]",7.2,25,-7.2,0.515,0.6
88,"[0.003, 0.004062211981566845, 0.005146938775510176, 0.00640136054421769, 0.008110599078341028, 0.009911564625850364, 0.011567404426559312, 0.014875000000000277, 0.01668460111317258, 0.01837728937728932, 0.020279120879120857, 0.02365142857142862, 0.025623906705539448, 0.0294608294930874, 0.03223529411764703, 0.03522591362126254, 0.038289036544850476, 0.04277842565597673, 0.0480649350649351, 0.05313445378151289, 0.05621938775510202, 0.06253846153846161, 0.06615668202764982, 0.07083827493261455, 0.07992857142857127, 0.08649579831932772, 0.09671428571428593, 0.10570714285714287, 0.115, 0.1267972350230416, 0.13906802721088493, 0.14760952380952425, 0.15693984962406002, 0.17605069124423958, 0.1924603174603174, 0.20783333333333295, 0.22248979591836748, 0.23377714285714324, 0.25008571428571463, 0.26523938223938204, 0.2743809523809525, 0.2954190476190473, 0.3093636363636363, 0.3240793650793658, 0.33360150375939884, 0.3555028571428575, 0.3657899159663866, 0.38753968253968274, 0.3985939849624064, 0.415]",7.2,25,-7.2,0.551,0.57
89,"[0.004, 0.005607457797933907, 0.007513971742543157, 0.008913076341647723, 0.010180511641276094, 0.012014788524105272, 0.013901804199940804, 0.016541033434650448, 0.01904462123832574, 0.020958918632387923, 0.02300081632653064, 0.026617242815493537, 0.030587886767610182, 0.03287047063723454, 0.036469002695417765, 0.040501224489796005, 0.04408492429229752, 0.04626672994779303, 0.04950468836183132, 0.05599234693877526, 0.059587614356087185, 0.0648185328185329, 0.07033756205184771, 0.07646592221794365, 0.08249835418038189, 0.08963694951664887, 0.09900987491770906, 0.1036624379481521, 0.11747619047619079, 0.12932879818594056, 0.13953685964181614, 0.15425306122449034, 0.16304421768707408, 0.17512244897959156, 0.1960213358070504, 0.20854945054944982, 0.22475646258503423, 0.2329625850340146, 0.25147959183673363, 0.2639965986394557, 0.27581171823568146, 0.29273177842565556, 0.30896703296703254, 0.3190991253644316, 0.3337735352205403, 0.3550059249506256, 0.3696591285162716, 0.38665154950869296, 0.3994829931972795, 0.416]",7.2,25,-7.2,0.554,0.563
90,"[0.004, 0.005188821474535789, 0.006558911564625909, 0.00835114045618239, 0.010236151603498559, 0.011807094266277985, 0.013702280912364995, 0.01648791208791203, 0.01860131195335272, 0.02134081632653049, 0.02346655328798189, 0.025439246467817995, 0.02838411078717193, 0.03179406307977717, 0.03436920222634505, 0.03943469387755113, 0.04221737066919771, 0.04623386651958075, 0.04971201814058951, 0.05372227151730262, 0.05907974882260601, 0.06376571428571415, 0.06854204081632642, 0.07282122448979583, 0.08041836734693865, 0.08903918367346926, 0.0970947992100063, 0.1064224489795916, 0.11211059907834096, 0.12606802721088367, 0.13572869147659053, 0.15076311953352772, 0.16286036519871064, 0.17542305570877006, 0.1922868174296745, 0.20537142857142845, 0.22305895691609973, 0.2304460641399412, 0.24948515769944332, 0.26238350340136035, 0.2739416909620988, 0.29243027210884326, 0.3056466165413524, 0.32043394199785213, 0.3351836734693878, 0.3501665569453586, 0.3697551020408163, 0.387138775510204, 0.3971616326530616, 0.419]",7.2,25,-7.2,0.558,0.562
91,"[0.0, 0.004665240289664277, 0.005733706385780159, 0.008528882739536434, 0.010187074829931931, 0.011837676609105119, 0.013702947845804987, 0.015370656370656429, 0.017270871985157612, 0.021003887269193354, 0.0222656948493683, 0.024496966354109292, 0.02841737985516789, 0.03055431204739955, 0.033998236331569606, 0.03717635733538697, 0.0413567346938775, 0.0453510204081633, 0.04917992503123681, 0.05369224489795908, 0.05822837706511152, 0.06332967032967032, 0.0673452840595695, 0.07254771097628225, 0.07873403554970354, 0.0863658892128279, 0.09358938775510207, 0.1019844897959182, 0.11164723032069979, 0.12218247298919573, 0.13684929356357833, 0.1478295918367346, 0.1568061224489785, 0.17084225041367906, 0.18798347910592797, 0.20285714285714096, 0.2160903790087468, 0.23070172684458357, 0.23761224489795915, 0.2593046986236353, 0.27186621315192694, 0.2891382189239333, 0.3023738601823705, 0.3151331901181527, 0.3321614100185526, 0.3463530060672912, 0.35982629330802085, 0.38303401360544215, 0.395290612244898, 0.415]",7.2,25,-7.2,0.552,0.553
92,"[0.0, 0.0049640816326530545, 0.006832361516034887, 0.008795918367346937, 0.011130517323208342, 0.012899261832392497, 0.016885252214093233, 0.019807580174927075, 0.022956694873071153, 0.027764172335600513, 0.03238122448979597, 0.03576986539296571, 0.040886143931256676, 0.047183673469387774, 0.05163133640552995, 0.057479591836734685, 0.06704257999496094, 0.0714371296905859, 0.0789267707082835, 0.08703401360544218, 0.09646624803767669, 0.11142857142857164, 0.128534693877551, 0.13931686358754045, 0.1608979591836735, 0.18033281004709587, 0.20249829931972774, 0.22232908163265291, 0.2451382488479264, 0.2687645211930927, 0.2888639455782313, 0.31335374149659906, 0.32991241496598644, 0.36009110787171994, 0.3851001855287571, 0.3978163265306125, 0.4218163265306122, 0.4429070294784579, 0.4645526530612247, 0.4842375510204083, 0.5092195256480969, 0.5330467239527392, 0.5531495016611296, 0.576858712715855, 0.5910693877551022, 0.6234121132323901, 0.6400032653061226, 0.6698625134264233, 0.6868512352309347, 0.722]",4.8,25,-7.2,0.911,0.875
93,"[0.0, 0.003993068925683503, 0.005359371334740772, 0.00807928688716864, 0.008971616232700003, 0.012304967269926819, 0.015308905380333814, 0.01914285714285709, 0.0223816878102594, 0.025937672366243763, 0.03105306122448978, 0.03602230659705744, 0.040338608912952933, 0.044632653061224485, 0.052346428571428634, 0.05913205282112839, 0.06428821324448145, 0.07119812925170076, 0.08089795918367378, 0.08892464678178953, 0.1006744649079144, 0.11850793650793677, 0.12870651117589893, 0.150164581961817, 0.16948734693877554, 0.18841342988808427, 0.20585827664399092, 0.22150680272108866, 0.24880952380952376, 0.2720578231292514, 0.28907535321821076, 0.315195256480971, 0.3361145996860287, 0.35841156462585017, 0.3761063372717511, 0.39856571428571436, 0.4149319727891158, 0.43761734693877563, 0.4583150510204085, 0.47494693877551053, 0.49535478806907335, 0.5169441460794845, 0.5428571428571426, 0.563071099407505, 0.5769469387755105, 0.6070493877551021, 0.6337434402332353, 0.6531823129251703, 0.6665621521335808, 0.698]",4.8,25,-7.2,0.878,0.867
94,"[0.0, 0.0044883884588319215, 0.0067884519661523205, 0.00827386438446354, 0.011671823568136985, 0.014187755102040825, 0.016197959183673758, 0.020349206349206717, 0.024193165638348363, 0.027374304267161424, 0.03260079641612752, 0.03667183673469387, 0.042568513119533746, 0.04916979591836766, 0.054547619047619116, 0.05918838304552599, 0.06486471362738652, 0.07299393270821845, 0.08190630797773667, 0.09200637755102062, 0.10981061224489799, 0.11878571428571455, 0.1374139941690963, 0.15402040816326545, 0.17025578231292537, 0.193090136054422, 0.21142229199372053, 0.22969632653061228, 0.24866165413533856, 0.2751927437641728, 0.29267291781577515, 0.3133435374149668, 0.33371691902567485, 0.3539023717595147, 0.37342204081632663, 0.39400386100386114, 0.4155419501133793, 0.43711545189504375, 0.4592320085929111, 0.47374609843937593, 0.4932212244897961, 0.5135918367346939, 0.536968253968255, 0.5535888355342139, 0.5782962475312706, 0.5964538775510205, 0.6172100065832785, 0.6423545918367348, 0.6561394557823146, 0.687]",4.8,25,-7.2,0.863,0.855
95,"[0.003, 0.004430393586005858, 0.006768163265306238, 0.00799022707674618, 0.011119139547710976, 0.013403554970375379, 0.016242749731471648, 0.01970604395604401, 0.023552653061224553, 0.026273469387755127, 0.03210633727175083, 0.035942448979591875, 0.03896392975794973, 0.04730991931656392, 0.052701298701298846, 0.06002733236151607, 0.06239565503620829, 0.07372841444270038, 0.08315774958632108, 0.09131755102040823, 0.10033786848072562, 0.11678571428571456, 0.13626960257787332, 0.1486407089151451, 0.16548032069970853, 0.18696258503401367, 0.20804350161117083, 0.22550822909809085, 0.23993822393822403, 0.2647465986394562, 0.29220244897959174, 0.30463598500624745, 0.33066122448979574, 0.3449288472145615, 0.36394104308390074, 0.3882857142857144, 0.41047646813827593, 0.42817755102040794, 0.4459863945578237, 0.4640603915035402, 0.48125680272108884, 0.5028639455782326, 0.5276984126984131, 0.5452155102040818, 0.5674186965108625, 0.5891718367346939, 0.6138226059654633, 0.6269918367346939, 0.6463515470704411, 0.674]",4.8,25,-7.2,0.849,0.842
96,"[0.0, 0.0038285055957867323, 0.005299010513296208, 0.00781632653061226, 0.00975651927437648, 0.012513495720869046, 0.014780776826859828, 0.018101382488479464, 0.02199319727891183, 0.02531100266193434, 0.030515979976896444, 0.033481632653061415, 0.040045424621461566, 0.04481462585034025, 0.050585253456221224, 0.05647020408163264, 0.06122185648452933, 0.07137414965986383, 0.07681632653061259, 0.08766439909297077, 0.09990775510204113, 0.11205952380952394, 0.12347409733124018, 0.14558897959183675, 0.16152433281004705, 0.18232470845481055, 0.20283900226757381, 0.2206756176154677, 0.23494047619047642, 0.2607529538131044, 0.2833877551020408, 0.30330839002267623, 0.3217505668934237, 0.34064446831364115, 0.3622494331065758, 0.38251428571428586, 0.4043356934610582, 0.42188265306122424, 0.44132426303854977, 0.45494387755102006, 0.47554775510204095, 0.49702040816326454, 0.520492063492064, 0.5365528211284515, 0.5582151360544219, 0.5788137755102042, 0.6062249536178107, 0.622102040816327, 0.6358098330241188, 0.669]",4.8,25,-7.2,0.837,0.83
97,"[0.003, 0.0039793267956533315, 0.006132189239332146, 0.008731371618414783, 0.010826859776168507, 0.012567577974586125, 0.017014483212639948, 0.02039768339768337, 0.02317425431711177, 0.027222789115646278, 0.0315450680272109, 0.03508031599736678, 0.04207832322118044, 0.047081247593376986, 0.053142857142857304, 0.057480128893662774, 0.06392034233048066, 0.07025993555316885, 0.08073387755102045, 0.09048183175709307, 0.09990332975295388, 0.11358525345622146, 0.13013994169096227, 0.15115077051228665, 0.1637414965986396, 0.1795541601255888, 0.19993692022263446, 0.2231589688506983, 0.23689714285714297, 0.26660282574568295, 0.27689851075565364, 0.30380442176870764, 0.32067687074829915, 0.3389575510204082, 0.3597598116169548, 0.3778571428571433, 0.39810204081632683, 0.4190036443148689, 0.4395531686358755, 0.45295673469387754, 0.4776662989520137, 0.49009877551020453, 0.5125892857142859, 0.5310040816326532, 0.5560191836734696, 0.5763354591836735, 0.5980991253644315, 0.6176473469387758, 0.6345211370262392, 0.661]",4.8,25,-7.2,0.824,0.821
98,"[0.003, 0.004272547728768817, 0.006702159124519329, 0.009248371689101118, 0.010643515470704407, 0.012648218609477528, 0.01690775510204077, 0.019150579150579116, 0.022994629430719594, 0.02715261756876659, 0.030647495361781078, 0.0358481252966302, 0.03970521541950101, 0.045422740524781235, 0.05217142857142822, 0.05558545918367326, 0.06403114930182587, 0.0740363265306122, 0.08051542477456078, 0.09201061224489795, 0.10202721088435365, 0.1150685714285714, 0.12921541950113358, 0.14255816326530588, 0.16360853432281994, 0.17858448979591823, 0.19834430546412113, 0.22234013605442135, 0.24235714285714266, 0.264392167677882, 0.27841909620991234, 0.30160910518053363, 0.32222614451185866, 0.3418320251177394, 0.3592193877551012, 0.3791542857142855, 0.39440653061224484, 0.41342448979591817, 0.4337624489795917, 0.44788184747583226, 0.4649433106575965, 0.48572816326530593, 0.5085069124423963, 0.5253044217687073, 0.5446790352504639, 0.5624881632653062, 0.5767730612244893, 0.608221574344023, 0.6251989795918367, 0.65]",4.8,25,-7.2,0.819,0.812
99,"[0.003, 0.003963631606488738, 0.005619570905285146, 0.008345438175270075, 0.010094752186588975, 0.012713515594917233, 0.015095457537853872, 0.0185571428571427, 0.02173224489795917, 0.02557884972170681, 0.02992403628117932, 0.03325923883066738, 0.04024406497292798, 0.044678985107556544, 0.05023166023166022, 0.05284897959183669, 0.060967687074829975, 0.06905965463108348, 0.07810430839002269, 0.08178344671201813, 0.10198122448979582, 0.10904761904761914, 0.12901599558742421, 0.137764172335601, 0.15618239795918387, 0.17752326530612242, 0.19709576138147578, 0.21615646258503382, 0.22974517374517384, 0.25466850523993395, 0.2700945220193335, 0.3011585557299848, 0.3130601213458357, 0.33416938775510235, 0.346091836734694, 0.3730685714285716, 0.38915145005370605, 0.40550226757369623, 0.4270963265306126, 0.4421139455782314, 0.46158122448979594, 0.47637945347630567, 0.5013214285714287, 0.5161133786848071, 0.537590986394558, 0.5578077336197639, 0.5793034371643399, 0.6024168367346939, 0.6155934693877554, 0.642]",4.8,25,-7.2,0.808,0.804
100,"[0.003, 0.0039001457725947675, 0.0049885954381752836, 0.007018201875344615, 0.00921691902567476, 0.011462768891340286, 0.014752254390128193, 0.01765714285714291, 0.020875918367346903, 0.023959735245449514, 0.029057363485934903, 0.03310093767236624, 0.0369624304267162, 0.04243487940630788, 0.04858241758241741, 0.05236367346938776, 0.0593469387755105, 0.06466139108704713, 0.07513623827909537, 0.08080541053630759, 0.0935936588921283, 0.1059371428571429, 0.1205816326530611, 0.1338427643784787, 0.15183527696792995, 0.16936471362738648, 0.18997278911564686, 0.21123547880690696, 0.23319047619047611, 0.25403775510204074, 0.2642699144173798, 0.2893310657596374, 0.3077064364207221, 0.3227281632653063, 0.34040567446490805, 0.36291729323308275, 0.3837363598500626, 0.4005722448979591, 0.42216984858459533, 0.4367551020408164, 0.4594405762304922, 0.47357032542746835, 0.49514857142857144, 0.514083090379009, 0.5288345284059572, 0.5525170068027202, 0.5677014712861889, 0.5990596546310831, 0.6101987110633732, 0.638]",4.8,25,-7.2,0.802,0.797
