0,1,2,3,4
0.24927677,0.29850364,0.23562527,0.21659432,0.0
0.2419137,0.30644077,0.23080434,0.22084121,0.0
0.24295446,0.3060137,0.23161688,0.21941493,0.0
0.24326688,0.3064124,0.23247193,0.21784881,0.0
0.24193753,0.30757684,0.23179032,0.21869533,0.0
0.2473166,0.29904887,0.2329704,0.22066407,0.0
0.24288945,0.30474177,0.23111738,0.22125137,0.0
0.24430075,0.30511582,0.23239897,0.2181844,0.0
0.2409747,0.30696517,0.23058411,0.22147599,0.0
0.24478006,0.30579367,0.23275349,0.21667273,0.0
0.24767928,0.29847842,0.23230258,0.22153974,0.0
0.24153788,0.30408338,0.23114845,0.22323027,0.0
0.24240695,0.3053186,0.23155737,0.22071701,0.0
0.24473287,0.3031965,0.23363107,0.21843961,0.0
0.24525435,0.30417904,0.2335696,0.21699701,0.0
0.2527773,0.2922312,0.23666887,0.21832265,0.0
0.24098286,0.30299208,0.22903559,0.22698948,0.0
0.24345765,0.30258083,0.2325402,0.2214213,0.0
0.24256353,0.3034099,0.23151556,0.22251096,0.0
0.24152769,0.30353057,0.23091602,0.22402573,0.0
0.2491246,0.2952387,0.23294647,0.22269024,0.0
0.2438769,0.30088627,0.23141095,0.22382583,0.0
0.24434993,0.30110228,0.23425508,0.22029273,0.0
0.24179585,0.30369613,0.23141761,0.2230904,0.0
0.24411519,0.30218366,0.23276441,0.22093673,0.0
0.2489928,0.29432237,0.2336112,0.22307366,0.0
0.24413413,0.29981875,0.2334145,0.22263262,0.0
0.24346597,0.30189657,0.23324974,0.22138771,0.0
0.24355684,0.30166045,0.23185952,0.22292317,0.0
0.24244788,0.30310518,0.23175384,0.22269309,0.0
0.25008973,0.2935228,0.23470156,0.22168592,0.0
0.24421552,0.29887903,0.23329723,0.22360827,0.0
0.24516289,0.29926008,0.23368803,0.221889,0.0
0.24268436,0.30129668,0.23279531,0.22322364,0.0
0.24249075,0.30042228,0.23239978,0.22468719,0.0
0.24929161,0.29237327,0.23405235,0.22428274,0.0
0.24091342,0.29990447,0.23133709,0.22784506,0.0
0.24139062,0.30009317,0.23275177,0.22576441,0.0
0.24420993,0.29834232,0.23486021,0.22258759,0.0
0.2433358,0.29942313,0.23323677,0.22400428,0.0
0.25034866,0.29030448,0.23582742,0.22351943,0.0
0.24235393,0.2984595,0.2330266,0.22615996,0.0
0.24213101,0.29883412,0.23301147,0.22602344,0.0
0.24524409,0.29790336,0.23576301,0.22108956,0.0
0.2445824,0.29732558,0.23545563,0.22263633,0.0
0.2502812,0.29020482,0.23517598,0.22433801,0.0
0.24344456,0.29612032,0.23494688,0.22548825,0.0
0.24235716,0.29744422,0.23533578,0.22486284,0.0
0.2429214,0.2969083,0.23522921,0.2249411,0.0
0.24364452,0.2967625,0.23587799,0.22371505,0.0
0.24882746,0.28827655,0.2347988,0.22809722,0.0
0.24362814,0.29459482,0.23567806,0.22609898,0.0
0.24269587,0.29597196,0.23566069,0.22567149,0.0
0.24127714,0.2967826,0.23479289,0.22714739,0.0
0.24352117,0.2957952,0.23758969,0.22309388,0.0
0.25199914,0.2850842,0.23819694,0.22471975,0.0
0.2411343,0.29442966,0.23292786,0.23150821,0.0
0.24249162,0.29573706,0.23613752,0.22563381,0.0
0.24117301,0.29484263,0.23537172,0.22861262,0.0
0.24072844,0.29505786,0.23530242,0.22891124,0.0
0.25011712,0.2849051,0.2354382,0.2295396,0.0
0.24189518,0.2924521,0.2352501,0.23040256,0.0
0.24113183,0.2930772,0.23538369,0.23040733,0.0
0.2431675,0.2928156,0.23748712,0.22652984,0.0
0.24234898,0.292709,0.23686655,0.22807549,0.0
0.25090903,0.28139192,0.23732957,0.0,0.23036948
0.24388607,0.28987512,0.23681019,0.22942862,0.0
0.24167767,0.29150945,0.23688671,0.22992618,0.0
0.24369104,0.29123178,0.2389877,0.22608948,0.0
0.24383338,0.2906901,0.23944658,0.2260299,0.0
0.2503291,0.28200343,0.23700942,0.0,0.23065802
0.24387693,0.28855452,0.2377216,0.22984692,0.0
0.24372415,0.28922802,0.2384454,0.22860238,0.0
0.2445096,0.28838593,0.24024627,0.0,0.22685823
0.24526085,0.28902325,0.23931155,0.22640435,0.0
0.24946174,0.27953187,0.23732613,0.0,0.23368026
0.24398077,0.2872248,0.23876369,0.23003075,0.0
0.2441707,0.28777626,0.23964341,0.22840963,0.0
0.24495184,0.2866269,0.23991126,0.0,0.22851
0.242377,0.28943807,0.2388223,0.0,0.22936262
0.24920297,0.2770687,0.23842499,0.0,0.23530336
0.24554409,0.28503203,0.2406495,0.0,0.22877437
0.2445234,0.28617024,0.2399524,0.0,0.22935395
0.24272296,0.28770125,0.23922665,0.23034917,0.0
0.24355084,0.28694206,0.23958349,0.0,0.22992356
0.24958014,0.27597648,0.23937836,0.0,0.23506501
0.24299036,0.28417325,0.23951186,0.2333245,0.0
0.24475831,0.28434137,0.24007316,0.0,0.2308272
0.24273969,0.2869806,0.23930326,0.0,0.23097648
0.24426597,0.28328487,0.24126245,0.0,0.23118672
0.24754713,0.27487975,0.23686323,0.0,0.24070989
0.24399641,0.28282207,0.2400396,0.23314187,0.0
0.24439463,0.28224495,0.24100986,0.0,0.23235054
0.24340384,0.2841562,0.24129748,0.0,0.23114252
0.2450047,0.28196308,0.24285805,0.0,0.23017418
0.24925536,0.2703271,0.23999703,0.0,0.24042049
0.242896,0.28193802,0.2404382,0.2347278,0.0
0.24428813,0.2799343,0.24230427,0.0,0.23347333
0.2422055,0.2820753,0.24079633,0.0,0.23492283
0.2431392,0.27996907,0.24324879,0.0,0.23364295
0.24917457,0.26737425,0.23997381,0.0,0.24347737
0.24458523,0.27766922,0.24060483,0.0,0.23714073
0.24370842,0.27782455,0.24301633,0.0,0.2354507
0.24401999,0.279154,0.24201645,0.0,0.23480959
0.24427596,0.27620366,0.24328463,0.0,0.23623575
0.24928048,0.26552415,0.24032632,0.0,0.24486907
0.24314465,0.27552402,0.24181244,0.0,0.2395189
0.24515592,0.2743791,0.244288,0.0,0.236177
0.24355473,0.27383286,0.24370034,0.0,0.23891206
0.2439783,0.27422628,0.24340191,0.0,0.23839347
0.24844478,0.2650787,0.24082306,0.0,0.24565345
0.24340834,0.27103677,0.24399725,0.0,0.2415576
0.2443414,0.2727357,0.24437176,0.0,0.23855111
0.2436061,0.2722816,0.24525101,0.0,0.23886126
0.24460524,0.27286255,0.24596684,0.0,0.23656538
0.24940015,0.26176792,0.24268705,0.0,0.24614483
0.24272285,0.27189416,0.24314772,0.0,0.24223526
0.24439968,0.27045766,0.24604936,0.0,0.23909332
0.24232101,0.2731561,0.24460354,0.0,0.23991933
0.24255493,0.27084842,0.24598123,0.0,0.24061535
0.24777293,0.26049477,0.24218345,0.0,0.24954885
0.24198371,0.27018538,0.2437323,0.0,0.24409857
0.24272747,0.2695046,0.24565427,0.0,0.24211363
0.2430914,0.2692844,0.24566436,0.0,0.24195983
0.24189644,0.26879805,0.2465685,0.0,0.24273703
0.24885932,0.25870886,0.24220693,0.0,0.25022486
0.24348496,0.2652514,0.2454733,0.0,0.24579035
0.24416411,0.2674375,0.24771242,0.0,0.24068594
0.24268161,0.26755705,0.24757493,0.0,0.24218638
0.2416285,0.26878482,0.24604611,0.0,0.2435406
0.24772228,0.25815824,0.24250242,0.0,0.25161704
0.2415907,0.2655969,0.24617042,0.0,0.24664196
0.24184504,0.26628727,0.24798197,0.0,0.24388571
0.24290884,0.26644588,0.24940597,0.0,0.24123932
0.2421274,0.2665937,0.24774325,0.0,0.24353571
0.24833986,0.25432643,0.24335119,0.0,0.25398254
0.24221541,0.2631085,0.2469522,0.0,0.24772388
0.24292609,0.2627466,0.25003552,0.0,0.24429181
0.24212645,0.26474747,0.24876072,0.0,0.24436542
0.24272138,0.26473728,0.24946997,0.0,0.24307139
0.24953197,0.25111952,0.24369507,0.0,0.2556534
0.24430402,0.2593368,0.2496862,0.0,0.24667296
0.24382761,0.25943488,0.25064045,0.0,0.24609709
0.24364252,0.26090807,0.25160065,0.0,0.24384877
0.2431659,0.26026356,0.25112832,0.0,0.24544223
0.25009406,0.2473661,0.2456424,0.0,0.25689745
0.24272752,0.25971314,0.2486986,0.0,0.24886076
0.24253803,0.25979504,0.25093552,0.0,0.24673142
0.24416061,0.25770393,0.25396731,0.0,0.24416816
0.24378905,0.25863227,0.2533079,0.0,0.24427079
0.24928053,0.24770826,0.24532947,0.0,0.25768173
0.24444103,0.25459877,0.25242966,0.0,0.24853054
0.2410476,0.2592211,0.25139,0.0,0.24834125
0.24316883,0.2561051,0.25301257,0.0,0.24771345
0.24380213,0.25683832,0.2537916,0.0,0.24556796
0.2503574,0.24314594,0.24743249,0.0,0.25906417
0.24405369,0.2518227,0.25337514,0.0,0.25074846
0.24297296,0.25528747,0.2547509,0.0,0.24698868
0.24317752,0.25554377,0.25363904,0.0,0.24763967
0.24207208,0.25601736,0.25329572,0.0,0.24861485
0.25031134,0.24367847,0.24914324,0.0,0.256867
0.24383494,0.25100514,0.25506,0.0,0.25009993
0.24213248,0.25197342,0.2556832,0.0,0.25021088
0.24187729,0.25525686,0.25539207,0.0,0.2474738
0.2423297,0.25360417,0.2571813,0.0,0.24688487
0.25041956,0.23912524,0.2501609,0.0,0.2602943
0.24459732,0.24662639,0.25559822,0.0,0.2531781
0.2415592,0.25138158,0.25541297,0.0,0.2516462
0.2438541,0.24945708,0.2590454,0.0,0.24764343
0.24231681,0.25227115,0.25649327,0.0,0.24891883
0.25071567,0.2375097,0.24979837,0.0,0.2619762
0.24458179,0.24606207,0.25759026,0.0,0.25176588
0.2419371,0.25047484,0.25762543,0.0,0.2499626
0.24175797,0.2509305,0.25885358,0.0,0.24845792
0.2421749,0.24869701,0.26081523,0.0,0.24831283
0.25097355,0.23561639,0.25166908,0.0,0.26174098
0.24392498,0.24503025,0.2578457,0.0,0.25319907
0.242347,0.24631916,0.25972143,0.0,0.2516124
0.24237014,0.24877393,0.2598815,0.0,0.24897441
0.24238628,0.24805552,0.26180905,0.0,0.2477492
0.25194415,0.23133135,0.25297523,0.0,0.26374927
0.24426277,0.2425073,0.26006663,0.0,0.25316334
0.24321738,0.24596608,0.26338243,0.0,0.24743411
0.242772,0.2454901,0.26313967,0.0,0.24859825
0.24002014,0.2482502,0.2612221,0.0,0.25050756
0.25189364,0.0,0.25319824,0.23052704,0.2643811
0.24460442,0.24113925,0.2624784,0.0,0.25177792
0.24109687,0.24659343,0.2617251,0.0,0.2505846
0.24148236,0.24440996,0.26387525,0.0,0.25023243
0.24180731,0.24544552,0.26506713,0.0,0.24768004
0.251808,0.0,0.25419998,0.22887528,0.26511675
0.24437091,0.23895997,0.26515925,0.0,0.25150985
0.24286245,0.24073137,0.266085,0.0,0.25032124
0.23980276,0.24505118,0.26467264,0.0,0.25047338
0.24090458,0.24330737,0.26712945,0.0,0.24865863
0.25335088,0.0,0.25611043,0.22779016,0.2627485
0.24471594,0.23474886,0.26589426,0.0,0.25464094
0.24179086,0.23911352,0.26795197,0.0,0.25114363
0.24190053,0.240328,0.2695135,0.0,0.24825798
0.24204208,0.2406615,0.27073887,0.0,0.24655753
0.2516028,0.0,0.2573624,0.23145734,0.25957745
0.24373473,0.23610894,0.26752082,0.0,0.25263548
0.24189624,0.23772289,0.27208447,0.0,0.24829638
0.24098943,0.23965047,0.27163872,0.0,0.2477214
0.24150151,0.23827611,0.2724881,0.0,0.2477343
0.25126,0.0,0.2569938,0.22903581,0.2627104
0.24404214,0.23237956,0.27244148,0.0,0.2511368
0.24084626,0.2368779,0.2734446,0.0,0.2488312
0.2414277,0.23606887,0.27599287,0.0,0.24651058
0.23945433,0.23821278,0.27486864,0.0,0.24746424
0.25192025,0.0,0.26053172,0.22579159,0.2617564
0.2424675,0.0,0.27319428,0.23259588,0.25174236
0.24020445,0.23470333,0.27593473,0.0,0.24915749
0.23987544,0.236581,0.27730924,0.0,0.24623434
0.23949039,0.23606099,0.27907458,0.0,0.24537401
0.2520584,0.0,0.26224616,0.22616921,0.25952622
0.24316019,0.0,0.27884048,0.23116598,0.24683337
0.24069121,0.23266846,0.28065512,0.0,0.24598518
0.2389882,0.23570527,0.2812624,0.0,0.24404418
0.23904963,0.23354724,0.28279597,0.0,0.24460715
0.24986865,0.0,0.26175708,0.22821666,0.26015761
0.24619794,0.29940438,0.2313518,0.22304595,0.0
0.23857605,0.30755287,0.22580567,0.22806534,0.0
0.24068771,0.30751705,0.22773156,0.22406371,0.0
0.24034034,0.30758747,0.22733897,0.22473323,0.0
0.24081214,0.30824426,0.22759414,0.22334947,0.0
0.2468426,0.29904976,0.23111986,0.22298783,0.0
0.2412597,0.3054426,0.22781992,0.22547776,0.0
0.24090798,0.30618998,0.2289987,0.22390331,0.0
0.2410288,0.3065444,0.2285486,0.22387818,0.0
0.24164644,0.30595797,0.22805679,0.22433884,0.0
0.2460591,0.29784957,0.23121376,0.22487757,0.0
0.24238986,0.30307162,0.23012832,0.22441015,0.0
0.2414551,0.30507714,0.22928157,0.22418621,0.0
0.24182189,0.30557218,0.22923845,0.22336751,0.0
0.2426457,0.30389637,0.22940399,0.224054,0.0
0.24536617,0.2958724,0.23116158,0.22759984,0.0
0.2407611,0.3033251,0.22864792,0.22726592,0.0
0.24144062,0.30349475,0.22942951,0.22563511,0.0
0.2432465,0.30276242,0.23098171,0.22300932,0.0
0.2429205,0.30252248,0.23029666,0.22426035,0.0
0.24817327,0.29509816,0.23102804,0.22570053,0.0
0.24050376,0.30201864,0.22887042,0.22860716,0.0
0.2432833,0.30145472,0.2296209,0.22564106,0.0
0.24287042,0.3025497,0.23051988,0.22406001,0.0
0.24524894,0.30055082,0.23225802,0.22194219,0.0
0.2488645,0.2938484,0.23198515,0.225302,0.0
0.24406672,0.29957795,0.23131381,0.22504151,0.0
0.24266651,0.30010605,0.23012988,0.22709756,0.0
0.24264611,0.3011094,0.23064244,0.22560206,0.0
0.24368681,0.29977003,0.23083508,0.22570811,0.0
0.25045842,0.29244256,0.23306662,0.22403242,0.0
0.24269083,0.29933023,0.22902654,0.22895242,0.0
0.2418181,0.30052954,0.2294744,0.2281779,0.0
0.24441878,0.29841694,0.23183274,0.22533157,0.0
0.24379,0.29907423,0.23213972,0.22499603,0.0
0.25061578,0.29077154,0.23424987,0.22436287,0.0
0.24254301,0.29775,0.23047161,0.22923538,0.0
0.24361666,0.29781955,0.23155846,0.22700535,0.0
0.24392876,0.29832548,0.23215647,0.22558932,0.0
0.24489999,0.29729196,0.23257473,0.2252333,0.0
0.24885076,0.2914953,0.2319189,0.22773504,0.0
0.24426764,0.29510844,0.23170131,0.22892259,0.0
0.24215353,0.297501,0.23164198,0.22870348,0.0
0.24292298,0.2975123,0.23174563,0.22781904,0.0
0.24548474,0.2964773,0.23331507,0.22472285,0.0
0.25048792,0.28902298,0.23340406,0.22708508,0.0
0.2454134,0.2944234,0.2327286,0.22743459,0.0
0.24450114,0.2953226,0.23307763,0.22709867,0.0
0.24302758,0.29573566,0.23174231,0.22949447,0.0
0.24595714,0.29470354,0.23491618,0.22442314,0.0
0.25057048,0.28779966,0.23427378,0.22735612,0.0
0.24625099,0.29206553,0.23395064,0.22773282,0.0
0.24706529,0.29218805,0.23575343,0.22499321,0.0
0.24484439,0.29334724,0.23316294,0.2286454,0.0
0.24374537,0.294241,0.23301132,0.22900228,0.0
0.25015292,0.28666785,0.2331805,0.22999875,0.0
0.2428408,0.29331857,0.23106484,0.2327758,0.0
0.24410585,0.2933354,0.2323666,0.23019211,0.0
0.24531709,0.29246858,0.23513922,0.22707511,0.0
0.24592316,0.29198432,0.23493096,0.22716159,0.0
0.25136834,0.2855912,0.23402421,0.2290162,0.0
0.2459587,0.2899389,0.23441362,0.2296888,0.0
0.24568433,0.29106182,0.23522136,0.22803245,0.0
0.2482518,0.29007477,0.23720136,0.22447206,0.0
0.24649425,0.290393,0.2368006,0.22631213,0.0
0.25355414,0.28327763,0.2355041,0.22766416,0.0
0.24795386,0.28810942,0.23686954,0.22706719,0.0
0.24641934,0.29027086,0.23624119,0.2270686,0.0
0.24469501,0.29125088,0.23449123,0.22956292,0.0
0.24713752,0.28909644,0.2374027,0.22636332,0.0
0.2522862,0.28311023,0.23509906,0.22950459,0.0
0.24590147,0.28836095,0.23430808,0.2314295,0.0
0.24678773,0.28862286,0.23610888,0.22848058,0.0
0.2461471,0.2889918,0.2374879,0.22737323,0.0
0.24550231,0.28797442,0.23648058,0.23004273,0.0
0.25110918,0.2822729,0.23541388,0.231204,0.0
0.24859533,0.28583083,0.23823683,0.227337,0.0
0.24709256,0.28693002,0.23824087,0.2277365,0.0
0.24601999,0.28737783,0.23697315,0.22962907,0.0
0.24638136,0.28643274,0.23792994,0.22925593,0.0
0.25285605,0.27972993,0.23706493,0.0,0.23034906
0.24696054,0.2847696,0.23685814,0.23141173,0.0
0.24736635,0.28591692,0.23815587,0.22856084,0.0
0.24569057,0.28679156,0.23631729,0.23120056,0.0
0.2491422,0.28372142,0.2405588,0.22657755,0.0
0.2541833,0.27648306,0.23781145,0.0,0.23152219
0.24703582,0.2834219,0.23719227,0.23234999,0.0
0.2457253,0.28494355,0.23693886,0.23239227,0.0
0.24778381,0.28317678,0.23875412,0.0,0.2302853
0.2481082,0.283334,0.24097677,0.22758104,0.0
0.25445494,0.27559432,0.2382532,0.0,0.23169757
0.24857643,0.2812372,0.24009593,0.23009044,0.0
0.24600738,0.2838444,0.2382446,0.2319036,0.0
0.24622507,0.28279305,0.23856471,0.23241718,0.0
0.2478281,0.28203425,0.24046326,0.0,0.22967444
0.25276282,0.2732818,0.23837247,0.0,0.23558287
0.24701439,0.281101,0.23847008,0.23341452,0.0
0.24698076,0.28189594,0.23922956,0.23189375,0.0
0.24500366,0.2824172,0.24026541,0.23231368,0.0
0.24645835,0.28221944,0.2387847,0.23253755,0.0
0.25299197,0.27010953,0.23779447,0.0,0.239104
0.24610315,0.28031853,0.23832302,0.23525529,0.0
0.2451144,0.28111228,0.23826297,0.23551032,0.0
0.24523492,0.28140557,0.23920473,0.2341548,0.0
0.2462773,0.2787035,0.24188583,0.0,0.23313339
0.25162634,0.27105376,0.23777558,0.0,0.23954432
0.24617016,0.2772979,0.2400549,0.23647703,0.0
0.24688241,0.27758694,0.24241583,0.0,0.2331148
0.24794637,0.2756628,0.24159712,0.0,0.23479371
0.24506865,0.27861246,0.24030906,0.0,0.23600985
0.2528065,0.26923782,0.23922521,0.0,0.23873048
0.24737835,0.2755696,0.2423718,0.0,0.23468025
0.24536452,0.27765548,0.24153225,0.23544778,0.0
0.2454969,0.27588585,0.24110706,0.0,0.23751022
0.2468622,0.27397233,0.24208337,0.0,0.23708208
0.25265563,0.26681957,0.23868692,0.0,0.24183787
0.24649014,0.2735576,0.24139598,0.0,0.23855628
0.24597,0.27296525,0.24294725,0.0,0.23811749
0.24550997,0.271711,0.24233851,0.0,0.24044052
0.24460004,0.2733495,0.24255235,0.0,0.23949806
0.25042734,0.2643939,0.23863304,0.0,0.24654578
0.24565698,0.27357897,0.24238388,0.0,0.23838013
0.24576487,0.2708417,0.24474573,0.0,0.23864777
0.24622412,0.2704327,0.24429454,0.0,0.23904866
0.24587078,0.2712347,0.2439213,0.0,0.23897326
0.25235105,0.2603905,0.24182352,0.0,0.24543492
0.24524811,0.26982433,0.24280286,0.0,0.24212469
0.24546055,0.27057606,0.24450827,0.0,0.2394551
0.24417008,0.26924667,0.24388695,0.0,0.24269636
0.24465036,0.26945925,0.24401669,0.0,0.24187376
0.2520054,0.25937387,0.24136257,0.0,0.2472581
0.24672543,0.2652494,0.24499351,0.0,0.2430317
0.2461112,0.2675235,0.2442691,0.0,0.24209617
0.24651515,0.26554215,0.24590315,0.0,0.24203955
0.24672396,0.26358473,0.24705762,0.0,0.24263367
0.2527202,0.25506762,0.24234657,0.0,0.24986564
0.2465741,0.2613217,0.24488948,0.0,0.2472147
0.2448172,0.26501802,0.24498431,0.0,0.24518047
0.24321227,0.26533505,0.24546017,0.0,0.24599256
0.24641289,0.26225856,0.24834166,0.0,0.2429869
0.25306845,0.2508465,0.2426706,0.0,0.2534145
0.24636982,0.26023042,0.2465092,0.0,0.24689052
0.24521942,0.2608163,0.24815923,0.0,0.24580504
0.24612261,0.260219,0.2505925,0.0,0.24306592
0.24547282,0.26084256,0.24857205,0.0,0.24511254
0.25302616,0.25016075,0.24447653,0.0,0.25233656
0.24683653,0.25595325,0.2490443,0.0,0.24816595
0.24574634,0.25982836,0.24925159,0.0,0.24517368
0.24358483,0.26018527,0.24779785,0.0,0.24843206
0.24464345,0.25731063,0.25000533,0.0,0.24804056
0.25108397,0.2474191,0.24351364,0.0,0.25798324
0.24523403,0.2567426,0.24926555,0.0,0.24875782
0.24612309,0.2549292,0.25057036,0.0,0.2483773
0.24525017,0.25479954,0.25179872,0.0,0.24815154
0.24322794,0.25902396,0.25022396,0.0,0.24752411
0.25164834,0.24675256,0.24505652,0.0,0.2565426
0.24603237,0.25562683,0.25050077,0.0,0.24784
0.24467763,0.2548756,0.25140294,0.0,0.2490438
0.24548024,0.25505605,0.25331956,0.0,0.24614413
0.24472976,0.25300014,0.25378665,0.0,0.24848346
0.25303912,0.24138318,0.24666959,0.0,0.25890812
0.24490027,0.25230256,0.25183237,0.0,0.25096482
0.2460869,0.25089195,0.25474665,0.0,0.24827449
0.24471033,0.2539717,0.25478116,0.0,0.24653687
0.24533959,0.2518522,0.25575942,0.0,0.24704874
0.25299406,0.2394347,0.24745801,0.0,0.2601132
0.2467819,0.24820347,0.25464046,0.0,0.25037414
0.24604441,0.24974722,0.255948,0.0,0.2482604
0.24477486,0.24978052,0.25697592,0.0,0.2484687
0.24479252,0.25154296,0.25819275,0.0,0.2454718
0.2552405,0.23756388,0.24911219,0.0,0.25808343
0.24509005,0.24692924,0.25491193,0.0,0.25306877
0.24398358,0.24751328,0.25769338,0.0,0.25080973
0.24488135,0.24941982,0.25784758,0.0,0.24785127
0.24352498,0.24876952,0.2569653,0.0,0.25074017
0.25552103,0.23301671,0.25076455,0.0,0.26069772
0.24643277,0.24363852,0.25765768,0.0,0.25227106
0.2433374,0.24740088,0.25840074,0.0,0.25086102
0.24390008,0.24644238,0.2587542,0.0,0.25090337
0.24336952,0.24846123,0.258405,0.0,0.24976423
0.25534457,0.0,0.25245684,0.23110802,0.26109055
0.24665408,0.24206229,0.2592374,0.0,0.25204626
0.24579594,0.24211374,0.2615903,0.0,0.2505
0.24301189,0.24565545,0.26139155,0.0,0.24994113
0.24379896,0.24254417,0.2623586,0.0,0.25129828
0.25451848,0.0,0.250473,0.23334053,0.261668
0.24692757,0.23852262,0.26182607,0.0,0.2527237
0.24497564,0.24240917,0.26373553,0.0,0.24887966
0.2436912,0.24229558,0.26210618,0.0,0.25190696
0.24302128,0.24320297,0.2636303,0.0,0.25014547
0.25705427,0.0,0.25377288,0.2260112,0.26316166
0.24427933,0.23922265,0.26162124,0.0,0.2548768
0.2450175,0.2398574,0.2668795,0.0,0.24824563
0.24222569,0.24245107,0.26443806,0.0,0.25088522
0.24366347,0.24029796,0.2682315,0.0,0.24780707
0.25506952,0.0,0.2532355,0.23022968,0.26146537
0.245404,0.23679751,0.26508436,0.0,0.25271413
0.24315406,0.24086718,0.26867545,0.0,0.2473033
0.2422398,0.24045597,0.26977798,0.0,0.24752629
0.24181281,0.23972951,0.2707373,0.0,0.24772042
0.25531086,0.0,0.2576168,0.22834939,0.25872296
0.24484774,0.23480219,0.2692136,0.0,0.25113648
0.24086268,0.23942223,0.27082667,0.0,0.24888836
0.24150199,0.23973143,0.27365217,0.0,0.2451144
0.23949021,0.2410646,0.27380636,0.0,0.24563885
0.25315538,0.0,0.25657737,0.22742726,0.26284
0.25267392,0.26964173,0.0,0.24444138,0.23324302
0.24393746,0.27835044,0.22863819,0.24907392,0.0
0.24427944,0.28072125,0.22906977,0.24592955,0.0
0.24612154,0.2801435,0.23233905,0.24139589,0.0
0.24455103,0.28176662,0.23063962,0.2430427,0.0
0.25378114,0.26887783,0.0,0.24201761,0.23532337
0.24324521,0.27945897,0.0,0.24743126,0.22986454
0.24653071,0.2805104,0.230634,0.24232486,0.0
0.24559388,0.28056008,0.23147088,0.24237517,0.0
0.2446128,0.28230357,0.2305576,0.24252601,0.0
0.25404564,0.26930484,0.0,0.24174854,0.23490097
0.24607815,0.27738076,0.23062283,0.24591827,0.0
0.24474035,0.28002694,0.23060995,0.2446228,0.0
0.24897239,0.2790589,0.23324335,0.23872538,0.0
0.24849416,0.2793896,0.23344024,0.238676,0.0
0.2529668,0.26848203,0.0,0.2435369,0.23501433
0.24615316,0.27610153,0.0,0.24549444,0.23225084
0.24605289,0.2788261,0.23125508,0.24386597,0.0
0.24838066,0.27793658,0.23409428,0.23958848,0.0
0.24551243,0.28023833,0.2311893,0.24305995,0.0
0.25472566,0.26656744,0.0,0.2413397,0.23736721
0.24787945,0.27527687,0.23324066,0.24360304,0.0
0.24702664,0.27824587,0.23324588,0.2414816,0.0
0.25156203,0.27632558,0.23491435,0.23719801,0.0
0.24926405,0.2775096,0.23516038,0.23806597,0.0
0.25227654,0.2662628,0.0,0.24405858,0.23740214
0.24687386,0.2745606,0.0,0.24417387,0.23439172
0.24621661,0.27655694,0.0,0.24226706,0.23495938
0.2482753,0.27645037,0.23395422,0.24132013,0.0
0.2469887,0.27864745,0.23284332,0.24152054,0.0
0.2551418,0.26527917,0.0,0.23985419,0.23972486
0.24664891,0.27388754,0.0,0.24606258,0.233401
0.24541925,0.27529347,0.0,0.24540162,0.23388569
0.24749014,0.27628386,0.0,0.2408038,0.23542222
0.2474687,0.2775189,0.0,0.24094021,0.23407215
0.2524397,0.26455903,0.0,0.24384588,0.23915535
0.2471506,0.27201375,0.0,0.24358472,0.23725094
0.24701004,0.27401367,0.0,0.24201763,0.23695867
0.2481258,0.27456698,0.0,0.24223046,0.23507674
0.24688707,0.27621257,0.23430344,0.24259691,0.0
0.2518454,0.2610713,0.0,0.24198596,0.24509734
0.24694313,0.2712119,0.0,0.24530564,0.23653932
0.24810126,0.27332425,0.0,0.2424752,0.23609927
0.24873306,0.27323562,0.0,0.23930041,0.2387309
0.24866119,0.27372846,0.0,0.24070653,0.23690379
0.25342125,0.2606141,0.0,0.24268994,0.2432747
0.24598373,0.26955503,0.0,0.24691579,0.23754542
0.24718778,0.27151972,0.0,0.24540123,0.23589128
0.24977228,0.27169827,0.23793706,0.24059245,0.0
0.24750948,0.27230644,0.0,0.24121031,0.2389738
0.25331444,0.25929874,0.0,0.24346066,0.24392621
0.24543893,0.26723346,0.0,0.24496573,0.24236187
0.245641,0.26961118,0.0,0.24284749,0.24190035
0.24536467,0.2710886,0.0,0.24303067,0.24051608
0.24498029,0.2716912,0.0,0.24369073,0.23963782
0.25471932,0.25907552,0.0,0.2395781,0.24662706
0.24667571,0.26690766,0.0,0.24771611,0.23870052
0.2452404,0.2690539,0.0,0.24516335,0.24054235
0.24670425,0.26914135,0.0,0.24266948,0.24148491
0.24810494,0.2694411,0.0,0.2422729,0.24018103
0.2504804,0.2581247,0.0,0.24365573,0.24773914
0.24773541,0.26455203,0.0,0.24690808,0.24080445
0.24608488,0.26696768,0.0,0.24512845,0.24181895
0.25063643,0.26764873,0.0,0.24100263,0.24071224
0.24554552,0.26953912,0.0,0.24267715,0.24223822
0.25220382,0.25555938,0.0,0.2429305,0.2493063
0.24738103,0.26236472,0.0,0.24551322,0.24474107
0.24699411,0.26442194,0.0,0.24496835,0.2436156
0.24599035,0.26592636,0.0,0.24644902,0.24163425
0.2465288,0.26657495,0.0,0.24157658,0.24531962
0.25384504,0.254522,0.0,0.24190636,0.24972662
0.24554528,0.26115626,0.0,0.2498199,0.24347855
0.24515711,0.26449752,0.0,0.24833974,0.2420056
0.24867065,0.2644194,0.0,0.24494947,0.24196048
0.24727374,0.2656508,0.0,0.2456435,0.24143197
0.25368983,0.25478923,0.0,0.24371777,0.24780321
0.24759577,0.25966096,0.0,0.2484374,0.2443059
0.24676187,0.26212776,0.0,0.24723491,0.24387546
0.25054553,0.26169872,0.0,0.24307734,0.24467835
0.2479925,0.26407307,0.0,0.24533813,0.24259625
0.25744617,0.2517138,0.0,0.24279402,0.24804598
0.24935427,0.2575343,0.0,0.24574043,0.24737099
0.24951656,0.2598132,0.0,0.2454687,0.24520153
0.24792808,0.26240587,0.0,0.24602038,0.24364565
0.24628934,0.26235628,0.0,0.24421999,0.24713436
0.25277224,0.25220886,0.0,0.2452925,0.24972643
0.24463145,0.25730985,0.0,0.25223112,0.24582759
0.24806298,0.2598095,0.0,0.2462738,0.24585375
0.24898735,0.26103202,0.0,0.24587934,0.24410127
0.24662693,0.26186082,0.0,0.24697992,0.24453233
0.25624713,0.24982628,0.0,0.24413909,0.2497875
0.24666512,0.25605235,0.0,0.25116628,0.24611625
0.24641213,0.2592707,0.0,0.24910341,0.24521379
0.25031757,0.25916997,0.0,0.245266,0.24524646
0.24594238,0.26018742,0.0,0.24601932,0.2478509
0.25656822,0.24773611,0.0,0.24336502,0.2523307
0.24598081,0.25556895,0.0,0.24946253,0.2489877
0.24631256,0.25786018,0.0,0.24771935,0.2481079
0.2502016,0.25788787,0.0,0.24458022,0.2473303
0.24801621,0.25896615,0.0,0.24518463,0.247833
0.25230286,0.24844249,0.0,0.24723387,0.2520208
0.24660945,0.25380775,0.0,0.24886353,0.25071925
0.251219,0.2559584,0.0,0.24610811,0.24671446
0.24465865,0.25828183,0.0,0.24830636,0.2487532
0.2517646,0.25851223,0.0,0.24620074,0.2435224
0.2573057,0.24626258,0.0,0.24404861,0.25238314
0.2475842,0.25385505,0.0,0.2506867,0.24787404
0.24798003,0.2546134,0.0,0.24821247,0.2491941
0.24847159,0.2566127,0.0,0.24825391,0.2466618
0.24850957,0.2540446,0.0,0.24526185,0.25218403
0.25610292,0.2443607,0.0,0.24316071,0.25637564
0.24742654,0.2509894,0.0,0.25139034,0.2501937
0.24682999,0.2526743,0.0,0.2521969,0.24829882
0.24967957,0.25631803,0.0,0.24586953,0.24813288
0.24835779,0.2557306,0.0,0.24809387,0.24781771
0.2553979,0.24346098,0.0,0.24604696,0.25509417
0.24830253,0.24966319,0.0,0.25139022,0.25064403
0.24964932,0.25196505,0.0,0.24998501,0.24840066
0.2481329,0.2532078,0.0,0.24764308,0.25101617
0.2504499,0.2548089,0.0,0.24611399,0.24862723
0.25739324,0.24115407,0.0,0.24380924,0.25764343
0.24763884,0.24928078,0.0,0.2531919,0.24988846
0.24995683,0.25136137,0.0,0.24751517,0.25116664
0.24796335,0.25305364,0.0,0.25038704,0.24859597
0.2520728,0.25205722,0.0,0.24572822,0.2501418
0.25737193,0.24069516,0.0,0.24556164,0.25637126
0.24639623,0.24832536,0.0,0.25365406,0.25162432
0.25269637,0.25108802,0.0,0.24546824,0.25074735
0.25044784,0.2520792,0.0,0.24770987,0.24976313
0.24905421,0.2514871,0.0,0.24805368,0.251405
0.2587039,0.0,0.23897637,0.24419911,0.25812066
0.25144088,0.24682854,0.0,0.25084722,0.25088334
0.2488874,0.24875845,0.0,0.25102666,0.25132748
0.2516251,0.2496191,0.0,0.24610277,0.2526531
0.2501396,0.2502345,0.0,0.24722224,0.25240365
0.25853187,0.0,0.23903221,0.24371958,0.25871637
0.25053078,0.24512841,0.0,0.24919909,0.2551417
0.24974065,0.24764785,0.0,0.24801925,0.25459227
0.24944869,0.2485596,0.0,0.25078955,0.25120217
0.25200394,0.24800973,0.0,0.24630404,0.25368232
0.25933316,0.0,0.23891756,0.24127422,0.2604751
0.2490061,0.24522452,0.0,0.25264674,0.25312266
0.25168085,0.24565403,0.0,0.24838264,0.25428247
0.25152284,0.2471854,0.0,0.24891618,0.25237557
0.25052017,0.2479979,0.0,0.24984579,0.25163618
0.25774017,0.0,0.23860967,0.24535239,0.25829774
0.25034177,0.24306105,0.0,0.25268108,0.2539161
0.2498332,0.24588002,0.0,0.25136986,0.2529169
0.25240546,0.24640876,0.0,0.24731632,0.25386944
0.25236374,0.24745667,0.0,0.24854128,0.25163835
0.2571072,0.0,0.23828508,0.24487223,0.2597355
0.25242615,0.0,0.241429,0.24940269,0.25674215
0.25234756,0.24394278,0.0,0.25018483,0.25352484
0.2508112,0.24482006,0.0,0.25233048,0.25203827
0.25278986,0.2447205,0.0,0.2473634,0.25512624
0.25926068,0.0,0.23857668,0.24248774,0.2596749
0.25124556,0.24090792,0.0,0.25334817,0.25449836
0.25311297,0.0,0.24330021,0.24781935,0.2557675
0.2509493,0.24396929,0.0,0.24942046,0.25566092
0.2525877,0.0,0.24296713,0.24990994,0.2545352
0.25868767,0.0,0.23851663,0.2428964,0.2598993
0.25193772,0.0,0.23985751,0.2527972,0.2554076
0.25214788,0.0,0.24369337,0.25044647,0.2537123
0.25191483,0.0,0.24293794,0.24667926,0.25846794
0.252796,0.0,0.24307828,0.24769016,0.25643554
0.25833476,0.0,0.23946992,0.24109554,0.2610998
0.2538065,0.0,0.24358161,0.24721603,0.25539583
0.25295624,0.0,0.24419282,0.24700841,0.2558425
0.25325996,0.0,0.24566497,0.24798824,0.25308686
0.25171894,0.0,0.24343972,0.25029004,0.2545513
0.25755394,0.0,0.23871697,0.24304195,0.26068714
0.25112894,0.0,0.24113426,0.2508458,0.256891
0.2523133,0.0,0.24298927,0.24956062,0.25513682
0.25191307,0.0,0.24412276,0.25063425,0.2533299
0.25367853,0.0,0.2449651,0.2443481,0.25700825
0.25796932,0.0,0.23884341,0.24182841,0.26135886
0.25319007,0.0,0.24347767,0.24924594,0.2540863
0.25051498,0.0,0.24153288,0.25206298,0.25588915
0.2526026,0.0,0.24387713,0.24609849,0.25742176
0.2530564,0.0,0.24439229,0.24735147,0.25519982
0.2580528,0.0,0.23886085,0.24307774,0.2600087
0.253434,0.0,0.24262892,0.24756667,0.25637046
0.25301576,0.0,0.24410859,0.24937531,0.25350034
0.2519921,0.0,0.24395388,0.24704257,0.25701144
0.2523826,0.0,0.24407926,0.24794713,0.255591
0.25791383,0.0,0.23817798,0.24076039,0.26314783
0.25251082,0.0,0.24274021,0.24774633,0.25700262
0.25161883,0.0,0.24247696,0.24858485,0.2573194
0.252268,0.0,0.24479833,0.24495816,0.2579755
0.25448588,0.0,0.23945175,0.24664274,0.2594196
0.25904045,0.0,0.23728447,0.24057588,0.26309922
0.25172934,0.0,0.23893316,0.251485,0.25785252
0.25162363,0.0,0.24206771,0.24550305,0.26080558
0.25197038,0.0,0.24289852,0.24794126,0.25718987
0.2533101,0.0,0.24426682,0.24430645,0.2581166
0.2599652,0.0,0.23919994,0.23903312,0.26180172
0.25231493,0.0,0.24097335,0.24930446,0.25740728
0.25293142,0.0,0.2444892,0.24865623,0.25392315
0.25116432,0.0,0.24174796,0.24718297,0.2599047
0.25235733,0.0,0.2438635,0.24768002,0.25609916
0.2584849,0.0,0.23849246,0.24212767,0.26089498
0.2530552,0.0,0.24179636,0.24600703,0.2591414
0.2525339,0.0,0.24417959,0.24599274,0.25729376
0.25380835,0.0,0.24453177,0.24788566,0.25377423
0.2518422,0.0,0.24495882,0.24548443,0.2577146
0.25726512,0.0,0.23615186,0.24057809,0.26600492
0.25189793,0.0,0.24039006,0.24925211,0.25845993
0.2523532,0.0,0.24317937,0.24791472,0.25655273
0.25309896,0.0,0.2441899,0.24462657,0.25808457
0.2505865,0.0,0.24350907,0.24826823,0.2576362
0.25839335,0.0,0.23783332,0.23902962,0.26474375
0.25187045,0.0,0.24286456,0.2476995,0.2575655
0.25103036,0.0,0.24210007,0.24738084,0.25948873
0.25101244,0.0,0.24205704,0.24469925,0.26223126
0.25431138,0.0,0.24901092,0.24327338,0.25340435
0.25882608,0.0,0.23948772,0.24050218,0.26118398
0.25113845,0.0,0.24273925,0.2504396,0.25568268
0.25282496,0.0,0.24494442,0.24382822,0.25840238
0.25130457,0.0,0.2432044,0.24643046,0.25906056
0.25090262,0.0,0.24497673,0.24877074,0.25534993
0.25891834,0.0,0.23797874,0.23723169,0.26587123
0.2512977,0.0,0.24278025,0.24641518,0.25950688
0.25116792,0.0,0.2439463,0.24675442,0.25813133
0.25142196,0.0,0.24366486,0.24581537,0.2590978
0.24943282,0.0,0.24389179,0.24672517,0.25995022
0.25902674,0.0,0.2397755,0.23818755,0.26301026
0.24983513,0.0,0.24317023,0.25011483,0.25687978
0.25215957,0.0,0.24413636,0.24338658,0.26031753
0.25113678,0.0,0.24463011,0.24657877,0.25765434
0.24842118,0.0,0.24237469,0.24960296,0.25960118
0.26039693,0.0,0.24086332,0.23533621,0.26340353
0.25221005,0.0,0.2450882,0.24748842,0.2552133
0.25163156,0.0,0.244913,0.24656841,0.25688705
0.25153852,0.0,0.24534884,0.24372227,0.25939035
0.2514097,0.0,0.24556631,0.24492657,0.2580974
0.2574896,0.0,0.23837571,0.23995313,0.26418152
0.25265744,0.0,0.2446933,0.24389854,0.25875074
0.25143096,0.0,0.24668363,0.2434227,0.25846273
0.24953584,0.0,0.24520078,0.24596365,0.25929973
0.25119317,0.0,0.2471783,0.2451345,0.256494
0.258818,0.0,0.24002962,0.2364428,0.2647096
0.2511635,0.0,0.24448779,0.2465165,0.25783223
0.24938576,0.0,0.24398734,0.24644317,0.26018372
0.2505937,0.0,0.24621108,0.24631204,0.25688323
0.24916789,0.0,0.24468201,0.24787559,0.25827453
0.2580039,0.0,0.23821606,0.2381451,0.2656349
0.24899568,0.0,0.24288833,0.24949412,0.25862184
0.24911928,0.0,0.24345668,0.24767324,0.25975075
0.2511157,0.0,0.24761699,0.24390422,0.2573631
0.24984977,0.0,0.2463101,0.24575727,0.2580829
0.25667772,0.0,0.2377698,0.23672274,0.2688297
0.24929902,0.0,0.2443072,0.24569829,0.26069546
0.24758214,0.0,0.24333432,0.24714142,0.2619421
0.24894719,0.0,0.2444055,0.24631625,0.26033106
0.25041714,0.0,0.24770147,0.24128464,0.26059675
0.25802004,0.0,0.23985699,0.23777267,0.26435032
0.24731892,0.0,0.24150772,0.24950446,0.26166892
0.24949199,0.0,0.24605577,0.24623333,0.25821894
0.25082117,0.0,0.24850814,0.24152204,0.25914866
0.24809276,0.0,0.24501333,0.24496564,0.2619283
0.2578357,0.0,0.2401144,0.23619774,0.26585215
0.24881506,0.0,0.24426624,0.24513793,0.26178077
0.24940327,0.0,0.24739216,0.24257837,0.2606262
0.24874243,0.0,0.2473532,0.24440889,0.25949547
0.24866393,0.0,0.24607398,0.24602558,0.2592365
0.25795338,0.0,0.23972872,0.23727429,0.26504362
0.24968429,0.0,0.24606813,0.24632852,0.25791904
0.2494423,0.0,0.24711771,0.24514513,0.25829485
0.25003117,0.0,0.24917509,0.24426976,0.256524
0.2498984,0.0,0.24920586,0.24549286,0.25540286
0.25882632,0.0,0.23990698,0.23455001,0.26671672
0.24856366,0.0,0.24387032,0.24845093,0.25911507
0.24823797,0.0,0.24542525,0.24647038,0.25986645
0.24908617,0.0,0.24625842,0.2427191,0.2619363
0.24994397,0.0,0.24887617,0.2429814,0.25819844
0.26082903,0.0,0.24119899,0.23118876,0.26678327
0.25107485,0.0,0.24625154,0.242907,0.2597666
0.24922319,0.0,0.24660186,0.24290359,0.26127133
0.24964131,0.0,0.24808876,0.24430428,0.25796565
0.24898909,0.0,0.24767281,0.24583657,0.2575015
0.25874364,0.0,0.23918185,0.23436399,0.2677105
0.25104123,0.0,0.2477562,0.24549839,0.2557042
0.2495949,0.0,0.24727964,0.24510317,0.2580223
0.25007698,0.0,0.24930888,0.24144483,0.25916934
0.25032076,0.0,0.2497121,0.24205141,0.25791574
0.25873014,0.0,0.24012907,0.23311071,0.26803005
0.24984413,0.0,0.24707155,0.24390596,0.25917834
0.25058305,0.0,0.24971266,0.24172053,0.25798374
0.24904773,0.0,0.24878407,0.24293914,0.25922906
0.24834429,0.0,0.24911529,0.24439128,0.25814915
0.25824484,0.0,0.23933764,0.23513557,0.26728192
0.2509434,0.0,0.24853206,0.2449971,0.25552744
0.24835253,0.0,0.24791613,0.24371639,0.260015
0.25022113,0.0,0.25194582,0.23988368,0.25794935
0.25095326,0.0,0.25205448,0.24013355,0.25685868
0.25986767,0.0,0.23961894,0.230952,0.2695614
0.2502538,0.0,0.2482018,0.24250215,0.2590422
0.25023186,0.0,0.25095785,0.24146132,0.25734895
0.24578404,0.0,0.24697244,0.2460696,0.26117387
0.24938798,0.0,0.2517297,0.24448201,0.25440034
0.26093945,0.0,0.24155474,0.22943854,0.26806727
0.2493416,0.0,0.24837245,0.2430555,0.2592305
0.24932157,0.0,0.24988765,0.24117927,0.25961152
0.24745567,0.0,0.2500956,0.24310082,0.25934795
0.24769324,0.0,0.24913812,0.24473119,0.25843748
0.25927058,0.0,0.23938754,0.2337873,0.26755458
0.24863437,0.0,0.24833106,0.24323866,0.2597959
0.2470911,0.0,0.24965069,0.24655466,0.25670356
0.24877603,0.0,0.25196096,0.24141139,0.2578516
0.24838644,0.0,0.25458246,0.24206087,0.2549702
0.26180592,0.0,0.24218927,0.23287547,0.26312938
0.24923217,0.0,0.25123477,0.24527813,0.25425497
0.24815202,0.0,0.25349668,0.24487388,0.25347742
0.24648201,0.0,0.2516511,0.24606782,0.25579906
0.24843054,0.0,0.25331357,0.24068546,0.2575704
0.26104715,0.0,0.24212883,0.23178649,0.2650375
0.24743699,0.0,0.25179058,0.24428798,0.25648448
0.24667512,0.0,0.25250715,0.24309884,0.25771886
0.24721384,0.0,0.25432006,0.24421486,0.25425124
0.24512029,0.0,0.2532769,0.24634692,0.25525588
0.26139086,0.0,0.24174541,0.23081844,0.26604536
0.24723583,0.0,0.251659,0.24458624,0.25651893
0.24526583,0.0,0.25251496,0.247774,0.2544452
0.24591397,0.0,0.25573054,0.24375199,0.25460345
0.24538074,0.0,0.25540286,0.2445233,0.2546931
0.26190495,0.0,0.24312507,0.22882299,0.266147
0.24538328,0.0,0.252142,0.24826257,0.25421217
0.24625775,0.0,0.25565577,0.24498619,0.25310025
0.24333742,0.0,0.25510293,0.24755077,0.2540089
0.2448043,0.0,0.2567434,0.24389559,0.2545567
0.26132023,0.0,0.2419965,0.22935003,0.26733327
0.24628924,0.0,0.25476754,0.24619234,0.2527509
0.2464521,0.0,0.25841826,0.24388687,0.25124273
0.24222149,0.0,0.2555022,0.245923,0.2563533
0.24512622,0.0,0.2608529,0.24414386,0.24987704
0.26168677,0.0,0.24371026,0.22829011,0.26631287
0.245719,0.0,0.25628227,0.24430035,0.25369838
0.24296202,0.0,0.2562192,0.24786359,0.25295514
0.24483776,0.0,0.26198006,0.24213278,0.25104937
0.24329121,0.0,0.26067695,0.24386328,0.25216854
0.2624254,0.0,0.24459636,0.22603543,0.2669428
0.24577369,0.0,0.25879145,0.24590576,0.24952914
0.24440351,0.0,0.26032788,0.24436964,0.250899
0.2440236,0.0,0.2628101,0.24433662,0.24882971
0.24221948,0.0,0.26238927,0.24561447,0.24977683
0.2640148,0.0,0.24503742,0.22543658,0.26551118
0.24413852,0.0,0.2587182,0.24565762,0.2514857
0.24190995,0.0,0.2616468,0.24802315,0.2484201
0.24249703,0.0,0.26368892,0.24718876,0.2466253
0.24046661,0.0,0.26284263,0.24801154,0.24867925
0.2641066,0.0,0.24502347,0.22517228,0.2656976
0.2430529,0.0,0.26191577,0.24642743,0.24860387
0.24178217,0.0,0.2645429,0.24296905,0.25070587
0.24114273,0.0,0.26615444,0.24363446,0.24906833
0.24143982,0.0,0.26781392,0.2442358,0.24651043
0.26441342,0.0,0.24542308,0.22491676,0.26524678
0.24226013,0.0,0.2640335,0.24494763,0.24875875
0.24011981,0.0,0.26622257,0.24660921,0.2470484
0.24128428,0.0,0.2710992,0.24535649,0.24226004
0.23709665,0.0,0.26986435,0.24687047,0.24616852
0.26531318,0.0,0.24828707,0.22462577,0.261774
0.24023823,0.0,0.26505443,0.24778163,0.24692565
0.23749346,0.0,0.26956704,0.24852735,0.24441214
0.23761922,0.0,0.2739049,0.24233975,0.24613613
0.23812594,0.0,0.27618548,0.24217796,0.24351065
0.2648752,0.0,0.24914414,0.22389297,0.26208773
0.2399562,0.0,0.27222934,0.24373575,0.24407871
0.23866174,0.0,0.279513,0.24239263,0.2394326
0.23482831,0.0,0.27827305,0.24389112,0.24300748
0.23639232,0.0,0.2820583,0.24230821,0.23924112
0.2645389,0.0,0.2498797,0.2241474,0.261434
0.23803934,0.0,0.277715,0.24394046,0.24030519
0.23495506,0.0,0.28271407,0.24333777,0.23899317
0.23290406,0.0,0.28445858,0.2441848,0.23845254
0.23221987,0.0,0.28816015,0.24341786,0.23620209
0.2643197,0.0,0.2509883,0.2212459,0.26344612
0.24237353,0.2837057,0.22674063,0.24718018,0.0
0.23543242,0.2884866,0.2220612,0.25401977,0.0
0.23599015,0.28785247,0.22387238,0.25228497,0.0
0.23938075,0.28656563,0.22842157,0.24563205,0.0
0.23682141,0.28833154,0.22443682,0.2504103,0.0
0.24226288,0.2814153,0.22724229,0.24907953,0.0
0.23640323,0.28679833,0.2248109,0.25198758,0.0
0.23811913,0.2864723,0.22468403,0.25072458,0.0
0.23946679,0.28665173,0.22751243,0.246369,0.0
0.23981431,0.28698948,0.22690494,0.24629126,0.0
0.24277975,0.2795074,0.22639348,0.25131935,0.0
0.23739584,0.2873217,0.22390547,0.25137702,0.0
0.23819211,0.2874818,0.22589006,0.24843602,0.0
0.24015792,0.28690875,0.2286191,0.24431422,0.0
0.23780072,0.28804013,0.2248878,0.24927135,0.0
0.24254084,0.27879485,0.22654831,0.25211596,0.0
0.23811303,0.28541067,0.22440615,0.25207016,0.0
0.238413,0.28518122,0.22523725,0.25116852,0.0
0.23995696,0.28515393,0.22621652,0.24867254,0.0
0.24121001,0.28493398,0.22747745,0.24637859,0.0
0.24564981,0.27798417,0.22767395,0.24869207,0.0
0.238848,0.28454244,0.22487277,0.25173682,0.0
0.23804381,0.2852331,0.22406791,0.2526552,0.0
0.24045593,0.28374356,0.22697587,0.24882466,0.0
0.24245815,0.28393024,0.22799276,0.24561886,0.0
0.24683776,0.2769035,0.2280163,0.2482424,0.0
0.24109527,0.28156343,0.22688982,0.25045145,0.0
0.2371906,0.2851977,0.22357325,0.25403848,0.0
0.24053302,0.28331175,0.2270564,0.24909885,0.0
0.24060608,0.28310007,0.22724526,0.24904858,0.0
0.2453625,0.2764309,0.22831866,0.24988794,0.0
0.23985462,0.2814285,0.2258396,0.2528773,0.0
0.2390717,0.28351787,0.22615443,0.25125596,0.0
0.23747987,0.2838634,0.2255256,0.25313118,0.0
0.23995917,0.2838828,0.2274389,0.24871914,0.0
0.24288972,0.27861097,0.22742283,0.2510765,0.0
0.23968321,0.2809101,0.2259815,0.25342515,0.0
0.24054483,0.28238928,0.22654508,0.2505208,0.0
0.23792464,0.28437063,0.22463156,0.2530732,0.0
0.23706184,0.28541583,0.22435287,0.2531695,0.0
0.24509922,0.2763551,0.22771941,0.2508263,0.0
0.23815013,0.28182918,0.2240173,0.25600338,0.0
0.23897645,0.28323063,0.22343571,0.2543572,0.0
0.24018568,0.28332454,0.22562608,0.25086373,0.0
0.23926562,0.28404307,0.22563908,0.25105217,0.0
0.24634333,0.2759532,0.22752194,0.25018153,0.0
0.24214348,0.28085604,0.0,0.24957284,0.22742765
0.23870622,0.283312,0.0,0.25267866,0.22530311
0.24130462,0.28353995,0.0,0.24817201,0.22698341
0.24097699,0.283759,0.22681963,0.24844435,0.0
0.2445928,0.27623543,0.22686943,0.25230235,0.0
0.23863895,0.2813752,0.0,0.25307554,0.2269103
0.240986,0.28211784,0.0,0.24955909,0.22733708
0.24102938,0.28438997,0.0,0.24606773,0.22851294
0.24028255,0.28472897,0.0,0.24736193,0.22762652
0.24519579,0.27569866,0.0,0.25144684,0.2276587
0.24164838,0.28022963,0.22673897,0.25138304,0.0
0.23876938,0.2828426,0.0,0.25317216,0.2252159
0.23759702,0.28329185,0.0,0.25218633,0.22692476
0.23887114,0.28365713,0.22607838,0.25139335,0.0
0.24258599,0.27617282,0.0,0.2537719,0.22746931
0.2377487,0.28240907,0.0,0.2521733,0.2276689
0.24089453,0.28288567,0.22869527,0.24752454,0.0
0.24071202,0.2831695,0.0,0.24783163,0.22828688
0.23943497,0.28342324,0.2271028,0.250039,0.0
0.24443114,0.27795443,0.22698516,0.2506293,0.0
0.2379524,0.28299156,0.22592841,0.2531276,0.0
0.23982923,0.2842859,0.22759208,0.24829285,0.0
0.24024832,0.2848459,0.22822213,0.24668363,0.0
0.23694654,0.28654578,0.0,0.25061995,0.22588773
0.24715152,0.2751326,0.22951418,0.24820173,0.0
0.23837489,0.2820447,0.0,0.25365362,0.2259268
0.23645055,0.28312662,0.0,0.25374946,0.22667335
0.2398992,0.2832328,0.0,0.24945658,0.22741137
0.2404105,0.2832198,0.22655517,0.24981451,0.0
0.24645613,0.2757069,0.22824796,0.24958901,0.0
0.23952577,0.28137803,0.0,0.2535439,0.22555228
0.24066813,0.28205886,0.22727808,0.24999489,0.0
0.24204837,0.2824001,0.22765213,0.24789941,0.0
0.24060605,0.2823989,0.0,0.24829048,0.2287046
0.24862291,0.27453297,0.22950695,0.24733718,0.0
0.24089846,0.28026775,0.0,0.24991813,0.22891565
0.23885104,0.28077352,0.0,0.25007895,0.23029643
0.24136561,0.27923825,0.0,0.24715081,0.23224536
0.23888254,0.28206846,0.0,0.24925184,0.2297971
0.24578057,0.27414623,0.0,0.24934508,0.23072816
0.24087587,0.28092957,0.0,0.24919014,0.22900441
0.23825254,0.28103772,0.0,0.2512423,0.22946748
0.2405161,0.2820076,0.0,0.2484467,0.22902964
0.24167469,0.28069568,0.2292932,0.24833645,0.0
0.24738161,0.27267984,0.0,0.24881254,0.23112601
0.23651148,0.28007305,0.0,0.25432697,0.2290885
0.2365415,0.2821764,0.0,0.25381252,0.22746961
0.23938306,0.28119513,0.0,0.2507764,0.22864541
0.24052472,0.28019047,0.0,0.2483421,0.23094274
0.2478907,0.2734613,0.0,0.24849461,0.23015344
0.23996933,0.27859962,0.0,0.25012535,0.23130572
0.23980156,0.27842116,0.0,0.24825598,0.23352134
0.24055478,0.27921194,0.0,0.24898258,0.23125066
0.23806478,0.2802616,0.0,0.25178862,0.229885
0.24567889,0.2701735,0.0,0.24920166,0.23494598
0.23628826,0.27737632,0.0,0.25562346,0.23071197
0.23898335,0.27741218,0.0,0.25149283,0.23211159
0.2399533,0.27935272,0.0,0.25099012,0.22970383
0.24096595,0.278793,0.0,0.2468641,0.23337698
0.24588585,0.27174255,0.0,0.25139132,0.2309802
0.23848797,0.27846825,0.0,0.25280046,0.2302433
0.24079736,0.27863473,0.0,0.24934061,0.23122732
0.24059093,0.27818355,0.0,0.25004753,0.23117805
0.23834465,0.2789941,0.0,0.24956046,0.23310077
0.24841532,0.2685887,0.0,0.24674828,0.23624775
0.23859283,0.27537224,0.0,0.2524435,0.2335915
0.23849984,0.2768657,0.0,0.25124952,0.23338495
0.23826103,0.27840954,0.0,0.25202087,0.23130855
0.24120472,0.27582267,0.0,0.24821602,0.23475657
0.24974896,0.26638383,0.0,0.2474193,0.23644795
0.23766403,0.2760283,0.0,0.25346026,0.23284742
0.24057804,0.2766873,0.0,0.2484333,0.23430133
0.24109042,0.27730772,0.0,0.25047103,0.23113081
0.23785613,0.27762535,0.0,0.25040862,0.23410994
0.24688266,0.26852468,0.0,0.25003988,0.23455277
0.23917553,0.27765468,0.0,0.2495181,0.23365167
0.24017218,0.2746506,0.0,0.25020638,0.23497082
0.2397493,0.27624798,0.0,0.24751522,0.23648751
0.23778346,0.27671528,0.0,0.2504444,0.23505685
0.2457316,0.26747233,0.0,0.25173393,0.23506212
0.23875356,0.27447608,0.0,0.25307664,0.23369369
0.24005897,0.2755524,0.0,0.2502007,0.23418793
0.23951825,0.27550766,0.0,0.2505895,0.23438458
0.24400575,0.27460146,0.0,0.2454437,0.23594904
0.25205514,0.26491502,0.0,0.2468096,0.23622023
0.2418072,0.2716841,0.0,0.24979416,0.23671454
0.23730958,0.27504456,0.0,0.2534333,0.23421259
0.24031949,0.27358913,0.0,0.25006264,0.23602876
0.24087077,0.27348375,0.0,0.24758412,0.23806132
0.24488328,0.26647452,0.0,0.2507466,0.2378956
0.23906307,0.2723098,0.0,0.25432345,0.23430367
0.23848444,0.27454054,0.0,0.24987149,0.23710352
0.23928596,0.27582574,0.0,0.24924041,0.23564787
0.2395611,0.27719787,0.0,0.24593723,0.23730385
0.24555337,0.26695997,0.0,0.2505987,0.23688792
0.23635133,0.27311468,0.0,0.25448167,0.23605232
0.2380764,0.27367735,0.0,0.25219825,0.23604795
0.23869915,0.27501744,0.0,0.25106117,0.23522227
0.23849967,0.2733125,0.0,0.24920115,0.23898669
0.24984635,0.26354617,0.0,0.24576913,0.24083833
0.23892868,0.27243343,0.0,0.25172067,0.23691718
0.23912977,0.2729311,0.0,0.24934915,0.23858994
0.24185288,0.27336705,0.0,0.24780539,0.23697473
0.23836608,0.27437305,0.0,0.25057214,0.23668876
0.24958695,0.26267368,0.0,0.24930377,0.23843561
0.23856701,0.26993978,0.0,0.25248644,0.23900679
0.24249287,0.27052283,0.0,0.2465713,0.240413
0.24051233,0.270668,0.0,0.24758415,0.24123551
0.24129422,0.2709876,0.0,0.24712211,0.24059609
0.24885465,0.26064256,0.0,0.24818161,0.2423212
0.2370541,0.27205756,0.0,0.25337467,0.23751366
0.2374478,0.2731017,0.0,0.25201604,0.23743442
0.23928927,0.27366439,0.0,0.2483479,0.23869841
0.24087292,0.27390242,0.0,0.2454487,0.23977593
0.24953496,0.25994602,0.0,0.24733603,0.24318303
0.24162452,0.2686515,0.0,0.24979419,0.23992984
0.24109213,0.26899046,0.0,0.24754563,0.2423718
0.23820409,0.2700019,0.0,0.2511955,0.24059853
0.23812416,0.2707433,0.0,0.2506306,0.24050196
0.24736841,0.26096258,0.0,0.24965198,0.24201703
0.23926564,0.26937807,0.0,0.25261092,0.23874533
0.24059835,0.269952,0.0,0.25135043,0.23809922
0.23571141,0.27058446,0.0,0.25559795,0.23810615
0.24122,0.26957417,0.0,0.24985155,0.23935428
0.25020853,0.25739196,0.0,0.24718115,0.24521837
0.2392336,0.26679465,0.0,0.25581127,0.23816048
0.23970841,0.26878932,0.0,0.2507842,0.24071808
0.24021704,0.26858082,0.0,0.24960153,0.24160057
0.24023807,0.26723117,0.0,0.24833898,0.24419177
0.25037068,0.25795078,0.0,0.24887459,0.24280395
0.23805366,0.26721728,0.0,0.25352392,0.2412052
0.24114019,0.26919594,0.0,0.24605778,0.24360606
0.23829809,0.27101344,0.0,0.25020698,0.24048148
0.23975359,0.26740217,0.0,0.24809368,0.24475054
0.24959067,0.25834468,0.0,0.24780077,0.2442639
0.23885702,0.26651564,0.0,0.25211766,0.24250962
0.2395726,0.26723245,0.0,0.2496008,0.24359415
0.23920697,0.26806816,0.0,0.2514743,0.24125054
0.23973694,0.2666437,0.0,0.2518747,0.24174462
0.25333816,0.2533834,0.0,0.24384837,0.24943005
0.24117008,0.26397505,0.0,0.25211963,0.24273522
0.23809062,0.2663309,0.0,0.2544437,0.24113478
0.24140953,0.26647282,0.0,0.24799228,0.24412535
0.24318199,0.26525044,0.0,0.24552815,0.24603944
0.24963978,0.25306606,0.0,0.24790038,0.24939373
0.24140634,0.2626386,0.0,0.25069156,0.24526352
0.2386285,0.26396906,0.0,0.2497227,0.24767973
0.2361293,0.2638124,0.0,0.25397497,0.24608335
0.23827803,0.26692677,0.0,0.2492937,0.24550152
0.2513056,0.25321406,0.0,0.24814974,0.24733059
0.24164383,0.2647104,0.0,0.24895911,0.24468668
0.23850648,0.2676782,0.0,0.24943927,0.24437603
0.2425172,0.26557118,0.0,0.24425489,0.24765678
0.24001934,0.26279226,0.0,0.2490134,0.248175
0.25157645,0.25176045,0.0,0.24625503,0.25040808
0.23763344,0.2633912,0.0,0.25550637,0.24346906
0.23803408,0.2642511,0.0,0.25195357,0.2457612
0.23980409,0.2636977,0.0,0.25038674,0.24611148
0.24082933,0.26441884,0.0,0.24917541,0.2455764
0.2501544,0.25084212,0.0,0.25052324,0.24848025
0.24001653,0.2618403,0.0,0.2526182,0.24552497
0.23745364,0.2652629,0.0,0.25357178,0.24371164
0.24090938,0.2633195,0.0,0.24839735,0.24737376
0.24031869,0.26179564,0.0,0.24865833,0.24922734
0.25145066,0.25093198,0.0,0.2485441,0.24907328
0.23984024,0.25870413,0.0,0.25278053,0.24867512
0.23766294,0.26095334,0.0,0.25260237,0.24878138
0.23686726,0.26282176,0.0,0.25297043,0.24734053
0.23821259,0.2628115,0.0,0.25064018,0.24833575
0.2521391,0.25173122,0.0,0.24600644,0.2501233
0.23917681,0.26250434,0.0,0.25294262,0.24537621
0.23783292,0.26265755,0.0,0.25132984,0.24817969
0.24006657,0.26172248,0.0,0.24899541,0.24921556
0.23874192,0.26466897,0.0,0.24744539,0.24914373
0.25348178,0.24871501,0.0,0.24486484,0.25293842
0.23914742,0.2608605,0.0,0.2545531,0.24543896
0.23775582,0.2605486,0.0,0.25259382,0.24910179
0.23653562,0.2615605,0.0,0.25251245,0.24939139
0.23745784,0.2599678,0.0,0.25157177,0.25100255
0.25088274,0.24814697,0.0,0.2512105,0.24975976
0.23864014,0.25684503,0.0,0.25225598,0.2522588
0.23901826,0.2598259,0.0,0.25262436,0.24853148
0.24256241,0.25869432,0.0,0.24643318,0.25231007
0.23850332,0.25801688,0.0,0.2534557,0.25002408
0.25143757,0.24750142,0.0,0.24800162,0.25305942
0.23852034,0.25952345,0.0,0.25117576,0.25078043
0.23890847,0.25848484,0.0,0.25223824,0.25036842
0.24040587,0.25870046,0.0,0.2485747,0.25231892
0.23684633,0.25909185,0.0,0.25232708,0.2517348
0.25375888,0.24566339,0.0,0.24427457,0.25630313
0.23851375,0.2576536,0.0,0.25485566,0.248977
0.23863061,0.25836095,0.0,0.25212494,0.25088352
0.23761755,0.2594956,0.0,0.2525814,0.25030553
0.23855326,0.25828874,0.0,0.25010476,0.25305325
0.2543343,0.24474506,0.0,0.24592805,0.25499263
0.23895831,0.25482178,0.0,0.25415814,0.2520618
0.23677921,0.2572841,0.0,0.2535074,0.25242928
0.23977138,0.25662887,0.0,0.25027317,0.25332657
0.23876432,0.25706393,0.0,0.2516775,0.25249425
0.25024676,0.24564889,0.0,0.24408068,0.26002368
0.23607087,0.25458238,0.0,0.2577539,0.25159284
0.24107325,0.25537807,0.0,0.24997292,0.25357577
0.23827724,0.25584042,0.0,0.25069055,0.25519177
0.23746087,0.25848398,0.0,0.24951854,0.25453666
0.2539037,0.24156979,0.0,0.24433757,0.26018897
0.24066168,0.2524264,0.0,0.25215316,0.25475878
0.23964702,0.25478518,0.0,0.25190076,0.25366706
0.23692365,0.25725883,0.0,0.2520044,0.2538131
0.23910058,0.25552788,0.0,0.24926093,0.2561106
0.2535482,0.23968948,0.0,0.24657331,0.26018897
0.23824438,0.25209048,0.0,0.25434116,0.25532398
0.23498958,0.25361875,0.0,0.2557896,0.255602
0.23847702,0.2529558,0.0,0.2514858,0.25708136
0.23639752,0.25469548,0.0,0.25449932,0.2544077
0.25037527,0.24015173,0.0,0.24901414,0.26045886
0.23720446,0.25090554,0.0,0.25655943,0.25533056
0.23580182,0.2526775,0.0,0.2566262,0.2548945
0.23707953,0.2525819,0.0,0.25246227,0.2578763
0.2362198,0.25286683,0.0,0.25409657,0.2568168
0.2498383,0.23793337,0.0,0.24836077,0.2638676
0.23555106,0.24830443,0.0,0.26056576,0.2555788
0.23492664,0.24954505,0.0,0.25818858,0.2573397
0.23615311,0.25118434,0.0,0.25591323,0.2567493
0.23909873,0.24986409,0.0,0.25064817,0.26038903
0.25240943,0.23507768,0.0,0.24844651,0.26406637
0.23607151,0.2484352,0.0,0.2569128,0.25858048
0.23626426,0.24796778,0.0,0.25533074,0.26043722
0.23794101,0.24661449,0.0,0.25393614,0.26150835
0.23718661,0.24779636,0.0,0.25547376,0.25954324
0.2516437,0.23387066,0.0,0.24598137,0.2685043
0.23480031,0.24707076,0.0,0.25972527,0.25840366
0.23636271,0.2487831,0.0,0.25633085,0.25852337
0.0,0.24803808,0.23587048,0.25847673,0.25761467
0.0,0.24951117,0.2355888,0.25458634,0.26031366
0.25370044,0.0,0.23321767,0.24554402,0.26753786
0.23535566,0.24338725,0.0,0.2615054,0.25975168
0.0,0.24772467,0.2368538,0.2580187,0.25740284
0.0,0.24692428,0.2352199,0.2551232,0.2627326
0.0,0.24794002,0.23329471,0.25965968,0.2591056
0.25438786,0.0,0.23552051,0.24202482,0.26806682
0.2368577,0.24104084,0.0,0.2590805,0.263021
0.23458287,0.24440055,0.0,0.2598126,0.26120397
0.0,0.24523552,0.23835503,0.2565101,0.25989935
0.0,0.24584629,0.23895527,0.25250867,0.26268977
0.25234374,0.0,0.23169933,0.24637674,0.26958016
0.2389153,0.23751448,0.0,0.25838712,0.26518312
0.0,0.2424876,0.23808882,0.2571358,0.2622878
0.0,0.24366698,0.23866452,0.25433087,0.2633376
0.0,0.24442638,0.23770848,0.2563762,0.2614889
0.25103077,0.0,0.23108989,0.24922025,0.26865914
0.23870815,0.0,0.24009709,0.2584192,0.26277557
0.0,0.24372225,0.23581661,0.2593425,0.2611186
0.0,0.2451959,0.24100128,0.2521123,0.26169056
0.0,0.24365935,0.23718327,0.25549746,0.26365992
0.25165924,0.0,0.23281288,0.24692954,0.26859835
0.23646875,0.23961084,0.0,0.2598057,0.26411474
0.0,0.24208316,0.23776627,0.2563459,0.2638047
0.0,0.24289751,0.23867652,0.25688037,0.2615456
0.0,0.24256496,0.2427411,0.25176466,0.26292926
0.25227934,0.0,0.23302603,0.24594651,0.26874804
0.0,0.23953016,0.23870341,0.26078308,0.26098338
0.0,0.24185257,0.2371035,0.2583044,0.26273957
0.0,0.24123834,0.24135412,0.25410113,0.2633064
0.0,0.24209636,0.24081606,0.2531689,0.26391867
0.25253183,0.0,0.23326987,0.2442819,0.2699164
0.23789239,0.23847458,0.0,0.25880125,0.26483178
0.0,0.24088483,0.23940493,0.25742954,0.2622807
0.0,0.24162945,0.23825987,0.2551228,0.26498786
0.0,0.24183083,0.24163695,0.25322244,0.26330978
0.2549993,0.0,0.23347023,0.23906162,0.27246884
0.0,0.23779187,0.23774637,0.26009557,0.2643662
0.0,0.23822884,0.24011503,0.25869957,0.2629566
0.0,0.24056022,0.24133223,0.25333115,0.2647764
0.0,0.24171674,0.24109188,0.2545277,0.2626637
0.25221494,0.0,0.23492016,0.24459529,0.26826957
0.0,0.2391354,0.23970121,0.25704575,0.26411766
0.0,0.24172242,0.24004282,0.25339854,0.26483622
0.0,0.24131548,0.24110214,0.2545251,0.2630573
0.0,0.24193308,0.24027072,0.25496313,0.26283312
0.2510657,0.0,0.23212324,0.24580409,0.271007
0.0,0.23765428,0.2397306,0.2602024,0.26241276
0.0,0.2395801,0.2401222,0.25660646,0.26369125
0.0,0.24074145,0.24131918,0.25611416,0.26182523
0.0,0.24051596,0.23973374,0.25680295,0.26294735
0.25170213,0.0,0.23330018,0.24527773,0.26972
0.23725043,0.0,0.23894064,0.2586001,0.26520884
0.0,0.23951036,0.23932606,0.26013365,0.2610299
0.0,0.24022035,0.24004675,0.2575707,0.26216215
0.0,0.23896281,0.24236757,0.2529911,0.26567855
0.25243852,0.0,0.23235103,0.24472351,0.27048692
0.2370341,0.0,0.2377814,0.2596523,0.2655322
0.0,0.2373553,0.24110706,0.2558204,0.26571724
0.0,0.23903722,0.24376246,0.25259823,0.26460215
0.0,0.23611228,0.24086548,0.25634378,0.2666785
0.2516944,0.0,0.23413703,0.24235578,0.27181277
0.23778693,0.0,0.24174842,0.2571964,0.26326823
0.23688892,0.0,0.24082345,0.2560968,0.26619086
0.0,0.23833461,0.23845482,0.25701,0.2662005
0.0,0.2389511,0.2430377,0.2555221,0.26248908
0.2528567,0.0,0.23486006,0.23983617,0.2724471
0.23624958,0.0,0.23998418,0.25916004,0.26460618
0.0,0.23629324,0.24140045,0.25665227,0.26565403
0.0,0.2374085,0.24209662,0.2574438,0.26305112
0.238121,0.0,0.24499238,0.2518471,0.2650395
0.25302342,0.0,0.23385069,0.24244244,0.27068347
0.23767646,0.0,0.23838986,0.25919676,0.26473698
0.0,0.23560208,0.24020901,0.26135048,0.2628384
0.23793219,0.0,0.24414018,0.2531548,0.2647728
0.23615974,0.0,0.24271458,0.25600177,0.2651239
0.2541217,0.0,0.23237069,0.23804308,0.27546456
0.23755898,0.0,0.2404389,0.25533348,0.2666686
0.23704274,0.0,0.2425876,0.25477737,0.2655923
0.2357832,0.0,0.2437314,0.25575274,0.26473266
0.23737831,0.0,0.24600247,0.25300467,0.26361454
0.25070566,0.0,0.23446752,0.2423348,0.27249202
0.23854463,0.0,0.24221636,0.25595805,0.2632809
0.23730995,0.0,0.24455597,0.2541045,0.26402956
0.23645972,0.0,0.24419355,0.25438514,0.26496157
0.23631847,0.0,0.24427493,0.2561284,0.26327822
0.252176,0.0,0.23460445,0.24114837,0.2720712
0.23740496,0.0,0.24043097,0.2568562,0.26530793
0.23868124,0.0,0.2441647,0.2528665,0.26428753
0.2371665,0.0,0.24426347,0.25622818,0.26234192
0.23713621,0.0,0.24320818,0.25605392,0.2636017
0.2530493,0.0,0.23395781,0.24175909,0.27123377
0.23846607,0.0,0.24267168,0.25342998,0.2654323
0.23722361,0.0,0.24329391,0.25480494,0.26467755
0.23883754,0.0,0.24422546,0.25175,0.26518697
0.23644157,0.0,0.24394977,0.25402716,0.2655815
0.25306502,0.0,0.23489004,0.23751843,0.2745265
0.2373801,0.0,0.24203211,0.25372577,0.26686203
0.23396213,0.0,0.24077511,0.25758833,0.26767445
0.23747556,0.0,0.24609245,0.253875,0.262557
0.23600002,0.0,0.24413179,0.25575292,0.2641153
0.25183523,0.0,0.2327808,0.24048673,0.2748972
0.23792155,0.0,0.2419794,0.25420466,0.2658944
0.23575251,0.0,0.24213825,0.25725073,0.2648585
0.23722585,0.0,0.24632265,0.25131777,0.26513374
0.23773973,0.0,0.2467765,0.25199264,0.26349112
0.25373247,0.0,0.23558885,0.2354566,0.27522206
0.23832682,0.0,0.2431342,0.25427255,0.26426646
0.23774683,0.0,0.24296503,0.25293568,0.26635244
0.23715109,0.0,0.24492654,0.2515585,0.26636386
0.23555931,0.0,0.24280441,0.25525102,0.26638523
0.2525705,0.0,0.23408657,0.23893407,0.27440885
0.23664542,0.0,0.24465217,0.25368455,0.26501787
0.23717014,0.0,0.24677558,0.25088215,0.26517215
0.23608918,0.0,0.2467643,0.25198084,0.26516563
0.23523103,0.0,0.2439452,0.25499976,0.26582408
0.2534552,0.0,0.23434016,0.23634067,0.275864
0.23690653,0.0,0.24210374,0.25367865,0.2673111
0.23553064,0.0,0.24539766,0.25547287,0.2635988
0.2346482,0.0,0.24464765,0.2580182,0.26268595
0.23536539,0.0,0.2455212,0.2574318,0.26168156
0.25358218,0.0,0.23454364,0.23878099,0.27309322
0.23700774,0.0,0.24163862,0.2558712,0.26548243
0.23647128,0.0,0.2444834,0.25415024,0.2648951
0.2362343,0.0,0.24700436,0.2542038,0.2625576
0.23580542,0.0,0.24679968,0.25433064,0.2630643
0.25215885,0.0,0.2332898,0.23701234,0.27753899
0.23682679,0.0,0.24407364,0.2555078,0.26359174
0.23671398,0.0,0.24695003,0.25110316,0.26523283
0.23573081,0.0,0.2476205,0.25271162,0.26393703
0.23580214,0.0,0.24716647,0.25207174,0.26495966
0.25488362,0.0,0.23578823,0.23315232,0.27617586
0.2345887,0.0,0.24179895,0.26048726,0.2631251
0.23823951,0.0,0.2468764,0.2514941,0.26339
0.23796494,0.0,0.24872558,0.24824797,0.26506147
0.23586407,0.0,0.24952509,0.25299817,0.26161262
0.25252882,0.0,0.23459019,0.23663545,0.27624553
0.2362972,0.0,0.24783097,0.25209036,0.26378146
0.23418142,0.0,0.24687633,0.25318384,0.26575842
0.23419812,0.0,0.2481631,0.25529456,0.26234424
0.23398288,0.0,0.2480031,0.25517982,0.2628342
0.2534283,0.0,0.23423871,0.23311342,0.27921954
0.23509897,0.0,0.2444155,0.25794855,0.26253697
0.23407403,0.0,0.24882609,0.25386664,0.2632332
0.2347211,0.0,0.2497192,0.25167224,0.2638875
0.23516488,0.0,0.24980444,0.25083286,0.2641979
0.2525696,0.0,0.23258048,0.2390719,0.27577806
0.23527706,0.0,0.24596731,0.25648454,0.26227114
0.23480615,0.0,0.24847846,0.2526185,0.2640969
0.23288448,0.0,0.24960347,0.254881,0.26263103
0.23264943,0.0,0.25199842,0.25398463,0.2613675
0.2537973,0.0,0.23405299,0.23605724,0.27609247
0.23729649,0.0,0.24946864,0.25201762,0.26121727
0.23452659,0.0,0.25027567,0.2537263,0.26147148
0.232852,0.0,0.24908835,0.25526994,0.26278967
0.23360024,0.0,0.25116286,0.25620636,0.25903058
0.2543773,0.0,0.23408917,0.23707919,0.2744543
0.235319,0.0,0.24602485,0.25763327,0.26102287
0.23374434,0.0,0.2506826,0.25548187,0.26009125
0.23357415,0.0,0.25531173,0.25390276,0.2572114
0.2335402,0.0,0.25372574,0.25319678,0.2595373
0.2557467,0.0,0.23560245,0.23329535,0.27535552
0.23411594,0.0,0.2494648,0.25682062,0.25959864
0.23276171,0.0,0.25210172,0.2568049,0.25833166
0.2344786,0.0,0.2519644,0.25637078,0.25718623
0.23498027,0.0,0.2523246,0.25303063,0.25966448
0.25824034,0.0,0.23567545,0.22886021,0.277224
0.23465733,0.0,0.24816616,0.25613898,0.2610375
0.230654,0.0,0.25195146,0.25779414,0.25960043
0.23422028,0.0,0.25448325,0.25427318,0.2570233
0.23515488,0.0,0.2567978,0.2490068,0.25904056
0.2550622,0.0,0.23515971,0.2346509,0.27512723
0.23553424,0.0,0.25094587,0.2563026,0.25721726
0.23428391,0.0,0.25103506,0.2557874,0.25889364
0.23414263,0.0,0.2535156,0.2527548,0.259587
0.23307481,0.0,0.2547126,0.25071803,0.26149455
0.25701556,0.0,0.2367568,0.23179363,0.27443403
0.23316102,0.0,0.2505011,0.25775045,0.25858745
0.23460904,0.0,0.2564789,0.25112334,0.2577887
0.23361044,0.0,0.2559406,0.25094754,0.25950146
0.23335187,0.0,0.25755775,0.25183874,0.25725162
0.2581833,0.0,0.23626824,0.23293702,0.2726114
0.23632659,0.0,0.25025466,0.25692943,0.25648937
0.23449177,0.0,0.2554684,0.25109667,0.25894314
0.23241954,0.0,0.2563315,0.25403675,0.25721222
0.23333795,0.0,0.25754407,0.2526325,0.25648546
0.25667635,0.0,0.23634122,0.23149937,0.275483
0.23359415,0.0,0.2523547,0.25541782,0.25863335
0.23389229,0.0,0.25874993,0.25273967,0.2546181
0.2335743,0.0,0.26056448,0.2528378,0.25302336
0.23206623,0.0,0.2600958,0.25327513,0.25456285
0.25678927,0.0,0.23554589,0.23483491,0.2728299
0.23334046,0.0,0.254722,0.25483793,0.25709957
0.2326145,0.0,0.25943506,0.2538643,0.2540862
0.23180917,0.0,0.25929818,0.25356242,0.25533026
0.23235762,0.0,0.26127386,0.25291947,0.253449
0.25788808,0.0,0.2361979,0.23223251,0.27368146
0.23459002,0.0,0.25578696,0.25505665,0.2545664
0.23278527,0.0,0.25774655,0.25431067,0.25515753
0.23242241,0.0,0.25920796,0.25382417,0.2545454
0.23266855,0.0,0.2613685,0.25336555,0.25259733
0.25744164,0.0,0.23496209,0.2351847,0.2724116
0.23327231,0.0,0.2560078,0.25615266,0.25456727
0.23375292,0.0,0.26218694,0.2495623,0.25449786
0.23321134,0.0,0.26462275,0.24911909,0.2530468
0.23333111,0.0,0.26366687,0.24807957,0.25492242
0.2595043,0.0,0.23666151,0.23178653,0.27204767
0.23266551,0.0,0.2571712,0.25681204,0.2533512
0.23249744,0.0,0.26376092,0.24973172,0.2540099
0.23224105,0.0,0.26525074,0.24896337,0.25354484
0.23264444,0.0,0.26745638,0.24761526,0.2522839
0.26017284,0.0,0.23855405,0.23011006,0.27116305
0.2329609,0.0,0.26040536,0.251303,0.25533077
0.23310925,0.0,0.26703897,0.24921879,0.25063297
0.23092945,0.0,0.2683552,0.24925104,0.2514643
0.23143998,0.0,0.2695903,0.24889377,0.250076
0.26015967,0.0,0.23769566,0.23121266,0.27093202
0.23355693,0.0,0.26296854,0.25257158,0.25090292
0.22976795,0.0,0.26719135,0.25125584,0.2517849
0.22993432,0.0,0.26998597,0.24982077,0.25025892
0.23095064,0.0,0.27190188,0.24872655,0.24842098
0.26146424,0.0,0.23806624,0.2305558,0.2699137
0.23093864,0.0,0.26471025,0.2541528,0.25019833
0.22835943,0.0,0.2688274,0.25267616,0.25013697
0.22828425,0.0,0.27273834,0.2520182,0.24695922
0.2273231,0.0,0.27545762,0.25008744,0.24713184
0.2604974,0.0,0.23810041,0.23339081,0.26801142
0.23080584,0.0,0.26913458,0.25276235,0.24729727
0.22785176,0.0,0.27399632,0.2532728,0.24487911
0.2266366,0.0,0.2763368,0.2517404,0.24528623
0.22615467,0.0,0.27887803,0.25050676,0.24446051
0.2611368,0.0,0.23755994,0.23391068,0.26739258
0.229085,0.0,0.27306527,0.25392658,0.2439231
0.22642013,0.0,0.28064582,0.25108826,0.24184579
0.22471733,0.0,0.28377968,0.25046515,0.24103777
0.22465374,0.0,0.28441188,0.24923962,0.2416947
0.26316598,0.0,0.2410969,0.22834451,0.2673926
0.22832255,0.0,0.27519053,0.2526536,0.2438333
0.2266456,0.0,0.28047916,0.25039184,0.24248338
0.22567903,0.0,0.28446656,0.24903306,0.24082135
0.22554654,0.0,0.28563228,0.24814421,0.24067695
0.26091197,0.0,0.23913795,0.23419692,0.26575318
0.22925673,0.0,0.27731243,0.25220034,0.2412305
0.22633886,0.0,0.28473768,0.24915297,0.23977049
0.22483477,0.0,0.28790113,0.24842118,0.23884293
0.22603269,0.0,0.2877767,0.24645187,0.23973869
0.26436946,0.0,0.24423507,0.22767787,0.26371762
0.22870225,0.0,0.28197634,0.25027198,0.2390494
0.22501831,0.0,0.2872956,0.24896796,0.23871812
0.22403121,0.0,0.2874151,0.24857427,0.2399794
0.22402635,0.0,0.29105487,0.24648577,0.23843297
0.263466,0.0,0.24325152,0.22830722,0.26497522
0.2273207,0.0,0.28326815,0.25030363,0.23910753
0.22372411,0.0,0.29018852,0.24778083,0.23830651
0.22395511,0.0,0.29196623,0.24605858,0.23802005
0.22486387,0.0,0.2969183,0.24324337,0.2349745
0.26186964,0.0,0.24222688,0.23207794,0.26382554
0.22620702,0.0,0.28613427,0.24955562,0.23810309
0.22487752,0.0,0.29407424,0.2454667,0.2355815
0.22318584,0.0,0.29718214,0.24324286,0.2363891
0.22251375,0.0,0.30217794,0.24155891,0.23374948
0.2640517,0.0,0.24554783,0.22889352,0.26150697
0.2244218,0.0,0.29261592,0.24761046,0.23535186
0.22234532,0.0,0.29903778,0.24386992,0.23474693
0.22195962,0.0,0.3037916,0.2415431,0.2327057
0.22160552,0.0,0.30726853,0.23947892,0.23164706
0.2657802,0.0,0.24774992,0.22616951,0.26030037
0.22430398,0.0,0.29765216,0.24498264,0.23306118
0.22172832,0.0,0.30363595,0.24178986,0.23284583
0.22158228,0.0,0.31083962,0.23807275,0.22950539
0.21992162,0.0,0.31081522,0.23781505,0.23144814
0.26394817,0.0,0.24544638,0.23082532,0.2597801
0.22348681,0.0,0.30198148,0.24366878,0.2308629
0.2194906,0.0,0.3105032,0.23970379,0.23030235
0.21805334,0.0,0.3140443,0.23807837,0.22982399
0.21788815,0.0,0.31778106,0.2361644,0.22816637
0.26331204,0.0,0.24560398,0.23061779,0.2604662
0.24267703,0.28248107,0.2260517,0.24879014,0.0
0.23977894,0.28488895,0.22453904,0.25079304,0.0
0.24104626,0.28562623,0.22567646,0.24765104,0.0
0.24204348,0.28523174,0.22639781,0.24632698,0.0
0.24431588,0.28467524,0.22836265,0.24264629,0.0
0.2497213,0.27723613,0.23205456,0.240988,0.0
0.24491481,0.28112417,0.22889377,0.24506722,0.0
0.24362016,0.28251597,0.22782622,0.2460376,0.0
0.24229461,0.28318194,0.226922,0.2476014,0.0
0.24936815,0.28132385,0.232139,0.23716897,0.0
0.24812351,0.28057808,0.23149146,0.23980695,0.0
0.24179335,0.282503,0.22607617,0.24962749,0.0
0.24475908,0.28118667,0.22841468,0.24563955,0.0
0.24089049,0.28145552,0.22685726,0.2507967,0.0
0.24351524,0.28533348,0.22885746,0.24229382,0.0
0.25100335,0.27532345,0.23106934,0.2426038,0.0
0.2441036,0.2812798,0.22787486,0.24674173,0.0
0.24454781,0.28041342,0.22967519,0.24536361,0.0
0.2429761,0.28046262,0.2277065,0.24885482,0.0
0.24602558,0.280232,0.2289878,0.24475464,0.0
0.25232705,0.2753781,0.23224096,0.24005386,0.0
0.24424404,0.27996016,0.22815979,0.24763602,0.0
0.244588,0.27997857,0.22782315,0.24761029,0.0
0.2442489,0.2793453,0.22816747,0.24823828,0.0
0.24942318,0.27837005,0.0,0.24039502,0.23181173
0.24912475,0.2746626,0.2285606,0.24765205,0.0
0.24414743,0.27863437,0.22710468,0.2501135,0.0
0.2437253,0.27988762,0.22715972,0.24922732,0.0
0.24672882,0.27818766,0.23029633,0.24478713,0.0
0.24737518,0.27612522,0.23272386,0.24377578,0.0
0.2506899,0.27235237,0.23111795,0.24583979,0.0
0.24305683,0.27807468,0.22610311,0.25276536,0.0
0.24265249,0.2741742,0.22926278,0.2539105,0.0
0.24475457,0.2804039,0.22948337,0.24535818,0.0
0.24732761,0.27761176,0.23123212,0.24382852,0.0
0.25128114,0.27122873,0.2311719,0.2463182,0.0
0.24265939,0.27711892,0.22735268,0.25286898,0.0
0.2439168,0.27717292,0.22900787,0.24990241,0.0
0.24638982,0.2761509,0.23081782,0.24664147,0.0
0.24431439,0.2755132,0.22779824,0.25237417,0.0
0.25331843,0.26820657,0.23380676,0.24466822,0.0
0.2454249,0.2747121,0.22914197,0.25072113,0.0
0.24465966,0.2753506,0.22807765,0.25191215,0.0
0.24862106,0.2751975,0.23365499,0.24252643,0.0
0.24935496,0.2739928,0.23334785,0.2433044,0.0
0.25277382,0.26799577,0.23306964,0.24616075,0.0
0.24550554,0.27392283,0.22917986,0.25139177,0.0
0.2500884,0.27254483,0.0,0.24223281,0.23513402
0.24645877,0.2735482,0.23118488,0.24880819,0.0
0.24200515,0.28065097,0.22885887,0.24848495,0.0
0.25179034,0.26769897,0.23211251,0.24839815,0.0
0.244296,0.273469,0.0,0.25271487,0.2295201
0.2454208,0.27664292,0.23294672,0.24498956,0.0
0.2469855,0.27426347,0.2324279,0.24632315,0.0
0.24581777,0.273364,0.23063216,0.25018606,0.0
0.25147069,0.2668351,0.0,0.24836864,0.23332556
0.24520445,0.27331796,0.23164667,0.24983098,0.0
0.24560401,0.27257884,0.0,0.24999702,0.23182014
0.24494681,0.27253273,0.0,0.25155315,0.23096731
0.24797122,0.27255687,0.23315176,0.24632013,0.0
0.2506453,0.26511455,0.0,0.25097102,0.23326911
0.24381891,0.27126545,0.0,0.2543383,0.23057733
0.2437241,0.27170697,0.0,0.25653598,0.22803295
0.25140375,0.26921338,0.0,0.24328324,0.23609957
0.24968079,0.2704432,0.2335823,0.24629377,0.0
0.25277668,0.2644934,0.2334433,0.2492866,0.0
0.24792866,0.26861575,0.0,0.2484963,0.23495933
0.24525473,0.27045763,0.0,0.25173265,0.23255496
0.24666645,0.2742823,0.23301844,0.2460328,0.0
0.24796131,0.2710027,0.23293027,0.2481057,0.0
0.25216064,0.26390103,0.0,0.2513755,0.23256281
0.24703929,0.2710083,0.233262,0.24869041,0.0
0.24512169,0.27163243,0.0,0.2501682,0.23307765
0.24472721,0.27043402,0.0,0.24982059,0.23501818
0.24541144,0.2712179,0.0,0.25172594,0.23164472
0.2520591,0.26487407,0.0,0.24771915,0.23534769
0.24548711,0.26902822,0.0,0.2545432,0.23094147
0.24519697,0.2699732,0.0,0.25337213,0.2314577
0.24983546,0.26952603,0.23285238,0.24778615,0.0
0.24865691,0.26980478,0.23352511,0.2480132,0.0
0.2526132,0.26226583,0.0,0.24971713,0.23540387
0.24860293,0.26845026,0.2322371,0.25070968,0.0
0.24669741,0.26853287,0.0,0.24937394,0.23539579
0.24567969,0.2690663,0.0,0.25087056,0.23438345
0.24438111,0.26970568,0.0,0.25148958,0.23442368
0.25382677,0.2597093,0.0,0.24563846,0.24082546
0.24628095,0.27128327,0.23224343,0.25019237,0.0
0.24326934,0.27035683,0.0,0.2533719,0.23300189
0.24595189,0.27023065,0.0,0.25084338,0.23297411
0.24436027,0.26992413,0.0,0.25327834,0.23243725
0.25046277,0.26299092,0.0,0.25124484,0.2353015
0.24552266,0.26658005,0.0,0.25352618,0.23437108
0.24357973,0.2690755,0.0,0.2579178,0.22942698
0.24547824,0.26918596,0.0,0.25060484,0.23473096
0.24413206,0.26900473,0.0,0.25059578,0.2362674
0.2517145,0.2604591,0.0,0.25022584,0.23760055
0.25056708,0.26249444,0.0,0.24391606,0.24302241
0.24576336,0.26639125,0.0,0.25100315,0.23684226
0.24786435,0.26727134,0.0,0.24642573,0.23843859
0.24554577,0.26979896,0.0,0.25227684,0.23237841
0.24880686,0.25757796,0.0,0.25501272,0.23860244
0.24677402,0.26839444,0.0,0.25012267,0.23470889
0.24520597,0.2671586,0.0,0.2524739,0.23516154
0.24619079,0.2682672,0.0,0.24955186,0.23599014
0.24533202,0.2717599,0.0,0.24945892,0.23344916
0.24994044,0.26221055,0.0,0.25454438,0.23330462
0.2460236,0.26504946,0.0,0.25655004,0.2323769
0.24524198,0.26736426,0.0,0.25334325,0.23405045
0.24466248,0.2687374,0.0,0.2537703,0.23282981
0.24736889,0.26703295,0.0,0.24940571,0.23619251
0.25334024,0.26052904,0.2330811,0.25304964,0.0
0.2470071,0.26410446,0.0,0.25400102,0.23488742
0.24458537,0.26692623,0.0,0.25638604,0.23210238
0.24457482,0.26663372,0.0,0.25237373,0.23641776
0.24860361,0.26456317,0.0,0.24654827,0.24028498
0.25020096,0.26504248,0.0,0.25020155,0.23455499
0.24648024,0.26413834,0.0,0.25356102,0.2358204
0.24514237,0.26608744,0.0,0.2537615,0.23500867
0.24400145,0.26156133,0.0,0.2550128,0.23942441
0.24601886,0.26952103,0.0,0.24671236,0.23774774
0.2530262,0.2582151,0.0,0.24905308,0.2397056
0.24453473,0.26373085,0.0,0.25626734,0.23546709
0.24636684,0.2653888,0.0,0.25371456,0.23452981
0.24607462,0.26576126,0.0,0.25099784,0.23716635
0.24454461,0.26512215,0.0,0.25337902,0.23695427
0.25453603,0.25617293,0.0,0.24674559,0.24254549
0.24635145,0.2625627,0.0,0.25439978,0.23668607
0.24704881,0.2648778,0.0,0.25067633,0.2373971
0.24539569,0.26683012,0.0,0.25131294,0.23646133
0.24511655,0.26478338,0.0,0.25147775,0.2386223
0.2524526,0.2585059,0.0,0.2519114,0.23713009
0.24293926,0.26370436,0.0,0.25590497,0.23745137
0.24334735,0.26481813,0.0,0.25377738,0.2380571
0.24885824,0.27030253,0.0,0.24381967,0.23701954
0.24493879,0.2659734,0.0,0.2498571,0.23923068
0.25297144,0.25800323,0.0,0.24984862,0.23917672
0.24477781,0.2639376,0.0,0.25230077,0.23898382
0.24630515,0.2657098,0.0,0.24908353,0.23890154
0.24474895,0.26543894,0.0,0.2501071,0.239705
0.24913548,0.2634557,0.0,0.24976711,0.2376417
0.2524303,0.255976,0.0,0.2517284,0.23986529
0.24596041,0.26104686,0.0,0.25244737,0.24054539
0.250542,0.26319122,0.0,0.24669044,0.23957632
0.2478157,0.26152894,0.0,0.24876352,0.2418918
0.24751829,0.2678941,0.0,0.24639352,0.23819411
0.2528984,0.25421095,0.0,0.25131732,0.24157332
0.2417062,0.25781646,0.0,0.25824106,0.24223627
0.24396682,0.26416293,0.0,0.24994116,0.24192911
0.24536791,0.26212955,0.0,0.2530862,0.23941633
0.24766657,0.26171482,0.0,0.24823749,0.24238114
0.25651294,0.25187808,0.0,0.24866584,0.24294315
0.24849607,0.25825664,0.0,0.25271878,0.24052852
0.24640718,0.26023024,0.0,0.25157243,0.24179018
0.24565755,0.26304594,0.0,0.252909,0.23838748
0.248116,0.2589592,0.0,0.24607813,0.24684666
0.2529482,0.25172886,0.0,0.25195143,0.24337153
0.25184163,0.25922868,0.0,0.24923852,0.23969118
0.25097772,0.25822517,0.0,0.24592762,0.24486953
0.24987997,0.26255947,0.0,0.24761212,0.2399484
0.24732487,0.2605357,0.0,0.25040978,0.24172965
0.25416222,0.25084203,0.0,0.2505211,0.2444746
0.24591723,0.26314902,0.0,0.25069132,0.24024247
0.24588272,0.26104757,0.0,0.25276542,0.24030428
0.24566533,0.26039162,0.0,0.25355384,0.24038924
0.24597159,0.2594934,0.0,0.25089926,0.24363577
0.2540624,0.25019434,0.0,0.25018418,0.24555908
0.2461565,0.2566404,0.0,0.2533922,0.24381092
0.24506734,0.2580653,0.0,0.2532427,0.24362463
0.25185,0.25786522,0.0,0.24492246,0.2453623
0.24468298,0.26018953,0.0,0.251776,0.24335143
0.25197947,0.25024208,0.0,0.25295305,0.24482541
0.24752605,0.2573538,0.0,0.25071692,0.2444032
0.24196738,0.25852066,0.0,0.2540374,0.24547459
0.24817404,0.25978568,0.0,0.24676484,0.24527547
0.24715772,0.261325,0.0,0.24883008,0.24268718
0.2507217,0.24683622,0.0,0.25184938,0.2505927
0.24597286,0.25933576,0.0,0.25102192,0.24366947
0.24576756,0.25711045,0.0,0.25177273,0.24534927
0.24564472,0.2573864,0.0,0.2534615,0.24350737
0.24787773,0.25714543,0.0,0.25036466,0.24461217
0.2561901,0.24728286,0.0,0.2489198,0.24760723
0.24936363,0.25360733,0.0,0.25114346,0.24588563
0.24877356,0.25737107,0.0,0.25127947,0.2425759
0.24684589,0.25638178,0.0,0.24865915,0.24811316
0.24553944,0.25691903,0.0,0.24850374,0.24903779
0.2543008,0.24508616,0.0,0.25547114,0.24514191
0.24922861,0.25200766,0.0,0.24853624,0.25022748
0.2484823,0.25425658,0.0,0.24947344,0.24778773
0.2481246,0.25589553,0.0,0.24846792,0.24751198
0.24456854,0.2571211,0.0,0.25220165,0.24610873
0.25173366,0.24314038,0.0,0.25363868,0.25148734
0.24653976,0.25446156,0.0,0.2527314,0.24626729
0.2450571,0.25508434,0.0,0.25508574,0.24477276
0.24494395,0.25556004,0.0,0.25322706,0.246269
0.24888696,0.25799572,0.0,0.24758275,0.2455346
0.2533896,0.24416363,0.0,0.25171965,0.25072712
0.24575786,0.25104615,0.0,0.25409877,0.24909718
0.2464724,0.25345764,0.0,0.25320303,0.24686694
0.24731843,0.25350946,0.0,0.2496005,0.2495716
0.24641187,0.2561506,0.0,0.24922107,0.2482165
0.25380948,0.24324183,0.0,0.2508234,0.2521253
0.24921423,0.24856266,0.0,0.25124905,0.25097403
0.24741605,0.25309116,0.0,0.25022295,0.24926983
0.24405642,0.25398225,0.0,0.25249273,0.24946864
0.24211124,0.253374,0.0,0.25520834,0.24930641
0.25875577,0.23930469,0.0,0.2447403,0.25719923
0.24690118,0.24867918,0.0,0.25438872,0.25003096
0.24319594,0.25047675,0.0,0.25553024,0.25079703
0.24586815,0.25100878,0.0,0.24937108,0.253752
0.24514623,0.25049692,0.0,0.2508864,0.25347045
0.25661728,0.24227485,0.0,0.24461395,0.25649393
0.24491486,0.24832255,0.0,0.25582045,0.2509422
0.2462306,0.25015613,0.0,0.25294006,0.2506732
0.24938382,0.25403187,0.0,0.24876712,0.24781717
0.2490868,0.25191405,0.0,0.24633907,0.2526601
0.25525948,0.23917623,0.0,0.24965231,0.25591198
0.24701753,0.24646543,0.0,0.25453123,0.25198582
0.24752732,0.24867278,0.0,0.25097975,0.25282013
0.24579804,0.25055155,0.0,0.25357425,0.25007617
0.24667239,0.24939042,0.0,0.24884784,0.25508934
0.25012213,0.23912473,0.0,0.25658163,0.25417158
0.24624546,0.2461784,0.0,0.25554067,0.25203544
0.24531564,0.24848293,0.0,0.25332546,0.252876
0.24688984,0.24903713,0.0,0.24879688,0.2552761
0.24605902,0.25200987,0.0,0.25259632,0.24933478
0.2556244,0.23631999,0.0,0.24554682,0.2625088
0.24822095,0.24398318,0.0,0.25306544,0.2547305
0.24755816,0.2468849,0.0,0.2513216,0.25423527
0.25091204,0.2444335,0.0,0.24863112,0.25602332
0.24657238,0.24600188,0.0,0.25203833,0.25538746
0.25596303,0.23471044,0.0,0.250261,0.2590655
0.24795553,0.243057,0.0,0.25312823,0.2558592
0.24746181,0.2451759,0.0,0.25075224,0.25661007
0.24650921,0.24256484,0.0,0.25497115,0.2559548
0.24686237,0.24992621,0.0,0.24647987,0.2567316
0.25733194,0.0,0.2357208,0.24865492,0.25829235
0.24935375,0.24388462,0.0,0.25202513,0.2547365
0.24448948,0.25104797,0.0,0.24864063,0.2558219
0.24577095,0.24808235,0.0,0.24998024,0.25616646
0.24640878,0.24651109,0.0,0.2509017,0.25617844
0.25690925,0.0,0.23543133,0.24809009,0.2595693
0.24567114,0.24251586,0.0,0.25560284,0.25621015
0.245924,0.24551125,0.0,0.25258,0.25598472
0.24908032,0.24480125,0.0,0.24821848,0.25789994
0.2480013,0.24640386,0.0,0.2487952,0.25679967
0.25566903,0.23499541,0.0,0.2502782,0.25905737
0.24649708,0.24456964,0.0,0.25472298,0.2542103
0.24914838,0.2418247,0.0,0.25005895,0.258968
0.24443041,0.24436341,0.0,0.2564894,0.25471675
0.25099403,0.24320129,0.0,0.24658296,0.25922176
0.25717065,0.0,0.23454697,0.2452077,0.26307467
0.24645647,0.23992352,0.0,0.2562581,0.25736195
0.24819148,0.24197131,0.0,0.25398397,0.2558532
0.25016734,0.23971319,0.0,0.24763961,0.26247987
0.24820887,0.24160945,0.0,0.24832776,0.26185393
0.25591856,0.0,0.23330988,0.2510084,0.2597632
0.24839595,0.23962344,0.0,0.25457838,0.2574022
0.25101918,0.2394662,0.0,0.24660626,0.26290837
0.2425617,0.23920397,0.0,0.25720045,0.26103383
0.24907616,0.24800365,0.0,0.24547905,0.25744113
0.25735214,0.0,0.23555776,0.24507041,0.2620197
0.24912682,0.23821943,0.0,0.25260222,0.26005155
0.24650037,0.0,0.23827657,0.25625467,0.2589684
0.24688148,0.24624863,0.0,0.2500141,0.25685582
0.25011635,0.24223411,0.0,0.24691038,0.26073918
0.25656995,0.0,0.23602453,0.24510871,0.26229683
0.24703006,0.2453712,0.0,0.2513422,0.25625655
0.24520949,0.24690115,0.0,0.2482822,0.2596072
0.24834289,0.24094664,0.0,0.25003377,0.26067674
0.24832027,0.2417262,0.0,0.25158647,0.25836703
0.2559104,0.0,0.23368835,0.24945493,0.26094636
0.24622662,0.23946328,0.0,0.25543565,0.25887442
0.24685784,0.23903118,0.0,0.25377646,0.26033452
0.24947688,0.0,0.24027029,0.2488506,0.26140222
0.24623871,0.24033768,0.0,0.25451687,0.25890675
0.25690243,0.0,0.23231092,0.24795903,0.2628276
0.24646316,0.23716712,0.0,0.25688142,0.25948834
0.2481823,0.23857257,0.0,0.25256768,0.2606775
0.24316016,0.23988603,0.0,0.2599444,0.2570094
0.2506074,0.0,0.23928162,0.24866228,0.26144865
0.25740185,0.0,0.23490494,0.2444268,0.26326638
0.24834026,0.0,0.23785615,0.2524396,0.26136398
0.2454747,0.23891532,0.0,0.25776237,0.25784758
0.25170478,0.0,0.24198805,0.24785393,0.25845325
0.24826083,0.0,0.24067609,0.24721724,0.26384586
0.2561199,0.0,0.23592947,0.24302495,0.2649257
0.24739304,0.0,0.23819168,0.25320652,0.2612087
0.2513374,0.0,0.23992369,0.24798588,0.26075304
0.2460514,0.0,0.23935638,0.2508101,0.26378217
0.24718408,0.0,0.23923078,0.25117153,0.2624136
0.25596932,0.0,0.23134302,0.24574658,0.2669411
0.25220618,0.0,0.2375638,0.2490722,0.2611578
0.24876384,0.0,0.23960991,0.24750206,0.2641242
0.24910934,0.0,0.24222538,0.24829796,0.26036736
0.24838828,0.0,0.24064828,0.24685287,0.2641105
0.25736564,0.0,0.23367901,0.2453224,0.26363295
0.24729797,0.0,0.23563725,0.25452858,0.2625362
0.24660812,0.0,0.24044988,0.25290495,0.260037
0.24679966,0.0,0.2416694,0.25067747,0.26085347
0.24592564,0.0,0.24004345,0.25431305,0.25971788
0.25750372,0.0,0.2334726,0.24477604,0.26424763
0.2469529,0.0,0.23968166,0.2522126,0.2611528
0.24693714,0.0,0.2427173,0.24802917,0.2623164
0.24547064,0.0,0.23960301,0.25320065,0.26172563
0.24585195,0.0,0.2407473,0.2497378,0.26366296
0.25700706,0.0,0.23454621,0.24433254,0.26411417
0.24738751,0.0,0.24151394,0.24925672,0.26184186
0.24582441,0.0,0.24186796,0.25209445,0.2602132
0.24761052,0.0,0.24418004,0.248311,0.25989842
0.2444659,0.0,0.2398054,0.25282562,0.2629031
0.2577868,0.0,0.23626328,0.2383413,0.2676086
0.24742292,0.0,0.23878513,0.25012848,0.26366347
0.246851,0.0,0.23996782,0.24840268,0.26477847
0.24537897,0.0,0.23850174,0.25094485,0.26517442
0.24797703,0.0,0.24160321,0.24506983,0.26534995
0.25666967,0.0,0.23490584,0.24242407,0.26600042
0.2447854,0.0,0.23632291,0.25580502,0.26308668
0.2462635,0.0,0.23896796,0.25250766,0.26226088
0.24510968,0.0,0.24099919,0.25133708,0.26255405
0.24549726,0.0,0.24144463,0.25037378,0.26268435
0.25770655,0.0,0.2346526,0.2389646,0.26867622
0.24635793,0.0,0.23816364,0.2501177,0.26536077
0.24549255,0.0,0.24034348,0.25184655,0.26231742
0.24325259,0.0,0.23958915,0.25497988,0.2621784
0.24270955,0.0,0.24204631,0.25164926,0.26359487
0.25763282,0.0,0.23318423,0.24066748,0.2685155
0.24417719,0.0,0.23674068,0.25559467,0.2634875
0.24529083,0.0,0.24018978,0.249723,0.26479638
0.24146095,0.0,0.23787834,0.2583541,0.26230663
0.24551037,0.0,0.2420744,0.25049412,0.26192114
0.2607927,0.0,0.23556983,0.23687991,0.26675758
0.24555686,0.0,0.23773892,0.2545363,0.26216793
0.24552944,0.0,0.23993292,0.25258493,0.26195267
0.24561733,0.0,0.2404558,0.25322053,0.2607063
0.24309964,0.0,0.24105626,0.25305203,0.26279208
0.2593945,0.0,0.23583582,0.23754372,0.267226
0.24556644,0.0,0.2379143,0.25243524,0.26408398
0.2450985,0.0,0.24104042,0.24878801,0.26507306
0.24368665,0.0,0.24098024,0.2557361,0.25959697
0.2445532,0.0,0.24182937,0.25078052,0.26283693
0.2577433,0.0,0.23644404,0.2384188,0.26739386
0.24598236,0.0,0.23765552,0.25304988,0.26331222
0.24429119,0.0,0.24049094,0.25081712,0.26440075
0.2417607,0.0,0.2388348,0.25881663,0.26058787
0.24433488,0.0,0.2405104,0.251483,0.26367173
0.25910053,0.0,0.23385297,0.23852697,0.26851958
0.24602722,0.0,0.2370433,0.24991292,0.26701653
0.24412453,0.0,0.23935461,0.25329548,0.26322538
0.24222104,0.0,0.23775831,0.25635862,0.26366204
0.24232657,0.0,0.24040172,0.2531597,0.26411203
0.2581667,0.0,0.235028,0.24046178,0.2663435
0.24583398,0.0,0.23945779,0.25387096,0.26083726
0.24463731,0.0,0.24147807,0.25043455,0.2634501
0.2424861,0.0,0.23907799,0.2558621,0.2625738
0.24200532,0.0,0.24075331,0.25269315,0.2645482
0.2583687,0.0,0.23552781,0.23856704,0.26753646
0.24477217,0.0,0.23898233,0.24978308,0.2664624
0.24426846,0.0,0.24007604,0.25149179,0.2641637
0.24307817,0.0,0.24158385,0.2527863,0.26255167
0.24461567,0.0,0.24250731,0.24790551,0.26497152
0.25982058,0.0,0.23410529,0.23490942,0.27116475
0.24774022,0.0,0.23858814,0.2478795,0.26579216
0.24592584,0.0,0.2400588,0.2515422,0.26247314
0.24245629,0.0,0.24035959,0.25347278,0.26371133
0.24486236,0.0,0.2440191,0.24772334,0.2633952
0.2581677,0.0,0.2352519,0.23575594,0.27082446
0.24584204,0.0,0.24100654,0.2494949,0.26365656
0.24340238,0.0,0.24148281,0.2529831,0.26213178
0.2422917,0.0,0.2423425,0.25179344,0.26357234
0.24256101,0.0,0.24460404,0.25162086,0.2612141
0.25904828,0.0,0.238078,0.23217753,0.2706962
0.24403906,0.0,0.24186383,0.25148022,0.2626169
0.2441906,0.0,0.24472845,0.24902618,0.26205474
0.24282487,0.0,0.24209702,0.25205186,0.2630263
0.24332687,0.0,0.2455058,0.24892917,0.26223817
0.2583047,0.0,0.23413388,0.23264879,0.27491266
0.24449858,0.0,0.24016762,0.25199318,0.2633406
0.24389508,0.0,0.2438079,0.24687195,0.2654251
0.2439414,0.0,0.24272102,0.25157446,0.26176313
0.24122031,0.0,0.2443771,0.25186348,0.2625391
0.25873822,0.0,0.23877363,0.23303,0.26945814
0.2426654,0.0,0.24183488,0.2503481,0.26515162
0.24227269,0.0,0.24489158,0.25004342,0.26279226
0.24070723,0.0,0.24434611,0.25287881,0.26206788
0.24038681,0.0,0.2442699,0.25401583,0.2613275
0.2542762,0.0,0.23175286,0.23855884,0.2754121
0.2433242,0.0,0.24670269,0.24799529,0.26197782
0.2401273,0.0,0.24560046,0.2523515,0.26192078
0.2401677,0.0,0.24492803,0.25362578,0.26127845
0.24139978,0.0,0.24572136,0.2496954,0.26318344
0.25811705,0.0,0.23577166,0.23458056,0.27153075
0.24437232,0.0,0.24743672,0.2491891,0.25900188
0.23979202,0.0,0.24631307,0.25312132,0.2607736
0.24040286,0.0,0.24791943,0.25193954,0.2597382
0.23913197,0.0,0.24306959,0.25478658,0.26301187
0.25946534,0.0,0.2340681,0.23615086,0.27031574
0.23902342,0.0,0.23799974,0.25767812,0.26529875
0.23883224,0.0,0.24470198,0.25513667,0.2613291
0.23858094,0.0,0.24606284,0.25277284,0.26258335
0.23846187,0.0,0.2455368,0.255834,0.26016733
0.2602059,0.0,0.23452702,0.23238069,0.27288643
0.24444629,0.0,0.24221736,0.24929269,0.2640437
0.23795559,0.0,0.2420266,0.259985,0.2600328
0.23849215,0.0,0.24867,0.2534116,0.2594262
0.2384099,0.0,0.24630968,0.25728634,0.2579941
0.26024324,0.0,0.23473968,0.23205656,0.27296054
0.24450642,0.0,0.24044533,0.25518128,0.25986695
0.23861451,0.0,0.24483442,0.25605074,0.26050037
0.24031547,0.0,0.24799713,0.25124723,0.26044017
0.23816077,0.0,0.2472255,0.25546047,0.25915325
0.26031733,0.0,0.23461762,0.23377763,0.2712874
0.23977035,0.0,0.24443536,0.25602308,0.2597712
0.23494475,0.0,0.2456254,0.26398188,0.255448
0.23935981,0.0,0.24680173,0.2588972,0.2549413
0.24092942,0.0,0.24847344,0.25184128,0.25875586
0.2593478,0.0,0.23390134,0.23365472,0.27309614
0.24029982,0.0,0.24627237,0.25429645,0.25913134
0.23631214,0.0,0.24739155,0.2588766,0.25741968
0.23763521,0.0,0.24909498,0.2596587,0.25361106
0.23771723,0.0,0.24954428,0.25517163,0.2575669
0.2610819,0.0,0.23503883,0.23114656,0.27273273
0.23865648,0.0,0.24538203,0.25636193,0.25959954
0.23939298,0.0,0.24871275,0.25517032,0.25672394
0.2383836,0.0,0.24801764,0.25565565,0.2579431
0.2409062,0.0,0.24962027,0.25075787,0.25871563
0.26051518,0.0,0.23477472,0.23202243,0.2726876
0.23796935,0.0,0.24371324,0.2594042,0.25891316
0.2359161,0.0,0.2456128,0.26452988,0.25394118
0.23732652,0.0,0.25456297,0.2530321,0.2550784
0.23659454,0.0,0.2537765,0.25363532,0.25599363
0.26102832,0.0,0.23465268,0.23122129,0.27309766
0.2393489,0.0,0.24663576,0.25915155,0.25486377
0.24147496,0.0,0.24828441,0.25282192,0.2574187
0.23983334,0.0,0.25181222,0.24984752,0.2585069
0.23924814,0.0,0.25053912,0.25112623,0.25908652
0.26243818,0.0,0.23564601,0.23382679,0.26808906
0.24195194,0.0,0.24941486,0.25373507,0.25489813
0.23676579,0.0,0.2511184,0.2569662,0.25514963
0.23670176,0.0,0.25374618,0.25512272,0.2544293
0.2338807,0.0,0.25288755,0.26184717,0.2513846
0.26133922,0.0,0.23447798,0.23278251,0.27140027
0.2407912,0.0,0.24971932,0.25635558,0.25313392
0.23712777,0.0,0.25294536,0.2577298,0.2521971
0.23654038,0.0,0.25219497,0.25729546,0.25396916
0.2382521,0.0,0.25357443,0.25479805,0.2533754
0.2631928,0.0,0.23387617,0.23149228,0.27143872
0.23958105,0.0,0.25013447,0.25784504,0.25243938
0.23507294,0.0,0.2516228,0.26284647,0.2504578
0.23791799,0.0,0.2580383,0.2554153,0.24862841
0.23559336,0.0,0.25968817,0.25231722,0.25240123
0.26360428,0.0,0.23636675,0.23126702,0.26876196
0.23825856,0.0,0.24983491,0.25998643,0.25192007
0.23917744,0.0,0.257372,0.25252604,0.25092456
0.24178654,0.0,0.25807726,0.24781431,0.2523219
0.23933843,0.0,0.25911865,0.24737005,0.25417286
0.2657159,0.0,0.23602082,0.23171121,0.26655206
0.24787557,0.0,0.26103705,0.23252007,0.2585673
0.23917803,0.0,0.25667256,0.2496881,0.25446132
0.23761344,0.0,0.26195356,0.24932793,0.25110507
0.2355546,0.0,0.26118425,0.2529124,0.25034872
0.26577446,0.0,0.23810963,0.22632562,0.2697903
0.23895113,0.0,0.25235862,0.2576792,0.251011
0.23675402,0.0,0.25961456,0.25438926,0.24924217
0.23535977,0.0,0.2627663,0.25630507,0.2455689
0.2370632,0.0,0.2672886,0.2480106,0.24763763
0.2631827,0.0,0.23898904,0.22955999,0.2682683
0.23800917,0.0,0.25482434,0.25681838,0.25034815
0.2360621,0.0,0.26216838,0.25452518,0.24724431
0.23568472,0.0,0.26514873,0.25258532,0.24658126
0.23392989,0.0,0.26066262,0.25887173,0.24653578
0.26482636,0.0,0.23726444,0.23145255,0.2664567
0.24171358,0.0,0.2546959,0.25346997,0.25012055
0.23538947,0.0,0.26360795,0.25415474,0.24684781
0.23377186,0.0,0.26368958,0.25435162,0.24818698
0.23273714,0.0,0.26835057,0.2524688,0.24644345
0.26407313,0.0,0.23946665,0.23075892,0.2657013
0.23760068,0.0,0.2644954,0.2521752,0.24572872
0.234623,0.0,0.26309326,0.25449347,0.24779029
0.23418948,0.0,0.26933268,0.25295702,0.24352081
0.23357944,0.0,0.26968154,0.25376835,0.24297068
0.26828858,0.0,0.23569025,0.23355438,0.26246676
0.24217834,0.0,0.25957033,0.24805412,0.2501972
0.23817351,0.0,0.2643793,0.2499223,0.24752484
0.23273166,0.0,0.26975933,0.25416923,0.2433398
0.23333517,0.0,0.27070764,0.2535594,0.24239783
0.26485765,0.0,0.23719151,0.23042743,0.26752338
0.23522735,0.0,0.26462907,0.2561053,0.24403828
0.23403047,0.0,0.2700791,0.25335678,0.24253364
0.2317066,0.0,0.27272284,0.25327238,0.24229817
0.23192903,0.0,0.27368668,0.25220072,0.24218354
0.27158925,0.0,0.23636717,0.22466429,0.2673793
0.23592415,0.0,0.26375663,0.25533277,0.24498644
0.23075645,0.0,0.2693179,0.25646654,0.2434591
0.23305714,0.0,0.27447227,0.25167805,0.24079253
0.22992541,0.0,0.2770223,0.2538095,0.23924282
0.26804444,0.0,0.2394854,0.22961548,0.26285473
0.23376684,0.0,0.26652664,0.2572649,0.24244167
0.2334623,0.0,0.2744206,0.2527469,0.23937018
0.23208676,0.0,0.27795124,0.25158826,0.23837379
0.22958878,0.0,0.28197065,0.2506651,0.23777547
0.26877862,0.0,0.23989081,0.22666815,0.26466244
0.23557374,0.0,0.27168465,0.2537752,0.2389664
0.23218712,0.0,0.2797104,0.25155613,0.2365463
0.22918731,0.0,0.2822183,0.2508882,0.23770621
0.23011786,0.0,0.28507474,0.24850257,0.23630485
0.26879534,0.0,0.2403681,0.22695665,0.26387995
0.23104052,0.0,0.28059453,0.2521157,0.23624927
0.22794914,0.0,0.29011938,0.24673843,0.23519306
0.22782959,0.0,0.2931558,0.24536982,0.23364486
0.22694816,0.0,0.2929187,0.24494322,0.23518994
0.2687461,0.0,0.24015811,0.22898118,0.2621146
0.23306741,0.0,0.2801535,0.2517588,0.2350203
0.2350539,0.0,0.28220552,0.2464789,0.23626162
0.23372959,0.0,0.28602973,0.2446362,0.23560448
0.22866595,0.0,0.28796586,0.24920134,0.23416683
0.27008536,0.0,0.24273036,0.22512825,0.26205602
0.23028417,0.0,0.28884998,0.24880923,0.23205665
0.22606689,0.0,0.30244824,0.24166718,0.22981773
0.22509375,0.0,0.3054855,0.23959881,0.22982198
0.22455092,0.0,0.3079385,0.23825485,0.2292558
0.2689925,0.0,0.24195589,0.22659718,0.26245442
0.22958589,0.0,0.2944346,0.2452767,0.23070277
0.22705436,0.0,0.30090624,0.24302992,0.22900945
0.22525358,0.0,0.30232993,0.24234553,0.23007096
0.2243119,0.0,0.30309284,0.24074179,0.23185344
0.26836762,0.0,0.24202892,0.22977263,0.25983083
0.22929005,0.0,0.29709122,0.2440415,0.22957727
0.22493231,0.0,0.30106515,0.24332926,0.23067325
0.22350502,0.0,0.30884618,0.2389672,0.22868168
0.22669196,0.0,0.3110058,0.23404782,0.22825447
0.269319,0.0,0.24243283,0.22833174,0.25991642
0.23048955,0.0,0.29572564,0.24361542,0.23016939
0.22243953,0.0,0.31163824,0.23835993,0.22756234
0.22171177,0.0,0.31885374,0.23424746,0.225187
0.22040202,0.0,0.32734734,0.23074636,0.22150432
0.2706804,0.0,0.25001243,0.22055194,0.25875527
0.24515103,0.29263824,0.22803658,0.23417416,0.0
0.24584539,0.29623717,0.2299196,0.22799784,0.0
0.2449088,0.29758644,0.23033808,0.22716667,0.0
0.24670169,0.2971695,0.23193061,0.22419813,0.0
0.24617602,0.29818583,0.23122911,0.22440904,0.0
0.24684747,0.29266322,0.22905521,0.23143408,0.0
0.2460713,0.29641747,0.23130612,0.22620514,0.0
0.24349694,0.29806292,0.22964679,0.22879331,0.0
0.24688295,0.29695082,0.23221946,0.22394672,0.0
0.43624917,0.0,0.3925419,0.16216479,0.009044176
0.24993142,0.29173052,0.23141092,0.22692713,0.0
0.24684685,0.2964904,0.23194589,0.22471683,0.0
0.24660107,0.29649827,0.23121604,0.2256846,0.0
0.24450019,0.29829645,0.23038171,0.2268216,0.0
0.24731293,0.29602414,0.2326259,0.22403696,0.0
0.24720562,0.29116714,0.22995724,0.23166998,0.0
0.24756444,0.29461366,0.2328296,0.22499228,0.0
0.24472865,0.29687232,0.23014282,0.2282562,0.0
0.24717577,0.29557002,0.23266265,0.22459163,0.0
0.24645667,0.29623023,0.23206058,0.22525255,0.0
0.24946651,0.2894259,0.23120973,0.22989784,0.0
0.2435972,0.2955523,0.23023833,0.2306122,0.0
0.24657683,0.29412064,0.23290356,0.226399,0.0
0.24570426,0.2947665,0.23177275,0.22775647,0.0
0.24341276,0.296594,0.23022984,0.22976336,0.0
0.24776246,0.28904334,0.23172595,0.23146823,0.0
0.24429436,0.29445678,0.2303012,0.23094764,0.0
0.24649827,0.2937211,0.23261577,0.2271648,0.0
0.2449084,0.29411936,0.2316817,0.22929053,0.0
0.24428935,0.295731,0.23064628,0.22933336,0.0
0.24894647,0.2873053,0.23286174,0.23088652,0.0
0.24551657,0.29420167,0.23125544,0.2290263,0.0
0.24664266,0.29305232,0.23246866,0.22783633,0.0
0.24528942,0.29376793,0.23255414,0.2283885,0.0
0.24501784,0.29397047,0.23186617,0.22914557,0.0
0.24653159,0.28883156,0.23069847,0.23393837,0.0
0.24486493,0.29263645,0.23263152,0.22986713,0.0
0.24497211,0.29318425,0.23229052,0.22955309,0.0
0.24404608,0.2935108,0.2310515,0.23139158,0.0
0.24691217,0.29244715,0.23384273,0.22679798,0.0
0.24924202,0.28608632,0.23330787,0.23136385,0.0
0.24504557,0.29125994,0.23217572,0.23151882,0.0
0.24551152,0.2925182,0.23259859,0.22937171,0.0
0.24549727,0.2924035,0.23267278,0.22942647,0.0
0.2448731,0.29229403,0.23239352,0.23043938,0.0
0.25032216,0.28458816,0.23449399,0.23059571,0.0
0.24549563,0.29074526,0.23284164,0.23091741,0.0
0.24295181,0.29386032,0.23062174,0.23256615,0.0
0.2456381,0.2917967,0.23308681,0.22947839,0.0
0.24533375,0.2918695,0.23254207,0.23025464,0.0
0.24598509,0.28681782,0.23099889,0.23619814,0.0
0.24573728,0.29053104,0.23304094,0.23069073,0.0
0.24447045,0.2907732,0.23177323,0.23298311,0.0
0.24357913,0.29206407,0.23084185,0.233515,0.0
0.24628644,0.29101253,0.23353006,0.22917101,0.0
0.24773039,0.28495252,0.2328256,0.23449148,0.0
0.24407642,0.29094312,0.23219529,0.23278517,0.0
0.2459145,0.28942937,0.23442547,0.23023064,0.0
0.24589929,0.28960928,0.23325743,0.23123397,0.0
0.24518631,0.29017073,0.23284869,0.2317943,0.0
0.25047022,0.28304946,0.23535603,0.23112424,0.0
0.24420656,0.2899371,0.23141216,0.23444419,0.0
0.24365476,0.29006007,0.23214862,0.23413655,0.0
0.24439633,0.2901363,0.23289444,0.23257297,0.0
0.24570553,0.28935283,0.23442549,0.23051614,0.0
0.24641223,0.2845082,0.23131797,0.23776157,0.0
0.24650036,0.28773513,0.23402016,0.23174435,0.0
0.2434193,0.28968182,0.23131171,0.23558713,0.0
0.2442625,0.28946528,0.23292074,0.23335148,0.0
0.24472275,0.28917035,0.23408628,0.23202066,0.0
0.24911143,0.28170556,0.23518659,0.23399642,0.0
0.24287021,0.2887122,0.23139884,0.23701875,0.0
0.2453845,0.28754827,0.23416738,0.23289983,0.0
0.2424159,0.2895919,0.23210667,0.23588549,0.0
0.24496028,0.2884753,0.23401159,0.23255281,0.0
0.24834374,0.281644,0.23416354,0.2358487,0.0
0.24335834,0.28736463,0.23308542,0.23619163,0.0
0.245893,0.28664064,0.23532274,0.2321436,0.0
0.24520397,0.28768036,0.23466402,0.23245162,0.0
0.24491404,0.28795332,0.23419231,0.23294038,0.0
0.24886787,0.2806819,0.2349518,0.23549844,0.0
0.24518134,0.28619686,0.23454848,0.23407331,0.0
0.24348615,0.28761947,0.23229295,0.23660146,0.0
0.24555592,0.28627986,0.23503914,0.0,0.23312512
0.24702238,0.2860771,0.2362582,0.2306423,0.0
0.24943995,0.28006154,0.2353333,0.0,0.23516524
0.24563053,0.28498214,0.23426184,0.0,0.23512547
0.24554527,0.28592414,0.2342469,0.23428366,0.0
0.24650846,0.2843983,0.23512508,0.0,0.2339682
0.24509636,0.2846299,0.2350231,0.0,0.23525062
0.24689664,0.28012535,0.0,0.23822416,0.23475386
0.24115448,0.28492954,0.0,0.23848629,0.23542975
0.24538836,0.28428552,0.23517501,0.0,0.2351511
0.24492279,0.2851013,0.23539898,0.23457691,0.0
0.24358371,0.28530487,0.0,0.23599653,0.2351149
0.2495474,0.2785383,0.23588334,0.236031,0.0
0.24323341,0.2841275,0.0,0.23686868,0.23577034
0.24492192,0.28316194,0.23444073,0.0,0.23747537
0.24647132,0.28283682,0.2358093,0.0,0.23488255
0.2437435,0.2854241,0.0,0.23525073,0.23558167
0.24979484,0.27665862,0.23553248,0.0,0.23801404
0.24647498,0.28134435,0.23609915,0.0,0.23608156
0.24221617,0.28384373,0.0,0.23717554,0.23676458
0.24539283,0.28068095,0.2361069,0.0,0.23781928
0.24393322,0.28372264,0.23552117,0.0,0.23682296
0.25081152,0.2737955,0.23732875,0.0,0.23806423
0.24194233,0.28311273,0.0,0.23798041,0.23696452
0.24253461,0.28197363,0.0,0.23605792,0.23943383
0.24442083,0.28359553,0.23536201,0.0,0.23662168
0.24231614,0.28224128,0.0,0.23684672,0.23859587
0.24831901,0.27496874,0.0,0.23573466,0.24097759
0.24431139,0.28063512,0.0,0.23703025,0.2380232
0.24178657,0.2818887,0.0,0.23786116,0.23846355
0.24409454,0.28179362,0.23517963,0.0,0.2389322
0.24311295,0.2818191,0.0,0.23524982,0.23981816
0.25080603,0.2725159,0.2375803,0.0,0.23909776
0.244498,0.27940214,0.0,0.23583238,0.24026752
0.24387822,0.2804244,0.0,0.23659226,0.23910509
0.2419835,0.28158873,0.0,0.23606049,0.24036723
0.24456185,0.27891597,0.23512645,0.0,0.2413957
0.24765497,0.27309594,0.0,0.23630953,0.24293955
0.24215606,0.27948818,0.0,0.23847125,0.23988451
0.2441362,0.27908012,0.23598573,0.0,0.24079794
0.24354772,0.2802914,0.23542257,0.0,0.24073827
0.24462873,0.28017616,0.2356784,0.0,0.23951672
0.24786653,0.27273166,0.0,0.23725045,0.24215141
0.2443923,0.2769231,0.2359613,0.0,0.2427233
0.24176957,0.2795221,0.0,0.23832135,0.240387
0.24336408,0.27853844,0.23468982,0.0,0.24340767
0.24351993,0.27854574,0.23613766,0.0,0.24179664
0.24938717,0.27146372,0.0,0.2363845,0.24276462
0.24153411,0.27772433,0.0,0.23845293,0.24228859
0.24376325,0.27641043,0.23497368,0.0,0.24485266
0.23995568,0.27823555,0.0,0.23850538,0.24330339
0.24274606,0.27862245,0.0,0.23687895,0.24175256
0.24876438,0.2687003,0.2369966,0.0,0.24553874
0.24432588,0.27609175,0.0,0.23702013,0.24256223
0.24228564,0.2775497,0.0,0.23793909,0.24222556
0.24313661,0.2758739,0.23593576,0.0,0.24505371
0.24367583,0.27594644,0.23614192,0.0,0.24423583
0.24847564,0.2691322,0.0,0.23729524,0.24509692
0.24195813,0.27587768,0.0,0.23912998,0.24303421
0.24239914,0.27549747,0.0,0.23736607,0.24473733
0.24318944,0.27634695,0.0,0.23685545,0.2436082
0.24373107,0.27600026,0.0,0.23673429,0.24353443
0.2500916,0.26594993,0.23723862,0.0,0.24671984
0.24415457,0.2741466,0.0,0.23714688,0.24455193
0.24093089,0.2753718,0.0,0.23948586,0.24421148
0.2432546,0.27442867,0.23563515,0.0,0.24668156
0.24295285,0.2749056,0.23630498,0.0,0.24583653
0.24826849,0.26651725,0.0,0.23693448,0.24827975
0.24181576,0.27266058,0.0,0.23692767,0.24859595
0.24287523,0.27351862,0.0,0.23822387,0.24538231
0.24388881,0.2742158,0.0,0.2367704,0.24512497
0.24426594,0.27232012,0.2369674,0.0,0.24644656
0.24764767,0.26654908,0.0,0.23829925,0.247504
0.24225777,0.27239022,0.0,0.23868287,0.24666913
0.24312466,0.2732438,0.0,0.23870984,0.24492164
0.24366283,0.27264974,0.0,0.23648943,0.24719802
0.24349993,0.272689,0.23675121,0.0,0.24705985
0.24983822,0.2654104,0.23722327,0.0,0.24752808
0.24204233,0.27157202,0.0,0.24079654,0.24558912
0.243542,0.27234006,0.0,0.23707956,0.24703841
0.24289124,0.2720144,0.0,0.23776795,0.24732639
0.24327117,0.27108836,0.23604798,0.0,0.2495925
0.24865727,0.26292247,0.23575698,0.0,0.25266322
0.24128057,0.2714572,0.0,0.2387909,0.24847133
0.24350321,0.271041,0.0,0.23951939,0.24593642
0.2431921,0.27104482,0.23622425,0.0,0.24953882
0.24365108,0.27149057,0.23615085,0.0,0.2487075
0.24851745,0.2634593,0.0,0.23667048,0.2513528
0.24106881,0.270255,0.0,0.24135691,0.24731928
0.24321891,0.27018777,0.0,0.23737487,0.24921846
0.24334872,0.27080095,0.0,0.23765795,0.24819237
0.2446703,0.26847106,0.23879232,0.0,0.2480663
0.24807626,0.263092,0.0,0.23754524,0.2512865
0.24065673,0.27012125,0.0,0.24065666,0.2485654
0.24078889,0.27025154,0.0,0.23897402,0.2499855
0.23971058,0.271085,0.0,0.23993419,0.24927022
0.24392633,0.26895577,0.23785941,0.0,0.2492585
0.2473412,0.2632307,0.0,0.23913263,0.2502955
0.24137262,0.26846257,0.0,0.23971684,0.25044796
0.24232647,0.27017555,0.0,0.23988402,0.24761397
0.24470952,0.2681693,0.23820792,0.0,0.24891323
0.24361159,0.26952863,0.23665768,0.0,0.25020206
0.24936168,0.2612743,0.23693424,0.0,0.25242975
0.24174799,0.26882133,0.0,0.24082805,0.24860258
0.24313305,0.26896974,0.0,0.23773299,0.2501642
0.24050952,0.26911348,0.0,0.23853146,0.2518455
0.24184093,0.26922432,0.0,0.23810875,0.25082603
0.24849623,0.2612894,0.0,0.23730098,0.25291345
0.24399771,0.26672983,0.0,0.23785679,0.25141567
0.2404755,0.26729196,0.0,0.24049994,0.25173256
0.24421011,0.26620343,0.2378102,0.0,0.25177628
0.24310865,0.26784372,0.23777969,0.0,0.2512679
0.25065005,0.25759557,0.23790853,0.0,0.25384587
0.2423731,0.26651436,0.0,0.2394515,0.25166103
0.24427392,0.26566666,0.23889731,0.0,0.25116208
0.24384029,0.2667487,0.23780756,0.0,0.25160345
0.24361438,0.26750466,0.0,0.23735347,0.25152746
0.2494988,0.2585668,0.0,0.23637293,0.25556144
0.23878282,0.26535347,0.0,0.24365713,0.2522066
0.2429547,0.26582956,0.0,0.23754805,0.2536677
0.24111447,0.26755702,0.0,0.23979904,0.25152948
0.24134433,0.26653612,0.23734531,0.0,0.25477424
0.24850126,0.25903445,0.0,0.23824207,0.2542222
0.2421766,0.2640325,0.0,0.23918672,0.25460413
0.24146502,0.26522428,0.0,0.24075794,0.25255278
0.24388276,0.2643039,0.23930784,0.0,0.2525055
0.24195845,0.26484257,0.0,0.23757698,0.255622
0.24909554,0.2571902,0.0,0.23898005,0.25473422
0.24305932,0.26448858,0.0,0.2397352,0.25271693
0.24539043,0.26367563,0.23961051,0.0,0.25132343
0.24251701,0.26572385,0.0,0.23858418,0.25317496
0.24192058,0.26613572,0.0,0.23941697,0.25252673
0.2486583,0.25658062,0.23681813,0.0,0.25794294
0.24209255,0.2641859,0.0,0.24121289,0.25250864
0.2417972,0.26372197,0.0,0.23868735,0.25579342
0.23852438,0.26496658,0.0,0.24010557,0.25640345
0.2427555,0.2637065,0.23869939,0.0,0.25483862
0.24989122,0.25503302,0.23810315,0.0,0.2569726
0.24172355,0.26323733,0.0,0.23922369,0.25581542
0.2424562,0.264152,0.0,0.23921005,0.2541818
0.24232042,0.2625545,0.23894747,0.0,0.2561776
0.24309067,0.26351365,0.23889387,0.0,0.2545018
0.25196236,0.25736356,0.23841277,0.0,0.2522613
0.24273568,0.26262993,0.0,0.24085926,0.25377515
0.2449033,0.26119855,0.23938327,0.0,0.2545149
0.24277629,0.26339492,0.23878404,0.0,0.2550447
0.24229676,0.26345497,0.0,0.23911786,0.2551304
0.24945574,0.25485933,0.0,0.2396548,0.25603014
0.23998348,0.26193818,0.0,0.2433077,0.25477064
0.24262471,0.2614216,0.0,0.23878123,0.25717247
0.24335226,0.261031,0.2389834,0.0,0.25663334
0.24417827,0.26148337,0.2391257,0.0,0.25521263
0.24960639,0.25308907,0.0,0.23828004,0.25902453
0.24040624,0.26010537,0.0,0.2430263,0.2564621
0.2442181,0.26115757,0.23958415,0.0,0.25504017
0.24409834,0.26074436,0.23942558,0.0,0.25573173
0.24230619,0.26284847,0.0,0.23964195,0.25520337
0.25019157,0.25129294,0.23858291,0.0,0.25993252
0.24184492,0.2605249,0.0,0.24347986,0.25415027
0.24329506,0.26082858,0.23871784,0.0,0.25715852
0.24074814,0.26333228,0.0,0.24037722,0.25554237
0.24272613,0.26181963,0.0,0.23933099,0.2561232
0.25036436,0.25203574,0.23828849,0.0,0.25931138
0.24254543,0.25934777,0.0,0.2410752,0.2570316
0.24174805,0.2613243,0.0,0.24066854,0.2562591
0.24516368,0.2590674,0.24323718,0.0,0.25253174
0.24323946,0.25999635,0.23892292,0.0,0.2578413
0.24972202,0.25094295,0.0,0.23874971,0.26058534
0.24227211,0.25912163,0.0,0.24205096,0.25655532
0.24389152,0.25841522,0.23848715,0.0,0.25920612
0.24289754,0.2599064,0.23879786,0.0,0.2583982
0.24245493,0.26063728,0.23819157,0.0,0.25871617
0.24899876,0.25100875,0.0,0.23813559,0.26185694
0.24146518,0.25860298,0.0,0.24413276,0.25579908
0.24334861,0.2592964,0.23985657,0.0,0.25749844
0.24279091,0.2604607,0.0,0.24015655,0.25659183
0.24137259,0.2611403,0.0,0.2402024,0.25728473
0.24883482,0.25079933,0.0,0.24013768,0.2602282
0.24419692,0.25759247,0.0,0.23928551,0.25892505
0.24171622,0.259209,0.0,0.24166493,0.2574099
0.24126443,0.26024765,0.0,0.24157855,0.25690934
0.24368773,0.2580739,0.24028863,0.0,0.25794977
0.25053734,0.25040263,0.0,0.24013376,0.2589262
0.24352309,0.25673193,0.0,0.24041045,0.25933453
0.24209319,0.25838503,0.0,0.24192676,0.25759503
0.24325097,0.2580289,0.0,0.2388853,0.25983486
0.24268672,0.25879243,0.0,0.23969133,0.25882953
0.250312,0.2484737,0.23831049,0.0,0.26290378
0.24218938,0.2561158,0.0,0.2421497,0.25954515
0.2431062,0.25762048,0.23870233,0.0,0.260571
0.24265996,0.25832957,0.0,0.23909542,0.25991508
0.24223474,0.25807756,0.0,0.24142328,0.2582644
0.25037107,0.24844831,0.0,0.23800871,0.2631719
0.2406063,0.2573876,0.0,0.24441354,0.2575925
0.24310392,0.25705245,0.0,0.23975681,0.26008683
0.24079588,0.25796434,0.0,0.24237734,0.25886247
0.2441133,0.2556108,0.24093524,0.0,0.2593407
0.24991912,0.24822223,0.0,0.24052356,0.26133513
0.2414799,0.2550183,0.0,0.24204203,0.26145977
0.24452674,0.25520718,0.24146931,0.0,0.25879675
0.24344686,0.25652584,0.24044344,0.0,0.25958383
0.24348107,0.25673607,0.2402586,0.0,0.2595242
0.24675594,0.24761526,0.0,0.24114178,0.26448697
0.24125326,0.25516787,0.0,0.24320464,0.26037425
0.24400902,0.2547679,0.24043053,0.0,0.26079255
0.24273542,0.2564695,0.0,0.24002588,0.26076925
0.24276708,0.2575347,0.24030744,0.0,0.25939074
0.25017607,0.24668595,0.23828235,0.0,0.26485565
0.24081258,0.2536861,0.0,0.24377498,0.2617263
0.241888,0.25492987,0.0,0.24029821,0.26288396
0.242306,0.25582087,0.0,0.24169566,0.26017746
0.24324623,0.2545516,0.24014851,0.0,0.26205367
0.25074452,0.24632972,0.0,0.24031399,0.26261175
0.2438365,0.25352842,0.0,0.24111192,0.26152316
0.24439651,0.25494382,0.24114533,0.0,0.25951433
0.2436758,0.25451204,0.24062797,0.0,0.26118416
0.24368553,0.2543751,0.24028724,0.0,0.26165217
0.25107086,0.24375324,0.2398493,0.0,0.2653266
0.24287665,0.25337377,0.0,0.24304424,0.2607053
0.24307378,0.25356033,0.23987277,0.0,0.26349312
0.24462473,0.2534562,0.2417393,0.0,0.2601797
0.24322507,0.25580373,0.24183284,0.0,0.25913838
0.25147793,0.24375425,0.2384427,0.0,0.26632506
0.24318784,0.25332773,0.0,0.24303444,0.26045
0.24323831,0.25333077,0.0,0.2410277,0.26240316
0.24228074,0.25565454,0.2407228,0.0,0.26134193
0.24236374,0.25545466,0.0,0.24055634,0.26162526
0.25148967,0.2437787,0.23960274,0.0,0.26512888
0.24119934,0.25319985,0.0,0.2456789,0.25992194
0.2434185,0.25392604,0.24191985,0.0,0.2607356
0.24411759,0.25513166,0.0,0.24086712,0.25988364
0.24407104,0.25230026,0.24188587,0.0,0.26174283
0.2514686,0.24336259,0.0,0.24006523,0.26510355
0.24236517,0.2526355,0.0,0.24464746,0.26035187
0.24164528,0.25350296,0.0,0.24238552,0.26246622
0.24450502,0.25216562,0.24310441,0.0,0.26022497
0.24307583,0.25330773,0.24106416,0.0,0.26255226
0.2525091,0.24102466,0.24014883,0.0,0.26631746
0.24383403,0.2512724,0.0,0.24235961,0.262534
0.24316825,0.25158405,0.24127124,0.0,0.26397648
0.24270408,0.25333345,0.0,0.24064936,0.2633131
0.24260472,0.25450718,0.24102515,0.0,0.26186293
0.2528766,0.2411969,0.23992294,0.0,0.2660036
0.24148962,0.25121787,0.0,0.24412008,0.26317242
0.24380079,0.25240162,0.24135669,0.0,0.2624409
0.24347368,0.25257272,0.24182534,0.0,0.2621283
0.24301627,0.2512583,0.24153638,0.0,0.26418903
0.25232157,0.24117723,0.23969615,0.0,0.2668051
0.24471293,0.2493006,0.0,0.24127074,0.26471573
0.24271388,0.2523377,0.0,0.24249317,0.26245522
0.2440189,0.25032398,0.24306525,0.0,0.26259187
0.24376802,0.25180224,0.2426838,0.0,0.26174593
0.25121376,0.2411668,0.0,0.24094765,0.2666718
0.24412912,0.24921778,0.0,0.2420295,0.2646236
0.24556328,0.24939992,0.24243866,0.0,0.26259813
0.2439863,0.25120807,0.24222536,0.0,0.2625803
0.24290289,0.25225118,0.24185662,0.0,0.26298934
0.25227672,0.24094969,0.0,0.24030831,0.26646528
0.24104127,0.25026533,0.0,0.24474096,0.26395237
0.24519819,0.24962401,0.24226417,0.0,0.26291358
0.24273467,0.2519088,0.0,0.24137153,0.26398495
0.24351946,0.25219515,0.0,0.24188593,0.26239944
0.25212938,0.23954387,0.2394621,0.0,0.2688646
0.24109304,0.2499102,0.0,0.24608009,0.26291665
0.24248143,0.2505701,0.0,0.24325609,0.26369244
0.24252509,0.2521443,0.0,0.24241276,0.26291785
0.24257353,0.25093254,0.24054556,0.0,0.26594836
0.25139204,0.2389462,0.0,0.23915671,0.27050507
0.24408454,0.24834694,0.0,0.24153431,0.26603425
0.24373248,0.2503012,0.0,0.24269028,0.26327598
0.24320544,0.24991721,0.24221417,0.0,0.2646632
0.24444452,0.24984626,0.2426361,0.0,0.2630731
0.2529291,0.2394669,0.24002218,0.0,0.26758182
0.24197923,0.24882267,0.0,0.24436845,0.26482967
0.24440917,0.24814922,0.24259216,0.0,0.26484942
0.24357079,0.24912997,0.24245943,0.0,0.2648398
0.24260503,0.25168395,0.24192886,0.0,0.26378217
0.25186592,0.23820858,0.23822841,0.0,0.2716971
0.24177355,0.24832785,0.0,0.24504137,0.2648572
0.24276963,0.24936022,0.24169149,0.0,0.26617864
0.24166423,0.25093776,0.0,0.24268053,0.26471752
0.24189559,0.25081447,0.0,0.2425453,0.26474467
0.25402158,0.0,0.23989476,0.2363893,0.26969436
0.24112172,0.24697423,0.0,0.24314748,0.2687565
0.24408346,0.2493093,0.0,0.24270782,0.26389945
0.24443686,0.24731776,0.24302022,0.0,0.26522514
0.24227913,0.24939267,0.24141783,0.0,0.26691037
0.25162488,0.0,0.23870382,0.23897053,0.27070072
0.24244903,0.246612,0.0,0.24380945,0.26712954
0.24356507,0.24743626,0.2423098,0.0,0.26668888
0.24304782,0.24891752,0.24249245,0.0,0.26554224
0.24295342,0.24961665,0.24223849,0.0,0.26519144
0.25270647,0.0,0.23928218,0.23872814,0.2692832
0.24268366,0.2471055,0.0,0.24500573,0.26520517
0.24320605,0.2480954,0.24203753,0.0,0.26666102
0.24187835,0.24955237,0.0,0.2434021,0.2651672
0.24416447,0.24683467,0.24411653,0.0,0.2648843
0.25149065,0.0,0.23784727,0.24095576,0.2697063
0.24154806,0.2466348,0.0,0.24698256,0.26483458
0.24332444,0.24802469,0.0,0.24351478,0.26513603
0.2428513,0.2490896,0.0,0.24308664,0.26497248
0.24325873,0.24823508,0.24273548,0.0,0.26577073
0.25373948,0.0,0.23920359,0.2362712,0.27078575
0.24141309,0.24651776,0.0,0.24456602,0.2675031
0.24397501,0.24809194,0.0,0.244482,0.26345104
0.24368198,0.24721156,0.2435833,0.0,0.26552314
0.24294603,0.24830988,0.2430059,0.0,0.26573813
0.25318664,0.0,0.23935688,0.23657778,0.27087864
0.24230623,0.24543902,0.0,0.24567395,0.2665808
0.24311467,0.24720007,0.24344568,0.0,0.26623955
0.24185698,0.2484747,0.0,0.24298133,0.26668698
0.24379803,0.24580227,0.24433188,0.0,0.2660678
0.25192076,0.0,0.23825641,0.23970048,0.27012238
0.23938581,0.24575584,0.0,0.24785273,0.26700565
0.24402307,0.24590608,0.24314742,0.0,0.26692346
0.24299826,0.2455994,0.2435335,0.0,0.26786885
0.24257518,0.2466031,0.24377209,0.0,0.26704964
0.25224337,0.0,0.23852815,0.24019974,0.26902872
0.2433739,0.24460453,0.0,0.24415381,0.26786774
0.0,0.24805027,0.24235049,0.24470931,0.2648899
0.24235535,0.24619667,0.24291666,0.0,0.2685313
0.0,0.24758863,0.24280989,0.24229695,0.2673045
0.25245738,0.0,0.23908634,0.23592697,0.27252927
0.24227317,0.24489461,0.0,0.24387532,0.2689569
0.2420042,0.2454378,0.24236445,0.0,0.27019355
0.24253392,0.24668115,0.24262866,0.0,0.26815623
0.0,0.24806137,0.2420828,0.24264458,0.2672112
0.25375932,0.0,0.23939365,0.23638883,0.2704582
0.24138203,0.24510556,0.0,0.24683745,0.26667494
0.24287128,0.24681866,0.24364597,0.0,0.26666406
0.0,0.24848908,0.24404922,0.24315329,0.2643084
0.24249265,0.2457312,0.24393252,0.0,0.2678437
0.25242662,0.0,0.23916939,0.23757014,0.2708338
0.24007887,0.24493393,0.0,0.24668173,0.26830545
0.0,0.24640384,0.24277909,0.243273,0.2675441
0.24298073,0.24474733,0.24351208,0.0,0.26875985
0.24216138,0.2472433,0.24314949,0.0,0.2674459
0.25238124,0.0,0.23861536,0.23778321,0.27122024
0.24300896,0.24419938,0.0,0.24431354,0.26847818
0.24282342,0.24540904,0.24390471,0.0,0.26786283
0.0,0.2469472,0.2432708,0.24136356,0.2684185
0.0,0.24719308,0.24395327,0.24174729,0.2671063
0.2519379,0.0,0.23770252,0.23907,0.27128962
0.24359436,0.24415372,0.0,0.24543318,0.26681876
0.2419343,0.24504751,0.24285537,0.0,0.2701628
0.0,0.24641253,0.24373712,0.2428285,0.26702186
0.24277252,0.24534497,0.2444427,0.0,0.2674398
0.25313735,0.0,0.23929355,0.23428085,0.27328825
0.0,0.24496588,0.24091394,0.24685773,0.26726246
0.0,0.24507114,0.24287388,0.24368985,0.26836514
0.24216035,0.24490228,0.24391285,0.0,0.26902452
0.24238807,0.2452947,0.24412969,0.0,0.26818755
0.25222418,0.0,0.23747882,0.23460245,0.27569452
0.24356285,0.0,0.2440576,0.24352036,0.2688592
0.24286251,0.2440425,0.2448397,0.0,0.26825532
0.24194358,0.24348941,0.24344675,0.0,0.27112022
0.2419393,0.24569541,0.24354014,0.0,0.2688251
0.25214353,0.0,0.23817621,0.23662522,0.27305505
0.0,0.24315381,0.24078691,0.24582289,0.2702364
0.0,0.24441774,0.24263775,0.24247245,0.27047205
0.0,0.24610567,0.24356173,0.24196921,0.26836342
0.0,0.24661742,0.24520299,0.24234195,0.26583764
0.25213262,0.0,0.2380186,0.23663767,0.27321112
0.0,0.24393329,0.24140191,0.2477341,0.2669307
0.0,0.24450494,0.24234053,0.24290101,0.27025357
0.0,0.2452957,0.24405646,0.24449992,0.26614794
0.24325348,0.24392404,0.24570781,0.0,0.26711467
0.2532978,0.0,0.23885018,0.23353446,0.27431753
0.24346158,0.0,0.2440633,0.24227864,0.27019644
0.24160454,0.24297571,0.24455768,0.0,0.27086207
0.0,0.24473025,0.24419759,0.24153513,0.26953703
0.0,0.24454127,0.24314032,0.24278995,0.26952848
0.25301212,0.0,0.23910667,0.23394524,0.27393594
0.24301569,0.0,0.24330534,0.24411327,0.26956573
0.24400066,0.24164394,0.24551761,0.0,0.2688378
0.0,0.24387392,0.24340545,0.2440103,0.2687103
0.24091738,0.24298695,0.24477015,0.0,0.2713255
0.25430492,0.0,0.23963457,0.23207237,0.27398816
0.0,0.24257892,0.24069086,0.24797532,0.26875487
0.0,0.24312341,0.24446476,0.244402,0.26800987
0.0,0.24441352,0.24506345,0.243921,0.266602
0.2408821,0.24373884,0.24495071,0.0,0.27042836
0.25406206,0.0,0.23940435,0.23094994,0.27558365
0.2415544,0.0,0.24347322,0.24291527,0.27205712
0.0,0.24351436,0.24212155,0.24518202,0.26918203
0.0,0.24278767,0.24568093,0.24149096,0.27004045
0.0,0.24325445,0.24438599,0.24228872,0.2700708
0.25204134,0.0,0.23698922,0.23548783,0.27548158
0.0,0.24029067,0.2413977,0.24654697,0.27176464
0.0,0.24204494,0.24516824,0.24308681,0.2697
0.0,0.24268767,0.24507767,0.24327356,0.26896113
0.0,0.24307658,0.24383855,0.24447502,0.26860985
0.25387704,0.0,0.23893495,0.23132995,0.275858
0.24099755,0.0,0.24430898,0.24372187,0.27097163
0.0,0.2423358,0.2428455,0.24523439,0.2695843
0.0,0.24234042,0.24475063,0.24173951,0.27116942
0.0,0.24220179,0.24525821,0.24257798,0.26996195
0.25320587,0.0,0.2383221,0.23234122,0.2761308
0.2404356,0.0,0.24337706,0.24573855,0.2704488
0.24141648,0.2408242,0.24736004,0.0,0.27039924
0.0,0.2413262,0.24530855,0.24398291,0.26938233
0.24070626,0.24158639,0.24631682,0.0,0.2713906
0.25190714,0.0,0.23635021,0.23598114,0.27576151
0.23999631,0.0,0.24265231,0.24790873,0.26944265
0.0,0.24132791,0.24556597,0.24516577,0.26794037
0.24135186,0.0,0.24747427,0.24081683,0.270357
0.0,0.24084505,0.24561389,0.24246526,0.2710758
0.25402626,0.0,0.23797025,0.23155713,0.27644637
0.24098988,0.0,0.2457065,0.24443962,0.26886398
0.24061716,0.0,0.24725586,0.24274081,0.26938614
0.0,0.240886,0.24452731,0.24510096,0.26948574
0.0,0.24197665,0.24350162,0.24570788,0.26881385
0.25316635,0.0,0.23905466,0.23214471,0.27563426
0.23939961,0.0,0.24350739,0.24629821,0.2707948
0.0,0.24000208,0.24414545,0.24465448,0.27119794
0.0,0.24177276,0.24439265,0.24499112,0.26884344
0.24006636,0.0,0.24702202,0.24077582,0.27213576
0.25351563,0.0,0.23777786,0.23350416,0.27520227
0.0,0.23954892,0.24317971,0.24898328,0.26828814
0.0,0.24021961,0.24549994,0.24611583,0.26816463
0.0,0.23994939,0.24659652,0.24293543,0.27051866
0.0,0.2410505,0.2471519,0.2425221,0.2692755
0.25320935,0.0,0.23837696,0.23463362,0.27378002
0.33491266,0.24425696,0.29658708,0.124243334,0.0
0.2414836,0.24781165,0.24077578,0.0,0.26992902
0.23984393,0.24772835,0.24543102,0.0,0.26699668
0.0,0.24578978,0.24506313,0.23948954,0.2696575
0.2513722,0.0,0.238644,0.23327264,0.2767112
0.0,0.24138762,0.24570027,0.24305719,0.26985493
0.0,0.24251305,0.24391893,0.24260826,0.2709597
0.0,0.24248546,0.2447086,0.24465543,0.26815048
0.0,0.24113287,0.24703403,0.2415529,0.27028018
0.25217223,0.0,0.23765765,0.23308377,0.2770864
0.0,0.23889306,0.24162613,0.24849048,0.2709903
0.0,0.24101928,0.24646486,0.24427262,0.26824325
0.0,0.24216071,0.2439364,0.24698542,0.2669175
0.0,0.24162509,0.24674597,0.24289529,0.26873368
0.2529114,0.0,0.24073552,0.22932526,0.27702785
0.0,0.23749198,0.2427783,0.24902402,0.27070567
0.0,0.23856147,0.24626127,0.24604887,0.26912835
0.0,0.240274,0.24678515,0.24565873,0.26728213
0.0,0.24015893,0.24532197,0.246971,0.26754808
0.2507606,0.0,0.23736289,0.23461697,0.27725956
0.0,0.23672926,0.24528247,0.24847867,0.26950964
0.0,0.23917857,0.24469489,0.24956849,0.26655802
0.0,0.23927796,0.24616909,0.24472442,0.26982853
0.0,0.24024925,0.24499914,0.24592167,0.2688299
0.25040227,0.0,0.23645243,0.233718,0.27942735
0.0,0.23670682,0.24289098,0.25233683,0.26806536
0.0,0.2384373,0.24693628,0.24604183,0.26858455
0.0,0.23928191,0.24782135,0.24798463,0.26491213
0.0,0.24047507,0.24557589,0.24978822,0.26416084
0.25185832,0.0,0.23751731,0.2319542,0.27867016
0.0,0.23657179,0.24632446,0.2495945,0.26750925
0.0,0.23843014,0.24643658,0.2497981,0.26533517
0.0,0.23869017,0.24666062,0.2457708,0.26887843
0.0,0.23907053,0.2480045,0.24630094,0.266624
0.2510033,0.0,0.23576786,0.23549156,0.27773726
0.0,0.23624039,0.24465525,0.25311765,0.26598665
0.0,0.23755895,0.24618603,0.24795097,0.26830402
0.0,0.23880664,0.24580878,0.24825947,0.26712513
0.0,0.23937608,0.24839862,0.24870877,0.2635165
0.24964947,0.0,0.23515518,0.23444906,0.2807463
0.0,0.23475778,0.24573112,0.24919173,0.27031934
0.0,0.23798814,0.2477177,0.25002238,0.26427183
0.0,0.23936777,0.24626438,0.25070867,0.26365918
0.0,0.23969164,0.2465895,0.25073016,0.26298872
0.25069323,0.0,0.2361033,0.23501663,0.2781868
0.0,0.23607531,0.24881637,0.25084078,0.26426753
0.0,0.23745789,0.24764338,0.25110486,0.2637939
0.0,0.23658593,0.24861856,0.2488748,0.26592073
0.0,0.23814194,0.24834868,0.24741426,0.26609513
0.25007316,0.0,0.23546578,0.23534511,0.27911597
0.0,0.2351562,0.24412942,0.255369,0.26534542
0.0,0.2363229,0.24818343,0.2496367,0.265857
0.0,0.23810893,0.24847752,0.24987979,0.26353374
0.0,0.23841982,0.25090146,0.24847114,0.2622076
0.25321606,0.0,0.23851876,0.22947526,0.27878994
0.0,0.23412009,0.24766463,0.25035843,0.26785684
0.0,0.23608856,0.24760981,0.2500413,0.26626033
0.0,0.23733754,0.24974501,0.25099668,0.26192075
0.0,0.23794882,0.24874608,0.25097695,0.26232812
0.25082386,0.0,0.23648407,0.23372576,0.27896634
0.0,0.23358698,0.24839169,0.25186887,0.2661525
0.0,0.23573585,0.24835591,0.2522026,0.26370564
0.0,0.23739687,0.24793623,0.25169128,0.2629756
0.0,0.23606734,0.2518115,0.24670757,0.26541358
0.25204772,0.0,0.23702669,0.23031293,0.2806127
0.0,0.23408024,0.24699888,0.25371686,0.26520398
0.0,0.23643665,0.24773608,0.25320974,0.26261753
0.0,0.23516744,0.25166312,0.24837482,0.2647946
0.0,0.23658223,0.25262228,0.24781834,0.26297715
0.25109348,0.0,0.23580697,0.23355247,0.2795471
0.0,0.23339953,0.24893345,0.25379556,0.26387146
0.0,0.23467669,0.25106084,0.2500177,0.26424474
0.0,0.23560978,0.2515287,0.24905983,0.2638017
0.0,0.23554029,0.25318995,0.24945869,0.26181105
0.25287807,0.0,0.23691523,0.22892146,0.28128526
0.0,0.23217502,0.251341,0.25142208,0.26506191
0.0,0.23392993,0.25051877,0.25029394,0.26525733
0.0,0.23543043,0.25342068,0.2496536,0.2614953
0.0,0.23505048,0.2522519,0.25009426,0.26260337
0.2520967,0.0,0.23737048,0.23161957,0.2789133
0.0,0.2315996,0.25097227,0.25252134,0.2649068
0.0,0.23506601,0.2515464,0.25103432,0.26235324
0.0,0.23494068,0.25283778,0.25110775,0.26111376
0.0,0.23546074,0.25237784,0.25156537,0.26059604
0.25213325,0.0,0.23668389,0.2306037,0.28057915
0.0,0.2325689,0.24812707,0.2536031,0.26570094
0.0,0.23369725,0.25121334,0.2531186,0.2619708
0.0,0.23605941,0.25185972,0.25163823,0.26044258
0.0,0.23550558,0.25149408,0.25261885,0.2603815
0.25281668,0.0,0.23758855,0.22981046,0.27978426
0.0,0.23164558,0.2511947,0.25503492,0.26212478
0.0,0.2343127,0.25245756,0.25356668,0.25966305
0.0,0.23395164,0.2551587,0.24722634,0.26366332
0.0,0.23457935,0.25415567,0.24784216,0.26342282
0.25264758,0.0,0.23670287,0.22831693,0.28233257
0.0,0.23110357,0.24921486,0.2565241,0.26315755
0.0,0.23276293,0.25599566,0.2496429,0.26159853
0.0,0.23447707,0.2558074,0.2487974,0.2609181
0.0,0.23329492,0.25785413,0.24760593,0.261245
0.25275835,0.0,0.23577888,0.23036854,0.28109422
0.0,0.2308978,0.24944305,0.2571556,0.26250356
0.0,0.2321057,0.2548755,0.24987651,0.2631423
0.0,0.23336425,0.25476834,0.25079596,0.26107147
0.0,0.23371863,0.25720423,0.24944156,0.2596356
0.2516123,0.0,0.23637249,0.23224705,0.27976814
0.0,0.22881891,0.25304735,0.25351268,0.26462108
0.0,0.2311342,0.2547966,0.25178927,0.26227993
0.0,0.2323002,0.25705734,0.24964805,0.2609944
0.0,0.23319869,0.25525868,0.2502311,0.26131156
0.25293645,0.0,0.23714839,0.2284212,0.28149393
0.0,0.22952826,0.2551911,0.2529989,0.2622818
0.0,0.23127101,0.25663084,0.25164792,0.2604502
0.0,0.23269516,0.25410298,0.2516584,0.26154345
0.0,0.23247056,0.25738308,0.25020567,0.25994068
0.2515978,0.0,0.23630881,0.23062615,0.28146726
0.0,0.22860473,0.2549512,0.2540754,0.26236862
0.0,0.23141183,0.25569433,0.2529469,0.25994697
0.0,0.23233445,0.25749302,0.25121656,0.25895602
0.0,0.23246512,0.25666752,0.25222027,0.2586471
0.25257266,0.0,0.2362386,0.22901455,0.2821742
0.0,0.228372,0.25437492,0.25633064,0.26092243
0.0,0.23014712,0.25651658,0.25344294,0.25989336
0.0,0.23305103,0.25411922,0.2535675,0.25926232
0.0,0.23271903,0.25842094,0.25219074,0.25666925
0.25130463,0.0,0.23520748,0.22995551,0.28353238
0.0,0.22803357,0.25592127,0.25607398,0.2599712
0.0,0.23025627,0.25621846,0.25490648,0.25861877
0.0,0.23025484,0.26299807,0.24761541,0.25913167
0.0,0.23027937,0.26384202,0.2471167,0.25876194
0.25321344,0.0,0.23729011,0.22853877,0.2809577
0.0,0.22762738,0.25606877,0.25756618,0.25873765
0.0,0.22880554,0.2611018,0.24995013,0.2601425
0.0,0.2298093,0.26336986,0.24850981,0.258311
0.0,0.23046063,0.26241317,0.24863653,0.2584897
0.25154912,0.0,0.23622085,0.23110145,0.28112853
0.0,0.22648872,0.26013517,0.25239757,0.2609786
0.0,0.22870673,0.26054007,0.2511943,0.25955892
0.0,0.22995901,0.26205876,0.24939452,0.2585877
0.0,0.22989525,0.26259103,0.24945492,0.25805882
0.2529939,0.0,0.23640941,0.226972,0.2836247
0.0,0.22608815,0.25900897,0.25318596,0.2617169
0.0,0.22872603,0.263845,0.25052583,0.25690314
0.0,0.22886823,0.26583767,0.2502945,0.25499958
0.0,0.22961959,0.2665725,0.24859507,0.2552128
0.25258592,0.0,0.23631409,0.22748925,0.28361076
0.0,0.22564411,0.26051402,0.25435728,0.25948465
0.0,0.22807279,0.26402777,0.25097376,0.25692567
0.0,0.22852252,0.26657644,0.25004217,0.25485882
0.0,0.22954777,0.26750696,0.24910879,0.25383648
0.25362107,0.0,0.2370879,0.22905801,0.280233
0.0,0.22578359,0.26296186,0.25393996,0.25731462
0.0,0.22832945,0.26430652,0.2515789,0.2557852
0.0,0.22916672,0.26563266,0.25043,0.25477064
0.0,0.2294851,0.26724562,0.24960412,0.25366518
0.25257862,0.0,0.2359692,0.22849011,0.28296202
0.0,0.2252471,0.2636349,0.25476396,0.256354
0.0,0.22735126,0.2663672,0.25222895,0.25405258
0.0,0.2285735,0.26805574,0.24941511,0.25395563
0.0,0.22865665,0.26924857,0.24928974,0.25280502
0.2530544,0.0,0.23697186,0.22657709,0.28339666
0.0,0.22526371,0.26473185,0.25411993,0.2558845
0.0,0.22674023,0.26832563,0.25126848,0.25366566
0.0,0.22802855,0.27088726,0.2498556,0.2512286
0.0,0.22785972,0.27209905,0.24824056,0.25180066
0.25249937,0.0,0.23539357,0.23016533,0.28194174
0.0,0.22429763,0.2679961,0.25408235,0.25362393
0.0,0.22650206,0.27085432,0.25102273,0.25162092
0.0,0.22741409,0.27241704,0.24985094,0.2503179
0.0,0.22823925,0.273221,0.24814759,0.25039217
0.25419396,0.0,0.2355072,0.22797514,0.28232366
0.0,0.22352606,0.26767677,0.25479487,0.2540023
0.0,0.22640419,0.27184469,0.2510279,0.25072318
0.0,0.22747189,0.27445123,0.24898936,0.24908756
0.0,0.22715122,0.2748825,0.24879465,0.24917166
0.25429222,0.0,0.23742166,0.22487298,0.2834131
0.0,0.22313532,0.2703407,0.2539086,0.25261536
0.0,0.22553284,0.2727876,0.25031856,0.251361
0.0,0.22686289,0.27729827,0.24882036,0.24701852
0.0,0.22759995,0.2788614,0.24625143,0.2472872
0.25242227,0.0,0.23630437,0.22783542,0.2834379
0.0,0.22254013,0.27171686,0.25385806,0.25188494
0.0,0.22473748,0.2741716,0.25069487,0.25039607
0.0,0.22591966,0.27868843,0.24756238,0.24782953
0.0,0.22633131,0.28195214,0.24582858,0.24588796
0.25365603,0.0,0.23633458,0.22548796,0.28452143
0.0,0.22273675,0.2748741,0.25269735,0.24969184
0.0,0.22495227,0.278772,0.24843526,0.24784045
0.0,0.22579335,0.281189,0.24625331,0.24676433
0.0,0.22603908,0.282105,0.24482106,0.2470349
0.2548675,0.0,0.23841241,0.22662231,0.28009778
0.0,0.22227749,0.27670217,0.25200483,0.24901557
0.0,0.22447631,0.28101763,0.24667245,0.24783365
0.0,0.22592704,0.284495,0.2440125,0.2455655
0.0,0.22600658,0.28280956,0.24346668,0.24771716
0.25479534,0.0,0.23795396,0.22435506,0.28289568
0.0,0.22177176,0.2763961,0.25135827,0.2504739
0.0,0.22434671,0.28339684,0.24586229,0.24639413
0.0,0.22501801,0.2856407,0.24341957,0.24592172
0.0,0.22642808,0.2890489,0.24039344,0.24412955
0.25485831,0.0,0.23873731,0.22414428,0.28226015
0.0,0.22120556,0.2813303,0.24908893,0.24837524
0.0,0.22336504,0.2863927,0.24426155,0.24598074
0.0,0.22431533,0.2885952,0.24196617,0.24512334
0.0,0.22498246,0.28977495,0.24102013,0.24422249
0.25385362,0.0,0.23726894,0.22789805,0.2809794
0.0,0.22066548,0.2842698,0.24820535,0.24685933
0.0,0.22295922,0.28977156,0.24310082,0.24416843
0.0,0.22471385,0.28910467,0.24179997,0.24438147
0.0,0.22480269,0.29440463,0.23816574,0.24262688
0.2542088,0.0,0.23813727,0.22589234,0.28176153
0.0,0.22033392,0.28592947,0.24670652,0.2470301
0.0,0.22312436,0.29173732,0.24128956,0.24384873
0.0,0.22309667,0.29436934,0.24005243,0.24248151
0.0,0.2245648,0.2976063,0.2372704,0.24055852
0.2552668,0.0,0.23769332,0.22612627,0.28091362
0.0,0.21912377,0.289051,0.24580997,0.24601528
0.0,0.22204697,0.29278827,0.24124144,0.24392334
0.0,0.22336723,0.29384732,0.24002989,0.24275553
0.0,0.22526254,0.29808345,0.23567472,0.24097925
0.25521737,0.0,0.2381082,0.22666351,0.2800109
0.0,0.2186839,0.28990093,0.24591015,0.24550508
0.0,0.22177054,0.29673994,0.23960088,0.24188858
0.0,0.22261395,0.29851407,0.23800725,0.24086475
0.0,0.22486685,0.3000659,0.23477837,0.24028885
0.25482813,0.0,0.2381783,0.22452547,0.28246814
0.0,0.21775053,0.2906013,0.24493918,0.24670899
0.0,0.22174829,0.2968379,0.23957697,0.24183689
0.0,0.22210272,0.3015496,0.23604174,0.2403059
0.0,0.22270787,0.3040028,0.23475274,0.23853661
0.25778422,0.0,0.23970902,0.22033885,0.28216794
0.0,0.21760193,0.29392502,0.24332865,0.24514438
0.0,0.22163491,0.29832277,0.2384425,0.24159984
0.0,0.22284013,0.30368918,0.23421517,0.23925552
0.0,0.22180691,0.30544922,0.233982,0.23876192
0.25536975,0.0,0.23949309,0.22355546,0.28158173
0.0,0.2181889,0.29564163,0.24241868,0.24375081
0.0,0.22102642,0.30307424,0.23576583,0.24013348
0.0,0.2248718,0.30662143,0.23106319,0.2374436
0.0,0.2219714,0.3082475,0.232653,0.23712812
0.2554332,0.0,0.23935613,0.22435468,0.28085604
0.0,0.21755101,0.30082282,0.24019393,0.2414323
0.0,0.22151531,0.30693984,0.23377812,0.23776674
0.0,0.22243354,0.31071636,0.23157239,0.2352777
0.0,0.22169143,0.31146652,0.23105799,0.23578404
0.25409228,0.0,0.23878682,0.22717014,0.2799508
0.0,0.21749847,0.30513385,0.23816761,0.23920001
0.0,0.22031336,0.30724412,0.23375481,0.23868775
0.0,0.22140276,0.31195822,0.23110466,0.23553436
0.0,0.22175711,0.31216744,0.22974487,0.23633057
0.2566907,0.0,0.24161375,0.22251974,0.2791758
0.0,0.21675482,0.30723327,0.23674554,0.23926634
0.0,0.21953617,0.31130373,0.23214468,0.23701541
0.0,0.22180924,0.31380516,0.22961815,0.23476745
0.0,0.2209636,0.3168825,0.22771963,0.23443428
0.25741765,0.0,0.24217696,0.22253272,0.27787262
0.0,0.21748881,0.30836084,0.23621431,0.23793602
0.0,0.21928959,0.3137731,0.23171318,0.2352242
0.0,0.21991585,0.3165486,0.22893515,0.23460041
0.0,0.2204277,0.32080027,0.22642465,0.23234738
0.25558212,0.0,0.24158964,0.22464186,0.2781864
0.0,0.21822415,0.31181842,0.2333211,0.23663637
0.0,0.21722455,0.315767,0.23163329,0.23537512
0.0,0.21907927,0.31946695,0.2277458,0.23370798
0.0,0.21991712,0.32036713,0.22744904,0.23226674
0.25458062,0.0,0.24107274,0.2277401,0.2766066
0.0,0.2151594,0.31400102,0.23488699,0.23595263
0.0,0.2186903,0.31774798,0.229353,0.23420872
0.0,0.21921769,0.3215339,0.22617976,0.2330687
0.0,0.22009651,0.32258403,0.22577554,0.23154391
0.2589258,0.0,0.24271457,0.22188373,0.27647594
0.0,0.21410184,0.31780973,0.23310485,0.23498353
0.0,0.21582384,0.32149217,0.2295114,0.23317263
0.0,0.21906525,0.32501137,0.22540572,0.23051769
0.0,0.22027832,0.32860896,0.22321273,0.22789998
0.25569892,0.0,0.24105477,0.22475825,0.27848804
0.0,0.21384226,0.31743735,0.23315768,0.23556271
0.0,0.21612011,0.32631814,0.22717002,0.23039176
0.0,0.21764094,0.32835168,0.22512141,0.2288859
0.0,0.22163293,0.3259462,0.22270906,0.22971183
0.25992724,0.0,0.24284144,0.22137691,0.27585438
0.0,0.21252216,0.31808648,0.23348814,0.2359032
0.0,0.21664691,0.326844,0.22652863,0.22998044
0.0,0.21662198,0.33124617,0.22396229,0.22816956
0.0,0.21878618,0.33444056,0.22071072,0.2260626
0.2574544,0.0,0.24256603,0.22427718,0.27570242
0.0,0.21272603,0.32616466,0.22950992,0.23159945
0.0,0.21743196,0.33088213,0.2242914,0.22739454
0.0,0.2162314,0.33601385,0.22217302,0.2255817
0.0,0.216463,0.3374205,0.22091128,0.22520526
0.2570436,0.0,0.24222286,0.2263115,0.27442205
0.0,0.21283284,0.3311822,0.22789231,0.22809267
0.0,0.21513297,0.3357326,0.22311722,0.22601725
0.0,0.21549596,0.33816698,0.22065198,0.22568503
0.0,0.21636963,0.33990875,0.21991634,0.22380522
0.2577272,0.0,0.24332367,0.22591302,0.2730361
0.0,0.21289393,0.33271223,0.22653228,0.22786151
0.0,0.21433747,0.3380664,0.22252473,0.22507134
0.0,0.2152871,0.33965403,0.22069491,0.22436397
0.0,0.21774462,0.3450466,0.21702966,0.22017913
0.25583026,0.0,0.24295954,0.22891422,0.272296
0.0,0.21186054,0.3347654,0.22585452,0.22751959
0.0,0.2142604,0.3446097,0.21933246,0.22179739
0.0,0.21601899,0.34891385,0.21655478,0.21851231
0.0,0.21839215,0.35338697,0.21321931,0.21500161
0.25835708,0.0,0.24347417,0.22533296,0.2728358
0.0,0.21114472,0.34096298,0.22427574,0.22361659
0.0,0.2148681,0.35028794,0.21689886,0.21794511
0.0,0.21493885,0.35175428,0.2157978,0.21750912
0.0,0.21655233,0.35467103,0.21293667,0.21583998
0.25753686,0.0,0.24659924,0.22710083,0.26876304
0.0,0.21209554,0.3479143,0.22002986,0.21996029
0.0,0.21304432,0.35119027,0.21767402,0.21809135
0.0,0.2140127,0.35611174,0.21381408,0.21606141
0.0,0.21699774,0.35504854,0.21348765,0.21446607
0.25787178,0.0,0.24617754,0.22345006,0.27250063
0.2479931,0.27862325,0.2290574,0.24432626,0.0
0.24379659,0.28329116,0.227326,0.24558625,0.0
0.24526438,0.28370345,0.22830339,0.2427288,0.0
0.2430086,0.28468558,0.22656831,0.24573752,0.0
0.2451244,0.28366116,0.2284942,0.24272023,0.0
0.24924879,0.27824178,0.22969192,0.24281752,0.0
0.24439493,0.2834702,0.22756536,0.24456948,0.0
0.24542473,0.28287342,0.22968556,0.2420163,0.0
0.24622796,0.28213322,0.22852115,0.24311766,0.0
0.24556851,0.28284565,0.22916082,0.24242501,0.0
0.24686098,0.27923253,0.22792774,0.24597868,0.0
0.24756816,0.28040856,0.23075567,0.24126764,0.0
0.24710739,0.28116885,0.22979443,0.24192932,0.0
0.24672231,0.28112197,0.2297325,0.24242319,0.0
0.24782377,0.28052807,0.23073462,0.2409135,0.0
0.24919787,0.2771647,0.22950993,0.24412745,0.0
0.24617259,0.28095552,0.22941284,0.24345902,0.0
0.24729876,0.28062698,0.23061237,0.24146189,0.0
0.24855106,0.28003174,0.23240703,0.2390102,0.0
0.24733034,0.28071013,0.23055376,0.24140576,0.0
0.25130853,0.27511466,0.23155513,0.2420217,0.0
0.24623454,0.28079557,0.22890398,0.24406587,0.0
0.2483724,0.27932382,0.23168941,0.24061434,0.0
0.24802373,0.27960578,0.23116475,0.24120574,0.0
0.24739484,0.27981016,0.2300398,0.24275513,0.0
0.2508438,0.27492714,0.23162465,0.24260443,0.0
0.2492403,0.2768948,0.23219623,0.2416687,0.0
0.24735655,0.27948895,0.2307628,0.2423917,0.0
0.24568287,0.28076348,0.22910409,0.24444953,0.0
0.24768466,0.27975458,0.23063144,0.24192931,0.0
0.25184378,0.2733692,0.23286793,0.2419191,0.0
0.24646857,0.27949312,0.22776996,0.24626833,0.0
0.24811311,0.2779376,0.23165244,0.24229686,0.0
0.24862072,0.27856058,0.23139805,0.24142066,0.0
0.24967813,0.2769843,0.23284824,0.24048936,0.0
0.25187522,0.2719121,0.23197417,0.24423856,0.0
0.24606149,0.27749047,0.2291907,0.24725738,0.0
0.24680947,0.27816144,0.22914852,0.24588054,0.0
0.2488968,0.27793965,0.23138392,0.24177963,0.0
0.24648538,0.27802482,0.23052734,0.24496241,0.0
0.25257406,0.27106822,0.23245443,0.24390331,0.0
0.24569795,0.2778363,0.22928725,0.24717854,0.0
0.2484344,0.27695596,0.22983553,0.24477412,0.0
0.24793641,0.27718857,0.23120672,0.2436683,0.0
0.24757333,0.27773613,0.2305846,0.24410595,0.0
0.25199714,0.2712079,0.23056148,0.2462335,0.0
0.24654101,0.27650636,0.22999115,0.2469615,0.0
0.24888793,0.2762705,0.23196197,0.24287964,0.0
0.24798915,0.2763477,0.23193839,0.24372473,0.0
0.24780992,0.27717486,0.2314893,0.24352595,0.0
0.25292164,0.27033663,0.23220949,0.24453226,0.0
0.24627052,0.2758265,0.22942345,0.24847952,0.0
0.2476932,0.27598417,0.23075952,0.24556315,0.0
0.24831535,0.2764664,0.23173931,0.2434789,0.0
0.24951193,0.2760123,0.23303956,0.24143623,0.0
0.2523807,0.26927277,0.2317616,0.24658497,0.0
0.24705292,0.275914,0.23065862,0.24637446,0.0
0.24624881,0.27625954,0.23032771,0.24716394,0.0
0.24784032,0.2762206,0.23191418,0.24402489,0.0
0.2476469,0.2765245,0.2303067,0.24552189,0.0
0.25132075,0.2705898,0.23068592,0.24740355,0.0
0.2483871,0.27489337,0.23122098,0.24549852,0.0
0.24718992,0.27651024,0.23140702,0.2448928,0.0
0.24444132,0.2783125,0.22894269,0.24830344,0.0
0.24711314,0.2765082,0.23125769,0.24512091,0.0
0.2511773,0.27140027,0.23046465,0.24695769,0.0
0.2444801,0.2760028,0.0,0.25114968,0.22836745
0.24656127,0.2759773,0.22989264,0.24756877,0.0
0.24714808,0.27614254,0.23070014,0.24600928,0.0
0.25043383,0.27423924,0.23322141,0.24210553,0.0
0.2510954,0.26960704,0.22922245,0.25007513,0.0
0.24498095,0.27527288,0.22883806,0.2509081,0.0
0.24641281,0.27573285,0.22948064,0.24837366,0.0
0.24696192,0.27681345,0.23071907,0.24550556,0.0
0.24724153,0.27664417,0.23120342,0.24491088,0.0
0.25221673,0.2688848,0.2316083,0.24729022,0.0
0.24664262,0.27441067,0.22910851,0.24983819,0.0
0.24632654,0.27549413,0.22959399,0.24858536,0.0
0.24762037,0.27526695,0.0,0.24609226,0.23102047
0.24941058,0.27402315,0.23278584,0.2437805,0.0
0.25367326,0.2670274,0.23279163,0.2465077,0.0
0.24522084,0.2745236,0.0,0.2501227,0.23013288
0.24589817,0.2753419,0.22889625,0.24986368,0.0
0.24788095,0.27454764,0.23152125,0.24605018,0.0
0.24866247,0.2747509,0.23213956,0.24444711,0.0
0.2511626,0.26860785,0.0,0.25023922,0.22999036
0.24626234,0.27218813,0.0,0.2500272,0.2315223
0.24662142,0.27329886,0.2303613,0.24971841,0.0
0.248724,0.27403474,0.2312739,0.24596736,0.0
0.25014782,0.27342287,0.23256537,0.24386391,0.0
0.25378275,0.26621902,0.23236845,0.24762978,0.0
0.24686848,0.2714673,0.0,0.24929748,0.23236674
0.24580461,0.27327198,0.0,0.25016055,0.23076287
0.2475972,0.2742975,0.23167044,0.24643485,0.0
0.24885094,0.27353355,0.0,0.24435395,0.23326156
0.2540684,0.2665851,0.0,0.2458982,0.23344831
0.24581255,0.27111852,0.0,0.2510914,0.23197757
0.24487521,0.27329782,0.0,0.25016397,0.231663
0.24752247,0.2734703,0.0,0.24633786,0.23266938
0.24628253,0.2727532,0.0,0.24848583,0.23247847
0.2530447,0.26645756,0.0,0.2488735,0.23162425
0.24560829,0.27242562,0.0,0.2526357,0.22933045
0.24665703,0.272776,0.0,0.24888785,0.23167911
0.24538781,0.27272853,0.0,0.2472729,0.23461075
0.24708042,0.2731769,0.0,0.24682523,0.23291747
0.25197983,0.26605594,0.0,0.25088426,0.23107994
0.24341878,0.27166387,0.0,0.25408024,0.23083712
0.24683537,0.27120295,0.0,0.24864537,0.23331629
0.24826333,0.27165285,0.0,0.24560371,0.23448016
0.24733855,0.27205634,0.0,0.24737547,0.23322959
0.2532412,0.2639542,0.0,0.25007287,0.23273169
0.243353,0.270079,0.0,0.2529014,0.23366658
0.24702933,0.27107367,0.0,0.24734901,0.23454797
0.25025305,0.271077,0.0,0.24403107,0.23463887
0.24648905,0.27121878,0.0,0.24779224,0.23449996
0.25161612,0.26316798,0.0,0.25024468,0.23497126
0.24548793,0.26865852,0.0,0.25165147,0.23420209
0.24828742,0.26991576,0.0,0.2477525,0.23404431
0.24438761,0.2701462,0.0,0.2504656,0.23500058
0.24743633,0.27047288,0.0,0.24696963,0.23512115
0.25474545,0.26147595,0.0,0.24909872,0.23467988
0.24517176,0.26713964,0.0,0.25253382,0.23515475
0.24609463,0.26878974,0.0,0.24873668,0.23637892
0.2451907,0.26883376,0.0,0.2508707,0.23510484
0.2475848,0.26884863,0.0,0.2480506,0.23551598
0.2531387,0.25956324,0.0,0.24986902,0.2374291
0.24604027,0.26655054,0.0,0.25222197,0.23518719
0.24751759,0.26720756,0.0,0.24819274,0.23708211
0.24585721,0.26846385,0.0,0.25004542,0.23563352
0.24774796,0.26776457,0.0,0.24724859,0.23723888
0.25495562,0.25891897,0.0,0.24779469,0.23833068
0.2466793,0.26442647,0.0,0.25183243,0.2370618
0.24630913,0.26699546,0.0,0.25142878,0.23526661
0.24724567,0.26727146,0.0,0.24866755,0.2368153
0.24630195,0.2664007,0.0,0.24749696,0.23980042
0.25321618,0.25811738,0.0,0.24697563,0.24169083
0.24720755,0.26380873,0.0,0.25044066,0.2385431
0.24472417,0.26545566,0.0,0.251905,0.23791517
0.247249,0.2663236,0.0,0.24847285,0.23795451
0.24714437,0.26524177,0.0,0.24624965,0.2413642
0.25548068,0.25687906,0.0,0.24688374,0.2407565
0.24591085,0.26294312,0.0,0.25380334,0.23734266
0.24674043,0.26269302,0.0,0.24934642,0.24122012
0.24524787,0.2655439,0.0,0.25031805,0.23889016
0.24694501,0.26456457,0.0,0.24707489,0.2414155
0.25485048,0.2552015,0.0,0.24731192,0.24263607
0.24499576,0.26192838,0.0,0.25264245,0.24043341
0.24861127,0.2621293,0.0,0.24727777,0.24198166
0.24566515,0.2628343,0.0,0.249532,0.24196853
0.25041467,0.26206762,0.0,0.24721682,0.24030094
0.2547467,0.2530468,0.0,0.24783677,0.2443697
0.24864584,0.258294,0.0,0.24930453,0.24375565
0.24580106,0.26140133,0.0,0.25069144,0.24210614
0.24757421,0.2602966,0.0,0.24940406,0.24272515
0.24467677,0.2616639,0.0,0.25033092,0.24332836
0.2554075,0.25389227,0.0,0.24776044,0.24293976
0.24755348,0.25929147,0.0,0.25152096,0.24163406
0.24596183,0.26049572,0.0,0.24996144,0.24358107
0.2498812,0.25930926,0.0,0.24556519,0.24524438
0.24771787,0.25914103,0.0,0.24682,0.24632111
0.259326,0.25112018,0.0,0.24414296,0.2454109
0.24541469,0.25789705,0.0,0.25183958,0.24484873
0.24284942,0.2590227,0.0,0.25259852,0.2455293
0.2478494,0.25901106,0.0,0.24947348,0.2436661
0.24887073,0.25878808,0.0,0.2461249,0.2462163
0.25485277,0.25046444,0.0,0.24831091,0.2463719
0.24788389,0.25631738,0.0,0.2507196,0.24507912
0.24777195,0.25768813,0.0,0.25082022,0.24371973
0.24622743,0.2580176,0.0,0.24767306,0.24808194
0.24615473,0.257468,0.0,0.2508191,0.24555822
0.25612932,0.24945214,0.0,0.24466223,0.24975632
0.24588068,0.25668675,0.0,0.252271,0.24516162
0.24951586,0.2559507,0.0,0.24769554,0.24683785
0.2496097,0.25685513,0.0,0.24649653,0.24703865
0.24792065,0.2570958,0.0,0.24815817,0.2468254
0.2554016,0.24866831,0.0,0.24801472,0.24791533
0.24661231,0.25424603,0.0,0.24973537,0.24940626
0.24688266,0.25588217,0.0,0.25037795,0.24685721
0.24694139,0.25622827,0.0,0.2487074,0.24812298
0.24804111,0.2549482,0.0,0.2467938,0.25021693
0.25713778,0.24869484,0.0,0.24745671,0.24671072
0.24554667,0.2552843,0.0,0.25329566,0.24587338
0.24629258,0.25606054,0.0,0.25040647,0.24724041
0.24736898,0.255484,0.0,0.24766202,0.24948496
0.24459992,0.25692773,0.0,0.2507887,0.24768364
0.257153,0.24670163,0.0,0.2464108,0.24973454
0.24442591,0.25505772,0.0,0.25339285,0.24712355
0.24587372,0.25503427,0.0,0.24912432,0.24996768
0.24566719,0.25572115,0.0,0.2506029,0.24800882
0.24761046,0.25411156,0.0,0.24781452,0.25046343
0.25636736,0.24643455,0.0,0.24761035,0.24958776
0.24659765,0.25376493,0.0,0.25103825,0.24859914
0.24681647,0.25455377,0.0,0.25125343,0.2473763
0.24864483,0.25466922,0.0,0.24851578,0.24817018
0.24288048,0.25562912,0.0,0.2524619,0.24902853
0.25647372,0.24605484,0.0,0.2466976,0.25077385
0.24470904,0.2538373,0.0,0.25383744,0.24761626
0.24793974,0.25430864,0.0,0.24889244,0.24885918
0.24651128,0.2547911,0.0,0.24914812,0.24954948
0.2441897,0.25521407,0.0,0.250984,0.2496122
0.25928545,0.24565984,0.0,0.24618737,0.24886729
0.24661574,0.25448123,0.0,0.25115737,0.24774565
0.24390747,0.2559064,0.0,0.2524889,0.24769722
0.24665217,0.25429392,0.0,0.24897145,0.25008243
0.24258186,0.25622743,0.0,0.25246006,0.24873066
0.25858504,0.24669956,0.0,0.24405421,0.25066125
0.24555477,0.25478673,0.0,0.25246745,0.24719101
0.24527217,0.2549796,0.0,0.2506275,0.24912071
0.24739964,0.2541826,0.0,0.24875464,0.24966307
0.24448909,0.2552081,0.0,0.25118345,0.24911937
0.25764427,0.24559632,0.0,0.24638025,0.25037915
0.24816176,0.25355607,0.0,0.24986792,0.24841422
0.2431832,0.25417686,0.0,0.25325343,0.24938649
0.24616602,0.2542102,0.0,0.24977344,0.24985038
0.24531037,0.2536801,0.0,0.24897967,0.2520298
0.26155072,0.24399716,0.0,0.24261022,0.2518419
0.2444747,0.25404084,0.0,0.25560275,0.24588169
0.24626848,0.2539994,0.0,0.25109702,0.2486351
0.24731313,0.25395936,0.0,0.24946825,0.2492593
0.24803194,0.2535644,0.0,0.24993487,0.2484688
0.2600199,0.24273089,0.0,0.24426757,0.25298163
0.24630344,0.25255308,0.0,0.25169644,0.24944708
0.24319811,0.25428903,0.0,0.25296727,0.24954556
0.24558207,0.2538972,0.0,0.25091425,0.24960649
0.24422166,0.25415987,0.0,0.25232768,0.2492908
0.25867584,0.24224621,0.0,0.24737409,0.25170383
0.24510169,0.25126797,0.0,0.2560274,0.24760292
0.24569167,0.25100812,0.0,0.25282443,0.25047573
0.24800463,0.2507066,0.0,0.250446,0.25084275
0.2467808,0.25199497,0.0,0.2515765,0.24964775
0.2607304,0.24013989,0.0,0.24561648,0.25351328
0.24484624,0.24842882,0.0,0.2541335,0.2525915
0.24491106,0.2500668,0.0,0.2542275,0.25079462
0.24417588,0.24956763,0.0,0.2535728,0.2526837
0.24629004,0.24833383,0.0,0.2506727,0.2547034
0.25891325,0.23788063,0.0,0.2463374,0.25686872
0.2488227,0.24651715,0.0,0.25234717,0.252313
0.24443927,0.24840102,0.0,0.25699714,0.25016257
0.24556322,0.24730715,0.0,0.25474456,0.25238505
0.24554528,0.24766156,0.0,0.25251535,0.2542778
0.26063403,0.0,0.2357205,0.24882643,0.254819
0.24580818,0.24410781,0.0,0.25686544,0.2532186
0.24683,0.24604137,0.0,0.25330162,0.253827
0.24287856,0.24696006,0.0,0.25634643,0.25381497
0.24499853,0.24761663,0.0,0.25356632,0.2538185
0.26045802,0.0,0.23506388,0.24653882,0.2579393
0.24657892,0.242983,0.0,0.25924695,0.25119114
0.24537134,0.24350247,0.0,0.25665468,0.25447154
0.24564905,0.2444238,0.0,0.25429684,0.2556303
0.24381341,0.24421248,0.0,0.2574501,0.25452405
0.25975025,0.0,0.23490803,0.24551368,0.25982806
0.2460812,0.24043623,0.0,0.25696442,0.25651816
0.24373633,0.24260406,0.0,0.25879997,0.25485963
0.24498473,0.2427435,0.0,0.25825772,0.25401402
0.24216029,0.2440823,0.0,0.25994226,0.25381514
0.2605921,0.0,0.23469783,0.24409103,0.260619
0.24356645,0.23864293,0.0,0.26154917,0.2562414
0.24304628,0.24106038,0.0,0.26253802,0.25335535
0.24169002,0.24169363,0.0,0.26096627,0.25565007
0.24542086,0.2416321,0.0,0.25678805,0.25615904
0.26001966,0.0,0.23500507,0.24186157,0.2631137
0.24237786,0.23745354,0.0,0.2645275,0.2556411
0.24442287,0.0,0.2395293,0.259948,0.25609985
0.24201486,0.23947196,0.0,0.26380727,0.2547059
0.24247412,0.23993194,0.0,0.25972977,0.25786418
0.25923842,0.0,0.23427574,0.2435153,0.2629705
0.24529627,0.0,0.23768853,0.2611713,0.25584385
0.24155357,0.0,0.23778188,0.26164302,0.25902152
0.24024315,0.2384522,0.0,0.26477724,0.25652736
0.2413512,0.0,0.24052516,0.26145235,0.25667128
0.25923187,0.0,0.2357793,0.24260901,0.26237983
0.24258216,0.0,0.23595332,0.26328132,0.25818318
0.24116957,0.0,0.23871163,0.26441363,0.25570518
0.24210933,0.0,0.24251032,0.2593156,0.25606477
0.23983505,0.0,0.2401616,0.26376942,0.25623396
0.25828373,0.0,0.23529805,0.24169889,0.26471928
0.24148963,0.0,0.23651786,0.2658032,0.25618932
0.24087058,0.0,0.24016206,0.26043725,0.25853014
0.23872337,0.0,0.23984686,0.2655305,0.2558993
0.24107115,0.0,0.24281138,0.2606054,0.25551206
0.26194414,0.0,0.237713,0.23725353,0.2630893
0.24046046,0.0,0.23685797,0.26690292,0.2557787
0.23901892,0.0,0.23939209,0.2672137,0.25437525
0.2385045,0.0,0.24145004,0.26538852,0.25465697
0.23642594,0.0,0.24036035,0.267674,0.25553972
0.25859684,0.0,0.23511988,0.24217297,0.26411027
0.23986332,0.0,0.23813364,0.2664964,0.25550666
0.23759104,0.0,0.24075636,0.26615375,0.25549883
0.23675968,0.0,0.240585,0.26771945,0.2549359
0.2376298,0.0,0.24384326,0.26371038,0.25481653
0.2596763,0.0,0.23530786,0.24155638,0.26345944
0.24021369,0.0,0.23953664,0.26500696,0.25524268
0.2377561,0.0,0.243357,0.26450196,0.25438493
0.23571064,0.0,0.24166739,0.26750895,0.25511304
0.23381895,0.0,0.24273393,0.26886803,0.25457913
0.26056808,0.0,0.2368734,0.23726337,0.26529512
0.23825502,0.0,0.23980045,0.26840332,0.2535412
0.2367958,0.0,0.24217509,0.26694247,0.2540866
0.23501655,0.0,0.24289413,0.2676524,0.25443688
0.23575151,0.0,0.24423355,0.26759887,0.25241607
0.26065868,0.0,0.2356721,0.23809713,0.26557207
0.23831268,0.0,0.24024613,0.26691413,0.25452706
0.23526117,0.0,0.24208543,0.26969028,0.25296313
0.23608962,0.0,0.24649177,0.26420337,0.2532152
0.23628551,0.0,0.24830122,0.2623509,0.25306234
0.25976613,0.0,0.23533265,0.2377536,0.2671476
0.23756629,0.0,0.2401418,0.2684719,0.25381997
0.23632611,0.0,0.24490024,0.2644764,0.2542973
0.23651367,0.0,0.24681173,0.26399726,0.25267738
0.23409748,0.0,0.24780743,0.26640517,0.25168994
0.2575107,0.0,0.23314077,0.24204627,0.26730224
0.23735619,0.0,0.24298352,0.2657509,0.25390935
0.23368467,0.0,0.24636918,0.2673222,0.2526239
0.23339207,0.0,0.24817146,0.26709208,0.25134435
0.23212281,0.0,0.24887772,0.2684927,0.25050682
0.25875843,0.0,0.23409647,0.24180473,0.2653404
0.23534213,0.0,0.24439366,0.26794264,0.25232154
0.23388918,0.0,0.24783078,0.26866493,0.24961516
0.23321745,0.0,0.25260085,0.262921,0.25126067
0.23237054,0.0,0.2525736,0.26334918,0.25170666
0.25942048,0.0,0.23499498,0.23698811,0.2685964
0.23366593,0.0,0.24525923,0.27076417,0.25031063
0.23208643,0.0,0.2497394,0.26549783,0.25267634
0.23083566,0.0,0.25241393,0.26480436,0.25194606
0.23127525,0.0,0.25349703,0.26328543,0.2519423
0.2592716,0.0,0.23390764,0.23904823,0.26777253
0.23512708,0.0,0.24881165,0.2648081,0.25125313
0.23008601,0.0,0.25000846,0.26695666,0.25294888
0.22972383,0.0,0.25371101,0.26571786,0.25084728
0.22977374,0.0,0.2568224,0.264806,0.24859783
0.26060405,0.0,0.23349187,0.2350865,0.2708176
0.23384853,0.0,0.2504984,0.26557684,0.25007623
0.23109607,0.0,0.25456753,0.26633072,0.24800561
0.22923025,0.0,0.25814584,0.26490903,0.24771488
0.2286188,0.0,0.2590381,0.26486266,0.2474805
0.2613677,0.0,0.23715173,0.23642346,0.26505712
0.2317748,0.0,0.25117514,0.2673954,0.24965467
0.22878791,0.0,0.25596702,0.26630515,0.2489399
0.2284184,0.0,0.25739396,0.265102,0.24908562
0.22872415,0.0,0.2639302,0.2626817,0.24466392
0.2601907,0.0,0.23481348,0.23782636,0.26716948
0.2308526,0.0,0.25326568,0.2675701,0.24831164
0.22786467,0.0,0.2591058,0.26641074,0.24661879
0.22705984,0.0,0.26296017,0.2639914,0.24598864
0.22544552,0.0,0.262354,0.26534313,0.24685732
0.26217446,0.0,0.23593928,0.23625788,0.26562834
0.23174003,0.0,0.25689209,0.26626852,0.24509938
0.22714004,0.0,0.26157454,0.2664385,0.24484691
0.22558258,0.0,0.26446328,0.26472855,0.24522556
0.22537556,0.0,0.26821432,0.26296926,0.24344082
0.2619079,0.0,0.23596732,0.2363069,0.2658179
0.22993404,0.0,0.2584039,0.26768267,0.2439794
0.22548653,0.0,0.26429942,0.2657456,0.2444684
0.22591162,0.0,0.26795736,0.2623878,0.2437432
0.22400403,0.0,0.27182758,0.2617083,0.2424601
0.26063302,0.0,0.2343704,0.23694491,0.26805165
0.2276572,0.0,0.2614952,0.2670677,0.24377994
0.22450225,0.0,0.2713046,0.26294714,0.24124596
0.22246072,0.0,0.27323356,0.26212072,0.24218498
0.223009,0.0,0.27698478,0.2589975,0.2410087
0.2628719,0.0,0.23649064,0.23592187,0.26471555
0.22691074,0.0,0.26540333,0.26619995,0.24148594
0.22414388,0.0,0.27655697,0.2602029,0.23909622
0.22216377,0.0,0.28176537,0.25658166,0.23948921
0.22137459,0.0,0.28618383,0.25464535,0.23779629
0.26421374,0.0,0.23749332,0.23236884,0.26592404
0.22606938,0.0,0.26868406,0.26448444,0.24076213
0.22203009,0.0,0.2824132,0.25770277,0.23785391
0.22108942,0.0,0.28883138,0.25364608,0.23643307
0.21962073,0.0,0.29336104,0.2507329,0.23628531
0.26354885,0.0,0.23863362,0.2358088,0.26200873
0.22471777,0.0,0.27430978,0.26264986,0.23832259
0.22300607,0.0,0.28733265,0.2544322,0.23522909
0.21986692,0.0,0.29370442,0.25106046,0.23536816
0.21938632,0.0,0.29660338,0.24949725,0.23451306
0.2627441,0.0,0.2394287,0.23407668,0.26375052
0.22429301,0.0,0.2815618,0.25839382,0.2357514
0.22041853,0.0,0.292365,0.2531224,0.2340941
0.21930441,0.0,0.29755422,0.24992383,0.23321755
0.2173207,0.0,0.30228668,0.24779493,0.23259765
0.26363322,0.0,0.23992282,0.23568569,0.26075825
0.2239148,0.0,0.28690767,0.2561349,0.23304257
0.21899094,0.0,0.3008672,0.24949633,0.23064551
0.21614423,0.0,0.3054469,0.24767813,0.23073071
0.21624286,0.0,0.30870053,0.24504653,0.23001005
0.26326278,0.0,0.24031733,0.23685797,0.25956193
0.2217956,0.0,0.29388183,0.25349978,0.23082276
0.21703957,0.0,0.30731663,0.24687555,0.22876827
0.21422887,0.0,0.3115141,0.24562062,0.22863643
0.2138555,0.0,0.31622362,0.24263415,0.22728668
0.26273355,0.0,0.24109465,0.23916788,0.25700396
0.22059676,0.0,0.30162913,0.25064087,0.2271332
0.21573308,0.0,0.31552276,0.2442157,0.22452846
0.2127562,0.0,0.32233077,0.24068251,0.22423048
0.21219228,0.0,0.32693857,0.2383927,0.22247644
0.2621975,0.0,0.24153928,0.2400554,0.25620782
0.21621984,0.0,0.30726895,0.24878596,0.22772528
0.21234149,0.0,0.32276523,0.24149323,0.22340004
0.20996173,0.0,0.33392125,0.23654339,0.21957359
0.0,0.20969303,0.33497134,0.23479797,0.22053774
0.26345906,0.0,0.24546774,0.23805296,0.25302026
0.24778837,0.293396,0.24209939,0.0,0.21671622
0.24423015,0.3023328,0.23921733,0.21421973,0.0
0.24417505,0.30280158,0.23898181,0.21404159,0.0
0.2475383,0.29943028,0.241582,0.0,0.21144941
0.24675326,0.30044973,0.24032614,0.0,0.21247092
0.24784568,0.29247382,0.24153753,0.0,0.218143
0.24395706,0.30008706,0.2381808,0.21777505,0.0
0.24528576,0.30003935,0.2401178,0.21455713,0.0
0.24540362,0.3014661,0.2388748,0.21425542,0.0
0.24678925,0.29848105,0.24080347,0.0,0.21392629
0.24865963,0.2919096,0.24131604,0.0,0.21811475
0.24558891,0.29813904,0.24006672,0.0,0.21620537
0.2453489,0.29869136,0.23904648,0.0,0.21691327
0.2463174,0.29890358,0.24043204,0.0,0.21434693
0.24882455,0.29521376,0.24228202,0.0,0.2136797
0.24718897,0.29217792,0.24019514,0.0,0.22043802
0.24678583,0.2946985,0.24016279,0.0,0.21835287
0.2468556,0.29631117,0.24030778,0.0,0.21652552
0.2447432,0.29718098,0.23948513,0.0,0.2185907
0.24547149,0.2976747,0.24033219,0.2165217,0.0
0.24826288,0.28922206,0.24143907,0.0,0.22107601
0.24444064,0.2952134,0.23959091,0.0,0.2207551
0.24625374,0.29389322,0.24110712,0.0,0.21874589
0.24460045,0.29606804,0.24030346,0.0,0.21902809
0.24392515,0.29773015,0.2380535,0.0,0.22029124
0.24814315,0.28656426,0.24081172,0.0,0.22448085
0.24606577,0.2920936,0.24111706,0.0,0.2207236
0.24386503,0.29354933,0.24032348,0.0,0.22226222
0.31242353,0.27268523,0.2717226,0.14316861,0.0
0.243021,0.29603648,0.23896165,0.0,0.22198083
0.24642807,0.28743652,0.24007186,0.0,0.2260635
0.24169275,0.29446667,0.2376155,0.22622503,0.0
0.24260765,0.29429868,0.2392912,0.22380246,0.0
0.24520497,0.29188022,0.24083187,0.0,0.22208288
0.24329,0.2933934,0.23967095,0.0,0.22364569
0.24761045,0.28522402,0.2416498,0.0,0.22551572
0.24333073,0.29157516,0.2390879,0.22600627,0.0
0.24449697,0.2917854,0.2397216,0.0,0.22399603
0.24353017,0.29273492,0.23932275,0.22441213,0.0
0.24456654,0.29105806,0.24090165,0.0,0.22347376
0.24591126,0.28640386,0.24022892,0.0,0.22745596
0.24375185,0.28944546,0.23938559,0.22741711,0.0
0.24213506,0.29223123,0.2396853,0.22594841,0.0
0.24216408,0.29234657,0.2388391,0.22665027,0.0
0.24465524,0.29016107,0.24176705,0.0,0.22341664
0.24705459,0.2837503,0.24067199,0.0,0.2285231
0.24274433,0.2889292,0.23990554,0.22842093,0.0
0.24316311,0.28936425,0.23997533,0.22749728,0.0
0.24125892,0.29102784,0.23928799,0.22842525,0.0
0.24267729,0.2910462,0.24054883,0.22572769,0.0
0.2335657,0.32358238,0.2130308,0.22982112,0.0
0.243027,0.2975002,0.23877338,0.0,0.22069949
0.24012473,0.3002116,0.23724438,0.0,0.22241929
0.24051008,0.29848316,0.23854606,0.0,0.2224607
0.23884654,0.2978957,0.23647794,0.22677977,0.0
0.24185131,0.28641516,0.23776601,0.0,0.23396753
0.23948511,0.29327655,0.23811176,0.22912654,0.0
0.23994142,0.29316458,0.2393661,0.22752787,0.0
0.23895885,0.29389128,0.23803668,0.22911318,0.0
0.23863788,0.29372156,0.2385381,0.22910245,0.0
0.24421945,0.2851187,0.23913032,0.0,0.23153156
0.23718856,0.29137582,0.23700136,0.23443432,0.0
0.23946686,0.29129374,0.23874786,0.23049152,0.0
0.24103394,0.29123148,0.24090688,0.0,0.22682774
0.2412426,0.29058507,0.24143009,0.0,0.22674222
0.2446317,0.28285053,0.24017216,0.0,0.23234564
0.23960742,0.28908113,0.2395407,0.23177074,0.0
0.24169686,0.2887645,0.24122131,0.22831734,0.0
0.24133134,0.28935102,0.2410314,0.22828627,0.0
0.2418361,0.28890806,0.24129923,0.22795664,0.0
0.24477702,0.28083476,0.23987873,0.0,0.23450951
0.23955816,0.28779268,0.23831075,0.23433834,0.0
0.23963015,0.28987357,0.23865324,0.23184302,0.0
0.2401431,0.28980368,0.23941618,0.23063698,0.0
0.23987249,0.29000372,0.23916428,0.23095948,0.0
0.24371134,0.28276765,0.2379641,0.0,0.23555689
0.24054793,0.2870237,0.23900762,0.23342073,0.0
0.23874794,0.28867245,0.23838545,0.23419413,0.0
0.2412055,0.2874495,0.23964565,0.0,0.23169935
0.24058981,0.2869354,0.24036695,0.0,0.23210785
0.24432227,0.281632,0.23915368,0.23489204,0.0
0.24069774,0.2851797,0.2389047,0.23521787,0.0
0.24193941,0.28672874,0.24007088,0.23126094,0.0
0.24118388,0.28750268,0.24061947,0.23069394,0.0
0.24051309,0.28707466,0.24151967,0.0,0.2308926
0.24452001,0.2808868,0.23971695,0.0,0.2348762
0.24024703,0.2859035,0.23803233,0.23581718,0.0
0.24084017,0.28585458,0.239968,0.23333722,0.0
0.23995006,0.28711835,0.23929466,0.23363695,0.0
0.24105833,0.28556734,0.24038891,0.0,0.23298539
0.24614976,0.27632228,0.24033546,0.0,0.23719253
0.24114586,0.28330192,0.23989975,0.23565252,0.0
0.24298605,0.28331771,0.2421936,0.0,0.23150262
0.24275696,0.28395256,0.24159837,0.0,0.23169217
0.24034931,0.28579098,0.24104872,0.0,0.23281096
0.24500194,0.27792528,0.23929542,0.0,0.23777735
0.24264663,0.2819688,0.24110118,0.0,0.23428333
0.2399805,0.28591272,0.23965509,0.0,0.23445168
0.24214965,0.28316975,0.24162655,0.0,0.2330541
0.24286526,0.2824481,0.24153231,0.0,0.23315431
0.2449864,0.27708107,0.23958667,0.0,0.23834585
0.24263437,0.2823436,0.2407349,0.0,0.23428714
0.24186586,0.28387475,0.24065587,0.0,0.2336035
0.24233392,0.28385907,0.24145854,0.23234852,0.0
0.24172726,0.28343248,0.24088222,0.0,0.23395802
0.24532811,0.27484286,0.24026945,0.0,0.23955958
0.24249926,0.28114828,0.24132422,0.0,0.23502818
0.24189457,0.28139517,0.24166052,0.0,0.23504972
0.24109964,0.28287736,0.24084596,0.0,0.23517707
0.24087219,0.28418812,0.24016102,0.0,0.23477866
0.24663277,0.27349633,0.23884705,0.0,0.24102382
0.24041636,0.2830478,0.23949346,0.23704241,0.0
0.24091823,0.2823698,0.24116486,0.0,0.2355471
0.24171206,0.27979502,0.24162914,0.0,0.23686376
0.24173854,0.28039718,0.2415298,0.0,0.23633447
0.24572459,0.27212712,0.2399503,0.0,0.24219798
0.24064611,0.28019264,0.23995943,0.0,0.23920183
0.2425166,0.27998713,0.2425416,0.0,0.23495467
0.24028367,0.28187773,0.24108645,0.0,0.23675217
0.24032532,0.2817343,0.24228618,0.0,0.2356542
0.24325038,0.2738807,0.23776683,0.0,0.24510206
0.2419511,0.2794051,0.2407298,0.0,0.237914
0.24222389,0.27918038,0.2426955,0.0,0.23590028
0.23994792,0.28030068,0.2422277,0.0,0.23752366
0.24143466,0.28052375,0.2421471,0.0,0.23589452
0.2510738,0.26683244,0.24412006,0.0,0.2379737
0.24203448,0.27662104,0.23886997,0.0,0.2424745
0.24067785,0.2788352,0.24173947,0.0,0.23874745
0.24360545,0.27595696,0.2436806,0.0,0.236757
0.24041523,0.27889505,0.2412564,0.0,0.23943335
0.24469663,0.27033424,0.23819043,0.0,0.24677871
0.24159741,0.277731,0.24154432,0.0,0.23912723
0.24222901,0.27791193,0.24281546,0.0,0.2370436
0.2427022,0.27785918,0.24286729,0.0,0.23657131
0.24310546,0.27639568,0.24223907,0.0,0.23825978
0.24583636,0.26967,0.23914163,0.0,0.245352
0.24287277,0.2750787,0.24251229,0.0,0.23953627
0.24251951,0.2745693,0.24247618,0.0,0.24043497
0.2428164,0.27525228,0.24231012,0.0,0.2396212
0.24245211,0.27683365,0.24195129,0.0,0.23876292
0.24787457,0.26737493,0.24218358,0.0,0.24256688
0.24202868,0.27626318,0.24183176,0.0,0.23987636
0.2430359,0.27548057,0.24324223,0.0,0.23824131
0.24228579,0.27532727,0.24188586,0.0,0.2405011
0.24437068,0.27369785,0.24516892,0.0,0.23676254
0.24771193,0.2669401,0.24094696,0.0,0.244401
0.24223348,0.27350345,0.24181283,0.0,0.24245024
0.24221596,0.27362293,0.24228472,0.0,0.2418764
0.24206212,0.2749719,0.24181803,0.0,0.24114797
0.2423193,0.2753696,0.24361706,0.0,0.23869407
0.24897648,0.26340896,0.24184176,0.0,0.24577282
0.24307752,0.27385363,0.24268363,0.0,0.24038523
0.24339233,0.27331173,0.24301963,0.0,0.24027628
0.2422233,0.2751395,0.24297343,0.0,0.23966376
0.24303654,0.27168566,0.24392743,0.0,0.24135034
0.24784382,0.26405525,0.24099787,0.0,0.2471031
0.24341926,0.2703346,0.24274725,0.0,0.24349892
0.24243078,0.27406433,0.24282469,0.0,0.24068019
0.2444442,0.27098852,0.24446988,0.0,0.24009742
0.24279135,0.27214816,0.24399485,0.0,0.24106564
0.24500108,0.26669732,0.23835626,0.0,0.24994534
0.2441002,0.26878333,0.2439975,0.0,0.24311899
0.24271238,0.27101928,0.24335061,0.0,0.24291773
0.24286085,0.2725127,0.24461801,0.0,0.24000843
0.24327137,0.27137983,0.2447912,0.0,0.24055764
0.24853605,0.26321444,0.24178337,0.0,0.24646616
0.2432101,0.27075827,0.24288562,0.0,0.24314599
0.24290548,0.27095476,0.24327825,0.0,0.24286151
0.24472788,0.2690318,0.24685262,0.0,0.23938774
0.2433711,0.2702278,0.2446485,0.0,0.24175258
0.24747255,0.26247013,0.24183291,0.0,0.24822444
0.24368806,0.26808065,0.24438581,0.0,0.24384548
0.24392465,0.26799378,0.24432817,0.0,0.24375345
0.24177383,0.27132288,0.24401765,0.0,0.24288568
0.24302435,0.27143738,0.24478477,0.0,0.24075353
0.24895263,0.2610872,0.24118774,0.0,0.24877241
0.24264522,0.26933977,0.2436597,0.0,0.24435532
0.24358192,0.26895717,0.24453397,0.0,0.24292694
0.24319285,0.2701017,0.24422565,0.0,0.24247979
0.24285786,0.26801983,0.24554214,0.0,0.24358018
0.24777614,0.26214212,0.24087738,0.0,0.24920437
0.244564,0.26617494,0.2449828,0.0,0.24427822
0.24232507,0.26723433,0.24454783,0.0,0.2458928
0.2444219,0.26674345,0.24625087,0.0,0.2425838
0.24216855,0.26914853,0.24421626,0.0,0.24446662
0.24949484,0.25697833,0.24278629,0.0,0.25074056
0.24324663,0.26721168,0.24447902,0.0,0.24506268
0.24423476,0.2663735,0.24391852,0.0,0.24547322
0.24367613,0.26488343,0.24568532,0.0,0.24575515
0.24316294,0.26593554,0.24545054,0.0,0.24545099
0.24859178,0.2584976,0.24091446,0.0,0.25199616
0.24222723,0.26765898,0.24220008,0.0,0.24791372
0.24369095,0.2652974,0.24684419,0.0,0.24416742
0.24245346,0.26628962,0.24567406,0.0,0.24558291
0.24343626,0.2664645,0.2458281,0.0,0.24427113
0.2482894,0.2555248,0.24147296,0.0,0.2547128
0.24399668,0.26449734,0.24551596,0.0,0.24599001
0.24253906,0.2662484,0.24442162,0.0,0.24679092
0.2425281,0.2638456,0.24641876,0.0,0.24720754
0.24327041,0.26456985,0.24592549,0.0,0.24623427
0.2492557,0.2539915,0.24315661,0.0,0.2535962
0.24522714,0.2618418,0.24707088,0.0,0.24586016
0.24432743,0.26371306,0.2471095,0.0,0.24484998
0.24368995,0.26517203,0.24632323,0.0,0.24481478
0.24247785,0.26380908,0.24674438,0.0,0.24696864
0.24984221,0.25446466,0.24442428,0.0,0.25126886
0.24291809,0.26223987,0.24586202,0.0,0.24898005
0.24355763,0.26196742,0.24571906,0.0,0.24875584
0.2439685,0.26385048,0.24746726,0.0,0.24471377
0.24248116,0.2640247,0.24657248,0.0,0.24692167
0.24956259,0.25112817,0.2429209,0.0,0.25638834
0.24418817,0.26158458,0.24744888,0.0,0.24677837
0.2428368,0.2627933,0.24676247,0.0,0.24760745
0.24321961,0.26056218,0.24687766,0.0,0.24934058
0.24319813,0.26118678,0.24870886,0.0,0.24690628
0.2490818,0.25099713,0.24250917,0.0,0.25741193
0.2441177,0.26061848,0.24581106,0.0,0.24945275
0.24351442,0.2600459,0.2471493,0.0,0.24929039
0.242423,0.26132074,0.24690098,0.0,0.24935532
0.24260189,0.26148164,0.24687785,0.0,0.24903868
0.25049058,0.24946006,0.24418773,0.0,0.25586164
0.24299498,0.2600666,0.24616627,0.0,0.25077215
0.24148554,0.26179004,0.2460216,0.0,0.25070283
0.243529,0.25780287,0.2486527,0.0,0.25001544
0.24229158,0.25950545,0.24683079,0.0,0.25137222
0.24885342,0.25017264,0.24288149,0.0,0.25809243
0.24350296,0.25894418,0.24653596,0.0,0.25101689
0.24271192,0.2586288,0.24787734,0.0,0.25078192
0.24249469,0.25960806,0.24818492,0.0,0.24971235
0.24226995,0.2594302,0.24756424,0.0,0.25073558
0.24903364,0.24718541,0.24308409,0.0,0.26069686
0.24383342,0.2570108,0.24840888,0.0,0.25074688
0.24298033,0.2582235,0.24739134,0.0,0.25140485
0.24217278,0.25793448,0.24791013,0.0,0.2519826
0.24387522,0.25600734,0.25070935,0.0,0.2494081
0.24926929,0.24801521,0.2445351,0.0,0.2581804
0.24467222,0.2559784,0.24900965,0.0,0.25033978
0.24165684,0.2575089,0.24817626,0.0,0.252658
0.24255571,0.2573447,0.24915837,0.0,0.25094125
0.24340177,0.25469798,0.24980491,0.0,0.2520954
0.24910124,0.24642885,0.24358799,0.0,0.26088193
0.24315037,0.25500742,0.24808311,0.0,0.25375915
0.2416197,0.25697654,0.2470229,0.0,0.25438082
0.24208726,0.255547,0.25014293,0.0,0.25222284
0.24132812,0.25599867,0.24867937,0.0,0.25399384
0.24987955,0.24408099,0.24401788,0.0,0.2620216
0.24245907,0.25578657,0.24758011,0.0,0.2541743
0.24146667,0.25485933,0.24911584,0.0,0.25455818
0.24194127,0.25357354,0.2508078,0.0,0.25367737
0.24253309,0.25402454,0.25090933,0.0,0.252533
0.24982801,0.24394013,0.24546972,0.0,0.26076218
0.24267367,0.25354365,0.24815327,0.0,0.2556294
0.24267358,0.25485426,0.24934557,0.0,0.2531266
0.24266951,0.25353146,0.25174025,0.0,0.2520588
0.24194266,0.25477904,0.25031835,0.0,0.25295994
0.25199932,0.23999606,0.24647327,0.0,0.26153132
0.24387278,0.24980257,0.25108665,0.0,0.255238
0.24261688,0.25229314,0.25149706,0.0,0.2535929
0.24378616,0.2512453,0.25210282,0.0,0.25286573
0.24240243,0.2519349,0.2521414,0.0,0.2535213
0.25115925,0.24044351,0.24627247,0.0,0.26212475
0.24330857,0.25082377,0.25073776,0.0,0.25512993
0.24116413,0.2539669,0.24979359,0.0,0.25507534
0.24276666,0.25085333,0.25242853,0.0,0.2539515
0.24096094,0.25446033,0.2503847,0.0,0.25419408
0.25185123,0.24084748,0.24591032,0.0,0.26139092
0.2433649,0.25050178,0.25115377,0.0,0.25497958
0.24481511,0.24933569,0.2531703,0.0,0.2526789
0.24352765,0.2488395,0.2536731,0.0,0.25395977
0.2433206,0.24867716,0.25411493,0.0,0.2538873
0.25171283,0.23892015,0.24659951,0.0,0.26276752
0.24290434,0.24946924,0.25177798,0.0,0.25584847
0.24222574,0.2502424,0.25174144,0.0,0.25579038
0.24336705,0.24850106,0.25349945,0.0,0.25463247
0.24225557,0.2506694,0.2533111,0.0,0.25376388
0.25273886,0.23630601,0.24644141,0.0,0.26451373
0.24300393,0.24919386,0.2502487,0.0,0.25755346
0.24352494,0.24794674,0.25406584,0.0,0.25446254
0.2427506,0.24861015,0.25311336,0.0,0.2555259
0.242402,0.24973495,0.25364035,0.0,0.2542227
0.2535754,0.2344745,0.24796323,0.0,0.26398686
0.24437922,0.24610838,0.25323373,0.0,0.25627863
0.24368146,0.24751493,0.25345877,0.0,0.25534478
0.24452744,0.24525589,0.2553443,0.0,0.25487232
0.24207734,0.24776435,0.25265974,0.0,0.25749856
0.25211713,0.23505358,0.24795008,0.0,0.26487917
0.24370411,0.24662092,0.25176802,0.0,0.25790694
0.24133757,0.2487786,0.25286546,0.0,0.25701845
0.24320056,0.2462897,0.25538453,0.0,0.25512522
0.24357437,0.24725719,0.25513124,0.0,0.2540372
0.25188506,0.23518616,0.24644895,0.0,0.26647982
0.2434151,0.24642201,0.25232708,0.0,0.25783584
0.24286303,0.24684213,0.25422755,0.0,0.25606728
0.24272104,0.2475765,0.25506273,0.0,0.2546397
0.24395281,0.24506228,0.25482935,0.0,0.25615555
0.252857,0.23423226,0.24785215,0.0,0.26505855
0.24376482,0.2441755,0.2537365,0.0,0.2583232
0.24293877,0.2465826,0.25340945,0.0,0.25706917
0.24375072,0.2448778,0.25698638,0.0,0.25438505
0.2432872,0.24556412,0.2566922,0.0,0.2544565
0.25322616,0.23189135,0.24829246,0.0,0.26659003
0.24541345,0.24384929,0.25411806,0.0,0.25661922
0.24396588,0.24355856,0.2561336,0.0,0.256342
0.24273682,0.24528046,0.25627574,0.0,0.255707
0.24247508,0.2459741,0.25598928,0.0,0.25556156
0.2531227,0.2318383,0.24902475,0.0,0.26601425
0.24571905,0.24124137,0.2556736,0.0,0.25736597
0.24306531,0.24325983,0.25540918,0.0,0.25826573
0.24325812,0.24509084,0.25670403,0.0,0.25494704
0.24379276,0.24268188,0.25777406,0.0,0.2557513
0.25281754,0.23321193,0.24866012,0.0,0.2653104
0.24479862,0.24161494,0.2553804,0.0,0.25820604
0.24391952,0.24054931,0.25705653,0.0,0.25847465
0.24342214,0.24347582,0.2562106,0.0,0.25689143
0.24171607,0.24464664,0.25730097,0.0,0.25633633
0.253784,0.22962472,0.24863492,0.0,0.26795635
0.24530588,0.23868996,0.25665164,0.0,0.2593525
0.24358328,0.24104962,0.25677675,0.0,0.25859034
0.24390702,0.2427135,0.25736335,0.0,0.25601617
0.24338466,0.2406026,0.2571495,0.0,0.25886327
0.2537078,0.22889736,0.24947377,0.0,0.2679211
0.24392317,0.24062017,0.25628948,0.0,0.25916716
0.24352743,0.24110785,0.25648364,0.0,0.2588811
0.24282625,0.24119444,0.25789025,0.0,0.25808907
0.24321957,0.24137534,0.25794446,0.0,0.25746062
0.25391906,0.22886817,0.24851194,0.0,0.2687008
0.24363203,0.24021414,0.2554126,0.0,0.2607412
0.24578318,0.23794456,0.25992408,0.0,0.25634822
0.24354121,0.2407137,0.2587645,0.0,0.25698057
0.24141689,0.24259107,0.25668553,0.0,0.25930652
0.25421625,0.22606392,0.25072864,0.0,0.2689912
0.244694,0.23799103,0.25769973,0.0,0.25961527
0.24469353,0.23757808,0.25768262,0.0,0.26004577
0.24317181,0.24060145,0.25815073,0.0,0.25807604
0.24333112,0.23815094,0.25822708,0.0,0.26029086
0.25530854,0.22450264,0.25112104,0.0,0.26906782
0.24426621,0.23726209,0.25792515,0.0,0.26054654
0.24405077,0.2379488,0.25852588,0.0,0.2594745
0.24392566,0.23819369,0.25877222,0.0,0.25910845
0.24166358,0.23927675,0.2578086,0.0,0.26125106
0.2546714,0.22578146,0.25061008,0.0,0.26893705
0.24546131,0.2347488,0.2584185,0.0,0.2613714
0.24463275,0.23605536,0.2592734,0.0,0.26003847
0.24255231,0.2381814,0.25820273,0.0,0.26106355
0.24329741,0.23981336,0.26106605,0.0,0.2558232
0.25406444,0.0,0.2493917,0.22729999,0.26924387
0.24451073,0.23566465,0.2590971,0.0,0.26072755
0.24498631,0.2352103,0.25933164,0.0,0.26047173
0.24278988,0.23876941,0.25940126,0.0,0.25903943
0.24408609,0.23581631,0.2603584,0.0,0.25973922
0.256512,0.0,0.25149232,0.22332476,0.26867095
0.24378283,0.23673323,0.258229,0.0,0.261255
0.24403915,0.23622914,0.26035222,0.0,0.25937948
0.24389651,0.23756328,0.2593311,0.0,0.25920904
0.24130563,0.23763978,0.25814262,0.0,0.26291195
0.2550551,0.0,0.24933909,0.22468533,0.27092052
0.24384934,0.23493391,0.25870913,0.0,0.26250762
0.24280845,0.23619683,0.25984633,0.0,0.26114842
0.24474029,0.23361562,0.26140514,0.0,0.26023895
0.24411358,0.2355192,0.2610931,0.0,0.25927415
0.25382563,0.0,0.24777786,0.22691135,0.2714851
0.24477682,0.23250985,0.26068938,0.0,0.262024
0.24532567,0.23255375,0.26197457,0.0,0.26014605
0.24412683,0.23322797,0.26052457,0.0,0.26212066
0.2444446,0.23450728,0.26113647,0.0,0.25991166
0.25575417,0.0,0.2504617,0.22284,0.27094415
0.24369958,0.23303103,0.2587605,0.0,0.2645089
0.24296153,0.23431364,0.26023403,0.0,0.2624908
0.24412595,0.23359627,0.25985444,0.0,0.26242337
0.24516422,0.23150627,0.26239714,0.0,0.26093242
0.2580636,0.0,0.25089416,0.22016212,0.27088007
0.24470657,0.23253398,0.26121822,0.0,0.26154122
0.24431863,0.23293085,0.26270843,0.0,0.26004207
0.24501914,0.23089245,0.26348305,0.0,0.26060537
0.24393514,0.23199409,0.26285446,0.0,0.26121628
0.25597185,0.0,0.24962021,0.22096077,0.27344722
0.24611065,0.22888568,0.26263157,0.0,0.26237214
0.24396208,0.23021394,0.2641195,0.0,0.26170447
0.24329829,0.23195218,0.2626472,0.0,0.26210237
0.24304049,0.23191053,0.26329604,0.0,0.261753
0.2565012,0.0,0.2514703,0.22434801,0.26768047
0.24533,0.22869368,0.26231566,0.0,0.2636606
0.24406879,0.23178828,0.2630919,0.0,0.26105103
0.2438632,0.23271385,0.2647383,0.0,0.2586847
0.24392395,0.23016742,0.2635147,0.0,0.26239398
0.25699714,0.0,0.25155407,0.22039902,0.2710497
0.24543904,0.22875257,0.2636982,0.0,0.26211017
0.2446942,0.22962852,0.2638741,0.0,0.26180318
0.24402638,0.22921197,0.26567426,0.0,0.2610874
0.24325487,0.2304755,0.2639147,0.0,0.26235488
0.25696865,0.0,0.2522474,0.22048664,0.2702973
0.2462533,0.22753374,0.26366797,0.0,0.26254496
0.24486697,0.22770967,0.2643245,0.0,0.26309887
0.24558409,0.22794415,0.26433095,0.0,0.26214078
0.24353674,0.23094565,0.26407942,0.0,0.2614382
0.2549997,0.0,0.24843466,0.22442019,0.27214542
0.24638543,0.2259066,0.2640349,0.0,0.26367307
0.24612688,0.22609526,0.26488954,0.0,0.2628883
0.24486543,0.22679982,0.2661687,0.0,0.26216605
0.24476397,0.22778194,0.26491806,0.0,0.26253608
0.25780937,0.0,0.25082615,0.21959592,0.2717685
0.24581462,0.0,0.26437992,0.22586744,0.26393807
0.24587193,0.22533692,0.26534733,0.0,0.26344383
0.24744195,0.22370666,0.26778483,0.0,0.2610666
0.24546139,0.22549236,0.26691508,0.0,0.26213115
0.2577823,0.0,0.2511861,0.22193818,0.26909342
0.24720973,0.22217481,0.26669282,0.0,0.26392266
0.24546392,0.22551396,0.26575732,0.0,0.2632648
0.24492918,0.2254034,0.26700568,0.0,0.26266176
0.24419771,0.22607972,0.2659401,0.0,0.26378244
0.2585473,0.0,0.25160336,0.21823882,0.27161053
0.24546003,0.0,0.2667829,0.22350569,0.26425138
0.24526176,0.2244587,0.26752737,0.0,0.26275215
0.24460341,0.22639588,0.2671201,0.0,0.26188064
0.2450838,0.22508153,0.26965103,0.0,0.26018363
0.25704896,0.0,0.25019997,0.221321,0.2714301
0.24605165,0.0,0.26589647,0.22541489,0.262637
0.24407405,0.22537386,0.26760003,0.0,0.26295203
0.24543966,0.2228226,0.26780668,0.0,0.2639311
0.24405925,0.22489603,0.26806045,0.0,0.26298425
0.25797844,0.0,0.2505335,0.22156622,0.2699218
0.24708138,0.0,0.26694518,0.22288415,0.26308924
0.24652472,0.0,0.26856178,0.22095713,0.2639564
0.24471904,0.0,0.26775756,0.22431485,0.26320854
0.24444427,0.22177818,0.26854882,0.0,0.26522878
0.2594914,0.0,0.25079653,0.21754672,0.27216533
0.24412455,0.0,0.263769,0.22713481,0.26497164
0.24439341,0.0,0.26780215,0.22492577,0.2628787
0.24618778,0.22037551,0.27064398,0.0,0.26279277
0.24316365,0.0,0.26586607,0.22434784,0.26662242
0.2581838,0.0,0.24968477,0.22109115,0.27104032
0.24749555,0.0,0.26727754,0.2206754,0.26455152
0.24724723,0.0,0.27004364,0.21936204,0.26334712
0.24548542,0.0,0.26725227,0.2221563,0.265106
0.24612632,0.0,0.27000874,0.22170189,0.262163
0.26010475,0.0,0.2511643,0.21697229,0.27175865
0.24644664,0.0,0.26655337,0.22200146,0.26499853
0.24411269,0.0,0.26664773,0.22189473,0.26734486
0.24529754,0.0,0.26936254,0.22171561,0.2636243
0.24684161,0.2179563,0.27252507,0.0,0.26267704
0.25856376,0.0,0.25072584,0.2199413,0.27076915
0.24680611,0.0,0.26871115,0.22140586,0.26307687
0.24422571,0.0,0.27059978,0.2220185,0.26315603
0.24544407,0.0,0.27122423,0.21926838,0.2640633
0.2458252,0.0,0.27111822,0.21909192,0.26396465
0.2553944,0.0,0.24887091,0.21833102,0.27740365
0.24508381,0.0,0.26427913,0.22464184,0.26599523
0.24408837,0.0,0.26772583,0.2232568,0.264929
0.24371272,0.0,0.26897824,0.2209827,0.26632634
0.24434005,0.0,0.27091885,0.22075014,0.263991
0.2580555,0.0,0.2506135,0.21873188,0.2725991
0.24581203,0.0,0.2700738,0.22156577,0.2625484
0.24535152,0.0,0.27155522,0.22095424,0.26213902
0.2441764,0.0,0.27184877,0.22195762,0.26201722
0.24368031,0.0,0.2714207,0.22225016,0.26264885
0.25973055,0.0,0.25199392,0.21660121,0.27167436
0.24393371,0.0,0.26837093,0.2241144,0.26358095
0.24517356,0.0,0.27044892,0.22151901,0.2628585
0.2455045,0.0,0.27184296,0.21880877,0.26384377
0.24471638,0.0,0.27274662,0.21930325,0.26323375
0.25885665,0.0,0.25028968,0.22004645,0.27080727
0.24666557,0.0,0.26994187,0.21873502,0.2646576
0.24473986,0.0,0.27173284,0.22240971,0.26111758
0.24565852,0.0,0.27256954,0.21855253,0.2632194
0.24460945,0.0,0.27289987,0.22021623,0.26227444
0.25820926,0.0,0.25011703,0.21928251,0.27239126
0.24508236,0.0,0.2706387,0.22164296,0.262636
0.24419329,0.0,0.2718904,0.21981704,0.26409927
0.24463026,0.0,0.27394325,0.22074476,0.26068175
0.24498451,0.0,0.27538082,0.21692109,0.26271358
0.2605889,0.0,0.25203022,0.21639447,0.27098638
0.24401632,0.0,0.26966682,0.2206246,0.26569226
0.24365768,0.0,0.27292636,0.22347991,0.25993603
0.24590272,0.0,0.27560464,0.21707903,0.2614136
0.24465002,0.0,0.27308112,0.21931076,0.26295808
0.2602108,0.0,0.25005925,0.21800941,0.27172047
0.24481754,0.0,0.26944378,0.22190504,0.26383367
0.24350862,0.0,0.27123964,0.22179805,0.2634537
0.24454874,0.0,0.27344707,0.2204687,0.26153553
0.24432251,0.0,0.27483153,0.22081587,0.2600301
0.26123622,0.0,0.2500113,0.2139246,0.27482787
0.24401307,0.0,0.26961362,0.22402023,0.26235306
0.244102,0.0,0.27308837,0.22051693,0.26229274
0.24305901,0.0,0.27316582,0.22211005,0.26166517
0.24348204,0.0,0.27462986,0.21866865,0.26321945
0.26099238,0.0,0.25005043,0.21624775,0.27270946
0.24417685,0.0,0.27180356,0.2216873,0.26233232
0.24363007,0.0,0.27476755,0.21970804,0.26189438
0.2451111,0.0,0.27487776,0.21860299,0.26140818
0.24387093,0.0,0.27646753,0.22082373,0.25883776
0.26228088,0.0,0.25120708,0.2133101,0.2732019
0.24363633,0.0,0.26920643,0.22483824,0.26231903
0.24198496,0.0,0.27395087,0.22272533,0.26133877
0.24269599,0.0,0.27309665,0.22289447,0.26131293
0.24298568,0.0,0.27342248,0.22226335,0.26132852
0.26263064,0.0,0.25012425,0.21258865,0.27465647
0.24455032,0.0,0.27163497,0.22483295,0.25898173
0.24197808,0.0,0.2748713,0.22429174,0.25885892
0.24356416,0.0,0.27792636,0.21881308,0.2596964
0.24490127,0.0,0.27782133,0.21760805,0.25966936
0.26174966,0.0,0.25013316,0.21580161,0.27231562
0.24387597,0.0,0.27086878,0.22189708,0.26335815
0.24358866,0.0,0.27648756,0.21932659,0.26059717
0.24326387,0.0,0.27431774,0.22115825,0.26126015
0.24359328,0.0,0.27572933,0.22108416,0.25959322
0.26128945,0.0,0.25056005,0.21561426,0.27253625
0.24395104,0.0,0.27312186,0.22431976,0.2586073
0.24355,0.0,0.27720916,0.22172315,0.25751767
0.24290977,0.0,0.27816457,0.22117555,0.2577501
0.2429064,0.0,0.27650985,0.22212487,0.2584589
0.26298967,0.0,0.2510051,0.21318391,0.2728213
0.24508409,0.0,0.27416152,0.21994218,0.26081222
0.24311495,0.0,0.27655706,0.22276726,0.2575608
0.24300276,0.0,0.2768697,0.22281747,0.25731006
0.24221614,0.0,0.2757755,0.22303465,0.25897372
0.26321557,0.0,0.25156635,0.21296316,0.27225494
0.24542259,0.0,0.27330908,0.2211354,0.26013297
0.24202698,0.0,0.27694035,0.2236591,0.25737354
0.2451202,0.0,0.28082755,0.21798486,0.25606743
0.24418303,0.0,0.2806449,0.21775945,0.25741264
0.26441976,0.0,0.2517458,0.21081975,0.27301463
0.24459802,0.0,0.2756777,0.2228394,0.25688487
0.2425595,0.0,0.27804506,0.22111277,0.25828266
0.24193874,0.0,0.2784385,0.22207697,0.2575458
0.24383298,0.0,0.27848962,0.21985915,0.25781825
0.26459953,0.0,0.25129622,0.21212395,0.2719803
0.24531098,0.0,0.27681005,0.22007468,0.25780427
0.24326734,0.0,0.28020763,0.22124603,0.25527906
0.24220096,0.0,0.27934152,0.22241415,0.25604343
0.2439276,0.0,0.27905434,0.22014701,0.25687107
0.26375133,0.0,0.25113428,0.21219501,0.2729194
0.2443337,0.0,0.27627167,0.22261275,0.25678188
0.24314156,0.0,0.27885464,0.22231258,0.2556912
0.24311374,0.0,0.280696,0.22216974,0.2540205
0.24234997,0.0,0.27937493,0.22244063,0.25583443
0.26456448,0.0,0.25152218,0.21209775,0.27181557
0.24355309,0.0,0.2766409,0.22384863,0.2559574
0.2429005,0.0,0.27949953,0.22412962,0.25347033
0.24382801,0.0,0.28293365,0.21876326,0.25447503
0.24438488,0.0,0.28196952,0.2183031,0.25534245
0.26519465,0.0,0.25125062,0.21364237,0.2699123
0.24255408,0.0,0.27742898,0.22540072,0.25461626
0.24347904,0.0,0.28177753,0.22032234,0.2544211
0.24219574,0.0,0.28209242,0.21989182,0.2558201
0.24444301,0.0,0.2833227,0.2175899,0.25464442
0.26628354,0.0,0.2529616,0.21040758,0.27034727
0.24477467,0.0,0.27828458,0.22312991,0.25381082
0.2432125,0.0,0.2819906,0.22040592,0.254391
0.24278267,0.0,0.28205475,0.22154674,0.25361583
0.24184877,0.0,0.28119206,0.22286291,0.2540962
0.2655395,0.0,0.25104523,0.21100648,0.27240884
0.24371645,0.0,0.28113824,0.22189568,0.2532496
0.24175692,0.0,0.2796027,0.22371604,0.2549243
0.24228114,0.0,0.28523928,0.2226191,0.24986045
0.24471048,0.0,0.28427204,0.2186923,0.2523252
0.2668793,0.0,0.25117457,0.21286263,0.26908353
0.24420227,0.0,0.2810276,0.22128756,0.25348258
0.24352707,0.0,0.28400272,0.22216913,0.2503011
0.24299881,0.0,0.28444406,0.22103243,0.2515247
0.24418633,0.0,0.2836374,0.2203604,0.25181586
0.26697052,0.0,0.25154793,0.21178558,0.26969597
0.24499054,0.0,0.28127402,0.22088715,0.25284827
0.24166678,0.0,0.28302732,0.22311641,0.25218943
0.24263726,0.0,0.2850847,0.22201183,0.25026622
0.243939,0.0,0.2860578,0.21722813,0.25277504
0.26809838,0.0,0.25199425,0.20843357,0.27147374
0.24334647,0.0,0.28025392,0.22341003,0.2529896
0.24270765,0.0,0.2827981,0.21925105,0.25524315
0.24457487,0.0,0.2873482,0.21661705,0.25145987
0.24409561,0.0,0.28577462,0.21789072,0.25223902
0.26842222,0.0,0.25188363,0.20999853,0.2696956
0.24272248,0.0,0.28061974,0.2245618,0.25209594
0.24409086,0.0,0.285657,0.21854226,0.2517099
0.24305512,0.0,0.28696668,0.2191134,0.25086477
0.24367832,0.0,0.2868744,0.21758477,0.2518625
0.26859605,0.0,0.25106144,0.20918512,0.27115738
0.24483372,0.0,0.28322193,0.21959046,0.2523539
0.24306592,0.0,0.28715834,0.21959946,0.25017628
0.24295993,0.0,0.2874994,0.2200161,0.24952456
0.2438149,0.0,0.28630233,0.21830276,0.25158003
0.2689459,0.0,0.25217932,0.21040882,0.2684659
0.24386519,0.0,0.28330913,0.22123823,0.25158742
0.2430209,0.0,0.28634667,0.22136705,0.24926536
0.24161337,0.0,0.28721756,0.22250615,0.2486629
0.24434909,0.0,0.2885171,0.21886936,0.24826442
0.26960033,0.0,0.25186524,0.21103059,0.26750383
0.2424667,0.0,0.28364122,0.22293149,0.25096056
0.24197778,0.0,0.28802612,0.22291943,0.24707663
0.24226771,0.0,0.28894693,0.22202569,0.24675965
0.24294783,0.0,0.28782538,0.21769728,0.2515295
0.27065796,0.0,0.25214532,0.20993905,0.26725766
0.24231283,0.0,0.2836913,0.22379588,0.25019997
0.242925,0.0,0.28723904,0.22126965,0.24856636
0.24271671,0.0,0.28802598,0.2219244,0.24733296
0.24219139,0.0,0.28884566,0.22172682,0.24723619
0.2703815,0.0,0.25199008,0.20812775,0.26950067
0.2432101,0.0,0.28618118,0.22373793,0.24687076
0.24339244,0.0,0.29114413,0.21883728,0.24662614
0.2435122,0.0,0.29196286,0.21786457,0.24666037
0.24327216,0.0,0.29267776,0.21747684,0.24657322
0.27209702,0.0,0.25273854,0.20841111,0.26675335
0.24257573,0.0,0.28727564,0.22123592,0.24891269
0.24371938,0.0,0.2910014,0.2182398,0.24703942
0.24364848,0.0,0.2936303,0.21823578,0.24448541
0.24517573,0.0,0.29450858,0.21624315,0.24407257
0.2707068,0.0,0.25166234,0.21032341,0.2673075
0.24391912,0.0,0.29029566,0.21955302,0.24623221
0.24158193,0.0,0.28994116,0.22067966,0.24779728
0.24239814,0.0,0.29306206,0.2192538,0.24528602
0.24364045,0.0,0.2956236,0.21722162,0.24351434
0.2717254,0.0,0.25326782,0.20865366,0.26635313
0.24285425,0.0,0.29205665,0.22085807,0.24423105
0.24233319,0.0,0.29291895,0.2204271,0.24432077
0.24325648,0.0,0.29458946,0.219307,0.242847
0.24201836,0.0,0.29756546,0.21850243,0.2419137
0.2729495,0.0,0.25413072,0.20672876,0.26619104
0.23337708,0.2980701,0.22041698,0.24813588,0.0
0.23183058,0.3023848,0.21924222,0.24654244,0.0
0.23551081,0.30139795,0.221247,0.24184422,0.0
0.2389317,0.30030915,0.22489198,0.23586717,0.0
0.23901267,0.30106896,0.22395009,0.23596825,0.0
0.23775904,0.29693034,0.22292575,0.24238485,0.0
0.2387738,0.29926127,0.22344351,0.23852144,0.0
0.2389939,0.30029905,0.22374906,0.23695803,0.0
0.2397366,0.29966173,0.2242465,0.23635516,0.0
0.24084666,0.2995172,0.22526416,0.23437193,0.0
0.24078435,0.2947978,0.22495265,0.23946524,0.0
0.24102437,0.2972581,0.22513087,0.23658663,0.0
0.2402332,0.2982555,0.22389753,0.23761377,0.0
0.24320436,0.29711676,0.22730377,0.23237516,0.0
0.24345306,0.29632214,0.22687964,0.23334515,0.0
0.24246015,0.2931935,0.22565277,0.23869354,0.0
0.24016398,0.29666123,0.22429013,0.23888469,0.0
0.24114767,0.29643762,0.2250168,0.23739791,0.0
0.24532819,0.29403698,0.22844197,0.23219289,0.0
0.24333078,0.29498032,0.22610629,0.23558265,0.0
0.24391532,0.2898887,0.22619171,0.24000421,0.0
0.2416143,0.2937454,0.22654265,0.23809764,0.0
0.2432436,0.2929904,0.2270262,0.23673984,0.0
0.24322881,0.29245487,0.22689205,0.23742424,0.0
0.24286805,0.29290816,0.22653493,0.23768885,0.0
0.24447185,0.287113,0.22716664,0.24124847,0.0
0.24189523,0.2904984,0.22500879,0.2425976,0.0
0.24286723,0.29062197,0.22736992,0.23914085,0.0
0.24371277,0.29013187,0.227066,0.23908934,0.0
0.2421793,0.29159862,0.22571433,0.24050778,0.0
0.24289861,0.28641897,0.22546212,0.24522032,0.0
0.2425457,0.28885534,0.22588974,0.24270923,0.0
0.24264236,0.2909179,0.22833253,0.2381072,0.0
0.24352457,0.28965345,0.22938682,0.23743519,0.0
0.24298717,0.2896807,0.22864053,0.2386916,0.0
0.24391894,0.28375554,0.22661936,0.24570613,0.0
0.24364197,0.2857631,0.22848505,0.24210986,0.0
0.24354033,0.28645313,0.22751378,0.24249275,0.0
0.24280949,0.2877676,0.22731881,0.24210416,0.0
0.24561748,0.28653824,0.23045313,0.23739117,0.0
0.24410425,0.28154823,0.2273284,0.24701917,0.0
0.24228068,0.2846877,0.22678313,0.24624853,0.0
0.24355069,0.28544837,0.22829814,0.2427028,0.0
0.24688248,0.28460318,0.23119324,0.23732108,0.0
0.24375395,0.2853645,0.2284118,0.24246974,0.0
0.24501383,0.27831808,0.2272071,0.24946102,0.0
0.24260104,0.28319055,0.22780533,0.24640307,0.0
0.24074323,0.284501,0.22714117,0.24761459,0.0
0.24409345,0.28379074,0.22965623,0.24245954,0.0
0.2440608,0.28478405,0.23051436,0.24064076,0.0
0.24548659,0.27687365,0.22820486,0.24943492,0.0
0.24220265,0.28064615,0.22732663,0.24982457,0.0
0.24469005,0.2808133,0.23147264,0.24302407,0.0
0.24499369,0.28116062,0.23194225,0.24190344,0.0
0.24377821,0.2818232,0.23011857,0.24428004,0.0
0.24644217,0.27541256,0.22896458,0.2491807,0.0
0.24121298,0.28027907,0.22731178,0.2511962,0.0
0.24413684,0.27969208,0.23009618,0.24607493,0.0
0.24521255,0.28103986,0.23109469,0.24265285,0.0
0.24819268,0.27922848,0.23261957,0.23995924,0.0
0.2459206,0.27481118,0.22798853,0.25127968,0.0
0.2427948,0.2786506,0.22905515,0.24949944,0.0
0.24117684,0.28127113,0.22865826,0.24889371,0.0
0.24460858,0.27976444,0.23100716,0.24461977,0.0
0.24255235,0.28141493,0.22955093,0.24648178,0.0
0.24534248,0.2748495,0.22902745,0.2507806,0.0
0.24269103,0.27800977,0.22925566,0.2500435,0.0
0.24244569,0.28113666,0.22933084,0.24708681,0.0
0.24346653,0.28160676,0.23170315,0.24322352,0.0
0.24209504,0.2837021,0.23057568,0.24362716,0.0
0.2434279,0.27651772,0.22790581,0.25214857,0.0
0.24222186,0.2780931,0.22873797,0.25094706,0.0
0.24186328,0.28078407,0.22941068,0.24794196,0.0
0.2419198,0.28176242,0.23089506,0.24542268,0.0
0.24185885,0.281011,0.22990857,0.24722162,0.0
0.24337475,0.2743765,0.22721076,0.255038,0.0
0.24118339,0.27868596,0.22918615,0.25094453,0.0
0.24351129,0.27975947,0.23012039,0.24660881,0.0
0.24528794,0.28035325,0.23201054,0.24234827,0.0
0.24592717,0.28005752,0.23231189,0.2417034,0.0
0.2503384,0.27185175,0.23224804,0.2455618,0.0
0.24322005,0.27752206,0.23043332,0.24882457,0.0
0.24140911,0.28071564,0.2281661,0.24970913,0.0
0.24232611,0.28145742,0.2293597,0.2468567,0.0
0.24435365,0.28088215,0.23000787,0.24475633,0.0
0.24979262,0.27284485,0.2297527,0.24760981,0.0
0.24464945,0.27785328,0.2299344,0.24756283,0.0
0.24088667,0.28135306,0.2286736,0.2490866,0.0
0.24253887,0.2813858,0.22979258,0.24628274,0.0
0.2420661,0.2820222,0.22883269,0.24707898,0.0
0.24621381,0.27309817,0.22731943,0.25336862,0.0
0.24065499,0.27837795,0.22795193,0.25301513,0.0
0.24388482,0.27919543,0.23071474,0.24620499,0.0
0.24319169,0.2807536,0.22981872,0.24623601,0.0
0.24165447,0.2815701,0.2296916,0.24708383,0.0
0.24839805,0.27234656,0.22911,0.25014544,0.0
0.23956837,0.27946725,0.22720209,0.2537623,0.0
0.24420173,0.27919176,0.23135762,0.24524887,0.0
0.24438581,0.27988216,0.23056822,0.24516383,0.0
0.24222767,0.28143185,0.23033041,0.24601004,0.0
0.24970618,0.27116105,0.23017612,0.2489566,0.0
0.24326482,0.27728167,0.23085937,0.2485941,0.0
0.24340804,0.27926156,0.23088244,0.24644794,0.0
0.24090338,0.28156614,0.2293907,0.24813981,0.0
0.24110922,0.28271428,0.23003459,0.24614193,0.0
0.24895269,0.2725703,0.22966316,0.24881382,0.0
0.24295937,0.2783852,0.23038322,0.24827223,0.0
0.24178635,0.27928507,0.22985579,0.24907278,0.0
0.24227986,0.28084856,0.23015687,0.2467147,0.0
0.2430151,0.28275546,0.23166263,0.24256682,0.0
0.24889213,0.2719836,0.23019406,0.2489302,0.0
0.24269013,0.2779687,0.23093806,0.24840312,0.0
0.24316075,0.2787269,0.2316534,0.24645892,0.0
0.24200973,0.28039843,0.23075056,0.2468413,0.0
0.24247207,0.28128004,0.23277484,0.24347308,0.0
0.250045,0.27108732,0.23106469,0.24780294,0.0
0.24210311,0.27835354,0.23039271,0.24915062,0.0
0.24253677,0.27896565,0.23083475,0.24766287,0.0
0.24161778,0.2800669,0.23131436,0.24700092,0.0
0.24365427,0.28034946,0.23353174,0.24246453,0.0
0.2521525,0.269292,0.23195389,0.24660158,0.0
0.24343255,0.27609873,0.23190533,0.24856336,0.0
0.24430509,0.27602208,0.23279372,0.24687915,0.0
0.24316965,0.27848423,0.23263095,0.24571519,0.0
0.2410141,0.28055695,0.23234175,0.2460872,0.0
0.25026545,0.26916173,0.23045637,0.25011647,0.0
0.24053581,0.27757573,0.23023033,0.25165808,0.0
0.24343657,0.27598605,0.2325379,0.24803945,0.0
0.24076535,0.27796587,0.2310353,0.25023347,0.0
0.24214946,0.2778839,0.23189461,0.24807201,0.0
0.25274733,0.2660821,0.23237424,0.24879627,0.0
0.2411735,0.27515495,0.23068345,0.2529881,0.0
0.24230702,0.27464113,0.23065698,0.25239486,0.0
0.24152644,0.2762645,0.23069936,0.25150964,0.0
0.24094161,0.27685055,0.2331733,0.24903457,0.0
0.25374982,0.26335338,0.23327097,0.24962583,0.0
0.24162927,0.27354944,0.23172817,0.2530931,0.0
0.24308188,0.27266747,0.23280098,0.2514497,0.0
0.24088854,0.27466267,0.23107651,0.25337225,0.0
0.24189933,0.2744451,0.23375796,0.24989763,0.0
0.25191694,0.26264045,0.0,0.25409728,0.23134531
0.2408107,0.2724677,0.23166037,0.25506118,0.0
0.24304041,0.27225056,0.23410241,0.25060663,0.0
0.23972805,0.27545398,0.23322022,0.25159773,0.0
0.2400645,0.27492428,0.23584834,0.24916291,0.0
0.25528663,0.2571773,0.0,0.25167137,0.2358647
0.24155232,0.27002847,0.23451649,0.2539027,0.0
0.24164473,0.2693472,0.23559205,0.25341603,0.0
0.23790173,0.27247462,0.23420577,0.25541785,0.0
0.23690936,0.27296925,0.23497768,0.2551437,0.0
0.2555795,0.25337327,0.0,0.253735,0.23731218
0.23967978,0.2677259,0.23610446,0.25648978,0.0
0.23847279,0.26789054,0.0,0.25705168,0.236585
0.23616561,0.27064106,0.23585181,0.25734153,0.0
0.0,0.26978555,0.23741142,0.2556868,0.23711623
0.25573373,0.24862431,0.0,0.2536901,0.24195193
0.23641476,0.26515752,0.0,0.260434,0.23799375
0.0,0.26578405,0.23763983,0.26007086,0.23650526
0.0,0.2678909,0.23898755,0.25819764,0.23492394
0.0,0.2688456,0.23918597,0.2558496,0.23611887
0.25788212,0.2427231,0.0,0.25353983,0.24585493
0.0,0.25803497,0.2402955,0.26153374,0.24013582
0.0,0.2618888,0.23816513,0.26321018,0.23673593
0.0,0.263317,0.24130046,0.2579524,0.23743014
0.0,0.26687306,0.24292018,0.2567014,0.23350535
0.25568083,0.0,0.23756853,0.2569653,0.24978529
0.0,0.25239116,0.24132633,0.26629087,0.23999162
0.0,0.25779447,0.2424268,0.26460016,0.23517857
0.0,0.26014185,0.24429171,0.25983155,0.23573488
0.0,0.2623265,0.24564776,0.25968707,0.23233865
0.2516904,0.0,0.23584774,0.25684103,0.25562084
0.0,0.24882041,0.24544068,0.26705757,0.23868132
0.0,0.25336996,0.24897084,0.2601116,0.23754764
0.0,0.2571855,0.24812397,0.26008618,0.23460434
0.0,0.25835216,0.25110233,0.2587347,0.2318108
0.25251308,0.0,0.23856366,0.25512305,0.2538002
0.0,0.24432619,0.2502631,0.26665995,0.23875076
0.0,0.2525857,0.25443882,0.26052785,0.2324476
0.0,0.25488102,0.2580148,0.25380513,0.23329903
0.0,0.25464332,0.2600294,0.25086567,0.2344616
0.25088263,0.0,0.24215177,0.24956,0.25740564
0.0,0.24440116,0.2527526,0.26612824,0.236718
0.0,0.25057027,0.25912416,0.25607973,0.23422581
0.0,0.25597528,0.26216343,0.251408,0.2304533
0.0,0.25663778,0.26391324,0.24970314,0.22974588
0.24916662,0.0,0.24139303,0.25246462,0.25697574
0.0,0.24131605,0.25959376,0.26209372,0.23699649
0.0,0.24917458,0.26283714,0.256573,0.2314153
0.0,0.25179985,0.2637529,0.25496873,0.22947852
0.0,0.25289252,0.26612747,0.2517841,0.2291959
0.25076026,0.0,0.24322236,0.250198,0.25581935
0.0,0.23911454,0.26474297,0.2627669,0.23337558
0.0,0.24797517,0.26812112,0.25548103,0.22842266
0.0,0.25085038,0.26951018,0.25156593,0.22807355
0.0,0.25105304,0.27411202,0.24985701,0.22497796
0.25108078,0.0,0.2466118,0.24702506,0.25528237
0.0,0.2349684,0.26677933,0.2646045,0.23364775
0.0,0.24166073,0.27011156,0.2584117,0.22981602
0.0,0.24884507,0.27640605,0.25036877,0.22438009
0.0,0.24893606,0.27768344,0.24901946,0.22436108
0.25048727,0.0,0.24757443,0.24813311,0.2538052
0.0,0.23067427,0.27155995,0.267632,0.23013374
0.0,0.23704427,0.27791762,0.25719497,0.22784317
0.0,0.24493788,0.28274068,0.24975559,0.22256584
0.0,0.24482386,0.2863618,0.2467036,0.22211072
0.24711095,0.0,0.24662896,0.25218257,0.2540775
0.0,0.22896172,0.27886355,0.26418436,0.22799042
0.0,0.2382059,0.28706098,0.2520029,0.22273026
0.0,0.24218673,0.29339728,0.24481416,0.21960185
0.0,0.24318051,0.29715163,0.24116807,0.2184998
0.249281,0.0,0.25061277,0.24760586,0.25250033
0.23971567,0.2742681,0.0,0.25672737,0.22928889
0.23448685,0.27956653,0.0,0.25614443,0.22980224
0.23364449,0.28588098,0.2294453,0.25102925,0.0
0.2339754,0.27794757,0.0,0.2555081,0.2325689
0.2381585,0.27876577,0.23286937,0.25020632,0.0
0.24206805,0.27232075,0.22875924,0.25685194,0.0
0.23747039,0.27551764,0.0,0.25482944,0.23218255
0.23455882,0.27733055,0.0,0.26137117,0.22673948
0.24109195,0.27617112,0.0,0.24836998,0.23436695
0.23723432,0.2732762,0.0,0.2525393,0.23695016
0.24335967,0.26938862,0.22917414,0.25807756,0.0
0.23980534,0.27402827,0.0,0.25383413,0.23233227
0.2362185,0.2710483,0.0,0.25617447,0.23655874
0.2388901,0.28072205,0.0,0.24727881,0.23310906
0.23649284,0.2740503,0.0,0.25425774,0.23519912
0.24255295,0.26935795,0.22867127,0.25941786,0.0
0.2384405,0.27751738,0.0,0.2506026,0.23343948
0.23735484,0.27113396,0.0,0.25618082,0.2353304
0.23994553,0.27441654,0.23269024,0.25294766,0.0
0.23943762,0.27467415,0.2330887,0.25279945,0.0
0.24309883,0.2670847,0.0,0.25969172,0.23012479
0.23761158,0.27175236,0.0,0.25945184,0.23118421
0.24493058,0.26944178,0.0,0.24816345,0.2374642
0.24128304,0.2692187,0.0,0.24868871,0.24080953
0.2412641,0.2719191,0.23286267,0.2539541,0.0
0.2424949,0.2677444,0.0,0.25971892,0.23004183
0.23483346,0.26933998,0.0,0.25993752,0.23588902
0.24077037,0.27790684,0.0,0.24539489,0.23592786
0.23895586,0.27233982,0.0,0.25345963,0.23524468
0.24112076,0.27140874,0.23395278,0.2535177,0.0
0.2408614,0.2719829,0.0,0.25577274,0.23138295
0.24259736,0.2689689,0.23584539,0.25258833,0.0
0.23836069,0.27220473,0.0,0.25493357,0.23450105
0.24076226,0.2713034,0.0,0.25518036,0.23275399
0.24264775,0.26739457,0.0,0.2526389,0.2373188
0.24463159,0.26547417,0.22975786,0.26013634,0.0
0.24151774,0.26909554,0.23362942,0.25575724,0.0
0.2473128,0.26444203,0.0,0.24327253,0.24497265
0.24365772,0.266693,0.0,0.25211674,0.23753253
0.24426489,0.26607096,0.0,0.2500481,0.239616
0.25033748,0.26341474,0.0,0.24837889,0.23786892
0.23276536,0.26122752,0.0,0.26424462,0.2417625
0.24317668,0.27367145,0.23832764,0.24482417,0.0
0.23826043,0.26525813,0.0,0.2537992,0.24268225
0.24235025,0.2669898,0.0,0.24967326,0.24098668
0.24550565,0.26869115,0.0,0.2539937,0.23180953
0.23834103,0.26566234,0.0,0.25750554,0.23849106
0.2377672,0.2680452,0.0,0.25479436,0.23939325
0.24176867,0.26859942,0.0,0.25167897,0.23795289
0.24428076,0.2654845,0.0,0.24975438,0.2404804
0.24369502,0.26544914,0.0,0.25844136,0.23241451
0.24284366,0.26852667,0.23487337,0.25375625,0.0
0.24656236,0.2640661,0.0,0.24604706,0.24332449
0.24046539,0.2657597,0.0,0.2547216,0.23905335
0.2446278,0.26597652,0.0,0.2502412,0.23915443
0.25221366,0.25944,0.0,0.24953191,0.23881444
0.23316757,0.2582519,0.0,0.26829273,0.24028777
0.24709806,0.26327622,0.0,0.2478832,0.24174258
0.24435283,0.26342374,0.0,0.2513677,0.24085568
0.24392046,0.26619738,0.0,0.25224173,0.23764041
0.24606559,0.26710716,0.0,0.25436315,0.23246416
0.23925795,0.26335183,0.0,0.25735545,0.24003476
0.24323833,0.2692705,0.2365556,0.25093555,0.0
0.24362996,0.26449737,0.0,0.25075972,0.24111295
0.24448548,0.26726454,0.0,0.24789058,0.24035937
0.2456933,0.26391235,0.0,0.25664833,0.23374598
0.2456352,0.2664879,0.23838499,0.24949196,0.0
0.24392067,0.26456934,0.0,0.25384048,0.23766951
0.24312383,0.26447675,0.0,0.25231537,0.24008399
0.23873563,0.26503688,0.0,0.2583358,0.2378917
0.25214276,0.25752214,0.0,0.24901845,0.24131672
0.24252011,0.26183084,0.0,0.2534463,0.24220271
0.24355486,0.26370135,0.0,0.2536728,0.23907095
0.24058454,0.26497522,0.0,0.25439447,0.24004573
0.24291652,0.2626241,0.0,0.25322104,0.24123833
0.24773428,0.26191697,0.23394184,0.2564069,0.0
0.24168637,0.26331878,0.0,0.25490627,0.24008855
0.24727121,0.2881797,0.23379582,0.0,0.23075326
0.24442361,0.27238658,0.0,0.24357414,0.23961568
0.24449289,0.2656689,0.0,0.248326,0.24151221
0.24744973,0.25881463,0.0,0.2588566,0.23487905
0.24308607,0.2635357,0.0,0.25213256,0.24124564
0.24615404,0.2619188,0.0,0.24962847,0.24229866
0.24541514,0.26236168,0.0,0.25119403,0.24102917
0.24060267,0.263655,0.0,0.25649893,0.23924342
0.25520712,0.2538774,0.0,0.24491896,0.24599652
0.2386673,0.26300558,0.0,0.25687253,0.24145457
0.24421512,0.26244372,0.0,0.25448284,0.23885833
0.2500214,0.25747427,0.0,0.2412819,0.25122246
0.24419643,0.26058114,0.0,0.248601,0.24662143
0.24784143,0.2564958,0.0,0.2600919,0.23557082
0.2437601,0.26025525,0.0,0.25188723,0.24409743
0.23770903,0.25791672,0.0,0.2576151,0.24675916
0.24437046,0.27035567,0.0,0.24412481,0.24114905
0.2470388,0.2620815,0.0,0.24638036,0.24449933
0.24773704,0.2535496,0.0,0.26173362,0.23697971
0.24511187,0.26059905,0.0,0.2526735,0.24161561
0.24347821,0.26208627,0.0,0.2533937,0.24104185
0.24541137,0.26102108,0.0,0.2497836,0.243784
0.24022618,0.25893113,0.0,0.2630551,0.23778756
0.24684711,0.2569051,0.0,0.26090106,0.23534669
0.24399291,0.2601943,0.0,0.25400606,0.24180676
0.24171034,0.2610656,0.0,0.2598063,0.23741776
0.25022393,0.25825393,0.0,0.24136305,0.2501591
0.24525282,0.25886038,0.0,0.25093463,0.24495214
0.2507651,0.2556073,0.0,0.25655967,0.23706797
0.24470466,0.25862467,0.0,0.2525157,0.24415495
0.23934288,0.25732943,0.0,0.2596494,0.24367829
0.24254951,0.26868618,0.0,0.24605514,0.24270919
0.24272777,0.26431683,0.0,0.25188854,0.24106684
0.25016585,0.25369224,0.0,0.2568914,0.2392505
0.24241638,0.2656515,0.0,0.24934708,0.24258508
0.2422626,0.26251176,0.0,0.2528981,0.24232756
0.24394824,0.25919288,0.0,0.24990328,0.24695562
0.23950604,0.25902814,0.0,0.25996214,0.24150372
0.2473048,0.25365806,0.0,0.2596721,0.23936504
0.24004887,0.26001108,0.0,0.2558237,0.24411634
0.2395352,0.25847653,0.0,0.2591969,0.24279138
0.25197595,0.2592838,0.0,0.24210723,0.24663304
0.2485763,0.25711635,0.0,0.24757232,0.24673505
0.2509628,0.25336933,0.0,0.25570488,0.23996302
0.25009874,0.25493845,0.0,0.2455158,0.24944706
0.2451617,0.25787762,0.0,0.25394014,0.2430206
0.2446672,0.26612672,0.0,0.24836296,0.2408431
0.2472072,0.25737524,0.0,0.25290748,0.24251008
0.24481797,0.24910857,0.0,0.2626311,0.24344234
0.24250624,0.26666558,0.0,0.25051647,0.24031167
0.2433018,0.26042867,0.0,0.2542713,0.24199827
0.24708313,0.25737485,0.0,0.2485356,0.24700643
0.25053766,0.2563259,0.0,0.24897195,0.24416444
0.24900454,0.25559542,0.0,0.25824404,0.23715602
0.24238943,0.25761563,0.0,0.25588384,0.24411112
0.24371882,0.25634724,0.0,0.25716347,0.24277046
0.25227848,0.25701374,0.24321814,0.24748963,0.0
0.24691306,0.25878036,0.0,0.2503641,0.24394245
0.24750836,0.25347552,0.0,0.2581232,0.24089296
0.2487918,0.25796372,0.0,0.25082475,0.24241969
0.24456137,0.2565307,0.0,0.2501313,0.24877663
0.24479741,0.256521,0.0,0.25426373,0.24441785
0.24535508,0.257346,0.0,0.2530343,0.24426465
0.25612408,0.24918737,0.0,0.24815507,0.24653345
0.2437059,0.24833462,0.0,0.26351964,0.24443989
0.24209778,0.26331854,0.0,0.2496123,0.24497135
0.24802525,0.25593913,0.0,0.24974252,0.2462931
0.24774982,0.25641048,0.0,0.2507318,0.2451079
0.2518488,0.25710008,0.0,0.25241396,0.23863713
0.24447171,0.2558663,0.0,0.2548641,0.24479787
0.24798061,0.25592488,0.0,0.25085258,0.24524197
0.24728414,0.25532675,0.0,0.25156823,0.24582088
0.24400066,0.25637233,0.0,0.2532099,0.24641712
0.25240776,0.2498398,0.0,0.25657824,0.2411742
0.24382742,0.25518787,0.0,0.25958422,0.2414005
0.2546498,0.2501126,0.0,0.24242553,0.2528121
0.24750422,0.2552873,0.0,0.25364518,0.24356334
0.2470585,0.25536868,0.0,0.2523273,0.24524555
0.25246003,0.2510892,0.23433955,0.26211128,0.0
0.2450658,0.2527177,0.0,0.25432536,0.2478911
0.24604702,0.2534419,0.0,0.25603828,0.24447277
0.24713047,0.25365993,0.0,0.2513241,0.24788551
0.25057626,0.2541743,0.0,0.24910092,0.24614853
0.24924634,0.25796053,0.0,0.25375047,0.23904262
0.24759825,0.2558491,0.0,0.2490846,0.24746804
0.24285445,0.25476265,0.0,0.2542136,0.24816933
0.24759462,0.2538536,0.0,0.2508482,0.24770366
0.24812219,0.25340787,0.0,0.25164694,0.24682301
0.2474972,0.25765115,0.0,0.2544773,0.24037436
0.24523188,0.25566247,0.0,0.2523063,0.24679933
0.24613507,0.25391945,0.0,0.25429508,0.24565037
0.24388109,0.2539285,0.0,0.25496334,0.24722707
0.2463293,0.26239526,0.0,0.24742688,0.24384855
0.24811456,0.24897432,0.0,0.25989148,0.24301963
0.24347872,0.2541286,0.0,0.2588208,0.24357188
0.25067326,0.2528723,0.0,0.24937333,0.24708112
0.24664225,0.25187096,0.0,0.25093502,0.25055176
0.24902675,0.25255144,0.0,0.2495228,0.24889898
0.25100878,0.24802275,0.0,0.2568311,0.24413735
0.24511757,0.25265968,0.0,0.25540763,0.24681515
0.24721114,0.25263527,0.0,0.25450256,0.24565098
0.24627821,0.25197917,0.0,0.2545855,0.24715713
0.24862824,0.25283843,0.0,0.2486365,0.24989678
0.25028136,0.2477187,0.0,0.2592369,0.24276304
0.24775735,0.25170442,0.0,0.25304326,0.24749494
0.2458054,0.2531614,0.0,0.25441942,0.24661379
0.24686763,0.2524773,0.0,0.25371286,0.2469422
0.24738854,0.25205138,0.0,0.25304866,0.24751136
0.24958335,0.24682328,0.0,0.26038778,0.24320564
0.24401808,0.25051883,0.0,0.2554377,0.25002542
0.24561784,0.2526383,0.0,0.25378758,0.24795629
0.24753068,0.25455317,0.0,0.24719599,0.25072014
0.24843675,0.25170055,0.0,0.24915694,0.2507058
0.25106013,0.24463385,0.0,0.25868016,0.24562582
0.2485321,0.2500821,0.0,0.2518908,0.24949497
0.24746054,0.25082552,0.0,0.25420395,0.24750999
0.2482444,0.25145283,0.0,0.2505418,0.24976097
0.24938223,0.24932547,0.0,0.25008935,0.25120288
0.251342,0.24742869,0.0,0.26133722,0.23989205
0.2501674,0.24933743,0.0,0.25173843,0.24875672
0.2510341,0.25026256,0.0,0.25053376,0.24816954
0.24946801,0.25021002,0.0,0.24928337,0.25103855
0.2513507,0.2498882,0.0,0.24984805,0.2489131
0.25174317,0.24626325,0.0,0.2590611,0.24293245
0.2476381,0.25112784,0.0,0.25276405,0.24847001
0.24730381,0.25017846,0.0,0.2547686,0.2477491
0.24811997,0.25002557,0.0,0.25000983,0.25184464
0.24766977,0.2530974,0.0,0.2520842,0.24714866
0.25071034,0.24554698,0.0,0.2597835,0.24395919
0.24800842,0.24794677,0.0,0.2539648,0.25008002
0.24649385,0.2497153,0.0,0.25379455,0.2499963
0.24959224,0.2492643,0.0,0.2514106,0.24973285
0.24965052,0.24901123,0.0,0.24968787,0.25165033
0.25534695,0.24346377,0.0,0.25581405,0.24537522
0.25036004,0.24803053,0.0,0.25096437,0.25064507
0.24918793,0.24818748,0.0,0.24923956,0.253385
0.250269,0.24895094,0.0,0.25158924,0.24919084
0.24987303,0.2485488,0.0,0.25069797,0.2508802
0.2528286,0.2438405,0.0,0.2588833,0.24444759
0.2455497,0.24904288,0.0,0.2560313,0.24937612
0.24593449,0.24846523,0.0,0.25525737,0.2503429
0.25012183,0.24847844,0.0,0.2510579,0.25034183
0.24705227,0.24942194,0.0,0.25282133,0.25070447
0.2519342,0.24507263,0.0,0.26027822,0.24271497
0.24841383,0.24876526,0.0,0.2529187,0.24990223
0.2471714,0.2503274,0.0,0.2510136,0.25148755
0.2481462,0.24758309,0.0,0.25283906,0.25143167
0.25120074,0.24804789,0.0,0.25015977,0.25059158
0.25295383,0.24176371,0.0,0.2597963,0.24548614
0.2490158,0.2454057,0.0,0.2536909,0.2518876
0.2502126,0.24586599,0.0,0.25305036,0.2508711
0.24888578,0.2479857,0.0,0.25132406,0.25180447
0.25066817,0.24828352,0.0,0.25017253,0.25087577
0.2602523,0.24169984,0.0,0.2521355,0.24591239
0.24825159,0.24546678,0.0,0.2528281,0.25345352
0.24970557,0.24758643,0.0,0.25083157,0.25187644
0.25068173,0.24616286,0.0,0.24954772,0.2536077
0.24546759,0.2478893,0.0,0.25356957,0.25307357
0.25113147,0.2433155,0.0,0.25979117,0.24576189
0.248779,0.24713686,0.0,0.25286454,0.2512196
0.25025305,0.2464826,0.0,0.2513284,0.25193593
0.24956499,0.24690247,0.0,0.25002337,0.25350916
0.25136873,0.24648929,0.0,0.24858193,0.25356007
0.25348118,0.24365805,0.0,0.2565302,0.24633054
0.24644673,0.24937005,0.0,0.25483608,0.24934715
0.2517954,0.24929494,0.0,0.24820869,0.25070098
0.25031197,0.24896528,0.0,0.24881372,0.25190905
0.25019845,0.24608685,0.0,0.25014263,0.25357205
0.25485992,0.24097389,0.0,0.25959995,0.24456622
0.24714182,0.24619913,0.0,0.25620726,0.25045177
0.24791496,0.24596603,0.0,0.2537933,0.25232574
0.25020528,0.24584179,0.0,0.25264114,0.2513118
0.24947242,0.24663031,0.0,0.25059208,0.2533052
0.2512547,0.24205713,0.0,0.25988793,0.24680023
0.25113088,0.24420376,0.0,0.2510863,0.25357902
0.25457808,0.24415056,0.0,0.2478836,0.25338772
0.2510011,0.2464508,0.0,0.25137085,0.25117725
0.25394368,0.24466786,0.0,0.24926439,0.25212407
0.25570115,0.23992138,0.0,0.25559336,0.24878412
0.24849074,0.24419318,0.0,0.25447303,0.25284308
0.2473931,0.24562293,0.0,0.2543558,0.2526282
0.25107154,0.24571434,0.0,0.24973895,0.25347516
0.25138435,0.24474154,0.0,0.25043005,0.25344408
0.25559163,0.24035922,0.0,0.25905707,0.24499208
0.2493881,0.24706273,0.0,0.25399733,0.24955183
0.25233608,0.24808997,0.0,0.24659587,0.25297806
0.25073746,0.24738207,0.0,0.24761988,0.2542606
0.24955556,0.24602343,0.0,0.24985781,0.25456318
0.2532169,0.23988147,0.0,0.2602474,0.2466542
0.24931195,0.24274081,0.0,0.25460184,0.25334537
0.24898231,0.24366325,0.0,0.25344312,0.25391135
0.25100988,0.24405277,0.0,0.25167507,0.25326222
0.25192228,0.2437985,0.0,0.25099424,0.25328502
0.25701767,0.23700356,0.0,0.2574176,0.24856117
0.2510084,0.24184136,0.0,0.25250322,0.25464708
0.25424564,0.0,0.2416021,0.24730454,0.2568477
0.25120467,0.24404384,0.0,0.25149605,0.2532554
0.24945402,0.2446531,0.0,0.250696,0.25519693
0.25542554,0.2389336,0.0,0.25786316,0.24777769
0.24959716,0.24375805,0.0,0.25308952,0.25355527
0.25138378,0.24375005,0.0,0.2510082,0.2538579
0.2535482,0.0,0.24496707,0.2493316,0.25215313
0.24961829,0.24430692,0.0,0.25122985,0.25484496
0.25738028,0.23699509,0.0,0.25573483,0.24988978
0.24765852,0.24168363,0.0,0.25497127,0.25568655
0.2518431,0.24526219,0.0,0.24899624,0.2538984
0.24994344,0.24490818,0.0,0.2508425,0.25430584
0.25090817,0.0,0.243536,0.25017938,0.25537643
0.25579387,0.23632826,0.0,0.2596774,0.24820049
0.24996701,0.24180554,0.0,0.25263965,0.25558776
0.24994251,0.24386536,0.0,0.25112757,0.25506455
0.25223455,0.0,0.24351741,0.24886611,0.25538188
0.25541472,0.0,0.24478601,0.24463594,0.25516334
0.25620016,0.23621257,0.0,0.25823122,0.24935608
0.25130787,0.24095573,0.0,0.2528666,0.25486982
0.25044072,0.0,0.24153687,0.25140268,0.25661972
0.251844,0.24259377,0.0,0.24971373,0.25584847
0.25069004,0.24293071,0.0,0.2518582,0.2545211
0.25489944,0.23698106,0.0,0.26047036,0.24764915
0.25028342,0.24224545,0.0,0.25582683,0.25164434
0.25107363,0.0,0.24151953,0.25333372,0.2540731
0.2533636,0.0,0.24443895,0.24873745,0.25346002
0.25108403,0.0,0.24307954,0.24915823,0.25667822
0.25398037,0.23868105,0.0,0.25900453,0.24833402
0.24777801,0.24087384,0.0,0.2548217,0.25652647
0.25136316,0.0,0.2420751,0.25148258,0.25507915
0.25027046,0.0,0.24261291,0.24878056,0.25833607
0.2513087,0.0,0.24235089,0.2497358,0.2566046
0.25360003,0.23593724,0.0,0.25825104,0.2522117
0.25273064,0.0,0.2436149,0.24961062,0.25404382
0.25187817,0.0,0.24191405,0.24889542,0.2573124
0.25150478,0.0,0.2420735,0.25014699,0.25627476
0.25199357,0.0,0.24273959,0.24714285,0.25812396
0.2587191,0.0,0.23801683,0.25406742,0.2491967
0.2495216,0.23984657,0.0,0.25360167,0.25703016
0.25212088,0.0,0.24167733,0.2502437,0.25595808
0.25374082,0.0,0.24399716,0.24498247,0.2572796
0.25201666,0.0,0.24161954,0.2504599,0.2559039
0.25672168,0.0,0.23649919,0.2580031,0.24877606
0.2516868,0.0,0.24258478,0.25119,0.2545384
0.25105697,0.0,0.2397068,0.25211343,0.25712276
0.2504611,0.24213775,0.0,0.25234184,0.25505936
0.25120223,0.0,0.24273632,0.24826412,0.2577973
0.25531662,0.0,0.23673044,0.2594489,0.24850409
0.24875458,0.242592,0.0,0.25327736,0.2553761
0.24976066,0.24403329,0.0,0.2512297,0.2549764
0.25175777,0.0,0.24480154,0.24757114,0.25586954
0.25232783,0.0,0.24444184,0.24749364,0.2557367
0.25530046,0.0,0.23366567,0.26077816,0.2502557
0.25035834,0.0,0.24059007,0.25177044,0.25728112
0.24991013,0.0,0.24024777,0.25202507,0.25781706
0.25275883,0.0,0.24330391,0.2482981,0.2556392
0.2522296,0.0,0.24397364,0.2461223,0.2576745
0.25825503,0.0,0.2363827,0.25460437,0.25075793
0.2527499,0.0,0.24083243,0.24956398,0.25685373
0.25101694,0.0,0.24241,0.2537063,0.25286677
0.25313076,0.0,0.24273004,0.24888647,0.25525272
0.2503492,0.0,0.24215278,0.253326,0.254172
0.25648943,0.0,0.23616403,0.25870293,0.2486436
0.2525067,0.0,0.24247494,0.24857637,0.25644195
0.2504656,0.0,0.24286544,0.25027147,0.2563975
0.25154233,0.0,0.24359685,0.24893032,0.25593054
0.25255442,0.0,0.24617842,0.24548516,0.25578204
0.25659764,0.0,0.23609748,0.2542457,0.25305918
0.2502296,0.0,0.24158871,0.2522141,0.25596762
0.25083113,0.0,0.24210109,0.25201333,0.2550544
0.25250974,0.0,0.2441395,0.24695784,0.25639296
0.25208953,0.0,0.24328859,0.24700862,0.25761324
0.25664797,0.0,0.23340982,0.2583733,0.25156894
0.25276452,0.0,0.2425428,0.25013816,0.25455448
0.25106516,0.0,0.24074654,0.25044066,0.25774765
0.25218686,0.0,0.2426222,0.24686016,0.25833073
0.25296947,0.0,0.24190566,0.24453375,0.26059112
0.2557226,0.0,0.23415661,0.26023638,0.24988438
0.25104305,0.0,0.24177295,0.25198042,0.25520355
0.2508164,0.0,0.24172819,0.25333992,0.2541155
0.25362208,0.0,0.24336997,0.24820715,0.2548008
0.25072423,0.0,0.24234204,0.25244045,0.25449327
0.25751945,0.0,0.23596354,0.2538852,0.25263178
0.24958035,0.0,0.24155661,0.2533261,0.25553694
0.25331208,0.0,0.24373494,0.24582863,0.25712433
0.25189644,0.0,0.24376623,0.24771452,0.25662282
0.24993868,0.0,0.24356803,0.25044453,0.2560487
0.2574568,0.0,0.2343978,0.25305024,0.25509518
0.25266072,0.0,0.24232909,0.2503845,0.25462565
0.25139636,0.0,0.24455751,0.24967222,0.2543739
0.25195497,0.0,0.24454227,0.24601488,0.2574879
0.25157523,0.0,0.24471432,0.24849129,0.25521913
0.25494337,0.0,0.23277995,0.26057303,0.25170362
0.25314143,0.0,0.24275602,0.24835342,0.25574917
0.25027213,0.0,0.24021706,0.25081944,0.25869137
0.2534083,0.0,0.24537906,0.24520476,0.25600785
0.25213578,0.0,0.24411525,0.24834095,0.25540805
0.26034927,0.0,0.23734379,0.25023404,0.2520729
0.2505583,0.0,0.24171892,0.25145462,0.25626817
0.25144437,0.0,0.24183054,0.25032458,0.25640053
0.25316098,0.0,0.2433213,0.24633428,0.25718343
0.25246903,0.0,0.24327478,0.24520738,0.25904876
0.2583713,0.0,0.237217,0.25444752,0.24996419
0.24932043,0.0,0.24057506,0.25337878,0.25672573
0.25103024,0.0,0.24345943,0.25119436,0.254316
0.25231192,0.0,0.24377893,0.24697946,0.25692973
0.25269094,0.0,0.2447377,0.24605758,0.2565138
0.25888318,0.0,0.23632264,0.25085545,0.25393873
0.25206307,0.0,0.2424134,0.24931537,0.25620812
0.25208318,0.0,0.24332704,0.24605036,0.25853944
0.25159517,0.0,0.24328683,0.2464776,0.25864035
0.2514713,0.0,0.24348396,0.24546634,0.2595784
0.25924984,0.0,0.23840076,0.25113872,0.25121066
0.2502216,0.0,0.240147,0.2521816,0.2574498
0.2510717,0.0,0.24267335,0.24900644,0.2572485
0.25055474,0.0,0.24295926,0.24778154,0.25870445
0.2508195,0.0,0.2435408,0.2470586,0.25858113
0.25724792,0.0,0.23544684,0.2543811,0.2529241
0.25320345,0.0,0.24354771,0.2462731,0.25697577
0.24990837,0.0,0.24115247,0.2502826,0.2586566
0.24994314,0.0,0.24261156,0.24938516,0.25806013
0.25320876,0.0,0.2441269,0.24356952,0.25909486
0.25797197,0.0,0.23508011,0.25602442,0.2509235
0.25418964,0.0,0.24259098,0.24668479,0.25653455
0.25177804,0.0,0.2429043,0.24902935,0.25628832
0.24999827,0.0,0.241889,0.2485298,0.25958294
0.25114256,0.0,0.24215898,0.25038996,0.25630853
0.2549208,0.0,0.233333,0.25661525,0.25513092
0.24928612,0.0,0.2419387,0.2529534,0.2558218
0.25176343,0.0,0.24378458,0.24719335,0.25725868
0.25042242,0.0,0.24270548,0.24758208,0.25929004
0.2499888,0.0,0.24284238,0.24688847,0.26028034
0.25756848,0.0,0.23699947,0.25302485,0.25240722
0.24966504,0.0,0.24211937,0.2510932,0.25712234
0.2537178,0.0,0.24592371,0.24501455,0.25534397
0.25152108,0.0,0.24310066,0.24763758,0.25774068
0.25074095,0.0,0.24341261,0.24633972,0.2595067
0.25916922,0.0,0.23473133,0.2523595,0.25373995
0.25137636,0.0,0.24114563,0.24807462,0.25940335
0.25257352,0.0,0.24361229,0.24648383,0.25733036
0.24970199,0.0,0.23994398,0.24988043,0.26047355
0.25152785,0.0,0.2424375,0.24623872,0.25979593
0.257349,0.0,0.23466936,0.25709784,0.2508838
0.2516507,0.0,0.24125212,0.24977465,0.25732252
0.25079304,0.0,0.24096742,0.2510619,0.25717762
0.2519343,0.0,0.24425595,0.2447261,0.2590837
0.2505631,0.0,0.24272424,0.24965899,0.25705367
0.25523943,0.0,0.23321864,0.25635454,0.2551874
0.2501928,0.0,0.2416595,0.25036946,0.25777826
0.25281236,0.0,0.24483152,0.24462599,0.25773016
0.25167486,0.0,0.24304937,0.24610178,0.259174
0.25138745,0.0,0.24441366,0.24521929,0.25897956
0.2571361,0.0,0.23672284,0.2524067,0.2537344
0.24905503,0.0,0.24196286,0.2505008,0.25848132
0.2501237,0.0,0.24326894,0.24528171,0.2613256
0.25266424,0.0,0.24333903,0.24538659,0.2586101
0.2515604,0.0,0.24404006,0.2460919,0.2583076
0.2584143,0.0,0.23416705,0.2544814,0.25293723
0.25053796,0.0,0.24134152,0.25191948,0.256201
0.2504014,0.0,0.24130385,0.25113782,0.25715694
0.25066993,0.0,0.24192868,0.24763687,0.2597645
0.25061804,0.0,0.24230322,0.24796882,0.25910994
0.26047376,0.0,0.23461199,0.24874221,0.25617203
0.25237843,0.0,0.24017256,0.24705634,0.26039267
0.25433397,0.0,0.24391322,0.24176161,0.2599912
0.2525783,0.0,0.2423126,0.2465693,0.25853977
0.25107113,0.0,0.2430055,0.24573764,0.26018575
0.25885248,0.0,0.23638998,0.25171128,0.25304624
0.24949606,0.0,0.24021885,0.25149897,0.2587861
0.2505925,0.0,0.24195077,0.2468354,0.2606213
0.25088856,0.0,0.24418677,0.24489023,0.26003444
0.25194812,0.0,0.24365824,0.24456353,0.2598301
0.25826988,0.0,0.23473743,0.25307277,0.2539199
0.25186983,0.0,0.24203667,0.2480373,0.25805616
0.25116038,0.0,0.24376458,0.24512267,0.2599524
0.25027856,0.0,0.24310052,0.24460576,0.26201516
0.2523947,0.0,0.24453123,0.24325408,0.25981995
0.2559578,0.0,0.2348159,0.25435647,0.25486988
0.2511133,0.0,0.24350949,0.24795751,0.25741974
0.2508957,0.0,0.24334714,0.24727035,0.25848684
0.25016862,0.0,0.24183936,0.24806774,0.25992423
0.25381228,0.0,0.24401975,0.24399234,0.25817564
0.2576431,0.0,0.2331704,0.25478223,0.25440428
0.2510283,0.0,0.2414118,0.24749655,0.26006332
0.2507137,0.0,0.24139167,0.24591842,0.2619762
0.2517623,0.0,0.24198146,0.24455969,0.26169658
0.2537048,0.0,0.24486129,0.24405846,0.25737545
0.25936222,0.0,0.23560846,0.2535042,0.2515251
0.24960746,0.0,0.23989527,0.2514603,0.259037
0.25140405,0.0,0.24350956,0.24732265,0.25776377
0.2523499,0.0,0.24409968,0.24385647,0.2596939
0.25083822,0.0,0.24267626,0.24446735,0.26201814
0.25843295,0.0,0.23475146,0.25293297,0.25388262
0.25119185,0.0,0.2420209,0.2457051,0.2610821
0.25218847,0.0,0.24435729,0.2441876,0.2592667
0.25285962,0.0,0.24446854,0.24312894,0.25954285
0.25278443,0.0,0.24749404,0.24225664,0.2574649
0.2579976,0.0,0.23462518,0.25204802,0.25532916
0.24881761,0.0,0.24184309,0.2504332,0.25890613
0.25175664,0.0,0.24490492,0.24472257,0.2586159
0.25118458,0.0,0.24369729,0.2452594,0.25985873
0.25124088,0.0,0.24335282,0.2454878,0.25991848
0.25645995,0.0,0.23259762,0.25432453,0.25661787
0.25120607,0.0,0.24244025,0.24987178,0.2564819
0.2521199,0.0,0.24358384,0.2446828,0.25961348
0.25249764,0.0,0.24288432,0.24192864,0.26268938
0.2519341,0.0,0.24431644,0.24354917,0.26020032
0.2587457,0.0,0.23424074,0.25084397,0.2561696
0.25385287,0.0,0.24382494,0.2423393,0.2599829
0.25143775,0.0,0.24157718,0.24844676,0.2585383
0.2506273,0.0,0.24142168,0.24989927,0.25805175
0.252439,0.0,0.24615651,0.24335644,0.25804806
0.25929222,0.0,0.23337902,0.25360513,0.25372365
0.25112826,0.0,0.2433366,0.24857654,0.25695857
0.24967532,0.0,0.24249212,0.2485345,0.25929812
0.25011617,0.0,0.2435568,0.24772727,0.2585998
0.25259948,0.0,0.24694087,0.24062327,0.2598364
0.2591491,0.0,0.23532803,0.25113985,0.254383
0.24920188,0.0,0.24124372,0.25132397,0.25823045
0.2501073,0.0,0.24363284,0.24816246,0.25809735
0.24747698,0.0,0.24090378,0.24982046,0.26179883
0.2509489,0.0,0.24428521,0.24638455,0.2583814
0.2590194,0.0,0.2343121,0.25263122,0.2540373
0.25312898,0.0,0.24358855,0.24363886,0.25964364
0.2519361,0.0,0.24291517,0.24433383,0.2608149
0.2503591,0.0,0.24097136,0.24615522,0.26251435
0.25214902,0.0,0.24420433,0.24327232,0.26037434
0.25894672,0.0,0.23302506,0.2521316,0.25589657
0.25183105,0.0,0.24460067,0.24637696,0.2571913
0.2512631,0.0,0.24456039,0.24472177,0.2594547
0.25148413,0.0,0.24329935,0.24529104,0.25992548
0.2502131,0.0,0.24264963,0.24869043,0.25844687
0.2564976,0.0,0.23370245,0.25293124,0.25686872
0.2500574,0.0,0.24214526,0.24824622,0.2595511
0.25137547,0.0,0.24371552,0.24665684,0.25825217
0.24970585,0.0,0.24277203,0.24662258,0.2608995
0.25074422,0.0,0.24437726,0.24408256,0.26079595
0.25750545,0.0,0.23421144,0.25189617,0.2563869
0.25124598,0.0,0.24298918,0.24694209,0.25882277
0.2510299,0.0,0.24359,0.24651922,0.25886086
0.2499966,0.0,0.24511443,0.24590714,0.25898185
0.25104985,0.0,0.2467431,0.24419363,0.25801346
0.25645542,0.0,0.23342542,0.25222617,0.257893
0.2521406,0.0,0.24316043,0.24707341,0.25762555
0.2529215,0.0,0.24490608,0.24299546,0.25917697
0.25169683,0.0,0.24414004,0.24342589,0.26073724
0.25008166,0.0,0.24262984,0.24602598,0.26126257
0.26122814,0.0,0.23387654,0.24819873,0.25669658
0.25265673,0.0,0.24314666,0.24335049,0.26084614
0.2508084,0.0,0.24413882,0.24582946,0.2592233
0.25006938,0.0,0.24235092,0.24535407,0.2622257
0.25297505,0.0,0.2440055,0.24271978,0.26029965
0.25845838,0.0,0.2328478,0.24714608,0.2615477
0.2500298,0.0,0.24272068,0.2484019,0.25884762
0.24957572,0.0,0.24159732,0.24798705,0.26083988
0.25020686,0.0,0.24277306,0.24650425,0.2605158
0.25123227,0.0,0.24514791,0.24160695,0.26201287
0.26127094,0.0,0.23756583,0.24571694,0.25544634
0.25160596,0.0,0.24489257,0.24543676,0.25806475
0.24975896,0.0,0.24359404,0.24675569,0.25989133
0.25086373,0.0,0.24553856,0.24127841,0.2623193
0.2515382,0.0,0.24809653,0.23944612,0.26091918
0.25722197,0.0,0.23446311,0.25167713,0.2566378
0.25133333,0.0,0.24533303,0.24685179,0.25648192
0.2503684,0.0,0.24179482,0.247538,0.26029882
0.25111377,0.0,0.24503134,0.24400382,0.25985104
0.25129285,0.0,0.24395788,0.24292615,0.26182315
0.26039517,0.0,0.23301114,0.2448003,0.26179343
0.25233418,0.0,0.24376579,0.2435832,0.2603168
0.25272986,0.0,0.2439644,0.24033281,0.26297292
0.2519653,0.0,0.24470505,0.24229299,0.2610367
0.2526044,0.0,0.24535823,0.2417505,0.26028687
0.2600507,0.0,0.23465139,0.24956866,0.25572923
0.24908963,0.0,0.24171579,0.24840197,0.26079264
0.2509517,0.0,0.2439377,0.24561726,0.25949326
0.25180858,0.0,0.24522726,0.24434188,0.2586223
0.25155202,0.0,0.24390283,0.24388817,0.26065695
0.26097137,0.0,0.23810844,0.24583985,0.2550803
0.25038943,0.0,0.24460493,0.24544288,0.25956273
0.2509758,0.0,0.24270521,0.24610394,0.26021504
0.25280565,0.0,0.24477714,0.24498314,0.25743407
0.25040305,0.0,0.24429177,0.24600093,0.25930429
0.2625085,0.0,0.23838729,0.24242273,0.2566814
0.2513057,0.0,0.24491966,0.24185228,0.26192236
0.24993756,0.0,0.24313073,0.24515066,0.261781
0.25175026,0.0,0.24405096,0.24465334,0.25954548
0.251593,0.0,0.24628785,0.24090657,0.2612126
0.2596846,0.0,0.23458673,0.24542493,0.2603038
0.25180885,0.0,0.24416627,0.24264929,0.26137558
0.25037983,0.0,0.24206911,0.24614796,0.26140308
0.25204238,0.0,0.24438827,0.24067229,0.26289707
0.2531056,0.0,0.247162,0.24063973,0.25909263
0.25916505,0.0,0.23363495,0.2495553,0.25764468
0.25133836,0.0,0.24240388,0.24633962,0.25991812
0.25184092,0.0,0.24359424,0.24290414,0.26166072
0.25134465,0.0,0.24285299,0.24406639,0.26173598
0.25161463,0.0,0.2438799,0.2427002,0.26180524
0.2616017,0.0,0.23571035,0.24320185,0.2594861
0.25076157,0.0,0.2446422,0.24671605,0.25788024
0.25375986,0.0,0.24604952,0.23963311,0.2605575
0.25248885,0.0,0.24550171,0.24000448,0.2620049
0.25137877,0.0,0.24541037,0.24206202,0.26114887
0.2592597,0.0,0.23539634,0.24697985,0.25836408
0.25050414,0.0,0.24587482,0.24256796,0.2610531
0.2503313,0.0,0.2440164,0.24522343,0.26042888
0.24962825,0.0,0.2424149,0.24480371,0.26315314
0.2534597,0.0,0.24570324,0.24139997,0.25943708
0.26017055,0.0,0.2344579,0.24626441,0.25910717
0.25097743,0.0,0.24256302,0.24358396,0.26287562
0.2528479,0.0,0.24461854,0.24262026,0.2599133
0.2528188,0.0,0.24368416,0.24199437,0.26150265
0.2506108,0.0,0.24316517,0.24559067,0.2606334
0.26073605,0.0,0.23440138,0.2470711,0.25779146
0.2524539,0.0,0.24553199,0.24456209,0.257452
0.2503712,0.0,0.24504872,0.24422505,0.260355
0.25249246,0.0,0.24695489,0.23892042,0.2616322
0.25069994,0.0,0.24649015,0.2406922,0.26211774
0.26040587,0.0,0.2353608,0.24817066,0.2560627
0.2491307,0.0,0.24448378,0.24852969,0.25785583
0.25059852,0.0,0.24470891,0.24283595,0.2618566
0.25038254,0.0,0.24557069,0.2426171,0.26142964
0.24959362,0.0,0.24472488,0.24511404,0.26056746
0.26153994,0.0,0.23585609,0.24391748,0.25868648
0.2518218,0.0,0.24407348,0.24284042,0.2612643
0.2518109,0.0,0.24383233,0.24131133,0.26304546
0.2522312,0.0,0.24629572,0.24040754,0.26106554
0.25160754,0.0,0.24539985,0.24352752,0.2594651
0.26165867,0.0,0.23365614,0.24510612,0.25957903
0.2515515,0.0,0.24419026,0.24309438,0.26116386
0.24973445,0.0,0.24402326,0.24299228,0.26325002
0.253269,0.0,0.24763219,0.24032612,0.25877273
0.25179455,0.0,0.24527568,0.24114065,0.26178914
0.26063642,0.0,0.23394588,0.2453519,0.2600658
0.2497893,0.0,0.24400881,0.24610518,0.26009667
0.25072435,0.0,0.24724932,0.2427637,0.25926268
0.2522046,0.0,0.24729511,0.2415525,0.25894782
0.24848378,0.0,0.24358119,0.24684994,0.26108512
0.2619962,0.0,0.23582599,0.2440509,0.2581269
0.25049323,0.0,0.24343616,0.24727648,0.25879413
0.2512076,0.0,0.24432632,0.24515553,0.2593105
0.25335613,0.0,0.24638517,0.23960915,0.26064953
0.2531685,0.0,0.24602857,0.23842508,0.2623779
0.2621797,0.0,0.23306592,0.24690588,0.25784856
0.24945557,0.0,0.24155493,0.24756174,0.26142776
0.24956211,0.0,0.24331328,0.24637327,0.26075134
0.25073045,0.0,0.24235201,0.24633667,0.26058087
0.252097,0.0,0.24656539,0.24160512,0.25973246
0.26213115,0.0,0.23670496,0.24413328,0.25703058
0.24979892,0.0,0.24315608,0.24725616,0.2597888
0.25041452,0.0,0.24450025,0.24511786,0.25996736
0.2519041,0.0,0.24723832,0.23980977,0.26104778
0.2515995,0.0,0.24676187,0.23914549,0.2624931
0.26043326,0.0,0.2343068,0.24495234,0.26030758
0.25138232,0.0,0.24345462,0.2449364,0.26022667
0.25135428,0.0,0.24576777,0.24136043,0.26151752
0.24928838,0.0,0.24563366,0.24117617,0.26390183
0.25203693,0.0,0.24695502,0.24074166,0.26026642
0.2614838,0.0,0.23444557,0.24400498,0.26006564
0.25303704,0.0,0.24404739,0.24386762,0.25904799
0.25080097,0.0,0.24358125,0.24431479,0.26130304
0.24970968,0.0,0.24425898,0.24406601,0.26196533
0.25303426,0.0,0.24500203,0.24141845,0.26054522
0.26472932,0.0,0.23348777,0.24098013,0.26080275
0.25269553,0.0,0.24395481,0.24333645,0.2600132
0.2495635,0.0,0.24496402,0.24607122,0.25940126
0.25084314,0.0,0.24593212,0.24231584,0.2609089
0.24919693,0.0,0.24331672,0.24632496,0.2611614
0.26186395,0.0,0.23458841,0.24329162,0.26025605
0.24845664,0.0,0.24394953,0.24830993,0.2592839
0.2529979,0.0,0.24758554,0.23974995,0.25966662
0.24984308,0.0,0.24591942,0.24002348,0.264214
0.2503415,0.0,0.2457941,0.24066588,0.26319847
0.26059183,0.0,0.23406747,0.24296288,0.2623778
0.2507286,0.0,0.24547066,0.24393375,0.25986698
0.25017527,0.0,0.24327286,0.24525687,0.26129496
0.24950154,0.0,0.24521418,0.24165604,0.26362827
0.25168145,0.0,0.24794884,0.238214,0.2621557
0.26248315,0.0,0.23726071,0.24082117,0.25943497
0.24903797,0.0,0.24386927,0.24767914,0.25941363
0.24891,0.0,0.24369803,0.24621394,0.26117808
0.25068375,0.0,0.24501655,0.24160482,0.2626949
0.2510436,0.0,0.24617876,0.24171816,0.26105946
0.26176384,0.0,0.2321914,0.24185207,0.26419264
0.25168028,0.0,0.24424078,0.24395733,0.26012164
0.2532729,0.0,0.24665412,0.23702899,0.263044
0.2509676,0.0,0.24512903,0.24160586,0.2622975
0.25028664,0.0,0.24598438,0.24240668,0.26132235
0.26239425,0.0,0.233381,0.24305367,0.26117107
0.25196975,0.0,0.24496458,0.24347305,0.2595926
0.2501859,0.0,0.24495074,0.24230848,0.26255485
0.25240678,0.0,0.24676876,0.24102946,0.25979504
0.25056762,0.0,0.2449785,0.24431165,0.2601423
0.26134178,0.0,0.23563255,0.24301796,0.26000768
0.24984118,0.0,0.24419601,0.24416983,0.26179293
0.24993092,0.0,0.2464701,0.24181291,0.26178607
0.24996975,0.0,0.24556604,0.242857,0.26160726
0.25197038,0.0,0.24809135,0.2385645,0.26137373
0.25981593,0.0,0.23502737,0.245094,0.2600627
0.25013775,0.0,0.2451567,0.24454735,0.26015818
0.250328,0.0,0.24531154,0.24344862,0.26091185
0.25090933,0.0,0.24639775,0.24071123,0.26198167
0.25015458,0.0,0.24495597,0.24485826,0.2600312
0.26022866,0.0,0.23236546,0.24515891,0.262247
0.25197545,0.0,0.24351138,0.2437134,0.2607998
0.25163057,0.0,0.24412835,0.24541214,0.25882894
0.25011835,0.0,0.24454212,0.24265097,0.26268852
0.25138628,0.0,0.24569663,0.24071772,0.26219934
0.26193362,0.0,0.23412696,0.24331036,0.26062903
0.24876119,0.0,0.24191263,0.24768518,0.26164097
0.2517499,0.0,0.24711041,0.24019875,0.2609409
0.25186247,0.0,0.24788214,0.23854226,0.26171312
0.2526538,0.0,0.24880898,0.23839279,0.26014435
0.2606721,0.0,0.23449183,0.24144728,0.26338875
0.25102356,0.0,0.2471449,0.24390812,0.25792342
0.2514762,0.0,0.24800426,0.23941292,0.2611066
0.2500418,0.0,0.2460252,0.24153224,0.26240075
0.25156623,0.0,0.24628699,0.23972075,0.26242602
0.26241064,0.0,0.23374677,0.24048455,0.26335806
0.25091365,0.0,0.24404475,0.24498257,0.26005903
0.25341904,0.0,0.24583425,0.24011855,0.26062816
0.25302118,0.0,0.24707372,0.23898628,0.26091883
0.2521911,0.0,0.24676533,0.24024601,0.26079753
0.26299122,0.0,0.23384957,0.24063681,0.26252243
0.2502505,0.0,0.2430257,0.24567688,0.26104695
0.0,0.22047025,0.28914368,0.24155326,0.24883278
0.24966168,0.0,0.24356085,0.24640164,0.2603758
0.25071156,0.0,0.24274911,0.24631761,0.2602217
0.26210666,0.0,0.2333079,0.23935857,0.26522687
0.2504893,0.0,0.24363491,0.24353606,0.2623397
0.25154123,0.0,0.24759935,0.24207291,0.25878656
0.24956055,0.0,0.24578562,0.2438244,0.26082948
0.24981715,0.0,0.24627002,0.24345319,0.26045963
0.26343644,0.0,0.2335789,0.2414976,0.26148707
0.25047505,0.0,0.24515216,0.24383035,0.26054245
0.2515673,0.0,0.24934047,0.24103414,0.25805804
0.24979416,0.0,0.24703974,0.24256709,0.26059902
0.24992597,0.0,0.24798375,0.24192221,0.26016805
0.2637218,0.0,0.2356804,0.24179184,0.258806
0.2494574,0.0,0.24581799,0.24466647,0.2600581
0.2503782,0.0,0.24562664,0.244799,0.25919616
0.24932666,0.0,0.24630885,0.24546917,0.25889534
0.24881722,0.0,0.24397923,0.24452426,0.26267928
0.26534384,0.0,0.23535071,0.23758145,0.261724
0.2503035,0.0,0.24317987,0.24653222,0.2599844
0.2504726,0.0,0.24543913,0.2431177,0.2609706
0.25411975,0.0,0.24732688,0.23661782,0.26193556
0.25441983,0.0,0.2482176,0.23866118,0.25870138
0.2635071,0.0,0.23274244,0.23873748,0.265013
0.25055158,0.0,0.2442575,0.24405025,0.26114064
0.25113162,0.0,0.24649917,0.24308911,0.2592801
0.2504376,0.0,0.24671705,0.24226563,0.2605797
0.25066853,0.0,0.2470847,0.24086663,0.2613801
0.26371804,0.0,0.2345721,0.24019773,0.26151216
0.2505512,0.0,0.2464192,0.2425216,0.260508
0.2507739,0.0,0.24756524,0.24162614,0.2600347
0.24945813,0.0,0.24802414,0.24083306,0.2616847
0.24916638,0.0,0.24975914,0.24069813,0.26037636
0.263959,0.0,0.23587286,0.23820108,0.26196706
0.2514354,0.0,0.24913594,0.24203138,0.25739732
0.25111324,0.0,0.24624707,0.24268,0.25995976
0.25045127,0.0,0.2476166,0.24226496,0.25966713
0.24904612,0.0,0.24371733,0.24549359,0.26174298
0.26533204,0.0,0.23272708,0.23810536,0.26383552
0.2522837,0.0,0.24702783,0.24173222,0.25895625
0.25136098,0.0,0.24617602,0.24189597,0.26056704
0.25354287,0.0,0.24655926,0.23993382,0.25996405
0.24760391,0.0,0.2430115,0.24512692,0.26425767
0.26631984,0.0,0.23651063,0.23536795,0.26180157
0.24983428,0.0,0.2442903,0.24572672,0.26014873
0.2492446,0.0,0.2461965,0.24509029,0.2594686
0.24874243,0.0,0.24506229,0.24588493,0.26031035
0.24918583,0.0,0.24659406,0.24498571,0.25923443
0.26553816,0.0,0.23652583,0.23591922,0.26201683
0.24942201,0.0,0.24413031,0.24547815,0.26096955
0.24915422,0.0,0.24459861,0.24576376,0.26048338
0.24772653,0.0,0.24694328,0.24457768,0.26075256
0.24965174,0.0,0.2509191,0.24167916,0.25774994
0.2645664,0.0,0.2361377,0.23659785,0.26269805
0.25072226,0.0,0.24386382,0.24401098,0.26140293
0.24918512,0.0,0.24439606,0.24478243,0.26163638
0.24853072,0.0,0.2459951,0.24635002,0.2591242
0.24899498,0.0,0.24601096,0.24358171,0.2614123
0.26875612,0.0,0.23556209,0.23409526,0.26158652
0.25170493,0.0,0.24755378,0.23850575,0.2622355
0.25073794,0.0,0.24764375,0.24090636,0.26071197
0.24993086,0.0,0.24750043,0.24470821,0.25786054
0.25210452,0.0,0.24776062,0.2420532,0.2580817
0.26509744,0.0,0.23622333,0.23525836,0.26342082
0.24913616,0.0,0.24706283,0.24472588,0.2590751
0.25044152,0.0,0.24666466,0.24281244,0.26008138
0.25035697,0.0,0.24779832,0.24083975,0.26100498
0.25104573,0.0,0.24963525,0.23999605,0.25932294
0.26518297,0.0,0.23637436,0.23390666,0.264536
0.25064602,0.0,0.24586743,0.2431512,0.26033533
0.24976514,0.0,0.2472226,0.24311216,0.25990012
0.24963292,0.0,0.24871023,0.24355803,0.2580988
0.24930274,0.0,0.2508555,0.24033114,0.2595106
0.26189256,0.0,0.2339533,0.240281,0.2638731
0.25034913,0.0,0.24591139,0.24524124,0.25849828
0.24942043,0.0,0.24455638,0.24557589,0.2604473
0.24995027,0.0,0.2480371,0.24207008,0.25994253
0.25106314,0.0,0.25005236,0.23816462,0.2607199
0.2661035,0.0,0.23461115,0.23536055,0.26392478
0.2510273,0.0,0.24485798,0.24132498,0.2627898
0.2508509,0.0,0.24541983,0.24359298,0.2601363
0.25106844,0.0,0.2501149,0.23966707,0.25914955
0.2519645,0.0,0.24976139,0.23789927,0.2603748
0.26421994,0.0,0.23510072,0.23822781,0.26245156
0.24739599,0.0,0.24508949,0.24505524,0.26245928
0.2486106,0.0,0.24684408,0.244666,0.2598793
0.2487592,0.0,0.24778016,0.24348274,0.25997788
0.24889132,0.0,0.24772577,0.24228083,0.26110205
0.26626974,0.0,0.23628718,0.23241827,0.26502484
0.24669258,0.0,0.24477851,0.24711366,0.26141527
0.24926785,0.0,0.2520402,0.24281901,0.2558729
0.24947007,0.0,0.24848881,0.24321093,0.25883022
0.2485006,0.0,0.2470196,0.24493794,0.25954184
0.26468104,0.0,0.23268305,0.23895377,0.2636821
0.2499277,0.0,0.2460639,0.24455734,0.25945103
0.24951133,0.0,0.24554895,0.24450335,0.2604364
0.2519832,0.0,0.24832419,0.23860675,0.2610859
0.24863079,0.0,0.24624096,0.24633549,0.25879276
0.26530984,0.0,0.23403543,0.23813158,0.2625231
0.24889842,0.0,0.24390134,0.2508245,0.25637576
0.24873124,0.0,0.24487367,0.24623682,0.26015827
0.2501256,0.0,0.24932326,0.24441908,0.25613204
0.24735083,0.0,0.24797131,0.24423043,0.2604474
0.2657119,0.0,0.23542254,0.23496099,0.26390457
0.25045347,0.0,0.24878097,0.2434968,0.2572688
0.24868138,0.0,0.24927782,0.24392235,0.25811848
0.24868913,0.0,0.25020787,0.24263762,0.2584654
0.25050887,0.0,0.25028402,0.24078433,0.25842276
0.26406196,0.0,0.23684387,0.23532878,0.26376536
0.25044513,0.0,0.25066504,0.2419274,0.25696242
0.24770263,0.0,0.250083,0.24417455,0.2580398
0.24868253,0.0,0.24964753,0.24378523,0.25788468
0.24818096,0.0,0.2486345,0.24389572,0.25928882
0.26683328,0.0,0.23508523,0.23269151,0.26538998
0.2498583,0.0,0.24682441,0.2453797,0.25793755
0.249799,0.0,0.2474882,0.24391167,0.25880113
0.25219128,0.0,0.2499348,0.23837546,0.25949848
0.24953808,0.0,0.24843188,0.24236189,0.25966814
0.2687127,0.0,0.23713017,0.23145942,0.2626977
0.2471315,0.0,0.24532025,0.24801593,0.25953236
0.24871132,0.0,0.24941328,0.24530649,0.25656894
0.24652632,0.0,0.24527664,0.24846335,0.25973368
0.24673305,0.0,0.24928589,0.24602734,0.25795376
0.2679579,0.0,0.23698205,0.23076065,0.26429942
0.24758069,0.0,0.24798375,0.24618232,0.2582532
0.24852228,0.0,0.25096315,0.24346146,0.25705314
0.2499041,0.0,0.25129053,0.2435862,0.2552192
0.24753028,0.0,0.24812342,0.24668415,0.25766212
0.26827538,0.0,0.23719507,0.23145889,0.2630706
0.24854581,0.0,0.24692716,0.2461487,0.2583783
0.25087357,0.0,0.24940313,0.24070857,0.25901473
0.2513733,0.0,0.24972537,0.2386503,0.26025105
0.2511961,0.0,0.2477881,0.2417148,0.259301
0.2686963,0.0,0.23621176,0.23030406,0.26478782
0.25078547,0.0,0.24881814,0.24398853,0.25640783
0.24792892,0.0,0.24727648,0.24755436,0.25724024
0.24744663,0.0,0.24908717,0.24448882,0.25897735
0.2486544,0.0,0.25032005,0.24237972,0.2586459
0.26838169,0.0,0.2352352,0.22991088,0.26647225
0.24720006,0.0,0.24767682,0.25136933,0.2537538
0.24621268,0.0,0.25144264,0.24808146,0.2542632
0.2464308,0.0,0.24977346,0.24843818,0.25535756
0.24843371,0.0,0.24895723,0.243919,0.25869003
0.26857075,0.0,0.23581202,0.22787315,0.2677441
0.2470927,0.0,0.24681117,0.25059023,0.2555059
0.24803069,0.0,0.24786356,0.24828313,0.2558226
0.25150847,0.0,0.24890576,0.24049772,0.259088
0.24962994,0.0,0.24807389,0.24548148,0.25681466
0.26861042,0.0,0.23624809,0.22980164,0.26533982
0.24906838,0.0,0.24919106,0.2463883,0.25535226
0.2482897,0.0,0.24982296,0.24445873,0.2574286
0.24755287,0.0,0.2503742,0.24468914,0.2573838
0.24781892,0.0,0.25213125,0.24358681,0.25646302
0.26866993,0.0,0.23839006,0.22737616,0.26556382
0.24744692,0.0,0.24848247,0.24594657,0.25812405
0.24843767,0.0,0.25067407,0.2446818,0.25620648
0.24932116,0.0,0.25234008,0.24290565,0.25543314
0.24706706,0.0,0.249616,0.24467075,0.25864616
0.26933008,0.0,0.23606823,0.23016655,0.26443508
0.24990304,0.0,0.24843067,0.24640109,0.25526524
0.24773215,0.0,0.2505791,0.24732697,0.25436178
0.24582066,0.0,0.24829088,0.24737552,0.2585129
0.25141242,0.0,0.25108215,0.24139886,0.25610656
0.26885343,0.0,0.23555294,0.23234509,0.26324853
0.24700302,0.0,0.248604,0.24775815,0.25663483
0.24752364,0.0,0.25036815,0.24694866,0.25515953
0.24749668,0.0,0.2503821,0.24571493,0.2564063
0.24625283,0.0,0.250376,0.24696998,0.2564012
0.2697928,0.0,0.2381531,0.2270492,0.2650049
0.24796553,0.0,0.25137764,0.2460734,0.25458342
0.24761589,0.0,0.24798128,0.2471396,0.2572632
0.24770482,0.0,0.2516386,0.24707823,0.25357836
0.24639781,0.0,0.25067976,0.24823284,0.25468957
0.27103844,0.0,0.23508438,0.22838965,0.26548755
0.24983123,0.0,0.24906935,0.24342632,0.25767308
0.24978805,0.0,0.24990983,0.24154451,0.25875765
0.24618395,0.0,0.25165385,0.24840702,0.25375518
0.24758305,0.0,0.25113457,0.24715188,0.2541305
0.27015597,0.0,0.23630455,0.2299204,0.26361907
0.24736246,0.0,0.24869856,0.24848352,0.25545543
0.24782184,0.0,0.25267026,0.24820675,0.25130117
0.24646667,0.0,0.2494424,0.24967057,0.25442037
0.24599354,0.0,0.24991755,0.24857982,0.25550908
0.26880136,0.0,0.23945518,0.23039536,0.26134807
0.24725555,0.0,0.25009432,0.24982828,0.2528218
0.24689639,0.0,0.25155577,0.25000656,0.2515413
0.2470404,0.0,0.24988496,0.24844556,0.2546291
0.2456766,0.0,0.25242913,0.24889,0.25300428
0.27076718,0.0,0.23372214,0.2321922,0.26331848
0.24883607,0.0,0.24807751,0.24962988,0.25345653
0.24789886,0.0,0.25094253,0.25029448,0.2508641
0.2469726,0.0,0.25369748,0.24575329,0.2535766
0.24883926,0.0,0.2541327,0.24292257,0.25410548
0.26989424,0.0,0.23593056,0.2288217,0.26535347
0.24620245,0.0,0.25009713,0.25137776,0.25232267
0.24495949,0.0,0.2503817,0.2511166,0.25354216
0.24706945,0.0,0.2555755,0.24211451,0.25524053
0.25015524,0.0,0.25532252,0.24158496,0.2529373
0.27034765,0.0,0.23564582,0.2294531,0.2645534
0.24752875,0.0,0.24886696,0.24977717,0.25382712
0.24931255,0.0,0.24980113,0.24592556,0.25496078
0.25056303,0.0,0.2522206,0.24154538,0.25567096
0.25168598,0.0,0.25296807,0.24310355,0.25224242
0.27042896,0.0,0.23621584,0.22809689,0.2652583
0.24802531,0.0,0.2507823,0.24881892,0.25237352
0.24688458,0.0,0.25146094,0.24722247,0.254432
0.24751337,0.0,0.25454405,0.24579342,0.25214916
0.24834849,0.0,0.25625882,0.24402274,0.25136992
0.27145,0.0,0.23843728,0.22789983,0.26221284
0.24843809,0.0,0.25416222,0.2471396,0.25026006
0.24856852,0.0,0.25416592,0.24628362,0.25098193
0.2482413,0.0,0.2510288,0.24626024,0.25446966
0.25125736,0.0,0.2542496,0.24079497,0.25369808
0.27048534,0.0,0.23540907,0.22694936,0.26715618
0.24907349,0.0,0.2513285,0.24816063,0.2514374
0.24732357,0.0,0.24993177,0.24997315,0.25277153
0.2474096,0.0,0.2552523,0.24864973,0.2486884
0.24719848,0.0,0.25642487,0.24578641,0.25059026
0.2726062,0.0,0.23675288,0.2256924,0.26494852
0.24713334,0.0,0.25276932,0.2487407,0.25135663
0.32461616,0.12659147,0.39732364,0.1514687,0.0
0.24688168,0.0,0.25671822,0.2441019,0.25229818
0.24884167,0.0,0.2592216,0.24333689,0.24859981
0.27171355,0.0,0.23705365,0.228289,0.2629438
0.24772897,0.0,0.2526601,0.24965324,0.24995767
0.24630378,0.0,0.25284022,0.24857327,0.25228274
0.25017563,0.0,0.25618437,0.24031816,0.25332183
0.2515173,0.0,0.25409168,0.24212466,0.25226638
0.27259207,0.0,0.23849797,0.22396137,0.26494858
0.24801113,0.0,0.25211072,0.24991114,0.24996704
0.24762721,0.0,0.25336972,0.24788721,0.25111583
0.2475196,0.0,0.2546378,0.24756278,0.25027978
0.24684523,0.0,0.25552088,0.2464589,0.251175
0.27067506,0.0,0.23825803,0.22887023,0.26219672
0.2470868,0.0,0.25196046,0.24949914,0.25145358
0.24772449,0.0,0.25551358,0.24863361,0.24812835
0.24724369,0.0,0.25516346,0.24894668,0.24864617
0.24585727,0.0,0.25318342,0.24726827,0.25369102
0.27109495,0.0,0.23446205,0.23091573,0.26352727
0.2499569,0.0,0.25172752,0.24738403,0.2509316
0.24621738,0.0,0.25378412,0.2506027,0.24939583
0.2468565,0.0,0.25476417,0.24840203,0.24997732
0.24658276,0.0,0.25628328,0.24725984,0.24987416
0.27130407,0.0,0.23604622,0.22841787,0.2642318
0.23459674,0.23886222,0.26741844,0.0,0.25912258
0.25742018,0.0,0.24853769,0.22806954,0.26597258
0.2518568,0.0,0.24824023,0.23875447,0.26114848
0.2505436,0.0,0.24958037,0.24060944,0.25926661
0.27017307,0.0,0.23661959,0.22757147,0.26563585
0.25401542,0.0,0.25017688,0.24115257,0.25465506
0.25326034,0.0,0.24940778,0.24143812,0.2558938
0.24784303,0.0,0.2517711,0.24942486,0.250961
0.25009578,0.0,0.2543174,0.24282809,0.25275868
0.27023742,0.0,0.23880391,0.22616892,0.26478976
0.24881157,0.0,0.25248268,0.24814671,0.250559
0.24784514,0.0,0.2544484,0.24611396,0.2515925
0.24735427,0.0,0.25333145,0.24703182,0.25228247
0.24669191,0.0,0.25518525,0.24772303,0.2503998
0.27488095,0.0,0.23845567,0.22255006,0.26411328
0.2518398,0.0,0.25388718,0.2427429,0.2515301
0.25097242,0.0,0.25357205,0.24668284,0.24877267
0.24738744,0.0,0.2551042,0.24940158,0.24810672
0.2464801,0.0,0.2574097,0.24925527,0.24685492
0.27266508,0.0,0.23898087,0.22460787,0.26374617
0.24611962,0.0,0.25544828,0.2517278,0.24670435
0.24501975,0.0,0.2589141,0.24895509,0.24711102
0.24461323,0.0,0.25846285,0.25125882,0.24566512
0.24556112,0.0,0.25602043,0.24923299,0.24918549
0.2740568,0.0,0.23865405,0.22607394,0.26121524
0.2514779,0.0,0.25356787,0.24759807,0.2473562
0.24669364,0.0,0.25437558,0.25229508,0.24663569
0.24581757,0.0,0.25723824,0.2477309,0.2492133
0.24589618,0.0,0.25971416,0.24510308,0.24928659
0.27109066,0.0,0.23726054,0.2284495,0.26319924
0.24689677,0.0,0.26154843,0.24497437,0.2465804
0.24704008,0.0,0.26326835,0.24418484,0.24550673
0.24698798,0.0,0.26030007,0.24510199,0.24760991
0.248317,0.0,0.2602325,0.24260043,0.24885006
0.27253947,0.0,0.23664196,0.22795632,0.26286224
0.24797873,0.0,0.25778097,0.24641518,0.24782516
0.24706534,0.0,0.25970003,0.24836744,0.24486724
0.24668112,0.0,0.26121274,0.24556439,0.24654175
0.24572127,0.0,0.2623285,0.24489534,0.24705492
0.27467608,0.0,0.23782721,0.22564617,0.26185048
0.24866024,0.0,0.25967863,0.24629045,0.24537072
0.2471975,0.0,0.2639503,0.24513291,0.2437193
0.24873656,0.0,0.26170096,0.24500312,0.24455938
0.24775976,0.0,0.2613398,0.2446731,0.24622732
0.27309665,0.0,0.23582351,0.23017697,0.2609029
0.24682441,0.0,0.26061136,0.24876122,0.24380302
0.24670058,0.0,0.26144245,0.24542725,0.24642967
0.24557306,0.0,0.2642466,0.24590103,0.2442793
0.24730903,0.0,0.26468998,0.24420953,0.24379148
0.2730666,0.0,0.23763436,0.22670375,0.2625953
0.24911559,0.0,0.2603112,0.2451762,0.24539708
0.24735878,0.0,0.26170334,0.24641234,0.24452554
0.24653745,0.0,0.26222584,0.24609719,0.24513954
0.24565904,0.0,0.2605184,0.24653596,0.24728659
0.2722697,0.0,0.2359493,0.22980674,0.26197428
0.24755375,0.0,0.25770766,0.24929419,0.24544436
0.24649225,0.0,0.26220337,0.24644709,0.24485727
0.24628279,0.0,0.2629651,0.24518208,0.24557
0.24648905,0.0,0.26532352,0.2439684,0.24421905
0.27409413,0.0,0.23920023,0.22500543,0.2617002
0.24768087,0.0,0.26583666,0.24461146,0.24187097
0.24802758,0.0,0.26298285,0.24446835,0.24452125
0.24767204,0.0,0.26541483,0.24392392,0.24298921
0.24800654,0.0,0.2635909,0.24360155,0.244801
0.27536535,0.0,0.23875785,0.2231799,0.26269692
0.2492925,0.0,0.26285958,0.24760078,0.24024712
0.24791183,0.0,0.26459667,0.24407561,0.24341585
0.24570113,0.0,0.26325217,0.24709633,0.24395037
0.24527957,0.0,0.26600114,0.24547875,0.24324057
0.27368522,0.0,0.23969027,0.22658674,0.26003775
0.24701983,0.0,0.26092556,0.2488392,0.24321541
0.24821657,0.0,0.26416296,0.24393934,0.2436811
0.25038368,0.0,0.26599652,0.24091186,0.24270792
0.24667117,0.0,0.26386648,0.24497154,0.2444908
0.27781048,0.0,0.23924033,0.22264385,0.26030526
0.24496251,0.0,0.26168433,0.24968565,0.24366748
0.24682705,0.0,0.26631075,0.24596304,0.24089913
0.24549966,0.0,0.26827678,0.24429172,0.24193184
0.24612992,0.0,0.26641902,0.24409313,0.24335788
0.27579665,0.0,0.23715514,0.22462043,0.2624278
0.2513761,0.0,0.2637419,0.24269898,0.242183
0.2516061,0.0,0.26437876,0.24104457,0.24297059
0.24772136,0.0,0.2631077,0.24716985,0.2420011
0.24547233,0.0,0.2665617,0.24536091,0.24260509
0.27507824,0.0,0.2388256,0.22734617,0.25874996
0.24694303,0.0,0.26463056,0.24619219,0.2422342
0.24701564,0.0,0.26915056,0.2421997,0.24163404
0.24726234,0.0,0.26611778,0.24523647,0.24138342
0.24685839,0.0,0.26668546,0.24566089,0.24079528
0.27431846,0.0,0.23775838,0.22659853,0.2613246
0.24719545,0.0,0.26347306,0.24841462,0.24091686
0.24744019,0.0,0.26327133,0.24819733,0.24109112
0.2468891,0.0,0.26682246,0.24571463,0.24057376
0.24685723,0.0,0.26965392,0.24421446,0.2392744
0.27785093,0.0,0.2396091,0.22622767,0.25631234
0.24693695,0.0,0.2658703,0.24790578,0.23928699
0.2470113,0.0,0.2688521,0.24615353,0.23798308
0.24720883,0.0,0.26586884,0.24639545,0.24052685
0.24942058,0.0,0.2666709,0.2415742,0.24233434
0.27633438,0.0,0.23785232,0.225579,0.26023433
0.24589221,0.0,0.26651287,0.24844508,0.23914981
0.24538176,0.0,0.2673404,0.24732819,0.23994963
0.24634744,0.0,0.27116874,0.24448504,0.23799875
0.24524592,0.0,0.27260023,0.2432392,0.23891462
0.27546087,0.0,0.23799416,0.22784886,0.2586961
0.24895106,0.0,0.26480764,0.24751836,0.2387229
0.24579068,0.0,0.266495,0.24810696,0.23960742
0.24719499,0.0,0.268638,0.24514174,0.23902519
0.24797492,0.0,0.26755702,0.24441206,0.24005598
0.27573404,0.0,0.23826341,0.2264364,0.25956616
0.24715616,0.0,0.26956713,0.24687198,0.23640473
0.24702121,0.0,0.26982763,0.24569291,0.23745824
0.24737997,0.0,0.26885176,0.24461931,0.23914896
0.2446873,0.0,0.27377948,0.24347736,0.23805587
0.28021654,0.0,0.24079394,0.22115512,0.25783437
0.2512704,0.0,0.26689944,0.24498601,0.23684411
0.25017196,0.0,0.26815844,0.24244744,0.23922214
0.24619061,0.0,0.2724851,0.24570598,0.23561828
0.24736883,0.0,0.27074346,0.242678,0.23920973
0.27707693,0.0,0.24011306,0.22466207,0.25814795
0.24541335,0.0,0.2722657,0.2460642,0.2362568
0.2457121,0.0,0.27417088,0.24440041,0.23571658
0.24640033,0.0,0.27027595,0.24461071,0.23871303
0.24620725,0.0,0.2749264,0.24286132,0.23600504
0.27797547,0.0,0.23606618,0.2288559,0.25710243
0.24738914,0.0,0.26791966,0.24853355,0.23615764
0.24520038,0.0,0.27265924,0.24676865,0.23537174
0.24424838,0.0,0.2737609,0.24511783,0.23687291
0.24580677,0.0,0.27593026,0.24339771,0.23486525
0.27660945,0.0,0.24045295,0.22660731,0.2563303
0.24700624,0.0,0.26764464,0.24822631,0.23712282
0.24925058,0.0,0.27084768,0.24340376,0.23649792
0.2513004,0.0,0.27231094,0.24010548,0.23628323
0.24620004,0.0,0.27127713,0.2449116,0.23761123
0.27625722,0.0,0.23851018,0.22979929,0.25543332
0.24522737,0.0,0.27300006,0.24696381,0.23480879
0.24519654,0.0,0.27651662,0.24513178,0.23315506
0.24648567,0.0,0.28008094,0.2410223,0.23241106
0.2450405,0.0,0.27737075,0.2418645,0.23572424
0.27538562,0.0,0.23671061,0.23263074,0.25527304
0.24733719,0.0,0.27258137,0.24715512,0.23292634
0.24904957,0.0,0.27140927,0.24207039,0.23747076
0.24405661,0.0,0.27191144,0.24675837,0.23727357
0.24480522,0.0,0.27813593,0.24476154,0.23229733
0.2767676,0.0,0.23792654,0.22991844,0.2553874
0.24614128,0.0,0.2721435,0.24809866,0.23361656
0.24404223,0.0,0.27561134,0.24494106,0.23540539
0.24457806,0.0,0.28003794,0.2440736,0.2313104
0.24458079,0.0,0.27591616,0.24408619,0.23541684
0.2777373,0.0,0.23547232,0.23093896,0.2558514
0.24544907,0.0,0.27317566,0.24785255,0.23352276
0.24526165,0.0,0.27360904,0.24603489,0.2350944
0.2434985,0.0,0.2754264,0.24500252,0.23607258
0.2450226,0.0,0.27489457,0.24279876,0.23728406
0.27594382,0.0,0.23945889,0.22844575,0.25615153
0.24681532,0.0,0.27333313,0.24675065,0.23310094
0.24454463,0.0,0.27631512,0.24594638,0.23319389
0.24414232,0.0,0.27672312,0.2440726,0.23506194
0.24605079,0.0,0.27576792,0.24304952,0.23513177
0.27842575,0.0,0.23763701,0.22893262,0.25500467
0.24522085,0.0,0.27301052,0.24712832,0.23464032
0.24309982,0.0,0.27614355,0.24597189,0.23478469
0.24477446,0.0,0.27958646,0.24239258,0.23324648
0.2417832,0.0,0.27994183,0.2435062,0.23476878
0.27841696,0.0,0.2410641,0.22567958,0.2548394
0.24550438,0.0,0.27206424,0.24908073,0.23335066
0.24466822,0.0,0.2743049,0.24416327,0.23686358
0.24255224,0.0,0.27588794,0.2461868,0.23537298
0.24407104,0.0,0.27728012,0.24410686,0.23454198
0.2765649,0.0,0.23852396,0.22994414,0.254967
0.24414615,0.0,0.27651605,0.24667606,0.23266171
0.24186893,0.0,0.27991,0.24553885,0.23268217
0.24318469,0.0,0.27928638,0.2437466,0.23378237
0.24246079,0.0,0.28055605,0.24373437,0.23324876
0.27974242,0.0,0.23791505,0.22489662,0.25744593
0.24755812,0.0,0.27161926,0.24609476,0.23472786
0.24664453,0.0,0.2753369,0.2426971,0.23532142
0.24653848,0.0,0.27618966,0.2423318,0.23494007
0.24287687,0.0,0.27936226,0.24368991,0.234071
0.27786037,0.0,0.23933108,0.2315329,0.2512757
0.24366829,0.0,0.27749002,0.24691665,0.23192506
0.24329674,0.0,0.27971447,0.24361794,0.23337087
0.2439051,0.0,0.28193998,0.24119939,0.23295552
0.24415661,0.0,0.27978668,0.24213006,0.23392665
0.27501637,0.0,0.23257631,0.23499656,0.25741076
0.24733184,0.0,0.27716258,0.24362437,0.23188119
0.24853201,0.0,0.2791077,0.24113485,0.23122545
0.24355528,0.0,0.27890214,0.24514589,0.23239665
0.24317709,0.0,0.28228787,0.243241,0.23129405
0.2781704,0.0,0.23668982,0.23115993,0.25397986
0.24443932,0.0,0.27930772,0.24540928,0.23084365
0.24193078,0.0,0.28309494,0.24320711,0.23176716
0.24293816,0.0,0.28540593,0.24242371,0.2292322
0.24344036,0.0,0.28402126,0.24253288,0.23000547
0.2782953,0.0,0.23682119,0.23022737,0.25465614
0.24453111,0.0,0.27682263,0.24640082,0.23224548
0.24362148,0.0,0.27841353,0.24572161,0.23224342
0.24342583,0.0,0.28261322,0.24255694,0.23140405
0.24287073,0.0,0.28242645,0.24202545,0.23267736
0.2794386,0.0,0.23738234,0.22991659,0.25326246
0.24443178,0.0,0.2789137,0.24631251,0.230342
0.24287026,0.0,0.2839088,0.24439095,0.22883001
0.24217105,0.0,0.28186393,0.2427554,0.23320962
0.24410728,0.0,0.28228977,0.24072011,0.23288287
0.27900234,0.0,0.23557189,0.23331082,0.25211495
0.24654827,0.0,0.2806699,0.24347246,0.22930941
0.24208061,0.0,0.28220934,0.2441259,0.23158416
0.24198708,0.0,0.28617764,0.24190193,0.22993343
0.24121824,0.0,0.28832793,0.23935522,0.23109865
0.2798692,0.0,0.24036674,0.22791225,0.25185183
0.2450478,0.0,0.27991518,0.24408104,0.230956
0.24310647,0.0,0.28189406,0.24381432,0.23118518
0.24304135,0.0,0.2848846,0.2416059,0.23046815
0.24492206,0.0,0.2821841,0.24185288,0.23104095
0.2748839,0.0,0.23297134,0.23781061,0.25433415
0.24344769,0.0,0.28335193,0.24420743,0.22899295
0.24404225,0.0,0.28514823,0.24165362,0.22915588
0.24315067,0.0,0.2860292,0.24121347,0.22960666
0.24234411,0.0,0.28621492,0.24187557,0.22956538
0.28026325,0.0,0.23410828,0.2337276,0.25190088
0.24887246,0.0,0.27816537,0.24227042,0.23069172
0.24331392,0.0,0.28139377,0.24517132,0.230121
0.24087016,0.0,0.28737986,0.24097098,0.23077898
0.2429541,0.0,0.2901456,0.23894665,0.22795366
0.27724814,0.0,0.23796971,0.23197797,0.25280416
0.24435711,0.0,0.28812227,0.24095295,0.22656764
0.24238166,0.0,0.28598842,0.24411316,0.22751679
0.2445065,0.0,0.28581834,0.23982649,0.22984871
0.24280871,0.0,0.28888828,0.23945369,0.22884937
0.27822894,0.0,0.23610553,0.23395379,0.25171173
0.24207745,0.0,0.28448007,0.24457747,0.22886501
0.24240059,0.0,0.29135847,0.23901121,0.22722973
0.24259265,0.0,0.29347926,0.23768042,0.22624767
0.24279048,0.0,0.29161748,0.23816118,0.22743088
0.27857935,0.0,0.23766719,0.23347116,0.25028235
0.24562602,0.0,0.28206497,0.24438249,0.22792646
0.24545023,0.0,0.2843773,0.24079408,0.22937846
0.24591333,0.0,0.2879991,0.23708297,0.2290046
0.2422035,0.0,0.28544337,0.24119167,0.23116146
0.27822557,0.0,0.23614953,0.23462507,0.2509998
0.24321695,0.0,0.2871087,0.24251005,0.2271643
0.2423786,0.0,0.2927587,0.23869932,0.22616345
0.2424757,0.0,0.29247522,0.2361677,0.22888136
0.24348664,0.0,0.2937714,0.23654287,0.22619909
0.27830896,0.0,0.23633951,0.23608838,0.24926318
0.24369723,0.0,0.28637668,0.24182877,0.22809732
0.24682288,0.0,0.28779313,0.23792835,0.22745559
0.24122553,0.0,0.29267216,0.23852885,0.22757347
0.23963808,0.0,0.29268178,0.23884235,0.22883779
0.27930537,0.0,0.23488463,0.23686701,0.24894296
0.24547905,0.0,0.28813386,0.24184206,0.22454508
0.24154083,0.0,0.29404414,0.23690192,0.22751309
0.24225684,0.0,0.29256207,0.23896725,0.22621383
0.24249172,0.0,0.29225802,0.23697002,0.22828025
0.27733272,0.0,0.23643233,0.23957276,0.24666218
0.24414447,0.0,0.29099643,0.2408428,0.22401625
0.24491236,0.0,0.29274857,0.23699726,0.22534181
0.24161683,0.0,0.29806393,0.23518845,0.22513078
0.24101838,0.0,0.29788002,0.2343842,0.22671737
0.27986404,0.0,0.23999588,0.2328362,0.24730381
0.24459694,0.0,0.2890781,0.24052317,0.22580177
0.24192235,0.0,0.29662877,0.23658742,0.22486144
0.2429585,0.0,0.29490024,0.2362965,0.22584483
0.2452096,0.0,0.29387838,0.2352887,0.22562331
0.2780633,0.0,0.23541257,0.24084751,0.2456766
0.24211521,0.0,0.2916195,0.24046014,0.22580513
0.24188712,0.0,0.29441807,0.23703192,0.22666289
0.2415839,0.0,0.29698023,0.23541032,0.22602558
0.24090062,0.0,0.29958805,0.23528993,0.22422144
0.28017324,0.0,0.23455976,0.23795079,0.24731617
0.24589922,0.0,0.2885988,0.2405779,0.2249241
0.24106677,0.0,0.29385903,0.2380154,0.2270588
0.24172625,0.0,0.29630372,0.23520295,0.22676708
0.24049602,0.0,0.29958236,0.23408222,0.22583938
0.28020924,0.0,0.24174513,0.2345731,0.24347252
0.24308075,0.0,0.29340002,0.24018656,0.2233327
0.24215645,0.0,0.29689065,0.23566088,0.22529209
0.24294336,0.0,0.29403108,0.23656872,0.22645687
0.24232979,0.0,0.30092782,0.23291533,0.22382706
0.2786106,0.0,0.2357891,0.23816727,0.24743305
0.24286543,0.0,0.29461312,0.23859979,0.22392167
0.24064021,0.0,0.30273554,0.23330541,0.22331883
0.24022363,0.0,0.3035951,0.23232096,0.2238603
0.2414541,0.0,0.3019561,0.23215829,0.22443156
0.2786887,0.0,0.23534144,0.2377973,0.24817255
0.24691379,0.0,0.29136124,0.23750196,0.22422299
0.24078396,0.0,0.29752383,0.2366661,0.22502616
0.24245936,0.0,0.3032863,0.23213042,0.22212397
0.23992087,0.0,0.30750203,0.23049387,0.2220832
0.27975824,0.0,0.23777896,0.23548122,0.24698158
0.24277051,0.0,0.2976388,0.2381295,0.2214612
0.2443919,0.0,0.30010924,0.2339032,0.22159569
0.24399765,0.0,0.30068454,0.23272692,0.22259095
0.24339592,0.0,0.30013028,0.23264991,0.22382385
0.28068346,0.0,0.2376141,0.23781028,0.24389221
0.24333669,0.0,0.3005356,0.23576684,0.22036093
0.24030067,0.0,0.30687672,0.23129378,0.22152878
0.23987669,0.0,0.30699018,0.23183714,0.221296
0.24085933,0.0,0.30395544,0.23224272,0.22294253
0.28022188,0.0,0.23539339,0.23708746,0.24729729
0.24399869,0.0,0.29836234,0.23595062,0.22168839
0.24388012,0.0,0.30151466,0.23128328,0.22332191
0.23931642,0.0,0.30719203,0.23066482,0.2228267
0.23899609,0.0,0.30654657,0.23056814,0.22388917
0.2819383,0.0,0.23899294,0.23618677,0.24288192
0.2428246,0.0,0.29728132,0.23604575,0.22384837
0.24203426,0.0,0.30744252,0.23146063,0.21906261
0.24221921,0.0,0.3049841,0.23086722,0.22192952
0.23985456,0.0,0.3043162,0.23223057,0.2235987
0.2792643,0.0,0.23735529,0.23885076,0.24452965
0.24187592,0.0,0.30488938,0.23359816,0.21963657
0.24188447,0.0,0.3065081,0.23107234,0.2205351
0.23935974,0.0,0.31035745,0.22951138,0.22077148
0.2423442,0.0,0.3095246,0.2276238,0.22050747
0.27947298,0.0,0.23784181,0.2395975,0.24308771
0.24343716,0.0,0.3015757,0.23395467,0.22103246
0.24256879,0.0,0.30903855,0.22966199,0.21873069
0.2417073,0.0,0.31254178,0.22789389,0.21785706
0.23870403,0.0,0.31020167,0.22869112,0.22240323
0.28481725,0.0,0.23747447,0.23020813,0.24750015
0.2468439,0.0,0.30225322,0.23205978,0.21884313
0.24483381,0.0,0.30285165,0.23034179,0.22197278
0.24195237,0.0,0.30377725,0.23168954,0.22258084
0.24199493,0.0,0.31120434,0.22724429,0.21955645
0.2775744,0.0,0.23540768,0.24051675,0.24650119
0.25155908,0.29327098,0.2368131,0.21835688,0.0
0.24560706,0.29915816,0.2359157,0.21931905,0.0
0.24387372,0.30161217,0.23329923,0.22121489,0.0
0.2476833,0.2999588,0.23583636,0.21652153,0.0
0.24546228,0.3022443,0.23439644,0.21789695,0.0
0.25111702,0.2934761,0.23797439,0.21743254,0.0
0.24617803,0.29941204,0.23527865,0.21913134,0.0
0.24493611,0.3013219,0.23407175,0.21967027,0.0
0.24783866,0.30038577,0.23641358,0.21536198,0.0
0.24812283,0.30105072,0.23611608,0.21471037,0.0
0.2508128,0.29351547,0.23736694,0.21830472,0.0
0.24637255,0.2990084,0.23600319,0.2186158,0.0
0.24522078,0.3012914,0.2341835,0.21930437,0.0
0.24460794,0.3023416,0.23373464,0.2193158,0.0
0.24630117,0.3016848,0.23438396,0.21763003,0.0
0.2499977,0.2940432,0.23649488,0.21946415,0.0
0.24423975,0.30024174,0.23432639,0.22119217,0.0
0.24511617,0.30086002,0.23511124,0.21891262,0.0
0.24684462,0.30054593,0.23607385,0.21653563,0.0
0.2460287,0.30149207,0.23431973,0.2181595,0.0
0.25186425,0.2919303,0.23931931,0.21688615,0.0
0.24588296,0.29901725,0.2341052,0.22099462,0.0
0.24495417,0.30082244,0.234077,0.22014637,0.0
0.24517193,0.30118382,0.23427069,0.21937354,0.0
0.24780853,0.30012995,0.23663098,0.2154306,0.0
0.25090697,0.2928002,0.23692569,0.21936718,0.0
0.24639148,0.29884413,0.23581654,0.21894784,0.0
0.24380374,0.30018905,0.23368326,0.22232398,0.0
0.24792433,0.29914898,0.23598567,0.21694101,0.0
0.246908,0.29930323,0.23668192,0.21710686,0.0
0.25211194,0.29122722,0.23917298,0.21748781,0.0
0.2461386,0.2983656,0.23527838,0.22021745,0.0
0.24780941,0.29808462,0.23712848,0.21697755,0.0
0.24565582,0.2996984,0.23496865,0.21967715,0.0
0.24424663,0.30045927,0.23344861,0.22184554,0.0
0.2480349,0.2935689,0.23550677,0.22288948,0.0
0.24511997,0.2975001,0.2342458,0.22313415,0.0
0.24545333,0.29788676,0.23424564,0.22241421,0.0
0.2484098,0.29809546,0.23673978,0.21675493,0.0
0.24592444,0.29936305,0.23479265,0.21991988,0.0
0.25171563,0.29076448,0.23787619,0.21964362,0.0
0.24660765,0.29550967,0.23489136,0.22299136,0.0
0.24620588,0.29768524,0.2343087,0.22180018,0.0
0.24780132,0.29660115,0.23540123,0.22019632,0.0
0.2436353,0.30034423,0.23336288,0.22265759,0.0
0.2529759,0.28928256,0.23796941,0.21977215,0.0
0.24680072,0.2950991,0.23665753,0.22144267,0.0
0.24397762,0.29813203,0.23373047,0.2241599,0.0
0.24737354,0.29639882,0.23625496,0.21997273,0.0
0.24606782,0.2978737,0.2337023,0.22235616,0.0
0.25019366,0.28988248,0.23639986,0.223524,0.0
0.24329391,0.29717183,0.23360969,0.22592455,0.0
0.24347721,0.29763848,0.2327265,0.22615789,0.0
0.24841987,0.2951168,0.23704945,0.21941386,0.0
0.24567738,0.29702806,0.23527694,0.22201768,0.0
0.25106877,0.28888768,0.23726428,0.22277927,0.0
0.24544048,0.2948208,0.23490703,0.22483172,0.0
0.24562308,0.2958586,0.23501566,0.22350265,0.0
0.24431717,0.29792306,0.2338061,0.22395365,0.0
0.24740215,0.29561675,0.23684268,0.22013843,0.0
0.25132063,0.2878913,0.2379196,0.2228684,0.0
0.2455348,0.29410824,0.23486538,0.22549158,0.0
0.24403997,0.29587615,0.23351742,0.22656646,0.0
0.24474564,0.29636714,0.2344217,0.22446553,0.0
0.24334022,0.29768834,0.23277412,0.22619732,0.0
0.25027207,0.28798908,0.23653007,0.22520873,0.0
0.24521315,0.29421002,0.23455633,0.22602047,0.0
0.2462355,0.29440287,0.2352301,0.22413151,0.0
0.24409048,0.29672977,0.23304325,0.22613648,0.0
0.24572933,0.29582423,0.23549627,0.22295022,0.0
0.2513982,0.28723636,0.23864911,0.2227163,0.0
0.24584173,0.2925753,0.23525253,0.22633043,0.0
0.24655274,0.2937361,0.23589882,0.22381236,0.0
0.24560519,0.29543564,0.23490891,0.22405031,0.0
0.24368434,0.29683933,0.23294616,0.22653016,0.0
0.2508059,0.2869303,0.23627603,0.22598779,0.0
0.2434185,0.2936541,0.23373109,0.22919627,0.0
0.24560279,0.29369017,0.23511839,0.22558868,0.0
0.24493782,0.29419264,0.23639996,0.22446953,0.0
0.24595432,0.2935617,0.23630838,0.22417559,0.0
0.2503743,0.28609738,0.23668551,0.22684282,0.0
0.24418616,0.2928558,0.23360573,0.2293523,0.0
0.24571608,0.29263353,0.23610736,0.22554302,0.0
0.24450713,0.29403862,0.23465034,0.22680388,0.0
0.2459688,0.2934096,0.23724234,0.22337928,0.0
0.25105998,0.2860155,0.23785979,0.22506477,0.0
0.24648747,0.29089826,0.236539,0.22607528,0.0
0.24519703,0.2923545,0.23655626,0.2258922,0.0
0.24503277,0.29264697,0.2355892,0.22673103,0.0
0.24420083,0.29349568,0.23539263,0.22691087,0.0
0.24943627,0.28595865,0.2355611,0.22904395,0.0
0.2431546,0.29206142,0.23375353,0.23103039,0.0
0.24540226,0.29170582,0.23545934,0.22743258,0.0
0.24611306,0.2918117,0.23739484,0.22468044,0.0
0.24592468,0.29193664,0.23677824,0.22536042,0.0
0.25084004,0.28500742,0.23687719,0.22727534,0.0
0.24615686,0.29010049,0.23672645,0.22701627,0.0
0.2453562,0.2911976,0.23666212,0.22678404,0.0
0.24431501,0.2919866,0.23436081,0.22933762,0.0
0.2439767,0.29314104,0.23443805,0.22844422,0.0
0.25226715,0.28203538,0.23868567,0.0,0.22701181
0.24273759,0.29118073,0.23360014,0.2324816,0.0
0.24346727,0.29105446,0.23407918,0.23139912,0.0
0.24469674,0.29160714,0.2360316,0.2276645,0.0
0.24449027,0.29147294,0.23671508,0.22732173,0.0
0.2502856,0.2830965,0.23771758,0.22890034,0.0
0.24457604,0.2891467,0.23634149,0.22993578,0.0
0.24444616,0.29074398,0.23632649,0.22848335,0.0
0.2456179,0.2901963,0.23657739,0.22760844,0.0
0.24364476,0.29160467,0.23526867,0.22948194,0.0
0.2511655,0.2818783,0.2376456,0.0,0.22931056
0.24336107,0.2891884,0.23521931,0.2322312,0.0
0.24406764,0.28914577,0.2362889,0.2304977,0.0
0.24666585,0.28907555,0.23878294,0.22547565,0.0
0.24623,0.2892733,0.23837985,0.2261169,0.0
0.25232157,0.28037986,0.23936532,0.22793318,0.0
0.24536598,0.2878161,0.23716256,0.22965537,0.0
0.24658242,0.2880772,0.23809254,0.22724788,0.0
0.24338965,0.289991,0.23657487,0.23004445,0.0
0.24747925,0.28770673,0.23963065,0.22518331,0.0
0.25085112,0.27898985,0.2387171,0.0,0.2314419
0.24408929,0.28722718,0.23644753,0.232236,0.0
0.24470125,0.2888127,0.23638685,0.23009919,0.0
0.24624373,0.2877822,0.23891406,0.22706,0.0
0.24477,0.28845587,0.23816995,0.22860412,0.0
0.24801613,0.28119898,0.23635107,0.0,0.23443379
0.24596415,0.28641424,0.2372314,0.2303902,0.0
0.24532932,0.28727144,0.23846579,0.22893347,0.0
0.24584588,0.28751662,0.2375775,0.22906001,0.0
0.24624506,0.2852199,0.23899207,0.0,0.22954297
0.25049794,0.27656892,0.23778686,0.0,0.23514628
0.24316266,0.28673664,0.23647593,0.23362477,0.0
0.24425465,0.28709933,0.23685369,0.2317924,0.0
0.24556975,0.28603983,0.24048129,0.22790909,0.0
0.24517511,0.2874226,0.23805754,0.22934477,0.0
0.2502689,0.27532262,0.23860055,0.0,0.23580787
0.24542533,0.28462073,0.23836243,0.23159154,0.0
0.24447705,0.28641108,0.23865013,0.23046175,0.0
0.24265167,0.28796273,0.23631538,0.23307027,0.0
0.24717873,0.28451264,0.2403362,0.0,0.2279724
0.25081328,0.27594215,0.23801954,0.0,0.235225
0.24482349,0.28429228,0.23721662,0.23366758,0.0
0.24661566,0.2831338,0.24175574,0.0,0.22849484
0.24611622,0.2849152,0.24092437,0.0,0.22804418
0.2445312,0.28580102,0.23925243,0.23041536,0.0
0.24935485,0.27352843,0.23828267,0.0,0.23883401
0.24473923,0.2825729,0.23910338,0.0,0.23358455
0.24505296,0.2836762,0.23870693,0.0,0.23256394
0.24468051,0.28281602,0.23897819,0.0,0.23352528
0.24588268,0.28355545,0.24010484,0.0,0.23045705
0.24892667,0.27481398,0.23842098,0.0,0.2378384
0.24497947,0.28267232,0.23842354,0.23392463,0.0
0.24511553,0.2824072,0.23925214,0.0,0.23322514
0.24438451,0.28398943,0.24091068,0.0,0.23071541
0.24454139,0.28424466,0.24062534,0.23058861,0.0
0.24940962,0.2726653,0.23816694,0.0,0.23975816
0.24690837,0.28091332,0.23985906,0.23231925,0.0
0.24173026,0.28467122,0.23717225,0.0,0.23642628
0.2458086,0.28059804,0.24169986,0.0,0.23189351
0.24514472,0.2822945,0.24094817,0.0,0.23161261
0.24915645,0.2699267,0.23869333,0.0,0.2422235
0.24564038,0.27905285,0.24066307,0.0,0.23464373
0.24467002,0.2801034,0.2397534,0.0,0.23547316
0.24586673,0.2794311,0.24152574,0.0,0.23317641
0.24431726,0.27977732,0.24074055,0.0,0.23516491
0.24994038,0.2680885,0.2396747,0.0,0.24229646
0.24586004,0.27611056,0.24121898,0.0,0.23681042
0.24590996,0.27876562,0.2416203,0.0,0.2337041
0.2447581,0.27995157,0.24068259,0.0,0.23460773
0.24463263,0.27759275,0.2417661,0.0,0.23600852
0.24921416,0.26943716,0.23871572,0.0,0.24263301
0.24514419,0.2780127,0.24170065,0.0,0.23514242
0.24425575,0.27985534,0.24066241,0.0,0.23522644
0.24586414,0.277679,0.24294385,0.0,0.23351306
0.24357894,0.27937606,0.24132715,0.0,0.23571791
0.24936262,0.26833165,0.23818742,0.0,0.24411833
0.24433093,0.27669457,0.24131352,0.0,0.23766099
0.24466427,0.27733696,0.2411491,0.0,0.23684965
0.24416341,0.27619377,0.2419527,0.0,0.2376901
0.24508183,0.27788326,0.2435598,0.0,0.23347515
0.25019535,0.265427,0.24040085,0.0,0.2439768
0.24466522,0.2748219,0.24260584,0.0,0.237907
0.24291074,0.27710977,0.24149251,0.0,0.23848695
0.24464211,0.27471787,0.24207725,0.0,0.23856275
0.2448242,0.2756064,0.24394155,0.0,0.2356278
0.24867666,0.26508,0.23837785,0.0,0.24786548
0.24555297,0.27273625,0.2440285,0.0,0.23768225
0.24313806,0.27525046,0.2420427,0.0,0.23956876
0.24443857,0.27309126,0.24350552,0.0,0.23896463
0.24328963,0.27498293,0.24271703,0.0,0.23901041
0.24926673,0.2622817,0.23969875,0.0,0.24875282
0.24410173,0.27089208,0.243747,0.0,0.24125919
0.24432954,0.2721254,0.24309179,0.0,0.2404533
0.24444944,0.2735348,0.24388532,0.0,0.23813045
0.24455744,0.27135378,0.24438247,0.0,0.23970637
0.24889432,0.26289195,0.23990077,0.0,0.24831292
0.24572754,0.2710146,0.24527065,0.0,0.23798715
0.24592192,0.26956013,0.24453281,0.0,0.23998511
0.24364923,0.27254862,0.24496904,0.0,0.23883311
0.2433467,0.2731205,0.24398746,0.0,0.23954535
0.25057113,0.26012775,0.24128078,0.0,0.2480203
0.24312228,0.2703017,0.24360143,0.0,0.24297455
0.24360718,0.27079192,0.24380018,0.0,0.24180071
0.24480756,0.26876852,0.24625157,0.0,0.24017233
0.24605091,0.26937288,0.24693576,0.0,0.23764044
0.24943444,0.2589998,0.24225456,0.0,0.24931116
0.24497464,0.2673257,0.24486688,0.0,0.24283281
0.24237438,0.2692007,0.24482444,0.0,0.24360047
0.24389371,0.2671373,0.2452515,0.0,0.24371754
0.24379314,0.26827055,0.24559166,0.0,0.24234468
0.24739823,0.25791427,0.23980854,0.0,0.25487894
0.24487099,0.26554894,0.24659912,0.0,0.24298093
0.24483843,0.26693207,0.24427156,0.0,0.24395795
0.24320213,0.26852491,0.24572094,0.0,0.24255203
0.24335298,0.26712877,0.24596478,0.0,0.2435535
0.24642797,0.25863943,0.23931646,0.0,0.25561613
0.24379624,0.26427096,0.24520302,0.0,0.24672979
0.24304605,0.26505154,0.2468856,0.0,0.24501684
0.24400337,0.26647636,0.24569997,0.0,0.24382031
0.24489826,0.26471576,0.24769695,0.0,0.24268901
0.248374,0.25591484,0.24110985,0.0,0.25460127
0.24385232,0.2652289,0.24689768,0.0,0.24402109
0.2434419,0.2636473,0.2463996,0.0,0.24651128
0.24326815,0.26571158,0.24713929,0.0,0.243881
0.24177279,0.26817805,0.24568328,0.0,0.24436587
0.24967088,0.25353086,0.24302831,0.0,0.25376993
0.24287288,0.26495716,0.24436331,0.0,0.24780664
0.2438639,0.26479784,0.24835658,0.0,0.2429817
0.24314873,0.2638559,0.24780366,0.0,0.24519168
0.24283941,0.26495594,0.24912988,0.0,0.2430748
0.24780543,0.25288016,0.24294986,0.0,0.25636452
0.24323663,0.26213798,0.24675474,0.0,0.24787067
0.24294029,0.26309395,0.24902442,0.0,0.24494132
0.24307014,0.26186737,0.2481686,0.0,0.2468939
0.24275813,0.2631907,0.24863157,0.0,0.24541962
0.250416,0.2487485,0.24438433,0.0,0.25645116
0.24590454,0.2584237,0.2494324,0.0,0.2462394
0.24253957,0.26185158,0.24887,0.0,0.24673887
0.24464867,0.2597231,0.25152302,0.0,0.24410519
0.24263954,0.26218355,0.24979213,0.0,0.2453848
0.24859789,0.25014386,0.2443458,0.0,0.2569125
0.24337997,0.25831163,0.24963741,0.0,0.24867095
0.24256222,0.26026005,0.25077963,0.0,0.24639815
0.24376158,0.25823382,0.2520072,0.0,0.2459974
0.24304444,0.26049888,0.2511756,0.0,0.24528106
0.2488178,0.24814822,0.24504273,0.0,0.25799125
0.24338941,0.25693613,0.25119174,0.0,0.24848272
0.2412476,0.2591582,0.2495228,0.0,0.25007138
0.24175167,0.25853845,0.25109577,0.0,0.24861409
0.23992054,0.26072234,0.24891761,0.0,0.2504395
0.24994786,0.2463589,0.2443904,0.0,0.25930282
0.24394411,0.2547176,0.2511403,0.0,0.25019798
0.24236475,0.25727525,0.2512089,0.0,0.24915113
0.24312417,0.2564291,0.25411862,0.0,0.24632807
0.24090017,0.25841874,0.25176504,0.0,0.248916
0.25015518,0.24506253,0.24567872,0.0,0.25910357
0.23986979,0.2553655,0.2493282,0.0,0.2554365
0.24017315,0.2569511,0.25164065,0.0,0.2512351
0.24173924,0.25581816,0.25388414,0.0,0.24855849
0.24019235,0.25819117,0.253823,0.0,0.24779344
0.2491023,0.24321556,0.24502511,0.0,0.26265705
0.24160804,0.25270864,0.25215942,0.0,0.25352392
0.24221776,0.25507426,0.25527924,0.0,0.24742876
0.24055013,0.25456327,0.254466,0.0,0.2504206
0.23781626,0.25473848,0.25077945,0.0,0.2566658
0.24900097,0.24185821,0.24598756,0.0,0.26315325
0.24045877,0.25236446,0.25205955,0.0,0.2551172
0.24220204,0.2509154,0.25706393,0.0,0.24981865
0.24294761,0.25280005,0.25785947,0.0,0.2463929
0.24000281,0.25200734,0.25789508,0.0,0.2500948
0.25029796,0.23900992,0.24840762,0.0,0.2622845
0.24125335,0.25075704,0.25525084,0.0,0.25273874
0.24029501,0.25022382,0.25688884,0.0,0.25259236
0.23941234,0.2529164,0.2571752,0.0,0.25049606
0.24155946,0.25296235,0.26099178,0.0,0.2444864
0.2477761,0.23803061,0.24697664,0.0,0.26721662
0.24109168,0.24866484,0.2574424,0.0,0.25280106
0.24220483,0.24863991,0.26022273,0.0,0.2489325
0.23735274,0.25184432,0.25690246,0.0,0.25390047
0.24090455,0.25195125,0.25737712,0.0,0.24976705
0.253497,0.232814,0.253048,0.0,0.260641
0.25052774,0.26611894,0.25377384,0.0,0.22957948
0.23982748,0.2513192,0.2583302,0.0,0.25052312
0.2400296,0.25099137,0.26068312,0.0,0.24829584
0.23933639,0.24933985,0.26108187,0.0,0.25024194
0.25167283,0.23363873,0.250441,0.0,0.2642474
0.24222443,0.24406613,0.26156503,0.0,0.25214437
0.23951888,0.2474123,0.2627751,0.0,0.25029373
0.24121661,0.24790317,0.26401606,0.0,0.24686413
0.23820889,0.2502371,0.26175687,0.0,0.24979714
0.2495152,0.0,0.25081998,0.23299994,0.26666486
0.23946607,0.24321613,0.25988033,0.0,0.25743744
0.24131075,0.24446762,0.2635908,0.0,0.25063083
0.23983458,0.24781169,0.2645066,0.0,0.24784711
0.23749943,0.24887416,0.26510948,0.0,0.24851698
0.25057796,0.0,0.25203323,0.23245865,0.26493016
0.23921621,0.2411734,0.26439095,0.0,0.25521943
0.2408221,0.24319835,0.2686767,0.0,0.24730282
0.23733018,0.24656728,0.26514256,0.0,0.25095993
0.23695675,0.24768966,0.26748815,0.0,0.2478654
0.2497979,0.0,0.2534511,0.23307927,0.26367176
0.23756114,0.24201915,0.2654116,0.0,0.2550081
0.23887163,0.24294755,0.26931384,0.0,0.248867
0.23519658,0.24675955,0.26634094,0.0,0.2517029
0.23548101,0.24748963,0.26898965,0.0,0.24803971
0.25183764,0.0,0.257203,0.22792642,0.2630329
0.23909025,0.24110441,0.26769674,0.0,0.2521086
0.23723944,0.24303204,0.27155554,0.0,0.248173
0.2338207,0.24613975,0.26890966,0.0,0.25112987
0.23443244,0.24605612,0.27016258,0.0,0.24934883
0.25046572,0.0,0.25707266,0.22825162,0.26421005
0.0,0.23972927,0.26869273,0.23769122,0.2538868
0.23647226,0.24188378,0.27522635,0.0,0.24641758
0.23255607,0.24603513,0.27199683,0.0,0.24941196
0.2335245,0.2461575,0.27550027,0.0,0.2448177
0.24914357,0.0,0.2581622,0.22787455,0.26481968
0.23704158,0.2391016,0.27450645,0.0,0.24935038
0.23382612,0.2418917,0.27409866,0.0,0.25018346
0.23389591,0.24355488,0.27728269,0.0,0.24526651
0.0,0.2452673,0.27456453,0.23244272,0.24772543
0.25138155,0.0,0.25809136,0.22788079,0.2626463
0.0,0.23665503,0.2693574,0.2379185,0.25606903
0.0,0.24229693,0.27566758,0.235438,0.2465975
0.0,0.24245664,0.27753493,0.23223306,0.24777538
0.23152557,0.24318358,0.28329924,0.0,0.24199156
0.24591312,0.0,0.2540625,0.23239283,0.26763156
0.23588155,0.23579432,0.281916,0.0,0.24640815
0.0,0.2402254,0.28193244,0.23455955,0.24328256
0.22910275,0.24210396,0.2828722,0.0,0.24592113
0.0,0.24177226,0.2849768,0.23042637,0.24282458
0.24674888,0.0,0.25962552,0.23035891,0.26326668
0.0,0.23492712,0.28564024,0.23369454,0.24573815
0.0,0.23967066,0.28542718,0.23302284,0.24187927
0.0,0.24208558,0.2822751,0.23345342,0.24218586
0.22832535,0.2412908,0.2900957,0.0,0.24028818
0.25110075,0.0,0.2664618,0.22704743,0.25539005
0.24789546,0.28839135,0.22990231,0.23381084,0.0
0.24297665,0.29435927,0.2270648,0.23559925,0.0
0.24367872,0.2952367,0.22891094,0.23217359,0.0
0.24350557,0.2947638,0.22906548,0.23266518,0.0
0.2421285,0.29718354,0.22780304,0.23288491,0.0
0.24761437,0.28855383,0.23081034,0.23302141,0.0
0.244175,0.29444453,0.23020956,0.23117094,0.0
0.24273111,0.29654157,0.22851808,0.23220922,0.0
0.24251463,0.2966938,0.22809832,0.2326933,0.0
0.24656634,0.2954306,0.23134534,0.22665776,0.0
0.24895298,0.28778347,0.23110618,0.23215736,0.0
0.24359137,0.29438072,0.22933514,0.23269275,0.0
0.24164334,0.29670194,0.22780773,0.23384702,0.0
0.24415071,0.29631487,0.22963592,0.22989854,0.0
0.24513385,0.29562217,0.2302998,0.22894421,0.0
0.2482044,0.28835136,0.23067212,0.2327721,0.0
0.24321195,0.29345757,0.22945291,0.23387761,0.0
0.2419096,0.29598397,0.22836797,0.23373845,0.0
0.2439368,0.29587913,0.23006721,0.2301169,0.0
0.24482384,0.2958109,0.23001972,0.22934557,0.0
0.24936603,0.2877075,0.23200282,0.23092367,0.0
0.24240243,0.2937446,0.22897013,0.23488288,0.0
0.24611804,0.29318765,0.23140387,0.22929047,0.0
0.24438396,0.29491788,0.23056512,0.230133,0.0
0.2430836,0.29506487,0.22962104,0.23223054,0.0
0.24831404,0.2870097,0.23288554,0.23179075,0.0
0.24303792,0.29383367,0.2287836,0.23434477,0.0
0.24353182,0.29479182,0.22993885,0.2317375,0.0
0.24398473,0.29458576,0.22907355,0.23235595,0.0
0.2444114,0.29449227,0.23063464,0.23046175,0.0
0.24805906,0.28726253,0.23112234,0.23355606,0.0
0.24361576,0.2934221,0.22945535,0.23350677,0.0
0.24589108,0.29022002,0.22998556,0.23390327,0.0
0.24318741,0.29492527,0.22976993,0.23211733,0.0
0.24351628,0.29458526,0.22984947,0.23204899,0.0
0.24656692,0.28688905,0.2312856,0.23525842,0.0
0.24314888,0.29292673,0.22900009,0.23492427,0.0
0.24295314,0.29448906,0.22924866,0.23330918,0.0
0.2427093,0.29456526,0.22926897,0.23345645,0.0
0.2434174,0.29388338,0.2302849,0.23241432,0.0
0.24701732,0.28663844,0.23066594,0.23567833,0.0
0.24168986,0.2925438,0.22862092,0.2371454,0.0
0.24311545,0.29372317,0.22953966,0.23362173,0.0
0.24327563,0.29356554,0.2304055,0.23275334,0.0
0.24229176,0.29407832,0.2283603,0.23526964,0.0
0.24666964,0.28628182,0.23057993,0.2364686,0.0
0.24222398,0.29165313,0.22904447,0.23707843,0.0
0.24193306,0.294232,0.22913863,0.23469627,0.0
0.24434263,0.29274982,0.2310839,0.23182368,0.0
0.24491806,0.29229808,0.23150438,0.23127949,0.0
0.2476304,0.2849165,0.23310152,0.23435162,0.0
0.24345957,0.29048005,0.23111473,0.23494568,0.0
0.24350114,0.29195368,0.23041826,0.23412694,0.0
0.2433546,0.293088,0.23074873,0.23280871,0.0
0.24297245,0.29305354,0.23038569,0.23358834,0.0
0.24611212,0.28637338,0.2309051,0.23660941,0.0
0.24301746,0.28994244,0.23046027,0.23657979,0.0
0.24416944,0.29059717,0.23123378,0.23399962,0.0
0.24339621,0.2926331,0.23014858,0.23382215,0.0
0.24294391,0.29155877,0.23152955,0.23396778,0.0
0.24808905,0.28442052,0.2328576,0.23463288,0.0
0.24226928,0.2902081,0.2299327,0.23758994,0.0
0.24055596,0.29232466,0.22831348,0.23880588,0.0
0.24489139,0.2903111,0.23187762,0.23291992,0.0
0.24293749,0.2914742,0.23021282,0.2353755,0.0
0.24822363,0.28307846,0.23292004,0.23577788,0.0
0.24232481,0.28946665,0.23002689,0.23818162,0.0
0.24258439,0.29050502,0.22978954,0.23712105,0.0
0.2455234,0.28932077,0.23210923,0.23304667,0.0
0.24375907,0.29051045,0.23174632,0.23398416,0.0
0.24840759,0.28256083,0.2339532,0.2350784,0.0
0.24204752,0.28922966,0.2291811,0.23954177,0.0
0.24333425,0.28952262,0.23053803,0.2366051,0.0
0.2425705,0.29019707,0.23098019,0.23625231,0.0
0.24102499,0.2913392,0.2292545,0.23838133,0.0
0.2476489,0.2829389,0.23260944,0.23680274,0.0
0.24242552,0.2878451,0.22954604,0.2401833,0.0
0.24306092,0.2886717,0.23057462,0.23769274,0.0
0.24403964,0.28908935,0.23195234,0.23491867,0.0
0.24438351,0.28912923,0.23152278,0.23496442,0.0
0.25040042,0.28013608,0.23404403,0.23541948,0.0
0.24461271,0.28646272,0.23183872,0.23708583,0.0
0.24452455,0.28779173,0.23251164,0.23517205,0.0
0.24326266,0.28929043,0.23064335,0.23680362,0.0
0.24266957,0.28974918,0.23064004,0.23694128,0.0
0.24839708,0.28047898,0.23338732,0.23773657,0.0
0.24222769,0.2871128,0.23040567,0.24025387,0.0
0.24260235,0.28863612,0.23060133,0.23816022,0.0
0.24513106,0.2870883,0.23386377,0.23391685,0.0
0.24507551,0.2876706,0.2324191,0.23483475,0.0
0.24725898,0.28013724,0.0,0.23645131,0.23615249
0.24248023,0.28628826,0.23046276,0.24076876,0.0
0.24417739,0.28684264,0.231761,0.23721898,0.0
0.24444768,0.2868542,0.23134497,0.23735315,0.0
0.24218334,0.28865167,0.23088323,0.23828177,0.0
0.2501961,0.27733898,0.0,0.23673284,0.2357321
0.24110122,0.28545824,0.0,0.24178612,0.23165445
0.24266458,0.28685656,0.23096637,0.23951252,0.0
0.24470603,0.28612003,0.23261862,0.23655532,0.0
0.24389884,0.2870165,0.23237756,0.23670705,0.0
0.24863735,0.278645,0.0,0.23618521,0.23653246
0.24452539,0.2832213,0.23289339,0.23935989,0.0
0.2435558,0.28515124,0.23228219,0.23901081,0.0
0.24239197,0.2865347,0.23070553,0.24036779,0.0
0.24471363,0.28534347,0.23375875,0.23618418,0.0
0.24774118,0.27682522,0.0,0.23971313,0.23572052
0.24465986,0.28305826,0.23300645,0.23927547,0.0
0.24525662,0.28317106,0.23493691,0.2366354,0.0
0.24250296,0.28509647,0.23183793,0.24056266,0.0
0.24212015,0.28551555,0.0,0.2406329,0.23173138
0.24691126,0.27474523,0.0,0.23846602,0.23987755
0.2422382,0.28237572,0.0,0.24333902,0.23204704
0.24089986,0.28472942,0.23136638,0.24300434,0.0
0.24271576,0.28445432,0.0,0.23885174,0.23397823
0.2428072,0.28377187,0.23379025,0.23963065,0.0
0.24928878,0.27354348,0.0,0.23686361,0.24030408
0.24178332,0.28065753,0.0,0.24295948,0.23459968
0.2433115,0.28226727,0.0,0.24078438,0.23363681
0.24551173,0.28123125,0.23523825,0.23801877,0.0
0.24620928,0.28127322,0.2355468,0.23697075,0.0
0.24869114,0.2734645,0.0,0.23827992,0.23956448
0.24562788,0.2782163,0.0,0.24008353,0.23607229
0.24525012,0.28034914,0.23582351,0.23857728,0.0
0.24380551,0.2813264,0.0,0.2392462,0.23562182
0.24327177,0.28184357,0.0,0.23933868,0.235546
0.24812368,0.2713912,0.0,0.23805399,0.24243112
0.2391419,0.2771927,0.0,0.24433266,0.23933277
0.24408765,0.2809844,0.0,0.23987037,0.23505756
0.24248083,0.28100747,0.23382284,0.24268883,0.0
0.24493003,0.2794403,0.0,0.23859848,0.23703115
0.24752632,0.27089408,0.0,0.24032475,0.24125487
0.24464141,0.2763523,0.0,0.24146557,0.2375408
0.24302444,0.278863,0.0,0.24026133,0.2378512
0.24344066,0.27884522,0.0,0.2403264,0.2373877
0.24241902,0.27915448,0.0,0.24096362,0.2374629
0.2748464,0.22388434,0.0,0.24573565,0.25553358
0.23987433,0.27468705,0.0,0.24532107,0.24011755
0.23989062,0.27694732,0.0,0.24470001,0.23846206
0.24334502,0.27734756,0.0,0.2398735,0.23943388
0.24366379,0.2776411,0.0,0.24048342,0.23821165
0.24404909,0.26741114,0.0,0.24282375,0.245716
0.23914789,0.27417463,0.0,0.247497,0.23918048
0.24305455,0.2742709,0.0,0.24222288,0.24045168
0.24461485,0.277351,0.0,0.2412683,0.23676582
0.24568236,0.27566224,0.2367631,0.2418923,0.0
0.248503,0.26669294,0.0,0.2399589,0.24484515
0.24292281,0.2725423,0.0,0.24292004,0.24161485
0.24372914,0.27425522,0.0,0.2420406,0.23997505
0.24221998,0.2751076,0.0,0.24315494,0.23951751
0.24151054,0.2761807,0.0,0.24322401,0.23908475
0.24955949,0.2654149,0.23718612,0.0,0.24783953
0.23943178,0.27324837,0.0,0.24693684,0.24038304
0.2397326,0.27473912,0.0,0.2455871,0.23994115
0.24186116,0.27452916,0.0,0.2418638,0.24174586
0.24226324,0.27444196,0.0,0.24181977,0.24147509
0.24440856,0.26356527,0.0,0.24220262,0.24982353
0.24136071,0.27097577,0.0,0.24493961,0.24272393
0.24178104,0.2726856,0.0,0.24375997,0.24177343
0.24420206,0.27373496,0.0,0.24251628,0.23954664
0.24059437,0.27473402,0.0,0.24406005,0.24061155
0.24417597,0.26320684,0.0,0.24472792,0.24788931
0.23997147,0.27043325,0.0,0.24638136,0.24321395
0.24060993,0.27214947,0.0,0.2452934,0.24194723
0.24204153,0.27225187,0.0,0.24098732,0.24471936
0.24466196,0.272938,0.0,0.240548,0.24185203
0.2442053,0.26243922,0.0,0.24279317,0.25056228
0.24288203,0.26750842,0.0,0.24489145,0.24471807
0.24147065,0.27064493,0.0,0.2441388,0.24374563
0.244052,0.27229822,0.0,0.24196546,0.24168439
0.24281275,0.2728146,0.0,0.24257512,0.2417975
0.2485725,0.25989866,0.0,0.24045151,0.2510773
0.24332441,0.26855078,0.0,0.24539334,0.24273148
0.24300562,0.26908055,0.0,0.24439736,0.24351647
0.24212426,0.2713182,0.0,0.24025589,0.24630164
0.24315184,0.2712781,0.0,0.23943384,0.24613619
0.2471797,0.26073563,0.0,0.24042334,0.2516613
0.24337754,0.2678996,0.0,0.24235603,0.24636687
0.24371384,0.26937214,0.0,0.24130265,0.24561137
0.2413575,0.27100313,0.0,0.24212481,0.24551457
0.24309194,0.27131623,0.0,0.24200015,0.24359167
0.2463626,0.26048115,0.0,0.2438752,0.24928108
0.24320067,0.267738,0.0,0.24523252,0.24382883
0.2420867,0.26939797,0.0,0.24397099,0.24454431
0.24414657,0.2688522,0.0,0.24010162,0.24689957
0.24376832,0.26957312,0.0,0.24159195,0.24506657
0.24743737,0.2592762,0.0,0.24261653,0.25066987
0.24265404,0.26644197,0.0,0.24251091,0.24839309
0.24388407,0.26833585,0.0,0.24185061,0.2459295
0.24472041,0.26887497,0.0,0.2420563,0.24434836
0.24284388,0.26921797,0.0,0.24213183,0.2458063
0.24543466,0.25795206,0.0,0.24475889,0.25185442
0.24345209,0.26667035,0.0,0.24467492,0.24520263
0.24291159,0.2695553,0.0,0.24335723,0.24417587
0.2446552,0.26786208,0.0,0.24016511,0.24731758
0.24485417,0.2693734,0.0,0.24087776,0.24489467
0.2505347,0.25653502,0.0,0.24035099,0.25257927
0.24456002,0.26495612,0.0,0.24435177,0.24613212
0.24534148,0.26793906,0.0,0.24195784,0.24476159
0.24473436,0.26740736,0.0,0.24366811,0.24419022
0.24251515,0.26805648,0.0,0.24403673,0.24539164
0.24733151,0.25731814,0.0,0.24254815,0.25280216
0.24427232,0.25873372,0.0,0.2477169,0.24927709
0.24121006,0.2608247,0.0,0.246831,0.25113422
0.2436452,0.26371515,0.0,0.24275352,0.2498861
0.24170923,0.26532185,0.0,0.24412446,0.24884446
0.2475919,0.25491777,0.0,0.24176887,0.25572145
0.24076857,0.2631729,0.0,0.24613115,0.24992734
0.24259506,0.26376617,0.0,0.24546258,0.24817617
0.24803555,0.26314014,0.242015,0.0,0.24680924
0.24425544,0.26435432,0.0,0.24204104,0.24934924
0.25044104,0.25316623,0.0,0.24081482,0.25557795
0.24552156,0.2612664,0.0,0.24413249,0.24907954
0.24587058,0.26322937,0.0,0.24135165,0.24954839
0.24319321,0.26317668,0.0,0.2440618,0.24956834
0.24373996,0.26417783,0.0,0.2440963,0.24798588
0.24595377,0.25292298,0.0,0.24377172,0.25735155
0.24022856,0.26205072,0.0,0.246898,0.25082275
0.24192087,0.2632038,0.0,0.24509916,0.24977621
0.2467164,0.26425254,0.24091242,0.0,0.24811862
0.24166048,0.26319617,0.0,0.24281164,0.25233173
0.24827132,0.25247976,0.0,0.24121758,0.2580313
0.24398148,0.2609188,0.0,0.24450421,0.25059554
0.24544,0.26287222,0.0,0.24274464,0.24894314
0.24519826,0.2625022,0.0,0.24162954,0.25067005
0.24424814,0.2634665,0.0,0.24313284,0.24915247
0.24819589,0.25124064,0.0,0.2447884,0.25577506
0.24135585,0.26038823,0.0,0.24725938,0.2509965
0.24349558,0.26427445,0.0,0.24501766,0.24721234
0.24360375,0.26300916,0.0,0.24170633,0.2516807
0.24500692,0.26302963,0.0,0.24209301,0.24987045
0.24897516,0.25042403,0.0,0.24247055,0.2581303
0.24480441,0.25870568,0.0,0.24574193,0.25074798
0.24376614,0.26141074,0.0,0.24446219,0.2503609
0.24404836,0.26237372,0.0,0.24394639,0.24963152
0.24514678,0.26111698,0.0,0.24029225,0.25344396
0.24983138,0.24949513,0.0,0.24346472,0.2572088
0.24549311,0.25792027,0.0,0.2432104,0.25337625
0.24187152,0.25951684,0.0,0.24266207,0.25594956
0.24267091,0.26126453,0.0,0.24360362,0.25246102
0.24522339,0.26132172,0.0,0.24228615,0.25116876
0.2450617,0.24803595,0.0,0.24407671,0.2628256
0.24369122,0.25740457,0.0,0.24653764,0.25236657
0.24427553,0.25994357,0.0,0.24430858,0.25147235
0.2404119,0.2594633,0.0,0.24224982,0.25787497
0.24762882,0.25980893,0.2429594,0.0,0.24960288
0.24865654,0.24759541,0.0,0.24321927,0.26052874
0.24723454,0.25781292,0.0,0.24266672,0.2522858
0.24408977,0.25787827,0.0,0.2436103,0.25442165
0.2412617,0.25999033,0.0,0.24459274,0.2541552
0.24235652,0.25965828,0.0,0.24417889,0.25380632
0.24846336,0.24693865,0.0,0.2428194,0.26177856
0.24465662,0.25522313,0.0,0.24372062,0.25639966
0.24798398,0.25725845,0.24247493,0.0,0.25228265
0.24465884,0.25966215,0.0,0.24147876,0.25420022
0.2476333,0.25756437,0.0,0.24139275,0.25340962
0.2513769,0.24603981,0.0,0.24328713,0.2592962
0.245459,0.25506204,0.0,0.24550046,0.2539785
0.2450028,0.25694138,0.0,0.24535856,0.25269726
0.24677776,0.2565951,0.24166645,0.0,0.2549607
0.24648844,0.25644416,0.24124824,0.0,0.25581917
0.2501173,0.24491537,0.0,0.2430155,0.26195183
0.24536884,0.25409535,0.0,0.24504355,0.25549227
0.24721543,0.25512245,0.0,0.24124885,0.25641328
0.24471335,0.2566546,0.0,0.24185568,0.25677642
0.24426475,0.25626844,0.0,0.24248494,0.2569819
0.24648046,0.24412179,0.0,0.24347885,0.26591894
0.24663503,0.25254866,0.24293835,0.0,0.25787795
0.24597065,0.25500122,0.0,0.2446453,0.25438285
0.24362834,0.25518766,0.24126971,0.0,0.25991428
0.24562691,0.2553827,0.24350251,0.0,0.25548792
0.24574214,0.24388903,0.0,0.24237841,0.26799038
0.2452786,0.25101134,0.0,0.24473643,0.25897363
0.24474119,0.25335574,0.2422888,0.0,0.25961426
0.2459832,0.2545782,0.24147211,0.0,0.25796652
0.24987213,0.25262997,0.24761112,0.0,0.24988678
0.25473446,0.0,0.24063854,0.23998038,0.2646466
0.24336323,0.2525194,0.0,0.24653627,0.2575811
0.24420428,0.25437123,0.0,0.24398021,0.25744426
0.24725966,0.25195932,0.24568282,0.0,0.25509825
0.24562882,0.25304252,0.24240859,0.0,0.25892013
0.25279176,0.0,0.24008611,0.24244034,0.2646818
0.24849688,0.2497144,0.24554561,0.0,0.25624308
0.2475286,0.25002408,0.24459818,0.0,0.2578492
0.24513076,0.253472,0.24352477,0.0,0.25787246
0.24640982,0.25386268,0.24377555,0.0,0.25595194
0.24926473,0.2407749,0.0,0.24419668,0.26576364
0.24513926,0.24946499,0.0,0.24605513,0.2593406
0.24773282,0.2510354,0.24395713,0.0,0.25727466
0.24251823,0.25227377,0.0,0.24173683,0.26347116
0.24399398,0.25506145,0.24312633,0.0,0.25781825
0.25156182,0.24038345,0.0,0.23950478,0.26854992
0.24639328,0.2489181,0.0,0.2463018,0.25838682
0.24305518,0.25187996,0.0,0.24457106,0.26049381
0.24489167,0.24990314,0.24288803,0.0,0.26231715
0.24342263,0.25097033,0.0,0.23967673,0.26593032
0.25100714,0.0,0.2404922,0.24268048,0.26582018
0.24572751,0.24838908,0.0,0.24338856,0.2624949
0.24848124,0.24901667,0.24784845,0.0,0.25465357
0.24762525,0.25015306,0.24653879,0.0,0.2556829
0.24307422,0.25134683,0.0,0.24350853,0.26207042
0.2529952,0.0,0.24103968,0.2385062,0.26745895
0.24231867,0.24934593,0.0,0.24588054,0.26245484
0.24489129,0.24944799,0.0,0.24502091,0.26063982
0.24244419,0.2511232,0.0,0.24415675,0.26227582
0.24692918,0.24726631,0.24401323,0.0,0.26179126
0.25349495,0.0,0.24031946,0.24013276,0.26605284
0.24461512,0.24569462,0.0,0.2448857,0.2648045
0.24517287,0.24887724,0.2420995,0.0,0.26385042
0.24461256,0.24975854,0.24387622,0.0,0.26175264
0.2459169,0.24908304,0.24456005,0.0,0.26044
0.25411648,0.0,0.24196662,0.24017948,0.26373744
0.2437374,0.24541189,0.0,0.24669987,0.26415086
0.24675447,0.2474332,0.24532163,0.0,0.26049066
0.24473785,0.24729183,0.0,0.24423808,0.26373222
0.2509368,0.24517329,0.24765886,0.0,0.25623098
0.25295955,0.0,0.24176359,0.23917302,0.26610383
0.24639682,0.24467498,0.24597862,0.0,0.2629496
0.2432542,0.24654625,0.24147461,0.0,0.26872495
0.24442622,0.24727069,0.24331224,0.0,0.26499084
0.24409066,0.24934977,0.24356319,0.0,0.26299635
0.25050238,0.0,0.23856801,0.24174935,0.26918027
0.24648334,0.24559335,0.24584152,0.0,0.2620818
0.24548548,0.245187,0.24327666,0.0,0.26605088
0.0,0.24729541,0.24332036,0.24477431,0.26460993
0.24942447,0.24287789,0.25059423,0.0,0.25710344
0.25212395,0.0,0.23885274,0.23837887,0.2706444
0.24631312,0.2436404,0.24644367,0.0,0.26360276
0.24629731,0.24394198,0.24652429,0.0,0.2632364
0.24372023,0.24552986,0.2453607,0.0,0.2653892
0.24659592,0.2452141,0.24610996,0.0,0.26207995
0.25071183,0.0,0.23887452,0.24041449,0.26999918
0.2456343,0.0,0.24510378,0.24552271,0.2637392
0.24505453,0.24600971,0.24633044,0.0,0.2626053
0.24524315,0.24613696,0.24651942,0.0,0.26210046
0.24507454,0.24442464,0.24642773,0.0,0.26407307
0.2508387,0.0,0.23798275,0.23874,0.27243862
0.24734409,0.0,0.24622272,0.24262477,0.26380843
0.24797077,0.24209477,0.2479538,0.0,0.26198068
0.24724597,0.2432814,0.24900608,0.0,0.26046652
0.24390456,0.24572161,0.24506882,0.0,0.265305
0.24953191,0.0,0.2385791,0.24084042,0.27104864
0.24953341,0.0,0.24575856,0.2407174,0.26399064
0.24860273,0.24002625,0.24825796,0.0,0.26311305
0.24888428,0.24140982,0.24967548,0.0,0.26003045
0.24537897,0.24321716,0.24522527,0.0,0.2661786
0.2486517,0.0,0.23985714,0.2399202,0.27157095
0.24842544,0.0,0.24720067,0.23861013,0.26576376
0.244915,0.0,0.24456085,0.24352756,0.26699662
0.24567474,0.24015297,0.24712989,0.0,0.2670424
0.24667,0.2404997,0.24891047,0.0,0.26391986
0.2570215,0.0,0.24303904,0.23173344,0.268206
0.24508649,0.0,0.24448232,0.24275498,0.2676762
0.24597907,0.24065553,0.24873814,0.0,0.26462725
0.24695157,0.2414407,0.2493967,0.0,0.26221105
0.2449144,0.23988025,0.24803375,0.0,0.2671716
0.2500295,0.0,0.23669842,0.23777308,0.275499
0.2502244,0.0,0.24969925,0.23973447,0.26034188
0.24708311,0.0,0.25131014,0.2388334,0.2627734
0.24802409,0.0,0.25010002,0.23964779,0.2622281
0.24733354,0.0,0.24971767,0.24022369,0.26272509
0.25426948,0.0,0.24215142,0.23338099,0.27019808
0.24644001,0.0,0.24746378,0.24083273,0.26526347
0.24520905,0.0,0.2505443,0.23845594,0.2657907
0.24705242,0.0,0.25034913,0.23994671,0.26265177
0.24393702,0.0,0.24898927,0.24049932,0.26657438
0.25159284,0.0,0.24186122,0.23718466,0.2693613
0.24621853,0.0,0.24866208,0.23852436,0.26659504
0.24509953,0.0,0.24981883,0.2376529,0.26742876
0.24565808,0.0,0.24978118,0.23908325,0.2654775
0.24683386,0.0,0.25171122,0.24016908,0.26128587
0.25342077,0.0,0.24262688,0.2346041,0.26934826
0.2422807,0.0,0.24502513,0.2410616,0.27163255
0.24724934,0.0,0.2518527,0.23548657,0.26541138
0.2495359,0.0,0.25562802,0.23579997,0.2590361
0.24667294,0.0,0.25082824,0.23834486,0.26415396
0.25292844,0.0,0.242128,0.23345888,0.27148464
0.2425865,0.0,0.24793667,0.24414325,0.26533356
0.24508767,0.0,0.25163725,0.23963208,0.26364294
0.24141859,0.0,0.24862991,0.24214514,0.26780635
0.24356098,0.0,0.24912006,0.23726729,0.27005166
0.24655394,0.0,0.23518828,0.23326679,0.28499097
0.24727365,0.0,0.25265118,0.23887928,0.2611959
0.24615389,0.0,0.25098974,0.23895095,0.26390538
0.24267775,0.0,0.24982543,0.24035463,0.26714218
0.24334584,0.0,0.25057587,0.23839173,0.26768655
0.25170085,0.0,0.24434051,0.23239268,0.27156597
0.24094562,0.0,0.24816966,0.2424577,0.26842704
0.2429198,0.0,0.25092658,0.23733962,0.26881394
0.24517305,0.0,0.2543742,0.23625787,0.26419488
0.24493279,0.0,0.25310087,0.23712584,0.26484054
0.2511038,0.0,0.24148127,0.23198877,0.2754262
0.24596952,0.0,0.25158474,0.2378572,0.26458853
0.24636108,0.0,0.25438464,0.2390333,0.260221
0.24130039,0.0,0.2510955,0.23757783,0.27002627
0.24193677,0.0,0.25013316,0.23774147,0.27018857
0.25164226,0.0,0.2410515,0.23038392,0.27692232
0.24230106,0.0,0.24823606,0.24268512,0.26677775
0.24435557,0.0,0.2512134,0.2388632,0.26556784
0.24106856,0.0,0.250025,0.23990017,0.26900625
0.24196719,0.0,0.25144196,0.24136591,0.26522493
0.25490433,0.0,0.24299489,0.23278165,0.26931915
0.24596883,0.0,0.25315478,0.23916309,0.26171333
0.24255595,0.0,0.2473239,0.23884489,0.27127525
0.23893948,0.0,0.2519523,0.2396365,0.2694717
0.2443637,0.0,0.2580036,0.23828512,0.25934753
0.2537039,0.0,0.24517903,0.22977217,0.27134493
0.24072552,0.0,0.24973264,0.24030487,0.26923695
0.24460474,0.0,0.25605106,0.23509924,0.26424497
0.24796884,0.0,0.258599,0.23513103,0.25830114
0.24528293,0.0,0.25724864,0.23649965,0.26096877
0.25140497,0.0,0.2437147,0.23032452,0.27455583
0.24092326,0.0,0.25263372,0.23929091,0.2671521
0.2450645,0.0,0.25757003,0.2397807,0.25758478
0.2415605,0.0,0.25396237,0.23614055,0.26833656
0.24196824,0.0,0.25608882,0.23603822,0.2659047
0.25265622,0.0,0.24507487,0.2287936,0.27347535
0.2433466,0.0,0.2543893,0.23617753,0.26608655
0.24440551,0.0,0.25678334,0.23971863,0.2590925
0.2417929,0.0,0.25733846,0.23534164,0.26552695
0.24320585,0.0,0.2586632,0.23594503,0.26218593
0.25078022,0.0,0.24245782,0.23201075,0.27475125
0.24203849,0.0,0.2567879,0.24167112,0.25950247
0.2380725,0.0,0.25127807,0.24228749,0.26836193
0.24328166,0.0,0.25940204,0.2366696,0.26064676
0.23880914,0.0,0.25696975,0.24202049,0.26220062
0.25357696,0.0,0.2481112,0.22999786,0.268314
0.2394085,0.0,0.25297728,0.24352561,0.26408863
0.24194129,0.0,0.2591761,0.23721528,0.26166734
0.2387862,0.0,0.25511196,0.23980553,0.26629627
0.2369149,0.0,0.25512913,0.24091724,0.26703873
0.2532927,0.0,0.24572851,0.22891752,0.27206126
0.24175924,0.0,0.25767496,0.23926261,0.26130322
0.23876321,0.0,0.2585895,0.24269742,0.25994986
0.24155399,0.0,0.26013604,0.23797986,0.2603301
0.2372722,0.0,0.25682265,0.23812836,0.26777676
0.25238088,0.0,0.24252346,0.2287788,0.27631682
0.2403172,0.0,0.26161376,0.23699552,0.2610736
0.23870522,0.0,0.25958538,0.24117585,0.26053354
0.23578691,0.0,0.25823477,0.24417241,0.26180595
0.23980603,0.0,0.264207,0.24016315,0.25582385
0.25525233,0.0,0.25000083,0.22653309,0.26821372
0.2388429,0.0,0.25980568,0.24185897,0.25949243
0.23702674,0.0,0.26262775,0.23916839,0.26117712
0.23368293,0.0,0.25852928,0.23992197,0.26786584
0.23551439,0.0,0.26117805,0.24044442,0.26286316
0.2519793,0.0,0.24670474,0.22762135,0.27369466
0.23597686,0.0,0.25638896,0.24282801,0.26480618
0.23717949,0.0,0.26273623,0.2424503,0.25763398
0.23606773,0.0,0.26231837,0.24366984,0.25794405
0.23461747,0.0,0.26480836,0.23823172,0.26234242
0.2555256,0.0,0.25208837,0.22549579,0.26689032
0.23373216,0.0,0.25791854,0.2467928,0.26155648
0.2431012,0.24258855,0.26501417,0.0,0.24929614
0.23994936,0.0,0.26568654,0.2346387,0.25972536
0.23856294,0.0,0.27127498,0.24009109,0.25007096
0.25280234,0.0,0.25022116,0.226591,0.27038553
0.23310606,0.0,0.26350376,0.24553053,0.25785965
0.23024559,0.0,0.26329982,0.24545251,0.26100203
0.22746424,0.0,0.2733299,0.24400271,0.25520313
0.22611125,0.0,0.27230582,0.24503851,0.25654444
0.24801792,0.0,0.24445887,0.22777182,0.27975142
0.24649322,0.30125505,0.23526266,0.21698909,0.0
0.23992774,0.3084818,0.22987749,0.22171296,0.0
0.24107173,0.30880788,0.23103245,0.21908791,0.0
0.24049746,0.30890682,0.23110075,0.21949495,0.0
0.24026279,0.30932575,0.22980101,0.22061041,0.0
0.24404518,0.30205673,0.23266469,0.22123343,0.0
0.24233419,0.3062859,0.23229499,0.21908487,0.0
0.24099776,0.3080028,0.2306935,0.22030595,0.0
0.24377394,0.30676147,0.23268025,0.21678436,0.0
0.2426872,0.3077687,0.23194964,0.21759443,0.0
0.24662921,0.29994497,0.23442309,0.2190027,0.0
0.24175392,0.3054459,0.2314303,0.22136983,0.0
0.24229412,0.3047736,0.23230846,0.22062385,0.0
0.2420481,0.3067452,0.23167682,0.21952988,0.0
0.2410343,0.3070974,0.23081441,0.22105381,0.0
0.24595302,0.29859522,0.23351207,0.22193967,0.0
0.24250415,0.30347615,0.23279083,0.22122885,0.0
0.24131441,0.3051192,0.23165019,0.22191623,0.0
0.24256498,0.30522472,0.23278974,0.21942052,0.0
0.24167538,0.30632108,0.23158243,0.22042109,0.0
0.24709783,0.29757586,0.23425967,0.22106662,0.0
0.2410263,0.3037243,0.23151381,0.22373557,0.0
0.24242754,0.30396983,0.23237841,0.2212242,0.0
0.24409465,0.30252656,0.2346211,0.21875773,0.0
0.24307925,0.3036226,0.23345782,0.21984032,0.0
0.24629235,0.2966528,0.23424956,0.22280529,0.0
0.24166176,0.30160835,0.23214678,0.22458312,0.0
0.24107045,0.30303273,0.23210572,0.22379106,0.0
0.24256518,0.30244872,0.23320313,0.221783,0.0
0.24485263,0.30150023,0.23480925,0.21883787,0.0
0.247115,0.29542983,0.23545322,0.22200193,0.0
0.24301633,0.30045217,0.23351005,0.22302142,0.0
0.24003997,0.30299464,0.23064809,0.22631727,0.0
0.24321753,0.30099553,0.23328158,0.22250535,0.0
0.24238096,0.3010404,0.23303989,0.22353868,0.0
0.24546924,0.29407766,0.23403114,0.226422,0.0
0.2410708,0.29967916,0.23183748,0.22741255,0.0
0.24169171,0.30054468,0.23345046,0.22431317,0.0
0.24551906,0.29898244,0.23537987,0.22011861,0.0
0.24374965,0.30000523,0.23379916,0.222446,0.0
0.2452981,0.29420862,0.23402408,0.22646917,0.0
0.24274586,0.29814732,0.2331069,0.22599992,0.0
0.24277145,0.29889843,0.23331486,0.22501533,0.0
0.24268445,0.29817054,0.23277721,0.2263678,0.0
0.24301843,0.29897442,0.23467314,0.22333403,0.0
0.24855754,0.2907886,0.23611452,0.22453937,0.0
0.24222825,0.29767388,0.23341605,0.22668186,0.0
0.24346098,0.29753238,0.23494466,0.224062,0.0
0.24332249,0.29720488,0.23452482,0.22494778,0.0
0.2425511,0.2978397,0.23299012,0.22661908,0.0
0.24835996,0.2900626,0.23552343,0.22605398,0.0
0.24106091,0.29639056,0.23315512,0.22939338,0.0
0.24212502,0.29670393,0.23293528,0.22823575,0.0
0.24371302,0.2960255,0.2351147,0.22514676,0.0
0.24331231,0.2967891,0.23416503,0.22573355,0.0
0.24642426,0.29025415,0.23555747,0.0,0.22776416
0.2418738,0.29459828,0.23440476,0.22912315,0.0
0.24161765,0.29591408,0.23320906,0.22925921,0.0
0.24264032,0.2951979,0.23406382,0.22809796,0.0
0.24186483,0.29688436,0.23411916,0.22713166,0.0
0.2470499,0.2888622,0.23588367,0.2282042,0.0
0.2443013,0.2923168,0.23487103,0.22851093,0.0
0.24193671,0.29476002,0.23342945,0.22987382,0.0
0.2444931,0.29377902,0.236398,0.2253299,0.0
0.24248184,0.29512417,0.23472859,0.22766545,0.0
0.2481087,0.28738216,0.23513451,0.2293746,0.0
0.24340574,0.29215562,0.2349461,0.22949253,0.0
0.24297597,0.29372606,0.23369266,0.22960532,0.0
0.24097882,0.29484254,0.23161922,0.2325594,0.0
0.24450621,0.2935365,0.23550099,0.2264563,0.0
0.2497952,0.2860518,0.23576127,0.2283917,0.0
0.24069493,0.29294428,0.23232651,0.23403434,0.0
0.24335492,0.292621,0.2359522,0.22807187,0.0
0.24285156,0.29399782,0.23361851,0.22953215,0.0
0.24354583,0.29312292,0.23453724,0.22879398,0.0
0.24673411,0.2865762,0.23467593,0.23201376,0.0
0.24335237,0.2918658,0.23386487,0.23091702,0.0
0.24327177,0.29132077,0.23493318,0.23047428,0.0
0.24501322,0.29205766,0.23681255,0.22611655,0.0
0.24667236,0.2907195,0.23766597,0.22494213,0.0
0.2497894,0.28456953,0.2360263,0.0,0.22961473
0.24409717,0.2887857,0.23680595,0.2303112,0.0
0.24508515,0.29053897,0.23651631,0.22785957,0.0
0.2441196,0.29142314,0.23623669,0.22822057,0.0
0.24416247,0.2906016,0.23619999,0.22903591,0.0
0.24699669,0.2851667,0.23519969,0.23263693,0.0
0.24270444,0.29039332,0.23411132,0.2327909,0.0
0.24352603,0.29078192,0.2357634,0.2299287,0.0
0.24591564,0.28926814,0.23841749,0.22639874,0.0
0.24523667,0.28986955,0.23653448,0.22835931,0.0
0.2502506,0.28178912,0.23800156,0.0,0.22995871
0.24309556,0.28826645,0.23612389,0.23251405,0.0
0.24459733,0.28897443,0.23708178,0.22934642,0.0
0.24395388,0.28993657,0.23604168,0.23006788,0.0
0.24294885,0.29080507,0.23516974,0.23107633,0.0
0.2488301,0.28245765,0.2359599,0.0,0.2327524
0.24189156,0.2896477,0.23416696,0.23429377,0.0
0.24169098,0.2900884,0.23501365,0.23320703,0.0
0.24566483,0.2880941,0.23749518,0.22874586,0.0
0.24525172,0.28879336,0.23775667,0.22819832,0.0
0.24909982,0.2793241,0.23751298,0.0,0.23406307
0.24426313,0.2864083,0.2375252,0.23180339,0.0
0.24389423,0.28815335,0.2375586,0.23039378,0.0
0.24407029,0.2881441,0.23675455,0.23103106,0.0
0.24257639,0.28916526,0.2361783,0.23208009,0.0
0.24864024,0.2793736,0.2367088,0.0,0.23527741
0.24212185,0.28676802,0.23466583,0.23644432,0.0
0.24297473,0.2873252,0.23631917,0.23338085,0.0
0.2452837,0.2866468,0.23863894,0.22943053,0.0
0.24500008,0.2871992,0.23759548,0.23020525,0.0
0.2486638,0.27939913,0.23670197,0.0,0.23523515
0.2433619,0.28519312,0.23688929,0.2345557,0.0
0.24477561,0.28464928,0.23913996,0.23143512,0.0
0.24320626,0.2872034,0.23698393,0.2326064,0.0
0.24516518,0.28559583,0.23967296,0.0,0.22956601
0.25032645,0.2758993,0.23872963,0.0,0.23504464
0.24497584,0.2837618,0.23798461,0.23327772,0.0
0.24507214,0.2835382,0.23998484,0.0,0.23140486
0.24470991,0.28549615,0.23900184,0.0,0.23079215
0.24322854,0.28662437,0.23749037,0.23265672,0.0
0.2482781,0.27641195,0.23724325,0.0,0.2380667
0.24343577,0.28357816,0.2366605,0.23632558,0.0
0.24343126,0.28482184,0.23773871,0.23400822,0.0
0.24568824,0.28303048,0.23959634,0.0,0.2316849
0.24403855,0.28436494,0.23767303,0.0,0.23392352
0.24953663,0.2752077,0.2376324,0.0,0.23762332
0.24607562,0.28101236,0.24023886,0.23267321,0.0
0.24524295,0.28218424,0.2392633,0.0,0.23330948
0.24419399,0.2846277,0.23889595,0.23228234,0.0
0.24277472,0.28491622,0.23745225,0.0,0.2348568
0.2478751,0.27397278,0.0,0.23879163,0.23936045
0.24334708,0.2808017,0.23790704,0.23794417,0.0
0.24336453,0.28304702,0.23827375,0.0,0.23531471
0.24419886,0.2809389,0.23911071,0.0,0.23575154
0.24328254,0.28167242,0.23830558,0.0,0.23673944
0.25002596,0.2714423,0.23834898,0.0,0.24018276
0.24437435,0.27951202,0.23892714,0.0,0.23718648
0.24513209,0.27957746,0.24096903,0.0,0.23432136
0.24280436,0.28328705,0.23849532,0.0,0.2354133
0.24497527,0.279684,0.24042276,0.0,0.23491798
0.24877363,0.27156898,0.23805885,0.0,0.24159852
0.24363473,0.27927914,0.2384894,0.2385967,0.0
0.2448537,0.27769402,0.24053253,0.0,0.23691976
0.24523126,0.27914065,0.24026926,0.0,0.23535883
0.2439248,0.2781257,0.2399635,0.0,0.23798604
0.24994078,0.26777735,0.23803914,0.0,0.24424276
0.24414775,0.27798706,0.23942128,0.23844393,0.0
0.24369007,0.2794966,0.23976703,0.0,0.23704626
0.24341771,0.27841565,0.24038927,0.0,0.23777738
0.24284436,0.27979842,0.23951425,0.0,0.23784299
0.24787411,0.26884025,0.0,0.2390418,0.24424383
0.2438709,0.27653658,0.24001615,0.0,0.23957637
0.24203804,0.27909315,0.23843639,0.0,0.2404324
0.2436055,0.27670237,0.24068706,0.0,0.23900509
0.24314696,0.27671352,0.23984118,0.0,0.24029839
0.24981263,0.26504648,0.23825914,0.0,0.24688177
0.24391247,0.27406496,0.23947409,0.0,0.2425485
0.2443703,0.2756687,0.24180031,0.0,0.23816065
0.24375129,0.27471167,0.24156614,0.0,0.23997088
0.2443092,0.274995,0.24198183,0.0,0.23871401
0.24882579,0.2645509,0.23901024,0.0,0.2476131
0.24410772,0.27451748,0.24028894,0.0,0.24108583
0.24446923,0.272821,0.24172936,0.0,0.2409804
0.24472252,0.27541494,0.24190664,0.0,0.23795587
0.24424021,0.27401006,0.24246742,0.0,0.23928227
0.25006354,0.26103494,0.23925838,0.0,0.24964322
0.24557927,0.27252457,0.24230053,0.0,0.23959568
0.24301583,0.27527043,0.24050364,0.0,0.2412101
0.24311045,0.27484423,0.24158515,0.0,0.2404602
0.24223366,0.27588335,0.24170475,0.0,0.24017824
0.24798548,0.26266763,0.23886906,0.0,0.25047785
0.24230167,0.27196443,0.24119931,0.0,0.2445346
0.24353206,0.2726618,0.24292815,0.0,0.24087799
0.24549535,0.27143615,0.24321651,0.0,0.23985198
0.24280813,0.2735582,0.24133435,0.0,0.24229929
0.24813871,0.26177624,0.0,0.24021871,0.24986632
0.24441724,0.2681524,0.242018,0.0,0.24541238
0.24253309,0.27148253,0.24007002,0.0,0.24591434
0.24477135,0.26890036,0.24252515,0.0,0.24380317
0.24415569,0.2706813,0.24287131,0.0,0.24229176
0.2496949,0.25935736,0.23942961,0.0,0.2515181
0.24349993,0.26997274,0.24157579,0.0,0.24495153
0.24335927,0.2703125,0.24177268,0.0,0.24455559
0.24407545,0.2686256,0.24389635,0.0,0.24340256
0.24513088,0.26893744,0.24492854,0.0,0.24100319
0.24965057,0.25692764,0.24008194,0.0,0.25333986
0.24398583,0.26813343,0.2424884,0.0,0.24539235
0.24385877,0.26784357,0.24249494,0.0,0.24580272
0.24278314,0.2695957,0.24208085,0.0,0.2455403
0.24349423,0.26804742,0.2433003,0.0,0.24515805
0.24909075,0.2584393,0.0,0.24037944,0.2520905
0.24418965,0.26623133,0.2431058,0.0,0.24647321
0.24335283,0.2665876,0.24401772,0.0,0.24604186
0.24285509,0.26917553,0.24394456,0.0,0.24402486
0.24477383,0.2661074,0.24558648,0.0,0.2435323
0.25017163,0.25549695,0.24062248,0.0,0.25370893
0.24463232,0.26369202,0.24257699,0.0,0.24909867
0.24297859,0.26694188,0.24395946,0.0,0.24612013
0.2437493,0.26597637,0.2440993,0.0,0.246175
0.24207722,0.26730892,0.24341367,0.0,0.24720025
0.25003588,0.2524219,0.24040781,0.0,0.25713444
0.24511701,0.26425356,0.24538016,0.0,0.24524921
0.24350657,0.2640317,0.24533208,0.0,0.24712971
0.24319077,0.26538843,0.24463505,0.0,0.24678577
0.24485426,0.26357082,0.24652715,0.0,0.24504775
0.25048497,0.25297245,0.24080396,0.0,0.25573862
0.244658,0.2625842,0.24499722,0.0,0.2477606
0.24313335,0.2649099,0.24350618,0.0,0.24845056
0.24332532,0.2641544,0.24544322,0.0,0.24707702
0.24180661,0.26648992,0.24413466,0.0,0.2475688
0.25073022,0.25113538,0.24112953,0.0,0.25700492
0.24567136,0.2588484,0.2462532,0.0,0.24922706
0.2434681,0.26321444,0.24479116,0.0,0.2485263
0.24178071,0.265908,0.24434602,0.0,0.24796526
0.24474381,0.2619416,0.24688058,0.0,0.24643402
0.25021946,0.25119424,0.0,0.23985426,0.25873205
0.24442671,0.2614552,0.24564525,0.0,0.24847282
0.24477533,0.26098585,0.24686752,0.0,0.24737129
0.24383053,0.2624283,0.24589694,0.0,0.24784425
0.24345188,0.26362047,0.24563543,0.0,0.2472922
0.251385,0.24944223,0.24111588,0.0,0.2580569
0.24351083,0.2603017,0.24507052,0.0,0.25111696
0.24547538,0.26118243,0.24676038,0.0,0.24658182
0.24497353,0.26041332,0.24830393,0.0,0.24630925
0.24589492,0.26171246,0.24843508,0.0,0.24395752
0.25107038,0.24680632,0.24355157,0.0,0.25857168
0.24582902,0.2587604,0.24839287,0.0,0.24701777
0.24582268,0.25878456,0.24835837,0.0,0.24703437
0.24489374,0.2586049,0.24924444,0.0,0.2472569
0.24499878,0.25921276,0.24780788,0.0,0.24798055
0.25210544,0.24618573,0.24274905,0.0,0.2589598
0.24372537,0.25588876,0.24514468,0.0,0.25524122
0.24555522,0.25630763,0.24786597,0.0,0.25027114
0.24479428,0.258963,0.24847275,0.0,0.24777001
0.24466974,0.2581913,0.24793883,0.0,0.2492002
0.25201318,0.2450886,0.24286298,0.0,0.26003522
0.24611793,0.2548393,0.24807379,0.0,0.250969
0.2438789,0.2572385,0.2480401,0.0,0.25084254
0.24391554,0.258753,0.2478713,0.0,0.24946018
0.24373683,0.2571781,0.24878784,0.0,0.25029725
0.25251555,0.24279043,0.24435297,0.0,0.26034105
0.24562351,0.25604463,0.2484865,0.0,0.24984537
0.24521267,0.25471455,0.24866255,0.0,0.25141028
0.24300651,0.25852713,0.24822523,0.0,0.25024113
0.24479783,0.25595793,0.24825242,0.0,0.25099185
0.25268528,0.24349976,0.24264719,0.0,0.2611678
0.24559844,0.25405383,0.2477784,0.0,0.25256932
0.24651317,0.25299007,0.24938321,0.0,0.2511136
0.24506836,0.25649348,0.25061038,0.0,0.2478278
0.24389958,0.25453603,0.24945584,0.0,0.2521085
0.25379947,0.24138588,0.24547434,0.0,0.25934035
0.24504077,0.25302258,0.24833852,0.0,0.25359812
0.24356523,0.25622422,0.24970521,0.0,0.25050533
0.24535385,0.25391626,0.25135332,0.0,0.24937657
0.24472646,0.2543437,0.2507705,0.0,0.25015935
0.25060886,0.24028441,0.24099143,0.0,0.26811528
0.24580555,0.2508578,0.2502102,0.0,0.2531264
0.24442007,0.25281367,0.25045982,0.0,0.2523064
0.24328311,0.25511697,0.2495315,0.0,0.25206846
0.24275166,0.25326723,0.24911593,0.0,0.25486514
0.2549083,0.23667991,0.24573858,0.0,0.26267326
0.24471998,0.2499406,0.24852446,0.0,0.256815
0.24479511,0.2517811,0.25052568,0.0,0.2528981
0.24277571,0.2538607,0.25064757,0.0,0.25271598
0.24388002,0.2511923,0.25179017,0.0,0.2531375
0.25364113,0.0,0.24428843,0.23815462,0.26391584
0.24593352,0.25052375,0.25067934,0.0,0.25286338
0.24447632,0.25050518,0.25208446,0.0,0.25293407
0.24305572,0.251646,0.2495594,0.0,0.25573888
0.24204704,0.25339434,0.2503085,0.0,0.25425014
0.25446036,0.2366876,0.2457985,0.0,0.26305354
0.24550821,0.24892959,0.25168228,0.0,0.2538799
0.24334781,0.2504978,0.25160888,0.0,0.25454554
0.24298084,0.25210047,0.25112367,0.0,0.25379503
0.24390107,0.2504164,0.252368,0.0,0.25331455
0.25340942,0.23495951,0.24496338,0.0,0.2666677
0.2448964,0.24695064,0.25124973,0.0,0.25690326
0.24368939,0.24916029,0.2519156,0.0,0.25523472
0.24288723,0.2519965,0.25032648,0.0,0.25478983
0.24504061,0.24779333,0.25459948,0.0,0.25256658
0.25647706,0.0,0.24761838,0.23262751,0.26327705
0.2443255,0.24887608,0.25145897,0.0,0.2553394
0.24266039,0.25049943,0.25282472,0.0,0.2540155
0.24511541,0.248197,0.2545361,0.0,0.2521515
0.24324986,0.24984448,0.25302052,0.0,0.2538851
0.25231972,0.0,0.24416862,0.23633924,0.2671724
0.24309447,0.24738425,0.25039515,0.0,0.25912613
0.24248104,0.2488651,0.25202742,0.0,0.25662646
0.24334666,0.24698772,0.25306255,0.0,0.25660306
0.24214968,0.24783382,0.25183004,0.0,0.25818646
0.25377128,0.0,0.24488991,0.23558605,0.26575273
0.2447612,0.24437036,0.25284234,0.0,0.25802612
0.24382728,0.2465373,0.25367284,0.0,0.2559626
0.24275906,0.24891065,0.25419784,0.0,0.25413248
0.24323012,0.24680062,0.2554666,0.0,0.25450265
0.2545675,0.0,0.24535204,0.23351556,0.2665649
0.24491525,0.24262238,0.25401598,0.0,0.2584464
0.24301082,0.2453956,0.2550337,0.0,0.25655985
0.24250293,0.24713367,0.25455946,0.0,0.25580394
0.24250145,0.24617475,0.2551815,0.0,0.25614232
0.25422758,0.0,0.24513957,0.2327417,0.2678912
0.2444085,0.24239402,0.25382087,0.0,0.25937665
0.24341197,0.24286644,0.2545669,0.0,0.2591547
0.24202773,0.24594486,0.25584316,0.0,0.25618422
0.24303152,0.24337229,0.25668424,0.0,0.256912
0.25377592,0.0,0.2454256,0.23209651,0.26870197
0.24372418,0.24147975,0.25502074,0.0,0.2597753
0.24558088,0.24246474,0.2571033,0.0,0.25485107
0.24232133,0.24222833,0.25612712,0.0,0.2593232
0.24381715,0.2434335,0.25764695,0.0,0.25510243
0.25623482,0.0,0.24939474,0.22793806,0.2664324
0.245792,0.24164084,0.25684988,0.0,0.25571725
0.24525465,0.24071291,0.2600606,0.0,0.25397182
0.24287277,0.24364255,0.25735417,0.0,0.25613055
0.24313979,0.24232602,0.25847074,0.0,0.2560634
0.25561658,0.0,0.2474926,0.23113751,0.26575327
0.24265803,0.24091157,0.25389144,0.0,0.26253894
0.24350059,0.24038759,0.25804558,0.0,0.25806624
0.2427496,0.2410878,0.2575317,0.0,0.2586309
0.2408986,0.24205434,0.25831792,0.0,0.25872916
0.2531665,0.0,0.245307,0.23385426,0.26767227
0.24577335,0.23832157,0.259505,0.0,0.25640008
0.24171185,0.24286665,0.25773957,0.0,0.25768194
0.24256048,0.24148005,0.26040804,0.0,0.25555146
0.24169368,0.24143866,0.25882348,0.0,0.25804415
0.2563673,0.0,0.24789795,0.22974075,0.26599404
0.2453023,0.23753649,0.25745687,0.0,0.25970438
0.24082112,0.24006218,0.25680262,0.0,0.2623141
0.24414517,0.23792444,0.2597035,0.0,0.25822687
0.24276122,0.23968384,0.2626531,0.0,0.25490183
0.25399104,0.0,0.2471471,0.23075576,0.2681061
0.24468295,0.0,0.2599102,0.23688398,0.25852284
0.24212782,0.23978914,0.25982088,0.0,0.25826213
0.24295492,0.23750699,0.26300895,0.0,0.25652912
0.24179071,0.23861785,0.2615836,0.0,0.2580078
0.2563799,0.0,0.24899292,0.22781348,0.26681376
0.24399866,0.0,0.26168704,0.23554297,0.25877136
0.24136576,0.23804969,0.2599205,0.0,0.26066408
0.24040066,0.23994106,0.26231694,0.0,0.25734133
0.2393161,0.23952603,0.26233256,0.0,0.2588253
0.25453526,0.0,0.24964231,0.22771722,0.2681052
0.24473684,0.23329608,0.26363212,0.0,0.25833493
0.24229382,0.23656817,0.2630878,0.0,0.25805023
0.24055065,0.2397486,0.26407355,0.0,0.2556272
0.24116768,0.23636954,0.2671782,0.0,0.2552846
0.25449458,0.0,0.24948438,0.2279029,0.26811817
0.2424791,0.0,0.26269525,0.23376285,0.26106283
0.24057029,0.23806055,0.2645128,0.0,0.25685638
0.24141604,0.23784497,0.26691255,0.0,0.25382638
0.23907368,0.23889612,0.26658154,0.0,0.2554487
0.25437316,0.0,0.25005707,0.22625068,0.26931912
0.24068508,0.0,0.26079383,0.23913847,0.2593826
0.24052389,0.0,0.26494837,0.23615159,0.25837618
0.24184395,0.23437482,0.26733565,0.0,0.25644553
0.23964995,0.23678412,0.26789194,0.0,0.25567397
0.2533805,0.0,0.24977279,0.22612087,0.27072582
0.24218412,0.0,0.26206818,0.23756166,0.25818598
0.24294278,0.23235725,0.2712098,0.0,0.25349012
0.24290255,0.2349439,0.27280423,0.0,0.24934933
0.23790102,0.237679,0.2687964,0.0,0.25562358
0.25725356,0.0,0.25374198,0.22225983,0.2667446
0.23814557,0.0,0.26133326,0.23948453,0.2610367
0.23964752,0.0,0.267079,0.23660517,0.25666833
0.24131565,0.0,0.26975688,0.2322374,0.25669008
0.24166924,0.23287043,0.27076703,0.0,0.25469327
0.2517657,0.0,0.24830358,0.2287232,0.2712075
0.240935,0.0,0.26492012,0.23670068,0.2574442
0.24088572,0.0,0.26966757,0.23497516,0.25447157
0.2411205,0.0,0.27211815,0.23593237,0.25082898
0.24033965,0.23127006,0.27292415,0.0,0.2554661
0.25717333,0.0,0.25454646,0.22110257,0.26717767
0.24128579,0.0,0.26815394,0.23466027,0.2559
0.24009502,0.0,0.270634,0.23384337,0.2554276
0.23850091,0.0,0.27282694,0.23453896,0.2541332
0.23828927,0.0,0.27424625,0.23503837,0.25242615
0.25304356,0.0,0.2508679,0.22724825,0.26884028
0.2378973,0.0,0.2666124,0.24092758,0.25456274
0.23821643,0.0,0.27270484,0.23733228,0.25174648
0.23539366,0.0,0.26972538,0.23880555,0.25607547
0.23787232,0.0,0.27404165,0.23278135,0.2553047
0.2541537,0.0,0.25128883,0.22404268,0.27051476
0.23852918,0.0,0.268478,0.23810747,0.25488538
0.23539034,0.0,0.27005306,0.23722984,0.2573268
0.2372189,0.0,0.27574065,0.23587508,0.25116536
0.23707992,0.0,0.27663007,0.23565839,0.25063163
0.25252983,0.0,0.25131014,0.2266188,0.26954123
0.2365383,0.0,0.27088267,0.23781371,0.25476533
0.2347517,0.0,0.2766889,0.23898076,0.24957861
0.2354918,0.0,0.27804878,0.23393616,0.25252324
0.23484457,0.0,0.28039837,0.23382802,0.25092903
0.25363508,0.0,0.25558332,0.22058491,0.2701967
0.24080347,0.2887539,0.22537053,0.24507213,0.0
0.23578411,0.2921733,0.22492972,0.24711286,0.0
0.23528749,0.29062024,0.22443524,0.24965705,0.0
0.2378191,0.2863782,0.22593443,0.24986826,0.0
0.24280643,0.2852416,0.22992477,0.2420272,0.0
0.24084128,0.28531653,0.22496739,0.24887478,0.0
0.24017648,0.2843894,0.22832361,0.24711046,0.0
0.23889774,0.28831762,0.2285191,0.24426553,0.0
0.23892668,0.28724095,0.22823368,0.24559864,0.0
0.23989491,0.2838164,0.22769599,0.2485927,0.0
0.24207953,0.28343445,0.22756195,0.24692407,0.0
0.23780888,0.28674838,0.22606704,0.24937569,0.0
0.2409334,0.2842276,0.22755753,0.24728145,0.0
0.24107428,0.28645286,0.22942267,0.24305016,0.0
0.23887388,0.28638947,0.22806066,0.24667598,0.0
0.24651127,0.28117824,0.23037729,0.2419332,0.0
0.2405225,0.28447887,0.22764328,0.2473554,0.0
0.24054296,0.28433815,0.22809795,0.24702092,0.0
0.24223912,0.28242344,0.22959256,0.24574488,0.0
0.24019085,0.2843256,0.2289774,0.24650618,0.0
0.24672058,0.27949288,0.23057455,0.243212,0.0
0.24180807,0.2837964,0.22879994,0.24559563,0.0
0.24401595,0.28233397,0.229593,0.24405713,0.0
0.24202594,0.28263682,0.22883363,0.24650358,0.0
0.24180277,0.2826443,0.22845064,0.24710228,0.0
0.24639536,0.27797887,0.22965866,0.24596713,0.0
0.24554724,0.28053182,0.23040593,0.24351501,0.0
0.24206077,0.28158045,0.22861528,0.24774353,0.0
0.23860651,0.28444174,0.22798547,0.24896626,0.0
0.24595536,0.27909085,0.2322963,0.24265747,0.0
0.24600035,0.27588746,0.23146413,0.24664806,0.0
0.24472156,0.27926302,0.23172022,0.24429515,0.0
0.24367875,0.27998996,0.23082411,0.2455072,0.0
0.24126443,0.28099817,0.22876582,0.24897161,0.0
0.24415492,0.28003258,0.23274662,0.24306591,0.0
0.24740404,0.27582055,0.23094837,0.24582702,0.0
0.2434167,0.27841675,0.23002414,0.24814244,0.0
0.24551728,0.2772339,0.2321424,0.24510638,0.0
0.24150932,0.27967635,0.22922547,0.24958886,0.0
0.24284573,0.2799875,0.23220368,0.24496308,0.0
0.24844934,0.2746139,0.23099223,0.24594456,0.0
0.24321264,0.27694088,0.23055637,0.24929011,0.0
0.24509354,0.27828246,0.23265675,0.24396724,0.0
0.24302351,0.2784965,0.23120888,0.2472711,0.0
0.24385473,0.278032,0.23392935,0.24418396,0.0
0.24871725,0.27254644,0.23095408,0.24778223,0.0
0.24789,0.2737499,0.2335528,0.24480726,0.0
0.24457192,0.27597594,0.23198947,0.24746266,0.0
0.24472636,0.27578118,0.23259996,0.2468925,0.0
0.24351685,0.27720746,0.23312344,0.24615222,0.0
0.250166,0.27081928,0.23245406,0.2465606,0.0
0.24566907,0.2744274,0.23023626,0.24966726,0.0
0.24605928,0.2739869,0.23122028,0.24873354,0.0
0.2450205,0.2744756,0.23212942,0.2483745,0.0
0.24406703,0.27363682,0.23203796,0.25025818,0.0
0.2512855,0.27197406,0.23281135,0.24392912,0.0
0.24659885,0.27455312,0.23204051,0.24680749,0.0
0.2464245,0.27306166,0.23180065,0.24871317,0.0
0.24361973,0.27729112,0.23206617,0.24702302,0.0
0.2424446,0.2748924,0.23098922,0.25167382,0.0
0.24705641,0.2677374,0.0,0.25138783,0.23381835
0.24651927,0.27118558,0.0,0.2482198,0.23407537
0.24692641,0.27183107,0.2333108,0.2479317,0.0
0.24526924,0.27260867,0.23293431,0.24918774,0.0
0.24349189,0.2740162,0.23355769,0.2489342,0.0
0.24692371,0.268223,0.0,0.2533894,0.2314639
0.24444002,0.27121484,0.0,0.25189024,0.23245487
0.24879013,0.2701306,0.23510301,0.24597622,0.0
0.24619672,0.2705985,0.0,0.24832754,0.23487723
0.24293657,0.27581805,0.2330268,0.24821854,0.0
0.24576183,0.2665802,0.0,0.2525589,0.23509909
0.24346642,0.27032906,0.0,0.252418,0.23378651
0.24630767,0.2707616,0.2335413,0.24938947,0.0
0.24621516,0.27049783,0.0,0.24947044,0.23381656
0.24255686,0.27347305,0.0,0.25065973,0.23331039
0.25205612,0.26399595,0.23571001,0.24823792,0.0
0.24804343,0.26771703,0.0,0.24953832,0.23470123
0.24810456,0.26809102,0.23496932,0.24883509,0.0
0.24769151,0.2692354,0.23648806,0.24658506,0.0
0.24357477,0.27110794,0.0,0.25085118,0.23446612
0.24756686,0.26224783,0.0,0.25357866,0.23660663
0.24760015,0.26621076,0.0,0.24861147,0.23757765
0.2547557,0.28030404,0.23561172,0.22932851,0.0
0.24964929,0.2707457,0.23625916,0.24334589,0.0
0.2503846,0.26833892,0.23778665,0.24348982,0.0
0.25383013,0.26256198,0.23668957,0.24691828,0.0
0.24819435,0.26789528,0.0,0.24763958,0.23627082
0.24808453,0.26671553,0.0,0.24888483,0.2363151
0.24419723,0.27018395,0.0,0.24960509,0.23601376
0.2500756,0.2658447,0.0,0.24500142,0.23907831
0.24768205,0.26149783,0.0,0.25294763,0.23787253
0.24859035,0.26357195,0.0,0.24652882,0.24130888
0.24922512,0.26406395,0.0,0.24706024,0.23965067
0.24487518,0.26758677,0.0,0.24960631,0.23793174
0.24507044,0.26736993,0.0,0.24804115,0.23951854
0.24850872,0.25984824,0.0,0.2526888,0.23895423
0.24707733,0.2644211,0.0,0.2510857,0.23741585
0.24789566,0.26423162,0.0,0.24939471,0.23847803
0.24754798,0.26481462,0.0,0.24882911,0.23880824
0.24420808,0.26588127,0.0,0.24870004,0.24121062
0.254036,0.2578535,0.0,0.24691984,0.2411906
0.24277337,0.26340616,0.0,0.25362977,0.24019071
0.24723528,0.26382804,0.0,0.24893434,0.24000232
0.24593674,0.26320738,0.0,0.25071964,0.24013622
0.24557093,0.26543954,0.0,0.24994831,0.23904121
0.25066617,0.25789517,0.0,0.25043848,0.24100013
0.24654035,0.2616803,0.0,0.25179633,0.239983
0.24377067,0.26310188,0.0,0.24979585,0.24333154
0.24598715,0.26289114,0.0,0.24963358,0.24148808
0.24516898,0.26355612,0.0,0.2503575,0.24091734
0.24859138,0.259119,0.0,0.25091183,0.24137776
0.24406146,0.26201943,0.0,0.25370127,0.24021783
0.24533571,0.26162666,0.0,0.2510136,0.242024
0.24521302,0.26229388,0.0,0.24969624,0.2427969
0.24673837,0.26207605,0.0,0.25017208,0.24101354
0.24980107,0.25588807,0.0,0.2521855,0.24212532
0.24452381,0.26185027,0.0,0.2536586,0.23996732
0.24705061,0.26286107,0.0,0.24985695,0.24023134
0.24416505,0.26166517,0.0,0.25258583,0.24158397
0.24575788,0.26316917,0.0,0.25012615,0.24094681
0.24866217,0.25641462,0.0,0.25310934,0.24181385
0.24527127,0.2597924,0.0,0.25239834,0.242538
0.2455734,0.26064798,0.0,0.25106364,0.24271496
0.24733089,0.26180616,0.0,0.24874413,0.24211879
0.2459909,0.26255804,0.0,0.2508265,0.24062456
0.25096998,0.2548408,0.0,0.2513578,0.24283142
0.24549402,0.25975677,0.0,0.25183174,0.24291745
0.24630885,0.25984028,0.0,0.25077954,0.24307135
0.24580516,0.26047477,0.0,0.24781464,0.24590538
0.24620531,0.2631332,0.0,0.24795687,0.24270466
0.25123867,0.25408593,0.0,0.2496947,0.24498071
0.2435809,0.2595244,0.0,0.25569782,0.24119689
0.245573,0.25980017,0.0,0.25289384,0.24173301
0.2458219,0.2607285,0.0,0.2506197,0.24282989
0.2471448,0.26110178,0.0,0.24832879,0.24342465
0.25031304,0.25409672,0.0,0.2513479,0.24424231
0.24460214,0.25770527,0.0,0.25412416,0.24356842
0.24445064,0.25903887,0.0,0.2520053,0.24450521
0.24539606,0.26149532,0.0,0.24962185,0.24348675
0.24391447,0.26131976,0.0,0.25080487,0.2439609
0.24861543,0.25238815,0.0,0.2524632,0.24653323
0.24503702,0.25785962,0.0,0.25331584,0.24378745
0.24425606,0.25954375,0.0,0.25325117,0.24294902
0.24579258,0.2604461,0.0,0.24872398,0.2450373
0.24443866,0.26171285,0.0,0.24979341,0.24405508
0.25212654,0.25153977,0.0,0.24923122,0.24710248
0.24711703,0.25604066,0.0,0.25120723,0.24563503
0.24326874,0.2594713,0.0,0.25191775,0.24534221
0.2471005,0.25921342,0.0,0.24720389,0.24648215
0.24546406,0.26059002,0.0,0.24711409,0.24683188
0.25063553,0.25125328,0.0,0.25126627,0.2468449
0.24592143,0.25459522,0.0,0.2519814,0.24750195
0.24535875,0.25697407,0.0,0.2489595,0.24870765
0.24401459,0.26030135,0.0,0.250738,0.24494608
0.24494176,0.26063272,0.0,0.24708827,0.24733727
0.2533345,0.24996772,0.0,0.24895827,0.24773951
0.24409544,0.25860056,0.0,0.25060457,0.24669948
0.2461841,0.25818437,0.0,0.2494715,0.24616
0.244974,0.25854826,0.0,0.24904625,0.24743144
0.24640277,0.261622,0.0,0.24576226,0.24621299
0.2480999,0.25198528,0.0,0.25416264,0.24575216
0.24542989,0.2551548,0.0,0.2543211,0.24509425
0.24525435,0.25743476,0.0,0.25166354,0.24564737
0.2475592,0.25945118,0.0,0.24849212,0.24449754
0.2431476,0.25975704,0.0,0.24913599,0.24795939
0.24951716,0.2493016,0.0,0.25197524,0.24920602
0.24461745,0.25411516,0.0,0.25252703,0.24874036
0.24598102,0.25677478,0.0,0.25007215,0.24717201
0.24925412,0.25712636,0.0,0.24691774,0.24670173
0.24599074,0.25678587,0.0,0.24771248,0.24951087
0.2503925,0.24928422,0.0,0.25308982,0.24723345
0.24298319,0.2523637,0.0,0.25591922,0.2487339
0.24231271,0.2559373,0.0,0.2534367,0.24831325
0.24338707,0.25712544,0.0,0.2504984,0.24898908
0.24185488,0.2572794,0.0,0.25193527,0.24893047
0.2507805,0.24737306,0.0,0.25240925,0.24943726
0.2441385,0.25270176,0.0,0.2535969,0.24956283
0.24771729,0.25443453,0.0,0.24881776,0.24903041
0.2465977,0.2562134,0.0,0.24831472,0.24887414
0.24567778,0.257863,0.0,0.24630316,0.25015604
0.2487937,0.24656583,0.0,0.25186977,0.25277072
0.2463913,0.25085866,0.0,0.25071782,0.2520322
0.25022295,0.25208294,0.0,0.24730138,0.25039274
0.2471981,0.25490993,0.0,0.24661678,0.25127515
0.24859643,0.25833705,0.0,0.24409364,0.24897292
0.25162423,0.24510235,0.0,0.25066692,0.2526065
0.24617557,0.2527376,0.0,0.25274718,0.24833962
0.24774697,0.25252953,0.0,0.24770802,0.25201544
0.24802235,0.25395024,0.0,0.2466421,0.2513853
0.24832341,0.2583348,0.0,0.24266821,0.2506736
0.25425422,0.24675569,0.0,0.24764349,0.25134656
0.24767043,0.25429952,0.0,0.24720344,0.25082663
0.24744178,0.25201413,0.0,0.24812621,0.25241786
0.25091478,0.25302365,0.0,0.24499123,0.2510703
0.2476626,0.2560615,0.0,0.24519965,0.25107622
0.25415662,0.24557032,0.0,0.24568675,0.25458634
0.24639492,0.25175303,0.0,0.2473183,0.25453374
0.24638207,0.25113052,0.0,0.24938181,0.25310558
0.24850756,0.252335,0.0,0.24643347,0.25272396
0.24693719,0.25463,0.0,0.24643701,0.25199577
0.2522195,0.24472828,0.0,0.24867514,0.25437707
0.24623421,0.25050774,0.0,0.2515595,0.2516986
0.24885195,0.24978182,0.0,0.24649294,0.25487328
0.24993135,0.25138345,0.0,0.2450977,0.25358748
0.24960493,0.25169915,0.0,0.2447888,0.2539071
0.2560423,0.24110909,0.0,0.2458319,0.2570167
0.246068,0.24917614,0.0,0.2500677,0.25468814
0.24893463,0.25008315,0.0,0.24639635,0.25458586
0.25032595,0.25102374,0.0,0.24629158,0.25235873
0.24717477,0.2528723,0.0,0.24665274,0.2533002
0.2547402,0.24134244,0.0,0.2487464,0.25517094
0.24707276,0.24888773,0.0,0.2508691,0.25317043
0.2507428,0.24746828,0.0,0.24652644,0.25526243
0.24783659,0.25139463,0.0,0.24783747,0.2529313
0.24654905,0.25188148,0.0,0.24838734,0.2531821
0.25540993,0.23919795,0.0,0.2475572,0.25783494
0.24884464,0.2489665,0.0,0.24911483,0.25307402
0.24776989,0.24919222,0.0,0.24908797,0.25394997
0.24874735,0.24863951,0.0,0.24482138,0.25779173
0.24932668,0.24938044,0.0,0.24613543,0.2551575
0.25549218,0.2386015,0.0,0.24914268,0.25676364
0.24682893,0.24813072,0.0,0.25122342,0.25381693
0.24922544,0.24802141,0.0,0.24944445,0.2533087
0.24970247,0.2483961,0.0,0.24600641,0.255895
0.24906076,0.24932976,0.0,0.24497548,0.25663397
0.25913426,0.0,0.24017967,0.24484368,0.25584242
0.24685213,0.24744943,0.0,0.25143546,0.25426298
0.24685563,0.24702871,0.0,0.25055847,0.25555715
0.2500471,0.24740347,0.0,0.24686372,0.25568572
0.25197345,0.24782152,0.0,0.24500376,0.25520122
0.25716692,0.0,0.23768418,0.24820235,0.2569465
0.24946365,0.24573334,0.0,0.2487209,0.25608212
0.24932642,0.24682412,0.0,0.24925786,0.2545916
0.25199807,0.24691842,0.0,0.24529018,0.25579333
0.25104645,0.2480534,0.0,0.24721462,0.25368556
0.26007864,0.0,0.23996012,0.24218947,0.25777182
0.25253022,0.24481267,0.0,0.24661936,0.25603774
0.24922273,0.2459913,0.0,0.2473549,0.2574311
0.24870315,0.24793136,0.0,0.2486168,0.2547487
0.24941184,0.24750794,0.0,0.24459308,0.25848708
0.25696808,0.0,0.23795082,0.24490562,0.26017547
0.2505253,0.2451291,0.0,0.24992809,0.2544175
0.24764493,0.24524081,0.0,0.25132617,0.2557881
0.2510633,0.24534151,0.0,0.24453816,0.259057
0.24908753,0.24701603,0.0,0.2449496,0.25894687
0.25716826,0.0,0.23746401,0.244078,0.26128972
0.2487758,0.24595936,0.0,0.24951558,0.25574926
0.251161,0.24303803,0.0,0.24607408,0.2597269
0.24790691,0.24663696,0.0,0.24874371,0.25671244
0.24866177,0.24810074,0.0,0.24682522,0.2564123
0.26086518,0.0,0.23974271,0.24083073,0.25856137
0.25297928,0.24570723,0.0,0.24880484,0.25250864
0.25290635,0.24483038,0.0,0.24503234,0.2572309
0.24991947,0.24541485,0.0,0.24371971,0.26094595
0.2507777,0.24676605,0.24560097,0.0,0.25685528
0.25916025,0.0,0.23965651,0.24310407,0.25807914
0.24970652,0.24463254,0.0,0.24499497,0.26066598
0.2535019,0.0,0.24533778,0.24608625,0.25507405
0.25158724,0.24539031,0.0,0.24518383,0.2578386
0.25013554,0.2465552,0.0,0.24343921,0.25987
0.2559419,0.0,0.23712176,0.24523458,0.26170173
0.2527054,0.24534824,0.0,0.24483603,0.25711033
0.25228673,0.0,0.24459834,0.24340832,0.2597066
0.24952672,0.24607897,0.0,0.24527971,0.25911456
0.2486891,0.24645019,0.0,0.24498376,0.25987694
0.25784972,0.0,0.23952883,0.24355578,0.25906563
0.24900697,0.24443091,0.0,0.24795729,0.25860485
0.24893533,0.24351716,0.0,0.2465785,0.26096898
0.25011143,0.24434003,0.24476494,0.0,0.2607836
0.2506108,0.2448369,0.24420172,0.0,0.26035058
0.2596667,0.0,0.23992203,0.24377207,0.25663915
0.24960802,0.24219872,0.0,0.24660063,0.26159263
0.25182316,0.0,0.24486284,0.24420476,0.25910926
0.25123522,0.0,0.24541083,0.24325298,0.260101
0.2515937,0.0,0.24588658,0.24339464,0.25912505
0.25632593,0.0,0.23867986,0.24329914,0.2616951
0.2491133,0.0,0.24165468,0.24784279,0.26138923
0.2501655,0.0,0.24543545,0.24558648,0.25881258
0.25038913,0.0,0.24596217,0.24366136,0.25998732
0.24780372,0.0,0.24367669,0.24685802,0.2616616
0.25515842,0.0,0.23644638,0.24546401,0.2629312
0.24734093,0.0,0.24026428,0.24935487,0.26303995
0.24705641,0.0,0.2412288,0.24875267,0.26296216
0.24899212,0.0,0.24382852,0.24567866,0.26150072
0.24961239,0.0,0.24616596,0.24315631,0.2610653
0.25634438,0.0,0.23822717,0.2424551,0.2629733
0.24953711,0.0,0.24304041,0.2462127,0.2612098
0.25003332,0.0,0.24515265,0.24384977,0.2609642
0.24986391,0.0,0.2449078,0.24320868,0.26201957
0.24865754,0.0,0.24591684,0.24257128,0.26285437
0.2548675,0.0,0.23827168,0.24340579,0.263455
0.24827838,0.0,0.24374512,0.24692996,0.26104656
0.248244,0.0,0.24434964,0.24615532,0.26125106
0.248464,0.0,0.24479142,0.2455538,0.26119074
0.2469387,0.0,0.24679108,0.243421,0.26284918
0.2569958,0.0,0.24140626,0.23662,0.26497793
0.24705271,0.0,0.24534808,0.24748378,0.2601154
0.2479683,0.0,0.24399017,0.24840513,0.25963637
0.24762292,0.0,0.24630637,0.24442059,0.26165012
0.24579379,0.0,0.24736895,0.24533708,0.26150018
0.2565413,0.0,0.24012524,0.23930442,0.26402906
0.24517211,0.0,0.24269697,0.25188234,0.26024857
0.24751766,0.0,0.24582136,0.2464749,0.2601861
0.24590872,0.0,0.24620335,0.24659643,0.26129153
0.2446066,0.0,0.24583933,0.24855763,0.26099646
0.2566762,0.0,0.23813175,0.24089666,0.26429537
0.24440315,0.0,0.24094206,0.25327727,0.26137754
0.24589594,0.0,0.2438196,0.25062674,0.25965774
0.2437355,0.0,0.24479462,0.2507187,0.2607511
0.24474028,0.0,0.24638726,0.24901347,0.25985897
0.2580334,0.0,0.23566581,0.23926236,0.2670384
0.24930511,0.0,0.24461268,0.24552059,0.26056162
0.2472632,0.0,0.24511297,0.24594963,0.26167417
0.24508843,0.0,0.2494914,0.24924314,0.25617707
0.2441414,0.0,0.24773918,0.24892774,0.2591917
0.25518033,0.0,0.23634109,0.24035126,0.2681273
0.24351968,0.0,0.24507383,0.2528428,0.25856367
0.24415684,0.0,0.24890651,0.25010487,0.25683174
0.24197586,0.0,0.24767432,0.25097427,0.2593755
0.24137986,0.0,0.24699517,0.25258717,0.2590378
0.2584536,0.0,0.24015482,0.2361008,0.26529074
0.24434371,0.0,0.24634229,0.24982344,0.25949055
0.24183811,0.0,0.248135,0.2526236,0.25740334
0.2432956,0.0,0.24973781,0.24940784,0.25755876
0.24030714,0.0,0.25002262,0.25205195,0.25761828
0.25512093,0.0,0.24046864,0.2380955,0.26631492
0.24055581,0.0,0.2468586,0.25358692,0.25899872
0.2400127,0.0,0.24802175,0.25497594,0.2569896
0.24070966,0.0,0.24891186,0.25420856,0.2561699
0.24078603,0.0,0.25277922,0.25157112,0.25486368
0.25947452,0.0,0.23843831,0.2358697,0.2662175
0.24783988,0.0,0.25064343,0.24734762,0.25416905
0.24336503,0.0,0.2493924,0.2504711,0.2567715
0.24031027,0.0,0.24976262,0.25594282,0.25398424
0.23951285,0.0,0.2522017,0.25313994,0.2551455
0.25796947,0.0,0.23918262,0.23777668,0.2650712
0.24197316,0.0,0.24748285,0.25442323,0.25612077
0.23811291,0.0,0.2506632,0.25627849,0.25494543
0.24017861,0.0,0.25590917,0.24886529,0.25504693
0.24129096,0.0,0.25536874,0.2483185,0.25502184
0.25808424,0.0,0.24075937,0.23302074,0.26813567
0.24231674,0.0,0.24824615,0.25572553,0.25371158
0.24151365,0.0,0.25207394,0.2534079,0.2530045
0.24067065,0.0,0.25280753,0.2514279,0.255094
0.24247134,0.0,0.25210646,0.24714793,0.25827426
0.26056752,0.0,0.24177682,0.23371616,0.2639395
0.24144873,0.0,0.24971677,0.2572867,0.2515478
0.24118465,0.0,0.25428966,0.25108036,0.25344533
0.238265,0.0,0.25360978,0.25447318,0.25365204
0.23938622,0.0,0.25713292,0.25127083,0.25221002
0.2585541,0.0,0.23968378,0.23387812,0.267884
0.24190845,0.0,0.25088596,0.25704676,0.25015888
0.24215278,0.0,0.25423244,0.25043824,0.25317657
0.24246523,0.0,0.255217,0.2475851,0.25473264
0.24346387,0.0,0.25480348,0.24573725,0.25599536
0.2610061,0.0,0.24116321,0.23273802,0.26509264
0.24227573,0.0,0.25219184,0.25197345,0.25355896
0.24012601,0.0,0.25399604,0.2547406,0.25113738
0.23996857,0.0,0.2549414,0.25128758,0.25380248
0.23718724,0.0,0.25584343,0.25237462,0.2545947
0.26308814,0.0,0.24416581,0.2309316,0.26181442
0.24260707,0.0,0.25321203,0.25328967,0.25089127
0.23973176,0.0,0.25274077,0.25519007,0.25233737
0.2413702,0.0,0.2591264,0.24751797,0.2519854
0.24224631,0.0,0.25605983,0.24581741,0.25587645
0.26349345,0.0,0.24261399,0.22814514,0.26574743
0.24155293,0.0,0.25248,0.25609288,0.24987422
0.24088755,0.0,0.2571237,0.25083783,0.2511509
0.23866104,0.0,0.25964782,0.2508897,0.2508014
0.24054709,0.0,0.2618877,0.24923515,0.24833006
0.26697004,0.0,0.24303792,0.2226547,0.2673373
0.24309099,0.0,0.25320908,0.25173467,0.2519653
0.23895214,0.0,0.25722525,0.25406882,0.24975379
0.23863049,0.0,0.25729352,0.25329262,0.25078338
0.23748459,0.0,0.25810802,0.2539764,0.250431
0.26455927,0.0,0.24392588,0.22753404,0.26398078
0.24043165,0.0,0.25840127,0.25272077,0.24844627
0.23865244,0.0,0.25694963,0.25397056,0.25042734
0.23815233,0.0,0.26209983,0.24883617,0.25091162
0.23916668,0.0,0.26379174,0.24838553,0.24865606
0.26482105,0.0,0.24348632,0.22858453,0.26310807
0.24006942,0.0,0.25576732,0.25748426,0.246679
0.2391064,0.0,0.2607351,0.24933463,0.25082392
0.2392778,0.0,0.26578215,0.24891286,0.24602725
0.23757006,0.0,0.26585138,0.24941188,0.24716668
0.2632158,0.0,0.2437396,0.22989792,0.26314664
0.23945928,0.0,0.25909334,0.25319177,0.2482556
0.23984219,0.0,0.2644764,0.24864677,0.24703462
0.23951766,0.0,0.26209313,0.24662891,0.25176027
0.23622559,0.0,0.2677482,0.2501684,0.24585782
0.26730978,0.0,0.24494964,0.22640887,0.2613317
0.23921254,0.0,0.26188198,0.25391304,0.24499242
0.23636548,0.0,0.26658756,0.25218642,0.2448605
0.23397686,0.0,0.27039665,0.24943122,0.24619524
0.23627315,0.0,0.2679595,0.24967687,0.2460905
0.2673861,0.0,0.24280782,0.22860606,0.26120004
0.24112563,0.0,0.26259702,0.24969135,0.24658598
0.23928124,0.0,0.2657176,0.2505168,0.24448438
0.2351278,0.0,0.26965663,0.25374278,0.24147284
0.23243444,0.0,0.27255315,0.2524748,0.24253759
0.26863393,0.0,0.24574356,0.22467622,0.26094633
0.2357235,0.0,0.26900116,0.25260386,0.24267149
0.23294409,0.0,0.27518815,0.25271857,0.2391492
0.2329955,0.0,0.27570856,0.2529262,0.2383697
0.23420726,0.0,0.27537534,0.24969253,0.24072488
0.26755023,0.0,0.2435717,0.22806135,0.2608167
0.2356906,0.0,0.2706179,0.25408816,0.23960339
0.2313815,0.0,0.27683717,0.25305155,0.2387298
0.2307533,0.0,0.28159463,0.25062034,0.23703174
0.2301051,0.0,0.2874714,0.24788167,0.23454188
0.27065417,0.0,0.24489996,0.22593533,0.25851056
0.23299748,0.0,0.27570578,0.25473216,0.23656456
0.23112446,0.0,0.28009498,0.25228423,0.23649631
0.23307413,0.0,0.28061333,0.2502241,0.23608842
0.22842278,0.0,0.28667277,0.25058737,0.2343171
0.26866806,0.0,0.24519224,0.22428529,0.2618544
0.23214802,0.0,0.27784434,0.25488442,0.23512322
0.22969176,0.0,0.2858551,0.25054714,0.233906
0.22808048,0.0,0.28475735,0.2520078,0.23515436
0.23056701,0.0,0.29060873,0.24688703,0.23193727
0.2704606,0.0,0.24694106,0.22656494,0.2560334
0.23085083,0.0,0.28624043,0.2513117,0.23159707
0.23003082,0.0,0.2925894,0.2464047,0.23097505
0.22734152,0.0,0.29525942,0.24612781,0.23127125
0.22726668,0.0,0.3040956,0.24014659,0.22849111
0.27609366,0.0,0.24662383,0.21996018,0.25732234
0.23441747,0.0,0.28646103,0.24862511,0.23049638
0.23160885,0.0,0.29288527,0.24604605,0.2294598
0.22785874,0.0,0.3039644,0.24119669,0.2269802
0.22737749,0.0,0.30614784,0.24008967,0.22638497
0.27180248,0.0,0.25035945,0.22232287,0.2555152
0.23056278,0.0,0.29543883,0.24773322,0.22626518
0.22877479,0.0,0.29903433,0.24399021,0.22820072
0.2280171,0.0,0.30260146,0.24129523,0.22808623
0.22598748,0.0,0.31084946,0.2376749,0.22548817
0.27245373,0.0,0.24986483,0.22517857,0.25250292
0.2285708,0.0,0.30101815,0.24406953,0.2263415
0.22501494,0.0,0.308415,0.23902568,0.22754437
0.22608921,0.0,0.30991212,0.24074668,0.22325195
0.22729829,0.0,0.31183642,0.2370853,0.22378002
0.27249905,0.0,0.24806526,0.22947475,0.24996091
0.22851323,0.0,0.30763832,0.24159773,0.22225071
0.2244686,0.0,0.31472754,0.2375697,0.2232342
0.22306557,0.0,0.32068768,0.2343072,0.2219396
0.22520849,0.0,0.32261693,0.23414832,0.21802628
0.2722683,0.0,0.24952501,0.22883625,0.2493704
0.22875148,0.0,0.3123898,0.23893328,0.21992545
0.22348575,0.0,0.3206456,0.23634715,0.21952152
0.22098562,0.0,0.32839006,0.23255163,0.21807267
0.22086556,0.0,0.3312305,0.22906727,0.21883668
0.2800194,0.0,0.253829,0.21829443,0.24785712
0.23954824,0.2829258,0.22369175,0.2538342,0.0
0.23840651,0.28692618,0.22718813,0.24747916,0.0
0.24084294,0.28573218,0.2272714,0.2461535,0.0
0.24110372,0.28657117,0.22811134,0.2442137,0.0
0.23783724,0.28953847,0.22484052,0.24778377,0.0
0.24492879,0.28046948,0.22733997,0.2472617,0.0
0.2388164,0.28653315,0.22609633,0.24855411,0.0
0.23821618,0.28733042,0.22372212,0.25073132,0.0
0.23953782,0.28675532,0.22541913,0.2482878,0.0
0.23842442,0.28722903,0.22707477,0.24727172,0.0
0.24597256,0.2800454,0.22824141,0.2457406,0.0
0.23773079,0.28577852,0.22474697,0.25174373,0.0
0.23863564,0.2865681,0.22471897,0.2500773,0.0
0.24107471,0.2849509,0.22801381,0.24596056,0.0
0.24102254,0.2847346,0.22776863,0.24647427,0.0
0.24680305,0.27906838,0.2284283,0.24570027,0.0
0.23935361,0.28468037,0.22529115,0.2506749,0.0
0.24134575,0.28358585,0.22713953,0.24792889,0.0
0.23993412,0.28351268,0.22672753,0.24982566,0.0
0.2408739,0.2831421,0.2274652,0.24851881,0.0
0.24539462,0.27774173,0.22795767,0.24890593,0.0
0.24055071,0.28258374,0.22648282,0.2503827,0.0
0.24077286,0.2836643,0.22661741,0.24894544,0.0
0.24075682,0.283545,0.22747599,0.24822225,0.0
0.24237315,0.28187194,0.22906683,0.24668808,0.0
0.24584441,0.27680546,0.22903143,0.2483187,0.0
0.23997338,0.28084657,0.2269798,0.25220022,0.0
0.24162634,0.28116262,0.22853501,0.24867603,0.0
0.2401186,0.28272069,0.22527622,0.25188452,0.0
0.24204321,0.28191075,0.22826126,0.24778475,0.0
0.24640134,0.27640665,0.22801384,0.24917817,0.0
0.23911709,0.28172663,0.22513704,0.25401923,0.0
0.23978153,0.28114134,0.22711632,0.2519608,0.0
0.24096549,0.28067166,0.22841714,0.24994564,0.0
0.24134485,0.27984115,0.22879443,0.25001958,0.0
0.2466657,0.27452615,0.22927007,0.2495381,0.0
0.2425824,0.27847087,0.22778538,0.2511613,0.0
0.24107166,0.27954066,0.22670259,0.25268507,0.0
0.24136783,0.27913752,0.22751714,0.25197747,0.0
0.24297996,0.2786611,0.22977489,0.24858405,0.0
0.24810499,0.27327487,0.22981267,0.2488075,0.0
0.24027367,0.27823436,0.22720273,0.2542893,0.0
0.24099647,0.2779295,0.22704247,0.25403157,0.0
0.2440379,0.27740574,0.22975117,0.24880517,0.0
0.2400724,0.28022447,0.2274343,0.25226882,0.0
0.24805577,0.27014562,0.2302898,0.25150886,0.0
0.24223436,0.27659392,0.2287455,0.2524262,0.0
0.24341719,0.27658662,0.22945741,0.25053883,0.0
0.24186309,0.27649996,0.22763142,0.25400558,0.0
0.24275768,0.27593696,0.22937047,0.25193492,0.0
0.24756058,0.27035835,0.0,0.25264272,0.22943835
0.23894285,0.27720818,0.22602217,0.2578268,0.0
0.24148804,0.27599916,0.22770095,0.2548118,0.0
0.24224226,0.27617225,0.0,0.2527521,0.22883344
0.24309991,0.27596542,0.22993062,0.25100407,0.0
0.2505415,0.26849636,0.23104484,0.24991733,0.0
0.24225686,0.27386156,0.22915289,0.25472873,0.0
0.24326688,0.27335188,0.22981162,0.2535696,0.0
0.24524994,0.273116,0.23215412,0.2494799,0.0
0.24523143,0.27362373,0.23178223,0.24936256,0.0
0.2488011,0.2680759,0.23023476,0.2528883,0.0
0.24495116,0.2723482,0.23054327,0.2521574,0.0
0.24458624,0.27293453,0.23071341,0.25176582,0.0
0.24296446,0.27458474,0.2289065,0.25354433,0.0
0.24545246,0.27336374,0.23027913,0.25090465,0.0
0.249803,0.26617256,0.2309465,0.25307795,0.0
0.24645196,0.2706834,0.0,0.2513866,0.23147804
0.24198543,0.27269155,0.0,0.25448397,0.23083907
0.24672443,0.27200878,0.0,0.24854028,0.23272654
0.24773136,0.272101,0.23373614,0.24643144,0.0
0.24906462,0.26641768,0.23079994,0.25371772,0.0
0.24324328,0.27042997,0.0,0.25578701,0.23053977
0.2412088,0.27178714,0.0,0.25404644,0.23295763
0.24682392,0.2712151,0.0,0.24828488,0.23367608
0.2446984,0.27205074,0.0,0.24924108,0.23400983
0.24849842,0.26420578,0.0,0.25417513,0.2331207
0.24542728,0.26893115,0.23216121,0.25348035,0.0
0.24529256,0.27027652,0.23202258,0.2524083,0.0
0.24303176,0.2711702,0.0,0.25455412,0.23124394
0.24495989,0.27158234,0.23221487,0.25124297,0.0
0.24900627,0.26296148,0.0,0.25629744,0.23173483
0.24113746,0.26778445,0.0,0.25811476,0.2329633
0.24197924,0.2691244,0.0,0.2549122,0.23398414
0.23818773,0.27202487,0.0,0.25610325,0.23368418
0.24495006,0.27058002,0.0,0.2522374,0.2322325
0.24865131,0.2647953,0.0,0.25254303,0.23401035
0.23859243,0.27225554,0.0,0.2588361,0.23031592
0.24243893,0.2705153,0.0,0.25187242,0.23517339
0.2408474,0.27126023,0.0,0.25485507,0.23303731
0.2460138,0.26911518,0.2340916,0.25077942,0.0
0.2500634,0.2619695,0.0,0.2549417,0.23302542
0.24147837,0.26814088,0.0,0.2572008,0.23317991
0.2411363,0.26964536,0.0,0.25755692,0.23166147
0.24145325,0.2703736,0.0,0.25374192,0.23443119
0.24233583,0.26943442,0.0,0.2550289,0.23320083
0.24783592,0.26087147,0.0,0.25690353,0.23438908
0.23860382,0.26707393,0.0,0.2620102,0.2323121
0.2424338,0.26933384,0.2310848,0.25714755,0.0
0.24267367,0.2693149,0.0,0.2542035,0.23380797
0.23879923,0.26959237,0.0,0.25524333,0.2363651
0.25376382,0.25920597,0.0,0.2500493,0.23698093
0.24247348,0.2651269,0.0,0.25689092,0.2355087
0.2420315,0.26709887,0.0,0.25314453,0.23772511
0.2401724,0.2689353,0.0,0.2566581,0.23423421
0.24309161,0.26818985,0.0,0.25186476,0.23685375
0.25167397,0.25766814,0.0,0.252934,0.2377239
0.24242204,0.2657476,0.0,0.2582953,0.23353507
0.24078898,0.26775688,0.0,0.25562862,0.23582548
0.2449733,0.26774904,0.0,0.25229248,0.23498513
0.24042289,0.2676642,0.0,0.25563705,0.23627591
0.24578513,0.2588552,0.0,0.25844115,0.2369185
0.24258606,0.26432338,0.0,0.2573011,0.23578948
0.24273144,0.2668903,0.0,0.2543084,0.23606983
0.24514863,0.26659817,0.0,0.25147784,0.23677535
0.2405356,0.26682186,0.0,0.2531512,0.23949131
0.2488932,0.25624081,0.0,0.25642058,0.23844537
0.24256954,0.2638828,0.0,0.260307,0.23324071
0.24284811,0.26480436,0.0,0.25528574,0.2370618
0.24194065,0.26677606,0.0,0.25521904,0.2360642
0.24250294,0.26640752,0.0,0.25489575,0.23619378
0.25104567,0.25542134,0.0,0.25253618,0.24099676
0.23880674,0.2619578,0.0,0.26288703,0.23634848
0.24295413,0.26397553,0.0,0.2552059,0.23786442
0.24108118,0.26619303,0.0,0.2536546,0.23907118
0.24040286,0.2688131,0.0,0.25332046,0.2374636
0.24717204,0.2560417,0.0,0.25588995,0.2408963
0.2433851,0.26251385,0.0,0.25608787,0.23801321
0.24448615,0.26399237,0.0,0.25501052,0.23651092
0.24190585,0.26602915,0.0,0.25518253,0.23688251
0.24218355,0.2658896,0.0,0.25338703,0.23853983
0.25003538,0.25460988,0.0,0.25620958,0.2391452
0.24249089,0.26237765,0.0,0.26026267,0.23486885
0.24253748,0.26373026,0.0,0.2566126,0.23711967
0.24257702,0.26371893,0.0,0.25409332,0.23961073
0.24029636,0.26493064,0.0,0.25592047,0.2388525
0.24828601,0.25399718,0.0,0.2573448,0.24037197
0.23963866,0.26180667,0.0,0.25972775,0.23882695
0.24209763,0.264767,0.0,0.2547595,0.23837587
0.23990531,0.26661,0.0,0.2557215,0.23776321
0.24189945,0.26478437,0.0,0.25142437,0.24189183
0.2518529,0.25294286,0.0,0.2517775,0.24342674
0.24271084,0.26195496,0.0,0.2587689,0.23656528
0.24386509,0.26366436,0.0,0.2525517,0.23991884
0.23920456,0.26454008,0.0,0.25773534,0.23852006
0.239502,0.26555118,0.0,0.25770217,0.23724465
0.24887545,0.25210038,0.0,0.25781965,0.24120456
0.24069716,0.26071683,0.0,0.2576599,0.24092609
0.24416809,0.2626254,0.0,0.25484732,0.23835923
0.24178506,0.2644818,0.0,0.25405526,0.23967788
0.24217445,0.2639186,0.0,0.2524976,0.2414093
0.25095212,0.25183588,0.0,0.25389653,0.24331549
0.24016532,0.26069406,0.0,0.26102263,0.23811798
0.24159421,0.26384208,0.0,0.2536026,0.24096113
0.24048845,0.26577988,0.0,0.25437632,0.2393554
0.24193926,0.26445782,0.0,0.2520989,0.24150403
0.24866576,0.2515121,0.0,0.25524694,0.24457516
0.24100159,0.25953668,0.0,0.25996435,0.23949735
0.24098632,0.26307726,0.0,0.25954002,0.23639642
0.24320087,0.263794,0.0,0.25354493,0.2394602
0.24064499,0.26283,0.0,0.25300607,0.24351898
0.2505382,0.25259197,0.0,0.2557633,0.24110653
0.23761909,0.2582022,0.0,0.26276106,0.24141769
0.23815604,0.26188007,0.0,0.25987962,0.24008428
0.24337283,0.26629174,0.0,0.2502066,0.24012884
0.23849466,0.266363,0.0,0.2550153,0.24012703
0.24789065,0.2526815,0.0,0.2548204,0.24460748
0.24001114,0.26080644,0.0,0.25919586,0.23998655
0.23787057,0.26320505,0.0,0.25836185,0.2405625
0.24071415,0.26415837,0.0,0.25483346,0.24029396
0.24418886,0.26468393,0.0,0.25231645,0.23881075
0.2488517,0.25279427,0.0,0.2549931,0.24336092
0.24225758,0.2593682,0.0,0.25947163,0.23890261
0.23813884,0.26434574,0.0,0.25799713,0.23951834
0.2391968,0.26588556,0.0,0.25134572,0.24357192
0.24064587,0.26333833,0.0,0.2521954,0.24382041
0.25056246,0.25234124,0.0,0.2516658,0.2454305
0.23985769,0.2599766,0.0,0.25992796,0.24023773
0.24015868,0.2631292,0.0,0.25854546,0.23816665
0.24243015,0.26291046,0.0,0.25336453,0.24129488
0.24225694,0.26400006,0.0,0.2535589,0.2401841
0.24906385,0.25257695,0.0,0.25560838,0.24275087
0.23847355,0.2639315,0.0,0.25801933,0.23957561
0.24107994,0.26375544,0.0,0.25363913,0.24152549
0.2381939,0.26389444,0.0,0.25586614,0.24204555
0.24262698,0.26413444,0.0,0.25114667,0.24209185
0.25000238,0.252973,0.0,0.2555012,0.24152339
0.24308601,0.2577676,0.0,0.25487962,0.24426678
0.24197151,0.26110065,0.0,0.25453216,0.24239571
0.23860027,0.26371372,0.0,0.2546082,0.24307781
0.23752107,0.26623964,0.0,0.25558814,0.24065119
0.25082392,0.25127488,0.0,0.25001782,0.24788341
0.24200632,0.25847906,0.0,0.25774536,0.24176928
0.23828547,0.26129913,0.0,0.25648788,0.24392751
0.23718786,0.2628423,0.0,0.2559831,0.2439867
0.24223682,0.2620099,0.0,0.25221315,0.2435401
0.2542672,0.25236705,0.0,0.24829243,0.24507335
0.24150516,0.25745723,0.0,0.25698787,0.24404974
0.2392978,0.26000658,0.0,0.25597328,0.24472237
0.2395582,0.2612106,0.0,0.25276494,0.24646628
0.23864923,0.26095292,0.0,0.25603986,0.24435802
0.2516827,0.24935412,0.0,0.25022498,0.24873817
0.23847164,0.25806424,0.0,0.26195163,0.2415125
0.24199767,0.26315072,0.0,0.2506519,0.24419975
0.23812671,0.26140538,0.0,0.25411096,0.24635698
0.23878112,0.2609318,0.0,0.25168657,0.24860053
0.24822743,0.24790768,0.0,0.25614563,0.2477193
0.23979335,0.25651908,0.0,0.2588869,0.24480066
0.2395027,0.25876346,0.0,0.2541537,0.24758016
0.24068087,0.25873637,0.0,0.25380915,0.24677359
0.238384,0.26227856,0.0,0.25382337,0.24551408
0.25165385,0.24629903,0.0,0.2536977,0.24834946
0.23784526,0.25603363,0.0,0.26194146,0.24417965
0.23669888,0.25899357,0.0,0.26029885,0.24400873
0.23836356,0.2585494,0.0,0.25446513,0.24862188
0.24040198,0.2585939,0.0,0.2518635,0.24914062
0.24995986,0.24378935,0.0,0.2524295,0.2538213
0.2381397,0.2549656,0.0,0.2590115,0.24788313
0.23684151,0.25864244,0.0,0.25663948,0.24787658
0.23869431,0.2587397,0.0,0.25441185,0.24815413
0.24199775,0.25853625,0.0,0.252612,0.246854
0.25106144,0.24604517,0.0,0.2526944,0.25019896
0.23814982,0.25456035,0.0,0.26037553,0.2469143
0.24151099,0.25585008,0.0,0.25405702,0.24858195
0.23756559,0.25778753,0.0,0.25504458,0.2496023
0.24129488,0.2574377,0.0,0.25405684,0.24721062
0.25529984,0.2401616,0.0,0.24822122,0.25631732
0.23945063,0.25678268,0.0,0.25747234,0.24629436
0.24215402,0.2552514,0.0,0.25418603,0.24840851
0.24178328,0.25705183,0.0,0.25107977,0.25008512
0.24003747,0.25697184,0.0,0.25317156,0.24981909
0.254176,0.24074797,0.0,0.25081566,0.2542604
0.24468373,0.25090647,0.0,0.2567107,0.24769904
0.24221535,0.2541174,0.0,0.25186116,0.2518061
0.23863213,0.2562292,0.0,0.25612086,0.2490178
0.2417098,0.25416604,0.0,0.25164613,0.25247803
0.25064316,0.23868953,0.0,0.2563765,0.25429082
0.24132055,0.25072595,0.0,0.25731504,0.25063846
0.23911375,0.2512864,0.0,0.25642118,0.2531787
0.24271105,0.25678593,0.0,0.25001666,0.25048634
0.24006316,0.2547898,0.0,0.25264388,0.2525031
0.2543352,0.23729926,0.0,0.25122085,0.2571447
0.2389186,0.24854742,0.0,0.26034382,0.2521901
0.24188326,0.2505194,0.0,0.25548255,0.25211477
0.24101414,0.25377867,0.0,0.25352257,0.25168464
0.24107203,0.25296396,0.0,0.25071865,0.25524536
0.2551525,0.2368091,0.0,0.24945745,0.25858098
0.24002412,0.24822606,0.0,0.26136583,0.25038394
0.24286525,0.25026852,0.0,0.2524546,0.25441164
0.24058063,0.25194463,0.0,0.25691044,0.25056428
0.24025309,0.2517034,0.0,0.25487688,0.25316665
0.25235116,0.23484302,0.0,0.25150806,0.26129776
0.23881133,0.24860688,0.0,0.26149383,0.25108796
0.24217072,0.24846224,0.0,0.25391448,0.25545254
0.23864459,0.2506704,0.0,0.2561683,0.25451672
0.24075809,0.25269473,0.0,0.2522952,0.25425196
0.24593659,0.24708468,0.23954535,0.0,0.26743338
0.24401179,0.25136247,0.0,0.2565933,0.24803248
0.23846577,0.25354397,0.0,0.25865203,0.24933824
0.23983006,0.2524712,0.0,0.25495777,0.25274098
0.2387027,0.25279498,0.0,0.25467023,0.2538321
0.24962498,0.23614532,0.0,0.2558127,0.25841698
0.24127005,0.24617799,0.0,0.26030207,0.25224987
0.24231581,0.24949904,0.0,0.25526643,0.25291872
0.24142274,0.24957547,0.0,0.25330982,0.25569198
0.24192496,0.25104254,0.0,0.25356674,0.2534658
0.25216898,0.0,0.23401794,0.25290927,0.26090378
0.24040975,0.24528007,0.0,0.26025388,0.25405627
0.24133149,0.24831206,0.0,0.2556146,0.25474185
0.23948406,0.25087324,0.0,0.25382996,0.2558128
0.24040471,0.2512879,0.0,0.25328663,0.25502077
0.25500092,0.0,0.23678224,0.24816483,0.26005197
0.23975158,0.24849993,0.0,0.25793186,0.2538166
0.23885733,0.24879628,0.0,0.2551638,0.25718263
0.23951122,0.24995919,0.0,0.25910884,0.2514207
0.23897424,0.2505828,0.0,0.25609207,0.25435084
0.25449938,0.0,0.23572505,0.2475133,0.2622623
0.24300043,0.24405773,0.0,0.25621858,0.25672325
0.24047539,0.24633212,0.0,0.25427485,0.25891763
0.23963371,0.24833588,0.0,0.25560218,0.25642824
0.24037193,0.24830352,0.0,0.25588542,0.25543913
0.25462165,0.0,0.23421018,0.24639629,0.2647719
0.24197441,0.24325785,0.0,0.2569855,0.25778228
0.24167866,0.24607024,0.0,0.25573063,0.25652048
0.23758817,0.24713345,0.0,0.25752452,0.2577539
0.2412546,0.24554025,0.0,0.2531796,0.26002553
0.25209868,0.0,0.2319246,0.24749796,0.26847878
0.2422185,0.24130532,0.0,0.2562076,0.2602686
0.24286866,0.24246876,0.0,0.25413892,0.26052365
0.2415156,0.24544436,0.0,0.25482243,0.25821757
0.24209744,0.2450554,0.0,0.25141636,0.26143077
0.2535198,0.0,0.23483998,0.24820536,0.2634349
0.24194053,0.24000494,0.0,0.25996077,0.25809377
0.24223775,0.24221464,0.0,0.25430402,0.26124358
0.24212454,0.24232648,0.0,0.25464264,0.26090634
0.24143602,0.24412128,0.0,0.25314942,0.2612933
0.25410104,0.0,0.2356478,0.24751839,0.26273274
0.24153195,0.23886904,0.0,0.25855285,0.2610461
0.24235924,0.2406582,0.0,0.257634,0.2593485
0.24136214,0.24190168,0.0,0.2542912,0.26244494
0.24069107,0.24328466,0.0,0.2545936,0.26143068
0.25299242,0.0,0.23278108,0.24925986,0.26496667
0.24180356,0.0,0.23758012,0.2590906,0.26152572
0.24264653,0.0,0.24060123,0.25603986,0.26071236
0.24386467,0.0,0.24344431,0.25182062,0.2608704
0.24280989,0.0,0.24300124,0.25374243,0.2604464
0.25427592,0.0,0.23443596,0.24443673,0.2668514
0.24289873,0.0,0.23954879,0.25693583,0.2606167
0.24197912,0.0,0.2399963,0.25399107,0.2640335
0.23987244,0.0,0.23899475,0.25707892,0.26405388
0.0,0.24176463,0.24113584,0.25476724,0.26233232
0.25489622,0.0,0.23583077,0.24171399,0.26755905
0.23888835,0.0,0.23565856,0.26074585,0.26470724
0.2416178,0.0,0.24038804,0.2556592,0.2623349
0.23886397,0.0,0.23998466,0.25419044,0.2669609
0.24199624,0.0,0.24344084,0.25221026,0.26235268
0.25285324,0.0,0.23298354,0.24393733,0.27022588
0.2409147,0.0,0.23807164,0.2560853,0.26492837
0.24082771,0.0,0.240357,0.25471297,0.2641023
0.24138367,0.0,0.24206223,0.2556342,0.2609199
0.24102558,0.0,0.24329731,0.25092465,0.26475245
0.2522959,0.0,0.23295192,0.24391219,0.27084
0.24181369,0.0,0.2390293,0.25611255,0.26304448
0.24093443,0.0,0.24131933,0.25475016,0.26299608
0.24096447,0.0,0.24315338,0.25512183,0.26076034
0.24282515,0.0,0.24386023,0.25054792,0.26276672
0.2536489,0.0,0.23385064,0.24186364,0.27063683
0.24118073,0.0,0.2385357,0.25817513,0.26210842
0.24033949,0.0,0.23923862,0.2576237,0.26279816
0.24203068,0.0,0.24227026,0.25023904,0.26546
0.24158227,0.0,0.24270171,0.25066963,0.26504642
0.25322285,0.0,0.23307092,0.24038857,0.2733176
0.24157876,0.0,0.23932871,0.25298113,0.26611134
0.24041313,0.0,0.24070263,0.2549041,0.2639802
0.24085447,0.0,0.24225512,0.25186306,0.26502734
0.2408905,0.0,0.24189831,0.2523686,0.26484257
0.25217524,0.0,0.23359765,0.23993044,0.27429667
0.24218042,0.0,0.23803934,0.25581795,0.26396233
0.24001095,0.0,0.23941621,0.2568399,0.26373297
0.24214564,0.0,0.24259108,0.2512573,0.264006
0.24181624,0.0,0.24379906,0.2512579,0.2631268
0.2533835,0.0,0.2352259,0.24121077,0.27017987
0.24310279,0.0,0.2406047,0.2521586,0.2641339
0.2415561,0.0,0.24060337,0.25170058,0.26613995
0.24221615,0.0,0.24302486,0.25132433,0.26343465
0.23983918,0.0,0.241262,0.25217688,0.26672187
0.25383312,0.0,0.23488422,0.23961362,0.27166903
0.24141702,0.0,0.23951808,0.25302604,0.26603886
0.24258363,0.0,0.24274766,0.25032032,0.2643484
0.2404981,0.0,0.24131888,0.2527572,0.26542583
0.24077296,0.0,0.24267481,0.25259092,0.2639613
0.2549613,0.0,0.23576298,0.2394955,0.26978016
0.24168463,0.0,0.23965041,0.25500527,0.2636597
0.24326253,0.0,0.24403585,0.25046736,0.2622343
0.24065807,0.0,0.2417386,0.2530114,0.26459187
0.241112,0.0,0.24390131,0.2531046,0.26188213
0.2537725,0.0,0.23495157,0.23984146,0.27143452
0.24140319,0.0,0.24016497,0.25692245,0.2615094
0.23879366,0.0,0.23887265,0.2562712,0.26606244
0.2396058,0.0,0.24186604,0.25475505,0.26377314
0.24138999,0.0,0.24341686,0.25146794,0.26372522
0.25348592,0.0,0.23462354,0.24040596,0.27148458
0.240322,0.0,0.240006,0.25424817,0.26542383
0.24091177,0.0,0.2436644,0.25262746,0.26279643
0.23930497,0.0,0.24358986,0.25350317,0.26360196
0.2382767,0.0,0.24252537,0.25513056,0.2640674
0.25460914,0.0,0.235459,0.23637703,0.2735548
0.24248442,0.0,0.24283051,0.25237995,0.2623051
0.24031594,0.0,0.24177633,0.25403976,0.263868
0.23842882,0.0,0.24256824,0.25335792,0.26564503
0.23960167,0.0,0.24308412,0.2522108,0.26510343
0.2543973,0.0,0.23599702,0.2371834,0.27242228
0.23823722,0.0,0.24010238,0.2575997,0.26406068
0.23801923,0.0,0.24224189,0.25448486,0.26525402
0.24138287,0.0,0.24567467,0.2535049,0.2594376
0.23806478,0.0,0.24379423,0.25549027,0.2626507
0.25530672,0.0,0.2369516,0.2350932,0.27264842
0.23966111,0.0,0.24195442,0.25382286,0.2645616
0.23849401,0.0,0.24277504,0.25502333,0.2637076
0.23672673,0.0,0.2425008,0.25748643,0.26328602
0.23925954,0.0,0.24691775,0.252123,0.26169974
0.25550562,0.0,0.23645297,0.23635876,0.27168265
0.23907578,0.0,0.2432146,0.25597095,0.2617387
0.23937255,0.0,0.24656938,0.2516413,0.26241678
0.23828807,0.0,0.24587226,0.25264418,0.26319546
0.23686238,0.0,0.24365601,0.25707155,0.26241007
0.25349668,0.0,0.23312949,0.23970528,0.27366853
0.23942196,0.0,0.24405609,0.25431743,0.2622045
0.23453443,0.0,0.24338867,0.25885406,0.26322284
0.2367133,0.0,0.24541949,0.25395563,0.26391158
0.23630618,0.0,0.24611317,0.25624865,0.261332
0.25423542,0.0,0.23476817,0.23910081,0.27189556
0.23709725,0.0,0.2425937,0.260548,0.259761
0.23599112,0.0,0.24424945,0.25768703,0.26207238
0.23557796,0.0,0.24628715,0.25680265,0.26133224
0.23348059,0.0,0.2463861,0.25911328,0.26102
0.25502792,0.0,0.23567854,0.23513424,0.27415928
0.23740202,0.0,0.24307603,0.25917706,0.26034492
0.23345935,0.0,0.244029,0.26143223,0.26107946
0.2337323,0.0,0.24684699,0.2568195,0.26260123
0.23485814,0.0,0.2484417,0.25672188,0.2599783
0.25448942,0.0,0.23436153,0.23610875,0.27504033
0.23686436,0.0,0.24553113,0.25716493,0.2604396
0.2345436,0.0,0.24584627,0.25793198,0.2616782
0.23317872,0.0,0.2474519,0.25891486,0.26045454
0.23178156,0.0,0.24674204,0.26041886,0.26105753
0.25369558,0.0,0.23448674,0.23635325,0.2754645
0.23498566,0.0,0.24528636,0.26076496,0.25896302
0.23327957,0.0,0.2471928,0.26065105,0.2588766
0.23253086,0.0,0.24915797,0.25698647,0.26132473
0.23163575,0.0,0.24864277,0.2577758,0.26194566
0.2540445,0.0,0.23498926,0.23712559,0.27384067
0.23272878,0.0,0.24378827,0.26561812,0.25786483
0.23313443,0.0,0.2487903,0.25756466,0.26051065
0.23282263,0.0,0.2517373,0.25782272,0.25761738
0.23153755,0.0,0.25198656,0.25858635,0.2578895
0.25614682,0.0,0.23598748,0.23413551,0.2737302
0.23401323,0.0,0.2459466,0.26130313,0.25873703
0.23227732,0.0,0.248633,0.26051927,0.2585704
0.23253503,0.0,0.2518113,0.25878942,0.25686422
0.23039111,0.0,0.2500366,0.2603855,0.25918677
0.2569665,0.0,0.23773791,0.23150972,0.27378586
0.23380043,0.0,0.2468923,0.26145023,0.25785702
0.23174246,0.0,0.2503644,0.26145247,0.25644067
0.23107299,0.0,0.25173947,0.26053303,0.2566545
0.23139207,0.0,0.25303665,0.26056683,0.25500444
0.25695792,0.0,0.23717748,0.23281817,0.27304646
0.23259513,0.0,0.24614221,0.2623799,0.25888276
0.2310484,0.0,0.24867438,0.26238585,0.2578914
0.2309026,0.0,0.2518598,0.26160395,0.25563365
0.23199001,0.0,0.2529424,0.2616762,0.2533914
0.25638887,0.0,0.23452546,0.23429489,0.27479073
0.2325417,0.0,0.2453749,0.2632194,0.258864
0.2312527,0.0,0.24918523,0.26223013,0.25733197
0.23054296,0.0,0.2495644,0.26274225,0.25715038
0.23154312,0.0,0.25198886,0.26138857,0.25507945
0.25580496,0.0,0.23514396,0.23491496,0.2741361
0.2334685,0.0,0.2454543,0.2625071,0.25857013
0.23173459,0.0,0.24717954,0.2635094,0.25757644
0.23109125,0.0,0.2492058,0.2623954,0.25730756
0.22987083,0.0,0.25125468,0.2630632,0.2558113
0.25602183,0.0,0.23373555,0.23342033,0.27682227
0.23339093,0.0,0.24627335,0.26269338,0.25764236
0.23061027,0.0,0.25080565,0.2634136,0.2551705
0.23369779,0.0,0.25495258,0.2555867,0.25576288
0.2315491,0.0,0.25468513,0.25683248,0.2569333
0.25804043,0.0,0.23755684,0.23388685,0.2705159
0.23292468,0.0,0.24793324,0.26489392,0.25424814
0.2342748,0.0,0.25253463,0.25854504,0.2546455
0.23371798,0.0,0.2552278,0.25714928,0.25390497
0.23188643,0.0,0.25459275,0.25697413,0.25654668
0.25731686,0.0,0.23519102,0.23460384,0.27288827
0.2343321,0.0,0.25020006,0.26036134,0.2551065
0.23250447,0.0,0.25340617,0.25936556,0.25472382
0.23117748,0.0,0.25485724,0.25857517,0.25539014
0.23120825,0.0,0.25683677,0.25794,0.254015
0.26023698,0.0,0.23809007,0.23086257,0.2708104
0.23339692,0.0,0.2518557,0.26154304,0.25320438
0.2319458,0.0,0.25480294,0.25944313,0.2538081
0.23122875,0.0,0.2562102,0.25955117,0.25300983
0.23039207,0.0,0.25709018,0.2596198,0.25289792
0.25698057,0.0,0.23442447,0.23470926,0.27388567
0.23422176,0.0,0.25471717,0.26005197,0.25100908
0.23136139,0.0,0.25646564,0.26013952,0.25203344
0.23080702,0.0,0.25638732,0.2595809,0.25322476
0.23054972,0.0,0.26010096,0.25835365,0.2509956
0.25869533,0.0,0.23586819,0.2320085,0.273428
0.23433737,0.0,0.25322926,0.26118228,0.25125107
0.23205873,0.0,0.25830424,0.2591995,0.25043753
0.23083694,0.0,0.25914243,0.2599691,0.25005156
0.23053281,0.0,0.2620118,0.2582954,0.24916002
0.26045373,0.0,0.23853971,0.22783734,0.27316925
0.23434614,0.0,0.25765422,0.25994,0.24805965
0.2316049,0.0,0.25953704,0.2592328,0.24962528
0.2313888,0.0,0.26176655,0.25865754,0.24818707
0.22988082,0.0,0.26116088,0.25867176,0.25028655
0.2598744,0.0,0.23861118,0.23059462,0.27091977
0.23291154,0.0,0.25678787,0.26052868,0.24977188
0.2324874,0.0,0.26315945,0.2586825,0.24567069
0.22965215,0.0,0.26328903,0.25880617,0.24825262
0.229712,0.0,0.26587653,0.2575758,0.24683563
0.2605368,0.0,0.23849453,0.22734238,0.27362633
0.23342884,0.0,0.25947177,0.26045752,0.24664192
0.22974886,0.0,0.2603535,0.26050812,0.24938959
0.23039909,0.0,0.2657123,0.25774276,0.24614584
0.22903167,0.0,0.26544353,0.25826523,0.24725953
0.26057002,0.0,0.2375553,0.23173515,0.27013955
0.2328536,0.0,0.25979197,0.26020825,0.2471462
0.23025943,0.0,0.2647436,0.2589068,0.24609017
0.22858335,0.0,0.26582462,0.25891757,0.24667446
0.22954218,0.0,0.2701434,0.25632304,0.24399137
0.26319796,0.0,0.23987636,0.22808775,0.26883793
0.2317881,0.0,0.26118845,0.26037925,0.24664418
0.22899923,0.0,0.26684168,0.25907826,0.24508086
0.22865565,0.0,0.26942214,0.25780988,0.24411231
0.22816773,0.0,0.27170116,0.25696936,0.24316175
0.2633157,0.0,0.24256214,0.22601947,0.26810268
0.23146865,0.0,0.26498774,0.25986066,0.24368292
0.22874479,0.0,0.26994267,0.2587153,0.2425972
0.22703761,0.0,0.27292362,0.25733057,0.24270819
0.22778383,0.0,0.27358636,0.2559242,0.24270564
0.26394397,0.0,0.24192008,0.22757876,0.26655713
0.2294512,0.0,0.26695293,0.260566,0.24302985
0.2263622,0.0,0.2721473,0.25809324,0.24339725
0.22515205,0.0,0.27418974,0.25775227,0.24290596
0.22614077,0.0,0.27854738,0.25474462,0.24056725
0.26277342,0.0,0.2419918,0.23012705,0.26510778
0.22931714,0.0,0.2703726,0.25899687,0.24131335
0.0,0.0,1.0,0.0,0.0
0.23336604,0.0,0.26692042,0.25960776,0.24010576
0.23008315,0.0,0.27251327,0.25506273,0.2423409
0.26498803,0.0,0.24238633,0.22573349,0.26689216
0.23073848,0.0,0.2700982,0.25862747,0.24053578
0.22700398,0.0,0.27352113,0.2582442,0.2412307
0.22600165,0.0,0.2786134,0.25520524,0.24017969
0.22710592,0.0,0.2812189,0.25267056,0.23900466
0.26521048,0.0,0.24281631,0.22607149,0.2659017
0.23056811,0.0,0.27352476,0.2580147,0.23789245
0.22723414,0.0,0.28150705,0.25359622,0.23766255
0.22527127,0.0,0.28331223,0.25249428,0.23892221
0.2249688,0.0,0.2861103,0.2508139,0.238107
0.26290467,0.0,0.24044222,0.23140477,0.26524836
0.22925384,0.0,0.2774109,0.2558001,0.23753516
0.22528473,0.0,0.28617084,0.25223687,0.23630759
0.2247679,0.0,0.29008162,0.24959233,0.23555821
0.2236663,0.0,0.29009232,0.24874592,0.23749547
0.26583558,0.0,0.24438995,0.22993046,0.25984398
0.22803107,0.0,0.28428638,0.2524009,0.23528162
0.22447905,0.0,0.29006195,0.24984457,0.23561437
0.22381404,0.0,0.29368547,0.24753167,0.2349688
0.22393674,0.0,0.29460204,0.24690746,0.23455372
0.2674497,0.0,0.2442696,0.22567666,0.26260403
0.22616047,0.0,0.289819,0.25063202,0.23338854
0.22376442,0.0,0.2943351,0.24768123,0.23421925
0.22204682,0.0,0.3009474,0.24435678,0.23264895
0.22214219,0.0,0.30235747,0.24338946,0.23211089
0.266105,0.0,0.24527785,0.22873567,0.2598815
0.2246619,0.0,0.29331782,0.24965778,0.23236251
0.22253917,0.0,0.30199417,0.24475028,0.23071638
0.22091927,0.0,0.30402094,0.24342619,0.2316336
0.21906264,0.0,0.30749485,0.24234363,0.23109883
0.2684711,0.0,0.24868143,0.22435704,0.25849044
0.22370197,0.0,0.3003813,0.24648854,0.22942819
0.22000706,0.0,0.30613455,0.24415526,0.2297032
0.22015356,0.0,0.31195912,0.24084432,0.22704296
0.21903129,0.0,0.3158137,0.2380475,0.22710752
0.26698777,0.0,0.24765714,0.22899924,0.25635585
0.22267404,0.0,0.30578977,0.24427238,0.22726384
0.21920142,0.0,0.3135854,0.24095306,0.22626011
0.21893772,0.0,0.32039124,0.2377612,0.22290982
0.21669854,0.0,0.32401627,0.23629989,0.22298533
0.2678991,0.0,0.24961536,0.2270544,0.25543112
0.23943767,0.2842708,0.22545433,0.25083724,0.0
0.23640612,0.28853464,0.22356276,0.2514965,0.0
0.23539446,0.28876618,0.22445482,0.25138456,0.0
0.23725007,0.2884341,0.22501779,0.24929802,0.0
0.23684971,0.28861263,0.22416992,0.25036773,0.0
0.23933063,0.2835023,0.2250935,0.2520736,0.0
0.23396565,0.28871056,0.22145763,0.2558661,0.0
0.23704897,0.2882018,0.22486012,0.24988909,0.0
0.23713009,0.28725898,0.22500871,0.25060222,0.0
0.2374215,0.28730834,0.22459054,0.2506797,0.0
0.24269283,0.28100857,0.22772427,0.24857429,0.0
0.23888707,0.286072,0.2267348,0.24830611,0.0
0.23623201,0.2876557,0.22389507,0.25221717,0.0
0.23804559,0.28683674,0.22435868,0.25075898,0.0
0.23796523,0.28541133,0.22677872,0.24984469,0.0
0.24295488,0.28015664,0.22761406,0.24927446,0.0
0.23863702,0.2849447,0.2256611,0.25075713,0.0
0.24048701,0.2840499,0.22676598,0.24869715,0.0
0.23684132,0.28776845,0.22393729,0.25145292,0.0
0.24005517,0.2856991,0.22695021,0.24729551,0.0
0.24497645,0.27765375,0.2286585,0.24871129,0.0
0.23901288,0.28421223,0.22640607,0.25036877,0.0
0.23814924,0.28516665,0.2260987,0.2505854,0.0
0.23972842,0.28342366,0.22664645,0.25020143,0.0
0.23875542,0.2861087,0.22648177,0.24865411,0.0
0.24529777,0.2767671,0.22992602,0.24800907,0.0
0.23861843,0.2829949,0.2269884,0.25139827,0.0
0.24056512,0.28255254,0.22841212,0.24847022,0.0
0.23871636,0.28404605,0.22604391,0.25119364,0.0
0.24159272,0.28224468,0.22923712,0.24692552,0.0
0.24263711,0.2768023,0.22636831,0.2541923,0.0
0.23875374,0.28253362,0.2259082,0.25280443,0.0
0.24150683,0.28284395,0.22753467,0.24811456,0.0
0.23958965,0.28260666,0.22727574,0.25052798,0.0
0.23953061,0.2824438,0.22588012,0.25214553,0.0
0.24547112,0.27462167,0.23001519,0.24989203,0.0
0.23859671,0.28121033,0.22590674,0.25428614,0.0
0.23783642,0.28313127,0.22589597,0.25313634,0.0
0.24131006,0.28094485,0.22859965,0.24914539,0.0
0.23966111,0.28262445,0.227344,0.25037044,0.0
0.24693976,0.2742011,0.2302844,0.24857473,0.0
0.24002177,0.28007612,0.22800551,0.2518966,0.0
0.24082851,0.28082833,0.22816557,0.25017762,0.0
0.24024692,0.28096926,0.2277009,0.25108287,0.0
0.24056937,0.28164613,0.22832815,0.2494563,0.0
0.24523501,0.27405754,0.22967492,0.25103253,0.0
0.23737405,0.2810436,0.22542155,0.25616083,0.0
0.23758921,0.2814618,0.22552952,0.25541943,0.0
0.23974794,0.28123158,0.22847198,0.25054848,0.0
0.23799981,0.28207415,0.22670622,0.2532198,0.0
0.24303943,0.27522653,0.22760619,0.25412786,0.0
0.23736647,0.28001463,0.0,0.25695705,0.22566181
0.23825696,0.28202736,0.22664061,0.2530751,0.0
0.23910269,0.28122777,0.2269859,0.2526836,0.0
0.24041206,0.2807915,0.22939542,0.24940099,0.0
0.24500065,0.27460876,0.2294051,0.2509855,0.0
0.23921117,0.27948186,0.2295902,0.2517167,0.0
0.23802722,0.2818043,0.22668909,0.2534794,0.0
0.23870428,0.28191096,0.22718176,0.25220305,0.0
0.23841265,0.28182182,0.2262508,0.2535147,0.0
0.24444345,0.2746938,0.22845495,0.25240785,0.0
0.237683,0.27967668,0.22600254,0.25663775,0.0
0.23735653,0.2815147,0.22738236,0.25374633,0.0
0.23540954,0.28363827,0.22544883,0.2555034,0.0
0.24027392,0.28112164,0.22857167,0.2500328,0.0
0.2471272,0.27210984,0.23044075,0.2503222,0.0
0.24065493,0.27746284,0.22773533,0.25414693,0.0
0.23968117,0.2802836,0.22760083,0.25243443,0.0
0.23696734,0.28233126,0.0,0.25499946,0.22570193
0.23767397,0.28198117,0.22678544,0.25355944,0.0
0.24583326,0.2727352,0.23031117,0.25112036,0.0
0.23725973,0.27893135,0.0,0.2583674,0.22544149
0.23789492,0.28097916,0.2260895,0.25503644,0.0
0.23922746,0.2804408,0.22712965,0.25320202,0.0
0.23765174,0.2824153,0.22577204,0.25416088,0.0
0.24615893,0.27216607,0.22975834,0.25191662,0.0
0.23907962,0.27928147,0.0,0.25483856,0.22680032
0.2407638,0.28018463,0.2279131,0.25113854,0.0
0.23959424,0.28142768,0.0,0.2515373,0.2274408
0.24078402,0.2802618,0.2270543,0.25189987,0.0
0.24688582,0.27153477,0.22939089,0.2521885,0.0
0.2379594,0.27707654,0.0,0.25623485,0.22872916
0.2416862,0.2784803,0.0,0.24973272,0.23010086
0.24148059,0.27906066,0.23036253,0.2490962,0.0
0.2396268,0.28076452,0.2271093,0.25249943,0.0
0.24938127,0.26981422,0.23169932,0.24910522,0.0
0.23395722,0.27768704,0.0,0.26152164,0.22683406
0.23934732,0.27790368,0.2279982,0.25475085,0.0
0.2395977,0.27875283,0.0,0.25292328,0.22872627
0.2409058,0.27916694,0.22979742,0.25012985,0.0
0.24498667,0.2727793,0.0,0.2511403,0.23109376
0.23780793,0.28069547,0.22711281,0.25438374,0.0
0.24056667,0.28063068,0.2289908,0.2498118,0.0
0.23761919,0.28313422,0.2281593,0.2510873,0.0
0.23992524,0.27944073,0.0,0.25118372,0.22945029
0.24582559,0.2707411,0.0,0.253552,0.22988133
0.23584302,0.27836344,0.0,0.25879788,0.22699563
0.24015494,0.2785614,0.22870566,0.252578,0.0
0.23925513,0.2798809,0.2285227,0.25234124,0.0
0.24152821,0.27924514,0.22969495,0.24953169,0.0
0.24723692,0.26994663,0.23056963,0.25224683,0.0
0.23624332,0.2785709,0.0,0.26030982,0.22487596
0.23653227,0.2807152,0.22513126,0.25762123,0.0
0.2405639,0.27883,0.22814064,0.2524655,0.0
0.23650454,0.2796437,0.0,0.25554022,0.22831157
0.24737369,0.26927248,0.0,0.25244394,0.23090991
0.23968671,0.276037,0.0,0.25555584,0.22872049
0.24125357,0.2776895,0.0,0.25249144,0.22856551
0.23868923,0.27923435,0.0,0.2532836,0.22879279
0.24083348,0.27919644,0.22959854,0.25037152,0.0
0.24431236,0.2689062,0.0,0.25509357,0.23168783
0.23530355,0.27547455,0.0,0.2581374,0.23108451
0.23658744,0.27673465,0.0,0.25482866,0.23184921
0.23896219,0.27797332,0.0,0.25470585,0.22835866
0.24074678,0.27890268,0.0,0.25053602,0.2298145
0.24860583,0.27101249,0.23272789,0.2476538,0.0
0.2352304,0.2779844,0.0,0.25689864,0.22988647
0.23984723,0.27822256,0.0,0.2508929,0.23103733
0.2360175,0.27857378,0.0,0.25357082,0.23183785
0.23985112,0.27795175,0.0,0.25056314,0.23163398
0.24643762,0.2681784,0.0,0.254002,0.23138195
0.23777252,0.27531072,0.0,0.25699168,0.22992505
0.23426321,0.27735984,0.0,0.25804883,0.23032814
0.24144554,0.2764624,0.0,0.2521968,0.22989528
0.23818694,0.27779898,0.0,0.2533967,0.23061737
0.24696708,0.2667677,0.0,0.25505462,0.23121059
0.2389367,0.2745341,0.0,0.25544992,0.23107924
0.24085975,0.27588177,0.0,0.2515073,0.23175116
0.23624617,0.2772715,0.0,0.2554734,0.23100896
0.24026638,0.2757021,0.0,0.25082648,0.23320508
0.2486061,0.26595068,0.0,0.25051644,0.23492676
0.24073628,0.27261263,0.0,0.25525808,0.23139296
0.23954225,0.27571875,0.0,0.25300092,0.23173812
0.23625979,0.27693853,0.0,0.25456253,0.23223917
0.23669708,0.275704,0.0,0.25544375,0.23215519
0.24203303,0.26614887,0.0,0.25683576,0.23498231
0.23623367,0.27567792,0.0,0.25633574,0.23175271
0.2374829,0.27524665,0.0,0.25518566,0.2320848
0.24040152,0.27634096,0.0,0.25263292,0.23062466
0.23801565,0.2779674,0.0,0.25222442,0.23179258
0.24618666,0.2661829,0.0,0.252954,0.23467647
0.23836194,0.2732999,0.0,0.25576532,0.23257284
0.23895909,0.27413797,0.0,0.25380343,0.23309954
0.23854943,0.2750907,0.0,0.25432083,0.23203903
0.23780224,0.27425483,0.0,0.25235277,0.23559016
0.24696362,0.26336125,0.0,0.2541576,0.23551755
0.2358566,0.27346736,0.0,0.25630426,0.23437178
0.23888057,0.27363914,0.0,0.2539498,0.23353048
0.23691128,0.27354005,0.0,0.25366336,0.2358853
0.24176417,0.27302,0.0,0.25048235,0.23473345
0.24701393,0.26240745,0.0,0.25470105,0.23587753
0.23968379,0.2705787,0.0,0.25271332,0.23702419
0.24127372,0.27262053,0.0,0.2507128,0.23539294
0.2394283,0.27246484,0.0,0.2523712,0.23573565
0.23763086,0.27205905,0.0,0.25221393,0.23809619
0.24661091,0.2598619,0.0,0.25168243,0.24184482
0.2396664,0.26935348,0.0,0.25456154,0.23641856
0.24152593,0.2705229,0.0,0.25117692,0.2367742
0.23717608,0.27078533,0.0,0.25507966,0.23695898
0.23663487,0.27193567,0.0,0.2547316,0.23669787
0.24612835,0.26123005,0.0,0.25463217,0.23800942
0.23820762,0.27032685,0.0,0.25553614,0.2359294
0.23699047,0.27166748,0.0,0.25572675,0.23561525
0.23968618,0.27345467,0.0,0.25012097,0.23673822
0.2359829,0.27381262,0.0,0.25126794,0.23893654
0.24532193,0.26107055,0.0,0.25321496,0.24039257
0.24000058,0.26823664,0.0,0.25495726,0.2368055
0.23722628,0.271268,0.0,0.254233,0.23727272
0.2403923,0.2709949,0.0,0.2503237,0.23828909
0.24066411,0.27105787,0.0,0.25062883,0.23764922
0.24976517,0.2591152,0.0,0.2507768,0.24034286
0.23672205,0.26804206,0.0,0.25680116,0.23843473
0.23805562,0.2702161,0.0,0.25416476,0.23756352
0.23853132,0.26988804,0.0,0.2516256,0.23995504
0.23824742,0.2716403,0.0,0.25345504,0.23665722
0.25076774,0.2589527,0.0,0.24775717,0.24252237
0.2374902,0.26813984,0.0,0.25420067,0.24016927
0.23784824,0.26921052,0.0,0.25261134,0.24032995
0.23946348,0.27079445,0.0,0.2543446,0.23539747
0.23955649,0.27012187,0.0,0.250928,0.23939362
0.24549697,0.25690237,0.0,0.25442272,0.24317801
0.23760399,0.26699576,0.0,0.25738126,0.23801899
0.23592143,0.26855725,0.0,0.2561844,0.23933697
0.23892102,0.26771322,0.0,0.25391737,0.2394484
0.24108346,0.26819873,0.0,0.24912997,0.24158785
0.24944921,0.25625837,0.0,0.25428516,0.24000722
0.23956633,0.26562008,0.0,0.25280538,0.24200821
0.24043736,0.26686427,0.0,0.25085843,0.24183992
0.24224046,0.2667384,0.0,0.24694555,0.24407564
0.2425145,0.26756874,0.0,0.24669328,0.24322347
0.2460743,0.2563342,0.23891747,0.0,0.25867403
0.23419082,0.26676163,0.0,0.26448256,0.23456499
0.23521467,0.2674479,0.0,0.26291096,0.2344265
0.23635365,0.26898876,0.0,0.257717,0.23694059
0.23580319,0.2693655,0.0,0.25881574,0.23601554
0.24394554,0.2588705,0.0,0.25726765,0.23991631
0.23783563,0.26481983,0.0,0.25901893,0.23832563
0.23648414,0.26870567,0.0,0.25560254,0.23920764
0.23982565,0.27031982,0.0,0.2515154,0.23833913
0.23785432,0.2706289,0.0,0.25176,0.23975678
0.24981393,0.255183,0.0,0.25524396,0.2397591
0.23545066,0.26535222,0.0,0.25964466,0.23955244
0.23736696,0.26764643,0.0,0.25817516,0.23681143
0.23730364,0.26758268,0.0,0.25530928,0.23980439
0.24115786,0.26686803,0.0,0.25157866,0.24039549
0.24648912,0.2548677,0.0,0.25636584,0.24227734
0.23983496,0.2643311,0.0,0.2557257,0.24010822
0.23756696,0.26573682,0.0,0.25559914,0.24109703
0.2380714,0.26554292,0.0,0.25520223,0.24118347
0.23670474,0.26562098,0.0,0.25146127,0.24621303
0.24526356,0.25333706,0.0,0.25604448,0.24535488
0.23415428,0.26586866,0.0,0.25978288,0.24019419
0.23822731,0.2652401,0.0,0.25448856,0.24204399
0.23360622,0.26602995,0.0,0.25800455,0.2423593
0.23865156,0.26554322,0.0,0.25292596,0.2428793
0.24788798,0.2517508,0.0,0.25623783,0.24412338
0.23670347,0.26266292,0.0,0.25871864,0.24191496
0.23959208,0.26427087,0.0,0.25391486,0.24222218
0.2379659,0.2644789,0.0,0.25492567,0.24262956
0.23849778,0.2649107,0.0,0.25572225,0.24086931
0.24639727,0.2515808,0.0,0.25510544,0.24691643
0.23757005,0.26227167,0.0,0.25704733,0.24311092
0.23815115,0.2642395,0.0,0.25613534,0.24147399
0.23779362,0.2641165,0.0,0.25506547,0.24302441
0.23870513,0.26340616,0.0,0.25597766,0.24191102
0.2506839,0.2502976,0.0,0.25284058,0.24617791
0.23989454,0.26084715,0.0,0.25574684,0.24351147
0.23969938,0.26141626,0.0,0.25467363,0.24421078
0.24144395,0.2609467,0.0,0.2511291,0.24648032
0.23836035,0.2617577,0.0,0.2529982,0.24688374
0.25003186,0.24768874,0.0,0.25105703,0.2512224
0.23845172,0.259173,0.0,0.255003,0.2473723
0.23801461,0.26245907,0.0,0.25384444,0.24568187
0.23860465,0.26204133,0.0,0.25336283,0.24599117
0.23743054,0.26180175,0.0,0.2553027,0.24546503
0.24981357,0.24738492,0.0,0.25134063,0.2514609
0.23972343,0.25668174,0.0,0.2573474,0.24624746
0.23928693,0.2598787,0.0,0.2573106,0.24352382
0.24184915,0.25981972,0.0,0.25223774,0.24609335
0.23934641,0.26150486,0.0,0.25358227,0.24556647
0.24792872,0.24645288,0.0,0.25367147,0.25194696
0.24103159,0.2552551,0.0,0.25484046,0.2488728
0.2366006,0.26076224,0.0,0.256717,0.24592012
0.23913118,0.2590873,0.0,0.25354373,0.24823777
0.23927194,0.26023936,0.0,0.25368735,0.24680132
0.24984963,0.24480437,0.0,0.2523842,0.2529618
0.24203262,0.25670105,0.0,0.25350565,0.24776067
0.2388043,0.25856864,0.0,0.2556328,0.24699433
0.2394621,0.25837252,0.0,0.2512256,0.2509398
0.23942591,0.258704,0.0,0.2527469,0.2491232
0.250024,0.24281342,0.0,0.25050953,0.25665304
0.24096467,0.25427943,0.0,0.25445333,0.25030258
0.2368502,0.2573738,0.0,0.25557464,0.25020134
0.23945414,0.25648314,0.0,0.25175852,0.25230423
0.23870236,0.2589505,0.0,0.25077632,0.2515708
0.25305274,0.24105594,0.0,0.25026855,0.25562277
0.23986423,0.25247666,0.0,0.255654,0.2520051
0.23672532,0.25730747,0.0,0.25343284,0.25253442
0.23906386,0.25800803,0.0,0.2532381,0.24968998
0.23653889,0.25961232,0.0,0.24934888,0.2544999
0.25161436,0.24003713,0.0,0.2511909,0.2571576
0.24088964,0.25104186,0.0,0.25351,0.2545585
0.23955397,0.25693172,0.0,0.25158578,0.25192854
0.23756571,0.2551237,0.0,0.25445172,0.25285885
0.23863748,0.2550106,0.0,0.25060746,0.25574443
0.25315785,0.23872022,0.0,0.2475965,0.26052544
0.23777853,0.251795,0.0,0.25847977,0.2519467
0.24035285,0.25009087,0.0,0.25389302,0.2556633
0.23768546,0.25165564,0.0,0.25446054,0.25619838
0.23924668,0.25357568,0.0,0.25204656,0.2551311
0.25406477,0.23541506,0.0,0.24541473,0.2651054
0.2380399,0.24894612,0.0,0.25862914,0.25438482
0.23816618,0.25171602,0.0,0.2553345,0.2547833
0.24164437,0.24951826,0.0,0.24835838,0.26047897
0.24198733,0.25002405,0.0,0.25106344,0.25692514
0.2516835,0.23618904,0.0,0.24907458,0.26305288
0.24025784,0.24757826,0.0,0.25589502,0.25626886
0.23886463,0.25096706,0.0,0.25325906,0.25690922
0.23687807,0.2520068,0.0,0.25567466,0.25544044
0.23854057,0.25197938,0.0,0.25167945,0.2578006
0.25381106,0.0,0.2354617,0.2473401,0.2633871
0.23822814,0.24641737,0.0,0.25857386,0.2567806
0.23862036,0.2490857,0.0,0.25514454,0.2571494
0.23825876,0.24999419,0.0,0.25215274,0.2595943
0.23895921,0.25007546,0.0,0.25253204,0.25843328
0.25554436,0.0,0.23851539,0.24083889,0.26510134
0.23954214,0.24528433,0.0,0.25769117,0.25748238
0.23937798,0.24737413,0.0,0.25491983,0.25832802
0.0,0.2508872,0.24114676,0.2484679,0.25949818
0.0,0.24811147,0.2377519,0.2525051,0.2616315
0.25393435,0.0,0.23577009,0.24454984,0.26574576
0.24180989,0.24474013,0.0,0.25454634,0.25890365
0.23964201,0.24726877,0.0,0.25410062,0.25898862
0.23629151,0.24698772,0.0,0.2570547,0.25966612
0.23820344,0.2464048,0.0,0.2538595,0.26153228
0.2542005,0.0,0.23392837,0.24713413,0.264737
0.24511825,0.24133392,0.0,0.25312787,0.26042
0.24171855,0.24561745,0.0,0.25330383,0.2593602
0.23874582,0.24672428,0.0,0.25430635,0.26022354
0.24212815,0.24669236,0.0,0.2522556,0.2589239
0.2547121,0.0,0.236238,0.24552102,0.26352888
0.24148203,0.24186169,0.0,0.254822,0.26183426
0.23860052,0.24381538,0.0,0.25503272,0.26255134
0.0,0.2448783,0.24209838,0.25128973,0.2617336
0.0,0.24623147,0.23998971,0.25254533,0.2612335
0.25451943,0.0,0.23688708,0.24136059,0.2672329
0.2404436,0.24558258,0.0,0.2558732,0.2581006
0.0,0.24429476,0.24180849,0.25129667,0.2626001
0.0,0.24513005,0.24065144,0.25430575,0.25991276
0.0,0.24544537,0.23827428,0.25579718,0.26048324
0.2542417,0.0,0.23578218,0.24294488,0.26703125
0.24074093,0.23967102,0.0,0.25529394,0.2642941
0.24200353,0.0,0.24216738,0.2527133,0.26311582
0.0,0.24267206,0.24172725,0.25210562,0.26349503
0.0,0.24273944,0.2404597,0.2530971,0.26370376
0.25365373,0.0,0.2349019,0.2444427,0.2670017
0.24243625,0.0,0.23917525,0.25627536,0.26211312
0.24279986,0.0,0.24272873,0.25359687,0.26087457
0.2418633,0.0,0.2424585,0.2539367,0.2617415
0.2430932,0.0,0.24607873,0.24973458,0.2610935
0.2531761,0.0,0.23700947,0.24153633,0.26827812
0.24093015,0.0,0.23920831,0.25753134,0.2623302
0.0,0.24142033,0.24292904,0.2555769,0.26007372
0.0,0.24021497,0.24294113,0.2526265,0.26421738
0.0,0.24074174,0.24091958,0.25525928,0.26307938
0.25361133,0.0,0.2373542,0.24148266,0.26755187
0.24108095,0.0,0.24243945,0.2531884,0.2632912
0.23845166,0.0,0.24169363,0.25585648,0.26399818
0.24100533,0.0,0.24378738,0.25344664,0.26176068
0.2402971,0.0,0.24464522,0.25119066,0.26386705
0.25554454,0.0,0.2362434,0.23623084,0.2719812
0.24326226,0.0,0.238267,0.25126094,0.2672098
0.24390136,0.0,0.24353601,0.24987623,0.2626864
0.24130385,0.0,0.24247469,0.25362405,0.2625974
0.23935464,0.0,0.24479307,0.2538905,0.2619617
0.25355598,0.0,0.23646277,0.24022487,0.26975638
0.2396409,0.0,0.2402859,0.25498202,0.2650912
0.23928714,0.0,0.24427828,0.25297856,0.263456
0.0,0.23737082,0.2427008,0.25624973,0.2636787
0.23917662,0.0,0.24458565,0.25110888,0.26512882
0.253431,0.0,0.23894478,0.2386184,0.26900578
0.23970798,0.0,0.24201876,0.25718606,0.2610872
0.23817654,0.0,0.24429902,0.25585723,0.26166722
0.238145,0.0,0.24458426,0.2529753,0.2642954
0.2395523,0.0,0.2452737,0.25176626,0.26340774
0.25393298,0.0,0.2362923,0.2414555,0.26831922
0.2433779,0.0,0.24351914,0.25022587,0.2628771
0.23947118,0.0,0.24156052,0.25401703,0.26495132
0.24000406,0.0,0.24409834,0.25220755,0.26369002
0.23793903,0.0,0.24326785,0.25721464,0.26157847
0.25330973,0.0,0.23609306,0.2385325,0.2720647
0.23873134,0.0,0.24238056,0.2566982,0.26218987
0.23778245,0.0,0.2445457,0.25532228,0.26234958
0.23777306,0.0,0.24491704,0.25121263,0.2660973
0.23780039,0.0,0.24718118,0.25098225,0.26403618
0.254274,0.0,0.23712084,0.23867425,0.26993087
0.241076,0.0,0.24772702,0.25024548,0.26095152
0.2353695,0.0,0.24285339,0.25770247,0.26407462
0.23899643,0.0,0.24796832,0.2506625,0.26237276
0.23940691,0.0,0.24616298,0.25144875,0.26298138
0.25452372,0.0,0.23488231,0.23823601,0.27235794
0.23836172,0.0,0.24248767,0.2550896,0.26406097
0.23896793,0.0,0.24558476,0.25019583,0.26525146
0.24068938,0.0,0.2474629,0.24722716,0.26462057
0.23767434,0.0,0.2458444,0.25328177,0.2631995
0.25208777,0.0,0.2347767,0.24088113,0.27225438
0.23816961,0.0,0.2425794,0.25564942,0.26360157
0.23691586,0.0,0.24548915,0.2542349,0.2633601
0.23636973,0.0,0.24541393,0.2549781,0.26323828
0.2376884,0.0,0.24802251,0.24941875,0.26487032
0.25406447,0.0,0.23668516,0.23725718,0.27199313
0.2378167,0.0,0.2424065,0.2578495,0.26192725
0.23747393,0.0,0.24722454,0.25167382,0.26362777
0.23770979,0.0,0.24862255,0.25274643,0.26092118
0.23487046,0.0,0.24533555,0.2560751,0.26371887
0.25442594,0.0,0.23740016,0.2383577,0.26981616
0.23869261,0.0,0.24500094,0.25332585,0.26298058
0.2370733,0.0,0.24553439,0.25510255,0.26228973
0.23873195,0.0,0.24746405,0.25107655,0.2627275
0.23760782,0.0,0.24694328,0.25092196,0.2645269
0.253742,0.0,0.23523892,0.24215822,0.26886088
0.23895873,0.0,0.24511512,0.25301674,0.26290935
0.2385665,0.0,0.24674807,0.25095358,0.2637318
0.23767883,0.0,0.24785636,0.25450042,0.25996435
0.23767298,0.0,0.24884412,0.25233176,0.26115116
0.25467965,0.0,0.23570795,0.2373165,0.2722959
0.2386131,0.0,0.2438237,0.25411105,0.2634521
0.23695491,0.0,0.24636242,0.25270903,0.2639736
0.23589452,0.0,0.24709283,0.25422046,0.2627922
0.23534021,0.0,0.2464409,0.25538018,0.2628387
0.25180689,0.0,0.23499341,0.2377476,0.27545208
0.2393545,0.0,0.24607505,0.25409353,0.26047692
0.23670831,0.0,0.24645366,0.2554918,0.26134625
0.23760699,0.0,0.25247708,0.24924678,0.2606692
0.23784402,0.0,0.25100827,0.24956074,0.26158696
0.25579655,0.0,0.23623052,0.23382764,0.27414525
0.2389649,0.0,0.24372612,0.2545412,0.2627678
0.23595203,0.0,0.24586332,0.2558077,0.26237693
0.23741658,0.0,0.24849154,0.2500563,0.26403555
0.23711313,0.0,0.2497732,0.2536065,0.25950715
0.2535119,0.0,0.23435828,0.23832074,0.27380913
0.23738131,0.0,0.24283116,0.25675046,0.26303703
0.23558442,0.0,0.24814107,0.25389907,0.26237544
0.23558396,0.0,0.24807107,0.25376424,0.26258072
0.23427908,0.0,0.24961247,0.25608677,0.26002175
0.25560847,0.0,0.2366877,0.23471838,0.27298543
0.23799574,0.0,0.2474473,0.25631756,0.25823942
0.23467909,0.0,0.24592617,0.25574785,0.2636469
0.23432232,0.0,0.24883972,0.25485834,0.26197958
0.23488323,0.0,0.24923731,0.25490683,0.2609726
0.25428197,0.0,0.23527232,0.23710631,0.27333945
0.23598613,0.0,0.24534658,0.2573504,0.2613169
0.235579,0.0,0.2482897,0.25451407,0.26161724
0.23505862,0.0,0.25127408,0.2551444,0.25852287
0.23508379,0.0,0.25297087,0.25349358,0.25845173
0.25336364,0.0,0.236215,0.2373884,0.273033
0.23699042,0.0,0.24629107,0.25459212,0.2621264
0.2349424,0.0,0.24764512,0.25569633,0.26171616
0.23719315,0.0,0.2521134,0.2501081,0.2605854
0.23657493,0.0,0.25128645,0.25202373,0.2601149
0.25764957,0.0,0.23565108,0.23389815,0.27280125
0.23750319,0.0,0.24373676,0.25571197,0.26304814
0.23709077,0.0,0.24915402,0.25189456,0.26186067
0.23546599,0.0,0.25069433,0.25268155,0.26115814
0.2356613,0.0,0.25232992,0.25107458,0.26093414
0.25466302,0.0,0.23541243,0.23604895,0.2738756
0.23448037,0.0,0.24336731,0.2608714,0.2612809
0.2353574,0.0,0.24915104,0.25532815,0.2601634
0.23427397,0.0,0.25048473,0.25424874,0.26099253
0.23603708,0.0,0.25221303,0.2531352,0.25861472
0.25567865,0.0,0.23659803,0.23341379,0.27430955
0.23580612,0.0,0.24643467,0.25849688,0.2592623
0.2338617,0.0,0.24997278,0.2551899,0.2609757
0.23529944,0.0,0.25167,0.2540424,0.25898817
0.23603986,0.0,0.2541832,0.25180697,0.25796998
0.25735408,0.0,0.23848955,0.23027936,0.273877
0.23515697,0.0,0.24778365,0.25770345,0.2593559
0.23465522,0.0,0.25238004,0.25386032,0.2591044
0.23327446,0.0,0.24955082,0.2562894,0.2608853
0.23406547,0.0,0.2525463,0.2558717,0.25751653
0.2553721,0.0,0.23537984,0.23445399,0.2747941
0.23766798,0.0,0.2489845,0.25484443,0.2585031
0.23512232,0.0,0.2502442,0.2570112,0.2576223
0.23403369,0.0,0.24933667,0.25672424,0.25990543
0.23594613,0.0,0.25454256,0.25091916,0.25859216
0.25616857,0.0,0.23378357,0.2375876,0.27246025
0.23904265,0.0,0.24763514,0.25380352,0.25951868
0.23724794,0.0,0.25069532,0.25592744,0.2561293
0.23501185,0.0,0.25165465,0.25395328,0.25938025
0.23621944,0.0,0.25669307,0.2507615,0.256326
0.2565478,0.0,0.23552799,0.23582543,0.27209875
0.23574822,0.0,0.24770312,0.25823948,0.2583092
0.23543033,0.0,0.25270915,0.25246316,0.25939736
0.2342976,0.0,0.25423256,0.25336796,0.2581019
0.23430733,0.0,0.2526614,0.25414973,0.25888154
0.25724563,0.0,0.23618072,0.23103335,0.27554032
0.23547065,0.0,0.24989118,0.257061,0.25757718
0.23616476,0.0,0.2560512,0.25172055,0.2560635
0.2347921,0.0,0.25708804,0.25055665,0.25756317
0.23469259,0.0,0.25558525,0.25229448,0.25742763
0.26001242,0.0,0.23961306,0.22886838,0.2715062
0.234105,0.0,0.24963695,0.25953987,0.2567182
0.23405835,0.0,0.25409785,0.25432384,0.25752
0.23234516,0.0,0.25156403,0.25657475,0.25951612
0.23482461,0.0,0.2558566,0.25332445,0.2559943
0.25792682,0.0,0.23513623,0.23385277,0.27308416
0.23548834,0.0,0.24885742,0.25765237,0.25800186
0.23547736,0.0,0.25514746,0.25078592,0.25858927
0.23641054,0.0,0.2567742,0.25070682,0.25610843
0.23580238,0.0,0.2554165,0.25149253,0.25728863
0.26015022,0.0,0.23755258,0.22936907,0.27292806
0.23663561,0.0,0.24954368,0.25844473,0.25537595
0.23467694,0.0,0.25590876,0.25791782,0.25149652
0.23088889,0.0,0.25516018,0.25930694,0.254644
0.23348542,0.0,0.25912175,0.25114235,0.25625053
0.25960448,0.0,0.2379145,0.23054868,0.27193233
0.2337478,0.0,0.25168353,0.2576114,0.25695726
0.23333783,0.0,0.25793442,0.2522184,0.2565094
0.23307195,0.0,0.25882167,0.252164,0.25594237
0.23306702,0.0,0.26132774,0.2515839,0.2540213
0.26001593,0.0,0.23695566,0.2308489,0.2721795
0.23344916,0.0,0.2513615,0.25876635,0.25642297
0.23450968,0.0,0.25974083,0.2514607,0.25428882
0.23309457,0.0,0.263925,0.25011453,0.2528659
0.23179792,0.0,0.26639947,0.25022164,0.25158095
0.26126197,0.0,0.23854621,0.22849394,0.27169782
0.23415351,0.0,0.25857562,0.25331312,0.25395775
0.232898,0.0,0.26360476,0.25221863,0.25127864
0.23057021,0.0,0.26317662,0.2546247,0.25162846
0.23012143,0.0,0.26533413,0.25339788,0.25114655
0.2599545,0.0,0.23623212,0.23188578,0.27192762
0.23109561,0.0,0.2606661,0.2579695,0.25026885
0.22872895,0.0,0.26182768,0.25791943,0.2515239
0.22877723,0.0,0.26719263,0.25573918,0.24829096
0.22886442,0.0,0.2666983,0.25472847,0.24970885
0.25768653,0.0,0.23373584,0.23476902,0.27380863
0.22895768,0.0,0.26160735,0.25999168,0.24944328
0.22974707,0.0,0.2652302,0.25533947,0.24968325
0.22902021,0.0,0.27136576,0.25209647,0.24751757
0.2276976,0.0,0.2728168,0.2539538,0.24553177
0.25982916,0.0,0.23570855,0.23369662,0.2707657
0.22937343,0.0,0.26658088,0.25802886,0.24601683
0.22555293,0.0,0.26957822,0.25920072,0.24566813
0.22428598,0.0,0.27688918,0.2556113,0.24321355
0.22401553,0.0,0.2785923,0.25389066,0.2435015
0.26225185,0.0,0.2387378,0.23010097,0.26890936
0.22957566,0.0,0.27145043,0.25692886,0.24204502
0.22390014,0.0,0.27667266,0.2561478,0.2432794
0.2229739,0.0,0.2796612,0.25377414,0.24359077
0.22190797,0.0,0.28232434,0.25271887,0.24304886
0.26408735,0.0,0.23995322,0.2259663,0.2699931
0.2271741,0.0,0.271506,0.25759944,0.24372044
0.2254879,0.0,0.2810963,0.25255507,0.24086075
0.2233028,0.0,0.28399897,0.25313807,0.23956017
0.22235805,0.0,0.28373075,0.25360554,0.24030562
0.26748443,0.0,0.23853864,0.22396594,0.27001104
0.22771183,0.0,0.27567005,0.25610447,0.2405137
0.2250108,0.0,0.27958855,0.25374654,0.24165408
0.22420347,0.0,0.28050604,0.2524895,0.24280097
0.22706184,0.0,0.2847148,0.24743918,0.24078418
0.26388592,0.0,0.2406868,0.2306371,0.26479018
0.22671914,0.0,0.27552325,0.25649628,0.2412613
0.22417139,0.0,0.28245604,0.2526466,0.24072593
0.22407047,0.0,0.29153332,0.2485607,0.2358355
0.22229207,0.0,0.29130036,0.24745798,0.2389496
0.26302934,0.0,0.2392062,0.22966528,0.26809922
0.22670342,0.0,0.28036493,0.25398043,0.23895119
0.22413827,0.0,0.28813457,0.24951024,0.2382169
0.22297159,0.0,0.29399368,0.24684568,0.23618908
0.22173531,0.0,0.29646337,0.24467988,0.23712142
0.26430836,0.0,0.24410671,0.22411714,0.26746777
0.22647464,0.0,0.28596187,0.2507609,0.2368026
0.22226602,0.0,0.2933819,0.24777254,0.23657946
0.22100326,0.0,0.29936525,0.24577275,0.23385867
0.22146572,0.0,0.3007198,0.24470814,0.23310637
0.26757297,0.0,0.23934561,0.22594805,0.26713336
0.22717902,0.0,0.2865208,0.25003514,0.23626506
0.2219384,0.0,0.29850844,0.24544357,0.23410961
0.2201379,0.0,0.3042782,0.24202162,0.23356229
0.22145705,0.0,0.3021684,0.2427116,0.23366302
0.2677521,0.0,0.24521072,0.22251014,0.264527
0.22429761,0.0,0.29706684,0.2464549,0.23218068
0.22157533,0.0,0.30676106,0.24163938,0.2300242
0.21947767,0.0,0.30831927,0.2402859,0.2319171
0.21776763,0.0,0.3146176,0.23820327,0.2294115
0.26777753,0.0,0.24439546,0.22518878,0.26263824
0.2229752,0.0,0.29970267,0.24453633,0.23278584
0.22071646,0.0,0.30982977,0.23984082,0.2296129
0.21823685,0.0,0.31326687,0.23852365,0.22997262
0.21721226,0.0,0.32005042,0.23729166,0.22544569
0.26912373,0.0,0.24141896,0.22636208,0.26309523
0.22374754,0.0,0.30062738,0.24423786,0.2313872
0.22167741,0.0,0.31299463,0.23790595,0.227422
0.21551831,0.0,0.31986475,0.23694731,0.2276696
0.2151711,0.0,0.32064226,0.23593453,0.22825214
0.26657385,0.0,0.24503064,0.22894342,0.25945207
0.22000162,0.0,0.311844,0.24008746,0.2280669
0.21604295,0.0,0.32206836,0.23602268,0.22586596
0.21272182,0.0,0.3250297,0.2354213,0.22682722
0.21396436,0.0,0.33398712,0.23009102,0.22195753
0.26758114,0.0,0.24676739,0.22577247,0.259879
0.21783993,0.0,0.31794238,0.23783867,0.226379
0.21480379,0.0,0.33006644,0.23242791,0.22270189
0.2131864,0.0,0.3301541,0.23262198,0.22403756
0.21215819,0.0,0.33776194,0.22998005,0.22009982
0.2662232,0.0,0.24142888,0.23040867,0.26193926
0.22159766,0.0,0.31885412,0.235054,0.2244942
0.21539031,0.0,0.3273211,0.23425898,0.22302961
0.21233511,0.0,0.33709195,0.2318627,0.21871024
0.20901972,0.0,0.34137356,0.22892232,0.22068436
0.26768467,0.0,0.24696448,0.22897655,0.25637436
0.21651135,0.0,0.32804802,0.23495345,0.22048712
0.21119978,0.0,0.33814287,0.2308399,0.21981743
0.20957018,0.0,0.3463984,0.22677599,0.2172554
0.21014321,0.0,0.34634024,0.22709814,0.21641839
0.26958612,0.0,0.24867764,0.22686982,0.25486645
0.24054334,0.2892786,0.22900108,0.24117696,0.0
0.23432918,0.2966496,0.22497013,0.2440511,0.0
0.23395002,0.2982786,0.22354074,0.24423067,0.0
0.23807907,0.29679304,0.22654532,0.23858258,0.0
0.2380165,0.2971957,0.22764215,0.23714559,0.0
0.24095719,0.29013985,0.22834036,0.24056257,0.0
0.23999605,0.29457232,0.22901367,0.236418,0.0
0.23638597,0.2970094,0.225911,0.24069361,0.0
0.238528,0.29650792,0.22721478,0.23774932,0.0
0.23655427,0.2977651,0.22613017,0.23955046,0.0
0.24303982,0.28827825,0.23107898,0.237603,0.0
0.2360828,0.29630136,0.22504206,0.24257375,0.0
0.23629361,0.29713103,0.22513026,0.24144515,0.0
0.24023907,0.29550543,0.22860746,0.23564799,0.0
0.23925973,0.29593056,0.22810397,0.23670575,0.0
0.239947,0.29072204,0.22766614,0.24166478,0.0
0.2377776,0.29430875,0.22783594,0.24007769,0.0
0.23794523,0.29536366,0.2277016,0.23898955,0.0
0.23965506,0.29504248,0.22955047,0.23575197,0.0
0.2369489,0.2973176,0.22672144,0.239012,0.0
0.24115233,0.2902545,0.22916715,0.23942602,0.0
0.23715548,0.29405302,0.2276939,0.24109761,0.0
0.23878881,0.29465982,0.22835204,0.2381993,0.0
0.23815286,0.2957969,0.22826485,0.23778537,0.0
0.23817535,0.29592043,0.22703938,0.23886482,0.0
0.24452521,0.2870574,0.23217216,0.23624521,0.0
0.23781016,0.29396287,0.22816451,0.24006248,0.0
0.23758386,0.29451695,0.228013,0.2398862,0.0
0.23958074,0.2949638,0.22914717,0.23630828,0.0
0.23653145,0.29637912,0.22659047,0.24049895,0.0
0.24196567,0.28889477,0.22864085,0.24049868,0.0
0.23823546,0.29272094,0.22856021,0.24048339,0.0
0.23722146,0.29444498,0.22786134,0.2404722,0.0
0.23928237,0.29513034,0.22760296,0.23798433,0.0
0.23915944,0.2936489,0.22894023,0.23825142,0.0
0.24246693,0.2888585,0.2306943,0.23798025,0.0
0.23720273,0.29383448,0.22744282,0.24151994,0.0
0.23741686,0.29423586,0.22774047,0.24060681,0.0
0.23945726,0.29344037,0.23064059,0.23646182,0.0
0.23929575,0.29271796,0.22891381,0.23907243,0.0
0.24220036,0.2876545,0.22951648,0.2406287,0.0
0.23966834,0.29022124,0.2297366,0.24037376,0.0
0.23820843,0.2920703,0.22780566,0.2419156,0.0
0.23886228,0.2928573,0.228671,0.23960944,0.0
0.23808151,0.29263774,0.22760735,0.24167344,0.0
0.24408312,0.28617597,0.23105553,0.23868538,0.0
0.23758475,0.29042733,0.22819379,0.24379416,0.0
0.23927851,0.29121238,0.22963445,0.23987466,0.0
0.23728754,0.29254887,0.22768725,0.24247636,0.0
0.24089447,0.29068634,0.23124631,0.23717289,0.0
0.24461947,0.2839871,0.23231493,0.23907848,0.0
0.23673403,0.2899406,0.22786967,0.24545573,0.0
0.24023764,0.28955245,0.23078589,0.23942403,0.0
0.23651527,0.29253232,0.22660294,0.24434951,0.0
0.24039796,0.29060987,0.23045999,0.23853222,0.0
0.24308997,0.28496853,0.2318942,0.24004729,0.0
0.2363323,0.29033288,0.22850083,0.24483396,0.0
0.23618652,0.2916321,0.22730197,0.24487945,0.0
0.2370153,0.29118878,0.22859201,0.2432039,0.0
0.23872371,0.29172114,0.22844943,0.24110568,0.0
0.24239959,0.28596944,0.2304532,0.2411778,0.0
0.23726459,0.29002377,0.22789998,0.24481173,0.0
0.23704432,0.29189444,0.22832496,0.24273627,0.0
0.23695426,0.2922257,0.22833866,0.24248138,0.0
0.23878942,0.2899123,0.23048271,0.2408156,0.0
0.24581566,0.2834555,0.23333363,0.23739518,0.0
0.23808739,0.2894007,0.22934447,0.24316739,0.0
0.23850822,0.28987056,0.22959818,0.242023,0.0
0.23910573,0.29025242,0.23021892,0.24042295,0.0
0.23910783,0.29003778,0.23087096,0.23998342,0.0
0.24578995,0.28277045,0.0,0.23816207,0.23327751
0.24174038,0.28689852,0.23023829,0.24112283,0.0
0.23989482,0.28795958,0.23052673,0.24161889,0.0
0.24225216,0.28744867,0.23244411,0.237855,0.0
0.23828106,0.28867766,0.22909342,0.2439479,0.0
0.24789774,0.28023884,0.0,0.2369848,0.23487858
0.24019092,0.28618658,0.23052432,0.24309821,0.0
0.24055025,0.28625432,0.2312636,0.24193187,0.0
0.23892745,0.2869875,0.23006207,0.24402297,0.0
0.23700684,0.28949386,0.0,0.2439309,0.22956835
0.24319452,0.28068793,0.0,0.2396838,0.23643373
0.23789708,0.28444412,0.0,0.24370255,0.23395622
0.2385412,0.28553846,0.23117965,0.24474071,0.0
0.23682384,0.2880387,0.0,0.2452595,0.22987795
0.23991136,0.28702208,0.23172607,0.24134046,0.0
0.24585858,0.2790784,0.0,0.23922737,0.23583567
0.2400952,0.28413656,0.23228404,0.24348423,0.0
0.24002488,0.2847994,0.23262374,0.24255195,0.0
0.2380511,0.2859374,0.0,0.24521841,0.23079307
0.23839799,0.28709954,0.0,0.24291751,0.23158494
0.24581584,0.27872804,0.0,0.23704171,0.2384144
0.24039583,0.2841873,0.0,0.24277511,0.2326418
0.2394185,0.2857029,0.0,0.24318485,0.23169374
0.23998031,0.28548476,0.0,0.24094869,0.23358622
0.23940755,0.28519648,0.23280665,0.24258932,0.0
0.24080859,0.27636504,0.0,0.24370508,0.23912132
0.24000838,0.28141406,0.0,0.24547961,0.23309796
0.23735978,0.28341663,0.0,0.24645951,0.23276408
0.23860969,0.28341475,0.0,0.24372377,0.23425186
0.23631439,0.2841877,0.0,0.24587996,0.23361798
0.24222195,0.27479687,0.0,0.2437249,0.23925625
0.23605476,0.2804956,0.0,0.24819899,0.2352506
0.24045816,0.28143382,0.0,0.24327335,0.23483463
0.24003927,0.28228748,0.23339047,0.24428277,0.0
0.23745532,0.28125408,0.0,0.24251153,0.23877908
0.24465686,0.27279446,0.0,0.24128044,0.24126823
0.23643087,0.27960348,0.0,0.2482193,0.23574632
0.24123128,0.27859563,0.0,0.2418716,0.23830149
0.23560116,0.28046766,0.0,0.24739441,0.23653673
0.24154247,0.27921143,0.0,0.24205664,0.23718946
0.24378365,0.27191827,0.0,0.24161126,0.24268676
0.2401359,0.2760625,0.0,0.24583082,0.2379708
0.23671736,0.2781337,0.0,0.24753037,0.2376186
0.23747513,0.27895975,0.0,0.24783286,0.2357323
0.2378162,0.2787536,0.0,0.24369341,0.2397368
0.24414001,0.26807335,0.0,0.24222079,0.24556585
0.23605965,0.27553335,0.0,0.24968004,0.23872696
0.23711,0.27659047,0.0,0.24732414,0.23897544
0.23809363,0.27566373,0.0,0.2456885,0.24055417
0.2382617,0.27777204,0.0,0.24613619,0.23783004
0.24469888,0.26674518,0.0,0.2424638,0.24609213
0.23882595,0.27133548,0.0,0.24846841,0.24137013
0.23730469,0.2736827,0.0,0.24810745,0.24090512
0.23816834,0.27421552,0.0,0.24489808,0.24271809
0.23823714,0.27482325,0.0,0.24599896,0.24094068
0.24481227,0.26458585,0.0,0.24349178,0.2471101
0.2385889,0.2733592,0.0,0.24655932,0.24149255
0.23735803,0.27575728,0.0,0.24683008,0.24005462
0.23828161,0.27527812,0.0,0.24473973,0.24170057
0.23711927,0.27454296,0.0,0.2453781,0.24295963
0.24354906,0.26300544,0.0,0.24367477,0.24977075
0.24001475,0.27011102,0.0,0.24838056,0.24149372
0.2390918,0.27184224,0.0,0.24807261,0.24099335
0.23946106,0.2717577,0.0,0.24563707,0.24314418
0.23898315,0.27256772,0.0,0.24621719,0.24223189
0.24513222,0.2615916,0.0,0.24443653,0.2488396
0.23846221,0.26847088,0.0,0.24964032,0.24342664
0.23641898,0.27048334,0.0,0.25071317,0.24238454
0.23884799,0.27069625,0.0,0.24646056,0.24399522
0.2373451,0.27042156,0.0,0.24544117,0.24679214
0.24471575,0.25927275,0.0,0.24482384,0.25118765
0.23765437,0.26791993,0.0,0.24834934,0.24607636
0.23998688,0.26689377,0.0,0.24831046,0.24480884
0.24129513,0.2691219,0.0,0.24474968,0.24483326
0.23840223,0.26999497,0.0,0.2466285,0.24497432
0.24647814,0.25855398,0.0,0.24409166,0.25087622
0.23915334,0.26431456,0.0,0.24902374,0.24750833
0.23732588,0.26700324,0.0,0.2501584,0.24551252
0.23784472,0.2677114,0.0,0.24689847,0.2475454
0.2390197,0.26869646,0.0,0.2463415,0.24594234
0.24326745,0.25677788,0.0,0.24539916,0.25455552
0.23646334,0.26524845,0.0,0.25201738,0.24627085
0.24069197,0.26741356,0.0,0.24543689,0.2464576
0.24003212,0.27008578,0.0,0.24553268,0.24434945
0.23876964,0.2689048,0.0,0.24799685,0.24432875
0.24797349,0.25403404,0.0,0.24363628,0.25435615
0.23788458,0.26360235,0.0,0.2526931,0.24581994
0.2377002,0.26524088,0.0,0.24833943,0.24871953
0.23893692,0.2669156,0.0,0.24983001,0.24431749
0.2402821,0.2668404,0.0,0.24616235,0.2467152
0.24571557,0.25320125,0.0,0.24596666,0.25511655
0.2369855,0.26146418,0.0,0.25160795,0.24994236
0.24011251,0.2649221,0.0,0.24952382,0.24544157
0.24059358,0.26400322,0.0,0.24501537,0.25038782
0.24140574,0.2636995,0.0,0.24615,0.24874476
0.2510866,0.25018743,0.0,0.2422963,0.25642967
0.23801483,0.26081207,0.0,0.25222984,0.24894327
0.23859482,0.2627241,0.0,0.24877214,0.2499089
0.23831403,0.2623737,0.0,0.25024638,0.24906588
0.24002022,0.26216146,0.0,0.24815427,0.24966404
0.24503787,0.25269023,0.0,0.24697396,0.255298
0.23922275,0.26022825,0.0,0.2519723,0.2485767
0.23796485,0.26136345,0.0,0.2508722,0.24979949
0.0,0.26262343,0.23956294,0.24972253,0.24809109
0.0,0.26243043,0.23985207,0.24698777,0.25072977
0.2485763,0.24812464,0.0,0.24401277,0.25928628
0.239846,0.25877464,0.0,0.25366655,0.24771282
0.2384718,0.26053825,0.0,0.2515417,0.2494483
0.0,0.2613291,0.239912,0.24784245,0.25091645
0.0,0.26029012,0.24221142,0.24664462,0.2508539
0.24708664,0.24611081,0.0,0.24571446,0.2610881
0.23946169,0.25604072,0.0,0.25260493,0.25189266
0.0,0.25877172,0.23960795,0.2506433,0.250977
0.0,0.25943935,0.2443304,0.24617036,0.2500599
0.0,0.2589017,0.23913595,0.24818964,0.25377274
0.24718936,0.24438787,0.0,0.24566056,0.26276222
0.0,0.25452954,0.24060905,0.25304678,0.25181466
0.0,0.25582385,0.23973541,0.25001025,0.25443044
0.0,0.25643677,0.24075371,0.2511307,0.25167885
0.0,0.2562002,0.24484612,0.24646887,0.25248483
0.25175452,0.24181665,0.0,0.24460591,0.26182288
0.0,0.25213823,0.24270046,0.2501678,0.25499356
0.0,0.25422272,0.24009882,0.25016114,0.2555173
0.0,0.25776413,0.24311025,0.2479094,0.25121623
0.0,0.25680816,0.2440082,0.24517933,0.2540043
0.24862179,0.24186781,0.0,0.24847114,0.26103932
0.0,0.25123608,0.24410129,0.25100496,0.25365767
0.0,0.25269374,0.2426235,0.24943532,0.2552474
0.0,0.25362933,0.24410973,0.24835674,0.25390422
0.0,0.2540575,0.24316545,0.24672689,0.25605017
0.24746948,0.24048193,0.0,0.24907714,0.26297143
0.0,0.25013492,0.24184509,0.2540714,0.2539486
0.0,0.25127706,0.24536878,0.24792558,0.25542858
0.0,0.25185955,0.24477665,0.24697977,0.25638402
0.0,0.25221685,0.24307647,0.24858344,0.25612321
0.24907473,0.0,0.2406127,0.24671046,0.26360208
0.0,0.24820456,0.24267794,0.25323114,0.25588635
0.0,0.2501631,0.24382421,0.25141862,0.25459412
0.0,0.24825995,0.2466952,0.24848965,0.2565552
0.0,0.25174397,0.24582323,0.24650885,0.25592396
0.25120765,0.0,0.24251725,0.2426816,0.2635935
0.0,0.24738339,0.24309795,0.25389066,0.25562802
0.0,0.24783777,0.24527682,0.24930596,0.25757942
0.0,0.24823768,0.24585536,0.24910359,0.25680336
0.0,0.24815343,0.2480228,0.2467503,0.25707346
0.24904267,0.0,0.24138518,0.2444932,0.26507887
0.0,0.24497908,0.24498032,0.2532197,0.25682092
0.0,0.24630985,0.24852362,0.24741957,0.25774696
0.0,0.24785717,0.24519607,0.2489332,0.25801355
0.0,0.2485468,0.24739417,0.24961032,0.2544487
0.24893148,0.0,0.2390998,0.24289055,0.26907814
0.0,0.24343899,0.24666725,0.25304127,0.25685254
0.0,0.24530324,0.24491486,0.2527014,0.2570805
0.0,0.24548306,0.24878578,0.24882217,0.25690898
0.0,0.24636814,0.24672702,0.2506075,0.25629732
0.24868628,0.0,0.24039894,0.24796511,0.26294968
0.0,0.23916422,0.24728239,0.25429505,0.25925833
0.0,0.24325228,0.24568962,0.25308785,0.25797027
0.0,0.243688,0.24869253,0.24908306,0.25853643
0.0,0.24524796,0.2500816,0.24900714,0.2556633
0.24897602,0.0,0.23993558,0.24489762,0.26619077
0.0,0.23986809,0.24597701,0.25317198,0.26098293
0.0,0.24146987,0.2487788,0.25113717,0.25861412
0.0,0.2429959,0.24922982,0.25108913,0.25668517
0.0,0.24239355,0.249544,0.24787036,0.26019207
0.24837187,0.0,0.24047945,0.2452439,0.26590478
0.23858711,0.0,0.24965389,0.25321218,0.25854683
0.0,0.24077411,0.25059897,0.25157595,0.25705093
0.0,0.24062943,0.2512707,0.24755569,0.26054418
0.0,0.24129559,0.2553515,0.2471431,0.25620976
0.2474496,0.0,0.24145377,0.24602449,0.2650722
0.23904368,0.0,0.25148132,0.2521738,0.25730115
0.0,0.23984489,0.24785288,0.25308222,0.25921997
0.0,0.2394638,0.25418708,0.24787644,0.2584727
0.0,0.23973887,0.25548005,0.24893174,0.25584933
0.24707904,0.0,0.2409438,0.24339858,0.2685786
0.0,0.23540764,0.24914308,0.2571061,0.25834322
0.0,0.23706762,0.25173694,0.25380847,0.25738695
0.0,0.23766297,0.25667003,0.24908707,0.25657994
0.0,0.23878975,0.25400114,0.25068542,0.25652364
0.24678753,0.0,0.24227656,0.24395522,0.26698068
0.23733325,0.0,0.25355458,0.2504425,0.25866967
0.23732145,0.0,0.25629976,0.24832776,0.258051
0.23696737,0.0,0.25872082,0.24871667,0.25559515
0.0,0.2366619,0.25820816,0.24969886,0.2554311
0.2463033,0.0,0.24286892,0.24658588,0.2642419
0.23561318,0.0,0.2552645,0.25107428,0.25804806
0.23491809,0.0,0.25887364,0.24925004,0.25695825
0.23481384,0.0,0.2593908,0.25030106,0.25549433
0.0,0.23592119,0.25833195,0.24986966,0.25587723
0.25185397,0.0,0.24721879,0.23772162,0.26320562
0.23542579,0.0,0.2577263,0.25072506,0.25612286
0.23410824,0.0,0.26139545,0.2484947,0.25600156
0.0,0.2335756,0.26139018,0.24902767,0.25600657
0.23332603,0.0,0.26168326,0.25014165,0.25484902
0.24782887,0.0,0.24491876,0.24217306,0.26507935
0.2350589,0.0,0.2605257,0.2504387,0.25397667
0.23340818,0.0,0.2626348,0.24873808,0.25521892
0.23294824,0.0,0.26515085,0.24793486,0.25396603
0.0,0.23292068,0.26544407,0.24886818,0.25276712
0.2479201,0.0,0.24673545,0.24307208,0.2622724
0.23385781,0.0,0.26093024,0.25159225,0.2536197
0.2319332,0.0,0.26630804,0.2523846,0.2493741
0.23272315,0.0,0.26881978,0.24803637,0.25042072
0.0,0.23127541,0.26771185,0.24912855,0.25188425
0.24795233,0.0,0.2461892,0.23939103,0.26646748
