battery_id,window_start,cycle_index,degradation_stage,fusion_gate,router_weight_l1,statistical_route_entropy,curve_route_entropy,fused_route_entropy,expert_1_fused_weight,expert_2_fused_weight,expert_3_fused_weight,expert_4_fused_weight,expert_5_fused_weight
CY25-025_1-#5,0,2,early,0.6166635155677795,1.0776135921478271,0.9804666042327881,1.2032705545425415,1.2775335311889648,0.1361914575099945,0.018872912973165512,0.37142854928970337,0.07639379054307938,0.39711326360702515
CY25-025_1-#5,1,3,early,0.626541793346405,1.2975366115570068,0.7713965773582458,1.1765209436416626,1.249598503112793,0.14851105213165283,0.012440008111298084,0.3942278325557709,0.06470987945795059,0.3801111876964569
CY25-025_1-#5,2,4,early,0.6303285956382751,1.4377310276031494,0.6653099060058594,1.1517163515090942,1.2488067150115967,0.1603657305240631,0.014044508337974548,0.398034930229187,0.05569963902235031,0.3718552887439728
CY25-025_1-#5,3,5,early,0.6251110434532166,1.4169960021972656,0.663867712020874,1.1737864017486572,1.251732349395752,0.15893356502056122,0.013507339172065258,0.4054420590400696,0.059227488934993744,0.3628895878791809
CY25-025_1-#5,4,6,early,0.6301950216293335,1.5342447757720947,0.5403607487678528,1.1484520435333252,1.2420856952667236,0.17715860903263092,0.010891261510550976,0.4066017270088196,0.051486194133758545,0.3538621664047241
CY25-025_1-#5,5,7,early,0.6180998682975769,1.169847846031189,0.9151043891906738,1.2067691087722778,1.2816976308822632,0.15167845785617828,0.019425734877586365,0.3884372115135193,0.06865252554416656,0.3718061149120331
CY25-025_1-#5,6,8,early,0.6202884316444397,1.2632195949554443,0.8392345309257507,1.1933671236038208,1.2741554975509644,0.15496300160884857,0.019364027306437492,0.3949412703514099,0.06293193995952606,0.3677997887134552
CY25-025_1-#5,7,9,early,0.6172695755958557,1.350578784942627,0.7613492012023926,1.1982643604278564,1.2771906852722168,0.16187773644924164,0.019246529787778854,0.40469831228256226,0.06220733001828194,0.3519701659679413
CY25-025_1-#5,8,10,early,0.6153830885887146,1.3433434963226318,0.794395923614502,1.201183557510376,1.28958261013031,0.1662410944700241,0.021679706871509552,0.3992674648761749,0.06303153932094574,0.3497801423072815
CY25-025_1-#5,9,11,early,0.6185912489891052,1.3432631492614746,0.7949401140213013,1.1918971538543701,1.2850353717803955,0.16813208162784576,0.021021513268351555,0.3976374864578247,0.06054922938346863,0.3526597023010254
CY25-025_1-#5,10,12,early,0.6141995191574097,1.2225881814956665,0.9133914709091187,1.2108739614486694,1.3004239797592163,0.15487101674079895,0.02706015855073929,0.39319080114364624,0.06581971794366837,0.35905832052230835
CY25-025_1-#5,11,13,early,0.6190130710601807,1.3510202169418335,0.761573314666748,1.195988416671753,1.2768423557281494,0.165438711643219,0.019285015761852264,0.40474483370780945,0.06039039418101311,0.3501410484313965
CY25-025_1-#5,12,14,early,0.6211976408958435,1.4463872909545898,0.6736423969268799,1.17992103099823,1.271802544593811,0.1778946965932846,0.017304249107837677,0.4054727554321289,0.05598858743906021,0.3433397710323334
CY25-025_1-#5,13,15,early,0.6260924339294434,1.5489917993545532,0.5245633125305176,1.1626551151275635,1.2511889934539795,0.18504640460014343,0.01342400349676609,0.4144619405269623,0.04986163601279259,0.33720600605010986
CY25-025_1-#5,14,16,early,0.6208583116531372,1.3781148195266724,0.7371651530265808,1.1899272203445435,1.2747817039489746,0.16869711875915527,0.01915677636861801,0.405660480260849,0.05816028639674187,0.34832534193992615
CY25-025_1-#5,15,17,early,0.6178078055381775,1.3188503980636597,0.8105169534683228,1.2006217241287231,1.287529468536377,0.16588516533374786,0.022713305428624153,0.4015844464302063,0.06053720787167549,0.3492799401283264
CY25-025_1-#5,16,18,early,0.6119528412818909,1.2155089378356934,0.8922234177589417,1.2212529182434082,1.2949247360229492,0.1594836562871933,0.022486330941319466,0.3970568776130676,0.06780856847763062,0.35316458344459534
CY25-025_1-#5,17,19,early,0.6087086796760559,1.2176355123519897,0.9043004512786865,1.2326364517211914,1.3071855306625366,0.16500550508499146,0.02476297877728939,0.3999674618244171,0.06925410777330399,0.3410100042819977
CY25-025_1-#5,18,20,early,0.6211939454078674,1.4699031114578247,0.6346640586853027,1.1789880990982056,1.2658292055130005,0.1784568578004837,0.017252013087272644,0.4119066596031189,0.05324753746390343,0.3391369581222534
CY25-025_1-#5,19,21,early,0.6131424307823181,1.3222558498382568,0.8223617672920227,1.2140021324157715,1.300997257232666,0.16988316178321838,0.025675807148218155,0.40404510498046875,0.06235652416944504,0.338039368391037
CY25-025_1-#5,20,22,early,0.6020838022232056,1.0221446752548218,1.0723940134048462,1.2544188499450684,1.331258773803711,0.15525183081626892,0.03085719421505928,0.38277608156204224,0.07839439064264297,0.3527205288410187
CY25-025_1-#5,21,23,early,0.6142334938049316,1.5451158285140991,0.6623085141181946,1.1956771612167358,1.3236883878707886,0.19083520770072937,0.03453204035758972,0.40826600790023804,0.0566365085542202,0.30973026156425476
CY25-025_1-#5,22,24,early,0.6041150093078613,1.115544080734253,1.0234014987945557,1.2434334754943848,1.3313894271850586,0.16017650067806244,0.03376398980617523,0.3882107138633728,0.07177888602018356,0.346069872379303
CY25-025_1-#5,23,25,early,0.6016280055046082,1.0853657722473145,1.0573205947875977,1.2503796815872192,1.3410159349441528,0.1571510285139084,0.03720054030418396,0.3858283758163452,0.07428017258644104,0.345539927482605
CY25-025_1-#5,24,28,early,0.6038215756416321,1.3404268026351929,0.9254430532455444,1.2424989938735962,1.3713524341583252,0.17086775600910187,0.053706683218479156,0.39929139614105225,0.06818848848342896,0.3079456686973572
CY25-025_1-#5,25,29,early,0.6054986715316772,1.2145408391952515,0.9409748315811157,1.2394107580184937,1.3259437084197998,0.16602949798107147,0.03241033852100372,0.39870285987854004,0.06856903433799744,0.33428823947906494
CY25-025_1-#5,26,30,early,0.6120387315750122,1.4273350238800049,0.7883368730545044,1.2174808979034424,1.3345630168914795,0.17522579431533813,0.04006579890847206,0.40850821137428284,0.061144597828388214,0.31505560874938965
CY25-025_1-#5,27,31,early,0.6110022664070129,1.5217646360397339,0.716203510761261,1.2104134559631348,1.3443951606750488,0.18836084008216858,0.04420998692512512,0.40681296586990356,0.05758797749876976,0.30302825570106506
CY25-025_1-#5,28,32,early,0.599536657333374,1.1478934288024902,1.0067026615142822,1.259373426437378,1.3436894416809082,0.16668690741062164,0.03607729822397232,0.3957440257072449,0.07406412065029144,0.3274276852607727
CY25-025_1-#5,29,33,early,0.6018655300140381,1.1294034719467163,1.034080982208252,1.2494728565216064,1.3437116146087646,0.16665330529212952,0.0359901562333107,0.38645413517951965,0.07322324067354202,0.3376792073249817
CY25-025_1-#5,30,34,early,0.5947220325469971,1.0658080577850342,1.0790894031524658,1.271478533744812,1.357421636581421,0.16088639199733734,0.04051385074853897,0.3882620334625244,0.07881080359220505,0.3315269351005554
CY25-025_1-#5,31,35,early,0.5991116166114807,1.3027788400650024,1.014905571937561,1.2550641298294067,1.4045438766479492,0.1733432561159134,0.06732702255249023,0.38506534695625305,0.07237308472394943,0.3018912971019745
CY25-025_1-#5,32,36,early,0.6090120673179626,1.4694981575012207,0.7363911867141724,1.2248427867889404,1.3354322910308838,0.18498937785625458,0.0380866639316082,0.4139484167098999,0.06194411218166351,0.30103135108947754
CY25-025_1-#5,33,37,early,0.5963032245635986,1.3109720945358276,1.0433140993118286,1.2623777389526367,1.4275611639022827,0.17407476902008057,0.08082341402769089,0.37599098682403564,0.07349752634763718,0.2956133186817169
CY25-025_1-#5,34,38,early,0.6007228493690491,1.400643229484558,0.9642879366874695,1.244519591331482,1.4187233448028564,0.18229296803474426,0.07883933931589127,0.37764009833335876,0.06655610352754593,0.2946714460849762
CY25-025_1-#5,35,39,early,0.5954096913337708,1.1733169555664062,1.1482917070388794,1.2708337306976318,1.430485725402832,0.16442590951919556,0.08013568818569183,0.37157535552978516,0.07963288575410843,0.30423012375831604
CY25-025_1-#5,36,40,early,0.5946907997131348,1.074859857559204,1.0630066394805908,1.2754485607147217,1.35479736328125,0.1627262830734253,0.037993043661117554,0.3922879993915558,0.08030125498771667,0.3266914486885071
CY25-025_1-#5,37,41,early,0.5881885290145874,1.009651780128479,1.1752305030822754,1.2880769968032837,1.385063648223877,0.16998355090618134,0.1484757512807846,0.3711441159248352,0.018334489315748215,0.2920621335506439
CY25-025_1-#5,38,42,early,0.589349627494812,1.1751413345336914,1.1494994163513184,1.2852163314819336,1.4392086267471313,0.1682085394859314,0.0818808302283287,0.3734588623046875,0.08320680260658264,0.29324498772621155
CY25-025_1-#5,39,43,early,0.5957390666007996,1.3018423318862915,1.028874158859253,1.2658191919326782,1.4176112413406372,0.1797308772802353,0.07183321565389633,0.3839713931083679,0.07449493557214737,0.2899695932865143
CY25-025_1-#5,40,44,early,0.594402015209198,1.2506170272827148,1.0378155708312988,1.274620532989502,1.405206561088562,0.1764894723892212,0.061762019991874695,0.391521155834198,0.07913630455732346,0.29109105467796326
CY25-025_1-#5,41,45,early,0.5916281342506409,1.0897337198257446,1.1056541204452515,1.2797969579696655,1.375939965248108,0.1765134185552597,0.13886359333992004,0.3792910575866699,0.017033817246556282,0.2882980704307556
CY25-025_1-#5,42,46,early,0.5900341868400574,1.280745506286621,1.07400643825531,1.2839435338974,1.4427073001861572,0.17889870703220367,0.0841246247291565,0.37698623538017273,0.08026669174432755,0.27972376346588135
CY25-025_1-#5,43,47,early,0.5941657423973083,1.2744132280349731,1.0227946043014526,1.275943398475647,1.408329725265503,0.17802760004997253,0.06297282874584198,0.39192572236061096,0.07962705940008163,0.2874468266963959
CY25-025_1-#5,44,48,early,0.5877364277839661,1.094403862953186,1.1412376165390015,1.2905932664871216,1.3966904878616333,0.17904508113861084,0.16434963047504425,0.36058932542800903,0.016538530588150024,0.27947741746902466
CY25-025_1-#5,45,49,early,0.5926513075828552,1.187411904335022,1.0655510425567627,1.2729309797286987,1.3855886459350586,0.18654808402061462,0.15208181738853455,0.36706262826919556,0.014600541442632675,0.2797069549560547
CY25-025_1-#5,46,50,early,0.5945624709129333,1.4009575843811035,0.9910687804222107,1.2646726369857788,1.4448909759521484,0.185312420129776,0.09147943556308746,0.3720988631248474,0.07217886298894882,0.2789304256439209
CY25-025_1-#5,47,51,early,0.6004824042320251,1.4119954109191895,0.9028434753417969,1.2482620477676392,1.3963490724563599,0.18988510966300964,0.06273723393678665,0.3935990333557129,0.06760341674089432,0.2861752510070801
CY25-025_1-#5,48,54,early,0.5928289294242859,1.1283847093582153,1.0902574062347412,1.2755943536758423,1.379507064819336,0.18276838958263397,0.13842839002609253,0.37542641162872314,0.016995860263705254,0.28638097643852234
CY25-025_1-#5,49,55,early,0.5841780304908752,0.9690486192703247,1.2040714025497437,1.3076040744781494,1.4017610549926758,0.1772962510585785,0.15223544836044312,0.3684483468532562,0.022083014249801636,0.27993693947792053
CY25-025_1-#5,50,56,early,0.5870752334594727,1.1433770656585693,1.0997849702835083,1.2935025691986084,1.3981870412826538,0.18626902997493744,0.1680385172367096,0.36197301745414734,0.015521299093961716,0.268198162317276
CY25-025_1-#5,51,57,early,0.5878823399543762,1.0684298276901245,1.1058189868927002,1.298120379447937,1.3876605033874512,0.18593177199363708,0.13665269315242767,0.38188520073890686,0.02070680446922779,0.27482351660728455
CY25-025_1-#5,52,58,early,0.5812978148460388,0.9598425626754761,1.2171308994293213,1.3151578903198242,1.4078888893127441,0.17678296566009521,0.1654493510723114,0.3630448877811432,0.021106792613863945,0.27361607551574707
CY25-025_1-#5,53,59,early,0.5855749845504761,1.1135873794555664,1.142556071281433,1.3013355731964111,1.4101263284683228,0.18530136346817017,0.1815192550420761,0.35184699296951294,0.016821159049868584,0.2645112872123718
CY25-025_1-#5,54,60,early,0.5857396125793457,1.068974256515503,1.1181005239486694,1.3023121356964111,1.391901969909668,0.18197543919086456,0.15095362067222595,0.3766508102416992,0.01876825839281082,0.27165186405181885
CY25-025_1-#5,55,61,early,0.5786623954772949,0.9337440729141235,1.2562000751495361,1.3271695375442505,1.424949049949646,0.1770184487104416,0.18314428627490997,0.35260218381881714,0.023644186556339264,0.26359090209007263
CY25-025_1-#5,56,62,early,0.5857869982719421,1.0902979373931885,1.122098445892334,1.3000264167785645,1.3960325717926025,0.18337903916835785,0.1600547730922699,0.3691180944442749,0.017335083335638046,0.2701130509376526
CY25-025_1-#5,57,63,early,0.5857911705970764,1.0771312713623047,1.1147087812423706,1.3064661026000977,1.3976688385009766,0.18686151504516602,0.15091589093208313,0.37670204043388367,0.02028348483145237,0.26523706316947937
CY25-025_1-#5,58,64,early,0.5883244872093201,1.1193596124649048,1.0966717004776,1.2941875457763672,1.3951396942138672,0.1906086951494217,0.14721816778182983,0.37216147780418396,0.019061928614974022,0.27094969153404236
CY25-025_1-#5,59,65,early,0.5772107839584351,0.9396517276763916,1.2339597940444946,1.330652117729187,1.4201549291610718,0.17907816171646118,0.18114250898361206,0.35782289505004883,0.02230188623070717,0.25965455174446106
CY25-025_1-#5,60,66,early,0.5870011448860168,1.1777985095977783,1.0824451446533203,1.2929611206054688,1.4036638736724854,0.19683946669101715,0.16923809051513672,0.3582705557346344,0.015660883858799934,0.25999099016189575
CY25-025_1-#5,61,67,early,0.5803782939910889,1.054947853088379,1.1888347864151,1.3154220581054688,1.4198377132415771,0.1826901137828827,0.19768953323364258,0.3410046696662903,0.017689360305666924,0.26092633605003357
CY25-025_1-#5,62,68,early,0.5743245482444763,0.8677682280540466,1.3160014152526855,1.33788001537323,1.44012451171875,0.1774102747440338,0.2046886831521988,0.3327455520629883,0.024991219863295555,0.2601642310619354
CY25-025_1-#5,63,69,early,0.5749489665031433,0.8270702958106995,1.318869709968567,1.340196967124939,1.4395408630371094,0.18141326308250427,0.17816895246505737,0.34820982813835144,0.02953604981303215,0.26267194747924805
CY25-025_1-#5,64,70,early,0.5899731516838074,1.2592294216156006,1.0240784883499146,1.2755334377288818,1.397001028060913,0.20554551482200623,0.16721069812774658,0.3563992977142334,0.012705491855740547,0.2581389844417572
CY25-025_1-#5,65,71,early,0.5829805135726929,1.0204187631607056,1.2139281034469604,1.315467119216919,1.4234874248504639,0.18369083106517792,0.17719122767448425,0.35119813680648804,0.022767862305045128,0.2651519179344177
CY25-025_1-#5,66,72,early,0.5735408067703247,0.8665429949760437,1.3216404914855957,1.3431066274642944,1.447037696838379,0.18353118002414703,0.20326176285743713,0.3334391713142395,0.027301037684082985,0.2524668574333191
CY25-025_1-#5,67,73,early,0.5693981647491455,0.8342657089233398,1.3250858783721924,1.350426435470581,1.4449712038040161,0.17698797583580017,0.22050410509109497,0.328152596950531,0.025401806458830833,0.24895350635051727
CY25-025_1-#5,68,74,early,0.5753890872001648,0.9199464321136475,1.2888648509979248,1.339810848236084,1.4437494277954102,0.1811634749174118,0.20663410425186157,0.33504703640937805,0.02607012912631035,0.25108522176742554
CY25-025_1-#5,69,75,early,0.5680156350135803,0.7258623838424683,1.3952690362930298,1.3549473285675049,1.4585546255111694,0.1768275946378708,0.21487221121788025,0.32418346405029297,0.03155270591378212,0.2525639832019806
CY25-025_1-#5,70,76,early,0.5677905082702637,0.7905093431472778,1.3667978048324585,1.3545498847961426,1.4566129446029663,0.18162837624549866,0.22969599068164825,0.3135334849357605,0.02785782888531685,0.24728429317474365
CY25-025_1-#5,71,77,early,0.573211669921875,0.8431328535079956,1.33333420753479,1.3463722467422485,1.451171875,0.18000607192516327,0.20006024837493896,0.3372356593608856,0.030573170632123947,0.2521249055862427
CY25-025_1-#5,72,80,early,0.5792058110237122,1.0107557773590088,1.220643162727356,1.3274365663528442,1.4348682165145874,0.19334907829761505,0.18175163865089417,0.34803256392478943,0.025171080604195595,0.2516956627368927
CY25-025_1-#5,73,81,early,0.5636646151542664,0.6190318465232849,1.4530365467071533,1.364563226699829,1.4758927822113037,0.1772126853466034,0.22453834116458893,0.31140658259391785,0.03808189556002617,0.24876044690608978
CY25-025_1-#5,74,82,early,0.5749905109405518,1.035478115081787,1.2246170043945312,1.3347318172454834,1.4426629543304443,0.19355124235153198,0.22899073362350464,0.318575918674469,0.021050380542874336,0.237831711769104
CY25-025_1-#5,75,83,early,0.5764753818511963,1.0537782907485962,1.2025291919708252,1.3277372121810913,1.4338417053222656,0.18982741236686707,0.2194056510925293,0.3258141279220581,0.01898345910012722,0.24596935510635376
CY25-025_1-#5,76,84,early,0.570777177810669,0.8729819059371948,1.3168314695358276,1.3501958847045898,1.4514751434326172,0.18256807327270508,0.21959930658340454,0.3254127502441406,0.027217993512749672,0.24520187079906464
CY25-025_1-#5,77,85,early,0.5662736296653748,0.8351224660873413,1.3336668014526367,1.3593589067459106,1.4567196369171143,0.18621091544628143,0.22895289957523346,0.32102853059768677,0.028298567980527878,0.23550912737846375
CY25-025_1-#5,78,86,early,0.5617284178733826,0.7381247282028198,1.3740500211715698,1.3686940670013428,1.4624226093292236,0.1836072951555252,0.23277637362480164,0.31993287801742554,0.03116738051176071,0.2325160801410675
CY25-025_1-#5,79,87,early,0.568186342716217,0.8297255635261536,1.3508915901184082,1.3580043315887451,1.4635238647460938,0.1879030168056488,0.22129446268081665,0.32175105810165405,0.03169070929288864,0.23736071586608887
CY25-025_1-#5,80,88,early,0.5692384839057922,0.8937176465988159,1.3231687545776367,1.3527921438217163,1.462759017944336,0.19760534167289734,0.22260311245918274,0.3171108365058899,0.02963283099234104,0.23304788768291473
CY25-025_1-#5,81,89,early,0.565760612487793,0.8532302975654602,1.3203541040420532,1.3605916500091553,1.4550691843032837,0.18541958928108215,0.2394525408744812,0.317165732383728,0.0270608551800251,0.23090122640132904
CY25-025_1-#5,82,90,early,0.5670974850654602,0.8003830909729004,1.3475064039230347,1.362307071685791,1.4651515483856201,0.19143541157245636,0.20568442344665527,0.3337327539920807,0.034939076751470566,0.23420830070972443
CY25-025_1-#5,83,91,early,0.5696837306022644,0.865004301071167,1.3191115856170654,1.3571722507476807,1.4621835947036743,0.19191762804985046,0.20656755566596985,0.33461669087409973,0.03345167264342308,0.23344647884368896
CY25-025_1-#5,84,92,early,0.5649888515472412,0.8437737822532654,1.3381307125091553,1.3622558116912842,1.4615577459335327,0.18613183498382568,0.2556646466255188,0.30056893825531006,0.02830498106777668,0.22932957112789154
CY25-025_1-#5,85,93,early,0.5627740621566772,0.6710611581802368,1.426498532295227,1.3704111576080322,1.479701042175293,0.18400168418884277,0.21965865790843964,0.32013076543807983,0.040587276220321655,0.2356216311454773
CY25-025_1-#5,86,94,early,0.56076580286026,0.6249827146530151,1.463593602180481,1.3729002475738525,1.4886621236801147,0.18530426919460297,0.24333098530769348,0.29613083600997925,0.04161263629794121,0.2336212694644928
CY25-025_1-#5,87,95,early,0.5706787109375,0.8756550550460815,1.3294551372528076,1.3539468050003052,1.4681471586227417,0.19924607872962952,0.20421969890594482,0.32809486985206604,0.03484727814793587,0.23359207808971405
CY25-025_1-#5,88,96,early,0.5617931485176086,0.6511663794517517,1.4480972290039062,1.371955394744873,1.4866175651550293,0.18678595125675201,0.23292025923728943,0.3050231337547302,0.04141621291637421,0.23385441303253174
CY25-025_1-#5,89,97,early,0.5685896873474121,0.8307217359542847,1.3609199523925781,1.3589155673980713,1.4723201990127563,0.19562774896621704,0.21526488661766052,0.3199397623538971,0.03533395379781723,0.23383362591266632
CY25-025_1-#5,90,98,early,0.5671012997627258,0.8824328184127808,1.3135530948638916,1.358957052230835,1.4650423526763916,0.19497939944267273,0.22187571227550507,0.3243441581726074,0.03219091519713402,0.22660979628562927
CY25-025_1-#5,91,99,early,0.5516570210456848,0.4949803352355957,1.4984545707702637,1.3820099830627441,1.4966351985931396,0.18808317184448242,0.26233845949172974,0.2865176796913147,0.045988116413354874,0.21707257628440857
CY25-025_1-#5,92,100,middle,0.5646504163742065,0.7100419998168945,1.4252206087112427,1.3688762187957764,1.487246036529541,0.18996982276439667,0.22020968794822693,0.3130955100059509,0.04293099045753479,0.23379404842853546
CY25-025_1-#5,93,101,middle,0.556074321269989,0.5677444934844971,1.483981966972351,1.3795980215072632,1.4983220100402832,0.18487998843193054,0.25186866521835327,0.2930868864059448,0.047532349824905396,0.22263213992118835
CY25-025_1-#5,94,102,middle,0.5570877194404602,0.6757996082305908,1.4228485822677612,1.3773019313812256,1.4806700944900513,0.1902959942817688,0.2564030885696411,0.2980962097644806,0.03757312521338463,0.21763160824775696
CY25-025_1-#5,95,103,middle,0.5586597323417664,0.7948552370071411,1.3682976961135864,1.3714842796325684,1.4731649160385132,0.1990838646888733,0.27333295345306396,0.2861584722995758,0.03291598707437515,0.2085086852312088
CY25-025_1-#5,96,106,middle,0.5615273118019104,0.6485807299613953,1.4590654373168945,1.373523473739624,1.4993630647659302,0.19634099304676056,0.22089922428131104,0.304642915725708,0.04814848676323891,0.2299683690071106
CY25-025_1-#5,97,107,middle,0.5544812083244324,0.5394322872161865,1.495835781097412,1.3806428909301758,1.5061404705047607,0.195485919713974,0.2430902123451233,0.2913478910923004,0.05068701133131981,0.21938900649547577
CY25-025_1-#5,98,108,middle,0.5543579459190369,0.5561935901641846,1.4891068935394287,1.3811798095703125,1.5003690719604492,0.19125066697597504,0.2662087678909302,0.2793387770652771,0.04740004241466522,0.21580177545547485
CY25-025_1-#5,99,109,middle,0.5414600372314453,0.44712531566619873,1.5222976207733154,1.3799829483032227,1.5036643743515015,0.23533354699611664,0.299835741519928,0.21497489511966705,0.04998839274048805,0.19986742734909058
CY25-025_1-#5,100,110,middle,0.5512714385986328,0.5858407020568848,1.4511380195617676,1.381495714187622,1.4823068380355835,0.1877739280462265,0.2847723364830017,0.27729010581970215,0.03898397460579872,0.2111796736717224
CY25-025_1-#5,101,111,middle,0.5597437024116516,0.6738096475601196,1.4475986957550049,1.3759533166885376,1.5040404796600342,0.20130932331085205,0.22592391073703766,0.3045128285884857,0.05083075538277626,0.21742317080497742
CY25-025_1-#5,102,112,middle,0.5645701289176941,0.8036233186721802,1.3841896057128906,1.3669075965881348,1.4912408590316772,0.20311813056468964,0.2217133343219757,0.3128904402256012,0.04418376460671425,0.21809428930282593
CY25-025_1-#5,103,113,middle,0.5522881746292114,0.4846203327178955,1.5245044231414795,1.3830469846725464,1.5172276496887207,0.19505321979522705,0.2463892102241516,0.28596121072769165,0.05789480358362198,0.21470150351524353
CY25-025_1-#5,104,114,middle,0.5581621527671814,0.776796281337738,1.3807501792907715,1.374184489250183,1.4794408082962036,0.1946725994348526,0.2724485993385315,0.2885885536670685,0.03687168285250664,0.2074185311794281
CY25-025_1-#5,105,115,middle,0.5535632371902466,0.6476132869720459,1.439197063446045,1.3809354305267334,1.488956093788147,0.18855290114879608,0.2806180715560913,0.2811216711997986,0.04292371869087219,0.20678363740444183
CY25-025_1-#5,106,116,middle,0.5510579943656921,0.48671287298202515,1.5246200561523438,1.383967399597168,1.5197601318359375,0.1983543485403061,0.2556001842021942,0.2794128656387329,0.05944669991731644,0.20718592405319214
CY25-025_1-#5,107,117,middle,0.5497934818267822,0.4785977602005005,1.5344760417938232,1.382781744003296,1.522623896598816,0.20475798845291138,0.25933074951171875,0.2699841856956482,0.06012514978647232,0.20580196380615234
CY25-025_1-#5,108,118,middle,0.5445874929428101,0.4925081431865692,1.4791431427001953,1.3829753398895264,1.4900941848754883,0.18791314959526062,0.3081930875778198,0.263237863779068,0.04715810716152191,0.19349780678749084
CY25-025_1-#5,109,119,middle,0.5479175448417664,0.4351559281349182,1.5356028079986572,1.3834917545318604,1.5191490650177002,0.1929721236228943,0.2818877100944519,0.2607001066207886,0.060738787055015564,0.20370128750801086
CY25-025_1-#5,110,120,middle,0.5506645441055298,0.5953019857406616,1.4661874771118164,1.3816633224487305,1.496131181716919,0.1961197555065155,0.286333292722702,0.2703760266304016,0.04646630585193634,0.2007046639919281
CY25-025_1-#5,111,121,middle,0.5500741004943848,0.5304008722305298,1.5017709732055664,1.3828645944595337,1.5089914798736572,0.19664618372917175,0.27785253524780273,0.2692115008831024,0.05338362604379654,0.20290619134902954
CY25-025_1-#5,112,122,middle,0.5574749708175659,0.6379980444908142,1.4761152267456055,1.38038170337677,1.518308401107788,0.19611845910549164,0.2380487620830536,0.29544833302497864,0.06013805419206619,0.21024644374847412
CY25-025_1-#5,113,123,middle,0.5448130369186401,0.4020303785800934,1.5317487716674805,1.3823068141937256,1.5118221044540405,0.1964176744222641,0.288982093334198,0.2592962980270386,0.05642673373222351,0.19887714087963104
CY25-025_1-#5,114,124,middle,0.5476415157318115,0.47738704085350037,1.5104730129241943,1.3830897808074951,1.5072991847991943,0.19363880157470703,0.2903614640235901,0.26195967197418213,0.053911272436380386,0.20012876391410828
CY25-025_1-#5,115,125,middle,0.5519766807556152,0.529203474521637,1.5191035270690918,1.3831959962844849,1.5215071439743042,0.20205077528953552,0.2634229063987732,0.27043095231056213,0.06014411151409149,0.20395126938819885
CY25-025_1-#5,116,126,middle,0.554547131061554,0.5698742866516113,1.514434814453125,1.3816585540771484,1.5266509056091309,0.20283418893814087,0.24776288866996765,0.27843111753463745,0.06350350379943848,0.20746828615665436
CY25-025_1-#5,117,127,middle,0.5493090748786926,0.5010911226272583,1.5114781856536865,1.382994532585144,1.5112836360931396,0.20014244318008423,0.2780335247516632,0.26645976305007935,0.0545291043817997,0.20083516836166382
CY25-025_1-#5,118,128,middle,0.5490871071815491,0.6032177805900574,1.4534910917282104,1.3817987442016602,1.491919994354248,0.19482040405273438,0.3064117431640625,0.25939902663230896,0.046998798847198486,0.1923699826002121
CY25-025_1-#5,119,129,middle,0.5533358454704285,0.6303233504295349,1.4813225269317627,1.3810837268829346,1.5154616832733154,0.20205029845237732,0.2760090231895447,0.26878589391708374,0.05788569152355194,0.19526910781860352
CY25-025_1-#5,120,132,middle,0.5400182604789734,0.380234956741333,1.5422836542129517,1.3769892454147339,1.5157992839813232,0.24762064218521118,0.3019406199455261,0.201023131608963,0.06186835095286369,0.1875472068786621
CY25-025_1-#5,121,133,middle,0.546565055847168,0.4555538594722748,1.5366514921188354,1.3811851739883423,1.5268620252609253,0.2043347954750061,0.28605005145072937,0.2520255744457245,0.06698249280452728,0.19060710072517395
CY25-025_1-#5,122,134,middle,0.5410379767417908,0.4030565023422241,1.55023992061615,1.3776774406433105,1.5251755714416504,0.24569663405418396,0.29741883277893066,0.20204228162765503,0.06829619407653809,0.18654608726501465
CY25-025_1-#5,123,135,middle,0.5505625009536743,0.5168011784553528,1.5380058288574219,1.3822718858718872,1.5333847999572754,0.2063084840774536,0.2627270519733429,0.26244157552719116,0.06846249103546143,0.2000604271888733
CY25-025_1-#5,124,136,middle,0.5388058423995972,0.5164755582809448,1.5464396476745605,1.3747892379760742,1.5305495262145996,0.2553718090057373,0.2871289849281311,0.20165568590164185,0.07197155058383942,0.18387190997600555
CY25-025_1-#5,125,137,middle,0.5321128964424133,0.668528139591217,1.5168207883834839,1.3650521039962769,1.5751672983169556,0.15639781951904297,0.3063651919364929,0.19696740806102753,0.1656440794467926,0.17462551593780518
CY25-025_1-#5,126,138,middle,0.5545875430107117,0.6412402391433716,1.4916918277740479,1.37709641456604,1.5280392169952393,0.21062177419662476,0.2568087875843048,0.27166640758514404,0.0648152306675911,0.1960877925157547
CY25-025_1-#5,127,139,middle,0.5412389039993286,0.5341646671295166,1.5527682304382324,1.3782881498336792,1.542201280593872,0.25846272706985474,0.23973670601844788,0.24086406826972961,0.07516442239284515,0.18577207624912262
CY25-025_1-#5,128,140,middle,0.5403879880905151,0.4243975877761841,1.539110541343689,1.377402663230896,1.5206823348999023,0.2506116032600403,0.29982370138168335,0.19983410835266113,0.06623946130275726,0.18349109590053558
CY25-025_1-#5,129,141,middle,0.5524837970733643,0.5796234607696533,1.520416021347046,1.3805005550384521,1.53611159324646,0.20916903018951416,0.26295846700668335,0.2627703547477722,0.07140149921178818,0.1937006264925003
CY25-025_1-#5,130,142,middle,0.5489801168441772,0.5335204601287842,1.5180847644805908,1.3818649053573608,1.5263267755508423,0.1994568556547165,0.28822875022888184,0.25438639521598816,0.06770112365484238,0.19022689759731293
CY25-025_1-#5,131,143,middle,0.5426769256591797,0.4235972762107849,1.5481584072113037,1.378830075263977,1.5272955894470215,0.20293331146240234,0.29236891865730286,0.24879112839698792,0.06904935091733932,0.18685726821422577
CY25-025_1-#5,132,144,middle,0.5388216972351074,0.5210145115852356,1.5415807962417603,1.3740482330322266,1.531740665435791,0.25843867659568787,0.2924133837223053,0.19424070417881012,0.07655651867389679,0.17835074663162231
CY25-025_1-#5,133,145,middle,0.5336647629737854,0.5975395441055298,1.5163726806640625,1.3654963970184326,1.519949197769165,0.2648029327392578,0.30023178458213806,0.19235661625862122,0.07043647766113281,0.1721721887588501
CY25-025_1-#5,134,146,middle,0.5497834086418152,0.7792196869850159,1.5238901376724243,1.3798243999481201,1.5815619230270386,0.20808295905590057,0.22353744506835938,0.2589225769042969,0.12119733542203903,0.18825970590114594
CY25-025_1-#5,135,147,middle,0.5416368246078491,0.45041030645370483,1.5433300733566284,1.3746554851531982,1.527994155883789,0.20957550406455994,0.3034718632698059,0.23684585094451904,0.07282181084156036,0.17728495597839355
CY25-025_1-#5,136,148,middle,0.5469201803207397,0.5604606866836548,1.5040185451507568,1.3751778602600098,1.5203009843826294,0.20572900772094727,0.2993251383304596,0.2474845051765442,0.06527724862098694,0.1821841299533844
CY25-025_1-#5,137,149,middle,0.5415233969688416,0.3962911367416382,1.5138431787490845,1.3767884969711304,1.5100346803665161,0.24470014870166779,0.32546982169151306,0.18875935673713684,0.06708677113056183,0.1739838719367981
CY25-025_1-#5,138,150,middle,0.5343625545501709,0.7589744329452515,1.525771141052246,1.3646695613861084,1.5683879852294922,0.26711565256118774,0.2589292526245117,0.18781426548957825,0.11762603372335434,0.16851475834846497
CY25-025_1-#5,139,151,middle,0.5391154885292053,0.6621118783950806,1.5471742153167725,1.3725013732910156,1.5785553455352783,0.2559562921524048,0.2527249753475189,0.19061370193958282,0.12722623348236084,0.17347879707813263
CY25-025_1-#5,140,152,middle,0.5393733978271484,0.6063098907470703,1.5370012521743774,1.3725391626358032,1.5754034519195557,0.19959601759910583,0.29932868480682373,0.19068415462970734,0.13964122533798218,0.17074993252754211
CY25-025_1-#5,141,153,middle,0.5324366092681885,0.8157175779342651,1.5113598108291626,1.3594155311584473,1.5776599645614624,0.2609555125236511,0.25629180669784546,0.18501658737659454,0.13601423799991608,0.16172176599502563
CY25-025_1-#5,142,154,middle,0.5454444885253906,0.5421255826950073,1.504500150680542,1.3756619691848755,1.5183470249176025,0.20621946454048157,0.3102664351463318,0.23998147249221802,0.06689240038394928,0.17664027214050293
CY25-025_1-#5,143,155,middle,0.5363406538963318,0.7342780232429504,1.5377694368362427,1.3666666746139526,1.5824847221374512,0.2460625171661377,0.2579142451286316,0.19041138887405396,0.13546474277973175,0.1701470911502838
CY25-025_1-#5,144,158,middle,0.5438269972801208,0.7562994956970215,1.532841444015503,1.375020980834961,1.5905134677886963,0.20699262619018555,0.24076935648918152,0.23659458756446838,0.13942933082580566,0.1762140840291977
CY25-025_1-#5,145,159,middle,0.5244795680046082,0.72548907995224,1.4813618659973145,1.3420909643173218,1.560194969177246,0.17249242961406708,0.3321012258529663,0.17467540502548218,0.17193779349327087,0.14879316091537476
CY25-025_1-#5,146,160,middle,0.5315721035003662,0.43982017040252686,1.4816067218780518,1.3606913089752197,1.4906896352767944,0.24423477053642273,0.3552998900413513,0.17701295018196106,0.06809958815574646,0.15535280108451843
CY25-025_1-#5,147,161,middle,0.5373315811157227,0.7376812696456909,1.5263066291809082,1.3652703762054443,1.5797699689865112,0.2558756470680237,0.2581613063812256,0.181563138961792,0.13748571276664734,0.1669142246246338
CY25-025_1-#5,148,162,middle,0.5274149179458618,0.6195358037948608,1.5006904602050781,1.3454663753509521,1.5076408386230469,0.26700761914253235,0.32825952768325806,0.1764010637998581,0.0772409662604332,0.1510908454656601
CY25-025_1-#5,149,163,middle,0.5311183929443359,0.5761173963546753,1.5101878643035889,1.3550057411193848,1.5135533809661865,0.26826438307762146,0.32073360681533813,0.1771366000175476,0.07882270216941833,0.1550426483154297
CY25-025_1-#5,150,164,middle,0.5356566309928894,0.7600097060203552,1.5093903541564941,1.361473798751831,1.5858150720596313,0.24587710201740265,0.25955650210380554,0.1778755635023117,0.15767213702201843,0.1590186357498169
CY25-025_1-#5,151,165,middle,0.5401850938796997,0.6087483763694763,1.535299301147461,1.3683977127075195,1.5734643936157227,0.20646336674690247,0.30190587043762207,0.1834106743335724,0.1399558037519455,0.1682642698287964
CY25-025_1-#5,152,166,middle,0.5374156832695007,0.8057647943496704,1.502500295639038,1.3663088083267212,1.5871264934539795,0.25081026554107666,0.25112345814704895,0.18050765991210938,0.15352582931518555,0.16403277218341827
CY25-025_1-#5,153,167,middle,0.53566575050354,0.8853287696838379,1.462307095527649,1.3621540069580078,1.5848957300186157,0.2600705027580261,0.24853742122650146,0.1706182062625885,0.16529913246631622,0.15547475218772888
CY25-025_1-#5,154,168,middle,0.5333607792854309,0.8245874643325806,1.4955332279205322,1.355690360069275,1.5835615396499634,0.2510841488838196,0.2599089741706848,0.1753082275390625,0.15735675394535065,0.15634192526340485
CY25-025_1-#5,155,169,middle,0.5235466957092285,0.6570978760719299,1.492294192314148,1.331782341003418,1.4861505031585693,0.26527297496795654,0.2891036570072174,0.1702929586172104,0.2326279580593109,0.04270239174365997
CY25-025_1-#5,156,170,middle,0.5339884757995605,0.8831632137298584,1.4731230735778809,1.358274221420288,1.5825464725494385,0.2590440511703491,0.25479063391685486,0.1720813363790512,0.15829551219940186,0.15578854084014893
CY25-025_1-#5,157,171,middle,0.5322906374931335,0.7958580851554871,1.5004544258117676,1.3535569906234741,1.575873851776123,0.2561134696006775,0.27040743827819824,0.17086264491081238,0.1508774608373642,0.1517390012741089
CY25-025_1-#5,158,172,middle,0.531945526599884,0.8642142415046692,1.4788904190063477,1.3522412776947021,1.575524091720581,0.2655274569988251,0.2616536617279053,0.17210653424263,0.15102766454219818,0.14968466758728027
CY25-025_1-#5,159,173,middle,0.5197884440422058,0.9478330612182617,1.4478750228881836,1.3201245069503784,1.5729111433029175,0.1856711208820343,0.28702473640441895,0.16201098263263702,0.23275567591190338,0.13253745436668396
CY25-025_1-#5,160,174,middle,0.5265991687774658,0.9128732681274414,1.4704110622406006,1.3392236232757568,1.5660583972930908,0.2678271532058716,0.27595680952072144,0.16852645576000214,0.14322355389595032,0.14446602761745453
CY25-025_1-#5,161,175,middle,0.536424994468689,0.5728452801704407,1.5240553617477417,1.3591997623443604,1.556394338607788,0.20894604921340942,0.32652953267097473,0.17284655570983887,0.1327783763408661,0.15889950096607208
CY25-025_1-#5,162,176,middle,0.5243948698043823,0.5526018142700195,1.4788708686828613,1.3333051204681396,1.4856271743774414,0.25593411922454834,0.36279720067977905,0.1653415858745575,0.07662203907966614,0.13930508494377136
CY25-025_1-#5,163,177,middle,0.5283929109573364,0.9235736131668091,1.459704041481018,1.340647578239441,1.5769035816192627,0.2528325319290161,0.27071040868759155,0.16670870780944824,0.1664862036705017,0.1432620882987976
CY25-025_1-#5,164,178,middle,0.5337300300598145,0.7791540622711182,1.486352801322937,1.3513826131820679,1.5783350467681885,0.251705527305603,0.26977068185806274,0.1654784381389618,0.16606205701828003,0.14698325097560883
CY25-025_1-#5,165,179,middle,0.5249739289283752,0.9336254000663757,1.456388235092163,1.3317925930023193,1.5575629472732544,0.2771846354007721,0.28031790256500244,0.16490204632282257,0.13881488144397736,0.1387805938720703
CY25-025_1-#5,166,180,middle,0.521207332611084,0.7369214296340942,1.4419991970062256,1.3168443441390991,1.4672061204910278,0.28446048498153687,0.2914888858795166,0.15431924164295197,0.2324024736881256,0.03732890635728836
CY25-025_1-#5,167,181,middle,0.5241897702217102,0.9271645545959473,1.4523296356201172,1.3241021633148193,1.5594748258590698,0.2689169943332672,0.2857462167739868,0.1560911238193512,0.15571564435958862,0.13352999091148376
CY25-025_1-#5,168,184,middle,0.521518886089325,0.8720800280570984,1.3770440816879272,1.3153934478759766,1.4634041786193848,0.2601375877857208,0.2708843946456909,0.15035691857337952,0.283760666847229,0.034860409796237946
CY25-025_1-#5,169,185,middle,0.5253919959068298,1.0257139205932617,1.3916212320327759,1.3248077630996704,1.562881350517273,0.2778267562389374,0.26775240898132324,0.14983759820461273,0.1749969869852066,0.12958627939224243
CY25-025_1-#5,170,186,middle,0.5253587961196899,0.8207842707633972,1.3714327812194824,1.3241562843322754,1.4556639194488525,0.23632726073265076,0.2715822160243988,0.15202738344669342,0.30739685893058777,0.032666247338056564
CY25-025_1-#5,171,187,middle,0.5229427814483643,0.8811031579971313,1.3332608938217163,1.3123054504394531,1.4447877407073975,0.2544744610786438,0.27030616998672485,0.14105355739593506,0.3044106960296631,0.029755160212516785
CY25-025_1-#5,172,188,middle,0.5193147659301758,0.8170163631439209,1.4037408828735352,1.3155385255813599,1.4622617959976196,0.2672463655471802,0.2804329991340637,0.14972083270549774,0.26826438307762146,0.0343354307115078
CY25-025_1-#5,173,189,middle,0.5304480791091919,0.9866867065429688,1.3657100200653076,1.3316494226455688,1.5759963989257812,0.2397409826517105,0.26223868131637573,0.14872750639915466,0.2169335037469864,0.1323593258857727
CY25-025_1-#5,174,190,middle,0.51506507396698,0.9126173257827759,1.3429114818572998,1.2933404445648193,1.4437295198440552,0.2843354642391205,0.2835830748081207,0.13608664274215698,0.2660426199436188,0.02995222434401512
CY25-025_1-#5,175,191,middle,0.5119855999946594,0.9427106380462646,1.329131841659546,1.2841856479644775,1.4421193599700928,0.29176411032676697,0.2855795919895172,0.13380581140518188,0.2585449814796448,0.03030545823276043
CY25-025_1-#5,176,192,middle,0.5163797736167908,0.803503155708313,1.4094184637069702,1.3019647598266602,1.4554755687713623,0.2781660854816437,0.29234594106674194,0.14385949075222015,0.2521640956401825,0.03346439450979233
CY25-025_1-#5,177,193,middle,0.5179303884506226,1.00308096408844,1.2568997144699097,1.3011248111724854,1.4330108165740967,0.2606407701969147,0.2631889581680298,0.13504497706890106,0.31429779529571533,0.026827523484826088
CY25-025_1-#5,178,194,middle,0.5133333802223206,0.9832125902175903,1.2852463722229004,1.280446171760559,1.427872657775879,0.2687297463417053,0.2811652421951294,0.12625056505203247,0.29740530252456665,0.026449155062437057
CY25-025_1-#5,179,195,middle,0.5148104429244995,0.9706381559371948,1.286110758781433,1.283301830291748,1.4270708560943604,0.27365541458129883,0.27971819043159485,0.1259734332561493,0.2945829927921295,0.026069991290569305
CY25-025_1-#5,180,196,middle,0.5138504505157471,1.0102043151855469,1.2656056880950928,1.2810624837875366,1.4266126155853271,0.2637089490890503,0.2774069011211395,0.12719452381134033,0.3057171404361725,0.025972489267587662
CY25-025_1-#5,181,197,middle,0.5160359740257263,0.8029398918151855,1.398803472518921,1.2945795059204102,1.4451667070388794,0.2623741626739502,0.2979559898376465,0.1364172101020813,0.2723886966705322,0.030863897874951363
CY25-025_1-#5,182,198,middle,0.51778644323349,0.9310718774795532,1.2980408668518066,1.2912852764129639,1.4279083013534546,0.25037676095962524,0.2794676125049591,0.1287297010421753,0.3145523965358734,0.026873506605625153
CY25-025_1-#5,183,199,middle,0.5253446102142334,0.8989574909210205,1.2911021709442139,1.3044192790985107,1.441938877105713,0.23503512144088745,0.2733263075351715,0.04124913737177849,0.3349755108356476,0.11541392654180527
CY25-025_1-#5,184,200,late,0.518555223941803,0.8777910470962524,1.3303031921386719,1.2972317934036255,1.4324924945831299,0.2586458623409271,0.2825293242931366,0.13074904680252075,0.3007929027080536,0.027282875031232834
CY25-025_1-#5,185,201,late,0.5179587006568909,0.8798340559005737,1.309206247329712,1.289952039718628,1.4224493503570557,0.24402904510498047,0.2859193682670593,0.12635621428489685,0.3178139328956604,0.02588142454624176
CY25-025_1-#5,186,202,late,0.516573965549469,0.8651111125946045,1.332053303718567,1.2852580547332764,1.4272515773773193,0.24510200321674347,0.2886790931224823,0.12584476172924042,0.3125673234462738,0.027806831523776054
CY25-025_1-#5,187,203,late,0.5215976238250732,0.8612480759620667,1.2956445217132568,1.2904770374298096,1.4186382293701172,0.24171388149261475,0.2819514870643616,0.12506714463233948,0.32595860958099365,0.025308910757303238
CY25-025_1-#5,188,204,late,0.5069134831428528,1.0683786869049072,1.2323906421661377,1.2582327127456665,1.4140100479125977,0.2732934355735779,0.28471750020980835,0.11962825059890747,0.2993704676628113,0.022990399971604347
CY25-025_1-#5,189,205,late,0.5137003660202026,0.9473772048950195,1.28329598903656,1.280547022819519,1.419335126876831,0.25531506538391113,0.2827228605747223,0.12223783135414124,0.3144771158695221,0.025247110053896904
CY25-025_1-#5,190,206,late,0.516413688659668,0.8728927373886108,1.3168692588806152,1.2869720458984375,1.422864556312561,0.24047717452049255,0.2887614369392395,0.12581083178520203,0.3184288442134857,0.026521680876612663
CY25-025_1-#5,191,207,late,0.5048419237136841,1.0737354755401611,1.2299187183380127,1.2434978485107422,1.4089398384094238,0.2835817337036133,0.2898251712322235,0.11264301836490631,0.2906801700592041,0.023269876837730408
CY25-025_1-#5,192,210,late,0.5118304491043091,0.9317047595977783,1.314725637435913,1.263990879058838,1.4197638034820557,0.2808683514595032,0.2964814007282257,0.1178930401802063,0.2789204716682434,0.025836706161499023
CY25-025_1-#5,193,211,late,0.5151640176773071,0.9401766657829285,1.2716950178146362,1.2729419469833374,1.4098819494247437,0.25033849477767944,0.2874322533607483,0.1171034723520279,0.3213651180267334,0.02376074530184269
CY25-025_1-#5,194,212,late,0.5096796751022339,1.0540547370910645,1.2112334966659546,1.2555888891220093,1.4013738632202148,0.26212048530578613,0.2840510308742523,0.1121390163898468,0.3200637400150299,0.02162579447031021
CY25-025_1-#5,195,213,late,0.5085720419883728,0.945081353187561,1.3093599081039429,1.2557377815246582,1.4148839712142944,0.2557763457298279,0.30269643664360046,0.11632461100816727,0.2999190390110016,0.02528354525566101
CY25-025_1-#5,196,214,late,0.5118999481201172,1.0638213157653809,1.1662932634353638,1.260199785232544,1.3887765407562256,0.2356172800064087,0.2806350588798523,0.11204031854867935,0.3515068292617798,0.020200563594698906
CY25-025_1-#5,197,215,late,0.5101656317710876,1.054058313369751,1.1960877180099487,1.257063388824463,1.3961997032165527,0.24515843391418457,0.28357023000717163,0.11218225955963135,0.3377350866794586,0.02135404944419861
CY25-025_1-#5,198,216,late,0.5036849975585938,1.1352803707122803,1.1514620780944824,1.2330199480056763,1.3857744932174683,0.2553591728210449,0.28597649931907654,0.10587549209594727,0.3338254690170288,0.018963394686579704
CY25-025_1-#5,199,217,late,0.5052239298820496,1.1104110479354858,1.15447199344635,1.2376686334609985,1.3816630840301514,0.23350419104099274,0.2877025604248047,0.10739273577928543,0.35201674699783325,0.019383806735277176
CY25-025_1-#5,200,218,late,0.5093978047370911,1.0449808835983276,1.1694746017456055,1.2464019060134888,1.3789002895355225,0.23402220010757446,0.28870320320129395,0.10430262982845306,0.353401243686676,0.019570758566260338
CY25-025_1-#5,201,219,late,0.5079852342605591,1.0219027996063232,1.2302095890045166,1.2421917915344238,1.3936575651168823,0.2554517388343811,0.2961120903491974,0.10628718137741089,0.32096385955810547,0.02118510939180851
CY25-025_1-#5,202,220,late,0.5004688501358032,1.086545705795288,1.213709831237793,1.215091347694397,1.387434720993042,0.2613118290901184,0.3041386902332306,0.10177670419216156,0.3126237392425537,0.02014906145632267
CY25-025_1-#5,203,221,late,0.5115799307823181,1.0753973722457886,1.0727534294128418,1.248971700668335,1.3522980213165283,0.20805957913398743,0.2825619876384735,0.10169238597154617,0.3908013105392456,0.016884736716747284
CY25-025_1-#5,204,222,late,0.5039102435112,1.1291568279266357,1.1269229650497437,1.2279895544052124,1.3706450462341309,0.2357928603887558,0.2894665598869324,0.10144031047821045,0.3556291460990906,0.017671121284365654
CY25-025_1-#5,205,223,late,0.5052505135536194,1.1201244592666626,1.1185439825057983,1.2277531623840332,1.366180419921875,0.22668269276618958,0.2892637252807617,0.10032222419977188,0.36570945382118225,0.018021857365965843
CY25-025_1-#5,206,224,late,0.49783575534820557,1.1753463745117188,1.1286909580230713,1.1964503526687622,1.367706060409546,0.25422289967536926,0.2993484437465668,0.09459526091814041,0.3349027931690216,0.016930589452385902
CY25-025_1-#5,207,225,late,0.499803751707077,1.1692781448364258,1.1025781631469727,1.203758955001831,1.3589560985565186,0.23818236589431763,0.2960669696331024,0.09420426189899445,0.3553858697414398,0.0161605067551136
CY25-025_1-#5,208,226,late,0.4977961480617523,1.2260785102844238,1.0260473489761353,1.1920239925384521,1.3392212390899658,0.2258942723274231,0.29230955243110657,0.08993418514728546,0.37801098823547363,0.013850906863808632
CY25-025_1-#5,209,227,late,0.5097142457962036,1.1044851541519165,1.001620888710022,1.2374272346496582,1.3289240598678589,0.19749030470848083,0.283387690782547,0.0953122079372406,0.40925294160842896,0.014556829817593098
CY25-025_1-#5,210,228,late,0.4925810396671295,1.2242376804351807,1.0970535278320312,1.1711515188217163,1.3565800189971924,0.25981247425079346,0.3028777539730072,0.08873964846134186,0.33341309428215027,0.015157033689320087
CY25-025_1-#5,211,229,late,0.4954136908054352,1.148166298866272,1.1629040241241455,1.1837648153305054,1.3675779104232788,0.26679766178131104,0.30800455808639526,0.0908118337392807,0.31704872846603394,0.01733718067407608
CY25-025_1-#5,212,230,late,0.49865174293518066,1.227553129196167,1.0209769010543823,1.1854166984558105,1.3356077671051025,0.23458357155323029,0.2945309579372406,0.08578707277774811,0.37196293473243713,0.013135462999343872
CY25-025_1-#5,213,231,late,0.49857524037361145,1.1945923566818237,1.082173466682434,1.192060947418213,1.3532795906066895,0.24450469017028809,0.2967253625392914,0.09033572673797607,0.3532412052154541,0.015193100087344646
CY25-025_1-#5,214,232,late,0.49892252683639526,1.107421636581421,1.1804357767105103,1.1902387142181396,1.3674317598342896,0.2632257044315338,0.3092615604400635,0.09056538343429565,0.3193419873714447,0.017605304718017578
CY25-025_1-#5,215,233,late,0.49595192074775696,1.2260537147521973,1.0490351915359497,1.1868224143981934,1.345916986465454,0.2386929988861084,0.2939067482948303,0.08917906135320663,0.363942414522171,0.01427877601236105
CY25-025_1-#5,216,236,late,0.5009127259254456,1.1575796604156494,1.0850417613983154,1.1978716850280762,1.3460347652435303,0.23134267330169678,0.2990155518054962,0.08900635689496994,0.36556822061538696,0.015067189931869507
CY25-025_1-#5,217,237,late,0.49626877903938293,1.2108750343322754,1.0482189655303955,1.1747932434082031,1.3353357315063477,0.23566678166389465,0.3015911281108856,0.08356084674596786,0.36574143171310425,0.013439838774502277
CY25-025_1-#5,218,238,late,0.4967535734176636,1.255784034729004,0.9207847714424133,1.1756222248077393,1.2981306314468384,0.19111067056655884,0.29583725333213806,0.08303625881671906,0.4187884032726288,0.011227436363697052
CY25-025_1-#5,219,239,late,0.4928175210952759,1.282036304473877,0.972471296787262,1.1563668251037598,1.3162479400634766,0.21766361594200134,0.29940110445022583,0.08124535530805588,0.38997161388397217,0.01171829178929329
CY25-025_1-#5,220,240,late,0.49366775155067444,1.2982368469238281,0.8982796669006348,1.1579079627990723,1.2931623458862305,0.1967017948627472,0.2959650754928589,0.07945762574672699,0.4175894260406494,0.010286080650985241
CY25-025_1-#5,221,241,late,0.49265071749687195,1.2625669240951538,0.9979332089424133,1.1552038192749023,1.3200616836547852,0.23091131448745728,0.3019234836101532,0.07868330925703049,0.3767307996749878,0.011751102283596992
CY25-025_1-#5,222,242,late,0.5009726285934448,1.2432544231414795,0.8146872520446777,1.1850996017456055,1.2659376859664917,0.17158082127571106,0.2904748022556305,0.07894617319107056,0.44942376017570496,0.009574404917657375
CY25-025_1-#5,223,243,late,0.4907684028148651,1.2828314304351807,0.9772118330001831,1.1394047737121582,1.309390664100647,0.21795952320098877,0.30716127157211304,0.07688729465007782,0.38684388995170593,0.011147964745759964
CY25-025_1-#5,224,244,late,0.49779650568962097,1.1786173582077026,0.9984752535820007,1.1672039031982422,1.3046560287475586,0.19759970903396606,0.3077147305011749,0.07825971394777298,0.4035643935203552,0.01286141388118267
CY25-025_1-#5,225,245,late,0.4943028390407562,1.2801949977874756,0.8524776101112366,1.1474863290786743,1.2659595012664795,0.17747098207473755,0.30200523138046265,0.0734046921133995,0.4376389980316162,0.009480063803493977
CY25-025_1-#5,226,246,late,0.48860612511634827,1.2242586612701416,1.0887134075164795,1.1360819339752197,1.3345654010772705,0.26062387228012085,0.3155434727668762,0.07636800408363342,0.3341739773750305,0.013290666043758392
CY25-025_1-#5,227,247,late,0.48818108439445496,1.2651965618133545,1.032047986984253,1.1314537525177002,1.322180986404419,0.23209716379642487,0.31070852279663086,0.07673101127147675,0.36786407232284546,0.012599213980138302
CY25-025_1-#5,228,248,late,0.49362313747406006,1.3098957538604736,0.8139932155609131,1.1394462585449219,1.2582757472991943,0.1747036576271057,0.3029484152793884,0.07239677757024765,0.4414210319519043,0.00853006076067686
CY25-025_1-#5,229,249,late,0.489671915769577,1.298377513885498,0.9335049986839294,1.1280183792114258,1.2913727760314941,0.2046196013689041,0.3075524568557739,0.0729251429438591,0.40462732315063477,0.010275409556925297
CY25-025_1-#5,230,250,late,0.48030954599380493,1.3585405349731445,0.9481513500213623,1.08100426197052,1.2932084798812866,0.22349610924720764,0.3160179853439331,0.06749918311834335,0.38333797454833984,0.009648737497627735
CY25-025_1-#5,231,251,late,0.485335111618042,1.310600757598877,0.9686182737350464,1.1033830642700195,1.2973682880401611,0.22310656309127808,0.3147376775741577,0.06864423304796219,0.3831382393836975,0.010373251512646675
CY25-025_1-#5,232,252,late,0.4870612919330597,1.347459077835083,0.8687844276428223,1.1060867309570312,1.27048921585083,0.19195900857448578,0.3091279864311218,0.06908812373876572,0.4209584593772888,0.008866492658853531
CY25-025_1-#5,233,253,late,0.4902123510837555,1.3129792213439941,0.8364197015762329,1.1228630542755127,1.2589216232299805,0.17839010059833527,0.30805665254592896,0.069454126060009,0.4353633522987366,0.008735810406506062
CY25-025_1-#5,234,254,late,0.47822141647338867,1.3922903537750244,0.9088956117630005,1.068673849105835,1.283703327178955,0.2206234633922577,0.31448808312416077,0.06555779278278351,0.3907950818538666,0.008535586297512054
CY25-025_1-#5,235,255,late,0.48473110795021057,1.3840663433074951,0.751586377620697,1.0866340398788452,1.2279417514801025,0.16522948443889618,0.3110836148262024,0.06358955800533295,0.4534374475479126,0.0066600083373487
CY25-025_1-#5,236,256,late,0.48341718316078186,1.3922803401947021,0.7663298845291138,1.0856139659881592,1.2335553169250488,0.1660528928041458,0.31002309918403625,0.0654551088809967,0.4514387249946594,0.007030240260064602
CY25-025_1-#5,237,257,late,0.48601266741752625,1.3859317302703857,0.6930517554283142,1.0909628868103027,1.206852674484253,0.1496676504611969,0.30783966183662415,0.06303378194570541,0.473236620426178,0.006222225725650787
CY25-025_1-#5,238,258,late,0.48250967264175415,1.3743064403533936,0.8428583145141602,1.0768334865570068,1.2547602653503418,0.189120352268219,0.3148418068885803,0.06302334368228912,0.4251521825790405,0.007862321101129055
CY25-025_1-#5,239,259,late,0.46825265884399414,1.4449851512908936,0.9414077997207642,1.009602665901184,1.293630599975586,0.2761786878108978,0.3240301012992859,0.05919026583433151,0.33232444524765015,0.008276444859802723
CY25-025_1-#5,240,262,late,0.4774121046066284,1.3573391437530518,0.9787343740463257,1.05126953125,1.2906877994537354,0.23205134272575378,0.32612451910972595,0.062340814620256424,0.3696598410606384,0.009823470376431942
CY25-025_1-#5,241,263,late,0.4873267114162445,1.3476966619491577,0.7594826221466064,1.0933014154434204,1.224778175354004,0.163993239402771,0.3115467429161072,0.06143360584974289,0.45584189891815186,0.007184440735727549
CY25-025_1-#5,242,264,late,0.4821108877658844,1.398121953010559,0.7543668150901794,1.059390902519226,1.2206779718399048,0.16841387748718262,0.31723785400390625,0.05802248418331146,0.450020432472229,0.0063053942285478115
CY25-025_1-#5,243,265,late,0.4734500050544739,1.411105751991272,0.8848804235458374,1.0312507152557373,1.2605879306793213,0.20429658889770508,0.3228415250778198,0.058806467801332474,0.4060792624950409,0.007976186461746693
CY25-025_1-#5,244,266,late,0.47494953870773315,1.4263334274291992,0.8228294849395752,1.037123680114746,1.2444661855697632,0.19077150523662567,0.31927943229675293,0.05844498053193092,0.4246317744255066,0.0068723103031516075
CY25-025_1-#5,245,267,late,0.4649137556552887,1.4596328735351562,0.9325634837150574,0.9880114793777466,1.2838817834854126,0.2610449194908142,0.3275095522403717,0.05637536197900772,0.3471556305885315,0.00791459996253252
CY25-025_1-#5,246,268,late,0.47066280245780945,1.4500706195831299,0.826209306716919,1.0053163766860962,1.2378900051116943,0.19049213826656342,0.3255784213542938,0.05492012947797775,0.4223741292953491,0.006635166238993406
CY25-025_1-#5,247,269,late,0.47104135155677795,1.4303951263427734,0.8904908299446106,1.0061712265014648,1.2604546546936035,0.2231280505657196,0.32724544405937195,0.05375191196799278,0.3886117935180664,0.007262896280735731
CY25-025_1-#5,248,270,late,0.4804239273071289,1.397343635559082,0.7290228605270386,1.041386365890503,1.2009527683258057,0.15515802800655365,0.3221394121646881,0.05436745658516884,0.46204674243927,0.006288412492722273
CY25-025_1-#5,249,271,late,0.4620988965034485,1.5029191970825195,0.878595232963562,0.9630937576293945,1.265759825706482,0.24102750420570374,0.32831960916519165,0.0535748153924942,0.3706413209438324,0.0064367689192295074
CY25-025_1-#5,250,272,late,0.4723799526691437,1.4705277681350708,0.6978396773338318,1.014958143234253,1.197431206703186,0.15920907258987427,0.3188212513923645,0.05417511612176895,0.46292343735694885,0.004871172830462456
CY25-025_1-#5,251,273,late,0.47385790944099426,1.4664987325668335,0.6074639558792114,1.0135607719421387,1.1574726104736328,0.12879987061023712,0.3202134072780609,0.05290563032031059,0.49346840381622314,0.00461273780092597
CY25-025_1-#5,252,274,late,0.4736645221710205,1.4617228507995605,0.6702548265457153,1.0078699588775635,1.1809020042419434,0.1470348834991455,0.3230106234550476,0.05185037478804588,0.4731103777885437,0.004993794485926628
CY25-025_1-#5,253,275,late,0.4719716012477875,1.4850609302520752,0.6220358610153198,0.9874215126037598,1.1593983173370361,0.13808727264404297,0.32498520612716675,0.048377685248851776,0.4843304455280304,0.004219423979520798
CY25-025_1-#5,254,276,late,0.47061821818351746,1.4665125608444214,0.69737309217453,0.977353036403656,1.179690957069397,0.1537361592054367,0.3298845887184143,0.04661901295185089,0.4646623730659485,0.005097875837236643
CY25-025_1-#5,255,277,late,0.46232369542121887,1.5167983770370483,0.7517901659011841,0.9426541924476624,1.2021573781967163,0.17449134588241577,0.33149462938308716,0.04714813083410263,0.4418432116508484,0.005022677127271891
CY25-025_1-#5,256,278,late,0.46908697485923767,1.488123893737793,0.6350424885749817,0.9689935445785522,1.1558170318603516,0.13772115111351013,0.32864636182785034,0.04588821530342102,0.48326173424720764,0.00448252959176898
CY25-025_1-#5,257,279,late,0.46517032384872437,1.4788293838500977,0.7482494115829468,0.9507814049720764,1.1887085437774658,0.16155074536800385,0.3347635567188263,0.04531814157962799,0.4528005123138428,0.005567037500441074
CY25-025_1-#5,258,280,late,0.459214448928833,1.524980068206787,0.7580084800720215,0.9190645217895508,1.198201060295105,0.1820105016231537,0.334679514169693,0.0426371730864048,0.43594425916671753,0.004728507716208696
CY25-025_1-#5,259,281,late,0.45705646276474,1.549378752708435,0.6439707279205322,0.9176986813545227,1.1529664993286133,0.13869324326515198,0.33046942949295044,0.044632360339164734,0.48210132122039795,0.004103640094399452
CY25-025_1-#5,260,282,late,0.4591081738471985,1.5394184589385986,0.7367074489593506,0.9106730818748474,1.1910334825515747,0.17371775209903717,0.3361617922782898,0.0428432859480381,0.44266945123672485,0.00460770633071661
CY25-025_1-#5,261,283,late,0.46930599212646484,1.496362566947937,0.5100312829017639,0.9642424583435059,1.1076098680496216,0.11181290447711945,0.32807469367980957,0.04303382337093353,0.5136584043502808,0.003420172492042184
CY25-025_1-#5,262,284,late,0.4552081227302551,1.5704874992370605,0.6535872220993042,0.8784453272819519,1.151379108428955,0.14854513108730316,0.33869412541389465,0.038886599242687225,0.47025057673454285,0.0036235477309674025
CY25-025_1-#5,263,285,late,0.4527115821838379,1.561227560043335,0.7787410020828247,0.8788519501686096,1.2037861347198486,0.19175800681114197,0.33917972445487976,0.04108574986457825,0.4232502281665802,0.004726299550384283
CY25-025_1-#5,264,288,late,0.4593047499656677,1.5400002002716064,0.6727705001831055,0.9136070013046265,1.1632663011550903,0.15211984515190125,0.33399122953414917,0.04184533655643463,0.4679775536060333,0.004066005814820528
CY25-025_1-#5,265,289,late,0.45587244629859924,1.5753816366195679,0.5637374520301819,0.8822981119155884,1.1149954795837402,0.1228075698018074,0.3371567726135254,0.03876124694943428,0.4982004761695862,0.003073984757065773
CY25-025_1-#5,266,290,late,0.46094590425491333,1.5226926803588867,0.6553112864494324,0.9128893613815308,1.148869276046753,0.1408044397830963,0.33772605657577515,0.04041630029678345,0.4767608046531677,0.004292418248951435
CY25-025_1-#5,267,291,late,0.4562082588672638,1.5741713047027588,0.5808650851249695,0.8760339021682739,1.1199064254760742,0.1287716031074524,0.33832183480262756,0.03727051243185997,0.49253910779953003,0.003096930216997862
CY25-025_1-#5,268,292,late,0.4470396637916565,1.6047446727752686,0.746548056602478,0.8363099098205566,1.1913541555404663,0.19311031699180603,0.34083449840545654,0.03716467693448067,0.42514491081237793,0.0037456194404512644
CY25-025_1-#5,269,293,late,0.4542465806007385,1.5745433568954468,0.6790080666542053,0.8672144412994385,1.160217046737671,0.15853634476661682,0.34060049057006836,0.037627216428518295,0.4595475196838379,0.00368845509365201
CY25-025_1-#5,270,294,late,0.45726317167282104,1.5617139339447021,0.5875043869018555,0.8820105791091919,1.1211626529693604,0.1288900226354599,0.3388660252094269,0.03716760128736496,0.49174895882606506,0.0033274064771831036
CY25-025_1-#5,271,295,late,0.4548921585083008,1.5888478755950928,0.5045360326766968,0.8554863929748535,1.0855951309204102,0.11134497076272964,0.3415408730506897,0.03432106971740723,0.5102465152740479,0.0025465497747063637
CY25-025_1-#5,272,296,late,0.4496522545814514,1.5979275703430176,0.6166725158691406,0.8459752798080444,1.1297569274902344,0.13707159459590912,0.3406362235546112,0.036313433200120926,0.48274359107017517,0.003235133830457926
CY25-025_1-#5,273,297,late,0.4594328999519348,1.5629874467849731,0.45252829790115356,0.8785403966903687,1.068546175956726,0.1026391088962555,0.3393195867538452,0.03371245041489601,0.5219261646270752,0.0024025789462029934
CY25-025_1-#5,274,298,late,0.4556410014629364,1.5841610431671143,0.4785176217556,0.861942708492279,1.074657678604126,0.1037348136305809,0.34060314297676086,0.03482478857040405,0.5182909965515137,0.002546206582337618
CY25-025_1-#6,0,2,early,0.7903737425804138,1.9894063472747803,0.7115705013275146,0.7141515016555786,1.2130627632141113,0.42866209149360657,0.09905216842889786,0.11205513775348663,0.0011693179840222,0.35906127095222473
CY25-025_1-#6,1,3,early,0.6813423037528992,1.9990243911743164,0.004684291314333677,0.9626438617706299,1.2819411754608154,0.16352950036525726,0.3185022473335266,0.0852007269859314,0.010421106591820717,0.42234641313552856
CY25-025_1-#6,2,4,early,0.8013332486152649,1.9927247762680054,0.6155127286911011,0.6827977895736694,1.1585502624511719,0.4900420606136322,0.056613411754369736,0.1426820009946823,0.0007808572263456881,0.30988168716430664
CY25-025_1-#6,3,5,early,0.8012374043464661,1.9929245710372925,0.6364508867263794,0.6745032668113708,1.1566153764724731,0.5020163655281067,0.061402108520269394,0.137889102101326,0.0007452387944795191,0.2979472577571869
CY25-025_1-#6,4,6,early,0.7977824807167053,1.992257833480835,0.7047358751296997,0.6786313652992249,1.1777925491333008,0.4953805208206177,0.08893042802810669,0.1138794869184494,0.0008173969108611345,0.30099213123321533
CY25-025_1-#6,5,7,early,0.7996273040771484,1.9928555488586426,0.6908513307571411,0.6632954478263855,1.1608543395996094,0.5165316462516785,0.07973210513591766,0.12111017107963562,0.000745237513910979,0.2818808853626251
CY25-025_1-#6,6,8,early,0.6814156770706177,1.9995007514953613,0.0025675110518932343,0.9705842733383179,1.287275791168213,0.1888854205608368,0.31850481033325195,0.0772816389799118,0.00949545856565237,0.4058326482772827
CY25-025_1-#6,7,9,early,0.6590192914009094,1.958495855331421,0.0024375978391617537,1.0585848093032837,1.2819805145263672,0.1306593269109726,0.35444796085357666,0.14546625316143036,1.1294002433714923e-05,0.36941513419151306
CY25-025_1-#6,8,10,early,0.5845543742179871,1.902848243713379,0.0033262213692069054,0.9124792218208313,1.1074802875518799,0.028559917584061623,0.44355523586273193,0.38538917899131775,2.4124898118316196e-05,0.1424715369939804
CY25-025_1-#6,9,11,early,0.6895777583122253,1.999231219291687,0.0037571555003523827,0.946691632270813,1.2724254131317139,0.19901485741138458,0.3103029429912567,0.06840553879737854,0.008214060217142105,0.41406258940696716
CY25-025_1-#6,10,12,early,0.6518203020095825,1.9518401622772217,0.001677231164649129,1.0845762491226196,1.2889611721038818,0.1297767013311386,0.3637382984161377,0.15443389117717743,8.046181392273866e-06,0.3520429730415344
CY25-025_1-#6,11,13,early,0.7210890650749207,1.9979764223098755,0.008551135659217834,0.8269881010055542,1.1889350414276123,0.3037945032119751,0.27862873673439026,0.02069830149412155,0.004339674022048712,0.392538845539093
CY25-025_1-#6,12,14,early,0.7943757772445679,1.99289870262146,0.6248852014541626,0.6563403010368347,1.149657130241394,0.5227175354957581,0.1443665772676468,0.06181222200393677,0.0007612800691276789,0.2703424096107483
CY25-025_1-#6,13,15,early,0.6769722700119019,1.9997506141662598,0.0013762953458353877,0.9845052361488342,1.2956680059432983,0.2001594454050064,0.32298743724823,0.07634538412094116,0.009732247330248356,0.3907754421234131
CY25-025_1-#6,14,16,early,0.6611775159835815,1.9595885276794434,0.0016147030983120203,1.0616530179977417,1.2857666015625,0.15035618841648102,0.3520492613315582,0.1301477998495102,7.086328878358472e-06,0.3674396872520447
CY25-025_1-#6,15,17,early,0.7529705166816711,1.9872846603393555,0.040256597101688385,0.7463158369064331,1.1264877319335938,0.40211254358291626,0.2454589456319809,0.007342260796576738,0.0019692392088472843,0.34311702847480774
CY25-025_1-#6,16,18,early,0.6496065258979797,1.9499619007110596,0.0010790228843688965,1.1004713773727417,1.2962729930877686,0.13255028426647186,0.3665623068809509,0.1605280637741089,5.303262241795892e-06,0.3403540253639221
CY25-025_1-#6,17,19,early,0.7952929139137268,1.993407964706421,0.583684504032135,0.6438983082771301,1.13075590133667,0.5363138318061829,0.15227855741977692,0.05293385311961174,0.0006863035960122943,0.25778743624687195
CY25-025_1-#6,18,20,early,0.7585226893424988,1.9859771728515625,0.06031318008899689,0.7345865368843079,1.1189420223236084,0.42155176401138306,0.2389630526304245,0.007363664917647839,0.0016673747450113297,0.33045417070388794
CY25-025_1-#6,19,21,early,0.6643375754356384,1.962447166442871,0.0007970526348799467,1.0340133905410767,1.2714649438858032,0.18117092549800873,0.3480745851993561,0.09733709692955017,3.1094402856979286e-06,0.3734142780303955
CY25-025_1-#6,20,22,early,0.6987037658691406,1.9994951486587524,0.0025534979067742825,0.8990874290466309,1.240291953086853,0.257609099149704,0.301220178604126,0.04049167409539223,0.006479945033788681,0.39419907331466675
CY25-025_1-#6,21,23,early,0.5756091475486755,1.888397216796875,0.0020113978534936905,0.8961493968963623,1.0817854404449463,0.027704771608114243,0.4563473165035248,0.3933953046798706,1.4819096577411983e-05,0.1225377544760704
CY25-025_1-#6,22,24,early,0.7922523617744446,1.9941356182098389,0.4421546161174774,0.6354673504829407,1.0994879007339478,0.5433182120323181,0.17561590671539307,0.032717470079660416,0.0006875852704979479,0.247660830616951
CY25-025_1-#6,23,25,early,0.7927402257919312,1.9944677352905273,0.4131966829299927,0.6288776397705078,1.0881373882293701,0.5495086312294006,0.17852981388568878,0.02927529253065586,0.0006520952447317541,0.2420341670513153
CY25-025_1-#6,24,28,early,0.6113979816436768,1.9091837406158447,0.0007512633455917239,1.124143362045288,1.2535817623138428,0.07451501488685608,0.4163093566894531,0.2734653651714325,4.606650236382848e-06,0.2357056736946106
CY25-025_1-#6,25,29,early,0.6460961103439331,1.9455015659332275,0.0006800376577302814,1.1144073009490967,1.2991230487823486,0.1463269591331482,0.37145882844924927,0.14916583895683289,3.2054254006652627e-06,0.3330451548099518
CY25-025_1-#6,26,30,early,0.6389827132225037,1.9371557235717773,0.0005451469332911074,1.1390843391418457,1.3033316135406494,0.13899348676204681,0.3810560405254364,0.16530673205852509,2.721460305110668e-06,0.3146410286426544
CY25-025_1-#6,27,31,early,0.6045933365821838,1.9003405570983887,0.0004919408820569515,1.1231858730316162,1.241468906402588,0.07086827605962753,0.4254986643791199,0.284579336643219,3.0172348033374874e-06,0.21905073523521423
CY25-025_1-#6,28,32,early,0.6903248429298401,1.9997726678848267,0.0012527189683169127,0.920304536819458,1.25421142578125,0.2710501551628113,0.30963993072509766,0.04235879331827164,0.007211667951196432,0.36973947286605835
CY25-025_1-#6,29,33,early,0.6994098424911499,1.999589204788208,0.002121933503076434,0.8957608938217163,1.2379841804504395,0.28284502029418945,0.3005284070968628,0.03643844276666641,0.006068303249776363,0.3741198182106018
CY25-025_1-#6,30,34,early,0.671388566493988,1.9683716297149658,0.0005966542521491647,1.0075045824050903,1.262531042098999,0.222927063703537,0.3391837775707245,0.07440777868032455,2.1886448848817963e-06,0.3634791672229767
CY25-025_1-#6,31,35,early,0.715332567691803,1.9992080926895142,0.0037633352912962437,0.8334947824478149,1.1938037872314453,0.3308756649494171,0.28455471992492676,0.020183676853775978,0.004347977228462696,0.36003798246383667
CY25-025_1-#6,32,36,early,0.6615405082702637,1.9605655670166016,0.0005479315295815468,1.0472190380096436,1.2771474123001099,0.19974172115325928,0.3514624238014221,0.09248970448970795,2.147706481991918e-06,0.35630398988723755
CY25-025_1-#6,33,37,early,0.6644124984741211,1.9631919860839844,0.00042715162271633744,1.030150294303894,1.2696584463119507,0.21180924773216248,0.3477843701839447,0.08249767869710922,1.6508131466252962e-06,0.35790708661079407
CY25-025_1-#6,34,38,early,0.7877545356750488,1.9956636428833008,0.20483733713626862,0.6209180951118469,1.0447466373443604,0.5542234778404236,0.201605424284935,0.011361226439476013,0.000670667621307075,0.23213918507099152
CY25-025_1-#6,35,39,early,0.7152154445648193,1.9992942810058594,0.0033981038723140955,0.8302611708641052,1.1914749145507812,0.3428017497062683,0.28468406200408936,0.01939881592988968,0.004189235158264637,0.3489261269569397
CY25-025_1-#6,36,40,early,0.6892107725143433,1.9997999668121338,0.001117343083024025,0.9222080707550049,1.2553813457489014,0.2792983651161194,0.31075814366340637,0.04194390028715134,0.00709609454497695,0.3609035611152649
CY25-025_1-#6,37,41,early,0.7077111601829529,1.9996371269226074,0.0018871694337576628,0.8449667096138,1.2023019790649414,0.33305981755256653,0.2922358214855194,0.02186431922018528,0.004816463217139244,0.34802350401878357
CY25-025_1-#6,38,42,early,0.6363769769668579,1.9321024417877197,0.0004364023916423321,1.1525379419326782,1.3057847023010254,0.14697536826133728,0.3851962685585022,0.16085205972194672,2.194453372794669e-06,0.30697405338287354
CY25-025_1-#6,39,43,early,0.7230388522148132,1.9994152784347534,0.0028669885359704494,0.7878679037094116,1.1599475145339966,0.3851046860218048,0.2768801748752594,0.011916362680494785,0.0033576185815036297,0.3227410912513733
CY25-025_1-#6,40,44,early,0.7509908676147461,1.9950640201568604,0.018175581470131874,0.7204456925392151,1.104551911354065,0.45004165172576904,0.24839457869529724,0.005471569020301104,0.0016903572250157595,0.29440179467201233
CY25-025_1-#6,41,45,early,0.7382263541221619,1.9986095428466797,0.006110707297921181,0.739492654800415,1.1214350461959839,0.4315754473209381,0.2615916132926941,0.006615383084863424,0.002312249504029751,0.2979053258895874
CY25-025_1-#6,42,46,early,0.7228319048881531,1.9991554021835327,0.00396526837721467,0.7907617688179016,1.1621763706207275,0.38389670848846436,0.27705106139183044,0.012386317364871502,0.0034565802197903395,0.323209285736084
CY25-025_1-#6,43,47,early,0.7221412062644958,1.9992284774780273,0.0036616178695112467,0.7909867763519287,1.1624252796173096,0.3842741847038269,0.2777515947818756,0.012375152669847012,0.0035107163712382317,0.322088360786438
CY25-025_1-#6,44,48,early,0.7531342506408691,1.995213270187378,0.01768401451408863,0.6971158981323242,1.086220383644104,0.4747600257396698,0.2462749034166336,0.004133027978241444,0.0015916586853563786,0.27324041724205017
CY25-025_1-#6,45,49,early,0.5638593435287476,1.8615813255310059,0.001233590068295598,0.9054030179977417,1.060867190361023,0.02894040383398533,0.47506940364837646,0.3903470039367676,9.06162222236162e-06,0.10563413798809052
CY25-025_1-#6,46,50,early,0.6906715035438538,1.999809980392456,0.0010645370930433273,0.9127100110054016,1.2489993572235107,0.2986140847206116,0.309299111366272,0.03774327039718628,0.006856048014014959,0.34748750925064087
CY25-025_1-#6,47,51,early,0.6859297156333923,1.9782580137252808,0.0007305211620405316,0.9310482740402222,1.2257136106491089,0.28674134612083435,0.32146939635276794,0.042998723685741425,2.201566985604586e-06,0.3487883508205414
CY25-025_1-#6,48,54,early,0.7658349275588989,1.994102954864502,0.046598874032497406,0.6479835510253906,1.0481657981872559,0.5235715508460999,0.23238001763820648,0.0036867624148726463,0.0010812956606969237,0.2392803579568863
CY25-025_1-#6,49,55,early,0.753975510597229,1.9963799715042114,0.013927262276411057,0.6803151369094849,1.0726752281188965,0.4919717609882355,0.24557918310165405,0.0035375102888792753,0.0014666990609839559,0.257444828748703
CY25-025_1-#6,50,56,early,0.7272946834564209,1.9989759922027588,0.004690924659371376,0.7697603702545166,1.1461937427520752,0.40800726413726807,0.27256566286087036,0.01010132860392332,0.0029710817616432905,0.3063546121120453
CY25-025_1-#6,51,57,early,0.5943662524223328,1.8772931098937988,0.0003938331501558423,1.135691523551941,1.2244176864624023,0.07029715925455093,0.4420730471611023,0.29615461826324463,2.528287268432905e-06,0.19147267937660217
CY25-025_1-#6,52,58,early,0.7786733508110046,1.9964481592178345,0.06854859739542007,0.5990391969680786,1.0072212219238281,0.5671676397323608,0.21861521899700165,0.00363967870362103,0.0006993315764702857,0.2098780870437622
CY25-025_1-#6,53,59,early,0.712735116481781,1.9997191429138184,0.0014968311879783869,0.801992654800415,1.1713987588882446,0.3839402198791504,0.28722453117370605,0.014023734256625175,0.004097951576113701,0.310713529586792
CY25-025_1-#6,54,60,early,0.6805068850517273,1.9747263193130493,0.00048468366730958223,0.9439967274665833,1.229204773902893,0.29333558678627014,0.3280562162399292,0.04400978237390518,1.5814889593457337e-06,0.33459675312042236
CY25-025_1-#6,55,61,early,0.6600276231765747,1.9557963609695435,0.0004502242663875222,1.0571842193603516,1.2780590057373047,0.23175162076950073,0.3545275032520294,0.08231057971715927,1.8278519746672828e-06,0.3314085602760315
CY25-025_1-#6,56,62,early,0.6917909979820251,1.9998948574066162,0.0006211184663698077,0.8768190741539001,1.2242687940597534,0.33703693747520447,0.3081928491592407,0.027286376804113388,0.00629855040460825,0.32118523120880127
CY25-025_1-#6,57,63,early,0.7369691133499146,1.998490333557129,0.0065644606947898865,0.7246446013450623,1.1109317541122437,0.4521446228027344,0.2628323435783386,0.006250739097595215,0.0022362051531672478,0.27653610706329346
CY25-025_1-#6,58,64,early,0.6908502578735352,1.9816300868988037,0.0005259435274638236,0.8792802691459656,1.1949470043182373,0.338356614112854,0.31545490026474,0.02793237566947937,1.516370389254007e-06,0.31825459003448486
CY25-025_1-#6,59,65,early,0.5531874895095825,1.8402512073516846,0.001010356703773141,0.8812884092330933,1.0267033576965332,0.02584243007004261,0.4909210503101349,0.3938211500644684,7.514222033933038e-06,0.08940785378217697
CY25-025_1-#6,60,66,early,0.6120230555534363,1.8902065753936768,0.00016095530008897185,1.2168900966644287,1.2954201698303223,0.1267377734184265,0.42156460881233215,0.2016296684741974,9.022940048453165e-07,0.25006699562072754
CY25-025_1-#6,61,67,early,0.693635880947113,1.9998997449874878,0.000595608027651906,0.8661727905273438,1.2170014381408691,0.34493547677993774,0.3063487410545349,0.024936124682426453,0.006097166799008846,0.3176824748516083
CY25-025_1-#6,62,68,middle,0.6694919466972351,1.9664058685302734,0.00027690298156812787,0.9883283972740173,1.2468273639678955,0.2788045406341553,0.3417341709136963,0.05446704849600792,1.0189478416577913e-06,0.32499322295188904
CY25-025_1-#6,63,69,middle,0.648111879825592,1.9432597160339355,0.0002229121164418757,1.1069507598876953,1.2929494380950928,0.21918527781963348,0.37026017904281616,0.09908419102430344,9.964580840460258e-07,0.3114693760871887
CY25-025_1-#6,64,70,middle,0.781710147857666,1.9970412254333496,0.06257117539644241,0.5729341506958008,0.9837023019790649,0.5872995853424072,0.21589963138103485,0.0031250338070094585,0.0006250945734791458,0.1930505782365799
CY25-025_1-#6,65,71,middle,0.6960082650184631,1.9998880624771118,0.0006579553592018783,0.8560559749603271,1.210067629814148,0.3544872999191284,0.3039747476577759,0.023216983303427696,0.0057345200330019,0.3125864863395691
CY25-025_1-#6,66,72,middle,0.7748117446899414,1.996694564819336,0.03547731041908264,0.5925511717796326,0.9984046816825867,0.5699272751808167,0.22395195066928864,0.002233318518847227,0.0007599941454827785,0.2031274288892746
CY25-025_1-#6,67,73,middle,0.6766971349716187,1.9706294536590576,0.0004666360036935657,0.95765620470047,1.2327985763549805,0.2982449233531952,0.33320561051368713,0.045566730201244354,1.5904738575045485e-06,0.322981059551239
CY25-025_1-#6,68,74,middle,0.7243437170982361,1.999751091003418,0.0013395918067544699,0.7349401712417603,1.121260166168213,0.44663870334625244,0.2756219804286957,0.007493829820305109,0.002847728319466114,0.26739779114723206
CY25-025_1-#6,69,75,middle,0.6926228404045105,1.9816735982894897,0.0006494633271358907,0.8720821142196655,1.190157413482666,0.3451089560985565,0.3136727511882782,0.026197807863354683,1.8164963648814592e-06,0.3150186538696289
CY25-025_1-#6,70,76,middle,0.7142012715339661,1.9996662139892578,0.0017443604301661253,0.7852995991706848,1.1593401432037354,0.40626639127731323,0.2857510447502136,0.012310134246945381,0.003967722412198782,0.2917046844959259
CY25-025_1-#6,71,77,middle,0.6116827130317688,1.8843625783920288,0.00014757993631064892,1.2318540811538696,1.2998498678207397,0.13926903903484344,0.4236745536327362,0.19191379845142365,8.383458975913527e-07,0.24514169991016388
CY25-025_1-#6,72,80,middle,0.6150704622268677,1.889809489250183,0.00022927002282813191,1.223990559577942,1.3016254901885986,0.1393587589263916,0.4188019037246704,0.18878182768821716,1.3060875971859787e-06,0.25305619835853577
CY25-025_1-#6,73,81,middle,0.6371942758560181,1.9257879257202148,0.00018251633446197957,1.15045166015625,1.299148678779602,0.20956462621688843,0.3864375352859497,0.11156029254198074,8.772117325861473e-07,0.2924366593360901
CY25-025_1-#6,74,82,middle,0.7211317420005798,1.9997289180755615,0.0014462341787293553,0.7421760559082031,1.1272037029266357,0.4418970048427582,0.2788304388523102,0.0081503139808774,0.003144716378301382,0.2679775059223175
CY25-025_1-#6,75,83,middle,0.7555652856826782,1.9940357208251953,0.02129567787051201,0.6450656056404114,1.0466474294662476,0.5239332318305969,0.24370577931404114,0.003095925785601139,0.0013646625448018312,0.22790032625198364
CY25-025_1-#6,76,84,middle,0.7725055813789368,1.9964295625686646,0.03612810745835304,0.5901855230331421,0.9981651902198792,0.5707416534423828,0.22621823847293854,0.002365950495004654,0.0008078273967839777,0.1998663693666458
CY25-025_1-#6,77,85,middle,0.700519323348999,1.9998419284820557,0.0008961037383414805,0.8207523822784424,1.1854337453842163,0.38776805996894836,0.29945701360702515,0.01748628169298172,0.005173768848180771,0.2901149392127991
CY25-025_1-#6,78,86,middle,0.6847296953201294,1.9774030447006226,0.0004652062780223787,0.892646312713623,1.1980843544006348,0.34320828318595886,0.3229716718196869,0.029513521119952202,1.4209470009518554e-06,0.3043051064014435
CY25-025_1-#6,79,87,middle,0.610161542892456,1.8755767345428467,0.00015080368029884994,1.2406777143478394,1.297552227973938,0.1418994814157486,0.42778801918029785,0.1861872673034668,8.64593687310844e-07,0.24412435293197632
CY25-025_1-#6,80,88,middle,0.6046737432479858,1.8661596775054932,0.00013969004794489592,1.2444545030593872,1.2888866662979126,0.12955889105796814,0.4357822835445404,0.20054657757282257,8.062972938205348e-07,0.2341114729642868
CY25-025_1-#6,81,89,middle,0.663772702217102,1.9581871032714844,0.00038551833131350577,1.0082627534866333,1.2494525909423828,0.28412961959838867,0.3500765264034271,0.056010786443948746,1.4514482700178633e-06,0.30978161096572876
CY25-025_1-#6,82,90,middle,0.6816679835319519,1.9748393297195435,0.0004074529279023409,0.9017202258110046,1.2007005214691162,0.33962947130203247,0.32687750458717346,0.03057819791138172,1.2987237596462364e-06,0.3029135465621948
CY25-025_1-#6,83,91,middle,0.7495258450508118,1.998049259185791,0.008177649229764938,0.6414245367050171,1.0446505546569824,0.5248756408691406,0.2502298355102539,0.0027885260060429573,0.0015163557836785913,0.22058968245983124
CY25-025_1-#6,84,92,middle,0.7347468137741089,1.999586582183838,0.0020996411330997944,0.6725278496742249,1.072818636894226,0.49860239028930664,0.26519837975502014,0.004195563495159149,0.002085661282762885,0.229917973279953
CY25-025_1-#6,85,93,middle,0.581339418888092,1.8232367038726807,0.0002993480011355132,1.1876256465911865,1.2081326246261597,0.07732769101858139,0.4700202941894531,0.2883650064468384,2.0890427094855113e-06,0.16428491473197937
CY25-025_1-#6,86,94,middle,0.5756810307502747,1.8159217834472656,0.00022958687623031437,1.162170171737671,1.1843347549438477,0.06759120523929596,0.477289080619812,0.30161741375923157,1.580323328198574e-06,0.1535007357597351
CY25-025_1-#6,87,95,middle,0.7187471985816956,1.999761939048767,0.0012867392506450415,0.73507159948349,1.122565746307373,0.4508120119571686,0.28121933341026306,0.008020194247364998,0.0033062829170376062,0.25664210319519043
CY25-025_1-#6,88,96,middle,0.6430708169937134,1.9314857721328735,0.00019729988707695156,1.1314796209335327,1.2952394485473633,0.22888429462909698,0.37894588708877563,0.1002458781003952,9.388288049194671e-07,0.2919229567050934
CY25-025_1-#6,89,97,middle,0.6859976053237915,1.9774116277694702,0.00046193826710805297,0.886692225933075,1.1941322088241577,0.35264572501182556,0.32171550393104553,0.02837507613003254,1.4258513374443282e-06,0.2972622811794281
CY25-025_1-#6,90,98,middle,0.5341450572013855,1.7831640243530273,0.0008659348241053522,0.8751075863838196,0.9763458967208862,0.022690970450639725,0.5237002968788147,0.38481736183166504,6.532364750455599e-06,0.06878483295440674
CY25-025_1-#6,91,99,middle,0.6793301701545715,1.973862886428833,0.00032277664286084473,0.8984659910202026,1.1969661712646484,0.3508663475513458,0.3295244872570038,0.029814250767230988,1.0609850278342492e-06,0.28979384899139404
CY25-025_1-#6,92,100,middle,0.7541295886039734,1.9975261688232422,0.01003305148333311,0.6158649325370789,1.0235657691955566,0.5444379448890686,0.24556629359722137,0.002124564489349723,0.001344725489616394,0.20652645826339722
CY25-025_1-#6,93,101,middle,0.5777385830879211,1.8160293102264404,0.00021955656120553613,1.178320288658142,1.1953133344650269,0.07347957044839859,0.47539064288139343,0.29519668221473694,1.5277757938747527e-06,0.15593162178993225
CY25-025_1-#6,94,102,middle,0.7382768988609314,1.9991856813430786,0.003821962047368288,0.6667442321777344,1.0674982070922852,0.5044763684272766,0.2616165280342102,0.003976123407483101,0.002015089150518179,0.22791600227355957
CY25-025_1-#6,95,103,middle,0.682030975818634,1.9748464822769165,0.0003169146366417408,0.8877258896827698,1.1911838054656982,0.356865793466568,0.3265240490436554,0.027670487761497498,1.036033381751622e-06,0.28893861174583435
CY25-025_1-#6,96,106,middle,0.7216702699661255,1.9996974468231201,0.0015942261088639498,0.7231714129447937,1.1133931875228882,0.4614608585834503,0.2782876193523407,0.007367708720266819,0.003096373053267598,0.249787375330925
CY25-025_1-#6,97,107,middle,0.639336109161377,1.9221477508544922,0.00018496242410037667,1.1429545879364014,1.2923033237457275,0.2331969141960144,0.38553863763809204,0.0983666405081749,9.042025226335682e-07,0.28289687633514404
CY25-025_1-#6,98,108,middle,0.7625348567962646,1.9959831237792969,0.016228357329964638,0.5872849225997925,0.9983952045440674,0.5679508447647095,0.2369503527879715,0.0018812711350619793,0.00103863759431988,0.192178875207901
CY25-025_1-#6,99,109,middle,0.6559784412384033,1.9488861560821533,0.00015133351553231478,1.032042145729065,1.2528753280639648,0.2854604423046112,0.36077648401260376,0.05907927826046944,6.351285719574662e-07,0.2946831285953522
CY25-025_1-#6,100,110,middle,0.7472520470619202,1.9984421730041504,0.006730374880135059,0.6314425468444824,1.0380014181137085,0.5325173735618591,0.2525510787963867,0.002860219683498144,0.0015678817871958017,0.21050341427326202
CY25-025_1-#6,101,111,middle,0.6751599907875061,1.9694099426269531,0.00024206002126447856,0.9037171006202698,1.1945743560791016,0.35633590817451477,0.33514976501464844,0.029673419892787933,8.49798425406334e-07,0.2788400948047638
CY25-025_1-#6,102,112,middle,0.761692464351654,1.996278166770935,0.01424513291567564,0.5870924592018127,0.9983904361724854,0.5677705407142639,0.23786404728889465,0.0018539093434810638,0.0010618986561894417,0.1914495974779129
CY25-025_1-#6,103,113,middle,0.7597554922103882,1.997584581375122,0.009825707413256168,0.5829853415489197,0.9956551194190979,0.5693763494491577,0.2399543672800064,0.0016924496740102768,0.0011132035870105028,0.18786361813545227
CY25-025_1-#6,104,114,middle,0.6777778267860413,1.9713795185089111,0.0002887797891162336,0.8980504274368286,1.1934605836868286,0.3585399389266968,0.3319008946418762,0.029164135456085205,9.787831913854461e-07,0.2803941071033478
CY25-025_1-#6,105,115,middle,0.4795442521572113,1.7726712226867676,0.005280732177197933,0.6193022131919861,0.8112363815307617,0.00018811077461577952,0.574581503868103,0.39532291889190674,0.010517974384129047,0.019389472901821136
CY25-025_1-#6,106,116,middle,0.718368649482727,1.9998047351837158,0.0010796140413731337,0.7281580567359924,1.117656946182251,0.4585648775100708,0.2816038429737091,0.007983885705471039,0.0032637007534503937,0.24858373403549194
CY25-025_1-#6,107,117,middle,0.7585679888725281,1.9972155094146729,0.011108143255114555,0.5799990892410278,0.9942810535430908,0.5705932974815369,0.2410958707332611,0.001732056261971593,0.0011304238578304648,0.18544839322566986
CY25-025_1-#6,108,118,middle,0.678152322769165,1.970950722694397,0.00023121591948438436,0.8957164287567139,1.191400170326233,0.35913485288619995,0.33168160915374756,0.028309019282460213,8.031065021896211e-07,0.28087371587753296
CY25-025_1-#6,109,119,middle,0.5686846971511841,1.7759830951690674,0.00017641329031903297,1.188704252243042,1.1696956157684326,0.0697065144777298,0.49500155448913574,0.29463687539100647,1.2574789707286982e-06,0.1406538337469101
CY25-025_1-#6,110,120,middle,0.6295189261436462,1.9027929306030273,0.00011159060522913933,1.1776708364486694,1.2924656867980957,0.23133458197116852,0.4010709226131439,0.10457455366849899,5.729403937948518e-07,0.2630193829536438
CY25-025_1-#6,111,121,middle,0.7562759518623352,1.9976921081542969,0.009450887329876423,0.5765283703804016,0.9926559329032898,0.5718849301338196,0.24344280362129211,0.0018168776296079159,0.0011498493840917945,0.18170559406280518
CY25-025_1-#6,112,122,middle,0.6560763716697693,1.946929931640625,0.00014996682875789702,1.0260260105133057,1.2470053434371948,0.3037489950656891,0.3613228499889374,0.05580849200487137,6.426959089367301e-07,0.27911901473999023
CY25-025_1-#6,113,123,middle,0.7569345831871033,1.9978528022766113,0.008877175860106945,0.5813822746276855,0.9958800077438354,0.5689566135406494,0.24280445277690887,0.001705627772025764,0.0011974915396422148,0.18533575534820557
CY25-025_1-#6,114,124,middle,0.5669162273406982,1.764848232269287,0.00012919993605464697,1.2055277824401855,1.1713435649871826,0.07397029548883438,0.4997313618659973,0.2880706489086151,9.069393058780406e-07,0.138226717710495
CY25-025_1-#6,115,125,middle,0.6949617266654968,1.9824448823928833,0.0004447523388080299,0.8059641122817993,1.1452889442443848,0.4138394296169281,0.3111048936843872,0.016297239810228348,1.2742207218252588e-06,0.25875717401504517
CY25-025_1-#6,116,126,middle,0.6743788123130798,1.968300461769104,0.00017808076518122107,0.9022889733314514,1.1921794414520264,0.3631064295768738,0.3362979292869568,0.029519259929656982,6.526215656776913e-07,0.27107569575309753
CY25-025_1-#6,117,127,middle,0.7519439458847046,1.9990789890289307,0.004248794633895159,0.5804011225700378,0.9971379637718201,0.5669693946838379,0.24794182181358337,0.0017115084920078516,0.0012924331240355968,0.1820848435163498
CY25-025_1-#6,118,128,middle,0.5944008231163025,1.8132476806640625,0.0001008546823868528,1.2944090366363525,1.2751030921936035,0.13979265093803406,0.4610959589481354,0.19407568871974945,6.337253921628871e-07,0.20503509044647217
CY25-025_1-#6,119,129,middle,0.6953383088111877,1.9817986488342285,0.0005046020960435271,0.8069547414779663,1.145104169845581,0.4120420813560486,0.310951292514801,0.01592099480330944,1.4320398804557044e-06,0.26108425855636597
CY25-025_1-#6,120,132,middle,0.7100529074668884,1.989176869392395,0.0006212121807038784,0.7242529988288879,1.096085548400879,0.4655628800392151,0.29374048113822937,0.008717948570847511,1.5146533769438975e-06,0.23197713494300842
CY25-025_1-#6,121,133,middle,0.6741406321525574,1.9659175872802734,0.0002907953457906842,0.9124752879142761,1.1962952613830566,0.36149701476097107,0.3373270332813263,0.03128805756568909,1.0509324965823907e-06,0.26988688111305237
CY25-025_1-#6,122,134,middle,0.6002435684204102,1.8282991647720337,0.0001603853888809681,1.286933422088623,1.2851275205612183,0.1462065577507019,0.4512774348258972,0.19259971380233765,1.0424790843899245e-06,0.2099151909351349
CY25-025_1-#6,123,135,middle,0.7531562447547913,1.9985255002975464,0.006410243455320597,0.5700795650482178,0.9890403747558594,0.5741735696792603,0.24666176736354828,0.001734775840304792,0.0012374582001939416,0.17619246244430542
CY25-025_1-#6,124,136,late,0.7525322437286377,1.998142957687378,0.007833568379282951,0.5854772329330444,1.001171588897705,0.5647328495979309,0.24723798036575317,0.0019467072561383247,0.0013367519713938236,0.18474572896957397
CY25-025_1-#6,125,137,late,0.6705651879310608,1.9617915153503418,0.00022628981969319284,0.9271581768989563,1.2008954286575317,0.35751503705978394,0.3422299325466156,0.03346061706542969,8.570602290092211e-07,0.26679354906082153
CY25-025_1-#6,126,138,late,0.7520380020141602,1.998485803604126,0.006560540292412043,0.5774766206741333,0.9952290058135986,0.5693493485450745,0.24777427315711975,0.001820388832129538,0.001344857388176024,0.17971114814281464
CY25-025_1-#6,127,139,late,0.6497218608856201,1.9349260330200195,0.00013177683285903186,1.044304370880127,1.2450352907180786,0.308182030916214,0.37140968441963196,0.056821346282958984,6.003462544867944e-07,0.2635863125324249
CY25-025_1-#6,128,140,late,0.5923323035240173,1.798657774925232,7.751282828394324e-05,1.3081656694412231,1.2724604606628418,0.14842833578586578,0.4672938287258148,0.18792782723903656,4.92641504479252e-07,0.19634951651096344
CY25-025_1-#6,129,141,late,0.7504173517227173,1.998642921447754,0.005964518059045076,0.5754162669181824,0.9944510459899902,0.5696756839752197,0.24941329658031464,0.0018218029290437698,0.0013725031167268753,0.17771664261817932
CY25-025_1-#6,130,142,late,0.6213682889938354,1.8770239353179932,9.205485548591241e-05,1.2158290147781372,1.2911829948425293,0.2239581048488617,0.4168328046798706,0.11280578374862671,5.060089733888162e-07,0.2464027851819992
CY25-025_1-#6,131,143,late,0.6831159591674805,1.9750995635986328,0.00022407821961678565,0.8228491544723511,1.147268295288086,0.4122600257396698,0.32537347078323364,0.017994007095694542,7.484877073693497e-07,0.24437174201011658
CY25-025_1-#6,132,144,late,0.5671876668930054,1.7440814971923828,0.00023301647161133587,1.224035620689392,1.1704504489898682,0.07782876491546631,0.5053741335868835,0.28238317370414734,1.80617541900574e-06,0.13441208004951477
CY25-025_1-#6,133,145,late,0.7483720183372498,1.998996615409851,0.0045824917033314705,0.5851910710334778,1.002618670463562,0.5630679726600647,0.25150173902511597,0.0019545748364180326,0.001512114075012505,0.18196365237236023
CY25-025_1-#6,134,146,late,0.7464026212692261,1.999537706375122,0.0023151717614382505,0.5730116367340088,0.9942096471786499,0.5686208605766296,0.25353875756263733,0.0017207660712301731,0.001466720481403172,0.1746528297662735
CY25-025_1-#6,135,147,late,0.5970425009727478,1.8115336894989014,0.00011304831423331052,1.299504280090332,1.2792861461639404,0.14791056513786316,0.4592117965221405,0.19097240269184113,7.379090334325156e-07,0.2019045203924179
CY25-025_1-#6,136,148,late,0.5633487701416016,1.721397042274475,0.0001922059163916856,1.2328705787658691,1.1598435640335083,0.07818681001663208,0.5151143074035645,0.27916082739830017,1.5010551805971772e-06,0.1275365799665451
CY25-025_1-#6,137,149,late,0.6455774307250977,1.9257677793502808,0.00011709085811162367,1.0546321868896484,1.2417047023773193,0.31223276257514954,0.3783765733242035,0.056832876056432724,5.540077268051391e-07,0.25255727767944336
CY25-025_1-#6,138,150,late,0.5658448338508606,1.7358791828155518,0.00018495172844268382,1.2273571491241455,1.1666792631149292,0.0784405767917633,0.5088690519332886,0.2815960645675659,1.4242656334317871e-06,0.1310928910970688
CY25-025_1-#6,139,151,late,0.6450204849243164,1.9234206676483154,0.0001297130947932601,1.0654942989349365,1.2464005947113037,0.30636775493621826,0.37966886162757874,0.05958392843604088,6.214104359969497e-07,0.2543787956237793
CY25-025_1-#6,140,152,late,0.6456495523452759,1.9258744716644287,0.00010352372191846371,1.0565741062164307,1.2430808544158936,0.3095100224018097,0.37827351689338684,0.057357676327228546,4.890194986728602e-07,0.2548583149909973
CY25-025_1-#6,141,153,late,0.5264408588409424,1.6892071962356567,0.000794295861851424,0.9581011533737183,0.9641803503036499,0.028039051219820976,0.5553073883056641,0.35624152421951294,6.958230642339913e-06,0.06040512025356293
CY25-025_1-#6,142,154,late,0.7405542135238647,1.9995449781417847,0.0022846281062811613,0.5856325030326843,1.006419062614441,0.559063196182251,0.25938674807548523,0.0021673275623470545,0.0017374835442751646,0.17764519155025482
CY25-025_1-#6,143,155,late,0.745712161064148,1.9992623329162598,0.0034980117343366146,0.5665965676307678,0.9899353981018066,0.5724132061004639,0.254194051027298,0.0017875818302854896,0.0015113500412553549,0.1700938194990158
CY25-025_1-#6,144,158,late,0.6623422503471375,1.9515488147735596,0.00012522892211563885,0.9288138747215271,1.1893835067749023,0.37326523661613464,0.3536953330039978,0.032417189329862595,5.261714477455826e-07,0.2406216859817505
CY25-025_1-#6,145,159,late,0.7406260967254639,1.999675989151001,0.0016891683917492628,0.5672999620437622,0.9927387237548828,0.5692696571350098,0.2593318819999695,0.0018629480618983507,0.001679659471847117,0.1678558588027954
CY25-025_1-#6,146,160,late,0.7370661497116089,1.9996757507324219,0.0016922808717936277,0.5804418921470642,1.004104733467102,0.5605146884918213,0.2628912031650543,0.0022192448377609253,0.001856828574091196,0.17251808941364288
CY25-025_1-#6,147,161,late,0.6634172797203064,1.9522374868392944,0.00016327458433806896,0.9257058501243591,1.1882786750793457,0.3778723180294037,0.3524152636528015,0.03265703096985817,6.872990070405649e-07,0.2370547503232956
CY25-025_1-#6,148,162,late,0.6366647481918335,1.907420039176941,7.820260361768305e-05,1.0927813053131104,1.246398687362671,0.3052806556224823,0.39280176162719727,0.06368040293455124,3.9422002373612486e-07,0.23823681473731995
CY25-025_1-#6,149,163,late,0.7351500988006592,1.999738335609436,0.0013971857260912657,0.5793013572692871,1.004084587097168,0.5602685213088989,0.2648152709007263,0.002248713979497552,0.0019430546090006828,0.17072443664073944
CY25-025_1-#6,150,164,late,0.6625825762748718,1.9500770568847656,0.00013705006858799607,0.9236615896224976,1.1845260858535767,0.3776078224182129,0.3539476692676544,0.03103155829012394,5.799923314953048e-07,0.23741236329078674
CY25-025_1-#6,151,165,late,0.7432718873023987,1.9994239807128906,0.002814661245793104,0.5542152523994446,0.9818682670593262,0.5781295895576477,0.25665414333343506,0.001776310964487493,0.001543284859508276,0.16189663112163544
CY25-025_1-#6,152,166,late,0.678959310054779,1.9691941738128662,0.0002152970409952104,0.8005116581916809,1.1247825622558594,0.4376051425933838,0.3314839005470276,0.016195636242628098,7.656954608137312e-07,0.21471455693244934
CY25-025_1-#6,153,167,late,0.6797405481338501,1.9687608480453491,0.00024348660372197628,0.8181321620941162,1.1362817287445068,0.4267072379589081,0.33085983991622925,0.017705827951431274,8.662020150040917e-07,0.22472622990608215
CY25-025_1-#6,154,168,late,0.740655779838562,1.9996147155761719,0.0019727398175746202,0.5450131893157959,0.976253867149353,0.5819141864776611,0.2592942416667938,0.001857750816270709,0.0015893938252702355,0.15534451603889465
CY25-025_1-#6,155,169,late,0.738000750541687,1.9996200799942017,0.0019487295066937804,0.5558821558952332,0.9855926036834717,0.5747368931770325,0.26194947957992554,0.001969217788428068,0.0017760806949809194,0.1595683991909027
CY25-025_1-#6,156,170,late,0.5143705606460571,1.6045653820037842,0.0007366329664364457,0.9750625491142273,0.9237852096557617,0.02614082396030426,0.5872751474380493,0.3368065655231476,6.7134560595150106e-06,0.04977073892951012
CY25-025_1-#6,157,171,late,0.6852654218673706,1.9751667976379395,0.00020898430375382304,0.761292040348053,1.105232834815979,0.45520827174186707,0.32322895526885986,0.01247780118137598,7.037338036752772e-07,0.20908431708812714
CY25-025_1-#6,158,172,late,0.6929932832717896,1.9791407585144043,0.0003756421501748264,0.7317274808883667,1.0894635915756226,0.47250017523765564,0.3142068684101105,0.01051220390945673,1.1659082019832567e-06,0.20277957618236542
CY25-025_1-#6,159,173,late,0.6329709887504578,1.893309235572815,7.73841020418331e-05,1.0988126993179321,1.2370476722717285,0.31425926089286804,0.40079042315483093,0.061861030757427216,4.098423573850596e-07,0.22308887541294098
CY25-025_1-#6,160,174,late,0.5805289149284363,1.7136027812957764,8.57528648339212e-05,1.34978187084198,1.238297700881958,0.15431296825408936,0.502596914768219,0.18244750797748566,6.258036364670261e-07,0.16064199805259705
CY25-025_1-#6,161,175,late,0.7315711975097656,1.994513988494873,0.0012480334844440222,0.5441322922706604,0.9684517979621887,0.5774266719818115,0.27032676339149475,0.0021110891830176115,2.34463936976681e-06,0.1501331478357315
CY25-025_1-#6,162,176,late,0.6876670718193054,1.9767892360687256,0.00018151107360608876,0.7251802682876587,1.0823370218276978,0.47527655959129333,0.3203013241291046,0.009888325817883015,6.129905614216113e-07,0.19453319907188416
CY25-025_1-#6,163,177,late,0.6852756142616272,1.973952293395996,0.00022333103697746992,0.7446292638778687,1.0923138856887817,0.467424601316452,0.32363393902778625,0.011517558246850967,7.691854193581094e-07,0.19742313027381897
CY25-025_1-#6,164,178,late,0.733465850353241,1.9946130514144897,0.0014348560944199562,0.5471940040588379,0.9700784683227539,0.5770183205604553,0.2683822810649872,0.0021007349714636803,2.6091449853993254e-06,0.15249599516391754
CY25-025_1-#6,165,179,late,0.6641857624053955,1.9527947902679443,0.00010005325748352334,0.8412571549415588,1.1329169273376465,0.4274838864803314,0.35148441791534424,0.020591719076037407,4.2103806663362775e-07,0.20043952763080597
CY25-025_1-#6,166,180,late,0.6707985401153564,1.9602694511413574,0.000135507172672078,0.8056461215019226,1.1177423000335693,0.4438329339027405,0.34251829981803894,0.01746744103729725,5.435998104985629e-07,0.1961807757616043
CY25-025_1-#6,167,181,late,0.7006018161773682,1.9842381477355957,0.0003078900626860559,0.6572490930557251,1.0432941913604736,0.5115798711776733,0.30489739775657654,0.006199453957378864,9.106855145546433e-07,0.1773224025964737
CY25-025_1-#6,168,184,late,0.7246538400650024,1.992863416671753,0.0009178149630315602,0.5532269477844238,0.9750926494598389,0.5699470639228821,0.27785539627075195,0.00238492782227695,1.917940835483023e-06,0.14981068670749664
CY25-025_1-#6,169,185,late,0.7265217304229736,1.9932379722595215,0.0011424305848777294,0.5397506952285767,0.9652493000030518,0.5777457356452942,0.2758365273475647,0.002263588597998023,2.282598870806396e-06,0.14415189623832703
CY25-025_1-#6,170,186,late,0.7147852182388306,1.9901704788208008,0.0006332721677608788,0.5737394690513611,0.9891533851623535,0.5573455095291138,0.2886776924133301,0.003466349793598056,1.5364172440968105e-06,0.15050895512104034
CY25-025_1-#6,171,187,late,0.5983402132987976,1.763403058052063,6.150964327389374e-05,1.2865571975708008,1.2439281940460205,0.24370954930782318,0.4724389910697937,0.10715832561254501,4.0731845274422085e-07,0.17669276893138885
CY25-025_1-#6,172,188,late,0.6938174962997437,1.980535864830017,0.00021186727099120617,0.6519148349761963,1.0357987880706787,0.5150865316390991,0.3129202425479889,0.006528020370751619,6.890821282468096e-07,0.16546455025672913
CY25-025_1-#6,173,189,late,0.6188496351242065,1.841575026512146,5.71006239624694e-05,1.1450103521347046,1.2206392288208008,0.3130836486816406,0.43016767501831055,0.06483297795057297,3.3578641023268574e-07,0.19191531836986542
CY25-025_1-#6,174,190,late,0.6173993349075317,1.8358514308929443,5.640632298309356e-05,1.156014084815979,1.2227263450622559,0.3091716766357422,0.43327000737190247,0.06738509237766266,3.354222712914634e-07,0.19017288088798523
CY25-025_1-#6,175,191,late,0.7065744400024414,1.9872337579727173,0.0003164383233524859,0.5882555842399597,0.9975591897964478,0.5478236079216003,0.29791274666786194,0.004060034174472094,8.972423870545754e-07,0.1502026915550232
CY25-025_1-#6,176,192,late,0.6803820729255676,1.968623161315918,0.00019068170513492078,0.721710741519928,1.0705324411392212,0.48527440428733826,0.33027926087379456,0.011106782592833042,7.154346235438425e-07,0.17333878576755524
CY25-025_1-#6,177,193,late,0.721980631351471,1.9923739433288574,0.000582799781113863,0.5264361500740051,0.9558916687965393,0.5818783640861511,0.2807266414165497,0.0022415057756006718,1.3645759509017807e-06,0.1351521909236908
CY25-025_1-#6,178,194,late,0.6621017456054688,1.9452316761016846,0.00011278438614681363,0.8265120983123779,1.1152464151382446,0.44147101044654846,0.3560222387313843,0.01906539313495159,5.035131493968947e-07,0.18344084918498993
CY25-025_1-#6,179,195,late,0.7117362022399902,1.9898613691329956,0.00030212837737053633,0.5267959833145142,0.9561916589736938,0.5768311619758606,0.2918500006198883,0.002605623798444867,8.260923323177849e-07,0.12871235609054565
CY25-025_1-#6,180,196,late,0.7211185693740845,1.9921460151672363,0.0007326529594138265,0.5113611221313477,0.9450092315673828,0.5885831117630005,0.28168320655822754,1.2924030670546927e-05,0.002180218929424882,0.12754055857658386
CY25-025_1-#6,181,197,late,0.5578333139419556,1.5473051071166992,7.10103486198932e-05,1.3719972372055054,1.150768518447876,0.14100788533687592,0.568426787853241,0.17722764611244202,5.980597279631183e-07,0.11333711445331573
CY25-025_1-#6,182,198,late,0.6506142020225525,1.92893385887146,5.988861448713578e-05,0.8443877100944519,1.109802484512329,0.43893298506736755,0.37250059843063354,0.021029969677329063,2.8915076200064505e-07,0.1675361543893814
CY25-025_1-#6,183,199,late,0.5889554619789124,1.7048230171203613,4.494151653489098e-05,1.304603099822998,1.2150205373764038,0.2445542812347412,0.4979650676250458,0.10497439652681351,3.135120323349838e-07,0.15250596404075623
CY25-025_1-#6,184,200,late,0.697866678237915,1.9833014011383057,0.0002086606400553137,0.5743284225463867,0.9846366047859192,0.5523866415023804,0.30794569849967957,0.004282607231289148,6.697408707623254e-07,0.13538432121276855
CY25-025_1-#6,185,201,late,0.6998705863952637,1.9842748641967773,0.00019740243442356586,0.5642789006233215,0.9783945679664612,0.5572212934494019,0.3056187629699707,0.003908487036824226,6.251548825275677e-07,0.13325084745883942
CY25-025_1-#4,0,2,early,0.6156821846961975,0.7598908543586731,1.1656243801116943,1.186876654624939,1.2750641107559204,0.11280641704797745,0.03437383472919464,0.33897918462753296,0.06981983035802841,0.44402068853378296
CY25-025_1-#4,1,3,early,0.6313712000846863,1.1996933221817017,0.9170671701431274,1.1347036361694336,1.2490684986114502,0.13245990872383118,0.026140060275793076,0.37492936849594116,0.051732998341321945,0.41473767161369324
CY25-025_1-#4,2,4,early,0.630416989326477,1.1940350532531738,0.9246441721916199,1.1355639696121216,1.2510840892791748,0.13032561540603638,0.02744394727051258,0.37351226806640625,0.05223667621612549,0.41648146510124207
CY25-025_1-#4,3,5,early,0.6254176497459412,1.16279935836792,0.9564954042434692,1.1556469202041626,1.2663382291793823,0.13225260376930237,0.02977350540459156,0.3747914135456085,0.055535897612571716,0.4076465368270874
CY25-025_1-#4,4,6,early,0.6305266618728638,1.3067905902862549,0.8063227534294128,1.1369339227676392,1.242875099182129,0.140788272023201,0.021711574867367744,0.3882810175418854,0.05000726133584976,0.3992118835449219
CY25-025_1-#4,5,7,early,0.6158795356750488,0.8816096186637878,1.1611628532409668,1.1826534271240234,1.2965953350067139,0.12498275935649872,0.04234747216105461,0.3479566276073456,0.06152027100324631,0.4231928586959839
CY25-025_1-#4,6,8,early,0.619191586971283,1.0035372972488403,1.109498381614685,1.1777782440185547,1.3000507354736328,0.1318846046924591,0.042163919657468796,0.36001282930374146,0.058340948075056076,0.40759769082069397
CY25-025_1-#4,7,9,early,0.6228951811790466,1.1312850713729858,0.9749832153320312,1.1668967008590698,1.2720682621002197,0.13409309089183807,0.03205277398228645,0.37894123792648315,0.0543021634221077,0.4006107747554779
CY25-025_1-#4,8,10,early,0.6167232990264893,1.0832462310791016,1.0557318925857544,1.1851094961166382,1.3034827709197998,0.1365855485200882,0.04030315950512886,0.36828601360321045,0.059228863567113876,0.39559632539749146
CY25-025_1-#4,9,11,early,0.6192257404327393,1.0630425214767456,1.0675570964813232,1.1785742044448853,1.2987546920776367,0.13718940317630768,0.04028426110744476,0.36705920100212097,0.05651240050792694,0.39895471930503845
CY25-025_1-#4,10,12,early,0.6260370016098022,1.3761553764343262,0.9280785918235779,1.14926016330719,1.3329896926879883,0.14617857336997986,0.060727860778570175,0.37608349323272705,0.04817565530538559,0.3688344359397888
CY25-025_1-#4,11,13,early,0.6204177737236023,1.2774453163146973,1.0428401231765747,1.1694424152374268,1.3583128452301025,0.13697712123394012,0.07351834326982498,0.36668846011161804,0.054386984556913376,0.3684290945529938
CY25-025_1-#4,12,14,early,0.6278372406959534,1.442231297492981,0.8107982873916626,1.148054599761963,1.3099921941757202,0.1569485068321228,0.04625088348984718,0.39001330733299255,0.046249181032180786,0.3605380952358246
CY25-025_1-#4,13,15,early,0.6226986646652222,1.166865587234497,0.9669356942176819,1.1684284210205078,1.2800472974777222,0.14596638083457947,0.03183922544121742,0.37981685996055603,0.052382517606019974,0.3899950087070465
CY25-025_1-#4,14,16,early,0.6086452007293701,1.1813437938690186,1.1715428829193115,1.2088876962661743,1.4172099828720093,0.13763387501239777,0.10614657402038574,0.34642791748046875,0.061548639088869095,0.34824299812316895
CY25-025_1-#4,15,17,early,0.6136584877967834,1.2377314567565918,1.1146894693374634,1.1959350109100342,1.4031693935394287,0.13876694440841675,0.1025891974568367,0.3539935052394867,0.05551779270172119,0.3491325378417969
CY25-025_1-#4,16,18,early,0.6119955778121948,1.2762428522109985,1.1213412284851074,1.1946980953216553,1.4174941778182983,0.1488824039697647,0.10631915181875229,0.3416195511817932,0.056010618805885315,0.3471682667732239
CY25-025_1-#4,17,19,early,0.615890622138977,1.2514700889587402,1.0718836784362793,1.1955393552780151,1.3798707723617554,0.14814803004264832,0.07832148671150208,0.36828720569610596,0.0564398430287838,0.34880343079566956
CY25-025_1-#4,18,20,early,0.6082159280776978,1.160728931427002,1.2021169662475586,1.2120882272720337,1.4365297555923462,0.13990482687950134,0.12534742057323456,0.33289623260498047,0.05951831117272377,0.34233325719833374
CY25-025_1-#4,19,21,early,0.6113799214363098,1.247654914855957,1.1360974311828613,1.200985074043274,1.422250747680664,0.1409749835729599,0.11376983672380447,0.34119126200675964,0.057730674743652344,0.34633326530456543
CY25-025_1-#4,20,22,early,0.621558427810669,1.4531400203704834,0.9093707203865051,1.1719807386398315,1.3767390251159668,0.16352403163909912,0.07795048505067825,0.3684372305870056,0.04858182370662689,0.3415064513683319
CY25-025_1-#4,21,23,early,0.6147438883781433,1.2883528470993042,1.0595147609710693,1.1978366374969482,1.392073631286621,0.15305174887180328,0.08606921136379242,0.36456161737442017,0.054683294147253036,0.3416341543197632
CY25-025_1-#4,22,24,early,0.610877513885498,1.3058702945709229,1.1257890462875366,1.1989481449127197,1.4438252449035645,0.14996102452278137,0.13233615458011627,0.32314926385879517,0.05518074333667755,0.3393728733062744
CY25-025_1-#4,23,25,early,0.612149715423584,1.2476527690887451,1.127657413482666,1.2053313255310059,1.4193763732910156,0.15134374797344208,0.1071869507431984,0.34803926944732666,0.05539463460445404,0.3380354046821594
CY25-025_1-#4,24,28,early,0.6091510057449341,1.2197552919387817,1.1794228553771973,1.2114577293395996,1.4450838565826416,0.14709702134132385,0.12867635488510132,0.3272865414619446,0.059080928564071655,0.3378591239452362
CY25-025_1-#4,25,29,early,0.6040381193161011,1.1879302263259888,1.1903464794158936,1.2275457382202148,1.4564054012298584,0.14741921424865723,0.13916777074337006,0.32770490646362305,0.059973761439323425,0.32573434710502625
CY25-025_1-#4,26,30,early,0.6157202124595642,1.3561838865280151,1.0353606939315796,1.188866376876831,1.4058260917663574,0.1581772416830063,0.09873659908771515,0.3544136881828308,0.05075177550315857,0.3379206955432892
CY25-025_1-#4,27,31,early,0.5950608253479004,1.1060574054718018,1.2344353199005127,1.25540030002594,1.4672032594680786,0.14061428606510162,0.1378696858882904,0.3327708840370178,0.07095254957675934,0.3177925944328308
CY25-025_1-#4,28,32,early,0.6023288369178772,1.2124683856964111,1.174997329711914,1.2307783365249634,1.4704163074493408,0.14547203481197357,0.15890391170978546,0.3142988681793213,0.06018147990107536,0.3211437165737152
CY25-025_1-#4,29,33,early,0.6114891171455383,1.319690465927124,1.103466272354126,1.20281183719635,1.437450647354126,0.15475329756736755,0.12164656072854996,0.3340393304824829,0.055171266198158264,0.33438950777053833
CY25-025_1-#4,30,34,early,0.606210470199585,1.3141956329345703,1.1078894138336182,1.220902919769287,1.4585351943969727,0.1578279584646225,0.14132170379161835,0.3269144296646118,0.05563848838210106,0.318297415971756
CY25-025_1-#4,31,35,early,0.6025418639183044,1.159999966621399,1.216083288192749,1.2294056415557861,1.4562394618988037,0.14712132513523102,0.13419899344444275,0.3263060450553894,0.06261064857244492,0.3297629654407501
CY25-025_1-#4,32,36,early,0.6031330227851868,1.2551547288894653,1.1589012145996094,1.2283601760864258,1.4627094268798828,0.15446484088897705,0.13999733328819275,0.3236730694770813,0.0600954070687294,0.3217693567276001
CY25-025_1-#4,33,37,early,0.6086177825927734,1.3804261684417725,1.0728332996368408,1.20915949344635,1.4576687812805176,0.1649773120880127,0.13843083381652832,0.3222600519657135,0.053693030029535294,0.3206387758255005
CY25-025_1-#4,34,38,early,0.5930408239364624,1.1585969924926758,1.1738111972808838,1.2546966075897217,1.5007095336914062,0.1423800140619278,0.205063134431839,0.2824583649635315,0.0658557265996933,0.30424273014068604
CY25-025_1-#4,35,39,early,0.595839262008667,1.2631192207336426,1.1035411357879639,1.2450610399246216,1.4998326301574707,0.14782465994358063,0.21525773406028748,0.2724139094352722,0.060913823544979095,0.3035898804664612
CY25-025_1-#4,36,40,early,0.6016053557395935,1.2016777992248535,1.1826589107513428,1.2381432056427002,1.4539228677749634,0.15456385910511017,0.12358027696609497,0.3378814458847046,0.06386010348796844,0.3201143145561218
CY25-025_1-#4,37,41,early,0.5938128232955933,1.1901953220367432,1.1945868730545044,1.2553907632827759,1.491072177886963,0.15020671486854553,0.16966299712657928,0.30657753348350525,0.06655550748109818,0.30699726939201355
CY25-025_1-#4,38,42,early,0.5937271118164062,1.1908559799194336,1.1811590194702148,1.257181167602539,1.491011619567871,0.14831219613552094,0.17418871819972992,0.3094286322593689,0.06572578847408295,0.3023446798324585
CY25-025_1-#4,39,43,early,0.5991691946983337,1.2022243738174438,1.191145420074463,1.2446174621582031,1.47398042678833,0.1531882882118225,0.14683160185813904,0.32219117879867554,0.06422477960586548,0.31356412172317505
CY25-025_1-#4,40,44,early,0.6023197770118713,1.2353675365447998,1.1544849872589111,1.2371573448181152,1.4494587182998657,0.15851807594299316,0.11820772290229797,0.3428206443786621,0.06278096139431,0.31767258048057556
CY25-025_1-#4,41,45,early,0.6061188578605652,1.3289598226547241,1.120368480682373,1.225412130355835,1.4668216705322266,0.17409086227416992,0.13393966853618622,0.32437756657600403,0.05792354419827461,0.3096683919429779
CY25-025_1-#4,42,46,early,0.5971338748931885,1.1750869750976562,1.2054450511932373,1.2544784545898438,1.474062442779541,0.15495672821998596,0.13939602673053741,0.3293209373950958,0.06740477681159973,0.3089215159416199
CY25-025_1-#4,43,47,early,0.5911002159118652,1.1780972480773926,1.1947598457336426,1.2624229192733765,1.505429983139038,0.15105830132961273,0.19081930816173553,0.2889171540737152,0.06859186291694641,0.3006133437156677
CY25-025_1-#4,44,48,early,0.6013368368148804,1.3793543577194214,1.0874505043029785,1.231916069984436,1.4915359020233154,0.17326024174690247,0.17071065306663513,0.29811736941337585,0.05734413117170334,0.30056753754615784
CY25-025_1-#4,45,49,early,0.5875511765480042,1.1769139766693115,1.1534068584442139,1.2691500186920166,1.513991117477417,0.14828193187713623,0.2204565554857254,0.2704438269138336,0.06905753910541534,0.2917601764202118
CY25-025_1-#4,46,50,early,0.5904228687286377,1.2184951305389404,1.1362786293029785,1.270298719406128,1.5123577117919922,0.15305927395820618,0.2108544558286667,0.2822011709213257,0.06735093146562576,0.2865341901779175
CY25-025_1-#4,47,51,early,0.5897514224052429,1.1480154991149902,1.2171735763549805,1.2726175785064697,1.5015907287597656,0.15085700154304504,0.17265553772449493,0.30841583013534546,0.07228332757949829,0.2957882881164551
CY25-025_1-#4,48,54,early,0.5879246592521667,1.129483699798584,1.0103538036346436,1.2693785429000854,1.3924503326416016,0.1518542617559433,0.31579411029815674,0.2441501021385193,0.008818473666906357,0.2793830335140228
CY25-025_1-#4,49,55,early,0.5815514326095581,1.0611952543258667,1.2224369049072266,1.2861979007720947,1.5201241970062256,0.14183901250362396,0.2115570306777954,0.2806423604488373,0.07832403481006622,0.2876376211643219
CY25-025_1-#4,50,56,early,0.586757242679596,1.0829730033874512,1.1373478174209595,1.2765473127365112,1.40797758102417,0.15812259912490845,0.2741430997848511,0.2748281955718994,0.011014045216143131,0.2818920910358429
CY25-025_1-#4,51,57,early,0.587761402130127,1.1443793773651123,1.2173789739608765,1.2756719589233398,1.5122697353363037,0.15308521687984467,0.18835926055908203,0.29309913516044617,0.0731394812464714,0.29231685400009155
CY25-025_1-#4,52,58,early,0.5878535509109497,1.1299209594726562,1.2146857976913452,1.2795851230621338,1.5159223079681396,0.15330913662910461,0.1948333978652954,0.2907683551311493,0.07373151928186417,0.2873575687408447
CY25-025_1-#4,53,59,early,0.5793240666389465,0.9091571569442749,1.222215175628662,1.2981421947479248,1.4122710227966309,0.1469464898109436,0.27893510460853577,0.2815215289592743,0.01456870511174202,0.2780281603336334
CY25-025_1-#4,54,60,early,0.5755539536476135,0.842776894569397,1.2601747512817383,1.3055548667907715,1.4172066450119019,0.14986222982406616,0.2813551425933838,0.2765466570854187,0.0156360175460577,0.2765999138355255
CY25-025_1-#4,55,61,early,0.5917372703552246,1.230102777481079,1.1751396656036377,1.2687636613845825,1.5078057050704956,0.16127333045005798,0.17982392013072968,0.299537718296051,0.0692443773150444,0.29012057185173035
CY25-025_1-#4,56,62,early,0.569404661655426,1.0158952474594116,1.1281285285949707,1.3143243789672852,1.3934797048568726,0.13703308999538422,0.3390932083129883,0.25177308917045593,0.013256601989269257,0.2588439881801605
CY25-025_1-#4,57,63,early,0.5771039128303528,0.83526211977005,1.2794033288955688,1.3070964813232422,1.4209542274475098,0.14878500998020172,0.2682921588420868,0.29146018624305725,0.017374251037836075,0.27408844232559204
CY25-025_1-#4,58,64,early,0.5807230472564697,0.9499825239181519,1.2264986038208008,1.2971422672271729,1.4147590398788452,0.1539091318845749,0.26354190707206726,0.29097527265548706,0.014186868444085121,0.2773868143558502
CY25-025_1-#4,59,65,early,0.5763775706291199,0.8884167075157166,1.2131708860397339,1.3092759847640991,1.4154094457626343,0.1491737812757492,0.29586026072502136,0.2698270380496979,0.01543163787573576,0.2697073221206665
CY25-025_1-#4,60,66,early,0.5767027735710144,0.8042203187942505,1.2889320850372314,1.3039125204086304,1.4204686880111694,0.1472899317741394,0.2733605206012726,0.2824532091617584,0.01737973280251026,0.2795165777206421
CY25-025_1-#4,61,67,early,0.5828219056129456,0.9999458193778992,1.20294189453125,1.296811819076538,1.4198980331420898,0.15980678796768188,0.2716142237186432,0.2795499861240387,0.014586402103304863,0.27444255352020264
CY25-025_1-#4,62,68,early,0.5857695937156677,1.2553517818450928,1.182300329208374,1.2867788076400757,1.5115129947662354,0.1688910722732544,0.15699896216392517,0.3146538734436035,0.07864125072956085,0.28081485629081726
CY25-025_1-#4,63,69,early,0.5794429779052734,0.9963802695274353,1.1518272161483765,1.303990125656128,1.4123389720916748,0.15661484003067017,0.30030500888824463,0.26317375898361206,0.013133715838193893,0.26677268743515015
CY25-025_1-#4,64,70,early,0.5888324975967407,1.1640383005142212,1.1075721979141235,1.2765545845031738,1.4141614437103271,0.17218101024627686,0.2719253599643707,0.27008765935897827,0.010700095444917679,0.27510586380958557
CY25-025_1-#4,65,71,early,0.5692903399467468,1.0530972480773926,1.0799691677093506,1.3233997821807861,1.3907544612884521,0.14135746657848358,0.3511256277561188,0.24571141600608826,0.012748848646879196,0.24905666708946228
CY25-025_1-#4,66,72,early,0.579631507396698,0.8867601156234741,1.2840012311935425,1.3081587553024292,1.4288313388824463,0.15902869403362274,0.25827792286872864,0.2902986407279968,0.018214508891105652,0.27418020367622375
CY25-025_1-#4,67,73,early,0.5760785937309265,0.8911551237106323,1.2464830875396729,1.3136169910430908,1.4218275547027588,0.15472842752933502,0.28012657165527344,0.28011298179626465,0.016278598457574844,0.26875340938568115
CY25-025_1-#4,68,74,early,0.5748960971832275,1.0087831020355225,1.1027756929397583,1.31856369972229,1.403738260269165,0.15167002379894257,0.3296651244163513,0.2519190311431885,0.01303453091531992,0.2537112832069397
CY25-025_1-#4,69,75,early,0.5683920979499817,1.130303978919983,1.0048627853393555,1.3243253231048584,1.3768651485443115,0.13766071200370789,0.3709990382194519,0.23626255989074707,0.011427581310272217,0.24365010857582092
CY25-025_1-#4,70,76,early,0.5730406641960144,1.039137363433838,1.0988948345184326,1.3219423294067383,1.4021656513214111,0.15074695646762848,0.3380773067474365,0.24865712225437164,0.01347561925649643,0.24904295802116394
CY25-025_1-#4,71,77,early,0.5807281732559204,0.9080960154533386,1.2849879264831543,1.307294249534607,1.4327929019927979,0.16141892969608307,0.2600574791431427,0.2830837368965149,0.019056648015975952,0.27638325095176697
CY25-025_1-#4,72,80,early,0.5681688785552979,0.853203296661377,1.2416993379592896,1.333849310874939,1.4201457500457764,0.1524532437324524,0.3156760334968567,0.2605627775192261,0.01756116934120655,0.25374680757522583
CY25-025_1-#4,73,81,early,0.5745319724082947,0.9723219871520996,1.1485064029693604,1.3246328830718994,1.4155519008636475,0.16146673262119293,0.3178155720233917,0.25458404421806335,0.01447488833218813,0.2516587972640991
CY25-025_1-#4,74,82,early,0.5800454616546631,1.0497928857803345,1.1213006973266602,1.310676097869873,1.4151382446289062,0.16486436128616333,0.3095680773258209,0.2532518208026886,0.013231243006885052,0.2590844929218292
CY25-025_1-#4,75,83,early,0.5652713179588318,1.0633198022842407,1.0502560138702393,1.342867374420166,1.388285517692566,0.1485307663679123,0.37163689732551575,0.23394863307476044,0.01352989487349987,0.23235377669334412
CY25-025_1-#4,76,84,early,0.5778052806854248,0.9208793640136719,1.2641150951385498,1.3212002515792847,1.4348905086517334,0.1652938723564148,0.27305352687835693,0.2801520824432373,0.019014963880181313,0.262485533952713
CY25-025_1-#4,77,85,early,0.5748987197875977,0.9155687093734741,1.2611716985702515,1.3289735317230225,1.437668800354004,0.17055189609527588,0.285510390996933,0.2686677575111389,0.01931043155491352,0.25595954060554504
CY25-025_1-#4,78,86,early,0.5737969875335693,0.9217833876609802,1.223085880279541,1.33065664768219,1.4296808242797852,0.16672280430793762,0.3034840524196625,0.2589591145515442,0.017730796709656715,0.25310325622558594
CY25-025_1-#4,79,87,early,0.5709637999534607,0.8946816325187683,1.2148444652557373,1.3334721326828003,1.4228551387786865,0.1548149436712265,0.3172003924846649,0.26025596261024475,0.018273988738656044,0.24945473670959473
CY25-025_1-#4,80,88,early,0.569292426109314,0.8444255590438843,1.2410088777542114,1.336381196975708,1.4247093200683594,0.1563670039176941,0.31157612800598145,0.263874351978302,0.018273646011948586,0.24990889430046082
CY25-025_1-#4,81,89,early,0.5635255575180054,0.8148980140686035,1.2722197771072388,1.3444430828094482,1.424849510192871,0.15112560987472534,0.3203694224357605,0.2642055153846741,0.02015780098736286,0.24414168298244476
CY25-025_1-#4,82,90,early,0.5704702734947205,0.8602330684661865,1.2635886669158936,1.3390108346939087,1.4334807395935059,0.16478309035301208,0.2994816303253174,0.26538553833961487,0.019319871440529823,0.251029908657074
CY25-025_1-#4,83,91,early,0.5701045989990234,0.9790367484092712,1.1134867668151855,1.3399404287338257,1.4098360538482666,0.1637658327817917,0.3445034921169281,0.23828265070915222,0.014930389821529388,0.2385176420211792
CY25-025_1-#4,84,92,early,0.5648221373558044,1.016286849975586,1.0976022481918335,1.3474595546722412,1.3980541229248047,0.15197063982486725,0.3658987283706665,0.23401817679405212,0.015557029284536839,0.23255544900894165
CY25-025_1-#4,85,93,early,0.5622938871383667,0.9811657667160034,1.1212902069091797,1.3518269062042236,1.399176001548767,0.15259678661823273,0.36599183082580566,0.23561175167560577,0.015902157872915268,0.22989748418331146
CY25-025_1-#4,86,94,early,0.5820861458778381,1.1030782461166382,1.147041916847229,1.3076857328414917,1.4270414113998413,0.1798889935016632,0.2895888686180115,0.25993669033050537,0.014193412847816944,0.25639206171035767
CY25-025_1-#4,87,95,early,0.5621994733810425,0.9458473324775696,1.1690952777862549,1.3514339923858643,1.4089579582214355,0.1525285542011261,0.35689136385917664,0.2412203550338745,0.018168717622756958,0.2311909943819046
CY25-025_1-#4,88,96,early,0.5536568760871887,0.9061089158058167,1.1997452974319458,1.3529752492904663,1.4037736654281616,0.14507615566253662,0.3701089024543762,0.24287225306034088,0.01990683563053608,0.22203584015369415
CY25-025_1-#4,89,97,early,0.5718125700950623,0.932166576385498,1.2056204080581665,1.3389086723327637,1.4293293952941895,0.1692686229944229,0.3128937780857086,0.2564805746078491,0.01795751415193081,0.243399515748024
CY25-025_1-#4,90,98,middle,0.5629844665527344,0.8856282234191895,1.2019662857055664,1.3537530899047852,1.4174314737319946,0.15870881080627441,0.34445786476135254,0.2456246316432953,0.018594801425933838,0.23261386156082153
CY25-025_1-#4,91,99,middle,0.5649631023406982,0.799974799156189,1.2925812005996704,1.3545278310775757,1.4414482116699219,0.16750681400299072,0.3190884590148926,0.2521741986274719,0.023757103830575943,0.23747336864471436
CY25-025_1-#4,92,100,middle,0.5604164600372314,0.7864680290222168,1.3099839687347412,1.354875087738037,1.4376037120819092,0.15757690370082855,0.3238639831542969,0.25889188051223755,0.02457636594772339,0.23509088158607483
CY25-025_1-#4,93,101,middle,0.5659670233726501,0.8744485378265381,1.2196543216705322,1.35172700881958,1.4271162748336792,0.16543638706207275,0.33450019359588623,0.24390438199043274,0.01997174695134163,0.23618730902671814
CY25-025_1-#4,94,102,middle,0.5579513907432556,1.0009558200836182,1.0851833820343018,1.363053798675537,1.3887585401535034,0.15133064985275269,0.38993242383003235,0.22447413206100464,0.016787543892860413,0.21747525036334991
CY25-025_1-#4,95,103,middle,0.5655304193496704,0.9117339849472046,1.1900651454925537,1.3527443408966064,1.4208838939666748,0.1626146137714386,0.34492698311805725,0.23977550864219666,0.019370684400200844,0.2333122193813324
CY25-025_1-#4,96,106,middle,0.5643409490585327,1.0574464797973633,1.0238336324691772,1.3553359508514404,1.3877296447753906,0.16207224130630493,0.385745108127594,0.21649646759033203,0.014124419540166855,0.2215617448091507
CY25-025_1-#4,97,107,middle,0.5614370107650757,0.7564609050750732,1.3185956478118896,1.3605496883392334,1.443992257118225,0.1672257035970688,0.32122305035591125,0.25361692905426025,0.02526281215250492,0.2326715588569641
CY25-025_1-#4,98,108,middle,0.550982654094696,0.7472743988037109,1.3269788026809692,1.3648850917816162,1.4369041919708252,0.15892700850963593,0.3475227952003479,0.24756696820259094,0.02774885855615139,0.2182343602180481
CY25-025_1-#4,99,109,middle,0.5560338497161865,0.8947116136550903,1.1916987895965576,1.3657853603363037,1.4100807905197144,0.15603789687156677,0.37120258808135986,0.23450805246829987,0.020763903856277466,0.21748754382133484
CY25-025_1-#4,100,110,middle,0.5553440451622009,0.8287819623947144,1.2414710521697998,1.368225336074829,1.420933723449707,0.16036953032016754,0.35951313376426697,0.23939795792102814,0.02242264151573181,0.21829667687416077
CY25-025_1-#4,101,111,middle,0.5577096343040466,0.7367837429046631,1.3199504613876343,1.367974042892456,1.4432599544525146,0.16746562719345093,0.3308789134025574,0.25134405493736267,0.026366418227553368,0.2239450216293335
CY25-025_1-#4,102,112,middle,0.5502486228942871,0.779472827911377,1.2805171012878418,1.3691755533218384,1.4239634275436401,0.15963557362556458,0.36219924688339233,0.24080656468868256,0.02458146959543228,0.21277715265750885
CY25-025_1-#4,103,113,middle,0.5629632472991943,0.8729811906814575,1.219414234161377,1.3625661134719849,1.429405689239502,0.1668202131986618,0.34891706705093384,0.23571276664733887,0.022992592304944992,0.2255573719739914
CY25-025_1-#4,104,114,middle,0.5566554069519043,0.7821251153945923,1.2890534400939941,1.3684051036834717,1.435198426246643,0.16489511728286743,0.34375399351119995,0.2460225373506546,0.025188501924276352,0.22013984620571136
CY25-025_1-#4,105,115,middle,0.5504992604255676,0.827911913394928,1.2350971698760986,1.371452808380127,1.4139478206634521,0.1584356427192688,0.3774629831314087,0.23035261034965515,0.02353667840361595,0.21021206676959991
CY25-025_1-#4,106,116,middle,0.5642402768135071,0.8124713897705078,1.2715702056884766,1.3625197410583496,1.4437552690505981,0.17720822989940643,0.32956045866012573,0.2425130307674408,0.024788549169898033,0.22592973709106445
CY25-025_1-#4,107,117,middle,0.5531488656997681,0.784691333770752,1.287638783454895,1.3694396018981934,1.4307761192321777,0.16141380369663239,0.3549423813819885,0.24324831366539001,0.025916529819369316,0.2144789695739746
CY25-025_1-#4,108,118,middle,0.5569942593574524,0.9338749647140503,1.1510299444198608,1.369765043258667,1.4055012464523315,0.161135733127594,0.3824004828929901,0.22352814674377441,0.020533554255962372,0.2124020755290985
CY25-025_1-#4,109,119,middle,0.5532402992248535,0.9659958481788635,1.1014329195022583,1.3740410804748535,1.3889296054840088,0.15776030719280243,0.40351349115371704,0.2160358726978302,0.019402578473091125,0.20328772068023682
CY25-025_1-#4,110,120,middle,0.5514974594116211,1.0296876430511475,1.0195916891098022,1.3747317790985107,1.365866780281067,0.1520923674106598,0.4251716434955597,0.20817187428474426,0.016774166375398636,0.19778993725776672
CY25-025_1-#4,111,121,middle,0.5606463551521301,0.846243143081665,1.242188572883606,1.367197036743164,1.4327726364135742,0.16895140707492828,0.3497995436191559,0.23639124631881714,0.024418799206614494,0.22043900191783905
CY25-025_1-#4,112,122,middle,0.5437991619110107,0.8346447348594666,1.2029213905334473,1.367605209350586,1.4078865051269531,0.17465946078300476,0.39906471967697144,0.20941992104053497,0.02506810426712036,0.19178777933120728
CY25-025_1-#4,113,123,middle,0.546926736831665,0.8554403185844421,1.19133722782135,1.3743051290512085,1.4061616659164429,0.18025478720664978,0.3978913724422455,0.2016097456216812,0.023381171748042107,0.19686293601989746
CY25-025_1-#4,114,124,middle,0.5471193194389343,0.8880791664123535,1.154954195022583,1.3760093450546265,1.39073646068573,0.1560383141040802,0.40653738379478455,0.21923311054706573,0.02143036015331745,0.19676083326339722
CY25-025_1-#4,115,125,middle,0.5521571636199951,0.721271812915802,1.3369554281234741,1.3756024837493896,1.447001576423645,0.17031268775463104,0.34696927666664124,0.24077440798282623,0.03072279877960682,0.21122080087661743
CY25-025_1-#4,116,126,middle,0.5505081415176392,0.8753560781478882,1.1900675296783447,1.3760223388671875,1.4068416357040405,0.15955887734889984,0.3912603259086609,0.22457703948020935,0.02384168654680252,0.2007620632648468
CY25-025_1-#4,117,127,middle,0.5477328300476074,0.9048081636428833,1.1404072046279907,1.376902461051941,1.393990159034729,0.17965446412563324,0.41101783514022827,0.19290313124656677,0.02214532531797886,0.19427920877933502
CY25-025_1-#4,118,128,middle,0.5545578002929688,0.886920690536499,1.1934895515441895,1.3763025999069214,1.4160351753234863,0.1663118451833725,0.38413503766059875,0.21966350078582764,0.025094859302043915,0.20479479432106018
CY25-025_1-#4,119,129,middle,0.5519223213195801,0.8893455862998962,1.1758545637130737,1.3775783777236938,1.40635085105896,0.16425718367099762,0.39401528239250183,0.21690016984939575,0.02366320602595806,0.2011641561985016
CY25-025_1-#4,120,132,middle,0.5523290038108826,0.8202626705169678,1.2550203800201416,1.3773584365844727,1.4285577535629272,0.16642554104328156,0.37460437417030334,0.2256755828857422,0.028601093217730522,0.20469337701797485
CY25-025_1-#4,121,133,middle,0.551966667175293,0.8958253860473633,1.1672027111053467,1.3782877922058105,1.4048566818237305,0.16407154500484467,0.396536648273468,0.215947225689888,0.023748429492115974,0.1996961385011673
CY25-025_1-#4,122,134,middle,0.5498045682907104,0.8383744359016418,1.2120840549468994,1.3789509534835815,1.4117450714111328,0.16564850509166718,0.39119064807891846,0.21867144107818604,0.02526695467531681,0.19922247529029846
CY25-025_1-#4,123,135,middle,0.5427178740501404,0.9109126329421997,1.0959277153015137,1.3783717155456543,1.374917984008789,0.17520254850387573,0.43219277262687683,0.19013752043247223,0.021337289363145828,0.18112990260124207
CY25-025_1-#4,124,136,middle,0.5423731207847595,0.9159413576126099,1.0763022899627686,1.3785040378570557,1.3682522773742676,0.1741853654384613,0.44022035598754883,0.1850622296333313,0.021459128707647324,0.17907294631004333
CY25-025_1-#4,125,137,middle,0.5497125387191772,0.8706918954849243,1.193947434425354,1.3790465593338013,1.4134811162948608,0.1876102089881897,0.398316890001297,0.19176577031612396,0.026844294741749763,0.19546282291412354
CY25-025_1-#4,126,138,middle,0.5444110631942749,0.7877718210220337,1.2372835874557495,1.3754204511642456,1.4189728498458862,0.18886788189411163,0.3921729326248169,0.20164701342582703,0.027483664453029633,0.18982860445976257
CY25-025_1-#4,127,139,middle,0.5428833961486816,0.7991352677345276,1.199281096458435,1.3776823282241821,1.406524419784546,0.19113090634346008,0.4074482321739197,0.19244465231895447,0.026838835328817368,0.1821373999118805
CY25-025_1-#4,128,140,middle,0.540310800075531,0.7889584302902222,1.1877501010894775,1.3778375387191772,1.397825002670288,0.19017459452152252,0.4148402512073517,0.1904873549938202,0.025398703292012215,0.17909908294677734
CY25-025_1-#4,129,141,middle,0.5469123125076294,0.8517427444458008,1.1997191905975342,1.3801780939102173,1.4127639532089233,0.1848791539669037,0.40505507588386536,0.19222983717918396,0.029095109552145004,0.18874084949493408
CY25-025_1-#4,130,142,middle,0.5481353998184204,0.9799633622169495,1.0658968687057495,1.3813940286636353,1.375556468963623,0.1586332768201828,0.4333093464374542,0.20037052035331726,0.023134978488087654,0.18455186486244202
CY25-025_1-#4,131,143,middle,0.5380247831344604,0.7771486639976501,1.2150698900222778,1.373099446296692,1.4051154851913452,0.1961500346660614,0.40800654888153076,0.19464367628097534,0.02665230631828308,0.17454743385314941
CY25-025_1-#4,132,144,middle,0.5442121028900146,0.9433417320251465,1.0647823810577393,1.381412148475647,1.369012475013733,0.17710253596305847,0.43989479541778564,0.18204843997955322,0.02161821350455284,0.17933592200279236
CY25-025_1-#4,133,145,middle,0.5464137196540833,0.8162013292312622,1.2270408868789673,1.3817265033721924,1.4195239543914795,0.19194850325584412,0.39913779497146606,0.19132450222969055,0.03031919337809086,0.18726998567581177
CY25-025_1-#4,134,146,middle,0.5401161313056946,0.7443533539772034,1.2221028804779053,1.378251552581787,1.4089186191558838,0.19784849882125854,0.40906864404678345,0.18751734495162964,0.028981922194361687,0.17658360302448273
CY25-025_1-#4,135,147,middle,0.5428649187088013,0.8748997449874878,1.1248037815093994,1.3809430599212646,1.3840548992156982,0.18276014924049377,0.4320199191570282,0.1823771595954895,0.02560255490243435,0.17724020779132843
CY25-025_1-#4,136,148,middle,0.5300217866897583,0.7601122856140137,1.2230538129806519,1.362776517868042,1.396153450012207,0.200119286775589,0.4195062220096588,0.19318357110023499,0.02771856263279915,0.15947234630584717
CY25-025_1-#4,137,149,middle,0.544846773147583,0.7201480269432068,1.2845381498336792,1.3825042247772217,1.4337141513824463,0.20720785856246948,0.3862689733505249,0.1878378838300705,0.03348109871149063,0.1852041780948639
CY25-025_1-#4,138,150,middle,0.5358574390411377,0.7470133304595947,1.1867215633392334,1.3755254745483398,1.3911113739013672,0.19486451148986816,0.4278202950954437,0.184011310338974,0.028019366785883904,0.16528449952602386
CY25-025_1-#4,139,151,middle,0.5334869623184204,0.7463017106056213,1.1893388032913208,1.3736109733581543,1.3878005743026733,0.20187786221504211,0.42753541469573975,0.18243902921676636,0.026674238964915276,0.16147349774837494
CY25-025_1-#4,140,152,middle,0.5425460934638977,0.7498587965965271,1.2426657676696777,1.3810069561004639,1.4176390171051025,0.19702911376953125,0.404727041721344,0.1867792010307312,0.031816672533750534,0.17964790761470795
CY25-025_1-#4,141,153,middle,0.5397631525993347,0.8135988712310791,1.1574084758758545,1.3811506032943726,1.38749098777771,0.18956568837165833,0.43253082036972046,0.18033646047115326,0.027898792177438736,0.16966819763183594
CY25-025_1-#4,142,154,middle,0.5346809029579163,0.7388479709625244,1.2122406959533691,1.3738291263580322,1.3975166082382202,0.20240235328674316,0.42137420177459717,0.1839141994714737,0.0289921872317791,0.16331703960895538
CY25-025_1-#4,143,155,middle,0.5420982837677002,0.6646479368209839,1.3801460266113281,1.3797250986099243,1.4654197692871094,0.22607585787773132,0.3555542826652527,0.19470955431461334,0.04201435670256615,0.1816459596157074
CY25-025_1-#4,144,158,middle,0.5409950017929077,0.6719403266906738,1.3632009029388428,1.3783926963806152,1.45780348777771,0.21930886805057526,0.36545926332473755,0.19433756172657013,0.04051210358738899,0.18038223683834076
CY25-025_1-#4,145,159,middle,0.5374617576599121,0.6861782670021057,1.3010199069976807,1.3779548406600952,1.4313030242919922,0.21641716361045837,0.3913101553916931,0.18719466030597687,0.03539770096540451,0.16968034207820892
CY25-025_1-#4,146,160,middle,0.5323546528816223,0.700315535068512,1.2602927684783936,1.3715639114379883,1.4087460041046143,0.2185828983783722,0.40977343916893005,0.17938844859600067,0.03138125687837601,0.16087393462657928
CY25-025_1-#4,147,161,middle,0.5349595546722412,0.6990629434585571,1.3269094228744507,1.3709352016448975,1.4413048028945923,0.2171497792005539,0.38555413484573364,0.19236397743225098,0.039392534643411636,0.16553956270217896
CY25-025_1-#4,148,162,middle,0.5375937223434448,0.7013129591941833,1.2641468048095703,1.377511978149414,1.4196431636810303,0.20851415395736694,0.4072036147117615,0.18194463849067688,0.03523242101073265,0.16710519790649414
CY25-025_1-#4,149,163,middle,0.5341870784759521,0.6918919086456299,1.301940679550171,1.3723859786987305,1.42882239818573,0.22109031677246094,0.39532989263534546,0.1836157888174057,0.03661584481596947,0.16334807872772217
CY25-025_1-#4,150,164,middle,0.5382233262062073,0.7980488538742065,1.1427030563354492,1.3806712627410889,1.3780517578125,0.19311481714248657,0.44178974628448486,0.17269569635391235,0.027633624151349068,0.16476614773273468
CY25-025_1-#4,151,165,middle,0.5363429188728333,0.6669250130653381,1.368145227432251,1.3742401599884033,1.459286093711853,0.22889237105846405,0.3697056174278259,0.1885874718427658,0.045173197984695435,0.16764134168624878
CY25-025_1-#4,152,166,middle,0.5380924940109253,0.6945623159408569,1.2823801040649414,1.3781981468200684,1.4275259971618652,0.21292567253112793,0.4003572165966034,0.1824643611907959,0.037134572863578796,0.16711819171905518
CY25-025_1-#4,153,167,middle,0.5331815481185913,0.7232499718666077,1.2582645416259766,1.369520664215088,1.4139972925186157,0.21050743758678436,0.4125285744667053,0.18363703787326813,0.03522016853094101,0.15810678899288177
CY25-025_1-#4,154,168,middle,0.5323516726493835,0.6993648409843445,1.2340047359466553,1.3713576793670654,1.4018861055374146,0.20369483530521393,0.42714983224868774,0.17914091050624847,0.035048965364694595,0.15496547520160675
CY25-025_1-#4,155,169,middle,0.5430741310119629,0.7290775775909424,1.2735085487365723,1.3834385871887207,1.4316728115081787,0.20766976475715637,0.4004925489425659,0.18011964857578278,0.03913425654172897,0.17258377373218536
CY25-025_1-#4,156,170,middle,0.5409735441207886,0.6713171005249023,1.301129937171936,1.3815947771072388,1.4371644258499146,0.21167516708374023,0.3944501280784607,0.18223820626735687,0.04004176706075668,0.1715947389602661
CY25-025_1-#4,157,171,middle,0.5230260491371155,0.7217419743537903,1.222793459892273,1.3509787321090698,1.3861355781555176,0.22619275748729706,0.4282492399215698,0.17469778656959534,0.030440593138337135,0.1404196172952652
CY25-025_1-#4,158,172,middle,0.5292080044746399,0.6910207271575928,1.302286148071289,1.3627058267593384,1.4271175861358643,0.22708141803741455,0.4018924832344055,0.1795816421508789,0.040874261409044266,0.15057024359703064
CY25-025_1-#4,159,173,middle,0.5349627137184143,0.8044574856758118,1.0994861125946045,1.37744140625,1.3594675064086914,0.19248640537261963,0.4610302150249481,0.16595938801765442,0.028200065717101097,0.15232393145561218
CY25-025_1-#4,160,174,middle,0.5320037007331848,0.6941696405410767,1.3188652992248535,1.3675706386566162,1.4369542598724365,0.23161901533603668,0.38877686858177185,0.1817278116941452,0.04058724641799927,0.1572890728712082
CY25-025_1-#4,161,175,middle,0.5374702215194702,0.6430975198745728,1.3647541999816895,1.377605676651001,1.4570131301879883,0.24053847789764404,0.36931300163269043,0.1791931688785553,0.045541781932115555,0.16541354358196259
CY25-025_1-#4,162,176,middle,0.528640866279602,0.6937933564186096,1.3022537231445312,1.3614636659622192,1.4278481006622314,0.23139053583145142,0.40014928579330444,0.17928485572338104,0.041499149054288864,0.14767611026763916
CY25-025_1-#4,163,177,middle,0.5323225855827332,0.6959697008132935,1.1880602836608887,1.3717280626296997,1.3827215433120728,0.20180019736289978,0.44407397508621216,0.1699424386024475,0.032919373363256454,0.151264026761055
CY25-025_1-#4,164,178,middle,0.5275707244873047,0.6789175271987915,1.2602417469024658,1.3618056774139404,1.4026145935058594,0.2294383943080902,0.41855528950691223,0.1713889092206955,0.03507678955793381,0.14554062485694885
CY25-025_1-#4,165,179,middle,0.5217889547348022,0.8726698160171509,1.2557225227355957,1.3452965021133423,1.4718183279037476,0.13832296431064606,0.4276004433631897,0.17304833233356476,0.1258644461631775,0.13516384363174438
CY25-025_1-#4,166,180,middle,0.5347650051116943,0.6461176872253418,1.3084571361541748,1.3743269443511963,1.4319593906402588,0.22437946498394012,0.4029461145401001,0.17346644401550293,0.04393894970417023,0.15526904165744781
CY25-025_1-#4,167,181,middle,0.524699866771698,0.653489887714386,1.289623498916626,1.3527555465698242,1.410243272781372,0.23816362023353577,0.41264721751213074,0.16836220026016235,0.03882540389895439,0.14200156927108765
CY25-025_1-#4,168,184,middle,0.5252822041511536,0.6506781578063965,1.3419973850250244,1.3524696826934814,1.4417846202850342,0.263394296169281,0.372938871383667,0.17587801814079285,0.04448647052049637,0.14330238103866577
CY25-025_1-#4,169,185,middle,0.5204383730888367,0.8231891989707947,1.2871596813201904,1.339834451675415,1.4866619110107422,0.1565377116203308,0.41480517387390137,0.16569243371486664,0.13012856245040894,0.13283608853816986
CY25-025_1-#4,170,186,middle,0.5217472314834595,0.8133518099784851,1.32267427444458,1.341917634010315,1.518985629081726,0.17903731763362885,0.3787851333618164,0.1732153594493866,0.13289476931095123,0.13606742024421692
CY25-025_1-#4,171,187,middle,0.520445704460144,0.6522866487503052,1.3102355003356934,1.337723731994629,1.4237442016601562,0.2623467743396759,0.3925768733024597,0.1692449152469635,0.04439099505543709,0.13144050538539886
CY25-025_1-#4,172,188,middle,0.5225515365600586,0.6532379984855652,1.2981812953948975,1.3452032804489136,1.415959119796753,0.24838201701641083,0.4068982005119324,0.16787490248680115,0.04307360202074051,0.13377128541469574
CY25-025_1-#4,173,189,middle,0.5213779807090759,0.6384787559509277,1.2743875980377197,1.3419485092163086,1.3994628190994263,0.25113391876220703,0.41811898350715637,0.15955865383148193,0.03983111307024956,0.1313573122024536
CY25-025_1-#4,174,190,middle,0.5294835567474365,0.6287299394607544,1.329917311668396,1.3623569011688232,1.432908058166504,0.23365271091461182,0.4020642638206482,0.16994741559028625,0.04682894051074982,0.14750666916370392
CY25-025_1-#4,175,191,middle,0.5218709707260132,0.6443465352058411,1.2945494651794434,1.3422552347183228,1.4104955196380615,0.23640576004981995,0.4193572700023651,0.16728386282920837,0.04426926001906395,0.13268384337425232
CY25-025_1-#4,176,192,middle,0.5220659971237183,0.6488350629806519,1.2176740169525146,1.3440351486206055,1.3715898990631104,0.22572670876979828,0.4510137438774109,0.15677499771118164,0.03646012768149376,0.13002440333366394
CY25-025_1-#4,177,193,middle,0.5216885805130005,0.6282382011413574,1.265068769454956,1.3428257703781128,1.3919925689697266,0.2466818392276764,0.4263310134410858,0.15697753429412842,0.03882918506860733,0.13118040561676025
CY25-025_1-#4,178,194,middle,0.5220890641212463,0.6061568856239319,1.3566787242889404,1.3400934934616089,1.4450562000274658,0.2653002142906189,0.3810920715332031,0.16513888537883759,0.05462069809436798,0.1338481456041336
CY25-025_1-#4,179,195,late,0.5206813812255859,0.6246694326400757,1.30107581615448,1.3366519212722778,1.412590742111206,0.2580045461654663,0.40763038396835327,0.16034731268882751,0.04499272257089615,0.12902501225471497
CY25-025_1-#4,180,196,late,0.5123404860496521,0.8012793064117432,1.2690318822860718,1.3153395652770996,1.4906069040298462,0.19537575542926788,0.40130630135536194,0.16019485890865326,0.12958741188049316,0.11353570222854614
CY25-025_1-#4,181,197,late,0.5198777914047241,0.6369677782058716,1.2153657674789429,1.3382470607757568,1.366884469985962,0.22923536598682404,0.4546794295310974,0.15441372990608215,0.03769557178020477,0.12397587299346924
CY25-025_1-#4,182,198,late,0.5168951153755188,0.9314022660255432,1.3193410634994507,1.3237255811691284,1.5371400117874146,0.22498248517513275,0.34259042143821716,0.16423436999320984,0.14565904438495636,0.12253370881080627
CY25-025_1-#4,183,199,late,0.5229393839836121,0.5872533321380615,1.3278799057006836,1.3421295881271362,1.4249153137207031,0.27154701948165894,0.39304986596107483,0.15427382290363312,0.04933920502662659,0.13179008662700653
CY25-025_1-#4,184,200,late,0.5149314999580383,0.8462960720062256,1.2819021940231323,1.3188083171844482,1.504911184310913,0.20525576174259186,0.38529106974601746,0.15858310461044312,0.13260281085968018,0.11826727539300919
CY25-025_1-#4,185,201,late,0.5162948369979858,0.6178534030914307,1.2710750102996826,1.3203266859054565,1.3927146196365356,0.26002609729766846,0.42370539903640747,0.15309123694896698,0.04437334090471268,0.11880391091108322
CY25-025_1-#4,186,202,late,0.5227439999580383,0.630584716796875,1.380697250366211,1.3379967212677002,1.4580261707305908,0.270999938249588,0.3708435595035553,0.16336582601070404,0.06180444732308388,0.13298626244068146
CY25-025_1-#4,187,203,late,0.5219120383262634,0.6112767457962036,1.3562312126159668,1.3345417976379395,1.4422860145568848,0.2725728154182434,0.3828809857368469,0.15675988793373108,0.05771838128566742,0.13006789982318878
CY25-025_1-#4,188,204,late,0.5156972408294678,0.7262440919876099,1.310234546661377,1.3138959407806396,1.4247480630874634,0.29132288694381714,0.38211601972579956,0.15477775037288666,0.053397271782159805,0.11838610470294952
CY25-025_1-#4,189,205,late,0.5168498754501343,0.6276496648788452,1.3125970363616943,1.3200438022613525,1.4155092239379883,0.27809351682662964,0.3983803391456604,0.1523810178041458,0.05088980868458748,0.12025530636310577
CY25-025_1-#4,190,206,late,0.5156605243682861,0.9503992795944214,1.3171275854110718,1.315330982208252,1.5356732606887817,0.23015794157981873,0.3412095308303833,0.15919837355613708,0.15094837546348572,0.11848581582307816
CY25-025_1-#4,191,207,late,0.5168485641479492,0.6938351392745972,1.3272249698638916,1.3156520128250122,1.4271718263626099,0.28820204734802246,0.3851310610771179,0.15148252248764038,0.05642674118280411,0.11875766515731812
CY25-025_1-#4,192,210,late,0.5232013463973999,0.550759494304657,1.3633711338043213,1.337517499923706,1.4382972717285156,0.252015620470047,0.40306001901626587,0.15375202894210815,0.06207312270998955,0.12909920513629913
CY25-025_1-#4,193,211,late,0.5230832695960999,0.7069951295852661,1.376192331314087,1.3332393169403076,1.4634175300598145,0.2882894277572632,0.36008358001708984,0.15326985716819763,0.06987831741571426,0.12847883999347687
CY25-025_1-#4,194,212,late,0.5153839588165283,0.7445486783981323,1.325169324874878,1.3072725534439087,1.429866075515747,0.29381781816482544,0.381692111492157,0.14845672249794006,0.06072916463017464,0.11530418694019318
CY25-025_1-#4,195,213,late,0.5166622400283813,0.6358029246330261,1.3096950054168701,1.3146785497665405,1.4141175746917725,0.27765458822250366,0.4032154083251953,0.14799007773399353,0.05471223592758179,0.1164277046918869
CY25-025_1-#4,196,214,late,0.5143528580665588,0.6608136296272278,1.291106939315796,1.3050111532211304,1.405698299407959,0.27580714225769043,0.4097244143486023,0.14915962517261505,0.05273246765136719,0.11257632821798325
CY25-025_1-#4,197,215,late,0.5124440789222717,0.5079749226570129,1.3014061450958252,1.3011143207550049,1.3700075149536133,0.26802051067352295,0.41902703046798706,0.14510022103786469,0.14148886501789093,0.026363376528024673
CY25-025_1-#4,198,216,late,0.5173158645629883,1.0952070951461792,1.3342113494873047,1.3098852634429932,1.5182216167449951,0.3170929551124573,0.29198163747787476,0.14870326220989227,0.12562739849090576,0.11659476906061172
CY25-025_1-#4,199,217,late,0.5091835856437683,0.7322468757629395,1.287895679473877,1.2880234718322754,1.3861583471298218,0.30973541736602783,0.37486356496810913,0.14330439269542694,0.14550818502902985,0.02658837102353573
CY25-025_1-#4,200,218,late,0.5137128829956055,0.5223650932312012,1.293793797492981,1.3018670082092285,1.3656548261642456,0.2806825637817383,0.41308072209358215,0.14270159602165222,0.1385733187198639,0.02496175654232502
CY25-025_1-#4,201,219,late,0.5025172829627991,0.835858166217804,1.231684923171997,1.2702975273132324,1.371924877166748,0.3196669816970825,0.3788045048713684,0.13928554952144623,0.13707628846168518,0.025166690349578857
CY25-025_1-#4,202,220,late,0.5150789618492126,0.6974454522132874,1.321494221687317,1.2993372678756714,1.4157273769378662,0.292673259973526,0.3969144821166992,0.13765138387680054,0.06248033419251442,0.11028052866458893
CY25-025_1-#4,203,221,late,0.5112291574478149,0.977746307849884,1.2823240756988525,1.2879796028137207,1.4302256107330322,0.32221779227256775,0.2946756184101105,0.14480064809322357,0.2115732729434967,0.026732629165053368
CY25-025_1-#4,204,222,late,0.5079404711723328,0.8313897252082825,1.2614538669586182,1.2766907215118408,1.3874436616897583,0.3298753499984741,0.35334348678588867,0.1389201432466507,0.15259942412376404,0.025261640548706055
CY25-025_1-#4,205,223,late,0.5122254490852356,0.6818749308586121,1.321402668952942,1.291064739227295,1.3943547010421753,0.31083691120147705,0.36495330929756165,0.14048634469509125,0.15696144104003906,0.02676198072731495
CY25-025_1-#4,206,224,late,0.5084338188171387,0.6407904624938965,1.3123220205307007,1.2777799367904663,1.3742412328720093,0.29624298214912415,0.39400726556777954,0.1318187117576599,0.15272752940654755,0.02520349808037281
CY25-025_1-#4,207,225,late,0.510675847530365,0.7321115136146545,1.2967995405197144,1.2843657732009888,1.3857996463775635,0.32139503955841064,0.3632863163948059,0.13610313832759857,0.1535564363002777,0.02565905451774597
CY25-025_1-#4,208,226,late,0.5070776343345642,0.9969387054443359,1.2479846477508545,1.2742652893066406,1.4123985767364502,0.33743032813072205,0.29954594373703003,0.13344858586788177,0.20500123500823975,0.024573834612965584
CY25-025_1-#4,209,227,late,0.5076667666435242,0.583490252494812,1.2905395030975342,1.2778502702713013,1.3561924695968628,0.28794169425964355,0.4148860573768616,0.13093934953212738,0.14245781302452087,0.0237751342356205
CY25-025_1-#4,210,228,late,0.4985210597515106,0.9381129741668701,1.1901602745056152,1.2430038452148438,1.360046148300171,0.3441184163093567,0.36317557096481323,0.12828883528709412,0.14234936237335205,0.022067783400416374
CY25-025_1-#4,211,229,late,0.5056624412536621,0.9686145782470703,1.2876946926116943,1.2643187046051025,1.4149476289749146,0.31424954533576965,0.31433117389678955,0.13026365637779236,0.21680855751037598,0.02434707246720791
CY25-025_1-#4,212,230,late,0.5031707286834717,1.0218110084533691,1.2349352836608887,1.256617784500122,1.403822660446167,0.3355270028114319,0.3086203932762146,0.12730248272418976,0.20544417202472687,0.023105908185243607
CY25-025_1-#4,213,231,late,0.501856803894043,0.7719491720199585,1.2282114028930664,1.2534096240997314,1.3459875583648682,0.3172973394393921,0.39889127016067505,0.12621040642261505,0.13613849878311157,0.021462474018335342
CY25-025_1-#4,214,232,late,0.5116384029388428,0.9080909490585327,1.31815505027771,1.2792576551437378,1.4172965288162231,0.304786741733551,0.3108944296836853,0.1291918158531189,0.23134836554527283,0.02377862110733986
CY25-025_1-#4,215,233,late,0.5077428817749023,1.0225720405578613,1.2663710117340088,1.268108606338501,1.4176621437072754,0.3062930107116699,0.3011954426765442,0.13139128684997559,0.2386772632598877,0.0224430151283741
CY25-025_1-#4,216,236,late,0.49855318665504456,0.9342451095581055,1.1805614233016968,1.2417597770690918,1.350762128829956,0.3477495312690735,0.36756467819213867,0.12420766055583954,0.13915269076824188,0.021325508132576942
CY25-025_1-#4,217,237,late,0.5069586038589478,1.0308585166931152,1.256403923034668,1.2657966613769531,1.4144095182418823,0.31128162145614624,0.30008774995803833,0.12877078354358673,0.2376830279827118,0.022176804021000862
CY25-025_1-#4,218,238,late,0.4993956387042999,0.7868665456771851,1.244166374206543,1.237485647201538,1.349491834640503,0.3197883665561676,0.3923279047012329,0.11990336328744888,0.1467026174068451,0.02127772383391857
CY25-025_1-#4,219,239,late,0.5076964497566223,0.9652397632598877,1.2880799770355225,1.260878562927246,1.4080759286880493,0.30819225311279297,0.31612738966941833,0.12412028014659882,0.22934438288211823,0.022215750068426132
CY25-025_1-#4,220,240,late,0.4955872893333435,1.1303939819335938,1.1577484607696533,1.2214961051940918,1.3820451498031616,0.34859853982925415,0.31079670786857605,0.11792247742414474,0.2036861777305603,0.018996112048625946
CY25-025_1-#4,221,241,late,0.5098141431808472,0.9590088129043579,1.2961045503616333,1.2679569721221924,1.4128696918487549,0.29586803913116455,0.3097408413887024,0.12393818795681,0.24811817705631256,0.022334720939397812
CY25-025_1-#4,222,242,late,0.5085515379905701,0.9221314191818237,1.3141354322433472,1.262069821357727,1.4084522724151611,0.2921788692474365,0.32250672578811646,0.12261652201414108,0.24074265360832214,0.02195519581437111
CY25-025_1-#4,223,243,late,0.4958396852016449,0.9503723382949829,1.161332607269287,1.221217393875122,1.335793375968933,0.35645562410354614,0.3691851496696472,0.11602850258350372,0.13913455605506897,0.019196053966879845
CY25-025_1-#4,224,244,late,0.502524733543396,1.0380291938781738,1.2432975769042969,1.2357208728790283,1.3928719758987427,0.31500527262687683,0.3185974657535553,0.11476753652095795,0.23200029134750366,0.019629407674074173
CY25-025_1-#4,225,245,late,0.506083607673645,0.9773916602134705,1.284024715423584,1.2475552558898926,1.4001681804656982,0.2938559353351593,0.3221777677536011,0.11711329966783524,0.24659910798072815,0.02025393396615982
CY25-025_1-#4,226,246,late,0.49499261379241943,1.177106499671936,1.1190952062606812,1.2087796926498413,1.370577335357666,0.35619059205055237,0.30793440341949463,0.11090439558029175,0.2077963948249817,0.017174256965517998
CY25-025_1-#4,227,247,late,0.49303117394447327,1.1075564622879028,1.1664115190505981,1.2018554210662842,1.3663614988327026,0.35049495100975037,0.3271082043647766,0.10947763919830322,0.1948518306016922,0.018067387863993645
CY25-025_1-#4,228,248,late,0.49806761741638184,1.132656455039978,1.186232089996338,1.2189233303070068,1.3872296810150146,0.32053959369659424,0.3103269934654236,0.11177034676074982,0.2393854260444641,0.01797766424715519
CY25-025_1-#4,229,249,late,0.48957476019859314,1.198554277420044,1.1242115497589111,1.1868398189544678,1.3681895732879639,0.3462642431259155,0.31494972109794617,0.10628484189510345,0.21596479415893555,0.016536366194486618
CY25-025_1-#4,230,250,late,0.5005236864089966,1.1138951778411865,1.1962733268737793,1.2260043621063232,1.3879928588867188,0.3158961832523346,0.3098843991756439,0.11237020790576935,0.24428629875183105,0.01756288670003414
CY25-025_1-#4,231,251,late,0.4915984272956848,1.172818660736084,1.1368181705474854,1.1876676082611084,1.3634555339813232,0.34730127453804016,0.3215008080005646,0.1052909716963768,0.20972052216529846,0.01618637703359127
CY25-025_1-#4,232,252,late,0.4888051450252533,1.175767421722412,1.0919826030731201,1.1773664951324463,1.3437198400497437,0.371978759765625,0.32603591680526733,0.10261434316635132,0.18352457880973816,0.01584637723863125
CY25-025_1-#4,233,253,late,0.49089401960372925,1.1676995754241943,1.1488564014434814,1.183802604675293,1.364979863166809,0.34065696597099304,0.3235613703727722,0.10346587747335434,0.21593829989433289,0.016377510502934456
CY25-025_1-#4,234,254,late,0.48765891790390015,1.2063231468200684,1.1159312725067139,1.1685701608657837,1.3549525737762451,0.3486502170562744,0.3223998546600342,0.09874983131885529,0.2150365263223648,0.015163558535277843
CY25-025_1-#4,235,255,late,0.4897224009037018,1.223219871520996,1.1146211624145508,1.178769588470459,1.365077018737793,0.33970654010772705,0.3145042955875397,0.10259581357240677,0.22792506217956543,0.015268336981534958
CY25-025_1-#4,236,256,late,0.4942828118801117,1.1344119310379028,1.1837620735168457,1.191713571548462,1.3699383735656738,0.31678950786590576,0.3228013813495636,0.09975774586200714,0.24456658959388733,0.016084695234894753
CY25-025_1-#4,237,257,late,0.4880155026912689,1.147231101989746,1.1645469665527344,1.1715450286865234,1.3583438396453857,0.3395577371120453,0.33418992161750793,0.10018344968557358,0.2097328007221222,0.01633608527481556
CY25-025_1-#4,238,258,late,0.49223998188972473,1.1923391819000244,1.1531214714050293,1.180389404296875,1.368914246559143,0.3037233054637909,0.3179560899734497,0.09834332764148712,0.26509663462638855,0.014880677685141563
CY25-025_1-#4,239,259,late,0.4902035892009735,1.1586289405822754,1.160161018371582,1.1672327518463135,1.355407953262329,0.33162936568260193,0.33098509907722473,0.09412737190723419,0.22796961665153503,0.015288536436855793
CY25-025_1-#4,240,262,late,0.4831628203392029,1.2822686433792114,1.0217223167419434,1.1426384449005127,1.329685926437378,0.37759101390838623,0.3185986280441284,0.09244416654109955,0.19834855198860168,0.013017605058848858
CY25-025_1-#4,241,263,late,0.4942384958267212,1.1895191669464111,1.1480433940887451,1.181062936782837,1.3655747175216675,0.2924598455429077,0.31781619787216187,0.0961150974035263,0.27944064140319824,0.014168212190270424
CY25-025_1-#4,242,264,late,0.48938027024269104,1.213782787322998,1.1138124465942383,1.1632764339447021,1.3507442474365234,0.341327965259552,0.32247254252433777,0.09384201467037201,0.22841516137123108,0.0139424167573452
CY25-025_1-#4,243,265,late,0.4841708242893219,1.226405382156372,1.1131024360656738,1.1419531106948853,1.345037579536438,0.3412197232246399,0.32912611961364746,0.08992088586091995,0.2257193922996521,0.014013903215527534
CY25-025_1-#4,244,266,late,0.48349711298942566,1.3167595863342285,1.05619478225708,1.1271367073059082,1.3438163995742798,0.32075387239456177,0.3180157542228699,0.08668064326047897,0.2630032002925873,0.011546477675437927
CY25-025_1-#4,245,267,late,0.480103462934494,1.2930409908294678,1.022596836090088,1.1143299341201782,1.3169655799865723,0.37612298130989075,0.3283626437187195,0.08470919728279114,0.19874674081802368,0.012058401480317116
CY25-025_1-#4,246,268,late,0.48940515518188477,1.2491157054901123,1.1053545475006104,1.1497042179107666,1.3507078886032104,0.27744045853614807,0.32110676169395447,0.08853532373905182,0.30056700110435486,0.01235047448426485
CY25-025_1-#4,247,269,late,0.48303332924842834,1.2656044960021973,1.0918853282928467,1.1249794960021973,1.3394781351089478,0.3351632058620453,0.3293389678001404,0.08605904877185822,0.23684445023536682,0.012594384141266346
CY25-025_1-#4,248,270,late,0.48479408025741577,1.3036577701568604,1.066626787185669,1.13019597530365,1.3440840244293213,0.3004741072654724,0.3183748424053192,0.08519601821899414,0.2845722436904907,0.011382805183529854
CY25-025_1-#4,249,271,late,0.48454317450523376,1.2713227272033691,1.0930554866790771,1.1226153373718262,1.3395792245864868,0.2810043692588806,0.32601499557495117,0.08118074387311935,0.2999862730503082,0.011813635006546974
CY25-025_1-#4,250,272,late,0.4823343753814697,1.3317630290985107,1.048677921295166,1.1097006797790527,1.336632251739502,0.30744650959968567,0.32173460721969604,0.08140096068382263,0.27861207723617554,0.010805865749716759
CY25-025_1-#4,251,273,late,0.47729745507240295,1.3435735702514648,1.0229854583740234,1.0813219547271729,1.3170490264892578,0.3466441035270691,0.32898831367492676,0.0752262994647026,0.23875239491462708,0.010388861410319805
CY25-025_1-#4,252,274,late,0.48258766531944275,1.306784749031067,1.0623176097869873,1.1017584800720215,1.3288381099700928,0.29041627049446106,0.32714420557022095,0.07593477517366409,0.2959217131137848,0.010583017952740192
CY25-025_1-#4,253,275,late,0.4715099036693573,1.4058794975280762,0.9602915644645691,1.0542609691619873,1.3040671348571777,0.36410611867904663,0.3260720372200012,0.07258731126785278,0.2279796004295349,0.0092549379914999
CY25-025_1-#4,254,276,late,0.47712644934654236,1.387735366821289,0.9999563694000244,1.0775880813598633,1.3220363855361938,0.2853512763977051,0.32129260897636414,0.0743589848279953,0.309801310300827,0.009195753373205662
CY25-025_1-#4,255,277,late,0.4701016843318939,1.4121849536895752,1.0028049945831299,1.0396325588226318,1.3144309520721436,0.3198358714580536,0.33120301365852356,0.07097714394330978,0.26884037256240845,0.009143524803221226
CY25-025_1-#4,256,278,late,0.4797593653202057,1.3695430755615234,1.0017757415771484,1.080049753189087,1.3168613910675049,0.2851836085319519,0.3233111500740051,0.07161895185709,0.31100690364837646,0.008879506960511208
CY25-025_1-#4,257,279,late,0.46638694405555725,1.4343947172164917,0.9504704475402832,1.018885612487793,1.2935140132904053,0.36296045780181885,0.33210596442222595,0.06693074107170105,0.22941690683364868,0.00858596246689558
CY25-025_1-#4,258,280,late,0.47861573100090027,1.3460214138031006,1.029024362564087,1.0722606182098389,1.3145692348480225,0.27578628063201904,0.3304373025894165,0.06993963569402695,0.3145214915275574,0.009315247647464275
CY25-025_1-#4,259,281,late,0.47073042392730713,1.4562439918518066,0.9505631327629089,1.0351240634918213,1.3078914880752563,0.2824954092502594,0.3242352604866028,0.06938648223876953,0.31646522879600525,0.007417669054120779
CY25-025_1-#4,260,282,late,0.47511953115463257,1.409092903137207,0.9780609607696533,1.0539634227752686,1.3087351322174072,0.27021777629852295,0.3262993395328522,0.06939400732517242,0.3259441554546356,0.008144701831042767
CY25-025_1-#4,261,283,late,0.4726729393005371,1.4074513912200928,0.9937490224838257,1.0429807901382446,1.3094267845153809,0.314187616109848,0.3300999402999878,0.06819091737270355,0.2790237069129944,0.008497728034853935
CY25-025_1-#4,262,284,late,0.47446995973587036,1.400662899017334,0.9990311861038208,1.0409088134765625,1.3074109554290771,0.2814646363258362,0.3326994776725769,0.06691542267799377,0.3104707896709442,0.008449668996036053
CY25-025_1-#4,263,285,late,0.4613533020019531,1.473452091217041,0.9159099459648132,0.9809390306472778,1.275886058807373,0.3761085271835327,0.33691486716270447,0.06202581897377968,0.21726107597351074,0.007689713500440121
CY25-025_1-#4,264,288,late,0.473171204328537,1.4249601364135742,0.9772472381591797,1.0357539653778076,1.3056749105453491,0.28276389837265015,0.33013540506362915,0.06702461838722229,0.31222808361053467,0.00784796942025423
CY25-025_1-#4,265,289,late,0.4733085334300995,1.4298251867294312,0.959555983543396,1.035979151725769,1.3002569675445557,0.2599802315235138,0.32884112000465393,0.06661523878574371,0.33690589666366577,0.007657462731003761
CY25-025_1-#4,266,290,late,0.4686230719089508,1.4282406568527222,0.9882426857948303,1.0118763446807861,1.2998933792114258,0.29698455333709717,0.33583712577819824,0.06285982578992844,0.29634013772010803,0.007978404872119427
CY25-025_1-#4,267,291,late,0.46298956871032715,1.4562005996704102,0.9709860682487488,0.974390983581543,1.2861652374267578,0.3297218382358551,0.3419404923915863,0.05808610841631889,0.26269102096557617,0.00756054138764739
