Cycle_Index,QV_Curve,Charge_Current(A),Temperture,Discharge_Current(A),Max_Charge_Capacity(Ah),Max_Discharge_Capacity(Ah)
2,"[0.096, 0.105, 0.12, 0.139, 0.16048072562358262, 0.178, 0.192, 0.21232718894009214, 0.222, 0.23641156462584997, 0.254, 0.268, 0.284, 0.305, 0.325, 0.3527379591836733, 0.377, 0.4134195011337864, 0.448, 0.504204081632653, 0.564, 0.6663506493506495, 0.783, 0.882, 0.965, 1.074, 1.177, 1.22, 1.287, 1.330549387755102, 1.387, 1.43, 1.481, 1.518709750566893, 1.5495918367346937, 1.5948241758241755, 1.621888582460011, 1.666, 1.693, 1.729, 1.7667530612244895, 1.7898836183121898, 1.8255087108013937, 1.86, 1.880842801985659, 1.9060578231292507, 1.9395896501457726, 1.967, 1.994, 2.022]",1.2,25,-2.4,2.351,2.343
3,"[0.098, 0.107, 0.12365986394557875, 0.144, 0.164, 0.182595918367347, 0.198, 0.212, 0.225, 0.243, 0.257, 0.2712585034013605, 0.2874888682745826, 0.311, 0.335, 0.358, 0.386, 0.419, 0.456, 0.511, 0.5739217687074831, 0.6961904761904764, 0.817, 0.8817214885954383, 1.005, 1.089, 1.179, 1.2341114599686032, 1.292057142857143, 1.344, 1.398, 1.4349746938775512, 1.49, 1.524, 1.557, 1.596, 1.634, 1.6726342229199374, 1.6919229487713454, 1.7371678736010536, 1.769, 1.7997220602526725, 1.829292517006803, 1.865, 1.891, 1.917, 1.9453800330943187, 1.971, 1.997, 2.027]",1.2,25,-2.4,2.354,2.343
4,"[0.1, 0.108, 0.12472108843537374, 0.14342229199372053, 0.166, 0.184, 0.19739918367346934, 0.214, 0.228, 0.242, 0.257, 0.271, 0.293, 0.307, 0.338, 0.358, 0.38226448979591826, 0.4236292517006798, 0.463, 0.5115843179377012, 0.583, 0.6970656370656371, 0.8236236734693877, 0.909, 0.9870765306122444, 1.089, 1.1831496598639453, 1.2365676317038443, 1.298, 1.353, 1.395, 1.4389624489795918, 1.479, 1.522, 1.573, 1.607, 1.639, 1.6696954474097332, 1.702, 1.7368591836734695, 1.7737812244897957, 1.801641156462585, 1.8326190476190471, 1.867, 1.8868658892128278, 1.921, 1.9473469387755102, 1.973, 1.999, 2.029]",1.2,25,-2.4,2.365,2.353
5,"[0.099, 0.108, 0.127, 0.148, 0.166, 0.185, 0.201, 0.21534693877551012, 0.229, 0.243, 0.259, 0.273, 0.29101181525241665, 0.30805442176870707, 0.33644401544401553, 0.361, 0.391, 0.424, 0.467, 0.513, 0.581, 0.7220952380952382, 0.813172684458399, 0.91, 0.988, 1.0946972789115648, 1.184, 1.239, 1.295701680672269, 1.3478959183673471, 1.3967551020408162, 1.442, 1.487, 1.528, 1.561, 1.5976593406593407, 1.642, 1.672, 1.7050548469387756, 1.7358643132928848, 1.774, 1.802945578231293, 1.836, 1.871, 1.896, 1.9223782798833822, 1.949, 1.975, 2.000115918367347, 2.031]",1.2,25,-2.4,2.365,2.351
6,"[0.099, 0.109, 0.127, 0.148, 0.167, 0.186, 0.19934329446064136, 0.21341269841269825, 0.22939632653061218, 0.243319727891156, 0.2596683673469386, 0.27382374768089035, 0.292, 0.3123330241187383, 0.337, 0.363, 0.389, 0.425, 0.455, 0.515, 0.597, 0.7230476190476192, 0.836, 0.916, 0.9839576138147567, 1.098, 1.189, 1.2388962585034018, 1.297, 1.3549693877551021, 1.399877551020408, 1.447, 1.4940884353741497, 1.528, 1.5703112244897959, 1.603, 1.641, 1.679, 1.707, 1.7451075565361283, 1.772, 1.8045759637188215, 1.838, 1.87, 1.895, 1.921, 1.95, 1.9810718367346942, 2.006, 2.032]",1.2,25,-2.4,2.365,2.352
7,"[0.099, 0.1095316863587539, 0.13, 0.14786970172684435, 0.1684671201814058, 0.186, 0.197, 0.215, 0.233, 0.245, 0.26, 0.274, 0.292, 0.30987847866419277, 0.336, 0.362, 0.388705306122449, 0.425, 0.46311346938775516, 0.5241575510204083, 0.5921156462585038, 0.704, 0.816, 0.914, 0.992862244897959, 1.101, 1.195, 1.243, 1.305, 1.3573147153598282, 1.403, 1.4425272108843539, 1.491, 1.525, 1.571, 1.606, 1.6404727891156463, 1.679521193092622, 1.701, 1.746, 1.776, 1.806431972789116, 1.836, 1.871, 1.8902908163265306, 1.922, 1.9493701047986765, 1.975, 2.005115918367347, 2.033]",1.2,25,-2.4,2.366,2.352
8,"[0.099, 0.11, 0.12770068027210849, 0.148, 0.16940136054421745, 0.186, 0.20020408163265233, 0.216, 0.23013605442176807, 0.2458798185941042, 0.262, 0.274, 0.292345804988662, 0.311, 0.3373406593406594, 0.364, 0.392, 0.42721036106750404, 0.4681350826044704, 0.517, 0.6, 0.7100634920634922, 0.8450724160631996, 0.926, 1.0, 1.103, 1.189, 1.246, 1.299, 1.359, 1.402, 1.445, 1.4888906122448982, 1.527, 1.576, 1.6018834586466166, 1.645, 1.677, 1.7047865646258507, 1.744, 1.778, 1.81, 1.838, 1.871, 1.897, 1.9161496598639456, 1.954, 1.976, 2.001222919937206, 2.033]",1.2,25,-2.4,2.365,2.35
9,"[0.099, 0.111, 0.131, 0.14959505907626197, 0.168, 0.185, 0.199, 0.218, 0.231, 0.244659863945578, 0.2606683673469386, 0.2744897959183673, 0.292, 0.3113696145124715, 0.34011969111969115, 0.36558503401360554, 0.392705306122449, 0.429, 0.471, 0.5192073039742214, 0.6150416326530613, 0.7110408163265307, 0.845, 0.906, 1.0049576138147565, 1.106, 1.191, 1.2444302040816329, 1.301, 1.36, 1.403, 1.449, 1.495, 1.526, 1.575, 1.6028834586466165, 1.642, 1.681521193092622, 1.703, 1.744, 1.7686832653061226, 1.808, 1.838, 1.871, 1.8942908163265306, 1.918831836734694, 1.949, 1.976, 2.0030934825543123, 2.032]",1.2,25,-2.4,2.364,2.349
10,"[0.1, 0.111, 0.13285034013605426, 0.15, 0.169, 0.1857315541601255, 0.201, 0.219, 0.233, 0.243, 0.262, 0.274, 0.2932829313543598, 0.312, 0.337, 0.365, 0.3944332810047096, 0.428, 0.469, 0.522, 0.61, 0.727, 0.819, 0.9079274376417235, 1.021, 1.109, 1.201, 1.2548962585034016, 1.3044342857142857, 1.3489718698290127, 1.404, 1.445, 1.502, 1.5308747931605073, 1.572, 1.605, 1.6424727891156463, 1.682521193092622, 1.706, 1.7417994897959186, 1.778, 1.807, 1.838, 1.8741783029001078, 1.8917376093294462, 1.9161496598639456, 1.952, 1.977, 2.002115918367347, 2.033]",1.2,25,-2.4,2.366,2.35
11,"[0.1, 0.11, 0.13, 0.14866718995290412, 0.169, 0.18634693877551, 0.201, 0.22, 0.23041385856668253, 0.246, 0.261, 0.275, 0.292, 0.31, 0.338, 0.364, 0.39245918367346916, 0.428, 0.473, 0.525, 0.605, 0.717, 0.851, 0.9289477040816326, 0.989, 1.1190165471594042, 1.1970298833819242, 1.2484424489795918, 1.298, 1.348, 1.404811224489796, 1.4469183673469386, 1.4998602825745684, 1.533700680272109, 1.564359693877551, 1.607, 1.6465901360544215, 1.676, 1.7064217687074825, 1.742, 1.778, 1.8058004535147394, 1.837, 1.871, 1.896, 1.923, 1.952, 1.975, 2.0, 2.032]",1.2,25,-2.4,2.362,2.348
12,"[0.099, 0.112, 0.132, 0.14966718995290412, 0.17049149659863938, 0.188, 0.203, 0.218, 0.22980529509100941, 0.24358130348913762, 0.2600408163265305, 0.2751207942636515, 0.2931877551020408, 0.311, 0.34, 0.36674397031539885, 0.394, 0.43, 0.461, 0.523, 0.612, 0.713, 0.851, 0.919, 0.996, 1.106, 1.188, 1.2434424489795919, 1.302, 1.3479867622724766, 1.404, 1.446, 1.495, 1.528, 1.576, 1.604, 1.6423218923933207, 1.6828306122448975, 1.7004217687074825, 1.741, 1.778, 1.8086003401360544, 1.837, 1.872, 1.894, 1.918, 1.9514801920768305, 1.975, 2.0, 2.032]",1.2,25,-2.4,2.364,2.349
13,"[0.102, 0.11253168635875391, 0.131, 0.149758017492711, 0.1704671201814058, 0.18736734693877527, 0.202, 0.21681122448979584, 0.2292056928034371, 0.244659863945578, 0.2616683673469386, 0.2753565426170468, 0.293, 0.3145635792778649, 0.34, 0.368, 0.398, 0.4311093877551021, 0.48107666850523995, 0.5256375510204082, 0.613, 0.7510308880308881, 0.827, 0.931, 1.0019779591836735, 1.1070423861852434, 1.192, 1.243, 1.2986278195488723, 1.362, 1.404, 1.449, 1.4858014842300558, 1.535, 1.5714149659863945, 1.608, 1.648, 1.684, 1.703, 1.743, 1.777, 1.808431972789116, 1.838, 1.873, 1.891, 1.924, 1.9507607709750572, 1.976, 2.005, 2.034]",1.2,25,-2.4,2.362,2.348
14,"[0.102, 0.113, 0.13, 0.1485765306122441, 0.1717006802721086, 0.187, 0.20243692022263446, 0.221, 0.23253557639271918, 0.24494849368318755, 0.262, 0.2754897959183673, 0.294, 0.313, 0.3381771428571429, 0.36737755102040837, 0.395, 0.43, 0.473, 0.521, 0.592, 0.741, 0.816, 0.936, 1.008, 1.106029001074114, 1.199, 1.256, 1.301, 1.3614783673469388, 1.4063624489795918, 1.443, 1.4867896389324964, 1.527, 1.578622448979592, 1.6116593406593407, 1.636, 1.6779881847475833, 1.7045731292517012, 1.747, 1.77389903329753, 1.81, 1.8374404761904768, 1.8662605965463113, 1.895, 1.92, 1.953, 1.977, 2.005152524167562, 2.033]",1.2,25,-2.4,2.362,2.347
15,"[0.103, 0.113, 0.131, 0.14988383045525894, 0.17072108843537387, 0.18839265306122438, 0.199, 0.21867619047619039, 0.229, 0.245, 0.263, 0.277, 0.294, 0.311, 0.34114285714285714, 0.367, 0.392, 0.43, 0.464, 0.526204081632653, 0.612, 0.754, 0.8296236734693877, 0.916, 1.029, 1.107, 1.1972494331065755, 1.2414963265306123, 1.307, 1.361, 1.403, 1.445, 1.4919403453689168, 1.5318548752834467, 1.5733979591836733, 1.605, 1.645, 1.681, 1.709, 1.749, 1.773579277864992, 1.808, 1.838, 1.871, 1.898, 1.917, 1.9524510204081633, 1.9753894557823133, 2.001, 2.033]",1.2,25,-2.4,2.361,2.346
16,"[0.103, 0.11240408163265299, 0.13427578599007164, 0.151, 0.171, 0.18738040816326515, 0.20280102040816303, 0.221, 0.231, 0.244659863945578, 0.2616683673469386, 0.276, 0.294, 0.312, 0.34065714285714294, 0.366, 0.396, 0.42921036106750404, 0.465, 0.5206375510204082, 0.613, 0.7520952380952383, 0.827172684458399, 0.931, 1.001, 1.105, 1.1921088435374148, 1.247, 1.300809523809524, 1.364, 1.403, 1.447527210884354, 1.4937896389324963, 1.535, 1.5656224489795918, 1.606, 1.6444727891156463, 1.684, 1.7095731292517014, 1.746, 1.778, 1.809, 1.838, 1.8652605965463112, 1.896, 1.92, 1.952, 1.977, 2.0, 2.034]",1.2,25,-2.4,2.359,2.345
17,"[0.102, 0.113, 0.134, 0.151, 0.17086612244897945, 0.187, 0.203, 0.22, 0.232, 0.245, 0.261, 0.277, 0.29457993197278914, 0.312, 0.339, 0.365, 0.395, 0.4306310204081631, 0.466, 0.5253924646781787, 0.610188775510204, 0.73, 0.857189044038668, 0.932, 1.029, 1.107, 1.187, 1.251, 1.3180228571428572, 1.3610612244897957, 1.406, 1.448, 1.487, 1.534, 1.567, 1.606, 1.646, 1.682, 1.711, 1.74, 1.778, 1.809854875283447, 1.839, 1.8698600583090372, 1.895, 1.926, 1.953, 1.9768504789670973, 2.007, 2.034]",1.2,25,-2.4,2.357,2.344
18,"[0.102, 0.11140408163265299, 0.13185034013605426, 0.15086970172684436, 0.17085632653061214, 0.1858604081632653, 0.20125979040264752, 0.2156476190476189, 0.23, 0.245, 0.261, 0.275, 0.2925187074829931, 0.314, 0.337, 0.367, 0.395, 0.42821036106750404, 0.461, 0.5282073039742214, 0.618, 0.7520952380952383, 0.822, 0.9358911564625851, 0.993, 1.108029001074114, 1.195, 1.244, 1.299, 1.36, 1.404, 1.4477636054421767, 1.4887951895043734, 1.5287426303854876, 1.5716224489795918, 1.6038834586466166, 1.6447469387755103, 1.677521193092622, 1.6997865646258505, 1.744, 1.776, 1.8058639455782326, 1.836445993031359, 1.8732605965463112, 1.898, 1.921, 1.951, 1.975, 1.9994139941690972, 2.031]",1.2,25,-2.4,2.357,2.344
19,"[0.102, 0.114, 0.135, 0.15338192419825064, 0.17332766439909295, 0.191, 0.20623699802501655, 0.222, 0.236, 0.25, 0.2628278061224491, 0.2797787755102041, 0.299, 0.31893239795918366, 0.346, 0.375, 0.4026636734693877, 0.43686504279131005, 0.468, 0.535, 0.627, 0.734442396313364, 0.8780692419825074, 0.9379070294784579, 1.014, 1.125, 1.217, 1.2517439104674126, 1.313980694980695, 1.359, 1.410811224489796, 1.457, 1.498, 1.531, 1.571, 1.61, 1.6485901360544215, 1.686, 1.712, 1.752, 1.7816979591836732, 1.812, 1.8412653061224489, 1.8695653061224489, 1.9029931972789114, 1.93, 1.9573328100470953, 1.981, 2.010303974221267, 2.04]",1.2,25,-2.4,2.359,2.343
20,"[0.104, 0.115, 0.133, 0.154, 0.173, 0.189, 0.203, 0.22, 0.23180694980694988, 0.247, 0.262, 0.278, 0.294, 0.319, 0.342, 0.36908571428571446, 0.3987218045112783, 0.4298131868131871, 0.461, 0.518868131868132, 0.617, 0.731, 0.848, 0.922, 1.019, 1.116, 1.204, 1.2577337662337662, 1.3142105263157897, 1.372, 1.4137218045112783, 1.454, 1.5030510204081633, 1.533, 1.568, 1.606, 1.648, 1.6796349206349213, 1.707, 1.747, 1.778, 1.8085952380952386, 1.836, 1.866, 1.8961885714285713, 1.926, 1.952, 1.977, 2.001, 2.032]",1.2,25,-2.4,2.355,2.34
2,"[0.016, 0.01872048104956275, 0.022202183198860928, 0.025587843833185468, 0.030389586603872323, 0.03419727891156469, 0.03939089481946622, 0.04549735449735457, 0.05169663541092112, 0.0620863422291995, 0.07093673469387766, 0.08163605442176856, 0.09203265306122468, 0.10595102040816343, 0.11783397683397683, 0.12833574720210664, 0.14085400313971772, 0.1555790816326531, 0.16684660961158665, 0.1830636734693879, 0.19473996050032916, 0.21141142857142856, 0.2286054421768711, 0.24751296194153338, 0.2742530612244899, 0.3045403304178816, 0.3364646781789644, 0.37469851576994445, 0.42828571428571494, 0.48071362738643836, 0.5144693877551025, 0.5668962585034015, 0.6198250728862976, 0.6661960257787327, 0.7323397959183675, 0.7764675324675325, 0.8265583673469389, 0.8718335123523094, 0.9205093877551033, 0.9765013309671698, 1.0331096938775515, 1.0818276643990932, 1.128520737327189, 1.1926334693877554, 1.2387135298563874, 1.2951290087463558, 1.3602140099282962, 1.4162644897959185, 1.4682810047095765, 1.523]",4.8,25,-7.2,1.707,1.719
3,"[0.023, 0.025703075596435778, 0.029428019856591353, 0.033016415261756936, 0.03728931572629051, 0.04154189044038673, 0.04571033574720222, 0.05162857142857153, 0.0583284144427002, 0.06620210664911125, 0.07722084548104963, 0.08557351103706788, 0.09793614219881491, 0.11043764172335617, 0.1224135338345864, 0.13413657770800638, 0.1464739960500329, 0.1598932496075352, 0.17146122448979598, 0.18699591836734697, 0.20174927113702595, 0.21550193050193056, 0.233784929356358, 0.25419249862106996, 0.2728673469387748, 0.29961224489795896, 0.3383751214771621, 0.3744458398744114, 0.4213007518796992, 0.4709806659505908, 0.5195072886297373, 0.5677709750566885, 0.6260915609487039, 0.6780522448979592, 0.7282721088435375, 0.7781904761904759, 0.8259248979591833, 0.8729183673469388, 0.9179957482993196, 0.9737346938775511, 1.0294557823129251, 1.0786088435374155, 1.1255918367346938, 1.1890816326530609, 1.2306481632653061, 1.288146122448979, 1.3492097959183673, 1.4018152233866519, 1.4562717508055847, 1.518]",4.8,25,-7.2,1.706,1.699
4,"[0.02, 0.02230135170951495, 0.026185528756957267, 0.02945224489795911, 0.033686946476703866, 0.036679300291544974, 0.042692244897959176, 0.0482428571428571, 0.05306046863189691, 0.061736668861092664, 0.07233673469387716, 0.08197959183673462, 0.09249795918367332, 0.10462176870748285, 0.11715816326530615, 0.12890204081632653, 0.13856879526003957, 0.15245578231292553, 0.16579591836734703, 0.18141460794844275, 0.19454336734693883, 0.20919047619047654, 0.23216034985422765, 0.23998767809010396, 0.26284256559766755, 0.29150204081632647, 0.3266550362080316, 0.3657925170068032, 0.40890476190476205, 0.4589328505595788, 0.5105102040816326, 0.5538865306122449, 0.6140805585392051, 0.6582278911564629, 0.7192448979591837, 0.7588228571428571, 0.8147782312925173, 0.8633083900226762, 0.9091462585034026, 0.9613316326530619, 1.0207817896389335, 1.0669546485260775, 1.1161746031746038, 1.1790996398559426, 1.2262908163265307, 1.2760563654033044, 1.330067755102041, 1.3820579328505598, 1.4352318367346946, 1.5]",4.8,25,-7.2,1.69,1.682
5,"[0.02, 0.02256873315363883, 0.026241758241758246, 0.029961904761904967, 0.03482653061224515, 0.038311224489795924, 0.043428571428571636, 0.048290322580645265, 0.05668663594470041, 0.06517050691244247, 0.07617275747508312, 0.08719815668202764, 0.09666857142857144, 0.10997619047619116, 0.12117857142857148, 0.1291654135338347, 0.14429591836734706, 0.1571371428571428, 0.16947004608294933, 0.1840162337662338, 0.19732738095238095, 0.21428000000000005, 0.23272571428571442, 0.24853142857142863, 0.27508843537414984, 0.2937571428571432, 0.34495238095238084, 0.3763214285714288, 0.4361363636363637, 0.4816571428571429, 0.5197028571428572, 0.5712380952380958, 0.6165054945054945, 0.66409022556391, 0.7220285714285718, 0.77644, 0.8240238095238103, 0.8733828571428573, 0.9253877551020407, 0.9729428571428573, 1.020809523809524, 1.081109243697479, 1.121363636363637, 1.166751152073733, 1.228659340659341, 1.271660231660232, 1.324582417582418, 1.3713981762917933, 1.419373626373627, 1.484]",4.8,25,-7.2,1.669,1.66
6,"[0.017, 0.019348139255702206, 0.022883066740209564, 0.026453725676317, 0.030566938775510206, 0.033913265306122396, 0.03887162606978278, 0.04517511520737327, 0.050627755102040886, 0.058621224489795946, 0.06962026239067066, 0.08046712018140567, 0.09021267454350165, 0.1009912536443149, 0.11089285714285718, 0.12290340136054427, 0.13656462585034046, 0.14972897959183679, 0.1624217687074832, 0.1735735767991408, 0.18801877551020418, 0.2059670329670329, 0.22197534013605452, 0.24020748299319752, 0.25956653061224527, 0.2909863945578234, 0.3302925170068035, 0.3707153598281419, 0.41401714285714303, 0.46079008746355754, 0.5173965014577261, 0.560156462585034, 0.6128587975730834, 0.6604108485499464, 0.7152577873254571, 0.7720676691729325, 0.8217786499215072, 0.8659981447124303, 0.903663673469388, 0.9588506122448986, 1.0145782312925171, 1.0663480128893668, 1.1078857142857153, 1.159265306122449, 1.2038180272108843, 1.2467210884353745, 1.296699591836735, 1.3583461224489806, 1.4062191192266382, 1.457]",4.8,25,-7.2,1.654,1.649
7,"[0.037, 0.041531686358753914, 0.04856689342403617, 0.058869701726844366, 0.07071265306122423, 0.08443228200371045, 0.09512900874635569, 0.11353968253968237, 0.12339632653061218, 0.13582993197278903, 0.15, 0.162, 0.17562448979591833, 0.19, 0.204, 0.21937755102040837, 0.236, 0.2565893877551021, 0.282, 0.3066375510204082, 0.336, 0.37209523809523826, 0.433, 0.46997667638483964, 0.539, 0.5990918367346939, 0.682043537414966, 0.7368962585034016, 0.818, 0.8859583673469388, 0.977, 1.0473818027210884, 1.1178906122448982, 1.180294693877551, 1.2344149659863946, 1.2786593406593405, 1.336, 1.363507446221732, 1.3988954602249064, 1.4466791836734698, 1.487, 1.523, 1.553, 1.5931209912536446, 1.617, 1.647456997084548, 1.6762933673469391, 1.704149659863946, 1.7331159183673472, 1.763]",2.4,25,-7.2,1.877,1.867
8,"[0.033, 0.03759735245449525, 0.045, 0.05386970172684437, 0.06612674543501612, 0.07886040816326528, 0.09319011815252416, 0.10580952380952376, 0.11879265306122434, 0.13082993197278903, 0.145, 0.1580174927113702, 0.17001181525241668, 0.186, 0.199, 0.21437755102040837, 0.23143328100470958, 0.2536333819241983, 0.27911346938775516, 0.304, 0.3360547798066597, 0.376, 0.43, 0.4759591836734694, 0.5179779591836735, 0.597, 0.67771858216971, 0.739, 0.816, 0.898826530612245, 0.9737551020408163, 1.0417636054421768, 1.118410612244898, 1.1736139455782313, 1.226, 1.2726593406593405, 1.32, 1.3569881847475833, 1.398, 1.4471075565361282, 1.482, 1.515745578231293, 1.546, 1.5772605965463111, 1.609, 1.635, 1.672307755102041, 1.6977917534360685, 1.7265320699708455, 1.76]",2.4,25,-7.2,1.871,1.869
9,"[0.034, 0.03889455782312919, 0.04680045351473905, 0.054, 0.06746477946017114, 0.08125026852846394, 0.09260204081632616, 0.106, 0.1213126530612244, 0.13282993197278903, 0.146, 0.15847095761381466, 0.17150935374149645, 0.18756357927786488, 0.2001771428571429, 0.21762755102040834, 0.2327623436471363, 0.2539905247813411, 0.27783351235230946, 0.307, 0.3328921916592724, 0.3721904761904766, 0.4360897959183675, 0.47863038548752834, 0.527788676761027, 0.6040423861852433, 0.67871858216971, 0.7437925170068032, 0.822, 0.8919718698290128, 0.9841611170784103, 1.05, 1.114410612244898, 1.1748505595786702, 1.2230816326530614, 1.2713673469387756, 1.3249455782312936, 1.3659881847475834, 1.4037865646258505, 1.4466632653061233, 1.4796832653061227, 1.5155759637188213, 1.5503523809523814, 1.5891355102040818, 1.617, 1.6466636734693878, 1.6754027611044418, 1.7025918367346942, 1.7310762620837812, 1.763]",2.4,25,-7.2,1.874,1.871
10,"[0.035, 0.03984183673469379, 0.04737792894935741, 0.056576530612244116, 0.067, 0.08173155416012548, 0.09538448979591832, 0.109, 0.11927915451895033, 0.132319727891156, 0.14781910946196647, 0.15947095761381466, 0.1726201448321263, 0.18829306122448977, 0.20334065934065937, 0.21837755102040837, 0.234, 0.2568185941043085, 0.282, 0.308, 0.34154336734693885, 0.3750634920634922, 0.436, 0.4779274376417234, 0.527788676761027, 0.6060220408163265, 0.6786658163265308, 0.74061500275786, 0.821904761904762, 0.9144783673469389, 0.9747551020408163, 1.051886530612245, 1.131726530612245, 1.1796139455782313, 1.225, 1.283, 1.325, 1.3629313938341296, 1.4142456268221575, 1.4492210884353747, 1.4877817896389336, 1.520431972789116, 1.5529769585253457, 1.584, 1.614527210884354, 1.6415835068721367, 1.678, 1.7040485383342527, 1.732, 1.762]",2.4,25,-7.2,1.874,1.87
11,"[0.036, 0.04075918367346938, 0.048, 0.056156462585034046, 0.071, 0.08160544217687078, 0.09630934479054755, 0.11052521008403354, 0.12249092970521523, 0.135, 0.147, 0.16025082290980908, 0.1761350078492936, 0.18714455782312925, 0.203, 0.21898775510204077, 0.233, 0.25491192266380236, 0.28053514739229035, 0.3069044897959182, 0.34063265306122426, 0.372, 0.432, 0.476, 0.542, 0.605, 0.6826953352769679, 0.7510498866213149, 0.8292330827067669, 0.9136963265306123, 0.9990770243581302, 1.052, 1.1186359753203607, 1.1850130612244898, 1.238, 1.287, 1.3288554421768703, 1.3754149659863961, 1.4059138321995466, 1.4484819109461966, 1.4887991407089152, 1.5228424036281176, 1.552, 1.592, 1.621044081632653, 1.643542746828461, 1.677101224489796, 1.7008835534213684, 1.7313168635875407, 1.762]",2.4,25,-7.2,1.873,1.87
12,"[0.016, 0.018718698290126828, 0.021643673469387763, 0.02554956268221572, 0.02918938775510194, 0.03404461319411489, 0.03867843353557639, 0.04509359605911329, 0.05239469387755107, 0.05935752078609225, 0.06839585834333735, 0.08046938775510214, 0.09200275785990068, 0.10291514500537055, 0.11329142857142867, 0.12249125364431497, 0.13566375121477148, 0.14822778143515483, 0.16202612244897957, 0.17452301850972946, 0.1883134693877552, 0.2047771428571429, 0.22415843179377015, 0.23750748299319752, 0.26169495166487666, 0.29228626585769446, 0.3312312925170074, 0.3710737833594981, 0.4132228571428572, 0.4636326530612256, 0.5200397422126747, 0.5538911564625851, 0.6039426365140653, 0.6625224489795922, 0.7168746355685134, 0.7584285714285719, 0.8060510204081636, 0.8569829931972798, 0.8994965986394572, 0.9514672011661808, 1.0059455782312927, 1.049752186588922, 1.0972857142857146, 1.1503515470704413, 1.1929200680272112, 1.2339360176503034, 1.2844788069073787, 1.3354688506981742, 1.3923390894819467, 1.445]",4.8,25,-7.2,1.641,1.642
13,"[0.017, 0.019481554160125616, 0.022921699291961806, 0.026040087463556835, 0.03013306122449013, 0.03422034900916887, 0.038, 0.0438492063492063, 0.04853306122448992, 0.05610518053375203, 0.0652346938775507, 0.07491836734693887, 0.08497165532879823, 0.09592176870748335, 0.10657142857142847, 0.1195139146567718, 0.13022448979591836, 0.14382883475971037, 0.15924950625411455, 0.1703403554970377, 0.1843148688046647, 0.19857807308970096, 0.216755918367347, 0.23365646258503367, 0.25667918367346937, 0.2796683673469386, 0.32356235827664415, 0.3623102040816326, 0.4002417582417584, 0.4525306122448979, 0.507094191522763, 0.5430506122448979, 0.603572244897959, 0.64828141783029, 0.6909489795918364, 0.7449560439560439, 0.7967891156462582, 0.8507233560090699, 0.8759721350078494, 0.9377406962785115, 0.9973281004709574, 1.0467227891156459, 1.0909682539682528, 1.1420392464678177, 1.185566326530612, 1.2305697278911563, 1.279937641723356, 1.3247167346938773, 1.3844767346938776, 1.439]",4.8,25,-7.2,1.634,1.628
14,"[0.015, 0.018444233507356387, 0.021269742679680452, 0.02396150278293129, 0.027856326530612117, 0.03186191923577938, 0.035650278293135426, 0.04221118012422357, 0.04649540816326521, 0.05431972789115601, 0.06333418367346935, 0.07116547159404298, 0.08107482993197232, 0.09210884353741415, 0.10435428571428576, 0.1155655036208032, 0.12668913146654012, 0.14017877551020416, 0.15347278911564646, 0.16663755102040823, 0.18009461966604853, 0.1960952380952383, 0.21468707482993202, 0.22978231292517023, 0.2504979591836735, 0.2780220408163266, 0.3161088435374149, 0.35586167800453544, 0.3876278195488722, 0.4511078083407276, 0.4907551020408163, 0.5361088435374156, 0.6015402792696025, 0.6426473469387756, 0.7008299319727891, 0.7339873949579832, 0.7904727891156464, 0.8389881847475833, 0.8787865646258506, 0.9354468313641248, 0.9917817896389335, 1.0359455782312932, 1.081962406015038, 1.126260596546311, 1.1805816326530614, 1.2251496598639458, 1.2732448979591842, 1.3161836734693881, 1.3741159183673473, 1.429]",4.8,25,-7.2,1.623,1.614
15,"[0.014, 0.015846423417851998, 0.01934636389767178, 0.021722185648452956, 0.02623542274052475, 0.029753031647441495, 0.033725026852846396, 0.038908355795148224, 0.04272244897959183, 0.0515875402792697, 0.059675270108043285, 0.0678302040816327, 0.07888292158968847, 0.08939115646258547, 0.10042857142857127, 0.11245682888540008, 0.12341909620991263, 0.137421768707483, 0.14741423055708766, 0.16115612244897945, 0.17707346938775503, 0.18737394957983194, 0.20954040816326527, 0.22455708769994465, 0.24454605626034187, 0.2746766091051801, 0.30484620991253625, 0.345248299319728, 0.3833314285714286, 0.4347201166180757, 0.48645211930926174, 0.5314727891156461, 0.5889144173798545, 0.6336068743286785, 0.6871611170784103, 0.7369523809523801, 0.7790502354788066, 0.8330748299319722, 0.8704528061224485, 0.9189510204081635, 0.9755703544575727, 1.0217721088435372, 1.0649841269841265, 1.1262040816326522, 1.1638341836734691, 1.198562603419746, 1.2584317111459962, 1.3041092112520687, 1.3532001316655695, 1.412]",4.8,25,-7.2,1.608,1.6
16,"[0.012, 0.013629513343799055, 0.017202545534342768, 0.020030204081632592, 0.023933673469387774, 0.02818979591836732, 0.03095960016659718, 0.03648432055749131, 0.041715398886827466, 0.04908592910848555, 0.05748979591836737, 0.06500850340136045, 0.07536949516648775, 0.087067055393586, 0.09743428571428575, 0.10719727891156473, 0.11689952904238628, 0.1299569160997733, 0.14294784580498865, 0.1548589981447126, 0.169765306122449, 0.18260389610389596, 0.20437916219119245, 0.21822283507997792, 0.2376086005830905, 0.2628843537414967, 0.2992769679300293, 0.3323994169096215, 0.383217142857143, 0.42862530612244915, 0.47207871720116623, 0.5230391156462587, 0.5834092373791622, 0.6245424274973147, 0.6648520408163269, 0.7205089285714286, 0.7732879008746356, 0.8243299319727885, 0.8648276643990931, 0.9162077259475221, 0.9576702470461871, 1.0132661224489796, 1.0575289575289575, 1.1109241982507314, 1.1458869277440706, 1.199618804664723, 1.2472693877551027, 1.2914535147392294, 1.3410810955961332, 1.399]",4.8,25,-7.2,1.598,1.591
17,"[0.003, 0.005031055900621073, 0.006942148760330529, 0.008692307692307725, 0.01048484848484852, 0.012647619047619064, 0.016069767441860408, 0.01864197530864203, 0.02133333333333337, 0.02492957746478871, 0.028483870967741937, 0.03347368421052615, 0.037322580645161314, 0.04370967741935481, 0.0495, 0.05633846153846155, 0.06197058823529419, 0.07013333333333338, 0.07924999999999997, 0.0887142857142857, 0.09831999999999998, 0.10844444444444473, 0.11729729729729746, 0.12692307692307708, 0.13831578947368442, 0.14952000000000007, 0.16435000000000008, 0.18033333333333332, 0.19830769230769227, 0.21568000000000037, 0.24124000000000015, 0.2702500000000002, 0.31326829268292683, 0.347166666666667, 0.3944000000000004, 0.4421290322580648, 0.476, 0.5175000000000004, 0.5495263157894739, 0.5945333333333344, 0.6397777777777782, 0.6745161290322581, 0.7115882352941181, 0.761, 0.7987368421052633, 0.8382857142857143, 0.8794285714285729, 0.932571428571429, 0.967642857142857, 1.022]",7.2,25,-7.2,1.315,1.31
18,"[0.004, 0.005813213420961577, 0.008203862190037338, 0.009796905859117867, 0.012171165240289663, 0.014128224874855667, 0.016863945578231315, 0.019589065255731865, 0.023333448633690843, 0.026501722767028946, 0.030357679914070842, 0.033841107871720406, 0.03936514065085503, 0.04624347413383963, 0.05055212355212378, 0.05821728691476606, 0.06539483548521455, 0.07361807580174945, 0.08125947521865898, 0.09097719087635056, 0.10026398946675463, 0.10985714285714328, 0.11809183673469398, 0.12842176870748373, 0.13873791621911943, 0.1522766439909298, 0.16640051020408167, 0.17890816326530676, 0.1986405529953918, 0.21297632653061235, 0.243692419825073, 0.27739455782312966, 0.3192072213500785, 0.3475816326530617, 0.3948588435374151, 0.4287619047619072, 0.4605246872942728, 0.5079607535321828, 0.550102040816327, 0.5828467014712863, 0.6251972789115653, 0.6567980665950595, 0.7070914285714287, 0.7402424969987994, 0.7823418367346942, 0.8143893249607534, 0.856570876999449, 0.899196181698486, 0.9522339089481955, 1.003]",7.2,25,-7.2,1.278,1.265
19,"[0.004, 0.006027306697326787, 0.007491233112963486, 0.009035363763826128, 0.011358503401360508, 0.013710310098065167, 0.016594928880643133, 0.019416464891041138, 0.023076444136976803, 0.0261184990125083, 0.030622686283815904, 0.03544075049374589, 0.04157616618075805, 0.04604709576138201, 0.05323708206686932, 0.0595772594752186, 0.06700102040816319, 0.07436989795918371, 0.08281752701080428, 0.09082392026578066, 0.10105222088835539, 0.10863594470046085, 0.11777121374865725, 0.12828946272386504, 0.13994760066188655, 0.15170891514500529, 0.16253514739229116, 0.18066754443712982, 0.19773142857142872, 0.219333448633691, 0.24329737609329463, 0.28316204081632657, 0.3098816326530614, 0.3533167346938781, 0.3873287981859411, 0.42630952380952447, 0.47012567132115995, 0.4931972789115649, 0.5378794063079778, 0.5778932496075359, 0.6130612244897959, 0.6482199546485276, 0.6877142857142864, 0.7327891156462605, 0.7618117913832197, 0.7954373177842567, 0.8417981859410428, 0.882489795918368, 0.9240043731778431, 0.983]",7.2,25,-7.2,1.253,1.242
20,"[0.004, 0.006050814956855274, 0.007552669552669552, 0.009501863354037328, 0.011906705539358587, 0.01511822660098522, 0.01681105990783421, 0.021, 0.02356952380952384, 0.02731122448979603, 0.033054285714285835, 0.03835944700460842, 0.04268877551020407, 0.04901190476190479, 0.055444444444444574, 0.061150375939849705, 0.06992277992278012, 0.07743768996960487, 0.0852582417582418, 0.09305069124423988, 0.10101587301587306, 0.10938709677419367, 0.11830075187969988, 0.12830075187969942, 0.14057142857142918, 0.15077880184331793, 0.1659350649350652, 0.1830119047619048, 0.20157142857142873, 0.22170857142857187, 0.25268571428571457, 0.2831828571428571, 0.31921978021978076, 0.3475413533834588, 0.3950119047619052, 0.42861016949152575, 0.46227551020408186, 0.4934395604395605, 0.5385485714285725, 0.5730129870129878, 0.6015824175824175, 0.6430514285714293, 0.682648648648649, 0.7152857142857147, 0.7479323308270678, 0.7874155844155852, 0.8322380952380956, 0.8696384839650149, 0.9081071428571464, 0.961]",7.2,25,-7.2,1.233,1.218
21,"[0.0, 0.004727490996398555, 0.006488255679630456, 0.008935561626225288, 0.010708390022675774, 0.013117484831770545, 0.016702040816326612, 0.019193452380952367, 0.022965353583293976, 0.027545325106786905, 0.03131049562682209, 0.036017185821697204, 0.040530612244897825, 0.048925404644616546, 0.05542084942084944, 0.06071720116618085, 0.06822000995520155, 0.07512984324164454, 0.08341383219954661, 0.09065578231292559, 0.09745626822157441, 0.10728957528957528, 0.11431332533013226, 0.12464399092970528, 0.13644897959183677, 0.14774882260596534, 0.1590680272108859, 0.17856377551020453, 0.18929953917050713, 0.21126870748299326, 0.24093402942572395, 0.26875850340136065, 0.2969052007899933, 0.3394574829931974, 0.368916797488226, 0.4125274725274724, 0.4384615846338537, 0.4745612244897953, 0.5074263038548761, 0.5470522448979596, 0.5781292517006801, 0.613709387755102, 0.6477857142857145, 0.6819659863945582, 0.7187518104015803, 0.7455153061224495, 0.791431972789116, 0.8275102040816341, 0.870530612244899, 0.91]",7.2,25,-7.2,1.182,1.167
22,"[0.002, 0.0033463108320250703, 0.0062358943577430865, 0.008022579244463736, 0.01122712310730752, 0.014428242264647815, 0.01874046140195206, 0.023295918367346936, 0.027586734693877554, 0.033957035445757684, 0.042229098090849265, 0.04956542617046814, 0.05840816326530633, 0.06768597761685308, 0.07567857142857157, 0.08438578011849923, 0.0941661807580179, 0.1048454810495627, 0.11476147959183663, 0.12663528637261362, 0.1385681632653062, 0.15031660231660227, 0.16520132377275246, 0.18014455782312924, 0.19984979591836752, 0.2260397422126747, 0.2562715855573003, 0.2799893100097183, 0.3305253456221198, 0.3598996598639459, 0.4206921768707484, 0.4570510204081636, 0.5101545189504374, 0.5544734693877552, 0.6013738775510206, 0.6456043956043959, 0.6891972789115651, 0.7269935553168634, 0.769230934479055, 0.8162524167561765, 0.8651793770139639, 0.9072783673469388, 0.9442967032967035, 0.9993210148924436, 1.0406844583987438, 1.0823265306122452, 1.1294956268221585, 1.1833772752344187, 1.2291770901909151, 1.279]",4.8,25,-7.2,1.487,1.467
23,"[0.0, 0.004558084772370507, 0.00800103770321684, 0.010901707621824233, 0.014308956916099663, 0.018675080558539288, 0.02330941408821595, 0.028518950437317777, 0.03547303206997082, 0.041873746108612886, 0.04844070601213454, 0.05594307196562834, 0.06456039713182554, 0.07307556536127975, 0.08065898617511519, 0.09110311493018251, 0.0988921282798833, 0.11170918367346933, 0.12329215896885058, 0.1328432653061224, 0.14590655209452172, 0.15911904761904763, 0.17364267161410019, 0.1946020408163266, 0.21395578231292517, 0.24248764769065503, 0.2762837393021724, 0.3096661807580174, 0.35647619047618995, 0.38669241982507285, 0.42307064364207214, 0.4802992150706436, 0.5195940430226144, 0.5563900226757367, 0.5991156462585032, 0.6447335907335906, 0.6845918367346939, 0.7210906122448977, 0.7666279434850862, 0.794927437641723, 0.846111257406188, 0.8852840595697735, 0.9196543778801843, 0.9726513605442179, 1.0097823129251688, 1.0497755102040813, 1.0959013605442174, 1.154312567132116, 1.1876562835660578, 1.247]",4.8,25,-7.2,1.467,1.457
24,"[0.003, 0.005458196181698425, 0.007700113378684786, 0.010989520132377167, 0.015203181272508953, 0.018760816326530483, 0.023967687074829973, 0.028768339768339778, 0.03574530612244904, 0.04360131195335271, 0.051168934240362764, 0.059141753998896866, 0.0664179591836735, 0.07291632653061224, 0.08293277310924356, 0.09251020408163262, 0.09987952600394998, 0.11314913657770782, 0.12314852607709748, 0.13577097505668942, 0.14906978275181043, 0.15997142857142868, 0.17552979591836734, 0.19474568288854016, 0.21945408163265312, 0.24705800214822776, 0.2782953813104189, 0.3152444233507357, 0.3533383458646616, 0.3798086045228902, 0.4345623582766442, 0.47022612244897943, 0.5127551020408171, 0.5626224489795926, 0.601572502685285, 0.6395529953917051, 0.6785769442912302, 0.71506462585034, 0.7584503401360546, 0.7957873254564989, 0.8353979591836734, 0.872122448979593, 0.911659340659341, 0.9610646258503408, 1.0033147153598283, 1.0311972789115653, 1.0860155102040818, 1.1265591836734699, 1.170431836734694, 1.222]",4.8,25,-7.2,1.44,1.438
25,"[0.0, 0.0038015482054890824, 0.00598820861677995, 0.008434216239687214, 0.011441043083900251, 0.015471162377994684, 0.01937916219119223, 0.024731428571428356, 0.03032312925170059, 0.03678985107556521, 0.043743042671614066, 0.05259900717043573, 0.06001471286188891, 0.06796083838940985, 0.07666165413533833, 0.08500145772594742, 0.09469897959183676, 0.10541997851772279, 0.11526530612244902, 0.1276115865701119, 0.1394274376417233, 0.15312987012986998, 0.1656130612244901, 0.18222291993720585, 0.2072603419746277, 0.23051669758812623, 0.2620340136054419, 0.2909353741496599, 0.3364857142857146, 0.3734353741496603, 0.41468027210884445, 0.46627102040816343, 0.5008477237048666, 0.5385204081632653, 0.5881277156023702, 0.6235809523809527, 0.668289795918368, 0.7025725317153888, 0.7491567346938778, 0.7799108485499466, 0.8273764172335598, 0.8667458854509545, 0.9084761904761901, 0.9444236734693877, 0.9862959183673473, 1.0260379008746359, 1.0724236734693884, 1.1190379008746363, 1.1612108843537425, 1.222]",4.8,25,-7.2,1.433,1.418
26,"[0.003, 0.0048612244897958635, 0.006597084548104885, 0.009813925570228057, 0.014021511307225586, 0.017624716553287817, 0.023193877551020363, 0.029372180451127786, 0.0348377065111758, 0.04216001855287566, 0.04783219954648514, 0.05473877551020404, 0.06425364431486782, 0.07231986672219899, 0.07954761904761878, 0.08806122448979573, 0.09958454810495598, 0.10980272108843513, 0.12004702750665465, 0.1326348012889362, 0.14616326530612195, 0.15654377880184334, 0.17299020408163232, 0.19205332455562849, 0.2148775510204081, 0.24443383805134938, 0.2820597667638483, 0.3158658892128278, 0.35421198156682027, 0.39644081632653055, 0.43327437641723326, 0.48248581383773015, 0.523669387755102, 0.5589858712715855, 0.6053554421768708, 0.6494395604395602, 0.6867817896389328, 0.7091343537414966, 0.7617224489795915, 0.7895425170068031, 0.8299583673469387, 0.8802621664050233, 0.9196428571428579, 0.9613843537414963, 0.9976713211600428, 1.0381003401360547, 1.0759614512471654, 1.117404081632653, 1.1558840816326528, 1.213]",4.8,25,-7.2,1.415,1.406
27,"[0.0, 0.0045209270148738765, 0.006903610675039326, 0.009664846220178214, 0.013831292517006833, 0.018346938775510215, 0.02310335747202119, 0.02929761904761934, 0.0358347597103357, 0.04279277864992147, 0.04935123523093469, 0.05803357472021078, 0.06276778819635974, 0.0732710204081632, 0.07884586466165416, 0.08693270821842256, 0.09909237379162218, 0.1091516034985424, 0.11948549946294329, 0.13053998896856048, 0.14227964699393275, 0.1526483516483523, 0.16718027210884362, 0.18821844293272866, 0.21737048665620104, 0.24163673469387803, 0.26951700680272245, 0.3140767346938776, 0.3472142857142861, 0.37718612244897975, 0.42155782312925216, 0.46558469387755114, 0.5055850340136061, 0.5451632653061228, 0.5843991836734697, 0.6227142857142858, 0.6599138321995471, 0.6859829931972792, 0.7351865889212831, 0.7741224489795921, 0.8118759811616955, 0.8536970172684462, 0.8899365079365078, 0.9364718367346943, 0.973606530612245, 1.0017632653061224, 1.0664914965986398, 1.0956618075801752, 1.15187755102041, 1.201]",4.8,25,-7.2,1.415,1.409
28,"[0.003, 0.005313069908814674, 0.00795767195767195, 0.010957983193277353, 0.014906705539358587, 0.018930029154518985, 0.02300793650793677, 0.03, 0.03618433179723513, 0.041879120879121316, 0.05066233766233772, 0.05852857142857149, 0.06436734693877551, 0.07294878706199466, 0.08066666666666716, 0.08930075187969941, 0.09970857142857152, 0.10778151260504205, 0.12067532467532482, 0.13041142857142873, 0.14402380952380955, 0.15664864864864886, 0.17495238095238236, 0.19143956043956067, 0.21828042328042338, 0.24661904761904765, 0.27489142857142873, 0.3160114285714286, 0.359, 0.3926974789915968, 0.43287912087912134, 0.4742539682539683, 0.5094391534391539, 0.5498766233766236, 0.5940057142857145, 0.6340000000000005, 0.6679523809523824, 0.707457142857143, 0.7491344537815129, 0.7871098901098904, 0.8194114285714286, 0.8600238095238103, 0.8990000000000014, 0.9431843317972353, 0.9779323308270678, 1.0061828571428575, 1.0527819548872188, 1.0942255639097744, 1.1500057142857143, 1.194]",4.8,25,-7.2,1.399,1.389
29,"[0.002, 0.0046974627688913225, 0.006823225064673776, 0.010686028257456816, 0.014429499072356246, 0.018274829931972426, 0.02425963718820863, 0.028378737541528237, 0.03580315997366693, 0.04261824729891965, 0.04957642648896284, 0.055574894108586806, 0.06304578047435186, 0.0717556536127965, 0.08019933554817275, 0.08850399290150845, 0.09851740696278505, 0.10868934240362821, 0.1172736549165121, 0.13086656200941987, 0.1398388101003114, 0.15615946843853823, 0.16849562682215785, 0.19185871271585567, 0.2195941043083902, 0.24570032223415691, 0.2736367346938778, 0.3155687074829934, 0.356571428571429, 0.38877551020408174, 0.41459497645212023, 0.4679990723562154, 0.5055391551969626, 0.5452006802721096, 0.5853053061224491, 0.6193107142857144, 0.6528722843976301, 0.6848825151682295, 0.7287847866419299, 0.7712925170068042, 0.8067448979591841, 0.8444501133786848, 0.8812637362637368, 0.9234326530612255, 0.9559961734693881, 0.9979251700680277, 1.036234693877551, 1.0806155543298404, 1.1257046186895816, 1.167]",4.8,25,-7.2,1.385,1.38
30,"[0.002, 0.00518946837994455, 0.007538512179065165, 0.010065174456879539, 0.014586734693877664, 0.01828911564625851, 0.02478684807256266, 0.029725274725274847, 0.03496690568119138, 0.04212124849939987, 0.05001676384839643, 0.05669431176726016, 0.06242900564481112, 0.07083853541416579, 0.07896313364055306, 0.0869183673469387, 0.09632653061224503, 0.10699149659863955, 0.1167299843014135, 0.12902367346938784, 0.1421049562682217, 0.15214285714285744, 0.17040362811791387, 0.1879353017802867, 0.21321306122448977, 0.23811224489795996, 0.26984317937701413, 0.3088945578231302, 0.34014285714285886, 0.3860025510204084, 0.41720068027210916, 0.45455020408163266, 0.5001465014577261, 0.5337379591836735, 0.5778662131519279, 0.6162857142857144, 0.6488542274052481, 0.6804227405247814, 0.7139174397031545, 0.7600212244897963, 0.794417233560091, 0.8323779591836735, 0.8688650793650793, 0.9094552590266882, 0.9456054421768709, 0.9785289795918372, 1.0227465986394557, 1.0658122448979594, 1.107386651958081, 1.155]",4.8,25,-7.2,1.383,1.371
31,"[0.003, 0.0050434496379196956, 0.006841593780369318, 0.010202721088435583, 0.013892738490745194, 0.018450754214729376, 0.02351352634076885, 0.03004608294930871, 0.03481692677070835, 0.04153276047261025, 0.047578775510204126, 0.05475265306122462, 0.061521395655036344, 0.07006605800214832, 0.07842857142857151, 0.08581095596133216, 0.09592517006802734, 0.10462708719851593, 0.11627151730257335, 0.12698683344305478, 0.13742419825072913, 0.15196598639455797, 0.1668279095421953, 0.1854421768707486, 0.21536653061224498, 0.24449387755102037, 0.2786169544740975, 0.3106972789115649, 0.34926857142857143, 0.37467176870748314, 0.42525427468284616, 0.4600678433535579, 0.49177162293488846, 0.5344294990723564, 0.5728236734693882, 0.6056025974025975, 0.6430264754550473, 0.6826122448979615, 0.717572531715389, 0.7590379008746362, 0.7888979591836733, 0.8333595438175269, 0.8715714285714288, 0.9046394557823131, 0.9460241187384044, 0.9784823747680893, 1.017427113702624, 1.0565322448979593, 1.0977839135654264, 1.154]",4.8,25,-7.2,1.366,1.355
32,"[0.003, 0.005049703752468662, 0.008039332096474967, 0.011832199546484647, 0.015526815377313624, 0.020456828885400277, 0.025219591836734705, 0.03137541528239212, 0.03627551020408193, 0.04341809156094863, 0.050642619838633225, 0.05637562051847767, 0.06445095457537849, 0.0724192176870749, 0.08017191283292976, 0.08792949907235649, 0.09686112493778003, 0.10701582673885879, 0.11701676384839658, 0.12926204081632653, 0.14014530612244902, 0.1526445182724253, 0.17048542274052478, 0.19544341372912805, 0.2189931972789121, 0.24900163265306127, 0.28119515306122433, 0.3147346938775518, 0.3458996138996139, 0.38676066790352537, 0.43431882941855987, 0.45770122448979594, 0.5064392614188534, 0.5310408163265307, 0.5681479591836739, 0.6041428571428571, 0.6361491365777082, 0.6727379162191195, 0.705802551020408, 0.7445657596371882, 0.7808554421768712, 0.816470315398887, 0.8491428571428589, 0.8906200194363464, 0.9238583433373355, 0.96514693877551, 0.9966302040816328, 1.0436334693877554, 1.0812431972789116, 1.128]",4.8,25,-7.2,1.346,1.341
33,"[0.003, 0.005779154518950395, 0.007553670818976963, 0.011704081632653197, 0.015375695732838512, 0.020418174817096783, 0.024649659863945753, 0.03114857142857139, 0.03642132982225167, 0.043007381676074645, 0.050552875695732774, 0.05525488493269653, 0.06395183673469387, 0.072268707482994, 0.07852509652509658, 0.08732931354359925, 0.09551020408163337, 0.10609282422646485, 0.11621551020408169, 0.1275804081632654, 0.1384097331240191, 0.15444571428571435, 0.16961500275786032, 0.1946517006802721, 0.21354931972789132, 0.24067454350161158, 0.2717289795918368, 0.309170068027211, 0.33557738095238115, 0.37908807733619776, 0.4235395918367347, 0.45055102040816386, 0.48288489795918377, 0.5247551020408164, 0.5652302040816327, 0.6011185410334348, 0.6264144427001572, 0.6624671201814063, 0.699170068027212, 0.7390669387755103, 0.7780171858216972, 0.8029591836734701, 0.8379206349206352, 0.8856751700680275, 0.9142554312047402, 0.9383642072213499, 0.9813500784929358, 1.0256546938775513, 1.0767074829931973, 1.123]",4.8,25,-7.2,1.338,1.326
34,"[0.003, 0.005951686797167875, 0.008129737609329623, 0.010966999565783704, 0.01534315948601668, 0.02029891956782712, 0.024311836734693934, 0.030525510204081764, 0.03576662277814358, 0.042097789115646184, 0.04785774309723888, 0.05527859515899387, 0.06253287981859446, 0.06909483793517435, 0.07724675324675316, 0.08383073229291717, 0.09463480128893666, 0.10285850340136059, 0.1152349696635412, 0.12453644314868838, 0.1357385548814121, 0.15325274725274776, 0.1639988968560398, 0.19125082290980921, 0.2155493197278915, 0.24083202511773963, 0.26632496075353235, 0.31285243328100526, 0.3346380952380953, 0.3716374549819929, 0.413624149659864, 0.45013224489795933, 0.48432653061224545, 0.5184307777164922, 0.5574593919200336, 0.5925476190476193, 0.6209489795918373, 0.671038841342989, 0.6953248758963044, 0.7354925788497219, 0.7703861224489795, 0.8073112244897962, 0.8442987012987014, 0.8742335600907039, 0.9100417439703156, 0.9474597207303972, 0.9900177748518765, 1.0232630385487527, 1.0636873469387758, 1.112]",4.8,25,-7.2,1.321,1.311
35,"[0.002, 0.004867085295656754, 0.006915102040816354, 0.010474983541803812, 0.014537559704732977, 0.018882739536492586, 0.02447728768926936, 0.02934219269102999, 0.03471213748657384, 0.04037722185648446, 0.047602692140686076, 0.05338643844634637, 0.058876350540216164, 0.06820078999341693, 0.07542857142857128, 0.08271757735352213, 0.09296489795918375, 0.10173798551678742, 0.11157089151450067, 0.12518775510204094, 0.13274612244897951, 0.1530308880308881, 0.16599591836734726, 0.18937026239067078, 0.215047346938776, 0.2406579203109816, 0.27442244897959217, 0.30092326530612273, 0.3455714285714288, 0.37072278911564666, 0.41087810259238833, 0.4405466472303207, 0.4822122448979595, 0.5140490899062331, 0.5502925170068034, 0.5905476190476191, 0.6152912300055162, 0.653504489795919, 0.6810015698587129, 0.7184334693877552, 0.7510071191267205, 0.7863112244897962, 0.8212738095238097, 0.8570678077682689, 0.8920483351235233, 0.9138293877551021, 0.9631616954474104, 1.000734693877551, 1.0522324263038552, 1.092]",4.8,25,-7.2,1.304,1.3
36,"[0.002, 0.005525623582766477, 0.008093294460641406, 0.010793599257884982, 0.01702498958767191, 0.02125080558539208, 0.024819727891156596, 0.029700996677740864, 0.036172448979591786, 0.04217346938775514, 0.04692122448979588, 0.05333487940630803, 0.06124753127057281, 0.06699959183673468, 0.07479150579150584, 0.08334367346938781, 0.09329984301412876, 0.10216954474097346, 0.11478188775510206, 0.12238629737609341, 0.13716524028966443, 0.14976833976833978, 0.16644305464121145, 0.1917232653061227, 0.20913029827315566, 0.23372831632653082, 0.26765759637188313, 0.3007108843537416, 0.3373896103896106, 0.3605731292517009, 0.3953359497645214, 0.4339607535321825, 0.4745682062298605, 0.508350340136055, 0.542189342403628, 0.579628571428572, 0.6074906289046234, 0.6368605442176869, 0.6808046647230332, 0.7101632653061228, 0.741374865735768, 0.7742523191094619, 0.8095714285714292, 0.843543501611171, 0.8785667903525046, 0.9134897959183677, 0.9593971742543174, 0.9901292517006816, 1.0421173469387757, 1.081]",4.8,25,-7.2,1.297,1.284
37,"[0.0, 0.005336497389653469, 0.009145258103241282, 0.013110204081632647, 0.016714670773969945, 0.021133877551020416, 0.026381171823568143, 0.031240601503759437, 0.03676159554730979, 0.042659644502962335, 0.04770669197911739, 0.05428843537414975, 0.0608158163265306, 0.06956122448979597, 0.0760057142857143, 0.08471622934888251, 0.0931930926216643, 0.101577873254565, 0.11194990723562188, 0.12239183673469405, 0.13672213500784933, 0.15135064935064965, 0.16951166180758018, 0.184771345272803, 0.2136360544217688, 0.2456519274376418, 0.2725072886297378, 0.3170669387755103, 0.3435873015873017, 0.38050863422292025, 0.4049632653061225, 0.4406577708006279, 0.47934013605442344, 0.5160195918367348, 0.5481216159933362, 0.5822698412698413, 0.6019081632653067, 0.6438146938775512, 0.676713151927438, 0.7088877551020408, 0.7454620408163263, 0.7687230320699712, 0.8065428571428581, 0.8468747931605076, 0.8719466248037686, 0.9074497959183675, 0.9502653061224489, 0.9798384353741502, 1.0267256235827669, 1.07]",4.8,25,-7.2,1.28,1.269
38,"[0.0, 0.00441992390176411, 0.007985516787360055, 0.011517585757707356, 0.015752551020408165, 0.019963791968400212, 0.02436900165471592, 0.0289371428571429, 0.03494206714944036, 0.04005155746509114, 0.04650078492935621, 0.05246326530612239, 0.05942300556586258, 0.06633673469387742, 0.07259714285714289, 0.08277210884353797, 0.08981632653061228, 0.09934863945578246, 0.10841803818301514, 0.11677623906705543, 0.1342700156985872, 0.14643877551020404, 0.16634353741496608, 0.18545063430777714, 0.21153741496598613, 0.24069251700680258, 0.2740465306122449, 0.30005867346938775, 0.33911904761904715, 0.3631395918367345, 0.3997127158555727, 0.4303040816326528, 0.468302721088435, 0.5011349572086896, 0.5359140708915144, 0.5710457142857144, 0.5874132653061225, 0.6297437641723356, 0.6630361067503924, 0.691770408163265, 0.723463108320251, 0.7609436734693876, 0.7943061224489796, 0.8209129967776583, 0.8630303364589079, 0.8875748299319727, 0.9304387755102039, 0.9660374149659862, 1.007737959183673, 1.051]",4.8,25,-7.2,1.259,1.256
39,"[0.003, 0.004793436293436339, 0.007852747252747283, 0.011487394957983232, 0.014843665768194077, 0.019841836734694, 0.02446103896103893, 0.028904761904762127, 0.03550691244239633, 0.040248571428571495, 0.044448979591836954, 0.05244642857142862, 0.057253968253968265, 0.0663523809523811, 0.07238636363636364, 0.082404761904762, 0.0892295918367347, 0.09914285714285724, 0.10799613899613911, 0.1159861751152075, 0.12771042471042482, 0.14200000000000015, 0.16477142857142896, 0.18203790087463564, 0.20838095238095247, 0.23648809523809539, 0.2629047619047627, 0.30016909620991256, 0.3232631578947369, 0.35613714285714276, 0.38392857142857145, 0.4233186813186813, 0.46098901098901135, 0.4864285714285724, 0.5283809523809533, 0.5548947368421056, 0.5834285714285717, 0.6204920634920642, 0.6523271889400922, 0.6825714285714284, 0.7181122448979597, 0.7434693877551023, 0.7842400000000002, 0.8146212624584717, 0.8427295918367349, 0.8793452380952385, 0.9220231660231661, 0.9488721804511278, 0.9907714285714289, 1.039]",4.8,25,-7.2,1.258,1.245
40,"[0.003, 0.004326201448321218, 0.006908892128279718, 0.01066690962099126, 0.013953104646113722, 0.018046768707482883, 0.023333772218564763, 0.02766326530612239, 0.03390367346938775, 0.03803644314868799, 0.043846938775510075, 0.050607709750566755, 0.05637551020408132, 0.06307346938775506, 0.06955194805194811, 0.078574693877551, 0.08652539155196959, 0.09531292517006801, 0.10280081632653065, 0.1117040816326532, 0.12827918367346944, 0.13997619047619042, 0.15988208616780045, 0.17587908163265314, 0.20170975056689364, 0.22886342229199363, 0.2579138321995466, 0.286282448979592, 0.3271314285714287, 0.3631006802721089, 0.3838077835785477, 0.42198639455782266, 0.4585759637188207, 0.48773469387755153, 0.5210702947845803, 0.554234285714286, 0.5741734693877557, 0.6136870748299322, 0.6512715855573, 0.6768367346938782, 0.7097357679914071, 0.7410085034013605, 0.7769924812030078, 0.806477109762824, 0.8430474351902925, 0.8800170068027224, 0.915387755102042, 0.9429608383894099, 0.9847528344671204, 1.027]",4.8,25,-7.2,1.237,1.228
41,"[0.002, 0.003867154408933334, 0.007139941690961991, 0.010635102040816462, 0.01440319911748483, 0.018271836734693847, 0.02335020408163256, 0.029164835164835163, 0.03415602369980246, 0.038225306122449, 0.04331608922638827, 0.050139383412939637, 0.05643298400441252, 0.06328911564625846, 0.07030158730158748, 0.07845551020408166, 0.08735260770975062, 0.09410482374768094, 0.10385544217687075, 0.11449111257406187, 0.12936076366030294, 0.14142396313364058, 0.16007871720116626, 0.1773435374149663, 0.2061608163265306, 0.23092150706436435, 0.26075981161695505, 0.2915412599822538, 0.31383428571428573, 0.34777013963480113, 0.3879897959183673, 0.4183945578231294, 0.4551156462585036, 0.4812737094837937, 0.5145662179765524, 0.5441879699248122, 0.578460884353742, 0.6088993197278914, 0.6315159183673471, 0.6661852433281006, 0.6976045228902372, 0.7276521927920104, 0.7584514285714286, 0.7926889134031989, 0.8178002148227715, 0.8498065306122452, 0.8912801985659136, 0.9209503585217874, 0.9652816326530613, 1.01]",4.8,25,-7.2,1.217,1.21
42,"[0.0, 0.005233741496598693, 0.006768036792181651, 0.00843647136273866, 0.011153253754331825, 0.014248237476808989, 0.01689672232529383, 0.02023428571428568, 0.025522053982883527, 0.028895984200131647, 0.03225783271054905, 0.03640099282956451, 0.04119016697588132, 0.04612317784256571, 0.04998701298701306, 0.053904890257990015, 0.05895128373930256, 0.06294679300291543, 0.07058877551020419, 0.07683673469387767, 0.0835350488021297, 0.08928571428571484, 0.09861279646993942, 0.10755510204081654, 0.11775378538512186, 0.12418804664723056, 0.13836305048335137, 0.15505442176870782, 0.17023428571428623, 0.19223093447905498, 0.21326122448979629, 0.23656326530612276, 0.257676761026992, 0.28279591836734663, 0.30125170068027235, 0.32998285714285763, 0.34950463821892447, 0.3745596133190131, 0.4011665306122448, 0.41638668098818493, 0.449102040816327, 0.47203974221267536, 0.49378341013824945, 0.5144013605442185, 0.5338338192419828, 0.5638231292517021, 0.59040022675737, 0.6103129251700664, 0.642036106750393, 0.667]",7.2,25,-7.2,0.856,0.861
43,"[0.004, 0.0058167800453514185, 0.008722600151171574, 0.010597103357472019, 0.01270325427468272, 0.016283080974325077, 0.019477864992150585, 0.02305590062111794, 0.026397766653831305, 0.03073979591836737, 0.03289014865205339, 0.037990982439487224, 0.04239396628216486, 0.04608423005565852, 0.051095238095238055, 0.054721088435373745, 0.06068552875695721, 0.06564183673469387, 0.07124820739106434, 0.07711345555171206, 0.08281924198250679, 0.09107580174927112, 0.09532838589981445, 0.10405469387755097, 0.11268136932192219, 0.12359225322782096, 0.13408843537414664, 0.14861551020408145, 0.1648452380952378, 0.18243183673469382, 0.20033190118152505, 0.22777259475218545, 0.24255892034233026, 0.2661589938300899, 0.28127891156462625, 0.3147142857142855, 0.3360546938775504, 0.35676417233560087, 0.3832244897959177, 0.3969499670836077, 0.4311763265306117, 0.4505321821036104, 0.47042857142857136, 0.49491156462584884, 0.5157604726100967, 0.5405470704410795, 0.5694778911564622, 0.5894256559766752, 0.616699591836734, 0.649]",7.2,25,-7.2,0.834,0.829
44,"[0.0, 0.0050634610008386685, 0.006763908303047259, 0.008396501457725946, 0.010646781789638956, 0.013762523191094608, 0.01679251700680267, 0.021040816326530622, 0.023350735643094405, 0.02661781076066817, 0.03195273899033281, 0.03515606242496994, 0.03793075801749279, 0.04355342136854736, 0.046815476190476345, 0.05233316326530619, 0.05592979591836769, 0.06121782590587264, 0.06688734693877535, 0.07162409479921011, 0.07793586005830913, 0.08390476190476173, 0.09062298603651997, 0.09856215213358074, 0.10664979591836761, 0.11744664723032083, 0.12625795918367366, 0.13971274547554874, 0.15646082949308762, 0.17279183673469423, 0.18853061224489787, 0.21420408163265262, 0.2308913146654012, 0.2575891156462591, 0.27488945578231294, 0.30141353383458663, 0.31897469387755123, 0.3439151020408163, 0.36292346938775477, 0.38867883995703556, 0.41163265306122476, 0.43915986394557766, 0.46052509652509666, 0.4809074344023331, 0.49869387755102046, 0.5287983673469389, 0.5567964699393273, 0.5730288115246103, 0.606509387755102, 0.636]",7.2,25,-7.2,0.813,0.805
45,"[0.003, 0.005270408163265274, 0.006560296846011115, 0.00859183673469378, 0.01085604956268219, 0.01418301514154041, 0.018006583278472682, 0.020405315614617742, 0.023176176593086076, 0.027424489795918258, 0.030245498199279627, 0.03475938117182354, 0.039585306122448705, 0.042275839368005226, 0.047377551020408366, 0.05024434638720361, 0.05563985594237702, 0.05943515470704414, 0.06647495361781083, 0.07021492346938808, 0.07635518888406433, 0.08315428571428585, 0.09005442176870782, 0.09803795918367349, 0.10584337921214994, 0.11382050092764388, 0.12655510204081633, 0.14023639455782325, 0.1536489795918369, 0.16741728180633966, 0.18900185528756955, 0.20688292158968882, 0.2278367346938779, 0.25001959183673533, 0.27615836734693905, 0.2951619047619054, 0.31407482993197233, 0.33662390670554043, 0.3601535982814178, 0.3804784580498874, 0.39915102040816336, 0.4255801749271138, 0.4514821428571432, 0.4709273469387759, 0.48694275759084127, 0.5146326530612252, 0.5317711370262391, 0.5590636734693878, 0.586647230320699, 0.62]",7.2,25,-7.2,0.795,0.786
46,"[0.005, 0.005912737508796586, 0.007841444270015674, 0.010805986394557786, 0.013259369202226414, 0.015574421768707464, 0.018929499072356304, 0.02233395176252321, 0.026410311493018323, 0.029651491365777122, 0.033213627386438384, 0.03715173025732034, 0.04013921282798831, 0.044286817429674746, 0.04728957528957536, 0.05140612244897964, 0.05776476906552109, 0.061596938775510146, 0.06561067503924653, 0.0730218156228008, 0.07900441257584129, 0.08328571428571488, 0.09090816326530611, 0.09565670553935864, 0.10816257350397784, 0.11865098581805611, 0.13193537414965995, 0.13832096474953673, 0.15378571428571455, 0.17330612244897942, 0.18953959183673502, 0.21141205053449957, 0.23261836734693833, 0.24702470461868994, 0.2694253061224497, 0.29215428571428653, 0.31526530612244874, 0.3343233908948194, 0.35828081632653136, 0.3753720565149145, 0.38990954219525686, 0.42322789115646275, 0.43957142857142845, 0.46602249062890505, 0.4736211012706971, 0.499925788497217, 0.5290310204081633, 0.5472879818594107, 0.577129591836735, 0.606]",7.2,25,-7.2,0.781,0.773
47,"[0.004, 0.005401718582169775, 0.00688924113334666, 0.008825231910946292, 0.011613282601176174, 0.013902494331065855, 0.017573403554970585, 0.020625850340136108, 0.022853218210361157, 0.027088435374149747, 0.03057877551020448, 0.03463985594237702, 0.038232951717272416, 0.04167974882260609, 0.04622740524781354, 0.0494587755102041, 0.05366909620991267, 0.05861378513669628, 0.06351686797167871, 0.06764192949907255, 0.07299628942486112, 0.08141836734693907, 0.08703924646781885, 0.09545018007202886, 0.09956182472989206, 0.11067244897959196, 0.12266754443713, 0.1314572297003909, 0.14506122448979603, 0.1645306122448983, 0.18123226433430545, 0.2030269387755104, 0.22391156462585327, 0.23829888084265982, 0.2588578011849906, 0.28202764976958555, 0.30666629895201336, 0.32335471331389687, 0.34101113172541786, 0.36354631083202565, 0.3851196911196929, 0.4078178963893257, 0.4216061776061775, 0.44426757369614545, 0.46339074166251887, 0.4894726530612246, 0.5079421768707486, 0.5349342403628116, 0.5632323897300858, 0.588]",7.2,25,-7.2,0.768,0.761
48,"[0.003, 0.0048311048557355026, 0.006878081102570892, 0.008784742468415981, 0.010810570381998928, 0.012680588514475588, 0.016183673469387906, 0.019276497695852556, 0.022873177842565835, 0.025533921676778808, 0.029820912634716847, 0.03345753785385135, 0.03582692817386697, 0.03966188637617221, 0.044178571428571456, 0.04754180381830157, 0.05141606319947335, 0.056244897959183755, 0.06231020408163283, 0.06633600583090384, 0.07190306122449001, 0.07824812030075216, 0.08360760667903538, 0.09024081632653079, 0.09822878625134276, 0.10939332096474971, 0.11366439909297045, 0.12678963893249662, 0.14371428571428654, 0.15652309344790555, 0.17416734693877592, 0.19516326530612274, 0.21018367346938807, 0.22616492002206307, 0.2503034891375909, 0.27178857142857193, 0.2902408163265308, 0.310360544217688, 0.3350999583506884, 0.35247755102040845, 0.37035374149659933, 0.39512925170068164, 0.4160840336134458, 0.4348587127158563, 0.4591825993555322, 0.4770228091236497, 0.49277376093294467, 0.5213755102040813, 0.5482133580705015, 0.579]",7.2,25,-7.2,0.744,0.736
49,"[0.004, 0.006100907029478476, 0.008215472235405715, 0.01001995464852605, 0.01174512471655331, 0.014618169848584467, 0.017880860452288903, 0.02080059523809524, 0.02382374768089032, 0.026534693877550784, 0.030221088435374112, 0.0333001783237566, 0.03632036070242028, 0.040825489379425255, 0.04435023041474641, 0.047232083531086724, 0.05267950560505885, 0.057230204081632485, 0.06089696366351402, 0.06592163265306111, 0.07149476006618864, 0.07722285714285691, 0.0815068721366097, 0.08886827458255973, 0.0960306122448975, 0.10726530612244874, 0.11660961158657003, 0.12800441257584105, 0.13783673469387753, 0.1544739960500329, 0.17404556241101077, 0.18679269602577792, 0.2063032069970845, 0.2156307977736548, 0.23912585034013537, 0.26141312741312717, 0.2847959183673468, 0.30066380236305007, 0.3159381171823565, 0.3406669233731229, 0.3602427497314712, 0.375717551020408, 0.39381467181467145, 0.4146938775510197, 0.43397278911564635, 0.45699677765843216, 0.48334467120181407, 0.4989096209912532, 0.5269893877551017, 0.56]",7.2,25,-7.2,0.727,0.72
50,"[0.0, 0.00471705292286404, 0.006705292286406128, 0.009245556287030937, 0.01170048019207695, 0.015000374461711301, 0.01643531173937464, 0.018849753694581427, 0.022465306122448982, 0.02499497645211928, 0.028514616657473867, 0.031870244394053886, 0.03452841444270028, 0.03760129417620706, 0.04289346246973358, 0.0459868334430547, 0.05105501330967159, 0.05433877551020414, 0.05796465014577253, 0.06391982507288617, 0.06935355763927192, 0.07422119815668204, 0.07992414324220237, 0.08664545140089931, 0.09341399416909621, 0.10474118738404443, 0.11310482374768076, 0.12195306122448869, 0.137057142857143, 0.14743537414965954, 0.16733048057932862, 0.17836026655560164, 0.19989504373177813, 0.20792692560895312, 0.23432312925170085, 0.252142857142856, 0.2750693877551026, 0.29159183673469397, 0.3134594209776933, 0.3307113702623906, 0.3497558309037902, 0.37290651744568715, 0.3930952380952369, 0.4101972789115647, 0.4287645211930909, 0.44797469387755057, 0.46952399338113615, 0.49784734693877536, 0.5148709912536439, 0.539]",7.2,25,-7.2,0.708,0.704
51,"[0.004, 0.004837393021724819, 0.007290516206482566, 0.008987755102040754, 0.011538775510204071, 0.013646547980894385, 0.016702881152460904, 0.01935504201680668, 0.02208288213244476, 0.025069073783359395, 0.028562682215743446, 0.03236513400540941, 0.034374149659864, 0.03830029154518941, 0.04260204081632618, 0.044986255726780416, 0.0503977666538313, 0.05428885400313972, 0.05752399338113631, 0.061488338192419834, 0.06785004436557236, 0.07364835164835161, 0.07827926960257779, 0.08589315726290513, 0.0914848979591838, 0.09920355834641548, 0.10861602418745284, 0.1204865042791312, 0.13361688311688327, 0.14748057932850553, 0.16353719552337073, 0.17757823129251737, 0.19722283507997812, 0.20826364014993776, 0.22679065174456878, 0.24663909774436155, 0.2712448979591849, 0.28639755102040865, 0.2995157699443415, 0.32442496998799547, 0.3459681632653068, 0.36466439909297127, 0.3766679536679537, 0.3988187755102038, 0.4118215371254884, 0.4390805295091012, 0.46393877551020424, 0.4793741496598645, 0.5087492711370278, 0.535]",7.2,25,-7.2,0.691,0.685
52,"[0.0, 0.004884469041854034, 0.006410867961642496, 0.00909408509166382, 0.0112068488412315, 0.014352205398288352, 0.01674452003023434, 0.01930727762803232, 0.02310204081632652, 0.025253061224489764, 0.02909150757077027, 0.031305430646834984, 0.03357409050576748, 0.038014913657770696, 0.04134101382488479, 0.0437575030012004, 0.04937506894649746, 0.052923365264473124, 0.05768367346938758, 0.0624859349145063, 0.06696840026333095, 0.07318894009216584, 0.07984163265306111, 0.08474149659863825, 0.09323469387755061, 0.10049198250728876, 0.10834204081632634, 0.11658812615955469, 0.13401587301587306, 0.14364876476906555, 0.15808965014577242, 0.175269387755102, 0.18962585034013435, 0.20467176870748316, 0.22792979591836718, 0.24222077922077925, 0.2621530612244882, 0.2835839874411303, 0.29999659863945494, 0.3164202226345083, 0.336391156462584, 0.35851810401579987, 0.3711428571428567, 0.3879134031991175, 0.40968326530612215, 0.4358163265306114, 0.44981410825199625, 0.4770973312401875, 0.4973755102040822, 0.515]",7.2,25,-7.2,0.678,0.671
53,"[0.004, 0.0053728134110786795, 0.00699416909620993, 0.009610821072614998, 0.011473337722185622, 0.014151130722559272, 0.015536311822026073, 0.01903361344537809, 0.02157215743440239, 0.024465914025184544, 0.028128344671201733, 0.029836734693877556, 0.03381757600999577, 0.03593088435374157, 0.04025142857142858, 0.04335360266555596, 0.048328196584756546, 0.05206559766763844, 0.05646989795918362, 0.062345481049562744, 0.06658431793770163, 0.07102521008403366, 0.07811873840445299, 0.08264364207221365, 0.08900322234156831, 0.09949234693877582, 0.10660544217687166, 0.11524489795918372, 0.12838655462184903, 0.14253061224489844, 0.15327100142382546, 0.17304081632653107, 0.18650583090379044, 0.19386833443054663, 0.22418301514154085, 0.23523308270676763, 0.25653061224489826, 0.2766875981161703, 0.2930578231292529, 0.3104015799868336, 0.32870068027211097, 0.3496598639455814, 0.3635451895043733, 0.3817482993197285, 0.4024353741496611, 0.42643918367346967, 0.4426693877551024, 0.46141496598639625, 0.484647495361781, 0.51]",7.2,25,-7.2,0.667,0.659
54,"[0.005, 0.0073774666891550595, 0.008614437510541445, 0.010661619486504374, 0.012649921507064357, 0.015649416909621107, 0.018139089481946733, 0.020874285714285803, 0.022667299477930815, 0.02605623582766444, 0.028618367346938987, 0.03089307272204665, 0.035291639236339774, 0.03815145005370581, 0.042315895372233445, 0.04596783120027678, 0.049476629361422074, 0.05304997917534364, 0.05784854994629489, 0.06327378335949772, 0.06670315398886854, 0.07108791208791226, 0.07734638720353025, 0.0826696187909127, 0.09393402942572386, 0.09887981859410475, 0.1101454904542463, 0.12136076366030307, 0.13065714285714333, 0.1428391356542616, 0.15881924198250724, 0.1706775510204085, 0.18919491878384037, 0.20386342229199395, 0.22527210884353852, 0.24182625482625503, 0.2575697959183677, 0.27232789115646283, 0.2955755102040825, 0.30573690016547167, 0.32925993555316885, 0.34639146567718077, 0.3654835164835173, 0.37899854227405244, 0.3990859291084865, 0.4204371643394209, 0.43415918367346973, 0.4593579277864989, 0.477154518950438, 0.499]",7.2,25,-7.2,0.657,0.648
55,"[0.005, 0.0058260770975056666, 0.007630385487528415, 0.008939089481946652, 0.011270572745227126, 0.013343758282533716, 0.015277179962894242, 0.018788018433179697, 0.02142055393586001, 0.025358788676760963, 0.0272104308390023, 0.028792169929196164, 0.03342926323071604, 0.03553124018838302, 0.03908074534161488, 0.043384532760472515, 0.04659102040816327, 0.0503159973666888, 0.055789387755102504, 0.0592994676131323, 0.06467589069526117, 0.07021428571428578, 0.07275736961451258, 0.07782069970845489, 0.08577386438446347, 0.09437387755102075, 0.10156867071152796, 0.11422986036519886, 0.12184586466165416, 0.132892290249433, 0.1481083202511769, 0.15909061224489882, 0.17270821842250453, 0.1900374149659869, 0.2064259094942327, 0.22306766917293225, 0.23905442176870778, 0.25824753127057287, 0.2726079484425364, 0.29100244897959227, 0.3055102040816328, 0.32711224489796287, 0.3394924812030075, 0.35371713336497396, 0.37683537414966034, 0.3992489795918368, 0.41527673469387827, 0.4302644897959187, 0.453423005565863, 0.48]",7.2,25,-7.2,0.626,0.62
56,"[0.0, 0.005712685074029571, 0.007280447662936151, 0.009400777453838704, 0.010816909620991265, 0.013350826044703506, 0.015184786641929494, 0.018395918367346904, 0.02120894071914476, 0.02297910592808546, 0.025563528637261423, 0.03003906078560462, 0.031637919684002654, 0.03430800627943483, 0.039089861751152054, 0.04235510204081635, 0.0456268221574344, 0.04973864384463468, 0.052922448979591925, 0.05784734693877559, 0.06189927583936797, 0.06711688311688338, 0.073305306122449, 0.07811836734693897, 0.08421986907970729, 0.09190126861555453, 0.1001608163265307, 0.11038231292517031, 0.12018681318681289, 0.1337845804988659, 0.14721664050235383, 0.16112585034013727, 0.1698500784929358, 0.18841568206229883, 0.20390612244898004, 0.22181142857142866, 0.24179081632653074, 0.25755782312925213, 0.2762220408163275, 0.28952244897959223, 0.3086096938775513, 0.3243073229291717, 0.3431632653061228, 0.3578599257884972, 0.37926122448979604, 0.3962489795918368, 0.4128154935443567, 0.4395086342229206, 0.4618843537414988, 0.475]",7.2,25,-7.2,0.63,0.627
57,"[0.002, 0.003779922779922811, 0.006150793650793739, 0.01, 0.014137142857142947, 0.019392857142857167, 0.02443506493506495, 0.030416666666667067, 0.03568571428571461, 0.04173979591836745, 0.049, 0.05612781954887245, 0.062411428571428736, 0.07235714285714291, 0.08255555555555567, 0.09199613899613898, 0.10605952380952394, 0.1189670329670329, 0.135, 0.16413142857142884, 0.17758646616541382, 0.20812000000000022, 0.241, 0.269, 0.31579870129870147, 0.360257142857143, 0.39817582417582426, 0.432, 0.48333333333333334, 0.5119142857142858, 0.5549885714285715, 0.6062857142857143, 0.6359699248120303, 0.683, 0.723488479262673, 0.763, 0.793, 0.8375238095238093, 0.867274725274726, 0.9, 0.943261904761905, 0.984, 1.018, 1.0573542857142861, 1.0857460317460323, 1.112, 1.156417142857143, 1.1849450549450553, 1.2180457142857144, 1.251]",2.4,25,-7.2,1.388,1.317
58,"[0.001, 0.002750503018108622, 0.005531746031746094, 0.009, 0.013, 0.01807506053268766, 0.021, 0.027916666666666853, 0.03421142857142849, 0.041, 0.04750759878419455, 0.05587557603686638, 0.06759447004608295, 0.07665079365079361, 0.09075000000000018, 0.10418487394957983, 0.11566165413533834, 0.134, 0.16, 0.18153714285714292, 0.212, 0.2415833333333335, 0.2791714285714286, 0.31258730158730164, 0.3534135338345864, 0.383, 0.4200952380952383, 0.457, 0.498, 0.5454022556390979, 0.587, 0.6174880952380954, 0.66, 0.696, 0.74, 0.776, 0.8040238095238096, 0.8478131868131867, 0.882, 0.9115476190476194, 0.9444171428571431, 0.9781274131274132, 1.005105263157895, 1.0318681318681322, 1.0542619047619048, 1.083, 1.112, 1.139134920634921, 1.1609849624060156, 1.198]",2.4,25,-7.2,1.327,1.315
59,"[0.001, 0.00416034985422742, 0.006323221180364063, 0.009597551020408294, 0.014891836734693827, 0.019, 0.023, 0.028912087912088075, 0.036204081632652894, 0.04157568027210885, 0.04879931972789114, 0.05870626822157439, 0.06813500784929394, 0.07882574568288857, 0.093, 0.102, 0.1199069387755103, 0.14055442176870744, 0.164, 0.18560204081632659, 0.21854931972789132, 0.25, 0.28650204081632646, 0.32645678271308537, 0.3622091836734693, 0.40197959183673493, 0.45194104308390026, 0.4833089795918368, 0.515, 0.5703363265306124, 0.5898937575030013, 0.6399472789115648, 0.6706420722135013, 0.7057609329446067, 0.744, 0.7804360902255639, 0.8135078031212483, 0.8537497314715361, 0.874, 0.9129002267573698, 0.9473563154991729, 0.9781432653061226, 1.0072180451127821, 1.029, 1.0585170068027223, 1.0842568027210888, 1.114466472303207, 1.137, 1.163, 1.197]",2.4,25,-7.2,1.329,1.324
60,"[0.001, 0.003429674572531692, 0.007, 0.010070228091236474, 0.015, 0.017759183673469382, 0.02367102040816335, 0.029261904761904604, 0.03639455782312981, 0.04284225041367902, 0.051, 0.06044371296905858, 0.07123110865968009, 0.077, 0.0935238095238092, 0.105, 0.123, 0.143, 0.17136961451247174, 0.18984353741496632, 0.22310096670247054, 0.2507085714285714, 0.286, 0.322, 0.3622840816326532, 0.396, 0.4412072213500789, 0.47379081632653064, 0.5153834586466167, 0.5612032653061226, 0.5908129251700686, 0.6278669387755104, 0.671578231292517, 0.7152244897959186, 0.748, 0.782, 0.8160932944606419, 0.862, 0.8908649921507068, 0.9293350340136058, 0.9554957035445758, 0.9950170987313846, 1.0188690476190476, 1.046, 1.0724631083202516, 1.089991651205937, 1.12887432867884, 1.153, 1.1838673469387768, 1.211]",2.4,25,-7.2,1.338,1.341
61,"[0.001, 0.003971020408163282, 0.007, 0.009793002915452001, 0.014844671201814104, 0.018576695194206756, 0.025, 0.029785714285714696, 0.03665743440233242, 0.042882771713336536, 0.051, 0.058457328385900016, 0.07031089882761626, 0.08111715797430093, 0.09306857142857156, 0.10351105442176879, 0.12454779806659512, 0.14259249506254135, 0.16906188281764326, 0.186, 0.21384772370486693, 0.25171428571428617, 0.2788048979591838, 0.31877823129251703, 0.3586960257787327, 0.3913609693877554, 0.4305544217687082, 0.474, 0.519, 0.553, 0.589, 0.65, 0.6873490870032225, 0.726232426303855, 0.7629795918367347, 0.8036293436293437, 0.834, 0.868, 0.8986790352504641, 0.937, 0.967, 0.9976394557823134, 1.029, 1.057, 1.085, 1.1127535321821036, 1.1428346938775518, 1.161, 1.1993707482993203, 1.224]",2.4,25,-7.2,1.353,1.346
62,"[0.003, 0.004441632653061151, 0.00726931486880471, 0.008832499037350762, 0.01138279095421953, 0.014681191395477073, 0.018864992150706403, 0.0219670329670329, 0.023979081632653033, 0.02880880773361973, 0.035362382790954223, 0.03955267512410364, 0.0433877551020405, 0.05070122448979594, 0.055885204081632646, 0.06215366146458571, 0.06793169512703041, 0.07827057274522706, 0.08761761546723945, 0.1005634110787171, 0.11151171579743015, 0.1269682539682539, 0.14863183673469355, 0.16299319727891184, 0.18459183673469381, 0.2074808163265305, 0.2275801749271132, 0.2542969058591178, 0.2745212355212355, 0.3000657596371879, 0.32561224489795737, 0.35142176870748254, 0.37234233048057924, 0.3981394557823131, 0.4135522208883551, 0.44106593406593353, 0.46629877551020404, 0.48874040816326514, 0.5101625364431484, 0.5381964718090627, 0.5554511661807581, 0.5779144173798552, 0.6029183673469386, 0.6249308390022673, 0.6470998542274051, 0.6736394557823121, 0.6928351020408161, 0.7184681872749098, 0.7511239795918366, 0.78]",4.8,25,-7.2,0.962,0.984
63,"[0.002, 0.003672691933916469, 0.005513753327417898, 0.007745306122449046, 0.01071704357418642, 0.013365120593692027, 0.016372448979591767, 0.0195857142857143, 0.023596249310535285, 0.026983888292158902, 0.03210955961331902, 0.03663543599257889, 0.040858398744113046, 0.04714448979591837, 0.05269714285714292, 0.05781742967457261, 0.06379008746355687, 0.06975039246467844, 0.07939517625231922, 0.08788682745825611, 0.10081405895691628, 0.10872571428571441, 0.1253662728249197, 0.14258204081632656, 0.16460564225690288, 0.18060442900564483, 0.20291929499072361, 0.2288416326530613, 0.25587428571428583, 0.2837869387755102, 0.3062492711370264, 0.32955102040816386, 0.3601745249824069, 0.37956591285162716, 0.39987020408163265, 0.42061003861003865, 0.4519489795918373, 0.4735938117182359, 0.49983503401360524, 0.52431149301826, 0.5448843537414988, 0.5692260596546318, 0.5965939849624061, 0.6220081632653064, 0.6384009928295644, 0.6647891156462591, 0.6958503401360554, 0.7150621521335807, 0.7453359497645216, 0.779]",4.8,25,-7.2,0.96,0.959
64,"[0.003, 0.004020945220193335, 0.006599736668860998, 0.008818959842001341, 0.011655434266729953, 0.014022306597057443, 0.017300784929356373, 0.02138285714285707, 0.02471289424860859, 0.028513605442176956, 0.03324323198667215, 0.03798420013166562, 0.04154631083202477, 0.04807783578547699, 0.05421904761904778, 0.0593549562682216, 0.06498938775510205, 0.07201895043731778, 0.07966648764769069, 0.09124489795918381, 0.10055642256902766, 0.11179464285714295, 0.12438040816326551, 0.14711807580174938, 0.1636780045351476, 0.18643711438063607, 0.20851491365777078, 0.23617539988968567, 0.2570259740259745, 0.2813243823845333, 0.30267132116004325, 0.32914852607709755, 0.3555667903525048, 0.3830060296846011, 0.40400115517905283, 0.4169890109890113, 0.44520663265306143, 0.4687559183673473, 0.49208163265306093, 0.5200608163265307, 0.5405891156462591, 0.5623297529538133, 0.591338345864662, 0.6120320699708452, 0.6350034013605443, 0.6622653061224496, 0.6802078609221467, 0.7062326530612246, 0.7382163265306123, 0.772]",4.8,25,-7.2,0.96,0.958
65,"[0.002, 0.0042219094534365195, 0.005700437317784319, 0.008255431204739962, 0.010801139060275394, 0.01371783496007101, 0.01642810760667902, 0.020513119533527725, 0.0244179591836735, 0.02723000551571974, 0.030969716919025676, 0.03630722559293989, 0.041254564983888325, 0.045999072356215184, 0.050451127819548885, 0.05762083780880777, 0.06331632653061242, 0.06967763431903383, 0.07750053705692805, 0.08545772594752181, 0.09811815252416775, 0.10881714285714285, 0.12054564983888291, 0.13744671201814068, 0.15769758812615958, 0.18140550133096722, 0.20165986394557875, 0.22516896060749883, 0.24385983827493266, 0.277180650037793, 0.2986509129967782, 0.3219984301412876, 0.34960932944606427, 0.3669001074113858, 0.39473469387755183, 0.4172285714285715, 0.4406435860058311, 0.46651177394034615, 0.48786848072562367, 0.5150635286372615, 0.5344042759961134, 0.5573446712018139, 0.5824395604395611, 0.6063329752953821, 0.625578231292517, 0.654586191923578, 0.684045068027211, 0.7013673469387766, 0.7351755102040818, 0.765]",4.8,25,-7.2,0.953,0.947
66,"[0.0, 0.004974149659864036, 0.007807256235827683, 0.010099854227405307, 0.013040060468631966, 0.015313061224489803, 0.0192431233362911, 0.022908571428571587, 0.02644499751119962, 0.02947793070716663, 0.03404373177842647, 0.038581383773021456, 0.043030612244898236, 0.04847591836734694, 0.05604608294930885, 0.05968193130910908, 0.06433106575963728, 0.07411186696900993, 0.08156182472989205, 0.09172675736961454, 0.10196474953617815, 0.11539682539682554, 0.12650468836183126, 0.14573469387755253, 0.1639190962099127, 0.18181632653061225, 0.2046965108624097, 0.23157639271925, 0.25815668202764985, 0.2747672366243796, 0.3050799319727894, 0.330144897959184, 0.3539954648526075, 0.3727325072886299, 0.39554160125588733, 0.416114285714285, 0.4391160042964565, 0.464938775510205, 0.48192653061224494, 0.5095102040816327, 0.5341412024269169, 0.5581502040816327, 0.5772228571428577, 0.5997271750805588, 0.6181761546723955, 0.6465092085614735, 0.6741393078970719, 0.691484831770546, 0.7264117346938777, 0.754]",4.8,25,-7.2,0.941,0.937
67,"[0.003, 0.004332533013205343, 0.005859624931053525, 0.008581825182903517, 0.010409031697785495, 0.013404213298222483, 0.01723346938775518, 0.020513677811550182, 0.024432011006649865, 0.02844371296905873, 0.03152244897959196, 0.03471289424860852, 0.041086240947992105, 0.0463404452690167, 0.051881987577639885, 0.05694970845481057, 0.0642051557465094, 0.06865590887517811, 0.07841836734693865, 0.08578871548619452, 0.09777814351547079, 0.11037244897959197, 0.12081877551020445, 0.1407723704866565, 0.161634693877551, 0.17576166180758018, 0.20043673469387768, 0.21790870032223417, 0.25201843317972356, 0.272067503924647, 0.29667687074829946, 0.3179149659863947, 0.3415198979591838, 0.3683240816326531, 0.38246938775510547, 0.4110571428571433, 0.43333560090702955, 0.4543877551020419, 0.47613856068743277, 0.4974178302900111, 0.5197659863945584, 0.5435918367346951, 0.5688742857142858, 0.5905395918367343, 0.612411564625851, 0.6411910204081632, 0.6594540816326535, 0.6881154672395274, 0.7165062541145493, 0.749]",4.8,25,-7.2,0.931,0.926
68,"[0.003, 0.0048296155671571275, 0.0061195335276968, 0.008635007849293596, 0.012062585034013609, 0.013627238650562283, 0.01657533651758575, 0.020345622119815696, 0.023467462456680882, 0.02838579277864993, 0.03270748299319741, 0.036541416566626586, 0.04065204081632653, 0.045630204081632625, 0.05298455598455595, 0.05682507288629745, 0.06452119309262169, 0.06983830455259071, 0.07732979591836729, 0.0884659863945578, 0.0967785114045618, 0.10859183673469373, 0.12156879526003969, 0.1396391836734695, 0.16010204081632662, 0.18028367346938776, 0.19713729128014854, 0.22437959183673464, 0.2425639097744361, 0.26778122448979597, 0.29305830903790026, 0.3158129251700685, 0.33803554970375255, 0.3529795918367347, 0.38381632653061204, 0.40759523809523823, 0.4284370748299325, 0.4521059018201877, 0.47114367346938757, 0.49364842300556594, 0.5147251700680275, 0.5384353741496604, 0.5643314285714285, 0.5768639455782308, 0.6042560296846011, 0.6330522448979592, 0.6553507997793714, 0.678059369202226, 0.7074130612244897, 0.742]",4.8,25,-7.2,0.92,0.914
69,"[0.0, 0.004323238973008637, 0.0064653790087463555, 0.007896642527978944, 0.011139744033206625, 0.013666370896184584, 0.01655918367346952, 0.020619047619048255, 0.023785228377065384, 0.027311020408163293, 0.031012244897959413, 0.03615306122448987, 0.041008542952064624, 0.04579111644657862, 0.0508176291793313, 0.05591781577495867, 0.06168580920740391, 0.07014382896015561, 0.07713426423200884, 0.08486297376093285, 0.0946244897959185, 0.10929761904761916, 0.11866690962099131, 0.13727389903329776, 0.15582159315339064, 0.17743877551020426, 0.1938304552590269, 0.21788860544217706, 0.2377695852534563, 0.26576723662437957, 0.2866860282574572, 0.315289795918368, 0.33374829931972766, 0.3593221574344028, 0.37752326530612285, 0.39892857142857197, 0.4213737916219122, 0.44587755102040977, 0.4663877551020416, 0.48482599355531714, 0.507803767660911, 0.534417233560091, 0.5570531561461796, 0.5787271750805588, 0.6000495626822161, 0.6244376417233564, 0.6425245449531165, 0.6704568288854003, 0.6976587755102044, 0.733]",4.8,25,-7.2,0.906,0.901
70,"[0.003, 0.004314671814671815, 0.005987755102040792, 0.008584033613445292, 0.011559523809523846, 0.0135285714285714, 0.016353383458646658, 0.02110666666666666, 0.022850498338870536, 0.02692481203007503, 0.03144155844155853, 0.03519480519480519, 0.04050974025974033, 0.04496218487394962, 0.05126530612244908, 0.0555102040816326, 0.06019137466307285, 0.0687695852534562, 0.0757714285714288, 0.08720300751879718, 0.09353968253968276, 0.10837837837837835, 0.12401587301587329, 0.1366090225563911, 0.15372180451127831, 0.17642857142857146, 0.189897142857143, 0.2142857142857144, 0.23779545454545462, 0.26069047619047625, 0.2870952380952386, 0.31124812030075216, 0.3290879120879123, 0.3533015873015874, 0.3732396313364055, 0.39538461538461667, 0.4174553571428573, 0.4462057142857147, 0.4629142857142853, 0.4809657142857142, 0.5045714285714289, 0.5254761904761908, 0.5515555555555557, 0.5721904761904766, 0.5930383275261326, 0.6187085714285716, 0.6365444015444016, 0.6608376623376623, 0.696168367346939, 0.724]",4.8,25,-7.2,0.896,0.892
71,"[0.003, 0.004131681243926179, 0.006176530612244874, 0.007730442176870747, 0.010633096716947725, 0.013007119126720486, 0.01551147959183684, 0.018462585034013736, 0.02174829931972765, 0.026311020408163292, 0.03048508634222956, 0.03509667024704636, 0.03900749687630161, 0.04394199785177223, 0.05031589537223343, 0.05432879818594155, 0.058797021511307224, 0.06740081632653072, 0.07451620648259318, 0.08387210884353732, 0.09229024943310686, 0.10429761904761915, 0.11566690962099133, 0.13254779806659547, 0.14982159315339064, 0.1639816326530613, 0.18691183673469397, 0.20937306122448993, 0.23440476190476206, 0.2555215419501136, 0.2792131519274383, 0.30107591836734715, 0.3239977324263038, 0.34682040816326537, 0.36474113856068774, 0.3895974025974022, 0.41035410921125226, 0.43043083900226775, 0.45513429888084256, 0.47038775510204095, 0.5022749731471539, 0.5191976369495167, 0.5456090225563921, 0.5631360544217687, 0.5830266875981164, 0.612630204081633, 0.6285293563579278, 0.6569136577708006, 0.6884704618689587, 0.718]",4.8,25,-7.2,0.891,0.885
72,"[0.0, 0.0036741277156024273, 0.0055641399416909475, 0.0068295642581356715, 0.009687346938775605, 0.012216947648624632, 0.013939160569888325, 0.018373626373626478, 0.021797488226059706, 0.024763605442176814, 0.02856344276841189, 0.033110444177671075, 0.03750164581961822, 0.04191504508780263, 0.04761142857142846, 0.052558775510204075, 0.05741469387755108, 0.06439634801288943, 0.0724953116381688, 0.08064723032069976, 0.08976230492196874, 0.09991836734693862, 0.11046040816326551, 0.12895421952564814, 0.14561619486504282, 0.16045368916797523, 0.18156283566057999, 0.2067699944842802, 0.23215238095238128, 0.24944326530612243, 0.2738356605800217, 0.2994455782312933, 0.3174965986394557, 0.34304937458854556, 0.3604769065520949, 0.3841428571428572, 0.4053861224489799, 0.4282283507997795, 0.4496595918367347, 0.47102923331494806, 0.4950567346938777, 0.5131360544217688, 0.5370476190476197, 0.557201530612245, 0.575836734693878, 0.6052726530612247, 0.6279591836734699, 0.6459162191192267, 0.674884134298881, 0.709]",4.8,25,-7.2,0.885,0.879
73,"[0.003, 0.0040882653061223816, 0.006167395529640381, 0.007583673469387603, 0.01032949907235625, 0.01270189504373173, 0.01615855572998427, 0.019128151260504208, 0.022249895876717985, 0.026315339038841222, 0.029455015809140533, 0.03418801563178465, 0.037762598917117876, 0.042943188086045254, 0.048634285714285644, 0.05250789372352707, 0.05887185571903178, 0.06592081632653049, 0.07341253644314871, 0.0826284013605443, 0.09305102040816346, 0.10150510204081634, 0.1163469387755102, 0.13345510204081634, 0.1510397131825702, 0.16651205936920233, 0.18393197278911708, 0.21036465152098577, 0.22907142857142873, 0.25376967930029154, 0.27399455782312937, 0.3000748299319734, 0.3260157998683345, 0.3386058002148228, 0.3583616326530614, 0.3822738095238097, 0.40022157434402345, 0.42393061224489814, 0.44288653061224503, 0.4641156462585036, 0.4882844897959184, 0.5059795918367348, 0.5331729323308277, 0.5521360544217696, 0.5706683673469399, 0.5979897959183678, 0.6253360058309039, 0.6413175510204083, 0.6705757250268533, 0.698]",4.8,25,-7.2,0.868,0.863
74,"[0.003, 0.004359117840684635, 0.006817576009995765, 0.008141743970315338, 0.010577073382544424, 0.012576392719249872, 0.015752701080432197, 0.01927714285714289, 0.023471886713869194, 0.027284693877551034, 0.030049066435084693, 0.034723562152133486, 0.036957759848125236, 0.04324149659864009, 0.04866883116883124, 0.052314715359828304, 0.05936979591836737, 0.06583022145028226, 0.0742040816326531, 0.08189342403628111, 0.09224429771908764, 0.10326530612244911, 0.11561479591836757, 0.13125510204081647, 0.15111882817643188, 0.1637623436471363, 0.18822291993720586, 0.20197827518104017, 0.22769047619047625, 0.2496156462585039, 0.2760783673469389, 0.2969353741496599, 0.3189462943071967, 0.3415777080062797, 0.35626572261557693, 0.37671428571428633, 0.39951700680272245, 0.4215926530612245, 0.44000627943485104, 0.46220794263651405, 0.4833322448979592, 0.5083755102040816, 0.5272591362126248, 0.5464013605442185, 0.5654305464121138, 0.5900988184747588, 0.6085840816326531, 0.6352448979591843, 0.6618822605965472, 0.693]",4.8,25,-7.2,0.863,0.858
75,"[0.003, 0.0046204081632654865, 0.00676239067055399, 0.008753842277651806, 0.011237916219119293, 0.013716368179925113, 0.016266380236305243, 0.019331797235023037, 0.023115491651205935, 0.026794969150451084, 0.030905102040816507, 0.035184489795918455, 0.0395248979591837, 0.04544803037494086, 0.04784987893462476, 0.053711502782931464, 0.05984240362811809, 0.06594557823129293, 0.07524489795918393, 0.0832349696635411, 0.09386734693877595, 0.10358857142857161, 0.1166276889134033, 0.1322630385487529, 0.14240561224489814, 0.17079251700680323, 0.1854217687074849, 0.21104308390022672, 0.22741142857142874, 0.2485663265306126, 0.27227551020408197, 0.29199265306122457, 0.3181709873138446, 0.33722693877551063, 0.3484968763015412, 0.37395238095238237, 0.3941972789115653, 0.4169136577708005, 0.4393411078717199, 0.4543515470704411, 0.47963265306122455, 0.5033167346938777, 0.5194440154440155, 0.5400751020408168, 0.5592548531607767, 0.5835148123765634, 0.6066431863067809, 0.6257583673469386, 0.6527395918367349, 0.684]",4.8,25,-7.2,0.853,0.846
76,"[0.002, 0.0040897959183673225, 0.005795918367347033, 0.007989578810247536, 0.010076066790352507, 0.012248646397334445, 0.01500097181729838, 0.018748571428571604, 0.02151387755102038, 0.02466350261034653, 0.028681898846495177, 0.03280017006802722, 0.03789688506981725, 0.04303656462585044, 0.047308571428571373, 0.05216415261756871, 0.05611564625850356, 0.06346552675124104, 0.0721084854994628, 0.08106778425655964, 0.08758938775510207, 0.09667142857142859, 0.11097247271001415, 0.1267482993197284, 0.1435697738554881, 0.15979455782312926, 0.18422959183673449, 0.19187827988338185, 0.22558441558441555, 0.23927210884353722, 0.26584529295589204, 0.28870770243581306, 0.3116573129251699, 0.3317164339419978, 0.34360672917815765, 0.36683673469387723, 0.38524943310657644, 0.41284301412872804, 0.428866213151927, 0.44977210884353797, 0.47074489795918256, 0.49827786499215027, 0.5133673469387751, 0.5368866213151925, 0.5534770408163269, 0.5794771097628238, 0.5953916161059016, 0.6199481946624801, 0.6398465306122447, 0.678]",4.8,25,-7.2,0.842,0.838
77,"[0.003, 0.0038692602040816385, 0.00524048538334248, 0.007482814178303031, 0.010301625735039855, 0.012261509254864758, 0.01569561441597917, 0.019198979591836748, 0.022240723562152228, 0.024635141861622738, 0.029606413994169307, 0.032637551020408204, 0.03690670553935852, 0.04263346938775518, 0.045877551020408386, 0.051412434741338435, 0.055922115785089585, 0.06412520683949252, 0.07093197278911602, 0.07924292297564192, 0.08683836734693876, 0.09953714285714294, 0.1138979591836735, 0.1272772108843541, 0.1446905681191397, 0.15568466096115868, 0.17805724240915885, 0.19993249607535338, 0.21831868131868198, 0.24506938775510256, 0.2662979591836736, 0.2839167346938776, 0.3071841836734693, 0.3285526530612245, 0.340152332361516, 0.3631190476190485, 0.3850171858216977, 0.4073844897959186, 0.42846624803767686, 0.44204927824788465, 0.46833163265306116, 0.4858324382384533, 0.5100501930501931, 0.5279322448979591, 0.5459693877551033, 0.5703883553421369, 0.5879365692222835, 0.6105463108320253, 0.6405463108320256, 0.67]",4.8,25,-7.2,0.832,0.826
78,"[0.0, 0.003990881458966547, 0.005325652841781985, 0.007132890365448573, 0.008746543778801871, 0.01223428571428568, 0.014668280871670755, 0.016752688172043017, 0.02137327188940091, 0.02406912442396314, 0.02832142857142867, 0.03169142857142863, 0.036365448504983355, 0.04043452380952377, 0.04564516129032263, 0.050382239382239485, 0.05640571428571427, 0.06197402597402612, 0.06876447876447878, 0.07811498257839725, 0.08655428571428547, 0.1, 0.11212755102040813, 0.12502380952380956, 0.13802255639097727, 0.15329323308270668, 0.18147619047619024, 0.20019428571428544, 0.21084615384615352, 0.24071428571428582, 0.2603594470046082, 0.28122857142857133, 0.3014478764478764, 0.323280612244898, 0.33367428571428526, 0.35783333333333234, 0.3792077922077922, 0.4013945578231288, 0.41785714285714276, 0.43921428571428617, 0.45951714285714285, 0.4845714285714283, 0.5022500000000001, 0.5235952380952377, 0.5353719676549865, 0.5645504201680669, 0.5904131274131272, 0.6055470383275263, 0.6334505494505488, 0.662]",4.8,25,-7.2,0.825,0.821
79,"[0.003, 0.0045343654703260275, 0.006377342773844185, 0.007760804321728723, 0.010852663016426164, 0.014088550674507094, 0.01632346938775496, 0.01952100840336139, 0.023021799628942505, 0.026370831259332983, 0.0302689795918367, 0.03505387755102034, 0.037875102040816615, 0.042863673469387756, 0.04648319327731089, 0.05298946675444372, 0.05907673469387761, 0.06505442176870856, 0.07175832438238464, 0.07921768707482994, 0.08982165039929003, 0.10300583090379027, 0.11329956268221585, 0.12816512059369203, 0.14136577708006295, 0.1596448979591838, 0.17598290126861557, 0.19881632653061232, 0.2239485714285715, 0.24456816326530617, 0.26619557823129275, 0.28630367346938784, 0.30355673469387773, 0.3229232653061224, 0.33905442176870787, 0.36350476190476205, 0.3823587540279272, 0.39856244897959214, 0.42020408163265377, 0.44222204081632677, 0.46078367346938764, 0.47994951664876495, 0.4983590733590735, 0.5181331901181527, 0.5354091587854656, 0.5589554730983304, 0.5843554421768707, 0.6006734693877563, 0.6272193877551016, 0.658]",4.8,25,-7.2,0.818,0.813
80,"[0.002, 0.004318513119533512, 0.005822909809084912, 0.007537968675842425, 0.009387755102040854, 0.012239246467817915, 0.015402839396628176, 0.017851428571428612, 0.021287172011661755, 0.024735352205398374, 0.02850204081632651, 0.03222448979591836, 0.03594760066188643, 0.039909063625450165, 0.04445036319612595, 0.050333163265306194, 0.05564326530612256, 0.06261439312567162, 0.06953061224489748, 0.07577387755102054, 0.08617517006802712, 0.09462987012987015, 0.10910204081632696, 0.1241279646993932, 0.13361151603498553, 0.1486462585034014, 0.17697174254317152, 0.18797084548104964, 0.21468067226890755, 0.23548299319727944, 0.2554348508634224, 0.27589387755102046, 0.29861816984858464, 0.31574319727891187, 0.3277280299875053, 0.35577714285714296, 0.3720282574568298, 0.39444104308390004, 0.41456283566058, 0.4380179591836737, 0.45520816326530633, 0.4757346938775511, 0.4947472527472532, 0.5142187755102043, 0.5270874635568511, 0.5547591836734695, 0.5705635286372617, 0.5949395918367348, 0.6249622448979593, 0.651]",4.8,25,-7.2,0.813,0.808
81,"[0.003, 0.004470588235294087, 0.005707692307692303, 0.008016129032258026, 0.010354838709677178, 0.01324999999999988, 0.016269230769230723, 0.018639999999999886, 0.021676470588235228, 0.025, 0.029072727272727264, 0.03177142857142859, 0.03826530612244899, 0.04209999999999999, 0.04622580645161296, 0.050093023255813954, 0.056879999999999944, 0.061850000000000016, 0.0697096774193548, 0.07852631578947386, 0.088, 0.10018918918918922, 0.1141, 0.12233333333333259, 0.14244444444444532, 0.1558800000000001, 0.1762615384615385, 0.1933750000000001, 0.21629729729729733, 0.23800000000000068, 0.25477777777777805, 0.27835000000000026, 0.2996666666666674, 0.3184444444444436, 0.32466666666666716, 0.3557200000000002, 0.369, 0.3962000000000002, 0.41, 0.43232000000000026, 0.453, 0.47117647058823564, 0.48933333333333384, 0.5085263157894738, 0.5240800000000002, 0.5478800000000003, 0.565833333333333, 0.597, 0.6144736842105275, 0.641]",4.8,25,-7.2,0.804,0.799
82,"[0.002, 0.0036412244897959184, 0.005323265306122392, 0.007446131941148517, 0.009294460641399344, 0.012482653061224414, 0.014076366030282898, 0.016723502304147445, 0.02124633515377981, 0.024482094724682275, 0.02880033094318805, 0.032017722878625025, 0.03647124304267162, 0.03975124103695523, 0.04425345622119809, 0.04924319727891153, 0.05464585834333708, 0.06234240362811788, 0.06832587228439753, 0.07547409733124018, 0.08506444683136394, 0.0962239382239382, 0.10758381924198251, 0.11990292333149466, 0.13528911564625842, 0.1504612244897958, 0.17117815774958625, 0.1921861224489794, 0.21149714285714258, 0.2301868958109561, 0.25242079689018443, 0.2715559183673468, 0.29174659863945546, 0.3115686707115275, 0.33300627943485106, 0.34371938775510186, 0.37139368005266615, 0.38536151603498514, 0.40807504937458844, 0.42912925170067856, 0.44483746355685105, 0.46609805873568944, 0.4887619047619044, 0.5042937826293307, 0.5162133580705012, 0.5422100065832786, 0.5673126530612242, 0.5825727452271227, 0.6097813411078717, 0.636]",4.8,25,-7.2,0.794,0.788
83,"[0.002, 0.003294117647058785, 0.005558139534883692, 0.006777777777777753, 0.009677419354838589, 0.010999999999999937, 0.014153846153845838, 0.01749999999999996, 0.020426470588235233, 0.02280645161290324, 0.026918918918918983, 0.030774193548387185, 0.03431818181818186, 0.03867741935483873, 0.04205263157894748, 0.04916666666666667, 0.053653846153846184, 0.05976923076923098, 0.06675000000000005, 0.07289473684210528, 0.08223999999999998, 0.09414285714285717, 0.10907407407407407, 0.11772222222222216, 0.13583333333333372, 0.1480526315789477, 0.17309433962264154, 0.19084210526315804, 0.20791891891891912, 0.2290000000000005, 0.24958333333333352, 0.27063157894736883, 0.28267647058823525, 0.3111666666666663, 0.32466666666666744, 0.34552380952380984, 0.36452631578947386, 0.3864000000000004, 0.406, 0.4223333333333353, 0.43648000000000015, 0.46080000000000015, 0.4809090909090911, 0.49721052631578994, 0.5181666666666669, 0.5378800000000002, 0.5613953488372093, 0.586, 0.6070000000000004, 0.633]",4.8,25,-7.2,0.791,0.788
84,"[0.003, 0.0038199999999999797, 0.005662337662337634, 0.006971830985915435, 0.008970588235294057, 0.011340425531914845, 0.014045454545454441, 0.017581395348837126, 0.020348837209302154, 0.022790322580645155, 0.02695454545454546, 0.03081578947368427, 0.03489795918367352, 0.03919148936170215, 0.04376000000000002, 0.0481081081081081, 0.05422727272727271, 0.058680000000000024, 0.06659459459459456, 0.07195454545454545, 0.083, 0.09414285714285717, 0.10822222222222216, 0.1181666666666663, 0.13511111111111135, 0.14730769230769258, 0.17042500000000013, 0.1903750000000001, 0.20609677419354858, 0.22866666666666677, 0.2438000000000001, 0.2687741935483876, 0.2907777777777782, 0.3061666666666663, 0.31766666666666743, 0.3422750000000002, 0.36276923076923073, 0.3832000000000002, 0.4, 0.41932000000000025, 0.432, 0.45590909090909115, 0.4775789473684211, 0.4937777777777783, 0.5132222222222226, 0.5338800000000002, 0.5581351351351351, 0.582, 0.5912857142857152, 0.627]",4.8,25,-7.2,0.779,0.774
85,"[0.003, 0.004086872586872535, 0.005254259501965963, 0.006748361730013072, 0.009654135338345604, 0.012045714285714383, 0.014757475083056493, 0.01819148936170207, 0.02013714285714297, 0.02413075060532685, 0.027420168067226854, 0.031142857142857208, 0.03482773109243701, 0.03848928571428575, 0.04284000000000004, 0.04972527472527485, 0.05315428571428569, 0.060258687258687424, 0.06828571428571442, 0.07436571428571435, 0.08132890365448525, 0.0945, 0.1069682539682539, 0.1159857142857147, 0.13433116883116897, 0.1445238095238097, 0.17134231805929925, 0.18738285714285724, 0.2027454545454546, 0.22587912087912132, 0.2474880952380956, 0.2650827067669177, 0.28733673469387794, 0.3049124423963133, 0.3232628571428573, 0.34206250000000044, 0.35569714285714277, 0.38024812030075217, 0.3961797235023044, 0.41407936507936477, 0.43554135338345884, 0.4508571428571441, 0.4726756756756755, 0.49005714285714297, 0.50961904761905, 0.5259714285714288, 0.5506342857142859, 0.5741904761904767, 0.590663594470046, 0.619]",4.8,25,-7.2,0.772,0.768
86,"[0.003, 0.0038963718820861364, 0.0060102040816326, 0.008044897959183634, 0.010142422926617455, 0.011823823406913818, 0.01461875814155451, 0.01822591362126243, 0.019947755102040856, 0.024153253754331812, 0.02770748299319716, 0.03145371720116611, 0.03506760204081608, 0.039334832237979914, 0.042897142857142814, 0.050050092764378336, 0.05323110865967997, 0.05983144368858653, 0.06745556287030938, 0.07469606413994143, 0.08082346938775513, 0.09419305019305013, 0.10486530612244895, 0.1181213458356315, 0.12697037524687288, 0.1444030612244895, 0.17083446712018088, 0.18274650912996754, 0.20330952380952302, 0.22025510204081586, 0.2417767106842736, 0.2635398886827455, 0.2845843179377011, 0.2989591836734694, 0.3154536891679747, 0.3357714285714281, 0.3567482993197267, 0.3707470845481048, 0.38660799319727884, 0.4057012244897953, 0.4269983452840595, 0.44890791438526606, 0.4629812030075189, 0.48432426303854775, 0.49757908163265346, 0.5228503401360544, 0.5394395918367347, 0.5605620094191517, 0.5862743097238892, 0.614]",4.8,25,-7.2,0.766,0.761
87,"[0.003, 0.004605612244897968, 0.0058262689691261525, 0.007688610928242417, 0.00996609611586572, 0.012474189675870275, 0.015343077771649324, 0.01831476997578691, 0.021581055063534856, 0.025323390894819477, 0.02873634859349148, 0.03224489795918369, 0.03624818959841995, 0.03893285055957873, 0.04459740259740255, 0.04841836734693879, 0.054354359925788555, 0.061705539358600535, 0.0668119139547711, 0.07386656200941882, 0.08268707482993197, 0.0958571428571429, 0.10904940923737917, 0.12225551020408165, 0.13069944341372908, 0.14989071757735348, 0.1648428956488254, 0.18508244897959192, 0.2054047619047618, 0.22907948442534892, 0.24674829931972794, 0.26676609105180504, 0.2817617209045781, 0.2979029233314949, 0.3172025117739403, 0.33753968253968236, 0.35832593037214866, 0.3719569160997718, 0.3956200941915224, 0.41178775510204085, 0.4294982993197282, 0.4459204081632653, 0.46463492063492046, 0.4798922448979591, 0.49928885400313844, 0.5205918367346937, 0.5371020408163265, 0.5645918367346938, 0.580307977736549, 0.607]",4.8,25,-7.2,0.76,0.755
88,"[0.003, 0.0039242317616701725, 0.005845408163265281, 0.006916351725875502, 0.00941750259425805, 0.011924332810047043, 0.01412889366272832, 0.017556900726392263, 0.020744070601213593, 0.02289183673469395, 0.026938117182356905, 0.030337244897959276, 0.03483465222823828, 0.03819573283859004, 0.042508571428571354, 0.04739499670836071, 0.05302122448979591, 0.059576695194206684, 0.06697031539888686, 0.07321193092621649, 0.08184653061224495, 0.09223588039867109, 0.10482993197278936, 0.11389923469387755, 0.13014105642256904, 0.15026681783824639, 0.16228826530612253, 0.17735787172011674, 0.1975913621262459, 0.22313945578231315, 0.2450204081632656, 0.25750805585392056, 0.2807551020408165, 0.2936187755102041, 0.31495984200131705, 0.3307619047619052, 0.3499829931972793, 0.365925170068027, 0.3854238618524338, 0.40491346938775513, 0.41910612244898027, 0.44048794063079777, 0.4564603174603184, 0.4761616954474103, 0.49339836734693915, 0.5127228786251344, 0.5368146258503407, 0.5533537414965987, 0.577342565597668, 0.601]",4.8,25,-7.2,0.752,0.75
89,"[0.003, 0.0044727891156464625, 0.005854562514661061, 0.008120408163265386, 0.009564521193092645, 0.012441408821593211, 0.013742593811718294, 0.017542857142857176, 0.021144427001569942, 0.02426122448979598, 0.02767024704618717, 0.03003265306122486, 0.03528326530612262, 0.03794387755102054, 0.042274285714285896, 0.04688408163265312, 0.05415102040816331, 0.05793105350248207, 0.06604489795918375, 0.07418367346938784, 0.0810391156462587, 0.09251737451737456, 0.10382530612244921, 0.11277604726100972, 0.12592653061224496, 0.14809673469387763, 0.15788775510204087, 0.1815673469387757, 0.19820879120879165, 0.221061224489796, 0.23963108320251217, 0.2564351020408163, 0.27918962585034046, 0.28996768707482995, 0.31143183673469427, 0.3271785714285716, 0.3483849972421402, 0.3673197278911565, 0.38919937205651545, 0.40085061224489804, 0.4119575510204085, 0.4374489795918368, 0.45894047619047684, 0.47271836734693895, 0.48934530612244936, 0.509738003309432, 0.5338563098708874, 0.5484119226638026, 0.576333090379009, 0.601]",4.8,25,-7.2,0.747,0.742
90,"[0.003, 0.004141684259910866, 0.005984517945109075, 0.0076995918367346, 0.009618870924993344, 0.01169773855488136, 0.014387338608912932, 0.01800386100386089, 0.020732244897959173, 0.022733377221856452, 0.028170612244897912, 0.03064965986394538, 0.03382192231731399, 0.03731711145996852, 0.04277380952380947, 0.04710204081632639, 0.05090843905129615, 0.05811836734693856, 0.065457804743519, 0.0732730281301709, 0.0786506122448979, 0.09089285714285708, 0.09898367346938775, 0.11328637261356148, 0.12595673469387736, 0.1463908948194662, 0.15488112244897953, 0.17607265306122422, 0.1924857142857139, 0.21197789115646223, 0.2329073783359498, 0.2513224489795916, 0.27213795918367345, 0.2862955102040815, 0.3065420408163263, 0.3262857142857143, 0.34447959183673366, 0.36108503401360525, 0.3746836734693876, 0.39411394557823065, 0.408661224489796, 0.4299077551020406, 0.44642857142857123, 0.465751700680272, 0.4829489795918367, 0.5024688361831217, 0.5252840595697738, 0.5397189952904229, 0.566393469387755, 0.59]",4.8,25,-7.2,0.742,0.736
91,"[0.003, 0.004273469387755164, 0.005478691476590648, 0.007672699268386632, 0.009846806254969621, 0.01091206853111614, 0.01416618075801761, 0.01711059907834111, 0.020094237695078024, 0.02354707044107979, 0.026827458256029852, 0.029794217687075006, 0.032930304197150595, 0.037670553935860114, 0.041321428571428544, 0.04801543056246897, 0.05020068027210887, 0.05796112730806607, 0.0638896856039715, 0.06971521335807052, 0.08061224489795919, 0.08957142857142872, 0.09928489795918373, 0.11428505595786705, 0.12906874328678847, 0.14561564625850332, 0.1604065306122449, 0.1752260596546314, 0.19485714285714278, 0.21614897959183682, 0.2337913100724163, 0.24869544740973318, 0.27060544217687066, 0.2821972789115654, 0.3040612244897965, 0.32111904761904764, 0.34198367346938724, 0.3560578231292514, 0.3728395176252318, 0.3889370748299321, 0.40746802721088443, 0.42575183673469374, 0.4414821428571428, 0.4606938775510205, 0.4746516034985422, 0.49699362244897993, 0.5197363945578233, 0.5334088921282799, 0.561301749271137, 0.582]",4.8,25,-7.2,0.73,0.727
92,"[0.001, 0.003, 0.004785922532278186, 0.007879737609329425, 0.01159183673469401, 0.014637919684002685, 0.017947521865889215, 0.023114906832298176, 0.02809809084924289, 0.032, 0.039, 0.046244297719087675, 0.05300322234156831, 0.06335875402792694, 0.074, 0.08221306122448978, 0.096, 0.11, 0.12555746509129972, 0.1439637188208617, 0.174, 0.20112244897959153, 0.22388435374149646, 0.2544128728414441, 0.2809324960753534, 0.316834528405957, 0.35, 0.378, 0.407, 0.451, 0.477, 0.515, 0.535640171858217, 0.5687190317987659, 0.599, 0.629, 0.6614873469387756, 0.6911632653061224, 0.718, 0.7453707482993195, 0.7725393586005831, 0.8054931972789107, 0.8313885714285713, 0.8589149659863947, 0.8828707482993184, 0.91, 0.9418112244897955, 0.9663741496598638, 0.989, 1.027]",2.4,25,-7.2,1.171,1.112
93,"[0.002, 0.0032534409112481536, 0.006261141191170331, 0.008224489795918073, 0.011925886143931369, 0.014740889212827943, 0.02, 0.023326530612244885, 0.028924319727891227, 0.035490270526815366, 0.042, 0.052, 0.06033619763694957, 0.069, 0.082, 0.093, 0.113, 0.12871352985638704, 0.155, 0.16884353741496597, 0.20305328798185948, 0.225, 0.2509555393586007, 0.2874653061224489, 0.3105039246467821, 0.3432179591836734, 0.3638742415885273, 0.39038520408163274, 0.42, 0.446, 0.478, 0.512, 0.5409297052154197, 0.5711453061224491, 0.599460884353742, 0.6213095238095241, 0.6525544217687078, 0.6783689795918368, 0.7098555729984307, 0.737, 0.7651042274052479, 0.7911397174254322, 0.8105820105820108, 0.8377096474953618, 0.8556258503401362, 0.886, 0.913, 0.9379336734693885, 0.9655240816326531, 0.995]",2.4,25,-7.2,1.132,1.116
94,"[0.0, 0.003, 0.005, 0.008159863945578128, 0.011172740524781358, 0.014671836734693812, 0.018510204081632634, 0.02186175115207372, 0.027944727891156474, 0.03462518666002986, 0.0414636734693877, 0.04912925170068014, 0.057, 0.06741809156094869, 0.081, 0.09705551020408153, 0.11149194414607945, 0.12733224489795922, 0.149, 0.17424947938359012, 0.20118197278911543, 0.22270656370656366, 0.248, 0.276, 0.308, 0.33479081632653057, 0.366489795918367, 0.386, 0.424, 0.447, 0.47607397959183656, 0.5141893877551019, 0.5440991253644311, 0.5709807256235826, 0.599, 0.620797619047619, 0.6519638932496077, 0.6738838304552587, 0.7087078410311489, 0.7341549165120592, 0.7644128728414444, 0.7906530612244898, 0.8150476190476177, 0.8401181525241672, 0.8574251700680273, 0.8890544217687063, 0.9118746355685116, 0.9380946196660481, 0.971, 0.992]",2.4,25,-7.2,1.124,1.118
95,"[0.001, 0.002316064887493474, 0.003880842659644571, 0.007, 0.00966248037676618, 0.013, 0.017, 0.02136679536679544, 0.025648979591836797, 0.033, 0.04, 0.04676530612244902, 0.05338911564625867, 0.067, 0.076, 0.08971183673469407, 0.10558622448979595, 0.124, 0.14194812925170078, 0.16805632653061234, 0.19433843537414983, 0.22513265306122462, 0.248, 0.27084317937701413, 0.3038290126861556, 0.33591581632653117, 0.362, 0.389, 0.425, 0.449, 0.4777610269914418, 0.5151037414965988, 0.5460997732426308, 0.5676620408163265, 0.6005541601255888, 0.622, 0.6540392464678179, 0.682, 0.7121126530612246, 0.742, 0.7696768707482997, 0.7896479591836744, 0.8174761904761926, 0.8440901360544225, 0.862, 0.8911154672395275, 0.917, 0.9428078231292519, 0.972012390670554, 0.997]",2.4,25,-7.2,1.125,1.121
96,"[0.001, 0.0033205282112844375, 0.006, 0.008482993197278842, 0.01172448979591835, 0.015659591836734578, 0.02, 0.023811428571428525, 0.03, 0.036, 0.04, 0.05071541950113368, 0.06, 0.06790166975881258, 0.08565306122449018, 0.09634049409237387, 0.11229883381924206, 0.134, 0.151, 0.17592176870748297, 0.20312789115646268, 0.23151428571428576, 0.253, 0.281, 0.3145039246467821, 0.341, 0.373, 0.396, 0.429, 0.4605810955961333, 0.482, 0.5262182103610675, 0.5498745498199281, 0.588, 0.6123072562358279, 0.6383095238095241, 0.668, 0.688, 0.7225853920515577, 0.749, 0.7762918367346939, 0.8037675736961454, 0.8286547619047622, 0.849, 0.873763694951665, 0.899, 0.927, 0.9464481632653063, 0.971686895810956, 1.0]",2.4,25,-7.2,1.13,1.125
97,"[0.003, 0.00500392464678192, 0.0072128814828683885, 0.00790189103164202, 0.010988163265306085, 0.012737461086129383, 0.01651366961879103, 0.019350649350649323, 0.02304540816326537, 0.02698639455782342, 0.029471788715486173, 0.032326530612245004, 0.036956916099773286, 0.04297306122448979, 0.048507288629737765, 0.05285645105499831, 0.061685977616853356, 0.06797469387755099, 0.07680118499012509, 0.09307510204081669, 0.09824544953116394, 0.11185714285714328, 0.12465526751241035, 0.14105782312925214, 0.1640762620837811, 0.17594204081632656, 0.19229752953813112, 0.21298469387755106, 0.2290285714285715, 0.24749921507064374, 0.263421768707483, 0.281025117739403, 0.29262146148782103, 0.3150546938775511, 0.32891755102040826, 0.346928571428572, 0.3599533527696802, 0.38012925170068024, 0.3961976369495176, 0.4142961941533372, 0.43200627943485104, 0.4475273469387759, 0.4568479262672812, 0.47777771649200224, 0.4918746355685131, 0.5085036734693881, 0.525979061754572, 0.546311836734694, 0.5594044526901673, 0.581]",4.8,25,-7.2,0.708,0.748
98,"[0.003, 0.003939261418853248, 0.005757045675412992, 0.007870978900034598, 0.010335444522636643, 0.012231778425655888, 0.015391020408162932, 0.017504201680672276, 0.021103673469387737, 0.023511241784849493, 0.026779591836734656, 0.03175010412328202, 0.03449339735894362, 0.03861439312567138, 0.042595238095237936, 0.04793350888742602, 0.05430612244897969, 0.061174254317111425, 0.06581088435374144, 0.07405053449951428, 0.08559836734693882, 0.09362987012987019, 0.10572959183673457, 0.11947521865889234, 0.13481632653061235, 0.15371655328798187, 0.1654538775510204, 0.18427040816326556, 0.20743877551020418, 0.22600627943485108, 0.24514588057445208, 0.26297278911564687, 0.27971683673469444, 0.2945853061224491, 0.3142721088435375, 0.33015668202764986, 0.34805442176870705, 0.36924189675870367, 0.3837944606413996, 0.4024583090379013, 0.4213242630385494, 0.4375680272108848, 0.45755149501661135, 0.4714013605442181, 0.48306377551020396, 0.5067840136054429, 0.5274489795918372, 0.5413298400441259, 0.5643673469387767, 0.588]",4.8,25,-7.2,0.725,0.732
99,"[0.0, 0.003658163265306118, 0.0049006211180124045, 0.007304582210242556, 0.009761904761904746, 0.011528061224489853, 0.013194805194805204, 0.017360000000000056, 0.01882745825602972, 0.023059845559845565, 0.027181122448979585, 0.03040154440154438, 0.03309243697478985, 0.037782857142857035, 0.0409302325581395, 0.04639495798319332, 0.051537142857142934, 0.05773376623376617, 0.06367281105990785, 0.07166359447004607, 0.07833116883116877, 0.089, 0.10214285714285704, 0.11182539682539648, 0.12884792626728092, 0.14223428571428573, 0.15996138996139, 0.17553142857142862, 0.19675, 0.22030414746543758, 0.23852995391705067, 0.2595119047619048, 0.27462406015037566, 0.2901235521235521, 0.3088228571428569, 0.324, 0.3424171428571426, 0.3628690476190469, 0.38016988416988406, 0.3984661654135334, 0.41928571428571415, 0.4318571428571428, 0.4517499999999998, 0.4671904761904765, 0.4796571428571429, 0.501761904761905, 0.5235481049562682, 0.5384206349206347, 0.5622642857142857, 0.584]",4.8,25,-7.2,0.724,0.726
100,"[0.003, 0.0038045763760049646, 0.004804081632653067, 0.00646938775510207, 0.008785862170955306, 0.011596038415366198, 0.013636734693877741, 0.016807580174927148, 0.020327806122449037, 0.022858246001103113, 0.02646115865701126, 0.029876892692560976, 0.032926668972673795, 0.037729984301413146, 0.041063025210084036, 0.04647887992406272, 0.05203453689167987, 0.05736408163265308, 0.0632161410018555, 0.07162644188110025, 0.08146624803767685, 0.08894857142857167, 0.10147740524781354, 0.10950170068027254, 0.12926530612244902, 0.14490702947845818, 0.15847836734693868, 0.18043328100470973, 0.2003571428571433, 0.21652309344790555, 0.23516734693877592, 0.25609871855719046, 0.27039591836734717, 0.2902040816326534, 0.3067458256029689, 0.32535204081632674, 0.34438040816326543, 0.36068027210884396, 0.3810680272108851, 0.39529387755102147, 0.4153537414965993, 0.42955102040816356, 0.4438494208494209, 0.46296653061224485, 0.4822668759811624, 0.5017097505668938, 0.5210018552875697, 0.5440891514500539, 0.5596209912536454, 0.577]",4.8,25,-7.2,0.722,0.721
