Cycle_Index,QV_Curve,Charge_Current(A),Temperture,Discharge_Current(A),Max_Charge_Capacity(Ah),Max_Discharge_Capacity(Ah)
2,"[0.095, 0.105, 0.12062074829931968, 0.13766718995290414, 0.159, 0.176, 0.192, 0.21012832929782085, 0.222, 0.23450170068027218, 0.252, 0.2656587755102041, 0.288, 0.304, 0.3271257142857142, 0.35918707482993195, 0.386, 0.423, 0.469, 0.517, 0.595, 0.7060396825396826, 0.805, 0.8934651360544217, 0.993, 1.0898010204081634, 1.171, 1.231, 1.288, 1.348, 1.395, 1.4321598639455775, 1.479, 1.517, 1.5642925170068025, 1.5898018433179724, 1.637, 1.669, 1.6946260932944606, 1.732229591836735, 1.7644635568513118, 1.793, 1.8241190476190472, 1.852, 1.8862397959183672, 1.9101477162293488, 1.9381020408163259, 1.9627175951461666, 1.9879058084772365, 2.02]",1.2,25,-2.4,2.345,2.329
3,"[0.098, 0.10608948194662472, 0.119, 0.13792051557465085, 0.16022108843537403, 0.177, 0.192, 0.207, 0.222, 0.23855322669608378, 0.255, 0.26938359017076213, 0.287, 0.305, 0.335, 0.3621602641056422, 0.3882176870748298, 0.42419871106337254, 0.45567755102040813, 0.5190840816326528, 0.59, 0.724, 0.802, 0.9190204081632654, 0.988, 1.095, 1.1659419152276291, 1.237, 1.29, 1.335, 1.394, 1.437, 1.4797095761381476, 1.5205646258503396, 1.5572729591836734, 1.5917885714285713, 1.632, 1.664949516648765, 1.693, 1.728691690962099, 1.76, 1.793, 1.8223909774436091, 1.851, 1.8808435374149657, 1.906, 1.9363469387755101, 1.961, 1.986, 2.019]",1.2,25,-2.4,2.34,2.328
4,"[0.097, 0.107, 0.121, 0.141, 0.162, 0.17898163265306105, 0.19291581632653043, 0.211, 0.22504213298222497, 0.239, 0.25571938775510206, 0.269, 0.289, 0.307, 0.335, 0.363, 0.391, 0.427, 0.463, 0.5191616954474093, 0.605, 0.7360867346938775, 0.843, 0.9137086167800453, 1.0250510204081629, 1.103, 1.177, 1.2386530612244897, 1.293, 1.3378807733619762, 1.395, 1.433, 1.482, 1.52, 1.5653639455782313, 1.5955934065934063, 1.634, 1.666, 1.6944772370486652, 1.7340910093767234, 1.766, 1.794, 1.824, 1.859, 1.885, 1.907, 1.9371161695447408, 1.963, 1.987, 2.018]",1.2,25,-2.4,2.339,2.328
5,"[0.098, 0.108, 0.12086054421768687, 0.14, 0.16397108843537395, 0.18, 0.194, 0.211, 0.224, 0.238, 0.255, 0.269, 0.28915986394557835, 0.3078122448979588, 0.336, 0.36, 0.39366472303206995, 0.42717161410018534, 0.467, 0.519, 0.612, 0.7134976958525345, 0.8280311493018259, 0.906, 1.024, 1.1014432653061224, 1.1749419152276293, 1.2417873601053324, 1.291, 1.343, 1.3966188637617207, 1.437, 1.48, 1.524, 1.553, 1.6005934065934064, 1.6327456268221572, 1.669240038872692, 1.693, 1.733, 1.759, 1.7893911564625846, 1.8230742857142856, 1.8592323390894816, 1.8806326530612245, 1.908685052399338, 1.938, 1.962, 1.985, 2.014]",1.2,25,-2.4,2.337,2.324
6,"[0.098, 0.106, 0.12172108843537374, 0.142, 0.1626473922902493, 0.18120885801128958, 0.194, 0.211, 0.223, 0.23780385487528333, 0.255, 0.269, 0.28857993197278914, 0.307, 0.32697023809523806, 0.362, 0.39, 0.42619871106337254, 0.4626049562682215, 0.5240840816326529, 0.604, 0.736, 0.816, 0.919, 1.023, 1.0969234693877552, 1.177, 1.24, 1.2897976190476186, 1.345, 1.399, 1.433, 1.4805736348593492, 1.5207823129251699, 1.549, 1.591, 1.631, 1.6642267573696141, 1.6922481632653057, 1.734, 1.758, 1.793, 1.821, 1.8472323390894816, 1.8781273469387754, 1.908, 1.935, 1.9600669387755103, 1.982, 2.014]",1.2,25,-2.4,2.333,2.323
7,"[0.097, 0.107, 0.123, 0.14, 0.163, 0.18025437317784246, 0.19438668098818496, 0.211, 0.221, 0.23850170068027216, 0.25434693877551035, 0.271, 0.288, 0.30759183673469376, 0.336, 0.3621530612244898, 0.391, 0.425, 0.46217006802721067, 0.528, 0.6110544217687078, 0.747, 0.833, 0.916, 1.0019755102040815, 1.0993010204081632, 1.181433469387755, 1.2355038265306122, 1.29, 1.342, 1.393, 1.44, 1.486, 1.519, 1.5641408163265307, 1.5921224489795915, 1.6301201814058957, 1.667, 1.693, 1.733, 1.758, 1.793, 1.8223796992481203, 1.856, 1.877, 1.902, 1.9341020408163259, 1.958, 1.983, 2.016]",1.2,25,-2.4,2.333,2.323
8,"[0.098, 0.109, 0.125, 0.14288383045525893, 0.164, 0.18, 0.19488775510204057, 0.213, 0.224, 0.239, 0.256, 0.27, 0.2917732426303854, 0.309, 0.334, 0.364, 0.392, 0.426, 0.462, 0.529, 0.6190906122448979, 0.717, 0.827, 0.9266073858114674, 1.025, 1.102, 1.181, 1.2336530612244898, 1.293, 1.337, 1.3959081632653056, 1.437, 1.4776846609611587, 1.519891156462585, 1.56, 1.593, 1.63, 1.6684200680272108, 1.6934772370486653, 1.729, 1.766, 1.793, 1.8225942857142858, 1.858, 1.8756326530612244, 1.91, 1.9350604081632652, 1.961, 1.983910518053375, 2.015]",1.2,25,-2.4,2.332,2.322
9,"[0.099, 0.1067312925170068, 0.12386054421768687, 0.14362244897959145, 0.164, 0.18, 0.194, 0.213, 0.225, 0.239, 0.255, 0.2698486809357889, 0.289, 0.308, 0.33546718146718146, 0.364, 0.393, 0.426, 0.474, 0.53, 0.61, 0.719, 0.824, 0.9311258503401358, 1.031, 1.099, 1.173, 1.24, 1.293, 1.349, 1.395, 1.435, 1.477, 1.519, 1.566, 1.59, 1.6292813411078715, 1.668, 1.694, 1.731, 1.759, 1.792, 1.821, 1.8571208163265303, 1.8762653061224488, 1.9080289115646252, 1.935, 1.96, 1.983, 2.015]",1.2,25,-2.4,2.332,2.321
10,"[0.099, 0.108, 0.124, 0.144, 0.165, 0.18, 0.197, 0.21156349206349193, 0.22353061224489765, 0.23970578231292497, 0.25547959183673474, 0.271, 0.288, 0.314, 0.33551785714285703, 0.365, 0.394, 0.4276310204081631, 0.4663282312925169, 0.533, 0.6155918367346939, 0.736, 0.857, 0.936, 1.002, 1.1, 1.1834897959183672, 1.2344963265306121, 1.293, 1.351, 1.392, 1.4378424489795918, 1.4828489795918367, 1.519, 1.552, 1.5947885714285712, 1.636, 1.667, 1.6937281632653058, 1.732, 1.764, 1.793, 1.823, 1.856, 1.881, 1.908, 1.934060408163265, 1.958, 1.982969387755102, 2.016]",1.2,25,-2.4,2.331,2.321
11,"[0.099, 0.108, 0.125, 0.14245959183673468, 0.166, 0.18325832438238449, 0.196, 0.213, 0.228, 0.23960204081632652, 0.2539089906232763, 0.27175183673469383, 0.28938662131519266, 0.314, 0.3363640552995391, 0.365, 0.39466472303206995, 0.4282904238618521, 0.479, 0.53, 0.6210906122448979, 0.725, 0.8382354227405246, 0.931, 1.029, 1.103, 1.175, 1.2380408163265306, 1.295, 1.352, 1.393, 1.436842448979592, 1.477, 1.518, 1.568, 1.5917885714285713, 1.632, 1.661, 1.693, 1.7330910093767236, 1.758, 1.792, 1.823, 1.856, 1.875, 1.903, 1.934365140650855, 1.96, 1.981910518053375, 2.014]",1.2,25,-2.4,2.33,2.321
12,"[0.099, 0.11, 0.12672108843537375, 0.14388383045525893, 0.1666473922902493, 0.184, 0.19683163265306086, 0.215, 0.226, 0.241, 0.257, 0.272, 0.28957993197278914, 0.311, 0.33869142857142853, 0.366, 0.39266472303206995, 0.43, 0.4663282312925169, 0.533, 0.618, 0.734, 0.856, 0.9167086167800453, 1.029038265306122, 1.102, 1.1729419152276293, 1.2380313971742543, 1.292, 1.345, 1.395, 1.436842448979592, 1.4808489795918367, 1.516, 1.553, 1.594, 1.6315251700680269, 1.6664200680272108, 1.692, 1.732, 1.7636612244897958, 1.791, 1.822, 1.856, 1.877, 1.908, 1.934, 1.959, 1.983910518053375, 2.014]",1.2,25,-2.4,2.329,2.319
13,"[0.099, 0.109, 0.12459783913565424, 0.14378425655976662, 0.166, 0.18146938775510213, 0.19683163265306086, 0.21569047619047624, 0.22521768707482906, 0.241, 0.257, 0.272, 0.2892783673469388, 0.31, 0.342, 0.366, 0.39141326530612236, 0.431, 0.47, 0.5303924646781787, 0.624, 0.759, 0.865, 0.938, 1.013, 1.106, 1.1739419152276291, 1.237, 1.291382857142857, 1.3378257456828884, 1.396, 1.436, 1.4766780508121617, 1.5183755102040815, 1.55, 1.599208494208494, 1.625, 1.6627216326530612, 1.690728163265306, 1.7310910093767236, 1.764, 1.7923911564625847, 1.819, 1.848, 1.882, 1.90001387755102, 1.9321161695447406, 1.955, 1.981473469387755, 2.013]",1.2,25,-2.4,2.329,2.32
14,"[0.099, 0.10852653061224497, 0.125, 0.143, 0.166, 0.182, 0.196, 0.211, 0.228, 0.24085289115646252, 0.25671938775510206, 0.272, 0.2904742468415936, 0.3121981085116973, 0.341, 0.36390816326530534, 0.3968707482993198, 0.428, 0.47932823129251684, 0.533, 0.626, 0.729, 0.857, 0.937, 1.01, 1.1029234693877552, 1.18, 1.249, 1.2923828571428568, 1.351, 1.39, 1.4283224489795916, 1.476, 1.513891156462585, 1.5485459183673467, 1.593, 1.6295251700680269, 1.6644200680272108, 1.692, 1.729, 1.7613485086342227, 1.79, 1.818, 1.853, 1.873, 1.9046066790352503, 1.9315404081632654, 1.956369553226696, 1.9803818301514153, 2.012]",1.2,25,-2.4,2.327,2.32
15,"[0.1, 0.11011632653061212, 0.128, 0.14278425655976662, 0.167, 0.18287265306122452, 0.197, 0.2119257142857143, 0.225638932496075, 0.241, 0.258, 0.273, 0.29057993197278914, 0.3108122448979588, 0.3389603174603174, 0.368, 0.398, 0.433, 0.478187560738581, 0.537, 0.618, 0.73, 0.8750236734693877, 0.945, 1.032, 1.1029234693877552, 1.176, 1.2520313971742543, 1.293382857142857, 1.338909387755102, 1.3936188637617206, 1.436, 1.481, 1.517, 1.555, 1.592, 1.631, 1.66, 1.694, 1.734, 1.759, 1.791, 1.822, 1.8551589688506978, 1.874265306122449, 1.9, 1.9331161695447407, 1.957, 1.982, 2.014]",1.2,25,-2.4,2.328,2.318
16,"[0.099, 0.10952653061224497, 0.12686054421768686, 0.146, 0.166, 0.183, 0.197, 0.215, 0.23, 0.242, 0.258, 0.27272263450834877, 0.29138662131519266, 0.313, 0.338, 0.36697099892588586, 0.396, 0.4312904238618521, 0.46932823129251683, 0.531, 0.632, 0.747, 0.86, 0.942, 1.0340382653061222, 1.1026337271750806, 1.174, 1.239, 1.2943828571428568, 1.352429387755102, 1.3959081632653056, 1.4358424489795918, 1.4817095761381476, 1.515891156462585, 1.553, 1.5947885714285712, 1.632, 1.6674200680272109, 1.6917281632653058, 1.734, 1.75733969716919, 1.7931877551020405, 1.82, 1.856079484425349, 1.88, 1.9, 1.934, 1.959, 1.9826122448979584, 2.014]",1.2,25,-2.4,2.326,2.317
17,"[0.101, 0.11, 0.129, 0.147, 0.167, 0.183, 0.197, 0.215, 0.22983061224489765, 0.242, 0.25771938775510206, 0.27275183673469383, 0.29, 0.315, 0.337, 0.366, 0.397, 0.4306310204081631, 0.46767755102040814, 0.535, 0.6186793002915452, 0.747, 0.869021137026239, 0.946, 1.007700496414782, 1.104, 1.182, 1.248, 1.294, 1.339, 1.396, 1.437, 1.4798979591836734, 1.517, 1.565177054605626, 1.594, 1.631, 1.669, 1.6935872284397628, 1.726, 1.764, 1.7913911564625846, 1.821, 1.8472323390894816, 1.8816326530612244, 1.9065338775510203, 1.934, 1.957, 1.982, 2.014]",1.2,25,-2.4,2.325,2.318
18,"[0.102, 0.113, 0.1324421768707479, 0.151, 0.171, 0.188, 0.2, 0.22, 0.234, 0.24670578231292498, 0.262625850340136, 0.2778486809357889, 0.29738662131519267, 0.31771865889212814, 0.35, 0.378, 0.406, 0.442, 0.492, 0.546, 0.644, 0.746202380952381, 0.8664061882817642, 0.9500302040816325, 1.044, 1.109, 1.185, 1.2530313971742542, 1.2997976190476186, 1.344, 1.401, 1.443, 1.4874935927859516, 1.533, 1.560394557823129, 1.6045934065934064, 1.641, 1.6798401360544222, 1.7030291545189489, 1.745, 1.7708700322234154, 1.801, 1.832, 1.865, 1.885, 1.91, 1.942, 1.966, 1.989473469387755, 2.022]",1.2,25,-2.4,2.332,2.321
19,"[0.1, 0.11, 0.1285526751241037, 0.149, 0.169, 0.186, 0.201, 0.215420634920635, 0.229, 0.243, 0.26, 0.2747486085343228, 0.293, 0.313, 0.342, 0.3715845481049562, 0.40006575963718793, 0.434, 0.49009718172983463, 0.551, 0.661, 0.791029761904762, 0.878, 0.9487265306122449, 1.031684693877551, 1.117, 1.184, 1.247, 1.2986904761904758, 1.347, 1.399, 1.443, 1.4828698290126863, 1.528, 1.563, 1.6061753246753248, 1.636, 1.6723588435374144, 1.701, 1.732, 1.767, 1.796, 1.827, 1.86, 1.88, 1.913, 1.94, 1.964, 1.992, 2.023]",1.2,25,-2.4,2.333,2.319
20,"[0.102, 0.11073129251700681, 0.131, 0.14788383045525894, 0.168, 0.185, 0.2, 0.215, 0.232, 0.243, 0.26, 0.275, 0.29315986394557836, 0.314, 0.33969142857142853, 0.3709632653061221, 0.4, 0.43729042386185213, 0.4724376417233557, 0.5431106337271748, 0.637, 0.782, 0.854, 0.9620629251700679, 1.0520382653061222, 1.1242674543501612, 1.194, 1.271, 1.307, 1.356, 1.4067386438446345, 1.447, 1.4963707482993196, 1.527, 1.558, 1.601, 1.6382086167800451, 1.673560090702948, 1.698728163265306, 1.733, 1.769, 1.7973911564625846, 1.827, 1.859, 1.8866326530612245, 1.913, 1.9385404081632653, 1.964, 1.988, 2.021]",1.2,25,-2.4,2.332,2.32
2,"[0.043, 0.05, 0.058, 0.06802285714285719, 0.08447402597402583, 0.096, 0.108, 0.1259166666666665, 0.13937414965986392, 0.15145864661654138, 0.167, 0.17830158730158716, 0.195, 0.207, 0.22163999999999995, 0.23929670329670322, 0.25605952380952357, 0.2797142857142856, 0.30874603174603166, 0.3382380952380952, 0.3719285714285713, 0.42061111111111105, 0.476, 0.5158630952380951, 0.5924761904761903, 0.655342857142857, 0.7380476190476191, 0.801, 0.889, 0.9765476190476189, 1.0623626373626371, 1.113120879120879, 1.19, 1.2381038961038962, 1.291, 1.327, 1.383, 1.4159682539682539, 1.445, 1.4893571428571428, 1.519, 1.5547936507936508, 1.588, 1.6256938775510203, 1.6486964285714285, 1.6743834586466164, 1.7064654377880184, 1.7326866359447004, 1.76, 1.794]",2.4,25,-7.2,1.9,1.896
3,"[0.043, 0.049148688046647244, 0.057, 0.067, 0.08064739229024928, 0.09570375246872936, 0.109, 0.12442261904761898, 0.1352185821697099, 0.14985289115646253, 0.165, 0.177, 0.19115986394557838, 0.20458539205155724, 0.22160571428571424, 0.23948549946294292, 0.25641326530612235, 0.2767572502685284, 0.308, 0.335564081632653, 0.36759438775510195, 0.4067012987012987, 0.48, 0.515531462585034, 0.5970765306122444, 0.657, 0.7268741496598634, 0.804, 0.878, 0.962, 1.046, 1.1106717687074827, 1.1867095761381474, 1.2342117346938775, 1.2827278911564624, 1.326244897959183, 1.3715251700680269, 1.418, 1.446, 1.4901202623906704, 1.5208700322234154, 1.554, 1.587436507936508, 1.623, 1.643, 1.6705338775510203, 1.705, 1.733278911564626, 1.760319911748483, 1.791]",2.4,25,-7.2,1.899,1.893
4,"[0.042, 0.04694272547728766, 0.056, 0.06627978933508887, 0.08, 0.09451682294539433, 0.10780612244897965, 0.124, 0.137, 0.15000340136054433, 0.16452040816326544, 0.1748823273990447, 0.18939115646258511, 0.20535054021608642, 0.2221013824884792, 0.237, 0.25334167215273196, 0.2771397174254316, 0.3037916219119225, 0.3344906122448981, 0.37144606413994175, 0.4120255102040817, 0.47057572502685274, 0.526, 0.5827477551020408, 0.6629044897959184, 0.7392131519274375, 0.7998236151603497, 0.8903809523809517, 0.9856122448979587, 1.064, 1.1197983673469387, 1.182545504688362, 1.232, 1.281469387755102, 1.3327542857142858, 1.3842529154518948, 1.423, 1.451425431711146, 1.495098396501458, 1.526, 1.56122126745435, 1.592, 1.6281061224489795, 1.652479591836734, 1.6835240816326529, 1.7097013963480128, 1.7410553935860058, 1.7645918367346924, 1.795]",2.4,25,-7.2,1.903,1.894
5,"[0.042, 0.049104081632652535, 0.05692326530612239, 0.066, 0.08, 0.09484816326530605, 0.10688520408163255, 0.1235158730158728, 0.1373330241187384, 0.14722789115646204, 0.1626173469387755, 0.177, 0.18956598639455782, 0.205, 0.22127472527472516, 0.238535878867676, 0.2538764769065522, 0.27613029827315533, 0.30514455782312927, 0.33261976369495166, 0.37098469387755123, 0.40567669172932336, 0.462319289005925, 0.5259063079777365, 0.5837195918367347, 0.6563367346938777, 0.727697017268446, 0.803, 0.880326530612245, 0.9638428019856591, 1.049204081632653, 1.1153554421768708, 1.193279269602578, 1.238, 1.279198979591837, 1.3312637362637363, 1.374, 1.4200850340136053, 1.4485420408163265, 1.489, 1.525, 1.556972789115646, 1.59, 1.6198129251700677, 1.653, 1.680313469387755, 1.706656462585034, 1.7326598639455788, 1.7594583987441132, 1.791]",2.4,25,-7.2,1.9,1.891
6,"[0.043, 0.04865186074429775, 0.057466530612244854, 0.0674595918367347, 0.08, 0.09575510204081633, 0.10939918367346932, 0.12632718894009215, 0.13533224489795903, 0.15134183673469379, 0.16471938775510206, 0.17470638578011846, 0.1903866213151927, 0.20471865889212815, 0.2216914285714285, 0.23890816326530534, 0.2555306122448979, 0.27629042386185215, 0.30965646258503365, 0.335564081632653, 0.36477361177028944, 0.41006563706563703, 0.46704552590266857, 0.5267086167800453, 0.5947325456498386, 0.656, 0.7339419152276293, 0.7994963265306123, 0.8831879699248117, 0.9718807733619761, 1.0529540816326528, 1.116562358276644, 1.194, 1.24378231292517, 1.2955459183673468, 1.331, 1.3805251700680268, 1.4152267573696142, 1.451, 1.4962806122448977, 1.5256612244897958, 1.5583911564625847, 1.591154761904762, 1.6224314868804655, 1.654, 1.682, 1.7083004081632653, 1.7331394557823132, 1.764, 1.792]",2.4,25,-7.2,1.899,1.89
7,"[0.008, 0.009492946171757327, 0.011311588921282843, 0.01369008068343622, 0.015957959183673494, 0.019556018325697762, 0.02303456892961272, 0.02588325652841786, 0.028817527010804277, 0.032107871720116705, 0.036838304552590226, 0.040563528637261426, 0.046218319886094185, 0.05403279883381922, 0.059126050420168066, 0.06720712114633084, 0.07579951980792331, 0.08696820123398194, 0.09778599007170445, 0.1069332597904026, 0.12028966425279777, 0.13085714285714292, 0.14383510204081618, 0.1560272108843539, 0.17002501645819618, 0.18343537414965977, 0.20263119533527674, 0.2221030612244899, 0.24871428571428508, 0.2786938775510202, 0.3028163265306123, 0.35083607636603026, 0.39179883381924197, 0.43251506316812416, 0.47943877551020386, 0.5246547619047618, 0.5784065306122442, 0.6186641929499074, 0.6643922902494332, 0.7041161695447407, 0.7459968602825731, 0.7907873601053323, 0.8385900621118005, 0.8863461224489794, 0.9273129251700689, 0.9733501611170783, 1.02691581632653, 1.0793820408163264, 1.1599654631083203, 1.242]",7.2,25,-7.2,1.51,1.512
8,"[0.01, 0.011771560236998034, 0.013913469387755074, 0.01726040816326525, 0.01979111644657866, 0.02188921282798838, 0.025947210884353762, 0.028300242130750636, 0.03175570228091236, 0.035866562009418984, 0.04014640638864226, 0.04473469387755085, 0.049443758898908285, 0.05635807050092759, 0.06316190476190456, 0.06969825072886295, 0.08089795918367304, 0.09035827664399093, 0.10073283858998124, 0.11198430141287301, 0.1245524781341107, 0.13621428571428568, 0.1461126530612243, 0.15756418696510852, 0.17380408163265287, 0.18454648526077091, 0.20819763694951643, 0.22012734693877511, 0.243158301158301, 0.27666048237476776, 0.3091359260685405, 0.3461444270015692, 0.389285162713734, 0.4432015306122446, 0.4795862708719851, 0.5329387755102034, 0.5734917709019088, 0.614163265306122, 0.6582653061224487, 0.7009087003222334, 0.7540722135007846, 0.798065306122449, 0.8383320463320463, 0.8810954575378536, 0.9242253061224494, 0.9577392290249426, 1.0181986394557818, 1.0790544217687073, 1.1397454350161116, 1.22]",7.2,25,-7.2,1.495,1.487
9,"[0.008, 0.010396650968079565, 0.012293002915451864, 0.01458448979591842, 0.017681265764732862, 0.019500318877551014, 0.022480890538033364, 0.025824761904761885, 0.029207886544448187, 0.031996246774571975, 0.036715257531584125, 0.041007899934167195, 0.04551283739302165, 0.05305442176870725, 0.06097376093294464, 0.06589520132377287, 0.07659830761572918, 0.08635755102040796, 0.0956498388829212, 0.10854387755102025, 0.11719360176503041, 0.12820779220779221, 0.14024927113702626, 0.1520915609487037, 0.1654331065759636, 0.17837792894935756, 0.19816326530612235, 0.21270918367346933, 0.23344360902255618, 0.2659863945578227, 0.29664192949907225, 0.33352721088435366, 0.37781632653061226, 0.4221130298273152, 0.46591510204081604, 0.5150676691729318, 0.568891156462585, 0.6050678077682685, 0.6476394557823129, 0.6856399416909622, 0.7332636054421767, 0.7752872841444264, 0.815632653061224, 0.8680887755102039, 0.9121031149301833, 0.9447278911564626, 1.0065910204081632, 1.05765361279647, 1.1141326530612246, 1.19]",7.2,25,-7.2,1.472,1.457
10,"[0.004, 0.005667638483965003, 0.00795873349339736, 0.01027387755102039, 0.012462585034013603, 0.015291177888478237, 0.01712906784335353, 0.02036224489795919, 0.023660558100791314, 0.02759718172983474, 0.030999215070643616, 0.03526365140650844, 0.04117055393586002, 0.04655612244897961, 0.0539828571428571, 0.05894104308390023, 0.06752623906705539, 0.07776476906552109, 0.08651360544217668, 0.0957248979591836, 0.10760692102928116, 0.11825974025974023, 0.1305007849293562, 0.1399842300556586, 0.15390010741138557, 0.1658891340319911, 0.18337188208616775, 0.1999835418038182, 0.21695366795366786, 0.2422454495311637, 0.2798347597103357, 0.30250693877551016, 0.3562352309344789, 0.39786012941762067, 0.445235478806907, 0.4930451127819545, 0.5397461224489797, 0.579177959183673, 0.6239111257406181, 0.6647800453514736, 0.7136485260770975, 0.7554332810047091, 0.7945714285714265, 0.8478489795918364, 0.8788654164368453, 0.9289461966604823, 0.9808216970998923, 1.0286373991457047, 1.0950113378684811, 1.167]",7.2,25,-7.2,1.448,1.436
11,"[0.004, 0.005799628942486109, 0.007455886970172655, 0.009968445839874388, 0.011242264647794618, 0.014359811616954533, 0.018017837056082273, 0.018875140607424085, 0.023162713734142363, 0.026721507064364183, 0.029750773036487255, 0.03457059558517274, 0.0405022399203583, 0.04621452301850953, 0.05175776397515505, 0.059190876350539885, 0.06942330480579346, 0.07819836734693879, 0.08697448979591826, 0.09611224489795922, 0.10706780776826856, 0.11691729323308254, 0.12753218210360986, 0.1372153269471052, 0.15179951980792344, 0.16373469387755107, 0.18222886297376092, 0.1977346938775511, 0.21932571428571426, 0.24624149659863936, 0.27166612244897936, 0.3059363265306119, 0.3512065306122446, 0.3847465986394555, 0.44080229591836717, 0.48629714285714243, 0.5315183673469371, 0.5650773361976367, 0.6082814178302896, 0.6509353741496592, 0.702587228439763, 0.745262905162065, 0.7863474903474904, 0.8276224489795914, 0.8691711145996862, 0.9104048538334253, 0.9597488226059652, 1.0090612244897956, 1.0670801749271135, 1.14]",7.2,25,-7.2,1.416,1.403
12,"[0.009, 0.010963313896987363, 0.013805036908380428, 0.017121132323897316, 0.020666938775510155, 0.024074038917892723, 0.028580408163265264, 0.0342107142857144, 0.03873387755102045, 0.04654518950437317, 0.05522084548104962, 0.06625850340136065, 0.0746700680272105, 0.08611584633853546, 0.09703571428571418, 0.10755539358600592, 0.11766734693877556, 0.1299634801288936, 0.14192176870748333, 0.15745636126791143, 0.17256122448979552, 0.18577380952380948, 0.2055541601255886, 0.22519249862106996, 0.2463805846662989, 0.2719132653061222, 0.3076252319109459, 0.35757959183673466, 0.3984175824175819, 0.4504387755102039, 0.5075463108320247, 0.5570361067503924, 0.6064092373791622, 0.6530318566450971, 0.701704081632653, 0.7467619047619041, 0.7965027829313543, 0.8527883995703545, 0.8876844583987438, 0.9475583090379007, 0.9945524781341106, 1.0501088435374148, 1.0975952380952372, 1.1522363050483349, 1.1927346938775518, 1.2304230557087696, 1.2856595918367344, 1.3317868480725623, 1.3786938775510194, 1.434]",4.8,25,-7.2,1.606,1.59
13,"[0.006, 0.00857494722026738, 0.010496440436639706, 0.013945825602968519, 0.017644043663977257, 0.02073469387755109, 0.025097432521395666, 0.030418886198547195, 0.0351355102040817, 0.04351020408163262, 0.05301933404940918, 0.06233535576392714, 0.07068850698174, 0.08062585034013618, 0.08989714285714281, 0.10192373791621903, 0.11267830290010737, 0.12852564809707662, 0.1387648979591837, 0.15145562411010918, 0.16295481049562682, 0.18267261904761894, 0.2010680272108844, 0.2210595918367347, 0.24306287920573627, 0.27227988338192416, 0.3157517006802713, 0.3553945578231298, 0.395208791208791, 0.4446424489795917, 0.49630721574344017, 0.535, 0.5871723356009071, 0.6463731778425656, 0.690158163265306, 0.7450873015873015, 0.8038993197278902, 0.8489098639455782, 0.8798916797488224, 0.9402666227781434, 0.9848375510204082, 1.0317176870748295, 1.076440476190476, 1.132595918367346, 1.1666558190843905, 1.2079752186588921, 1.2637883995703545, 1.3192210884353741, 1.3545510204081606, 1.404]",4.8,25,-7.2,1.584,1.577
14,"[0.005, 0.008305102040816352, 0.010090849242922981, 0.012842330480579388, 0.016651758575770774, 0.0203828960155491, 0.024656771799628885, 0.029517006802721124, 0.035723760932944486, 0.04227490996398561, 0.051583243823845285, 0.06034536891679743, 0.07047728768926914, 0.08002551020408137, 0.09076384839650148, 0.1010408163265305, 0.11227158555729996, 0.12618888406426393, 0.1372607709750565, 0.1496037829766052, 0.16496653061224487, 0.17699125364431484, 0.19989134031991174, 0.21829042386185216, 0.23994266277939724, 0.2763503401360546, 0.31370957613814743, 0.35233503401360533, 0.39553714285714275, 0.4420643642072211, 0.4932715173025731, 0.5308238453276047, 0.5945102040816326, 0.6406763848396501, 0.6824897959183671, 0.7344404761904759, 0.7922072213500779, 0.8347401360544214, 0.8830839002267576, 0.9149613702623907, 0.9734421768707479, 1.0178945578231287, 1.0618057142857142, 1.1196040816326525, 1.149439909297052, 1.194654693877551, 1.250631020408163, 1.2941675617615467, 1.3379372056514907, 1.394]",4.8,25,-7.2,1.575,1.566
15,"[0.005, 0.007216836734693864, 0.009217887154861925, 0.012878209348255537, 0.015699497190180482, 0.019131665569453667, 0.02342496998799519, 0.028804945054945068, 0.03384726793943378, 0.04207606679035261, 0.04955102040816331, 0.05787414965986387, 0.06867591836734684, 0.07779664723032062, 0.08843521594684386, 0.10051020408163262, 0.10950437317784271, 0.12409479921000659, 0.13373910645339215, 0.14699000416493113, 0.16464017185821694, 0.17792857142857127, 0.1968391836734694, 0.21323129251700637, 0.23629931972789076, 0.2663503401360546, 0.3117687074829929, 0.3504232008592911, 0.3880238095238093, 0.43802693877550986, 0.501007535321821, 0.5273861224489796, 0.5922265306122448, 0.6328141783029, 0.6774897959183671, 0.7312936507936506, 0.7922072213500779, 0.83322126745435, 0.8711258503401365, 0.9238197278911563, 0.9674530612244898, 1.0148945578231285, 1.058595238095238, 1.113161695447409, 1.153579931972789, 1.198654693877551, 1.241126822157434, 1.2885306122448978, 1.3312821128451378, 1.383]",4.8,25,-7.2,1.565,1.554
16,"[0.004, 0.006143642072213491, 0.008758367346938698, 0.010902923331494785, 0.014157340355497088, 0.01837990580847728, 0.022251895043731745, 0.026332361516034953, 0.03163020408163269, 0.03907944606413989, 0.04762541145490441, 0.05493811718235677, 0.06711661807580152, 0.07651902923331504, 0.08672556390977444, 0.09508326530612238, 0.10738040816326515, 0.12090723562152109, 0.13178410311493002, 0.143828798185941, 0.1581156462585032, 0.17351428571428557, 0.18880143408714825, 0.20709452201933415, 0.22863001974983546, 0.2616697588126159, 0.2977335600907028, 0.33297488226059674, 0.3873296703296703, 0.4204588545095456, 0.48248326530612234, 0.5206452866861029, 0.5800004164931277, 0.6166099773242629, 0.6628378088077335, 0.7252571428571427, 0.776075918367347, 0.8163612796469939, 0.8529914070891511, 0.9083775510204082, 0.9527528344671198, 0.9987395918367342, 1.0511318681318678, 1.1015273469387752, 1.1467687074829969, 1.1858048979591835, 1.2375992578849722, 1.2848435374149654, 1.3270294784580499, 1.381]",4.8,25,-7.2,1.561,1.553
17,"[0.004, 0.005734693877551019, 0.008026333113890732, 0.009875114224794423, 0.012175510204081573, 0.014615446178471343, 0.018195434105845665, 0.02145714285714286, 0.02565389421074552, 0.030755918367347004, 0.03456341107871729, 0.041986122448979486, 0.04829917498914453, 0.0536701471286188, 0.061827988338192336, 0.06868653061224492, 0.07567346938775532, 0.08470108043217288, 0.09282367346938758, 0.10071243042671608, 0.10865140650854929, 0.11806211180124218, 0.12893692022263445, 0.14322986036519886, 0.15314723032069952, 0.1677217068645637, 0.18455763927192492, 0.20485121790651736, 0.22506015037593952, 0.25504726100966674, 0.2838963893249607, 0.32169387755101975, 0.3583469387755094, 0.3963265306122442, 0.4386530612244901, 0.4772142857142856, 0.5025455046883616, 0.543578231292517, 0.578543367346938, 0.6230236305048333, 0.6550291545189489, 0.6895532879818599, 0.721619047619047, 0.763499443413729, 0.7962687074829926, 0.8353591836734692, 0.8832806122448977, 0.9168222514812375, 0.9670128893662723, 1.015]",7.2,25,-7.2,1.286,1.283
18,"[0.005, 0.006638724911452223, 0.008189010989011007, 0.010146384479717852, 0.013176565008025753, 0.014957875457875426, 0.018423469387755024, 0.02217647058823528, 0.02541162227602902, 0.030251700680272216, 0.036210084033613504, 0.04004377880184341, 0.044994505494505566, 0.05342346938775506, 0.06094594594594584, 0.06819548872180457, 0.07489961389961391, 0.08167428571428573, 0.09192571428571449, 0.10004201680672278, 0.1083571428571429, 0.11735714285714265, 0.1275178571428567, 0.14124060150375942, 0.15326245847176073, 0.16717460317460303, 0.1840233236151603, 0.20437362637362644, 0.2210377358490566, 0.25379365079365057, 0.2748316326530612, 0.3220571428571428, 0.3447281105990783, 0.39635521235521226, 0.4374821428571428, 0.4731666666666663, 0.506120300751879, 0.5380676691729323, 0.5730571428571424, 0.6088057142857143, 0.6457257142857138, 0.6854285714285713, 0.7192799999999996, 0.7605521235521231, 0.7981208791208793, 0.8258339768339765, 0.8738416988416989, 0.9146285714285712, 0.956042471042471, 1.016]",7.2,25,-7.2,1.28,1.268
19,"[0.004, 0.005150078492935564, 0.007551169372858645, 0.008980038730820782, 0.011393100097181669, 0.014293095961789081, 0.017063265306122552, 0.02090783410138244, 0.024301020408163378, 0.028138692211578577, 0.03422068027210882, 0.039035300606729384, 0.04555036208031595, 0.05162363550071193, 0.0584914285714286, 0.06625588697017262, 0.07235355763927187, 0.08094153337010479, 0.09013265306122446, 0.09751576994434119, 0.10432408163265335, 0.11551428571428575, 0.12290843905129605, 0.13594398610508038, 0.1483435374149658, 0.15818587975730825, 0.17795589203423287, 0.1970375068946498, 0.21272571428571405, 0.23639424860853428, 0.27366595059076276, 0.3042320085929106, 0.3418439763001972, 0.37091673469387765, 0.41066718995290424, 0.44249714285714314, 0.4753673469387755, 0.5102625850340129, 0.5440315398886822, 0.5807779591836731, 0.618400313971743, 0.6519702623906706, 0.6874685714285713, 0.7258141783029, 0.7630298656047781, 0.8003061224489787, 0.830549387755102, 0.8783112244897952, 0.9231346938775512, 0.971]",7.2,25,-7.2,1.235,1.226
20,"[0.0, 0.005632821723730817, 0.008042857142857122, 0.009723104056437401, 0.013010989010989033, 0.015622119815668205, 0.01859243697478995, 0.021840000000000016, 0.026457983193277353, 0.029756190476190488, 0.034668067226890975, 0.04030992736077495, 0.04771428571428581, 0.054525096525096635, 0.05972499999999997, 0.06923714285714283, 0.07478801843317955, 0.08319327731092428, 0.0901714285714284, 0.09695341614906823, 0.10705647840531543, 0.11710526315789473, 0.12688449848024302, 0.13714285714285587, 0.15111428571428567, 0.16528571428571417, 0.18011428571428562, 0.19996428571428565, 0.21394736842105253, 0.2541749271137025, 0.28008494208494206, 0.3136309523809523, 0.3444742857142856, 0.37985714285714284, 0.41669047619047483, 0.45095999999999975, 0.48337788018433164, 0.5252261904761899, 0.5580408163265301, 0.590238095238095, 0.6238809523809521, 0.6547959183673466, 0.6896666666666661, 0.7254247104247101, 0.7596326530612243, 0.7869657142857139, 0.8400857142857135, 0.8706958525345618, 0.9254761904761902, 0.971]",7.2,25,-7.2,1.225,1.208
21,"[0.003, 0.00518100470957613, 0.007157262905162021, 0.009272360796170307, 0.011626020408163174, 0.014856651094172607, 0.01820546523694213, 0.022509316770186354, 0.025389730085582537, 0.030063673469387736, 0.03465014577259452, 0.04080128893662723, 0.04696025778732507, 0.052723158828748895, 0.05936405529953895, 0.06718612244897956, 0.07400859291084837, 0.07984990125082282, 0.08865857694429104, 0.09518367346938776, 0.10498400441257566, 0.11023809523809429, 0.12437074829931935, 0.13456498388829222, 0.14337063857801155, 0.16281292517006796, 0.17687755102040778, 0.1954387755102041, 0.21828571428571414, 0.23812244897959178, 0.26666448979591806, 0.29542403628117886, 0.33487647690655176, 0.3697596371882085, 0.40128414442700133, 0.43166917293233015, 0.4593893877551018, 0.49741145490454236, 0.5289110204081632, 0.559061224489796, 0.595037105751391, 0.6267567346938775, 0.6645771428571429, 0.6947448979591833, 0.73207832322118, 0.75915574650913, 0.7987448979591834, 0.8339965986394556, 0.8728913403199116, 0.924]",7.2,25,-7.2,1.177,1.165
22,"[0.003, 0.00503728898966992, 0.006965743440233287, 0.00990840056953019, 0.013260697827518136, 0.017745227123107294, 0.022912672045562407, 0.028005102040816337, 0.033722060252672575, 0.04224734693877538, 0.048734693877549785, 0.05756897959183663, 0.0660803159973665, 0.07322315882874886, 0.07995399515738497, 0.09325151682294536, 0.10262557267805071, 0.11273387755102045, 0.12517314022383147, 0.13741444270015707, 0.15227437641723357, 0.16410989010989, 0.1801588921282799, 0.20257823129251704, 0.22513959183673454, 0.2577608163265307, 0.2904217687074822, 0.33942700156985856, 0.37676190476190424, 0.4129329446064139, 0.4428806122448978, 0.4971405895691607, 0.535438775510204, 0.5767227891156461, 0.6174575725026853, 0.6632857142857133, 0.702189387755102, 0.7406702040816324, 0.7799110204081632, 0.8235663265306118, 0.8632726530612244, 0.9063071965628356, 0.9484395604395601, 0.9887505668934236, 1.0391997851772288, 1.0643534693877548, 1.1116258503401386, 1.1621583673469387, 1.210161610590182, 1.258]",4.8,25,-7.2,1.447,1.422
23,"[0.0, 0.0043966836734694, 0.005878538512179048, 0.009458196181698528, 0.013475881261595503, 0.01765457294028726, 0.02261632653061229, 0.029084942084942028, 0.035138483965014566, 0.041942176870748235, 0.048872841444269906, 0.05708326530612237, 0.06499407504937453, 0.07195918367346925, 0.08089142857142852, 0.09207849293563566, 0.10067020408163253, 0.11079499072356211, 0.12165240289664243, 0.13722564497497108, 0.14966740209597343, 0.16418045112781945, 0.17876653061224476, 0.2063728626585768, 0.2325442176870748, 0.2565746938775511, 0.29360408163265306, 0.3299727891156465, 0.37447252747252774, 0.4009037900874636, 0.4470800627943484, 0.48867102040816324, 0.536375850340136, 0.5706995918367346, 0.6114791836734693, 0.6509780219780219, 0.6912874149659863, 0.724552590266876, 0.7685729591836735, 0.8121180758017494, 0.8482513426423199, 0.8829716919025674, 0.9274880952380953, 0.9717324263038547, 1.0120362811791386, 1.0410964749536178, 1.0893436734693875, 1.1328212244897957, 1.1823775510204078, 1.234]",4.8,25,-7.2,1.428,1.417
24,"[0.003, 0.004189795918367345, 0.006493484140644207, 0.008884972170686484, 0.013632653061224164, 0.017474953617810585, 0.022485524442334957, 0.02764857142857139, 0.036158657011191545, 0.0408758963044677, 0.04865816326530621, 0.05645551020408149, 0.06386701777485178, 0.07081836734693873, 0.08205042016806707, 0.08885387755102035, 0.09987346938775517, 0.11281698485845959, 0.12520085929108474, 0.13542040816326503, 0.14772263450834877, 0.16360231660231658, 0.18112925170068014, 0.2042108843537411, 0.2327315541601255, 0.2644149659863936, 0.29249901250822874, 0.33915889212827977, 0.37809523809523804, 0.41636734693877514, 0.44270775510204075, 0.49384734693877524, 0.537260770975056, 0.5759730612244894, 0.6165620094191517, 0.6591065375302663, 0.6952653061224489, 0.7228848979591838, 0.766640306122449, 0.810091836734694, 0.8461836734693877, 0.8875245653817085, 0.920682539682539, 0.9669217687074826, 1.0085316863587532, 1.0350230134607032, 1.0798508634222912, 1.1213221574344021, 1.1637091836734692, 1.221]",4.8,25,-7.2,1.413,1.402
25,"[0.0, 0.00465042791310071, 0.007526662277814378, 0.011067291781577443, 0.014387755102040779, 0.019358754027926948, 0.02523918367346934, 0.03103361344537809, 0.03701391465677165, 0.04391156462585035, 0.05263579277865003, 0.05899448428019862, 0.06607836734693871, 0.07442330480579316, 0.08319047619047618, 0.09237074829931961, 0.10172521865889206, 0.11380797773654908, 0.12777097505668916, 0.14001700680272092, 0.15026662277814348, 0.16957142857142837, 0.18661479591836733, 0.20579251700680246, 0.2410367346938775, 0.2701156462585033, 0.31004979591836723, 0.3411793770139634, 0.3832932330827067, 0.4156224489795911, 0.4539943310657595, 0.4868877551020407, 0.5317689795918368, 0.5717959183673468, 0.6147536443148686, 0.6468685714285713, 0.682955102040816, 0.7221734693877535, 0.7650081632653061, 0.7975746938775509, 0.8328100470957611, 0.8759659863945577, 0.9151942857142857, 0.9537020408163265, 0.9843639455782313, 1.0282244897959185, 1.064731554160125, 1.104897959183673, 1.1568197278911563, 1.207]",4.8,25,-7.2,1.4,1.388
26,"[0.002, 0.0039835934373749285, 0.00573760932944609, 0.008517735665694803, 0.012450082735796982, 0.01727265306122449, 0.022433895297249318, 0.026607973421926823, 0.03294819466248036, 0.03986552478134108, 0.047536537195523365, 0.05445858343337341, 0.06079168271082013, 0.07019294990723539, 0.08055844155844148, 0.08778328474246841, 0.09782653061224444, 0.11035007849293528, 0.12215646258503361, 0.1310053705692803, 0.14722338665195805, 0.15919047619047608, 0.1794319727891152, 0.19859750566893417, 0.23513119533527685, 0.2680743440233236, 0.2960672917815773, 0.32935875402792675, 0.36386974789915966, 0.4028807733619762, 0.44573052894627224, 0.4856448979591834, 0.5197689795918368, 0.5613979591836734, 0.6025861678004533, 0.6347472527472526, 0.6739102040816318, 0.7105433673469385, 0.7503298400441256, 0.7871821036106749, 0.8231961451247162, 0.859655328798186, 0.8997004608294928, 0.9425400313971741, 0.9743639455782312, 1.0090708915145004, 1.049860408163265, 1.0948454810495627, 1.1375464852607708, 1.188]",4.8,25,-7.2,1.383,1.377
27,"[0.005, 0.007065759637188171, 0.009155584814571004, 0.011717930029154527, 0.015296569691706573, 0.018885260770975, 0.022006279434850798, 0.026024844720496754, 0.03141107871720077, 0.035828191741812884, 0.04036603028308082, 0.04534960070984918, 0.05237172011661805, 0.057059326056003806, 0.06365306122448998, 0.06981136238279095, 0.07506719761075147, 0.08237734277384409, 0.08984595128373907, 0.09747153598281394, 0.10751292517006786, 0.11593650793650782, 0.1255265306122448, 0.14037935174069632, 0.15086530612244894, 0.17039920358387242, 0.1817971188475388, 0.20255434266729933, 0.23054621848739482, 0.25823568136932173, 0.2827723704866558, 0.3070775510204076, 0.3429591836734688, 0.36752013237727515, 0.3951632653061206, 0.4244821428571432, 0.45549271137026087, 0.47762131519274403, 0.5064931972789114, 0.5362661224489792, 0.5614414607948445, 0.5914087148372859, 0.6244857142857143, 0.6544301412872835, 0.6740362811791376, 0.7120424489795918, 0.7365559183673469, 0.7681687074829929, 0.7978775510204071, 0.844]",7.2,25,-7.2,1.069,1.072
28,"[0.0, 0.005370340136054386, 0.006744546094299825, 0.00956797930439788, 0.013293415479399322, 0.014961108971890609, 0.018627250900360187, 0.022924369747899263, 0.028017006802720915, 0.03280364037506885, 0.03747986762272487, 0.04153324555628699, 0.04788379841732607, 0.05250145772594745, 0.05949769585253459, 0.06566222407330273, 0.0710065832784726, 0.07623682961556726, 0.08324829931972798, 0.0912152133580704, 0.101300408163265, 0.10653026634382573, 0.11682361516034973, 0.12778693877551006, 0.14134087148372843, 0.15206307977736555, 0.1695665306122449, 0.18232060566161934, 0.2124101382488478, 0.23249931972789115, 0.25660544217687037, 0.2900303206997083, 0.3170907029478449, 0.3442862658576943, 0.3730946938775506, 0.39661904761904687, 0.43077324263038574, 0.4553911564625845, 0.48362244897959183, 0.5101403061224492, 0.5432577259475218, 0.5699674572531713, 0.5986071428571431, 0.6244455782312918, 0.6518426596445029, 0.6864081632653057, 0.7215578231292478, 0.744436420722135, 0.7867687074829917, 0.823]",7.2,25,-7.2,1.045,1.035
29,"[0.0, 0.005836030964109753, 0.008191156462585066, 0.011310287380258187, 0.014578599007170349, 0.017434098639455792, 0.020365306122449005, 0.02491474654377891, 0.030331632653061248, 0.03357224489795919, 0.03877551020408173, 0.04464779460171169, 0.048951097420100086, 0.05366058002148223, 0.05932908163265305, 0.06382356813693249, 0.07097389653535828, 0.07670748299319716, 0.08304964147821312, 0.09222514812376563, 0.10023906705539358, 0.10858571428571441, 0.11634693877550992, 0.1280804988662131, 0.14051895043731746, 0.15233469387755078, 0.16802504638218926, 0.187026991441738, 0.20625396825396783, 0.22766604823747683, 0.2558367346938773, 0.280731292517006, 0.31015233236151596, 0.34109576138147546, 0.35919289005924904, 0.388976190476189, 0.41765677179962885, 0.4473218210361064, 0.47220622986036453, 0.49538560687432837, 0.5229077551020407, 0.553020408163266, 0.582404761904762, 0.6107036734693876, 0.6354402332361514, 0.6674040816326523, 0.6911559183673466, 0.723579277864992, 0.7660506122448976, 0.802]",7.2,25,-7.2,1.016,1.006
30,"[0.0, 0.00498551678736009, 0.006786579038395086, 0.010197462768891413, 0.013021482277121387, 0.015753511794328236, 0.019480612244898037, 0.02409022556390973, 0.02746518607442979, 0.03171713336497399, 0.03671213748657337, 0.04073840445269039, 0.04628897959183674, 0.05176842982090807, 0.058131274131274176, 0.06249341672152728, 0.06813061224489804, 0.07424489795918443, 0.0807363945578231, 0.087350888742594, 0.09573899033297528, 0.10503474903474898, 0.11254081632653086, 0.12326077097505674, 0.13552094522019334, 0.14362323390894854, 0.16204664723032067, 0.17563945578231274, 0.19861904761904753, 0.2231535982814178, 0.24942330480579303, 0.2750544217687071, 0.3010906122448979, 0.3296690962099123, 0.3494496379196835, 0.37838095238095293, 0.4109455782312929, 0.4347959183673468, 0.46051342642320015, 0.48861224489795874, 0.5140188383045512, 0.5405918367346939, 0.5721224489795916, 0.5962585034013579, 0.6185191836734689, 0.6538373930217246, 0.6882537231108656, 0.7091997084548104, 0.7502072213500772, 0.784]",7.2,25,-7.2,0.995,0.985
31,"[0.005, 0.006813473776607435, 0.008681179138321967, 0.011666162761400839, 0.013819084390513018, 0.017385306122448957, 0.021214009928295557, 0.02553186813186803, 0.02941472303206992, 0.03383436165163738, 0.03915187470336959, 0.043031991174848176, 0.04680824027724298, 0.0537038733860891, 0.05849034749034741, 0.06299072356215182, 0.06892753019575174, 0.07490651744568799, 0.08180419194704894, 0.08856155365371936, 0.09609003601440576, 0.10382229965156776, 0.11339920358387243, 0.12421160042964555, 0.13640882159315323, 0.14720408163265297, 0.166079183673469, 0.18043265306122433, 0.20003135888501739, 0.21799677765843123, 0.25202367346938764, 0.272865889212828, 0.3019183673469384, 0.3311315192743762, 0.3499681632653061, 0.3755844155844156, 0.3961321160042957, 0.4273202511773936, 0.44792897959183653, 0.4764557823129248, 0.5015102040816329, 0.5351110204081627, 0.5559740259740256, 0.5823401360544209, 0.603394557823129, 0.6370730397422123, 0.671408996251562, 0.691979591836734, 0.7294113029827303, 0.759]",7.2,25,-7.2,0.967,0.95
32,"[0.004, 0.004928571428571425, 0.007728291316526684, 0.009668367346938884, 0.012851428571428609, 0.015732142857142816, 0.018984555984556072, 0.023724137931034502, 0.02723708206686925, 0.030590296495956855, 0.035642857142857344, 0.04046718146718152, 0.045285714285714186, 0.050752895752895696, 0.0541578947368422, 0.058945054945054996, 0.06577310924369753, 0.0702486772486773, 0.07710285714285735, 0.08381632653061226, 0.09127950310559005, 0.097, 0.10814857142857154, 0.11612169312169304, 0.12698156682027645, 0.13680451127819557, 0.15797619047619044, 0.17140476190476134, 0.18571999999999975, 0.21158646616541335, 0.23408163265306123, 0.25689714285714266, 0.2843828571428566, 0.30843650793650806, 0.3228742857142851, 0.3576399999999998, 0.37726190476190463, 0.40638095238094996, 0.42818681318681245, 0.4516593406593409, 0.4802355212355209, 0.5087428571428567, 0.5383333333333343, 0.5570612244897951, 0.5760238095238088, 0.6098494208494206, 0.634330827067669, 0.6627714285714287, 0.6942342857142852, 0.731]",7.2,25,-7.2,0.932,0.923
33,"[0.004, 0.006025149453720909, 0.007686662543805407, 0.011974693877551068, 0.013837286265857705, 0.017382534409112565, 0.020791297651135875, 0.024335164835164857, 0.02776230492196874, 0.03227879008746376, 0.03791628488129948, 0.04142346938775477, 0.04671892393320943, 0.050199473337722136, 0.05483376623376636, 0.06131539888682745, 0.06611346938775514, 0.07120408163265296, 0.07791265306122425, 0.08505224489795914, 0.09126475455046897, 0.099019305019305, 0.10913644314868802, 0.11793163265306107, 0.12942581356867067, 0.13972303206997103, 0.15096126613910876, 0.17026530612244892, 0.18994857142857133, 0.2112840816326529, 0.23522351797862023, 0.2607653061224486, 0.27561819727891146, 0.3028465306122448, 0.32197331240188365, 0.355521978021978, 0.3709853061224485, 0.4033171114599683, 0.4221020408163239, 0.4495056689342403, 0.464391836734694, 0.4994200680272105, 0.5239489795918366, 0.5478979591836725, 0.5626629361421984, 0.5963561553653719, 0.6273877551020407, 0.6487507288629737, 0.6843404081632649, 0.719]",7.2,25,-7.2,0.917,0.906
34,"[0.003, 0.005147465437788038, 0.007448979591836727, 0.008923469387755019, 0.011131868131868129, 0.014285714285714266, 0.018047619047619038, 0.02203999999999973, 0.02498792756539233, 0.029290816326530602, 0.03323963133640547, 0.03878151260504182, 0.04170046082949287, 0.046185983827493234, 0.05071428571428575, 0.05612857142857137, 0.061467032967032896, 0.06563265306122441, 0.07275324675324665, 0.0779300911854102, 0.08570748299319708, 0.09161538461538452, 0.10065250965250963, 0.11104664723032062, 0.12056122448979581, 0.13173766233766226, 0.1409003322259136, 0.1643082706766912, 0.17939999999999978, 0.1966497695852533, 0.21958673469387757, 0.24804761904761868, 0.26285328185328183, 0.2899010989010984, 0.30407428571428535, 0.33750000000000024, 0.35513533834586447, 0.38269047619047475, 0.40747619047619005, 0.435095238095238, 0.4482742857142858, 0.47961714285714274, 0.5019999999999998, 0.527841698841699, 0.5443050193050192, 0.577119047619047, 0.5982244897959184, 0.6304476190476185, 0.6654661654135337, 0.699]",7.2,25,-7.2,0.886,0.878
35,"[0.0, 0.005584005695301403, 0.007817959183673479, 0.009460447035957175, 0.012908763505402139, 0.016330943188086006, 0.019258673469387793, 0.023082706766917233, 0.025657036840710336, 0.030240816326530594, 0.03513205282112839, 0.038926159554731034, 0.04294775510204086, 0.04792274052478132, 0.05200649350649331, 0.05682414242292655, 0.061629513343799076, 0.06716566626650662, 0.07408873114463181, 0.07840421329822249, 0.08436734693877508, 0.09530952380952376, 0.10191156462585035, 0.11425816326530604, 0.12035425490951099, 0.1332040816326517, 0.14526585769442904, 0.1622468889995022, 0.17692063492063476, 0.20027891156462577, 0.22178425655976636, 0.24080250164581993, 0.2680550545799713, 0.2871526530612239, 0.30871938775510205, 0.33272180451127786, 0.3452832653061224, 0.3790621963070942, 0.39684353741496387, 0.42109297052154204, 0.44351836734693834, 0.4687137341423057, 0.49165637065637047, 0.5163316326530611, 0.5351895984200132, 0.5620255102040803, 0.5847013963480128, 0.6135102040816311, 0.6492310204081632, 0.681]",7.2,25,-7.2,0.865,0.856
36,"[0.003, 0.005175399889685554, 0.007141207998350878, 0.007964337250051563, 0.011518367346938672, 0.014934463926415523, 0.01715510204081615, 0.02190347490347488, 0.024544089333846702, 0.027514577259475304, 0.031752791682710745, 0.037521618817018335, 0.040219387755101574, 0.04422909809084912, 0.04785253456221196, 0.05468163265306131, 0.05796578631452572, 0.06494612244897924, 0.07056486880466462, 0.0778244897959184, 0.08207183673469386, 0.08929953917050694, 0.0984530612244894, 0.10471906209292202, 0.11615594917212158, 0.12487185571903169, 0.14135686707115272, 0.15714351547070432, 0.1722571428571427, 0.18994448979591794, 0.2134940923737912, 0.23393720565149068, 0.25658002148227677, 0.2778130612244893, 0.2980340136054423, 0.3230408163265294, 0.3472108843537424, 0.3628497959183673, 0.38824716553287825, 0.4138964474678762, 0.4358473469387751, 0.45892653061224464, 0.4854642857142856, 0.5043748657357668, 0.5213446712018138, 0.5525510204081628, 0.5722612244897959, 0.6013216326530606, 0.6334408163265304, 0.669]",7.2,25,-7.2,0.851,0.84
37,"[0.0, 0.004339285714285727, 0.007032258064516194, 0.008896551724137914, 0.0131199999999999, 0.016918918918918873, 0.02186363636363629, 0.025568181818181813, 0.03110714285714276, 0.036, 0.0409302325581395, 0.046672727272727234, 0.052756756756756736, 0.05931914893617012, 0.06679999999999989, 0.074, 0.08086363636363629, 0.09100000000000073, 0.09749999999999963, 0.10873529411764703, 0.12143181818181818, 0.136, 0.15633333333333307, 0.17077419354838694, 0.19708108108108102, 0.22271999999999975, 0.25047058823529406, 0.27919999999999956, 0.3027741935483869, 0.34711999999999993, 0.36678571428571416, 0.39749999999999963, 0.42778571428571416, 0.4642500000000002, 0.493, 0.5191071428571427, 0.5424999999999999, 0.5679249999999999, 0.6046250000000001, 0.6324999999999993, 0.6621578947368417, 0.6888378378378377, 0.7269999999999993, 0.7545000000000004, 0.7874736842105262, 0.8252142857142852, 0.8573548387096772, 0.8933157894736835, 0.9355, 0.978]",4.8,25,-7.2,1.172,1.149
38,"[0.003, 0.004874549819927858, 0.007178775510204142, 0.010880148423005545, 0.014210160660008662, 0.017754564983888207, 0.02172816326530615, 0.02648136645962729, 0.03128637261356147, 0.0361007653061222, 0.042352309344790555, 0.04784006663890041, 0.05362966650074656, 0.061102040816326364, 0.06881142857142852, 0.07372140484100612, 0.08196338535414162, 0.09177551020408162, 0.10293537414965975, 0.11632993197278901, 0.12349551020408131, 0.14270748299319735, 0.1617611693325979, 0.18182244897959182, 0.2108506122448978, 0.22937469387755105, 0.25757871720116604, 0.2887566718995288, 0.32013095238095196, 0.3487722448979591, 0.37669544740973293, 0.40527315541601205, 0.4296584317937702, 0.4677482993197282, 0.48774424663482413, 0.5167085714285713, 0.5478522837706505, 0.5793292884721455, 0.6121967346938777, 0.63421768707483, 0.6673979591836737, 0.6856870748299312, 0.722748571428571, 0.7532653061224489, 0.7870899062327633, 0.809684897959184, 0.8497551020408166, 0.8787412244897959, 0.9094036281179139, 0.96]",4.8,25,-7.2,1.154,1.137
39,"[0.002, 0.004300588031822866, 0.00605877551020408, 0.010327833260963966, 0.01264846938775509, 0.016573469387755058, 0.020728163265306153, 0.024645714285714243, 0.028733619763694877, 0.0340748299319709, 0.039745972073039725, 0.0449200333194502, 0.05162966650074656, 0.05716458196181673, 0.06529737609329439, 0.0726678004535146, 0.0800702040816325, 0.08885107556536126, 0.09908897959183667, 0.1103567346938775, 0.12063265306122418, 0.13875824175824195, 0.1565213956550362, 0.179408163265306, 0.20511922663802337, 0.23213151927437636, 0.2527773654916511, 0.2813151927437638, 0.3160320699708454, 0.34654448979591823, 0.3666954474097329, 0.39913657770800604, 0.4285007849293564, 0.4595087463556851, 0.49107535321821016, 0.5129575289575288, 0.5414829931972769, 0.5701447124304266, 0.5994367346938776, 0.6258122448979593, 0.6517877551020409, 0.6797458854509545, 0.7147050691244239, 0.7467551020408161, 0.7668466629895201, 0.7996870748299336, 0.8401326530612244, 0.8704608843537412, 0.9014475218658893, 0.95]",4.8,25,-7.2,1.143,1.129
40,"[0.003, 0.004934825543120457, 0.006647545504688407, 0.010288347597103342, 0.013722959183673488, 0.016794897959183527, 0.021834528405956895, 0.025434285714285576, 0.030066790352504594, 0.035106842737094725, 0.04031752701080428, 0.045804743519029224, 0.052271385149804624, 0.05878249194414611, 0.0658630952380953, 0.07367615467239527, 0.08306693877551012, 0.08847108843537392, 0.09790530612244885, 0.11284580498866197, 0.12316721527320589, 0.14219047619047645, 0.15488854003139724, 0.17989504373177842, 0.21058503401360568, 0.22981959183673456, 0.252986036519871, 0.2890374149659861, 0.3095907335907334, 0.3455085493656921, 0.37356150027578594, 0.4005982814178303, 0.4285289115646257, 0.4522277121374867, 0.4832792696025778, 0.5091314285714287, 0.5352108843537413, 0.5609160997732429, 0.5930374149659862, 0.6158109559613322, 0.6483030990173849, 0.6678865306122447, 0.6996428571428568, 0.7296444683136412, 0.7544937038645243, 0.7837259475218654, 0.82116111707841, 0.8487823129251697, 0.8883208163265306, 0.928]",4.8,25,-7.2,1.116,1.104
41,"[0.0, 0.005190576230492197, 0.008354227405247688, 0.010533921676778808, 0.014393469387755027, 0.018654452690167005, 0.020755102040816275, 0.02710038610038608, 0.032118499012508156, 0.03663331138907175, 0.04161882817643171, 0.04657663916630472, 0.05302834467120152, 0.061117615467239456, 0.0667662337662333, 0.07507303974221252, 0.0838622448979591, 0.09147845804988652, 0.10095965828191743, 0.11319202226345074, 0.12850655976676384, 0.14917261904761886, 0.16412244897959194, 0.18508843537414926, 0.21158002148227698, 0.23271355685131181, 0.25847503924646775, 0.29081632653061135, 0.3280742857142857, 0.34840136054421733, 0.3733820408163264, 0.40385941043083834, 0.4327823129251695, 0.4542266380236301, 0.49126870748299195, 0.508924812030075, 0.5418979591836733, 0.5648537414965985, 0.5978775510204081, 0.6215351473922884, 0.6506432350718065, 0.6785551020408164, 0.7079206349206352, 0.7332889366272822, 0.7569681632653058, 0.787606530612245, 0.8261611170784102, 0.8508218923933211, 0.8865068027210872, 0.926]",4.8,25,-7.2,1.116,1.109
42,"[0.002, 0.003307064364207169, 0.005971869829012711, 0.008950625411454914, 0.012524609843937738, 0.017027911164465732, 0.0188025016458195, 0.024063122923587966, 0.02840099282956422, 0.033223098330241126, 0.039297792586422235, 0.04410583768391078, 0.049669056811914, 0.054539828834759746, 0.06369714285714292, 0.07082883475971037, 0.0810452289023717, 0.08759505907626172, 0.09560544217687034, 0.10944217687074823, 0.12214009928295629, 0.14102285714285717, 0.15092373791621916, 0.17470593692022257, 0.1993208163265308, 0.22693135435992554, 0.24970696958028485, 0.28501870748299307, 0.30579536679536673, 0.3377237048665618, 0.3652415757000474, 0.39618210361067496, 0.42346161321671516, 0.4549614512471653, 0.4798843537414972, 0.5011314285714287, 0.5264217687074826, 0.5547482993197286, 0.5850249433106575, 0.6121751700680271, 0.6403030990173849, 0.6675272108843525, 0.6990952380952375, 0.7194709576138144, 0.7493737916219118, 0.7790408163265298, 0.8082354788069072, 0.8365416012558866, 0.8762587228439763, 0.912]",4.8,25,-7.2,1.101,1.094
43,"[0.0, 0.003850251789027293, 0.006739960500329117, 0.009658327847267901, 0.013519077196095788, 0.017262700825010874, 0.019632653061224366, 0.02474025974025962, 0.028405852907200678, 0.03386016628873754, 0.03910775510204067, 0.04277908163265305, 0.05010544217687056, 0.05768367346938758, 0.0650628571428571, 0.07081191395477109, 0.08117774851876224, 0.08875836734693857, 0.09848032069970844, 0.1103167346938776, 0.11993987865416417, 0.13886904761904756, 0.15804664723032036, 0.18206367346938737, 0.20657029478458033, 0.22864455782312926, 0.25745668078552175, 0.27144557823129184, 0.3131257142857142, 0.3385300606729178, 0.3621802721088436, 0.39351700680272017, 0.42646467817896355, 0.45312463556851285, 0.473418038183015, 0.4978690476190477, 0.5251459968602826, 0.5530946938775511, 0.5806485260770975, 0.608220408163265, 0.6354195011337864, 0.6661383219954646, 0.6937857142857138, 0.7133279883381924, 0.7415852178709321, 0.7770272108843547, 0.8052416756176152, 0.8296200941915223, 0.8662521865889211, 0.902]",4.8,25,-7.2,1.09,1.076
44,"[0.003, 0.003961816984858434, 0.006730957171601043, 0.00937940630797772, 0.012594169096209796, 0.015357970215113047, 0.019806834361651617, 0.02357653061224475, 0.02699308197855413, 0.03408503401360532, 0.03842229199372021, 0.0431938775510202, 0.050615646258503184, 0.05544712430426712, 0.0630238095238092, 0.06959578670177724, 0.07908734693877556, 0.08647655819084384, 0.09547539015606227, 0.10850612244897935, 0.12166326530612233, 0.139690476190476, 0.1591692677070827, 0.17809306122448967, 0.19953061224489752, 0.22620408163265304, 0.24879899884482082, 0.2757697959183672, 0.31150285714285714, 0.33221574344023314, 0.35809877551020397, 0.38770441079657664, 0.415818594104308, 0.44221988150098734, 0.4670442176870748, 0.48595238095238086, 0.5205961331901179, 0.5472089795918366, 0.5747786499215072, 0.5978344671201807, 0.6258133030990174, 0.6533034891375906, 0.6849880952380949, 0.7103843537414963, 0.7307765843179378, 0.7653503401360543, 0.7858554881412024, 0.8185942376950779, 0.8557640816326527, 0.892]",4.8,25,-7.2,1.082,1.075
45,"[0.003, 0.004654164368450107, 0.006951645523074009, 0.0100591313448456, 0.012020408163265411, 0.016558614143331783, 0.02024401064773735, 0.02299696048632218, 0.02845869776482022, 0.03367126309983452, 0.03904746084480307, 0.04320748299319752, 0.04876889134031991, 0.05566595059076252, 0.06174489795918362, 0.06964489795918342, 0.07592919616826323, 0.08603755102040833, 0.09382491944146083, 0.10468288854003137, 0.12240653061224482, 0.13762211981566813, 0.15557998683344312, 0.18072448979591843, 0.19921088435374137, 0.22439455782312923, 0.25205102040816274, 0.2717050092764377, 0.30178571428571455, 0.3329656545545048, 0.3506906552094522, 0.3829817400644467, 0.4079608843537413, 0.4368945578231294, 0.468037551020408, 0.4881122448979591, 0.5191836734693875, 0.53421589688507, 0.5701930926216643, 0.588319727891155, 0.6158949357520788, 0.6439472789115643, 0.6722619047619045, 0.6996292517006805, 0.7242482993197272, 0.751431972789116, 0.7774625850340117, 0.8073532182103611, 0.8420311493018255, 0.877]",4.8,25,-7.2,1.065,1.057
46,"[0.003, 0.0044338380513495425, 0.006728498542274071, 0.009561224489795883, 0.01238775510204088, 0.017314351547070433, 0.01949409237379166, 0.02390977443609027, 0.02834149659863953, 0.03338973008558268, 0.037559183673469484, 0.04305661619486519, 0.04881174510620574, 0.05560397131825707, 0.06039682539682519, 0.06925877551020415, 0.07692970521541961, 0.08623872804935934, 0.09820408163265297, 0.10839504373177851, 0.12331972789115675, 0.13723809523809505, 0.1575902040816327, 0.18135792778649912, 0.20235410921125208, 0.22480272108843527, 0.25122448979591844, 0.27233094318808604, 0.31082539682539695, 0.3287389903329753, 0.3529975510204081, 0.3891493018259936, 0.41366938775510187, 0.43973696145124636, 0.4684608843537413, 0.48615037593984994, 0.5168930612244899, 0.5443689795918365, 0.5715667189952902, 0.5970463821892392, 0.6179909297052161, 0.6485526530612243, 0.6763095238095238, 0.6943294460641399, 0.7252909809084918, 0.7541360544217675, 0.779332361516035, 0.8077237048665624, 0.8426836734693863, 0.877]",4.8,25,-7.2,1.059,1.05
47,"[0.003, 0.004973512809379043, 0.007103371783495965, 0.009434850863422247, 0.013838535414165664, 0.015856372737774353, 0.01974122448979603, 0.022900874635568568, 0.027536443148688066, 0.03342967457253172, 0.03817055393586003, 0.04266622778143514, 0.04876220053238689, 0.054794815223386674, 0.06158730158730155, 0.06926360544217677, 0.0757123107307438, 0.08263994169096206, 0.09363265306122409, 0.10455782312925177, 0.12048408163265298, 0.13657142857142873, 0.15140816326530598, 0.17437109537692624, 0.19758843537414966, 0.2232691110342441, 0.23996938775510177, 0.27027891156462575, 0.28882285714285694, 0.31733941997851756, 0.3500427913100724, 0.369424081632653, 0.3962989195678273, 0.4212577475434615, 0.4488334693877549, 0.4667472527472525, 0.49834167215273195, 0.5234115646258489, 0.5447789115646259, 0.5708634222919938, 0.5963028130170986, 0.6247676609105179, 0.6476190476190465, 0.6729115646258504, 0.695602040816325, 0.721634859349145, 0.7579513343799056, 0.7840408163265304, 0.8084448979591838, 0.852]",4.8,25,-7.2,1.04,1.042
48,"[0.003, 0.004389825495415567, 0.007135568513119587, 0.010413994169096209, 0.012882653061224653, 0.01625986394557822, 0.01997217068645649, 0.02333035714285723, 0.028167346938775564, 0.032443577430972405, 0.03861710398445132, 0.043459912536443164, 0.049404871626069775, 0.054939703153988884, 0.0622886297376093, 0.07094414607948443, 0.07644038668098807, 0.08426658163265306, 0.09822011661807581, 0.10433741496598663, 0.1230383673469388, 0.13663594470046078, 0.1551462585034014, 0.17907256235827657, 0.19526204081632653, 0.2208163265306113, 0.2416122448979593, 0.26585107556536114, 0.2938071428571429, 0.3235014577259475, 0.34741737985516774, 0.3820746509129968, 0.4046925608953257, 0.434279434850863, 0.45535681369321906, 0.4742971428571428, 0.5061088435374156, 0.5309224489795911, 0.5509248979591836, 0.5791074113856066, 0.6029969765684053, 0.6340726530612244, 0.66, 0.6787444897959185, 0.7073608163265298, 0.7320680272108844, 0.764431711145997, 0.7862204081632654, 0.8213258722843976, 0.857]",4.8,25,-7.2,1.04,1.022
49,"[0.0, 0.0037824489795918238, 0.005911125740618753, 0.007822496440436727, 0.011517492711370286, 0.0145340136054422, 0.017709387755101978, 0.021509652509652588, 0.0261464585834334, 0.030138682745825564, 0.03507899934167219, 0.03972362504323772, 0.045701047986762416, 0.05066091051805341, 0.0579135338345864, 0.0652056514913661, 0.0718554768846314, 0.08054421768707452, 0.08942376950780306, 0.09944125758411476, 0.1137613814756674, 0.12716326530612276, 0.14512925170067856, 0.1663193601765031, 0.19107510204081635, 0.2084580498866209, 0.2323877551020406, 0.2671451247165532, 0.2901224489795918, 0.31411930926216625, 0.34294667544437113, 0.36324489795918374, 0.38888614393125576, 0.4131448007774536, 0.44080665950590775, 0.4605898617511519, 0.48974489795918363, 0.5137412244897959, 0.5387392290249431, 0.562923737916219, 0.5907261009667022, 0.6166458196181698, 0.6401964285714284, 0.661710884353741, 0.6833355102040817, 0.7125850340136061, 0.7467504937458852, 0.7699811616954475, 0.7939532312925166, 0.841]",4.8,25,-7.2,1.025,1.024
50,"[0.003, 0.00522383146807109, 0.006709912536443129, 0.010061570390868224, 0.013228986509858178, 0.015760770975056647, 0.01879686758424306, 0.022493946731234928, 0.02735860058309053, 0.03170638578011858, 0.03725134264232001, 0.04154081632653059, 0.0475884353741498, 0.05231292517006767, 0.05959930313588843, 0.06657476051645142, 0.07420163265306116, 0.08271673469387743, 0.09185383342526182, 0.1018168367346939, 0.11823129251700687, 0.13007142857142873, 0.14825883524141356, 0.16949145063430782, 0.19328244897959182, 0.21067544437129684, 0.23375265306122445, 0.26527891156462574, 0.28905069124423954, 0.31625795918367333, 0.3326105442176871, 0.36436734693877465, 0.38851360544217695, 0.41338952972493326, 0.43792729591836715, 0.4585306122448971, 0.48876530612244873, 0.5108587755102036, 0.5360385487528343, 0.5585907626208378, 0.586728163265306, 0.6110504833512355, 0.6361428571428568, 0.6569852607709751, 0.680935466078323, 0.7081655328798186, 0.7332473469387754, 0.7606970998925884, 0.7849634353741496, 0.831]",4.8,25,-7.2,1.01,0.999
51,"[0.002, 0.0037802514945371813, 0.005532386867790512, 0.007876892692560958, 0.01133793517406965, 0.013168011390602762, 0.017709387755101978, 0.019996753246753343, 0.02487836734693882, 0.02881032412965184, 0.03381122448979576, 0.03866734693877557, 0.04453877551020412, 0.05047887992406262, 0.0559135338345864, 0.06341245972073054, 0.07047153598281417, 0.07940326530612245, 0.08852929558920325, 0.097, 0.11165677179962902, 0.12805714285714295, 0.14078231292516946, 0.16315719801434092, 0.18607823129251702, 0.20556834809395447, 0.2290546938775509, 0.2581088435374149, 0.2822637362637361, 0.31006204081632643, 0.3272227891156459, 0.3563036734693879, 0.38481972789115565, 0.4110821842250412, 0.4333730612244897, 0.4530408163265295, 0.48361734693877534, 0.5039752953813106, 0.5305544217687075, 0.5561145490454245, 0.5825306122448975, 0.6082339089481941, 0.6305238095238096, 0.654710884353741, 0.6739023717595145, 0.7034855942376951, 0.7359306122448978, 0.7626713211600428, 0.7857379855167873, 0.829]",4.8,25,-7.2,1.013,1.006
52,"[0.003, 0.00462142857142855, 0.006206593406593298, 0.009273291925465839, 0.01278571428571418, 0.015105990783410144, 0.016869747899159647, 0.021785714285714238, 0.02595341614906832, 0.029892128279883336, 0.036083056478405276, 0.0404585253456221, 0.04594470046082952, 0.051251700680271794, 0.0581666666666663, 0.06503428571428578, 0.0714060150375939, 0.08112087912087904, 0.08833640552995392, 0.10042857142857146, 0.11115714285714264, 0.12911764705882353, 0.14320879120879093, 0.15964285714285678, 0.18420463320463315, 0.20587644787644785, 0.23317857142857143, 0.2504114285714284, 0.28060714285714283, 0.3045773809523809, 0.32814285714285674, 0.3532619047619045, 0.3791542857142855, 0.40576190476190294, 0.4267959183673468, 0.44813333333333305, 0.4714234693877549, 0.49563265306122445, 0.5204285714285706, 0.5412556390977435, 0.5669248120300755, 0.5909387755102039, 0.6203157894736844, 0.6454685714285713, 0.6634175824175814, 0.6932706766917298, 0.7146240601503756, 0.7413047619047614, 0.7766466165413534, 0.808]",4.8,25,-7.2,0.987,0.98
53,"[0.003, 0.004190245589761321, 0.006830612244897887, 0.009578631452580899, 0.011668367346938744, 0.015421224489795876, 0.01786043449637914, 0.022345714285714222, 0.026392975794969062, 0.030320816326530435, 0.03470601213458343, 0.04109877551020399, 0.04482327399044722, 0.05136627282491921, 0.059191428571428534, 0.06284353741496575, 0.07115532879818588, 0.07777693402942563, 0.08727365491651203, 0.10046938775510177, 0.11496025778732531, 0.13317346938775515, 0.14552309344790507, 0.16708326530612239, 0.19008915145005362, 0.20077414965986357, 0.2345510204081631, 0.25180303749406735, 0.28781142857142816, 0.3072702040816326, 0.33725469387755097, 0.35599659863945526, 0.3827436734693875, 0.4101144314868804, 0.4296462585034013, 0.4536011904761903, 0.47375078492935624, 0.49884475218658886, 0.5248775510204071, 0.5522939878654164, 0.5702482993197271, 0.5961836734693878, 0.6253085714285713, 0.6491895043731768, 0.6598752834467118, 0.697186895810956, 0.7262530612244896, 0.7433700680272102, 0.7796696083838942, 0.809]",4.8,25,-7.2,0.985,0.976
54,"[0.003, 0.004040188383045494, 0.005781435154706943, 0.0085298833819242, 0.01141732611411904, 0.014325330132052772, 0.017063149788217092, 0.021096525096525064, 0.02517950853810891, 0.029673885880882843, 0.03405907626208364, 0.03816106750392453, 0.043533877551020374, 0.04983607636602999, 0.05622321428571423, 0.0615306122448973, 0.06746598639455781, 0.07813378684807233, 0.08446310832025115, 0.096784786641929, 0.11158276643990911, 0.12351700680272112, 0.14076154672395252, 0.16416653061224476, 0.1831302982731553, 0.19281179138321966, 0.22565306122448936, 0.24962009419152248, 0.26884962406015006, 0.29630705009276426, 0.32106122448979574, 0.3459931972789098, 0.36932545649838794, 0.39812816326530615, 0.41718530612244875, 0.4390971428571426, 0.4635906362545013, 0.4851020408163269, 0.5099205736348587, 0.5342939878654164, 0.5570784103114929, 0.5799137291280148, 0.6087012987012985, 0.6256454081632652, 0.6501270572745227, 0.6783945578231293, 0.698714944042133, 0.7265634110787169, 0.7550310204081628, 0.789]",4.8,25,-7.2,0.965,0.96
55,"[0.003, 0.0038761080189651763, 0.006191836734693825, 0.007795443758898922, 0.010917264202978508, 0.014239403453689143, 0.01676826859776172, 0.019809523809524006, 0.02423510204081632, 0.02854010441385856, 0.033097789115646356, 0.03787360105332451, 0.04282312925170071, 0.047877551020407985, 0.053801749271137046, 0.05927891156462594, 0.06664202978488691, 0.07463485934914504, 0.08353449951409134, 0.09367673469387747, 0.11009410430838995, 0.1220680272108845, 0.1385102040816326, 0.15928206997084549, 0.1781853061224491, 0.19915192743764182, 0.22712244897959197, 0.2540655976676386, 0.2790714285714285, 0.29871768707483015, 0.32144163265306136, 0.34351700680272096, 0.37080393586005844, 0.38757959183673485, 0.41352577873254576, 0.44037301587301586, 0.4644655612244898, 0.48935918367346937, 0.5103134693877556, 0.5336088435374156, 0.5540430839002273, 0.5795801749271137, 0.6050659340659341, 0.6290455259026689, 0.6495544217687078, 0.676020408163266, 0.6965155746509127, 0.7233403790087463, 0.7532506122448981, 0.785]",4.8,25,-7.2,0.96,0.954
56,"[0.002, 0.003924716553287953, 0.005444477791116433, 0.008101311953352798, 0.010272547728768818, 0.013776168531928855, 0.016191836734693807, 0.020295918367346916, 0.024589754269054458, 0.02814549045424618, 0.03235466078323212, 0.0370587755102039, 0.041766938775510194, 0.047073783359497356, 0.05525868725868722, 0.059929591836734575, 0.06493591836734694, 0.07337632653061213, 0.08241001855287569, 0.09346938775510176, 0.10443707482993173, 0.11846258503401373, 0.1327168367346937, 0.15712653061224482, 0.1791173469387754, 0.18793950437317775, 0.21982653061224466, 0.23921787093215655, 0.26821804511278174, 0.2935404081632651, 0.31606122448979573, 0.3379965986394553, 0.36354681872749084, 0.38920671494404213, 0.40594530612244895, 0.4312023809523803, 0.45168027210884204, 0.46780758017492713, 0.49893877551020355, 0.5274351020408161, 0.5465704567541296, 0.5685918367346936, 0.5962380952380941, 0.6224653061224474, 0.6402073039742211, 0.6671420408163267, 0.6951265306122447, 0.7143083900226749, 0.7463348041919471, 0.776]",4.8,25,-7.2,0.955,0.951
57,"[0.001, 0.0028292316926770873, 0.005, 0.009, 0.01366326530612238, 0.0178282312925169, 0.02229306122448976, 0.029, 0.036, 0.04349886621315164, 0.0509637919684002, 0.05771938775510195, 0.07, 0.07934013605442125, 0.09313492063492068, 0.102, 0.11901569858712734, 0.136, 0.15699708454810485, 0.184, 0.2123483965014577, 0.241, 0.274, 0.3107918367346937, 0.349, 0.389, 0.4276832653061224, 0.46891944146079473, 0.491, 0.5347913832199547, 0.5870598330241187, 0.6291078717201165, 0.656, 0.7019773242630383, 0.746, 0.776, 0.8047660910518051, 0.834, 0.8688576944291229, 0.9055935374149658, 0.9373952738990329, 0.9656997084548107, 0.9956914285714283, 1.03, 1.0581557299843012, 1.0811288936627284, 1.1031530612244889, 1.1318012889366271, 1.1619676870748294, 1.195]",2.4,25,-7.2,1.322,1.275
58,"[0.0, 0.003974025974025919, 0.006071428571428717, 0.009413265306122414, 0.013684385382059872, 0.018324675324675306, 0.024, 0.02871428571428576, 0.03603428571428561, 0.044054945054945165, 0.05, 0.062, 0.072, 0.08442857142857164, 0.0979600000000001, 0.11, 0.1268513119533528, 0.15, 0.17523809523809558, 0.19922556390977444, 0.22906015037594, 0.2595384615384616, 0.301, 0.33266917293233084, 0.36846428571428563, 0.411, 0.44762698412698404, 0.479, 0.5251538461538462, 0.5489047619047621, 0.5962084942084942, 0.628, 0.6624740259740259, 0.7050476190476184, 0.7470023041474654, 0.7743999999999996, 0.799, 0.83909693877551, 0.8554761904761904, 0.8964523809523809, 0.9255714285714287, 0.9526263736263734, 0.9863846153846153, 1.013, 1.038, 1.0592976190476187, 1.0893359073359072, 1.11, 1.1392619047619044, 1.166]",2.4,25,-7.2,1.29,1.276
59,"[0.002, 0.003, 0.005947845804988665, 0.009543673469387873, 0.013, 0.017737299174989098, 0.0233292884721456, 0.029439560439560315, 0.03670932156646439, 0.04438483965014574, 0.05052551020408174, 0.061493197278911615, 0.073, 0.08540816326530587, 0.098, 0.11278996598639444, 0.1324186431329288, 0.151, 0.17592373791621915, 0.21206009070294785, 0.244, 0.2638496240601503, 0.2989748822605964, 0.3366836734693876, 0.3731445578231292, 0.415, 0.455, 0.483, 0.519, 0.5575993555316862, 0.6060296247531268, 0.637, 0.6772482993197277, 0.708, 0.752, 0.7811309523809523, 0.8074040816326531, 0.844, 0.8736108843537416, 0.902, 0.9272089795918369, 0.9564302040816326, 0.99, 1.0108973008558257, 1.037, 1.0625766951942066, 1.093, 1.111, 1.142294063079777, 1.169]",2.4,25,-7.2,1.289,1.283
60,"[0.001, 0.0031331168831168626, 0.005592857142857172, 0.009, 0.013, 0.018107142857142725, 0.024076190476190636, 0.028800000000000107, 0.03613775510204078, 0.04423809523809559, 0.051, 0.061, 0.07306177606177607, 0.08616589861751159, 0.0988333333333337, 0.11378195488721805, 0.1342619047619048, 0.15336679536679532, 0.178, 0.202, 0.234, 0.2665384615384616, 0.30155102040816306, 0.339, 0.373, 0.4147012987012987, 0.457, 0.4932200772200772, 0.5190588235294118, 0.5589523809523811, 0.6071753246753246, 0.645, 0.6776326530612244, 0.716, 0.7440119047619044, 0.7897499999999998, 0.816, 0.8522263736263734, 0.8787142857142853, 0.9094523809523809, 0.9345714285714287, 0.963, 0.9981999999999999, 1.027, 1.0467218045112778, 1.071, 1.099, 1.121, 1.148, 1.177]",2.4,25,-7.2,1.293,1.29
61,"[0.0, 0.0025228902371759324, 0.006, 0.009591836734693849, 0.014, 0.017862409479921012, 0.0233469387755104, 0.028984555984555953, 0.036, 0.044, 0.05132814178302902, 0.061656462585034, 0.07356160241874518, 0.08702040816326527, 0.101, 0.1154379481522339, 0.13, 0.1506997084548101, 0.17935374149659858, 0.2040568513119533, 0.2334557823129252, 0.2669624060150375, 0.304609693877551, 0.345, 0.377, 0.41462693877551005, 0.4610017006802718, 0.487, 0.528, 0.5690884353741492, 0.6085782312925168, 0.648, 0.687, 0.720954081632653, 0.7557427113702624, 0.793, 0.8169607535321814, 0.8567363945578225, 0.893, 0.9200442176870748, 0.9466020408163264, 0.9753249607535321, 1.009120879120879, 1.034, 1.0573756957328384, 1.0817690655209455, 1.11, 1.132, 1.152, 1.187]",2.4,25,-7.2,1.304,1.301
62,"[0.004, 0.005251109139307895, 0.006687560738581136, 0.008320310981535533, 0.009690573372206072, 0.012239355001259809, 0.01407908163265292, 0.01727126805778498, 0.019681285280069488, 0.02278102592388311, 0.0257638483965014, 0.02908948194662496, 0.03308508634222929, 0.037116004296455535, 0.0415939849624061, 0.044434402332361705, 0.04902420503084963, 0.05463673469387774, 0.05949271137026239, 0.06564852607709773, 0.07443306814251131, 0.078639455782313, 0.08570189504373173, 0.09858367346938791, 0.1086652276295134, 0.12225877551020414, 0.13398196487897487, 0.14492560895325898, 0.16255639097744384, 0.1769576138147573, 0.19617098731384486, 0.21008816326530622, 0.2225478806907391, 0.23888662131519287, 0.25699092970521564, 0.27302857142857134, 0.29053061224489746, 0.3052959183673468, 0.32617248189598474, 0.33796897959183714, 0.3593820408163267, 0.3748979591836736, 0.3947380952380956, 0.40566141001855277, 0.42097959183673445, 0.4335395918367351, 0.4532419825072889, 0.46792687074829986, 0.4896848979591839, 0.512]",7.2,25,-7.2,0.634,0.677
63,"[0.0, 0.004732776332009323, 0.005720586221065629, 0.008412113232389797, 0.010786043449637982, 0.011904853833425225, 0.01474158494566653, 0.018096703296703227, 0.020419096209912505, 0.02309974489795922, 0.025603114930182632, 0.02883113890717576, 0.033092764378478676, 0.03534116288024631, 0.03913824884792626, 0.045113029827315534, 0.0481686358754029, 0.05077637252083929, 0.05582653061224578, 0.061574186431329295, 0.06664113029827322, 0.0723542857142854, 0.07829229756418679, 0.08640056953013753, 0.09704408163265302, 0.10298542274052477, 0.11235660580021498, 0.12651755102040813, 0.1352619047619049, 0.1531938775510202, 0.16499125364431474, 0.1864010204081632, 0.1967534473248759, 0.21472562358276587, 0.22986297376093304, 0.24904571428571404, 0.26881179138322014, 0.2848277551020407, 0.30244575725026834, 0.31824979591836716, 0.34017615467239554, 0.35702210884353663, 0.3729642857142845, 0.38333404940923677, 0.4058016326530611, 0.41980315997366663, 0.4391830151415403, 0.46320181405895683, 0.47908714837286265, 0.5]",7.2,25,-7.2,0.636,0.65
64,"[0.004, 0.005351432316045661, 0.006912050534499555, 0.008787582638689291, 0.010618429189857835, 0.013170068027211079, 0.01572637944066518, 0.018230636833046522, 0.02000801749271132, 0.022606018678657996, 0.025384281372123306, 0.030313343799058104, 0.032672740524781335, 0.035697199810156705, 0.04058111380145281, 0.04412244897959175, 0.04710349854227415, 0.051583936800526614, 0.0568232339089482, 0.06160125588696994, 0.06776489795918372, 0.07326984126984144, 0.0767278911564624, 0.08600255102040824, 0.09319627851140454, 0.10109475218658905, 0.10982993197278937, 0.12296660482374779, 0.13509523809523757, 0.15044693877551032, 0.15959955874241558, 0.179804988662131, 0.19190775510204097, 0.2089501133786851, 0.22852112007593733, 0.24622077922077926, 0.26046802721088447, 0.2770544217687063, 0.29486848072562366, 0.3127448979591833, 0.32706552094522096, 0.3485953022718521, 0.35931168831168814, 0.3756486880466476, 0.3964979591836734, 0.41315609487038046, 0.4316743023740109, 0.44678231292517095, 0.47165387755102034, 0.495]",7.2,25,-7.2,0.629,0.633
65,"[0.005, 0.006074429771908786, 0.007273579702151208, 0.009267485635030796, 0.011395482464830572, 0.012804709576138154, 0.015463462804476672, 0.018082066869300892, 0.021226394557823176, 0.02326558190843906, 0.02629538131041889, 0.029454190186712928, 0.032985659128516275, 0.03665551020408174, 0.040197142857142834, 0.043296630280019135, 0.04772998430141281, 0.0517300556586269, 0.05610255102040813, 0.06101306122448987, 0.06455562870309416, 0.07129235880398672, 0.07636497389653517, 0.08264931278633897, 0.09080385487528332, 0.09663960052105944, 0.11043197278911544, 0.11870068027210881, 0.13387755102040602, 0.14353877551020414, 0.16103346938775515, 0.17344897959183211, 0.18187505206164065, 0.20869387755101992, 0.22057198014340845, 0.24116988416988402, 0.25333908948194567, 0.2730284256559767, 0.28654452690167, 0.2987755102040816, 0.3222179591836736, 0.33782551020408164, 0.35542857142857204, 0.3668906122448979, 0.3848259935553167, 0.4058775510204057, 0.418568027210884, 0.4426196660482366, 0.4568527696792999, 0.481]",7.2,25,-7.2,0.618,0.619
66,"[0.005, 0.0066068027210883255, 0.008070828331332491, 0.009844690418540185, 0.011822032038621868, 0.014131007241606089, 0.01652822687516558, 0.018933673469387614, 0.0217586512866015, 0.0240058644147313, 0.027743910467412713, 0.030334693877550948, 0.03342025699168538, 0.037225148123765525, 0.040382857142857005, 0.04457397959183642, 0.048032069970845435, 0.0530638864241348, 0.05683673469387668, 0.062200859291084744, 0.06793592785951584, 0.07165653495440714, 0.07643799058084765, 0.08539431486880457, 0.09237722185648446, 0.10193265306122437, 0.11115673469387743, 0.12164554242749723, 0.13282653061224486, 0.14575039246467733, 0.1607274052478132, 0.17373469387755103, 0.18786367346938715, 0.21020816326530595, 0.22185204081632603, 0.24109795918367366, 0.2548492935635783, 0.2717461224489794, 0.28643501611170774, 0.30364625850340166, 0.3230489795918348, 0.3381106337271746, 0.35539285714285723, 0.36997827518104, 0.3890782312925167, 0.406285162713734, 0.4188808829654311, 0.444230934479055, 0.4585467239527387, 0.481]",7.2,25,-7.2,0.618,0.618
67,"[0.002, 0.004572086899275718, 0.006124753127057329, 0.008505102040816441, 0.0110521541950111, 0.01384983623078862, 0.017182472989195726, 0.02117325227963535, 0.025434496379196852, 0.02869716919025671, 0.03324822021831996, 0.03706505102040811, 0.04271201814058942, 0.047641723356009066, 0.054653061224489874, 0.05861020408163267, 0.06525671321160054, 0.07020213799805632, 0.07882620144832136, 0.08936734693877554, 0.1000578231292514, 0.1123015873015874, 0.12088520408163271, 0.14267591836734664, 0.15860125588697027, 0.17879818594104283, 0.20072789115646292, 0.22611673469387752, 0.24519047619047588, 0.26946612244897966, 0.295881632653061, 0.31686564625850305, 0.3408204081632651, 0.3662543731778425, 0.387519183673469, 0.4065904761904756, 0.4295804988662133, 0.4551673469387754, 0.47810311493018226, 0.5015330612244896, 0.5236156462585024, 0.546510204081633, 0.5734047619047618, 0.5916636734693879, 0.6123971742543167, 0.6491332533013205, 0.6743118367346935, 0.6950884353741495, 0.7302594752186586, 0.76]",4.8,25,-7.2,0.937,0.916
68,"[0.0, 0.0034068466096115416, 0.005132435953104597, 0.007353469387755119, 0.009614175399889664, 0.012889048577177292, 0.015247531270572663, 0.01933142857142857, 0.023435918367346813, 0.027336942940441422, 0.03068007202881136, 0.03543449637919667, 0.04138668098818473, 0.046509371095376874, 0.053258687258687216, 0.05790915075707689, 0.06515992578849719, 0.07060742115027824, 0.0793254274682846, 0.0899795918367345, 0.10226150925486464, 0.11534693877551029, 0.126163265306122, 0.14793402942572376, 0.16906775510204075, 0.1908244897959184, 0.20865306122448934, 0.23458843537414928, 0.24992481203007502, 0.2811351020408163, 0.30153061224489786, 0.3239965986394553, 0.34934693877551, 0.37324646781789644, 0.3902643784786641, 0.41760119047619026, 0.439360544217684, 0.4597927786499214, 0.48393877551020353, 0.5092052368117057, 0.5276643990929691, 0.5499137291280148, 0.5780595238095235, 0.60126166180758, 0.611904129093498, 0.637863775510204, 0.6721757369614512, 0.6910220408163258, 0.7213348041919471, 0.752]",4.8,25,-7.2,0.922,0.905
69,"[0.003, 0.005020408163265326, 0.006970718722271511, 0.00872917815774954, 0.01126920768307323, 0.013520683949255343, 0.017141399416909564, 0.020781341107871627, 0.023761685319288964, 0.028237551020408216, 0.034066638900458086, 0.036825543120473925, 0.04119673469387752, 0.047582766439909115, 0.05355612244897951, 0.058722634508348664, 0.06640816326530566, 0.07410583768391077, 0.08407823129251685, 0.095015698587127, 0.10486641929499074, 0.11532142857142819, 0.131707666850524, 0.1524604081632653, 0.1659292227529308, 0.1878506981740064, 0.2150132377275233, 0.2389013605442174, 0.2557551020408163, 0.2752057823129249, 0.3060256747860434, 0.32808017492711355, 0.3522404853833423, 0.3741479591836732, 0.3874840816326531, 0.41052380952380957, 0.43412113232389704, 0.45416012558869684, 0.47497632653061217, 0.49885157699443405, 0.5178104015799868, 0.5481460794844246, 0.5669387755102037, 0.5898416326530609, 0.6064957208689926, 0.6336674020959736, 0.6585566893424039, 0.6784897959183671, 0.7067722878625133, 0.739]",4.8,25,-7.2,0.906,0.899
70,"[0.0, 0.003039844509232276, 0.004663842895648816, 0.007519623233908917, 0.009510804321728787, 0.012758367346938852, 0.014991836734693929, 0.018482993197278873, 0.022787616741611925, 0.026832653061224246, 0.02979346938775517, 0.03490568119139548, 0.040044081632653106, 0.04562905162064823, 0.05133142857142856, 0.05683080974325196, 0.0627085904129094, 0.07058216970998941, 0.07926612244897956, 0.0907482993197271, 0.09882693877551015, 0.11260317460317432, 0.13071720116618096, 0.14827786499215068, 0.16334693877551018, 0.17694043022614445, 0.20185551020408157, 0.2274077467721782, 0.2487936507936508, 0.27246828461114186, 0.2961258503401358, 0.3200277551020407, 0.3388549562682216, 0.3648877551020409, 0.3794268707482995, 0.4062481203007517, 0.4286651958080529, 0.4479559183673469, 0.4704195918367345, 0.4952389903329753, 0.5202749099639853, 0.5318313325330131, 0.5620599078341011, 0.5781496598639445, 0.598001166180758, 0.6257920310981534, 0.6493458049886622, 0.6666362973760933, 0.698056326530612, 0.726]",4.8,25,-7.2,0.887,0.875
71,"[0.003, 0.005619447779111689, 0.00717687074829929, 0.009463673469387727, 0.011195808052950914, 0.014517006802721038, 0.018697278911564905, 0.02083516483516518, 0.025340445269016732, 0.029056811913954858, 0.033728979591836974, 0.038153337010479904, 0.04360984393757501, 0.04759968602825752, 0.05411059907834103, 0.061429962894248555, 0.06740816326530612, 0.0726996534462841, 0.08480021482277113, 0.09365666266506613, 0.10347880690737848, 0.11916326530612247, 0.12995532266960835, 0.15577980665950608, 0.1743370104798676, 0.18453790087463548, 0.2164754550468836, 0.24306237966884855, 0.25355952380952357, 0.28129042386185216, 0.2989934693877549, 0.32265816326530583, 0.34846938775510217, 0.3668350340136051, 0.38233786848072543, 0.4140579150579148, 0.42922173193601754, 0.45223696145124676, 0.4740544217687063, 0.495967930029156, 0.5120979591836734, 0.5403712969058592, 0.5641648351648345, 0.5816513605442176, 0.597234969663541, 0.6238854003139713, 0.6420726530612244, 0.6677316704459562, 0.6964307777164921, 0.724]",4.8,25,-7.2,0.886,0.883
72,"[0.0, 0.005501106466683095, 0.007197513488153902, 0.008825005864414641, 0.010739000187230785, 0.012423382912487006, 0.01459893522626442, 0.017280423280423222, 0.019620262390670527, 0.022075695732838598, 0.024360853432282076, 0.02679245935662404, 0.03053371783496003, 0.03439269256089532, 0.03825255102040815, 0.042196019148400134, 0.043944066515494984, 0.050059840885506704, 0.05339687364307418, 0.05792256902761083, 0.06295673469387754, 0.06821008403361324, 0.0758255102040815, 0.08076134943773425, 0.08878935860058308, 0.09622291993720553, 0.10790670553935836, 0.11724829931972755, 0.13222556390977444, 0.14438475390156058, 0.15287755102040818, 0.16716040816326533, 0.18428786251342616, 0.19892115027829296, 0.20808489795918364, 0.22928571428571473, 0.2427003222341567, 0.2562721088435367, 0.27198938775510206, 0.2892764378478659, 0.3054183673469346, 0.31573163265306114, 0.33645918367346883, 0.34618307322929176, 0.3662587228439763, 0.3796308523409359, 0.39230448979591825, 0.4107408163265301, 0.42729632653061217, 0.446]",7.2,25,-7.2,0.566,0.572
73,"[0.0, 0.004592056177309637, 0.0060954948016943315, 0.007579277864992124, 0.009387755102040774, 0.010880246438197958, 0.01404120138621489, 0.015371967654986465, 0.016866160417655426, 0.01990462307371938, 0.0226483236151604, 0.0243204346673734, 0.027774693877550997, 0.031093482554312, 0.033519480519480616, 0.0371746698679471, 0.040360544217687, 0.04536081632653066, 0.04880924614743866, 0.053086530612244574, 0.05631302098304106, 0.0612481203007517, 0.06551927437641726, 0.07257632653061184, 0.07743390894819452, 0.08292530612244899, 0.09455918367346958, 0.10222108843537336, 0.11251879699248113, 0.1219927583936798, 0.13372959183673458, 0.14225477287689256, 0.1565124103695534, 0.17278188775510198, 0.186899033297529, 0.2013626373626372, 0.21259505907626172, 0.23067949907235585, 0.24427175080558552, 0.26149637919683993, 0.2773120473996051, 0.287970612244898, 0.3049206349206342, 0.3171360544217688, 0.3353367346938777, 0.35098639455782366, 0.3647037524687293, 0.3850654959658279, 0.3948259058725532, 0.419]",7.2,25,-7.2,0.541,0.55
74,"[0.004, 0.005673469387755151, 0.0070193050193049795, 0.008634285714285645, 0.010903571428571337, 0.012677655677655626, 0.015100840336134404, 0.017486486486486458, 0.01931501831501835, 0.021281512605041953, 0.024256728778467924, 0.02632718894009215, 0.031209726443768866, 0.03398901098901097, 0.036271186440677936, 0.03954285714285696, 0.04411688311688296, 0.04755984555984538, 0.052004201680672275, 0.05480952380952265, 0.059264437689969585, 0.06338775510204063, 0.07022981366459619, 0.0755079365079364, 0.08305494505494448, 0.08793877551020395, 0.09895238095237785, 0.10688311688311665, 0.11696774193548394, 0.12642857142857059, 0.14023041474654344, 0.1509485714285715, 0.16383116883116883, 0.17907142857142794, 0.1878357142857142, 0.20966666666666714, 0.22403174603174514, 0.23561904761904687, 0.2491085714285715, 0.2675909090909088, 0.28490476190476094, 0.2935801749271138, 0.31058823529411733, 0.3241474654377878, 0.33668202764976934, 0.3571428571428573, 0.37425142857142835, 0.39047619047618826, 0.4053371428571428, 0.424]",7.2,25,-7.2,0.548,0.545
75,"[0.004, 0.005103004981520162, 0.0062616326530613, 0.007911627036135599, 0.009839355925856632, 0.010987755102040819, 0.013596683673469322, 0.015646825396825395, 0.016988388458831806, 0.020143990929705244, 0.02137094837935173, 0.025160997732426197, 0.027811298432416486, 0.030421282798833826, 0.03434183673469395, 0.03669447779111645, 0.03988643844634639, 0.04484972170686452, 0.047825905872553115, 0.051183121897407625, 0.057084230055658595, 0.06064285714285759, 0.06699149659863955, 0.07283202511773862, 0.07599937205651489, 0.08335615536537186, 0.09267687074829965, 0.1000204081632651, 0.10929953917050712, 0.1200306122448975, 0.13065795918367318, 0.1366415816326528, 0.15194448979591865, 0.1663673469387757, 0.18205965463108245, 0.19469387755102047, 0.2091020408163257, 0.22092081632653082, 0.23511063372717547, 0.25247084548104937, 0.26663605442176846, 0.2781496598639447, 0.29463320463320464, 0.30526382189239337, 0.3253106575963718, 0.3383644992880871, 0.3523525046382185, 0.36767346938775497, 0.382659863945578, 0.402]",7.2,25,-7.2,0.524,0.52
76,"[0.004, 0.005318172983479139, 0.006982593037214831, 0.00911652402896643, 0.010811967505448834, 0.012193262847307589, 0.013860831079419704, 0.015761904761904755, 0.017638720353005958, 0.019801184990125065, 0.022855017006802716, 0.024619343389529633, 0.028542617046818704, 0.030914095870906537, 0.034204081632653024, 0.03600489795918348, 0.03967038891028105, 0.04366030283080965, 0.047761262995764296, 0.05058103241296513, 0.05555287569573257, 0.05838095238095175, 0.06374969987995191, 0.06939375750300095, 0.07535591836734686, 0.08416408163265302, 0.09009329446064102, 0.09835549703752443, 0.10646428571428564, 0.11651772287862455, 0.12592979591836717, 0.13305442176870708, 0.14725510204081518, 0.16141877551020406, 0.17372448979591812, 0.18868027210884314, 0.2033911564625855, 0.21546938775510205, 0.23012585034013572, 0.24378157749586318, 0.2608196359624929, 0.2699333610995418, 0.28721804511278215, 0.29873002915451885, 0.3184189044038667, 0.3339319727891156, 0.35051102040816307, 0.3665574650912995, 0.38101690962099105, 0.398]",7.2,25,-7.2,0.522,0.527
77,"[0.003, 0.00454621848739496, 0.006392446633826, 0.00929421768707487, 0.011134575569358205, 0.013403361344537875, 0.01587244897959189, 0.01947727272727273, 0.02327177700348426, 0.026259136212624604, 0.029816326530612263, 0.03514285714285743, 0.039313364055299595, 0.04523963133640547, 0.04950000000000006, 0.05394708994709, 0.05912030075187948, 0.06608637873754161, 0.07369924812030082, 0.08182142857142854, 0.0902295918367347, 0.101, 0.11469585253456228, 0.12704761904761916, 0.14209693877551008, 0.1576866359447005, 0.18515830115830115, 0.20188479262672804, 0.22438461538461482, 0.24146428571428563, 0.2660857142857143, 0.2842818532818531, 0.30696031746031716, 0.3320599078341014, 0.34473809523809407, 0.3656153846153843, 0.3861746031746031, 0.40985714285714225, 0.4301071428571425, 0.44632967032967047, 0.46864285714285586, 0.49357142857142855, 0.5133076923076924, 0.5346285714285713, 0.5497657142857143, 0.5752571428571425, 0.5950114285714284, 0.6173174603174602, 0.6468339768339766, 0.678]",4.8,25,-7.2,0.839,0.808
78,"[0.003, 0.00391111111111112, 0.005873417721519001, 0.0079493670886076, 0.010037735849056598, 0.012549999999999938, 0.014627906976744173, 0.018675675675675612, 0.021920000000000005, 0.024, 0.029729729729729624, 0.034078947368420986, 0.03758333333333315, 0.04307999999999997, 0.04676923076923064, 0.05299999999999987, 0.058769230769230636, 0.0638571428571428, 0.07399999999999964, 0.08055999999999995, 0.09099999999999962, 0.10618918918918911, 0.11747368421052615, 0.13464705882352934, 0.15116666666666628, 0.16714893617021281, 0.19309999999999994, 0.20666666666666667, 0.2303846153846155, 0.25032432432432433, 0.26777777777777784, 0.29146153846153855, 0.3075599999999995, 0.3262222222222218, 0.3427692307692306, 0.3693235294117647, 0.3817692307692306, 0.40776923076923055, 0.4249999999999985, 0.44777777777777783, 0.465999999999999, 0.4865882352941173, 0.5040909090909085, 0.5279090909090907, 0.543210526315789, 0.5663333333333335, 0.5847894736842103, 0.6059249999999999, 0.6382, 0.665]",4.8,25,-7.2,0.825,0.819
79,"[0.003, 0.005117647058823514, 0.006838709677419366, 0.007827586206896548, 0.011039999999999996, 0.014263157894736811, 0.017135135135135118, 0.019666666666666503, 0.023459459459459438, 0.027531914893616994, 0.03158333333333315, 0.03549090909090907, 0.03958333333333315, 0.04361764705882351, 0.04957142857142848, 0.055749999999999925, 0.06190322580645155, 0.06739534883720924, 0.07799999999999964, 0.08761538461538451, 0.09799999999999927, 0.1061666666666663, 0.12519999999999973, 0.14041935483870938, 0.15822222222222168, 0.1725263157894736, 0.19913513513513506, 0.214, 0.2318947368421053, 0.25585714285714284, 0.2770833333333332, 0.2981363636363637, 0.31558333333333277, 0.334375, 0.34787999999999986, 0.37442499999999995, 0.3921666666666663, 0.41438461538461524, 0.4282941176470584, 0.44860000000000017, 0.47037499999999915, 0.4915882352941173, 0.5140833333333331, 0.530833333333333, 0.5451666666666664, 0.5693999999999998, 0.59176923076923, 0.6084999999999993, 0.6338947368421055, 0.662]",4.8,25,-7.2,0.816,0.796
80,"[0.002, 0.004307546274323686, 0.005756602641056445, 0.006798437893675981, 0.009475918367346937, 0.012111516034985401, 0.01526239067055393, 0.01804621848739493, 0.021318808604522926, 0.024676778819635817, 0.028327034517510702, 0.032769944341372925, 0.03790670553935868, 0.04148428019856593, 0.04580408163265302, 0.05006122448979574, 0.05745753785385124, 0.06532130991931658, 0.07338289601554909, 0.08148194662480385, 0.08918367346938753, 0.10163116883116878, 0.11757572502685279, 0.13041280148423004, 0.14798818474758332, 0.16001181525241623, 0.1844077988338192, 0.20278543849972416, 0.22285142857142853, 0.24341836734693864, 0.26362244897959114, 0.28865986394557847, 0.2969139941690962, 0.3185145772594749, 0.3442333149476007, 0.35993277310924326, 0.38023897300855847, 0.4011088435374149, 0.4148979591836724, 0.4371252319109463, 0.4487591836734692, 0.4760481632653059, 0.4976190476190475, 0.5105090036014408, 0.5264897959183674, 0.5506895810955957, 0.5772930612244899, 0.592903401360544, 0.6166348396501458, 0.646]",4.8,25,-7.2,0.797,0.799
81,"[0.002, 0.004225352112676035, 0.0062678571428571505, 0.00773214285714285, 0.00912499999999993, 0.012549999999999938, 0.015018867924528258, 0.018, 0.021310810810810803, 0.025324324324324306, 0.029225806451612817, 0.033374999999999905, 0.036883720930232525, 0.04205, 0.045699999999999984, 0.051953488372092925, 0.05926315789473681, 0.06438461538461515, 0.07332142857142829, 0.08085294117647054, 0.09299999999999926, 0.1050399999999999, 0.11557894736842064, 0.13291666666666652, 0.1520799999999998, 0.16452631578947363, 0.18539999999999912, 0.21, 0.2248947368421053, 0.24847368421052637, 0.26758333333333334, 0.28815789473684217, 0.30755555555555447, 0.3280799999999998, 0.33905263157894683, 0.36442499999999994, 0.38039999999999974, 0.40419999999999995, 0.41799999999999926, 0.44116666666666704, 0.4589999999999985, 0.4795833333333331, 0.49648387096774166, 0.5174999999999998, 0.5341666666666663, 0.555, 0.5688571428571426, 0.5939999999999985, 0.6217096774193549, 0.645]",4.8,25,-7.2,0.796,0.78
82,"[0.0, 0.003123336291038188, 0.005081632653061178, 0.008063775510204159, 0.010287657920310804, 0.015462040816326602, 0.019633902540608046, 0.024503401360544227, 0.0303816326530612, 0.03438265306122451, 0.04072557533651756, 0.049756235827664426, 0.058005565862708705, 0.06828954081632646, 0.08, 0.09235792778649912, 0.10900859291084837, 0.126, 0.14149354435651806, 0.16259183673469388, 0.19548442534908697, 0.21272180451127806, 0.2553707482993195, 0.2738257456828886, 0.3161247165532877, 0.34440646258503393, 0.38458503401360505, 0.419, 0.4397202380952379, 0.48803183673469386, 0.5199229024943305, 0.55, 0.5873877551020403, 0.6188798185941042, 0.6501235230934478, 0.6812967032967028, 0.708, 0.7414298469387753, 0.7755993555316861, 0.8022759183673469, 0.8291173469387749, 0.855, 0.8871190476190478, 0.907, 0.9371207482993194, 0.959, 0.9871441737985516, 1.0069986394557822, 1.0373741496598634, 1.067]",2.4,25,-7.2,1.19,1.125
83,"[0.001, 0.0025795148247978496, 0.005617142857142929, 0.007972350230414831, 0.011402597402597407, 0.01565934065934087, 0.020938775510204115, 0.024079999999999994, 0.031, 0.036, 0.04539067055393586, 0.054, 0.064, 0.07501587301587305, 0.08910714285714291, 0.10222619047619051, 0.12564285714285725, 0.139, 0.16299404761904762, 0.18985714285714392, 0.219, 0.24783333333333296, 0.271, 0.30481714285714284, 0.339, 0.3710476190476191, 0.397, 0.426, 0.46051351351351355, 0.4867460317460316, 0.516, 0.5560119047619049, 0.5858345864661653, 0.618, 0.648, 0.6663333333333339, 0.703, 0.722, 0.755, 0.7788027210884352, 0.8047248677248678, 0.8316071428571431, 0.856, 0.883, 0.9015371428571428, 0.9311746031746031, 0.951, 0.9717362637362638, 0.9995476190476177, 1.024]",2.4,25,-7.2,1.148,1.134
84,"[0.001, 0.0030076098235904047, 0.00567795918367343, 0.008722789115646144, 0.012, 0.016653061224489726, 0.021403911564625722, 0.02569172932330809, 0.029983673469387746, 0.040341836734693826, 0.0457970215113071, 0.05649617346938763, 0.066, 0.07763945578231275, 0.08801142857142841, 0.102, 0.126, 0.1463860544217686, 0.17450816326530572, 0.19121865889212802, 0.22139918367346934, 0.2522073732718893, 0.2749863945578232, 0.307, 0.32939795918367304, 0.36960204081632636, 0.3908994994224104, 0.425, 0.46720276497695856, 0.48584137291280144, 0.52, 0.5508056365403303, 0.588, 0.619568027210884, 0.6481842737094836, 0.663952380952381, 0.6977602040816324, 0.7291044897959182, 0.7519478458049889, 0.7788344671201808, 0.8048133030990174, 0.833, 0.857, 0.879, 0.901, 0.9251751700680271, 0.951, 0.969, 0.9967959183673462, 1.022]",2.4,25,-7.2,1.142,1.133
85,"[0.0, 0.003, 0.005097142857142887, 0.00842857142857164, 0.011521428571428561, 0.016659340659340872, 0.020585253456221198, 0.025079999999999995, 0.03075974025974033, 0.03777443609022556, 0.04639067055393586, 0.055, 0.06219841269841265, 0.07647448979591846, 0.09106122448979595, 0.103, 0.125, 0.14103571428571435, 0.16599404761904762, 0.19164285714285717, 0.22209142857142858, 0.24783333333333296, 0.275, 0.304, 0.33171720116618075, 0.3700276497695853, 0.4, 0.425642857142857, 0.46014000000000005, 0.486, 0.5198285714285713, 0.555, 0.590238095238095, 0.625, 0.6475873015873016, 0.667, 0.6969010989010983, 0.7272857142857144, 0.759, 0.784539682539682, 0.8132704081632652, 0.8406071428571431, 0.861833333333333, 0.8840595238095236, 0.9080357142857141, 0.932, 0.9507176079734218, 0.9750300751879699, 0.9975476190476177, 1.025]",2.4,25,-7.2,1.142,1.14
86,"[0.001, 0.003, 0.005159663865546291, 0.008084942084942138, 0.012019480519480562, 0.016120879120879027, 0.02027819548872169, 0.025, 0.030059523809523918, 0.036746031746031735, 0.04420571428571437, 0.054476190476190796, 0.06281318681318705, 0.07375083056478403, 0.0883829787234042, 0.10286857142857132, 0.121, 0.141, 0.164, 0.18677380952380956, 0.2118571428571429, 0.2470909090909089, 0.27147619047619026, 0.299071428571428, 0.3319257142857143, 0.36710317460317454, 0.401, 0.419, 0.4576216216216217, 0.4941428571428567, 0.521, 0.5572857142857143, 0.5869047619047617, 0.6183896103896104, 0.652, 0.6782800000000001, 0.7044285714285713, 0.7299845559845559, 0.7641257142857142, 0.7915714285714284, 0.82, 0.8419450549450551, 0.8657272727272725, 0.8937714285714282, 0.9185428571428563, 0.9375852534562211, 0.9632030075187967, 0.9850827067669172, 1.0079206349206342, 1.035]",2.4,25,-7.2,1.149,1.142
87,"[0.0, 0.005758643953449096, 0.006814808568055336, 0.00806452277880848, 0.009764862466725735, 0.012509787588504843, 0.014805522208883502, 0.016394673123486612, 0.019006931074316582, 0.021395772594752144, 0.023612244897959045, 0.02708854003139711, 0.029093447905477812, 0.03416697588126169, 0.03752073732718884, 0.040406913785922434, 0.04512037357315801, 0.048605442176870704, 0.05059900717043563, 0.05960734693877543, 0.06284536891679747, 0.06888775510204075, 0.07618474758324388, 0.08584611141753994, 0.09361078717201139, 0.10389387755102025, 0.1152448979591834, 0.12616797488226036, 0.13425892857142832, 0.1449232653061227, 0.155469387755104, 0.17459761262995768, 0.18276816326530593, 0.1963027210884351, 0.2084824489795916, 0.22145142857142858, 0.23078612244897964, 0.24474829931972783, 0.2591202623906707, 0.27400204081632573, 0.2825858343337333, 0.2973693219223175, 0.30732330827067667, 0.3203547880690738, 0.3332212244897958, 0.34281632653061217, 0.35465224489795893, 0.37070800627943484, 0.382338192419825, 0.398]",7.2,25,-7.2,0.497,0.551
88,"[0.0, 0.004418484635233404, 0.005986394557823086, 0.0066439261418853035, 0.00831133304385599, 0.010486297376093348, 0.01241147269718698, 0.014136645962732943, 0.015401518747033624, 0.017805636540330416, 0.01973635985006243, 0.02248979591836745, 0.02625795918367351, 0.02843921916592728, 0.030879120879120803, 0.03435878867676092, 0.03866930445647637, 0.041659620991253594, 0.0446991441737986, 0.046995849187132496, 0.05256682954872096, 0.056637065637065574, 0.06095361781076034, 0.06791189646590333, 0.07396115865701104, 0.08014065085493656, 0.08696348012889361, 0.09541836734693865, 0.10647619047619004, 0.11406035605731667, 0.12227829313543603, 0.13286530612244976, 0.1484608843537413, 0.15682349696635403, 0.17348979591836736, 0.18733673469387735, 0.1995149136577703, 0.2136334089191232, 0.2239902040816325, 0.23994092373791517, 0.2559481946624793, 0.2669667024704617, 0.27875510204081644, 0.2936938775510213, 0.31049659863945567, 0.3241137026239067, 0.3364940923737917, 0.35112959183673453, 0.36078639455782313, 0.382]",7.2,25,-7.2,0.486,0.5
89,"[0.004, 0.005431204739960533, 0.007233908948194641, 0.008420737992166579, 0.009340891912320442, 0.011805744520030206, 0.01311400422237856, 0.01540886699507388, 0.016882288629737584, 0.019901250822909756, 0.02170470637234485, 0.02523664785062962, 0.027568136932192205, 0.030375648564510523, 0.03281924198250717, 0.037097875885047885, 0.03985058309037896, 0.04313868274582555, 0.04622356215213371, 0.050959183673469396, 0.054005102040816495, 0.05872571428571441, 0.06366980638409213, 0.06917064698219713, 0.07386693877551022, 0.08177551020408287, 0.08886530612244938, 0.0958098330241189, 0.10353667953667943, 0.1131381110583771, 0.11879328505595815, 0.13188653061224467, 0.14571064139941678, 0.15290440386680998, 0.16877877551020423, 0.17967109634551462, 0.1964169096209917, 0.20597505668934352, 0.21999234693877526, 0.23492419825072763, 0.2482328385899823, 0.25914795918367395, 0.27517142857142857, 0.28255782312925176, 0.29896853741496604, 0.3126318367346939, 0.32633387755102045, 0.3394829931972801, 0.3522414965986405, 0.372]",7.2,25,-7.2,0.479,0.489
90,"[0.0, 0.005885292047853698, 0.0075051020408163, 0.009179300291545168, 0.011282772568486801, 0.01248409634123919, 0.014729128014842389, 0.016640926640926607, 0.017821350078492948, 0.020664252797893176, 0.0228582560296845, 0.02705536007506451, 0.02858808350926577, 0.029919907585675802, 0.03275420168067215, 0.03754777365491653, 0.04055139146567707, 0.043539499670836056, 0.04736151603498541, 0.05139981447124299, 0.055539115646258325, 0.05936933797909397, 0.06560049474335179, 0.06797570456754135, 0.07552040816326487, 0.08077696793002911, 0.09045061224489774, 0.09693469387755099, 0.10254518950437295, 0.11444842801985633, 0.12271191267204554, 0.13320628792057357, 0.14362747916067825, 0.15395153061224442, 0.17114965986394465, 0.1815918367346935, 0.19761761546723994, 0.20897278911564535, 0.22360734693877518, 0.23642543171114588, 0.24915646258503377, 0.25766472303207, 0.2704591836734685, 0.2833857801184989, 0.2997594752186588, 0.31533236151603494, 0.3261183673469388, 0.3422151130722552, 0.3534807256235821, 0.371]",7.2,25,-7.2,0.48,0.484
91,"[0.004, 0.005521463757916984, 0.0068559876780901014, 0.008179065174456945, 0.010299529042386155, 0.012321128451380517, 0.014209242317616702, 0.015730706075533712, 0.017312515367592807, 0.019981740064446692, 0.023558742415885247, 0.025432602670697947, 0.028090520078999415, 0.030503095620270534, 0.031990369181380394, 0.03663020408163275, 0.04058643457382953, 0.04264723032069964, 0.046009874917708915, 0.048748299319728114, 0.05428141783029, 0.0585142857142857, 0.06219021948401997, 0.0676014405762306, 0.07467149440421327, 0.07916734693877536, 0.08566354109211237, 0.09255673469387747, 0.09996501457725941, 0.10882846111417548, 0.11573220507715261, 0.12552863726135596, 0.13799125364431458, 0.15167687074829916, 0.16383219954648556, 0.17507142857142724, 0.18492244897959195, 0.20037393021724847, 0.21464384463462766, 0.2271330612244896, 0.2423819241982501, 0.25158843537414927, 0.26114285714285884, 0.2704458398744109, 0.2892310730743909, 0.3025929108485495, 0.3159606413994169, 0.3297508055853922, 0.3430702947845789, 0.36]",7.2,25,-7.2,0.468,0.47
92,"[0.0, 0.005057022809123651, 0.006677234000396252, 0.007977016049138115, 0.009252478134110753, 0.010595567259161725, 0.012105332455562919, 0.015001904761904649, 0.016663150653519785, 0.0182660349854227, 0.0214710204081631, 0.023630446773303896, 0.02590233236151596, 0.029179377013963358, 0.03190783410138244, 0.03434693877550992, 0.03838540031397174, 0.041349145063430584, 0.04396064139941687, 0.04818231292517008, 0.04996734693877538, 0.05620077220077213, 0.06014340871483701, 0.06391716686674656, 0.06972562358276625, 0.07645780474351883, 0.08262363550071179, 0.08893375196232324, 0.09381142857142835, 0.10478867676102684, 0.11220653061224502, 0.12263108320251061, 0.13507434402332325, 0.14439836734693842, 0.1575259026687593, 0.16562337662337628, 0.1774452690166977, 0.19375812547241106, 0.19988651070184144, 0.22052897959183645, 0.232607948442535, 0.24179918367346978, 0.2545714285714279, 0.2639333610995418, 0.28298749177090177, 0.2953061224489794, 0.31164795918367394, 0.3242358276643981, 0.33717687074829855, 0.354]",7.2,25,-7.2,0.461,0.466
93,"[0.0, 0.006395869191049799, 0.007996557659208255, 0.009152795031055833, 0.010454212454212386, 0.012124098124098032, 0.013466089466089484, 0.015739130434782467, 0.017949308755760257, 0.01972952380952372, 0.022116883116882948, 0.025828571428571416, 0.02747959183673465, 0.02971428571428564, 0.03358139534883713, 0.03605714285714262, 0.03942857142857128, 0.0425653495440728, 0.04538229376257539, 0.04900649350649342, 0.053133640552995375, 0.05877419354838693, 0.061935860058308895, 0.06724916943521585, 0.0722255639097742, 0.07814285714285707, 0.08600772200772178, 0.09173949579831904, 0.09916129032258028, 0.10744700460829489, 0.11359428571428538, 0.12658285714285672, 0.1369371428571429, 0.14738345864661664, 0.15908270676691724, 0.17099999999999851, 0.18221978021978058, 0.19562337662337628, 0.21009523809523542, 0.2230649350649348, 0.23660916442048527, 0.2445238095238088, 0.2594999999999996, 0.27407518796992497, 0.285539170506912, 0.30073469387755075, 0.30917714285714265, 0.3265238095238092, 0.3396836734693874, 0.356]",7.2,25,-7.2,0.465,0.463
94,"[0.004, 0.005428571428571374, 0.0067313237221494114, 0.007950196592398404, 0.009249299719887954, 0.010852813852813767, 0.012865800865800851, 0.013953846153846124, 0.015786720321931513, 0.018179894179894115, 0.020617142857142574, 0.023376257545271617, 0.0257953667953665, 0.02832234432234426, 0.030918367346938598, 0.034445714285714135, 0.03797376093294455, 0.039938311688311565, 0.04269215291750494, 0.047714285714285626, 0.050656682027649676, 0.0559729729729728, 0.059293367346938686, 0.06332046332046329, 0.06954135338345839, 0.07433640552995392, 0.08027731092436952, 0.0872619047619044, 0.09526470588235285, 0.10193452380952385, 0.10750404312668427, 0.11903174603174511, 0.13046428571428564, 0.13969172932330834, 0.15228571428571216, 0.16224999999999945, 0.17560064935064937, 0.1891142857142856, 0.20218571428571347, 0.21300408163265294, 0.22549420849420854, 0.2392442396313362, 0.24707999999999944, 0.26110989010989033, 0.27545054945054886, 0.29158241758241726, 0.30217714285714264, 0.3156457142857143, 0.3292619047619044, 0.347]",7.2,25,-7.2,0.452,0.452
95,"[0.004, 0.005139717425431715, 0.0062919096209911995, 0.007482507288629751, 0.008739095638255267, 0.010068618751848528, 0.012000983525940529, 0.013607573149741755, 0.01570805949498438, 0.017209608843537345, 0.019306122448979564, 0.022215593929879627, 0.023925170068027118, 0.027187641723356016, 0.029740863787375293, 0.03317570930811346, 0.03571639690358894, 0.039319289005924775, 0.04158091405576312, 0.04509371095376911, 0.04871882086167777, 0.05330501930501909, 0.05786516034985411, 0.061967083607636655, 0.06584693877550994, 0.07214930182599359, 0.07802757859900689, 0.0857278911564626, 0.09107142857142798, 0.09929856386999217, 0.10520022062879196, 0.11495984200131647, 0.12636834245893444, 0.13324849939975952, 0.14689664252797893, 0.15739285714285692, 0.16590512961941553, 0.18198911564625814, 0.19132734693877507, 0.2082236734693866, 0.2192671614100185, 0.22958788676761033, 0.24239382239382198, 0.2514783673469385, 0.2707127158555723, 0.28543171114599697, 0.29804897959183657, 0.3112210884353734, 0.3217473800330941, 0.34]",7.2,25,-7.2,0.448,0.45
96,"[0.004, 0.005562196307094322, 0.00699770048864618, 0.008383874676631299, 0.009650874635568518, 0.011645043731778482, 0.013389767174475422, 0.014718894009216702, 0.016809311224489854, 0.018859693877551084, 0.021990696278511423, 0.023657456828885436, 0.026288497217068708, 0.02908931884442091, 0.03166285714285714, 0.03414438775510212, 0.03807878500237308, 0.0396987755102041, 0.04362585034013606, 0.04676051645147858, 0.049888119533527626, 0.05505990783410137, 0.05884144427001557, 0.06344237695078032, 0.06973551020408138, 0.07479836734693884, 0.081139941690962, 0.08575841147269686, 0.09532571428571415, 0.10176629361421985, 0.10741533370104805, 0.11799934167215242, 0.12919954648526055, 0.13810204081632704, 0.1491009070294784, 0.15798156682027617, 0.1695068027210883, 0.1838261526832957, 0.19813319011815228, 0.2107701396348002, 0.22252524167561682, 0.23289224489795884, 0.2440051020408165, 0.25873922902494173, 0.27178911564625824, 0.285229370008873, 0.2990865306122449, 0.3121790651744571, 0.32490332975295344, 0.336]",7.2,25,-7.2,0.451,0.448
97,"[0.004, 0.004945481049562679, 0.005890962099125359, 0.0069923901764095955, 0.008154820548909252, 0.009676284306826159, 0.01157884972170679, 0.01368877551020413, 0.015453375196232362, 0.01799911268855375, 0.020355646258503352, 0.022123698458975462, 0.025246206174777634, 0.026357472021066527, 0.02992571428571413, 0.03308534322820038, 0.035255102040816354, 0.03753790087463556, 0.042126336248785194, 0.04479789335088877, 0.04844102386717395, 0.051792857142857036, 0.05641762070681912, 0.06133039161610592, 0.06672717508055837, 0.07057340355497037, 0.07713956550362043, 0.08432789115646162, 0.09077740863787358, 0.09622680890538057, 0.10205460562603409, 0.11212326530612227, 0.12189927583936781, 0.13567687074829918, 0.14254627432368314, 0.1541285714285703, 0.1633547880690738, 0.1773375196232347, 0.19030298273155338, 0.2031938775510208, 0.21533673469387543, 0.22590122448979585, 0.23585714285714274, 0.2497877551020402, 0.26137271750805563, 0.27559291084854953, 0.2856179591836733, 0.3019959183673468, 0.3123027210884344, 0.331]",7.2,25,-7.2,0.436,0.433
98,"[0.004, 0.004581814868804664, 0.005495311638168776, 0.007169460641399417, 0.008333090379008791, 0.009855886970172681, 0.012134307777164937, 0.014294505494505503, 0.01556782713085237, 0.01747737355811892, 0.020203109815354902, 0.02257766439909302, 0.02478425655976675, 0.026231717687074756, 0.029909620991253546, 0.0325379591836734, 0.034914723032069994, 0.03649465500485912, 0.04008267035627806, 0.04421589688506974, 0.04910936682365252, 0.050780219780219654, 0.05645918367346914, 0.058552080572488646, 0.06393285055957859, 0.0690901360544218, 0.07618367346938777, 0.08173469387755034, 0.08916541353383446, 0.09385877551020363, 0.09855591836734712, 0.10977864992150664, 0.12020897959183688, 0.1313485714285703, 0.14021589688506902, 0.14861038961038964, 0.15981292517006718, 0.17194951664876496, 0.1837346938775494, 0.19836408163265337, 0.20817151541467632, 0.2223139717425441, 0.2337362637362631, 0.24412882653061155, 0.2579746938775509, 0.2661889973380654, 0.28191836734693826, 0.2944914070891514, 0.30647278911564646, 0.324]",7.2,25,-7.2,0.428,0.426
99,"[0.004, 0.006082417582417588, 0.008164203612479461, 0.008901477832512312, 0.010481904761904724, 0.01205624296962881, 0.013571428571428512, 0.014534883720930229, 0.017454810495626725, 0.019847926267281147, 0.0215685714285714, 0.02285142857142861, 0.025958949096880096, 0.028019305019305062, 0.030483870967741866, 0.03428380952380954, 0.03700879120879109, 0.03898241758241754, 0.042436293436293245, 0.04559907834101382, 0.04799539170506904, 0.054015384615384576, 0.05628571428571419, 0.06150193050193038, 0.0649691119691119, 0.07154285714285705, 0.07778571428571408, 0.08323214285714171, 0.09036000000000016, 0.09468339768339769, 0.10369047619047599, 0.11287428571428512, 0.11979761904761896, 0.1279657142857142, 0.14015476190476145, 0.15166666666666517, 0.16247252747252758, 0.17181318681318672, 0.18389142857142818, 0.19647252747252622, 0.20446857142857153, 0.2197490347490346, 0.22803999999999955, 0.23979699248120281, 0.25171428571428583, 0.26726239067055396, 0.2728628571428569, 0.2903085714285711, 0.2986428571428571, 0.313]",7.2,25,-7.2,0.421,0.419
100,"[0.005, 0.0058506981740064565, 0.006701396348012854, 0.009057002111189306, 0.009800140745953558, 0.010543279380717759, 0.012017076218242332, 0.014040293040293068, 0.015878209348255474, 0.018211252068394794, 0.020235984048791913, 0.020979122683556204, 0.02489183673469384, 0.026436547032606134, 0.02990783410138251, 0.032231836734693764, 0.03610535024820728, 0.03848006279434846, 0.04029067843353544, 0.04502206287920551, 0.04790520078999335, 0.05121978021978017, 0.05446938775510182, 0.058784886927743904, 0.06292829564258137, 0.06772035300606716, 0.07515017327685787, 0.08025061224489737, 0.08550285714285742, 0.09171510204081605, 0.09827523441809108, 0.10920748299319678, 0.11507482993197232, 0.12632408163265252, 0.13733535576392727, 0.14447619047618931, 0.15491836734693754, 0.16486054421768687, 0.17974682846111395, 0.19168759811616934, 0.20052979591836728, 0.21074204081632644, 0.2244505494505492, 0.2289265306122446, 0.2464451185879756, 0.2631790920449814, 0.2721734693877542, 0.285535510204081, 0.29578488692774413, 0.313]",7.2,25,-7.2,0.417,0.416
