Cycle_Index,QV_Curve,Charge_Current(A),Temperture,Discharge_Current(A),Max_Charge_Capacity(Ah),Max_Discharge_Capacity(Ah)
2,"[0.101, 0.11140163265306118, 0.1306802721088435, 0.151, 0.17, 0.189, 0.20272979591836746, 0.22125142857142857, 0.235, 0.248, 0.265, 0.278, 0.294, 0.31612050534499514, 0.3393892857142858, 0.36370068027210883, 0.39530612244897967, 0.4281058673469387, 0.4569658025372312, 0.526, 0.5719204081632653, 0.703, 0.811, 0.905718820861678, 1.007, 1.1046683673469389, 1.182, 1.241, 1.3, 1.3418239795918367, 1.401, 1.441, 1.481, 1.522621521335807, 1.564, 1.5980329670329672, 1.632, 1.6675404081632654, 1.692, 1.73, 1.7678948194662487, 1.788481859410431, 1.824, 1.85, 1.883, 1.906, 1.936, 1.9604098639455783, 1.987, 2.011]",1.2,25,-2.4,2.332,2.325
3,"[0.1, 0.11236734693877555, 0.129, 0.149, 0.17, 0.187, 0.202, 0.221, 0.236, 0.24651265306122427, 0.26208843537414916, 0.27704330512692876, 0.29389625850340123, 0.311, 0.34, 0.365, 0.393, 0.4273447521865889, 0.457, 0.53, 0.596, 0.712, 0.8202220408163265, 0.9057632653061225, 1.0128874259381169, 1.109, 1.179, 1.242, 1.298, 1.352, 1.402, 1.434, 1.48, 1.5252520683949256, 1.5544122448979591, 1.596, 1.6318106122448979, 1.670634222919937, 1.695, 1.73, 1.764, 1.7902636054421768, 1.823, 1.85, 1.878, 1.9034542462146147, 1.93, 1.959, 1.985, 2.016]",1.2,25,-2.4,2.335,2.329
4,"[0.099, 0.11116163265306124, 0.12934013605442188, 0.15, 0.171, 0.18818367346938758, 0.20301288936627304, 0.2193496240601504, 0.22987105751391473, 0.247, 0.26, 0.273, 0.293, 0.311, 0.34, 0.36527551020408167, 0.393, 0.42676077097505666, 0.46, 0.527, 0.5972077259475218, 0.705, 0.834, 0.915, 1.029, 1.107, 1.178, 1.241, 1.295, 1.351, 1.4, 1.433, 1.484, 1.5202692560895326, 1.552981992797119, 1.5935357142857143, 1.636, 1.6665777080062791, 1.69437925170068, 1.7317653061224498, 1.7664332810047096, 1.788, 1.821, 1.849, 1.88, 1.9046982901268616, 1.931, 1.9509707666850524, 1.983, 2.016]",1.2,25,-2.4,2.332,2.326
5,"[0.101, 0.113, 0.131, 0.148, 0.17173809523809538, 0.189, 0.2, 0.219, 0.235, 0.247, 0.2636190476190477, 0.278, 0.295, 0.3135238095238099, 0.34184210526315806, 0.365, 0.395, 0.433, 0.466, 0.5284065934065936, 0.598, 0.715692307692308, 0.8174761904761904, 0.9302285714285714, 1.008, 1.102, 1.182, 1.245, 1.299, 1.356, 1.396, 1.442, 1.476, 1.523103896103896, 1.550965714285714, 1.59475, 1.631, 1.668, 1.6903458646616545, 1.728, 1.758, 1.787, 1.822, 1.85, 1.8772857142857136, 1.9023938223938224, 1.9342698412698411, 1.95, 1.986, 2.015]",1.2,25,-2.4,2.33,2.326
6,"[0.101, 0.112, 0.13, 0.149, 0.1705464852607708, 0.188, 0.204, 0.218, 0.235, 0.247, 0.264, 0.2775991253644314, 0.2949502040816326, 0.3136176154672395, 0.344, 0.366, 0.3957441130298273, 0.432, 0.46824565381708233, 0.5314006444683137, 0.615, 0.716, 0.825, 0.937, 1.002, 1.114, 1.182, 1.2464338380513496, 1.2961190476190476, 1.352, 1.4, 1.4429513343799059, 1.4882526199669057, 1.518, 1.555, 1.596, 1.632810612244898, 1.6645244897959177, 1.6945804988662134, 1.732, 1.757, 1.791, 1.821, 1.852, 1.879, 1.903, 1.934, 1.9539740761169333, 1.985, 2.013]",1.2,25,-2.4,2.329,2.326
7,"[0.103, 0.111, 0.13170634920634938, 0.151, 0.17093452380952387, 0.187, 0.20362637362637387, 0.222, 0.234, 0.246, 0.262, 0.276, 0.295, 0.31634920634920655, 0.3365384615384616, 0.368, 0.395, 0.4323441558441559, 0.46386904761904774, 0.534, 0.6139285714285716, 0.729692307692308, 0.8427380952380951, 0.9444761904761904, 1.016, 1.11, 1.189, 1.245, 1.298, 1.366, 1.397, 1.442, 1.488, 1.5269404761904763, 1.554, 1.598, 1.6334761904761903, 1.663, 1.696, 1.725, 1.766, 1.7859022556390978, 1.8221904761904766, 1.85, 1.8760952380952378, 1.902, 1.935202380952381, 1.9536563706563705, 1.983, 2.011]",1.2,25,-2.4,2.329,2.324
8,"[0.1, 0.111, 0.13, 0.149, 0.1678197278911564, 0.189, 0.203, 0.219, 0.231, 0.246, 0.262, 0.278, 0.294, 0.314, 0.343, 0.363, 0.3973869387755101, 0.43322831632653064, 0.4687011661807579, 0.5352303206997084, 0.588, 0.734, 0.835, 0.9207632653061225, 1.0380318877551018, 1.1123877551020411, 1.188, 1.2462414965986395, 1.299, 1.347, 1.395, 1.444, 1.48257694429123, 1.5225181405895691, 1.558, 1.593, 1.630605442176871, 1.666, 1.695, 1.733, 1.7593292884721456, 1.7962636054421768, 1.823, 1.8503171114599684, 1.88, 1.9020832653061224, 1.937, 1.954, 1.986, 2.016]",1.2,25,-2.4,2.326,2.322
9,"[0.1, 0.112, 0.13211031439602874, 0.147, 0.171, 0.188, 0.201, 0.217, 0.235, 0.2445819241982507, 0.262, 0.277, 0.292, 0.312, 0.3355952380952387, 0.362, 0.39558869701726834, 0.428, 0.465, 0.5227110204081633, 0.623, 0.727, 0.866, 0.9420521541950113, 1.018, 1.109, 1.156, 1.2450170068027218, 1.3, 1.343, 1.396, 1.437, 1.4798122448979592, 1.524, 1.557, 1.597, 1.637, 1.669, 1.697, 1.732, 1.766, 1.789, 1.825, 1.85, 1.881, 1.906, 1.9331564625850342, 1.96, 1.983, 2.017]",1.2,25,-2.4,2.326,2.322
10,"[0.1, 0.112, 0.131, 0.149, 0.171, 0.188, 0.203, 0.218, 0.234, 0.245, 0.263, 0.277, 0.2939502040816326, 0.313, 0.343, 0.36544897959183653, 0.399, 0.43, 0.46543976300197504, 0.526, 0.632, 0.741, 0.8362220408163266, 0.93, 1.033, 1.109, 1.186, 1.2442780612244897, 1.299, 1.347, 1.398, 1.4439513343799057, 1.481, 1.529, 1.5558922448979593, 1.595, 1.6294036281179138, 1.67, 1.696, 1.732, 1.769, 1.789, 1.824, 1.853, 1.883, 1.909, 1.938, 1.961, 1.986, 2.013]",1.2,25,-2.4,2.327,2.32
11,"[0.101, 0.112, 0.13063945578231304, 0.14855020408163264, 0.17163945578231313, 0.18820518477661333, 0.202, 0.21845238095238104, 0.22948822605965477, 0.247, 0.262, 0.277, 0.294, 0.312, 0.342, 0.3684489795918368, 0.39156462585034013, 0.433, 0.467, 0.533, 0.627, 0.7334675324675324, 0.8422006802721087, 0.934, 1.015, 1.109, 1.181, 1.246, 1.295, 1.344971742543171, 1.4, 1.443, 1.4844155102040817, 1.519, 1.555234693877551, 1.595, 1.6326717687074832, 1.666, 1.6942680890538033, 1.732, 1.757, 1.793, 1.8202976190476192, 1.8477482993197283, 1.881, 1.903, 1.935, 1.952, 1.9830032653061223, 2.011]",1.2,25,-2.4,2.324,2.319
12,"[0.101, 0.11291326530612235, 0.13, 0.149, 0.173, 0.189, 0.2, 0.21768707482993194, 0.23520473996050037, 0.246, 0.2621768707482993, 0.27708727746417716, 0.295, 0.3137787755102041, 0.34, 0.363, 0.401, 0.429, 0.468, 0.534, 0.629, 0.734, 0.8422881632653061, 0.941, 1.006, 1.112, 1.1811564625850342, 1.244, 1.297, 1.3524075049374589, 1.398, 1.441538775510204, 1.4768955102040817, 1.522, 1.552, 1.591, 1.636, 1.665, 1.692, 1.728, 1.7595180533751964, 1.7901461224489794, 1.8221488095238096, 1.847, 1.8762881632653061, 1.899, 1.9257363485934915, 1.95, 1.981, 2.011]",1.2,25,-2.4,2.32,2.317
13,"[0.1, 0.111, 0.13, 0.146, 0.17111385606874333, 0.187, 0.201, 0.22001587301587305, 0.23062343647136285, 0.24441469387755094, 0.2582448979591839, 0.274, 0.2928595918367348, 0.313, 0.339, 0.369, 0.398, 0.433, 0.466, 0.5344442700156986, 0.623, 0.7356342857142858, 0.842, 0.94, 1.006, 1.108, 1.1756348012889366, 1.241, 1.297, 1.348, 1.396, 1.435, 1.481, 1.5144637188208616, 1.547, 1.591, 1.627, 1.661, 1.688, 1.7249258861439316, 1.760296455424275, 1.7856269387755102, 1.8154523809523808, 1.84228885400314, 1.875, 1.9, 1.929, 1.944, 1.9759965986394556, 2.009]",1.2,25,-2.4,2.316,2.316
14,"[0.1, 0.11182653061224473, 0.132, 0.151, 0.171, 0.187, 0.20242386185243333, 0.2211467181467182, 0.23134616865614172, 0.24577210884353723, 0.262, 0.276, 0.294, 0.312, 0.34, 0.367, 0.398, 0.431, 0.46490623276337567, 0.538, 0.624, 0.741, 0.848, 0.939, 1.005681632653061, 1.111, 1.1805951020408163, 1.2412150706436424, 1.295, 1.338, 1.395, 1.438, 1.4823350888742595, 1.5164122448979591, 1.5515907626208378, 1.593, 1.627, 1.661, 1.6894914965986392, 1.725, 1.761, 1.782, 1.819, 1.843, 1.872, 1.902, 1.929, 1.948, 1.979, 2.009]",1.2,25,-2.4,2.317,2.317
15,"[0.101, 0.11136734693877555, 0.132, 0.15037990580847718, 0.1708197278911564, 0.187, 0.201, 0.22131746031746044, 0.232, 0.246, 0.262, 0.278, 0.293, 0.313, 0.339, 0.368, 0.39550912996777643, 0.43073922902494305, 0.46657743097238896, 0.5392057363485935, 0.606, 0.739, 0.859, 0.931, 1.033, 1.108, 1.18, 1.2380579591836733, 1.296, 1.3388102040816325, 1.3958979591836729, 1.433, 1.478, 1.521, 1.547, 1.5915212355212356, 1.627, 1.66, 1.689, 1.7239581095596133, 1.756, 1.7837636054421764, 1.815, 1.844, 1.877, 1.896, 1.9211717687074827, 1.952, 1.977, 2.007]",1.2,25,-2.4,2.318,2.315
16,"[0.099, 0.1123061224489792, 0.13054648526077103, 0.149, 0.17063945578231315, 0.18742176870748298, 0.2, 0.21721714285714297, 0.234, 0.24425117739403432, 0.26, 0.2762729159460394, 0.293, 0.314, 0.34, 0.3678979591836734, 0.3965877551020408, 0.433, 0.463, 0.537, 0.631, 0.743, 0.8552881632653061, 0.93, 1.03, 1.107, 1.178156462585034, 1.240111836734694, 1.295, 1.344665747380033, 1.397, 1.437, 1.474, 1.5198588435374152, 1.55, 1.593, 1.6248424489795918, 1.661, 1.687310418904404, 1.723, 1.76, 1.785, 1.813, 1.842, 1.872, 1.896, 1.918593537414966, 1.95, 1.9750062794348504, 2.006]",1.2,25,-2.4,2.315,2.314
17,"[0.101, 0.113, 0.13111904761904788, 0.149, 0.1718690476190477, 0.188, 0.20230612244897975, 0.219, 0.23335428571428588, 0.2456165413533836, 0.261, 0.275, 0.294, 0.31326190476190496, 0.33875675675675687, 0.368, 0.399, 0.435, 0.472, 0.534868131868132, 0.631, 0.746, 0.845, 0.9305296167247388, 1.014, 1.111, 1.1802738095238097, 1.24, 1.294, 1.343, 1.3967619047619049, 1.4365828571428572, 1.482879120879121, 1.5169404761904763, 1.551934065934066, 1.591, 1.627, 1.662, 1.6862628571428573, 1.723, 1.753, 1.7806904761904765, 1.816, 1.842, 1.877, 1.901, 1.927202380952381, 1.95, 1.9750057142857143, 2.001]",1.2,25,-2.4,2.313,2.313
18,"[0.099, 0.111, 0.131, 0.15, 0.1698197278911564, 0.187204081632653, 0.201, 0.21815873015873022, 0.231, 0.243, 0.26006632653061185, 0.277, 0.293, 0.3119026687598115, 0.337, 0.36948299319727884, 0.3965857694429123, 0.432, 0.47, 0.5294244897959185, 0.63, 0.75, 0.864, 0.933, 1.021, 1.111418643132929, 1.187, 1.247, 1.295, 1.338, 1.399, 1.437, 1.476478134110787, 1.5167772108843536, 1.552, 1.5950803571428571, 1.631, 1.654, 1.692208979591837, 1.7246423200859289, 1.759475667189953, 1.787, 1.8170476190476206, 1.8433171114599682, 1.8727054605626035, 1.9, 1.9281717687074829, 1.953, 1.978, 2.005]",1.2,25,-2.4,2.315,2.312
19,"[0.098, 0.111, 0.1331880860452289, 0.148, 0.17, 0.187, 0.20155484693877554, 0.217, 0.228, 0.245, 0.26, 0.276, 0.293, 0.314, 0.34197619047619043, 0.36772448979591815, 0.395, 0.429, 0.472, 0.54, 0.631, 0.744, 0.8434625850340136, 0.9314475218658893, 1.022, 1.115, 1.178612244897959, 1.238, 1.294, 1.3408360058309037, 1.396, 1.429, 1.4813738775510203, 1.5158930612244899, 1.551, 1.592, 1.629, 1.661320699708454, 1.69, 1.726, 1.7596870748299323, 1.786, 1.8143492063492068, 1.842, 1.873, 1.895380584666299, 1.922, 1.945, 1.978, 2.007]",1.2,25,-2.4,2.313,2.312
20,"[0.099, 0.111, 0.13034013605442188, 0.15, 0.169, 0.187, 0.201, 0.219, 0.22861816984858463, 0.244, 0.259, 0.274, 0.292, 0.311, 0.342, 0.365, 0.396, 0.434, 0.462, 0.5392310204081633, 0.6198181272509004, 0.745, 0.8661771799628942, 0.947, 1.0381979591836734, 1.109, 1.1814824489795919, 1.24, 1.2955059523809525, 1.3397833594976456, 1.394, 1.435, 1.473922902494331, 1.512, 1.548, 1.5902571428571428, 1.627, 1.659, 1.6865056689342401, 1.723, 1.759, 1.783, 1.8143015873015873, 1.841, 1.873, 1.896, 1.925, 1.946, 1.974, 2.005]",1.2,25,-2.4,2.311,2.31
2,"[0.045, 0.04999271137026231, 0.05875183673469391, 0.06856462585034044, 0.08378335949764522, 0.09783163265306118, 0.11256462585034023, 0.12778285714285723, 0.141, 0.153, 0.16838147566718997, 0.179, 0.19425510204081595, 0.207, 0.221, 0.238989795918367, 0.2545621521335807, 0.27678316326530616, 0.3037772108843537, 0.3305027829313543, 0.364, 0.39685714285714285, 0.46334137291280136, 0.509, 0.5871953352769679, 0.6505735767991406, 0.7285705782312923, 0.797, 0.8821758241758242, 0.9724617346938774, 1.0439136577708001, 1.1078911564625846, 1.169, 1.2219017185821697, 1.279, 1.3176766917293232, 1.366, 1.404, 1.4348549946294307, 1.4781092112520684, 1.5096734693877552, 1.5441255886970173, 1.578, 1.6130510204081632, 1.635, 1.6606219119226635, 1.689, 1.7207006802721088, 1.745950255102041, 1.779]",2.4,25,-7.2,1.892,1.895
3,"[0.045, 0.051, 0.059, 0.069, 0.083, 0.09775728862973766, 0.110170784103115, 0.12733163265306127, 0.1367029478458054, 0.151, 0.16629632653061216, 0.18, 0.19289675870348136, 0.206741224489796, 0.22297744360902252, 0.23914448979591837, 0.2534061722249875, 0.27618775510204085, 0.302, 0.32859102040816335, 0.35417602040816326, 0.3939761904761904, 0.46451591836734707, 0.507, 0.5639191836734693, 0.647, 0.7283358843537415, 0.7957001569858713, 0.880761904761905, 0.9505153061224488, 1.043, 1.1082108843537413, 1.165792057363486, 1.2276938775510204, 1.268, 1.317263736263736, 1.3642891156462587, 1.4008689581095595, 1.4341193092621662, 1.474, 1.5131360544217687, 1.537, 1.573, 1.6039811616954476, 1.6341997851772287, 1.6598155976676383, 1.6949064625850339, 1.719, 1.745895918367347, 1.779]",2.4,25,-7.2,1.889,1.89
4,"[0.044, 0.049, 0.05730527210884347, 0.06660472610096668, 0.081, 0.09624234693877544, 0.10763918367346931, 0.1262301587301587, 0.13875801749271102, 0.1498739067055393, 0.16578954081632652, 0.17639489795918356, 0.19107993197278916, 0.2056419294990722, 0.22, 0.2359632653061221, 0.252, 0.274, 0.29282823129251684, 0.3255046382189238, 0.357, 0.392, 0.443, 0.5032702040816326, 0.5617967346938775, 0.6458367346938775, 0.7157297959183673, 0.79, 0.8820300751879697, 0.9656224489795914, 1.039, 1.111, 1.1780654261704682, 1.226, 1.2646620408163265, 1.3137885714285713, 1.3601564625850342, 1.403, 1.4313265306122445, 1.47, 1.5100442176870748, 1.535, 1.571904761904762, 1.601, 1.629, 1.6596039713182569, 1.692060408163265, 1.7181115646258505, 1.744, 1.771]",2.4,25,-7.2,1.885,1.886
5,"[0.044, 0.048528464017185836, 0.056, 0.066, 0.0813710575139147, 0.09495025510204083, 0.10848037676609125, 0.122, 0.13568101153504883, 0.14990929705215414, 0.16336734693877553, 0.176419152276295, 0.1897429674572532, 0.205, 0.219, 0.237, 0.2510544217687078, 0.27248906705539366, 0.29177684117125113, 0.32361976369495166, 0.35578775510204086, 0.39287428571428584, 0.4445209452201936, 0.5009442912300056, 0.5747991836734694, 0.6453208163265306, 0.716, 0.7885839368005267, 0.8790075187969927, 0.9721326530612246, 1.038, 1.108, 1.1773043855840208, 1.2223877551020408, 1.2642653061224494, 1.315, 1.3610391156462591, 1.3968752319109463, 1.431479591836735, 1.4705220539828838, 1.509, 1.5388669387755103, 1.570968253968254, 1.6035364431486894, 1.6352718367346941, 1.664, 1.691875283446712, 1.7172732426303856, 1.742, 1.776]",2.4,25,-7.2,1.885,1.886
6,"[0.043, 0.04867015995587424, 0.057, 0.067, 0.08082397959183671, 0.095, 0.11028231292517017, 0.1232244897959183, 0.13829469387755106, 0.150198250728863, 0.163, 0.177, 0.1895820408163265, 0.206, 0.218, 0.23499708454810483, 0.25, 0.26986122448979594, 0.2938886054421768, 0.324, 0.362, 0.4, 0.4660164581961817, 0.502, 0.5871108659680088, 0.649, 0.7245705782312923, 0.794, 0.8752114285714285, 0.9704617346938774, 1.036, 1.1059869387755101, 1.16747052154195, 1.2198034371643391, 1.279, 1.3128339768339767, 1.3605544217687076, 1.4017165532879812, 1.428, 1.4751092112520685, 1.5056289424860854, 1.5390429645542427, 1.571119047619047, 1.6060510204081633, 1.6272642320085928, 1.6546436845008272, 1.687, 1.707, 1.7423673469387757, 1.772]",2.4,25,-7.2,1.882,1.883
7,"[0.041, 0.047, 0.055, 0.06471811224489808, 0.07861054421768705, 0.09323469387755107, 0.10511704681872745, 0.12104571428571438, 0.134, 0.14645877551020403, 0.15879460171165247, 0.17504189044038665, 0.18765986394557874, 0.20285557299843016, 0.21498214285714293, 0.23235204081632674, 0.248, 0.26954308390022697, 0.292, 0.322, 0.352, 0.39364285714285724, 0.4561781577495865, 0.5093129251700681, 0.5667044107965769, 0.639, 0.716, 0.7884970375246874, 0.8732976190476194, 0.970061224489796, 1.0413756205184777, 1.105602448979592, 1.171, 1.2221485524442335, 1.274045918367347, 1.31, 1.3539551020408167, 1.394, 1.4283681632653062, 1.464701374427322, 1.501, 1.535, 1.5703273809523814, 1.5996938775510205, 1.627, 1.6607346938775511, 1.6797505668934245, 1.712389455782313, 1.7414489795918369, 1.77]",2.4,25,-7.2,1.879,1.879
8,"[0.039, 0.04536516034985428, 0.05312024269167128, 0.06226734693877553, 0.07715252416756169, 0.0920918367346938, 0.10319758812615967, 0.12108730158730176, 0.129279591836735, 0.145, 0.16, 0.1715510204081633, 0.18594775510204087, 0.19954174397031538, 0.21500510204081633, 0.232, 0.24642367346938762, 0.2682189239332096, 0.288, 0.3204876476906553, 0.34952721088435373, 0.388, 0.4318820861678005, 0.5002065306122448, 0.5549677765843178, 0.639, 0.7087596371882086, 0.792, 0.87, 0.9517435190292332, 1.035, 1.1035532879818593, 1.1685673469387756, 1.21772126745435, 1.261438775510204, 1.312, 1.3551201814058957, 1.3914371643394194, 1.4259608843537408, 1.463669056811914, 1.502, 1.5329281632653062, 1.567, 1.595, 1.6293551020408161, 1.649172335600907, 1.684258163265306, 1.709, 1.735, 1.769]",2.4,25,-7.2,1.877,1.877
9,"[0.041, 0.044991836734693785, 0.054, 0.064, 0.07746289424860851, 0.09166326530612233, 0.1053764172335602, 0.12155639097744361, 0.13087479316050737, 0.14712925170068059, 0.158, 0.176, 0.18819623233908922, 0.20059778911564627, 0.21617857142857144, 0.231, 0.24549469387755102, 0.26765950590762616, 0.29337306122448975, 0.319, 0.34739183673469404, 0.389, 0.46419763694951655, 0.5144076530612244, 0.583164081632653, 0.644, 0.7320677551020407, 0.7887626208378089, 0.8745714285714286, 0.9578391077361176, 1.0471915734035548, 1.1019869387755101, 1.168580253723111, 1.214, 1.2723624489795917, 1.31131746031746, 1.3545544217687076, 1.3925374149659857, 1.427, 1.467, 1.4995703544575727, 1.534, 1.566, 1.6001020408163262, 1.6206321160042965, 1.649643684500827, 1.682935374149659, 1.7067006802721087, 1.734, 1.767]",2.4,25,-7.2,1.876,1.876
10,"[0.039, 0.043, 0.05057993197278897, 0.061379905808477186, 0.075, 0.08871591836734691, 0.10173979591836728, 0.11615873015873023, 0.12675234418091566, 0.14351265306122427, 0.15603790087463534, 0.16916543638732082, 0.182, 0.19590266875981147, 0.21, 0.228, 0.2425760667903524, 0.264, 0.2817175080558539, 0.3161711145996859, 0.3481768707482992, 0.3845168067226891, 0.439, 0.507, 0.5576204081632652, 0.635387755102041, 0.72, 0.7870579591836735, 0.871238095238095, 0.951, 1.033, 1.0999513343799059, 1.1593738775510203, 1.2178514739229025, 1.253797816801139, 1.305688775510204, 1.3497237609329447, 1.3894339419978516, 1.423, 1.457864081632653, 1.494475667189953, 1.529, 1.561, 1.595, 1.618503644314869, 1.65, 1.6791717687074827, 1.699481632653061, 1.7320008163265306, 1.765]",2.4,25,-7.2,1.875,1.872
11,"[0.036, 0.03968850698174009, 0.048, 0.05792051557465085, 0.071, 0.08448469387755089, 0.09930612244897949, 0.114, 0.12097545104998517, 0.13780385487528335, 0.152, 0.16529199372056494, 0.17807993197278915, 0.192, 0.20946082949308753, 0.2236360544217685, 0.23925224489795913, 0.2590484693877548, 0.282, 0.312854003139717, 0.34040233236151596, 0.3783771428571428, 0.4457324263038544, 0.499, 0.5557325456498386, 0.6321095596133189, 0.7122185374149658, 0.7944929356357927, 0.8677301587301582, 0.9607228786251342, 1.0287680890538031, 1.0937224489795918, 1.1656089795918367, 1.2126155102040814, 1.2552959183673467, 1.3101318681318677, 1.3467702435813034, 1.3883401360544214, 1.4200156985871262, 1.463019334049409, 1.4957121374865734, 1.519, 1.555, 1.585, 1.6157653061224486, 1.641646683673469, 1.6754693877551021, 1.702, 1.7274016697588124, 1.758]",2.4,25,-7.2,1.87,1.87
12,"[0.012, 0.01464765906362545, 0.01780148423005569, 0.02014990723562149, 0.025007098491570585, 0.028371720116618086, 0.031757613814756704, 0.038891428571428535, 0.04585548814120266, 0.05210938775510212, 0.06411734693877535, 0.0740426170468187, 0.08484738243123333, 0.09696971691902581, 0.11074285714285713, 0.12186734693877556, 0.13352681537731373, 0.14790237175951473, 0.157862409479921, 0.17477765843179385, 0.1849755102040814, 0.20362717770034827, 0.21858627087198518, 0.23979510204081608, 0.2623921282798834, 0.2888367346938773, 0.32967176870748316, 0.36295810955961333, 0.4145714285714286, 0.4648428019856591, 0.521422448979592, 0.5722108843537411, 0.6359108485499462, 0.6777531270572745, 0.737598639455782, 0.7888120300751881, 0.845578231292517, 0.8912925170068021, 0.9392844387755102, 1.0010568513119533, 1.0477701396348011, 1.0939637188208615, 1.1399047619047586, 1.1869387755102043, 1.236199785177229, 1.2938335949764521, 1.3437017774851874, 1.3901009667024702, 1.4367873254564985, 1.493]",4.8,25,-7.2,1.668,1.676
13,"[0.018, 0.020812124849940015, 0.02436122448979581, 0.026711370262390677, 0.030808979591836785, 0.03510377032168798, 0.039555729984301416, 0.04538010204081635, 0.05129489795918369, 0.05927891156462576, 0.06868027210884375, 0.07889466754443707, 0.09078538512179068, 0.1039967346938778, 0.11470329670329667, 0.12924820739106452, 0.13973299319727914, 0.1535880102040815, 0.16819420671494406, 0.18096133190118163, 0.1940244897959183, 0.21022857142857154, 0.2266187755102042, 0.24563090379008742, 0.2687477551020408, 0.2980218658892129, 0.32965759637188247, 0.3677761685319289, 0.42036571428571434, 0.4767502040816325, 0.5254897959183672, 0.5785183673469387, 0.6411400992829566, 0.6827422126745435, 0.744225306122449, 0.7935760368663595, 0.8470034013605443, 0.9009466248037673, 0.9397412244897962, 0.9959863945578237, 1.0467299843014126, 1.095528163265306, 1.1464761904761904, 1.1927029478458049, 1.24283888292159, 1.3006220408163267, 1.3491664876476905, 1.3929910204081632, 1.4450596546310825, 1.5]",4.8,25,-7.2,1.675,1.672
14,"[0.019, 0.021507782774126596, 0.024713313896987363, 0.02814067055393579, 0.03199736668861094, 0.03659489795918366, 0.041897959183673304, 0.04673271889400921, 0.05170845481049559, 0.061246214614878336, 0.0718219954648526, 0.08326762523191085, 0.0933804081632653, 0.10509795918367316, 0.11753714285714294, 0.12774775510204078, 0.13954209183673458, 0.15604132653061228, 0.16702040816326527, 0.18404897959183694, 0.19743197278911545, 0.21227067669172894, 0.22925850340136056, 0.2461961451247164, 0.2683221574344024, 0.2970995918367346, 0.33791156462584965, 0.3807414965986397, 0.41486466165413527, 0.4787120181405898, 0.5392199083715118, 0.5775367346938777, 0.6342993197278912, 0.6920272108843535, 0.7446836734693878, 0.7887142857142855, 0.8444350161117078, 0.8988404452690163, 0.9357078410311499, 0.9877240038872692, 1.0483673469387755, 1.0879302721088435, 1.1434226190476189, 1.1905889212827991, 1.2360053705692806, 1.282488692774407, 1.3425623582766435, 1.3857038058466626, 1.437036443148688, 1.488]",4.8,25,-7.2,1.668,1.663
15,"[0.017, 0.019918095238095245, 0.02314688128772642, 0.026151260504201888, 0.030657142857142838, 0.033990881458966546, 0.0383613445378151, 0.044048780487804876, 0.04987301587301612, 0.056616541353383586, 0.06597683397683417, 0.07553105590062109, 0.08777380952380948, 0.10038095238095242, 0.1131000000000001, 0.12404181184668998, 0.1357885714285715, 0.1496057142857145, 0.16041714285714287, 0.17640816326530612, 0.18985714285714328, 0.20611111111111133, 0.221803088803089, 0.24198979591836747, 0.2635028571428573, 0.2893082706766917, 0.3273869047619048, 0.36088571428571437, 0.4127142857142859, 0.4725885714285716, 0.5185934065934068, 0.5692619047619045, 0.6371196911196911, 0.6828131868131871, 0.7324285714285717, 0.7846000000000002, 0.8368742857142858, 0.8923015873015876, 0.9316616541353389, 0.9910225563909777, 1.0402678571428576, 1.0836904761904775, 1.1378333333333335, 1.1798351648351648, 1.230545112781955, 1.2792448979591837, 1.334337142857143, 1.3822114285714286, 1.4287551020408182, 1.489]",4.8,25,-7.2,1.663,1.658
16,"[0.016, 0.01916194865042791, 0.022270283723245392, 0.025956122448979466, 0.030031812725090045, 0.033060204081632544, 0.037006530612244994, 0.041631336405530024, 0.04910204081632684, 0.05490929705215416, 0.06190636254501804, 0.0735510204081633, 0.08445890788747945, 0.09600322234156831, 0.10816602316602328, 0.11985438499724212, 0.13245018007202866, 0.14364115646258505, 0.15769150450878022, 0.17416986794717887, 0.18496938775510177, 0.20156632653061232, 0.21664965986394552, 0.23620991253644327, 0.25530455259026674, 0.2836416326530612, 0.31667653061224493, 0.3580053705692805, 0.4058471760797342, 0.4477988338192423, 0.511876999448428, 0.5634506122448979, 0.6136389324960754, 0.6671955782312924, 0.7184442700156985, 0.7750225563909773, 0.8305391156462587, 0.8771589688506979, 0.9247585034013601, 0.975799779371208, 1.0344332810047097, 1.0774455782312922, 1.1233015873015872, 1.1713952738990334, 1.2247261009667028, 1.2667282491944145, 1.326312925170068, 1.3537167346938774, 1.4194767346938777, 1.48]",4.8,25,-7.2,1.655,1.653
17,"[0.007, 0.008485275989590485, 0.011025279789335068, 0.013166951942067164, 0.01533547133138967, 0.017553935860058302, 0.020782798833819182, 0.023505312868949208, 0.025690592334494795, 0.02946898954703834, 0.032745522698875436, 0.0375242512589451, 0.04245649838882894, 0.047259591836734616, 0.054027355623100265, 0.059088435374149643, 0.06950812161599315, 0.07678929950358518, 0.08550145772594663, 0.0951360544217688, 0.10716111707841028, 0.11913714285714279, 0.1310306122448975, 0.13981191395477097, 0.1553836734693876, 0.16577121374865725, 0.18280414746543758, 0.19962266608771173, 0.21538961038961005, 0.24190352504638182, 0.26314795918367284, 0.3022074829931968, 0.35010257787325455, 0.38061678004535154, 0.43229128014842255, 0.4785714285714264, 0.529194662480377, 0.5719795918367343, 0.6046360544217677, 0.6583651987110634, 0.6993537414965982, 0.7404693877551022, 0.7845096525096522, 0.8333469387755091, 0.873338775510204, 0.910271020408163, 0.9752032653061224, 1.0297823129251689, 1.0908277551020402, 1.183]",7.2,25,-7.2,1.464,1.454
18,"[0.0, 0.008497348545717463, 0.010639788782645862, 0.012861807580174864, 0.015156931738212528, 0.017578670177748553, 0.020170987313844455, 0.022418118466898947, 0.025568748711605804, 0.027971882086167757, 0.03158198451794502, 0.03588913403199121, 0.0401421282798835, 0.045624931053502495, 0.05176571428571432, 0.05647495361781074, 0.06466491112574056, 0.07339102040816328, 0.08270143613000784, 0.09255167873601074, 0.10259402332361522, 0.11339495798319332, 0.1251116446578632, 0.13657274522712315, 0.14870049641478236, 0.16148163265306142, 0.17817268445839898, 0.19098090849242946, 0.20933179723502304, 0.23578911564625887, 0.262530612244898, 0.2912108843537418, 0.3324244897959186, 0.3694489795918371, 0.4178609693877552, 0.4692857142857145, 0.515525170068028, 0.5580061224489798, 0.5988522448979596, 0.6409140708915144, 0.6897108843537424, 0.7239764521193092, 0.7687380952380954, 0.81970918367347, 0.8503273469387758, 0.896253877551021, 0.9521004081632654, 1.0024727891156466, 1.068113469387755, 1.159]",7.2,25,-7.2,1.438,1.426
19,"[0.0, 0.00545684328777382, 0.006891387063299938, 0.009159693877551103, 0.011434562815952058, 0.013951315465945403, 0.01563844045080719, 0.018671159029649605, 0.021216686674669874, 0.025007098491570585, 0.02797687074829934, 0.03176629361421987, 0.03578091236494589, 0.03955102040816325, 0.04554081632653058, 0.05042638483965004, 0.05584812529663039, 0.06630939783320733, 0.07443379212149968, 0.0830055658627086, 0.09556559766763861, 0.10326857142857146, 0.11406802721088424, 0.1246624803767655, 0.13735358329378264, 0.14948979591836722, 0.16352154195011287, 0.17694539437396578, 0.19395391705069115, 0.2139503585217869, 0.23988184747583177, 0.26845387755102024, 0.31445780474351887, 0.3521381475667181, 0.3914314868804664, 0.43672268907563006, 0.49621768707482816, 0.5380748299319716, 0.5672489795918356, 0.6252184225041368, 0.6656394557823135, 0.7072511773940345, 0.7512380952380943, 0.7992040816326526, 0.8388367346938765, 0.8742873690016545, 0.9339289795918362, 0.9839295589203423, 1.0454844253490867, 1.129]",7.2,25,-7.2,1.414,1.401
20,"[0.004, 0.006057091190906727, 0.007443296305864133, 0.009310612244897975, 0.01135208678065822, 0.014024340011233883, 0.01632597904026477, 0.018961038961039012, 0.0213828960155491, 0.024779591836734595, 0.02756150533607941, 0.03176168531928898, 0.035056122448979564, 0.040234364713627443, 0.04574654377880187, 0.05017116524028989, 0.058549365692222854, 0.06682460011031434, 0.07531233362910396, 0.08447813411078717, 0.09348320251177386, 0.10490756302521026, 0.11402494331065745, 0.12418259935553125, 0.13773177842565598, 0.14962585034013556, 0.1624687294272546, 0.17955531686358728, 0.19963133640552974, 0.22141399416909613, 0.23772678050812157, 0.2727853061224488, 0.3165816326530608, 0.3493952738990329, 0.40159183673469395, 0.4415542857142857, 0.48826303854875214, 0.5305069817400649, 0.569337519623234, 0.6172108843537415, 0.662094191522762, 0.6957084548104957, 0.7380857142857136, 0.7852351020408163, 0.8226075353218215, 0.862551020408163, 0.9145786701777483, 0.9651507064364203, 1.0243817527010801, 1.105]",7.2,25,-7.2,1.389,1.378
21,"[0.004, 0.006049470421079808, 0.007516763848396483, 0.009302007899934094, 0.011466112370874275, 0.014021683673469367, 0.01606867790594495, 0.018884472049689426, 0.02123677858240068, 0.025051137696457854, 0.027228439763001974, 0.03136254501800721, 0.03578275181040155, 0.040605626034197435, 0.045575510204081605, 0.050843658892128094, 0.058831343858298205, 0.0671568206229861, 0.07573724489795931, 0.0861252319109461, 0.09435243328100472, 0.10426285714285717, 0.1141730257320322, 0.12375102040816334, 0.13763666180758036, 0.149695335276968, 0.16332702837232455, 0.1793015141540487, 0.19663706563706582, 0.21754994629430768, 0.24377551020408378, 0.2731695447409735, 0.3141913954771098, 0.35347836734693866, 0.39475963718820956, 0.44150691244239654, 0.48190788747931584, 0.5185612244897961, 0.5639455782312931, 0.604148299319728, 0.6517585034013615, 0.6883370104798676, 0.7270252100840339, 0.7701549917264207, 0.8117687074829946, 0.8509395918367355, 0.896655976676385, 0.9520863422291995, 1.006077988338192, 1.075]",7.2,25,-7.2,1.365,1.352
22,"[0.012, 0.013482993197278876, 0.016770186335403753, 0.02050285714285712, 0.02336561743341406, 0.025741641337386025, 0.03152769679300284, 0.0362173913043479, 0.040741496598639335, 0.04800460829493089, 0.053668067226890714, 0.06417142857142841, 0.07238095238095239, 0.08081762917933129, 0.09285294117647067, 0.1031893687707641, 0.11524012158054706, 0.12530952380952376, 0.14106766917293223, 0.14984873949579838, 0.1681771428571429, 0.18508333333333316, 0.19776190476190497, 0.2145584415584414, 0.23757142857142835, 0.2673314285714286, 0.3035396825396821, 0.33994387755102046, 0.3833, 0.4313809523809525, 0.4797142857142857, 0.5249371428571431, 0.5834228571428569, 0.6341547619047618, 0.6786015037593986, 0.7229473684210524, 0.7761657142857141, 0.8178571428571424, 0.8644171428571428, 0.907, 0.9589761904761896, 1.0164523809523804, 1.049157894736842, 1.1019642857142862, 1.1420408163265319, 1.1826031746031744, 1.2337857142857138, 1.2803174603174599, 1.3284897959183677, 1.381]",4.8,25,-7.2,1.565,1.554
23,"[0.006, 0.007765306122449071, 0.009901804199940809, 0.013041716686674682, 0.015836224489795922, 0.018754788069073772, 0.022236394557823187, 0.026040816326530714, 0.03143711438063591, 0.03583838940981801, 0.043680272108843746, 0.05116086434573814, 0.060009129967776534, 0.06861026991441761, 0.07798841698841696, 0.08938515769944344, 0.09892748588797226, 0.10980612244897955, 0.12663372717508056, 0.13774530612244906, 0.1517376093294458, 0.16823809523809533, 0.18332266960838395, 0.19536983573917363, 0.2174406307977736, 0.24004373177842583, 0.2727431972789119, 0.3047689504373177, 0.34936571428571433, 0.40291836734693764, 0.44863673469387744, 0.4957591836734694, 0.545431972789116, 0.5982464678178964, 0.654156462585034, 0.7020329670329667, 0.7520034013605443, 0.7946662989520132, 0.8407412244897963, 0.8933287981859411, 0.9473795918367345, 0.9893390022675735, 1.0382380952380954, 1.082093294460642, 1.126496598639456, 1.1652731554160127, 1.223186074429772, 1.2643392167677878, 1.3130387755102035, 1.368]",4.8,25,-7.2,1.554,1.549
24,"[0.006, 0.00728501055594653, 0.010019091507570832, 0.011968901846452893, 0.015454567541302236, 0.018624635568513098, 0.021116169544741006, 0.026808441558441556, 0.031139006546014637, 0.03534693877551029, 0.042807580174927064, 0.051103371783495964, 0.05819623233908922, 0.06709387755102052, 0.07814285714285714, 0.08774234693877525, 0.09797877551020409, 0.11091538078646093, 0.12325206839492552, 0.13571362738643838, 0.15007064364207215, 0.16537301587301587, 0.1827110633727175, 0.19733124018838274, 0.21755167873601053, 0.23925778732545638, 0.2781411564625849, 0.3151191836734694, 0.3531203007518797, 0.3899751792608935, 0.4469409237379159, 0.49629860365198697, 0.5573515769944342, 0.6037012244897956, 0.6575102040816326, 0.6965274725274722, 0.749532244897959, 0.8007165532879813, 0.8393265306122442, 0.8849387755102044, 0.9418526077097507, 0.9832721088435373, 1.0311587301587295, 1.0841360544217684, 1.1256734693877533, 1.1662675736961448, 1.214454081632653, 1.2559029233314947, 1.3124160125588693, 1.366]",4.8,25,-7.2,1.549,1.543
25,"[0.005, 0.0076142857142856915, 0.009158730158730472, 0.012525714285714295, 0.015859340659340703, 0.018654945054945075, 0.02091581632653059, 0.027357142857142958, 0.03204175824175826, 0.03632792207792206, 0.0437394957983193, 0.05084285714285703, 0.05887012987013001, 0.06958285714285722, 0.07839999999999994, 0.08854285714285745, 0.10061904761904752, 0.11171428571428582, 0.12326050420168069, 0.13563706563706562, 0.1513571428571429, 0.16652631578947363, 0.18092358803986716, 0.19619047619047605, 0.21608163265306107, 0.24235428571428574, 0.27685714285714286, 0.3172255639097747, 0.350842105263158, 0.3979523809523809, 0.45567281105990787, 0.4928114285714285, 0.5532342857142857, 0.5983809523809525, 0.6515510204081632, 0.6929999999999985, 0.7419761904761905, 0.7964761904761912, 0.8330190476190482, 0.8864183673469388, 0.9304057142857144, 0.9761285714285712, 1.0235, 1.062802197802198, 1.1104591836734694, 1.159187969924812, 1.2042662337662338, 1.2467181467181467, 1.3020414746543778, 1.354]",4.8,25,-7.2,1.543,1.535
26,"[0.003, 0.004700201207243574, 0.006853432282003752, 0.009686335403726815, 0.012787375415282366, 0.015138248847926278, 0.018445054945054953, 0.022285714285714398, 0.025874779541446267, 0.031308880308880495, 0.038265306122448904, 0.04477678571428577, 0.052718894009216574, 0.062455026455026694, 0.07014285714285728, 0.0829025974025975, 0.09275974025974018, 0.10434415584415593, 0.11712442396313376, 0.1311879699248122, 0.1438914285714287, 0.15723684210526323, 0.17728571428571427, 0.1876857142857143, 0.20474285714285712, 0.23253571428571437, 0.26309523809523905, 0.2954693877551022, 0.33655555555555555, 0.38612422360248455, 0.4357030075187969, 0.48458285714285715, 0.5446177606177608, 0.5829714285714287, 0.6308571428571426, 0.679875, 0.7292857142857141, 0.776390977443609, 0.8143458646616544, 0.8720714285714287, 0.9152914285714288, 0.9623452380952384, 1.009166666666667, 1.0522556390977444, 1.0967744360902256, 1.1410676691729322, 1.1931103896103896, 1.2389428571428576, 1.2880142857142853, 1.335]",4.8,25,-7.2,1.533,1.526
27,"[0.003, 0.003901579986833435, 0.005425279789335184, 0.007848424806815944, 0.011099773242630366, 0.014293517406962726, 0.017022809123649566, 0.02161688311688311, 0.02499352911896466, 0.031504801920768336, 0.03732653061224492, 0.04351214771622922, 0.05071759514616655, 0.06039115646258533, 0.0707551020408163, 0.08087050092764377, 0.09037853851217913, 0.10265306122448978, 0.11650413678985104, 0.12858017492711354, 0.14175346938775507, 0.1539067055393586, 0.17421457725947512, 0.18745327604726061, 0.207328163265306, 0.22958975426905456, 0.26628231292516963, 0.3010709426627794, 0.3338479262672811, 0.3856156462585033, 0.42983965014577175, 0.47797278911564606, 0.5238091560948703, 0.5739017185821695, 0.6195102040816326, 0.6696766917293231, 0.7198554881412024, 0.7717165532879813, 0.8105761381475662, 0.8681092112520684, 0.9086394557823131, 0.9511255886970172, 0.9995595238095237, 1.0512040816326522, 1.0914408163265303, 1.1259053061224487, 1.1823745885450954, 1.2258563265306122, 1.281368163265306, 1.337]",4.8,25,-7.2,1.525,1.518
28,"[0.003, 0.004546094299788879, 0.007059423769507885, 0.009257584114727014, 0.01257803966657085, 0.016032705389848252, 0.019648859543817503, 0.02318285714285732, 0.027970375246872962, 0.03439302172481885, 0.04078911564625883, 0.048394925537782685, 0.057007899934167196, 0.06561169332597909, 0.0763535714285714, 0.08705414410662231, 0.09723265306122425, 0.10760621521335802, 0.11996289424860851, 0.1317923469387755, 0.14758968850698168, 0.16198701298701307, 0.17684390512961937, 0.19504688361831207, 0.218218537414966, 0.2382517006802714, 0.27171088435374074, 0.30452504638218925, 0.3595119047619047, 0.3875996860282575, 0.4446111417539988, 0.49320085929108476, 0.5399330612244898, 0.5826797488226058, 0.6370578231292521, 0.6840357142857142, 0.7354289564882555, 0.7723951020408164, 0.814675039246468, 0.857158163265306, 0.9100429645542424, 0.9441530612244903, 0.9915510204081611, 1.0406224489795919, 1.079932867883996, 1.1278612244897948, 1.1739952904238617, 1.2241088435374146, 1.2728206997084544, 1.328]",4.8,25,-7.2,1.516,1.508
29,"[0.002, 0.004032747982914153, 0.006047734347976407, 0.008759003601440598, 0.011994597839135736, 0.01400113378684811, 0.018438499724214012, 0.02205102040816337, 0.0263923933209649, 0.03297278911564609, 0.03851744568795261, 0.04596489795918375, 0.05430943188086042, 0.06395421952564814, 0.07298901098901131, 0.08304515848892748, 0.09543501611170783, 0.1057228786251343, 0.11797488226059673, 0.12982312925170073, 0.14525185528756965, 0.15835164835164908, 0.17422874149659867, 0.19003384768541567, 0.21254988662131535, 0.23716169544740967, 0.26946145124716564, 0.30597422126745444, 0.35244761904761907, 0.3945177228786255, 0.424920866305706, 0.4832259475218661, 0.5402106649111259, 0.5706514913657776, 0.622097505668935, 0.6711785714285715, 0.7175289115646258, 0.7595918367346948, 0.8023657770800632, 0.8483061224489866, 0.9020074211502782, 0.9432546938775509, 0.9902406015037595, 1.030573979591837, 1.0734256559766777, 1.1177673469387759, 1.164415510204082, 1.2084236734693878, 1.262598639455784, 1.315]",4.8,25,-7.2,1.507,1.499
30,"[0.003, 0.004767900380491228, 0.007457361516035036, 0.009346938775510277, 0.012385654261704676, 0.01638122448979597, 0.019713469387755176, 0.023714285714285816, 0.028822945394373984, 0.03449279711884766, 0.04316048237476817, 0.05107636603028304, 0.06001295133437991, 0.0674512837393022, 0.07586813186813193, 0.08703698979591848, 0.09747591836734712, 0.10928816326530628, 0.11938040816326533, 0.13430272108843536, 0.14731711145996862, 0.15997714285714298, 0.17785941043083925, 0.1955728862973762, 0.21569557823129273, 0.24307256235827657, 0.2758783673469388, 0.3113554421768707, 0.36218796992481217, 0.4062351020408163, 0.45113151927437684, 0.47876749271137015, 0.5385748299319728, 0.5818474758324382, 0.6274013605442177, 0.6744285714285714, 0.7181627137341424, 0.7565918367346942, 0.8008309037900876, 0.8454897959183677, 0.8941836734693878, 0.9361420408163267, 0.9824742857142854, 1.02575402792696, 1.0609591836734693, 1.1068858246001103, 1.1565187623436473, 1.2006677551020408, 1.2504693877551019, 1.305]",4.8,25,-7.2,1.499,1.488
31,"[0.003, 0.004304862685815107, 0.006853345989558606, 0.009585475748741126, 0.012158463385354175, 0.016406264831514087, 0.0202916392363397, 0.025039513677811633, 0.0309605003291639, 0.03816576426488969, 0.043657699443413696, 0.05167817896389341, 0.06081405895691587, 0.06837129690585915, 0.0784047619047617, 0.08750927643784796, 0.09962925170068014, 0.1121355685131196, 0.12124018838304562, 0.13494367346938785, 0.1473799058084775, 0.16435714285714292, 0.18013061224489804, 0.1996138147566721, 0.2221105442176874, 0.2505617615467239, 0.2816443148688049, 0.32211803640375064, 0.3704060150375941, 0.4091194477791117, 0.445569858712716, 0.5032517006802724, 0.5415820408163267, 0.5790998925886148, 0.6322881152460985, 0.678098901098901, 0.7230791836734699, 0.7562019334049411, 0.8095359828141784, 0.8476471088435374, 0.8878356605800216, 0.9310249433106584, 0.9795054945054946, 1.0144613702623906, 1.0645442176870763, 1.1036612244897963, 1.1456446578631454, 1.1867322448979591, 1.2408843537414989, 1.3]",4.8,25,-7.2,1.487,1.477
32,"[0.002, 0.004570125922709426, 0.006317278911564626, 0.00865211930926223, 0.012190317987659982, 0.016158627087198434, 0.01817830290010725, 0.024536866359446973, 0.030140882159315416, 0.036120181405895714, 0.043326530612244674, 0.0505539358600579, 0.060240646258503276, 0.0689727891156461, 0.07742857142857128, 0.08649659863945566, 0.09908821593153397, 0.10962146148782097, 0.12072852396772647, 0.134295669487307, 0.14790538033395145, 0.16111038961038954, 0.1755150060024008, 0.19860884353741468, 0.22435510204081616, 0.2506054421768702, 0.2883066740209596, 0.31481525241675606, 0.3575714285714284, 0.4130208163265306, 0.4542423990004164, 0.49735346938775493, 0.5390722789115645, 0.5803053061224488, 0.6129183673469385, 0.6711904761904761, 0.7108930612244897, 0.746643394199785, 0.8012048979591837, 0.828836734693878, 0.8831020408163269, 0.9222726530612246, 0.9669780219780212, 1.0043294460641392, 1.0549455782312918, 1.09423469387755, 1.1356336248785226, 1.179888163265306, 1.2295194206714943, 1.288]",4.8,25,-7.2,1.476,1.465
33,"[0.0, 0.0041686150188230565, 0.006043217286914894, 0.009255102040816468, 0.011523699802501645, 0.015345040341718057, 0.02000371057513919, 0.0249428571428572, 0.031240947992100053, 0.0363312401883832, 0.044319727891156506, 0.052301020408163264, 0.060017006802721096, 0.06670512286547273, 0.0781654135338347, 0.08747773654916507, 0.09851398337112637, 0.11086880466472313, 0.12259329446064139, 0.13529674572531716, 0.14749506254114553, 0.16017687074829928, 0.1738775510204082, 0.19651591836734703, 0.22204535147392293, 0.25120734693877544, 0.2851377551020398, 0.3228187274909964, 0.36338095238095236, 0.4066330612244898, 0.447670068027211, 0.48826530612244884, 0.5342888540031395, 0.5815935374149658, 0.6244716553287981, 0.6801224489795921, 0.7201360544217692, 0.7429319727891149, 0.7927660910518052, 0.8384230557087701, 0.8814489795918354, 0.9277061224489798, 0.9718690476190477, 1.0139659863945567, 1.05329306122449, 1.0816424489795915, 1.1308892128279882, 1.186152332361516, 1.2311494404213297, 1.279]",4.8,25,-7.2,1.465,1.457
34,"[0.002, 0.004280519480519424, 0.005776014109347458, 0.009005194805194815, 0.012309973045821997, 0.015597402597402754, 0.020023809523809572, 0.025636363636363638, 0.03128919860627183, 0.03735714285714284, 0.043819548872180536, 0.0523428571428572, 0.06038223938223937, 0.06847490347490343, 0.07904761904761914, 0.08710424710424708, 0.09893822393822382, 0.11219047619047624, 0.12221714285714297, 0.1327589285714286, 0.14886285714285719, 0.1597727272727273, 0.17625714285714286, 0.20131746031746053, 0.22626285714285735, 0.24820408163265345, 0.2845079365079364, 0.31882653061224486, 0.3724545454545454, 0.40086175115207384, 0.44370918367346945, 0.4950414746543778, 0.528563909774436, 0.5881203007518799, 0.6187539682539682, 0.6610000000000009, 0.7143095238095237, 0.7426547619047618, 0.7898246753246754, 0.8337744360902255, 0.8735892857142858, 0.9125571428571434, 0.9578888888888891, 0.9939815668202765, 1.0438051948051947, 1.078123552123552, 1.1209885714285717, 1.1634725274725275, 1.2144725274725277, 1.261]",4.8,25,-7.2,1.451,1.441
35,"[0.0, 0.005163265306122498, 0.007704081632653074, 0.010757503001200533, 0.015004688361831255, 0.017799140708915254, 0.023291280148422983, 0.029205980066445196, 0.03515141540487165, 0.040230442176870794, 0.04837244897959183, 0.05586408163265308, 0.06361852433281005, 0.07273979591836756, 0.08144239631336404, 0.09250728862973753, 0.10359935553168638, 0.11576870748299299, 0.12468707482993215, 0.13782274052478133, 0.1525262390670554, 0.16506015037593952, 0.18710946196660463, 0.20544897959183703, 0.23234693877550994, 0.26365306122448934, 0.30044270015698565, 0.3388732545649839, 0.3786031746031746, 0.4221963596249311, 0.47324408163265297, 0.5092213500784925, 0.5553656462585034, 0.596691609977324, 0.6376919025674785, 0.6788681318681323, 0.7180408163265319, 0.7628767346938774, 0.8050361781076067, 0.8471360544217688, 0.8840521541950112, 0.9245722448979592, 0.9618496240601501, 1.0080824829931971, 1.0453577941815024, 1.0739807256235827, 1.1213453689167974, 1.1617330612244896, 1.2045969387755102, 1.248]",4.8,25,-7.2,1.436,1.425
36,"[0.0, 0.005214614878209374, 0.008012494793835954, 0.011323368784133352, 0.013214523018509634, 0.01728461114175386, 0.022826313504125152, 0.02842857142857164, 0.03404674127715615, 0.04163726135615554, 0.04932045158488932, 0.055748457522543926, 0.06339044038668097, 0.07452414136386261, 0.08198069498069495, 0.09185435992578848, 0.10225477287689266, 0.11377736549165118, 0.12608097432521392, 0.14183202511773962, 0.15169701726844603, 0.16782706766917305, 0.18710862409479923, 0.20914431486880483, 0.2390380333951763, 0.2678492429229757, 0.3086639455782314, 0.3493752468729427, 0.389015037593985, 0.4309952904238617, 0.47425923883066745, 0.5096117078410312, 0.5426759183673471, 0.5904622173193603, 0.6298481632653061, 0.6697528957528958, 0.713279711884754, 0.74853306122449, 0.788045351473923, 0.8292448979591845, 0.8674497959183675, 0.9057110204081635, 0.9444009216589861, 0.9870054421768709, 1.0178299319727893, 1.0591755102040816, 1.097002400960384, 1.142524781341108, 1.1863911564625844, 1.23]",4.8,25,-7.2,1.419,1.41
37,"[0.002, 0.0043121586662834, 0.005968425105891455, 0.009513940787582633, 0.01200711912672038, 0.016464767038890864, 0.021654174397031527, 0.026294930875576054, 0.032052007899934176, 0.038176431863067774, 0.04498815009874921, 0.054199916701374445, 0.06143836734693877, 0.07000941915227593, 0.07982285714285713, 0.08943537414965985, 0.09992897959183669, 0.11081462585034026, 0.12484144427001585, 0.13397103357472026, 0.14754421768707446, 0.1658690476190477, 0.18078335949764546, 0.2039623233908949, 0.23741326530612233, 0.26196173469387757, 0.297330943188086, 0.33260562603419747, 0.3715238095238099, 0.41330182599355525, 0.46626751241036957, 0.4997017268445837, 0.5379353741496598, 0.5816056616194866, 0.6209396258503401, 0.659901098901099, 0.6969795918367354, 0.739401632653061, 0.7649668367346939, 0.8184897959183677, 0.8533537414965983, 0.8909406307977737, 0.9329761904761912, 0.9720136054421773, 1.0092943071965628, 1.039630385487528, 1.0749110787172012, 1.1281235230934479, 1.1626229860365196, 1.218]",4.8,25,-7.2,1.406,1.399
38,"[0.003, 0.00500947521865889, 0.007500351864883896, 0.010511836734693868, 0.013489795918367306, 0.018313325330132, 0.02326426841923214, 0.02838483965014576, 0.03462080315997367, 0.04131938775510199, 0.04830442176870763, 0.05487755102040828, 0.06341836734693894, 0.0730242691671264, 0.08302857142857131, 0.09210311493018228, 0.09995612244897958, 0.11455316863587531, 0.1239398786541643, 0.13792163265306112, 0.14886194477791112, 0.1649813664596273, 0.1861394557823124, 0.21117091836734686, 0.23572740524781335, 0.26577210884353725, 0.30288936627282476, 0.33970711527854386, 0.3814285714285714, 0.4205215419501132, 0.45871282798833823, 0.5008579591836734, 0.533883830455259, 0.5806462585034013, 0.6216683673469381, 0.6613809523809515, 0.6922660762418172, 0.7268027210884346, 0.7609632653061223, 0.8054455782312923, 0.8441374865735767, 0.8803129251700679, 0.9171785714285714, 0.9564506802721082, 0.9939869387755101, 1.0259551020408157, 1.0677080062794346, 1.1125667903525045, 1.1554557823129243, 1.2]",4.8,25,-7.2,1.391,1.385
39,"[0.003, 0.0050091107871719975, 0.007600742115027822, 0.00981377551020402, 0.01294321206743559, 0.01775850340136082, 0.021980026052974378, 0.028431428571428604, 0.03294387755102043, 0.04098144712430426, 0.047463821892393225, 0.053890045814244045, 0.06172902494331051, 0.07016326530612256, 0.08134523809523812, 0.09155102040816311, 0.10163567649281942, 0.11326734693877553, 0.12424489795918359, 0.1374466754443713, 0.1485811467444119, 0.16405494505494517, 0.18109795918367352, 0.2038381924198251, 0.23292979591836735, 0.26358503401360495, 0.2988046647230319, 0.33639888682745817, 0.36071428571428543, 0.40197732426303856, 0.4505440517670483, 0.49624344023323613, 0.5251088435374142, 0.5751598639455782, 0.6182414965986391, 0.6506054421768704, 0.6846709183673467, 0.7162086167800444, 0.7623979591836731, 0.7994829931972784, 0.8310680272108836, 0.8679883381924194, 0.9090476190476197, 0.9478282312925171, 0.9839499072356215, 1.010620518477661, 1.067068343616516, 1.0976649659863946, 1.1451131725417438, 1.19]",4.8,25,-7.2,1.382,1.373
40,"[0.003, 0.004822213500784916, 0.007476981490270538, 0.010254317111459941, 0.013373573158076696, 0.017888742593811745, 0.02401632653061224, 0.028172932330826964, 0.03426745435016112, 0.04054685547688461, 0.04772553102873805, 0.05425979040264766, 0.0634024489795917, 0.0715085493656922, 0.08034586466165416, 0.08950728862973753, 0.10036297376093267, 0.11203673469387752, 0.12173469387755095, 0.13610775510204084, 0.14438535414165662, 0.1659523809523801, 0.18313748657357667, 0.20355782312925155, 0.2276848979591837, 0.2622154195011336, 0.2921054421768705, 0.33112925170068014, 0.3656479591836735, 0.40699149659863915, 0.44710664911125725, 0.4867583243823844, 0.525612973760933, 0.5618843537414965, 0.6063866809881845, 0.6296171428571429, 0.6748348794063082, 0.7078231292516992, 0.7418911564625844, 0.7809261418853253, 0.817720408163265, 0.8583242630385485, 0.8939523809523809, 0.9338231292517009, 0.9695306122448978, 0.9957021511307226, 1.0528257456828882, 1.0838431122448977, 1.121341568206229, 1.173]",4.8,25,-7.2,1.374,1.365
41,"[0.003, 0.005411681914144999, 0.0071545809813289155, 0.010520408163265226, 0.013517797816801161, 0.017447049089906245, 0.022514483212639946, 0.027697142857143277, 0.0332551020408165, 0.04141478212906783, 0.046745435016111905, 0.052519183673469486, 0.06176761026991457, 0.07110204081632657, 0.07882993197278917, 0.08813693219223181, 0.0979277864992154, 0.10983673469387789, 0.11955250463821893, 0.13282040816326537, 0.14549440421329832, 0.15769642857142874, 0.1778913994169095, 0.20192346938775507, 0.22346485260770982, 0.2557253401360545, 0.293714837286266, 0.33300313971742523, 0.35695714285714286, 0.3985040341718083, 0.4481213458356316, 0.4766377551020408, 0.5203816878102592, 0.5523975510204082, 0.5946734693877551, 0.6326057142857139, 0.6613979591836734, 0.699100340136054, 0.7360021482277121, 0.7736122448979584, 0.8075117739403451, 0.8464965986394561, 0.8820476190476191, 0.9242335600907033, 0.9586530612244898, 0.9943493877551018, 1.0371820408163266, 1.076548833819242, 1.1153945578231304, 1.154]",4.8,25,-7.2,1.359,1.351
42,"[0.003, 0.005865306122448949, 0.007649921507064721, 0.011765306122448858, 0.015471594043022542, 0.019343537414965587, 0.024747931605074484, 0.030011428571428595, 0.03626751241036956, 0.04320977693402935, 0.048427497314715295, 0.05498526077097506, 0.06458418367346942, 0.07157949691504518, 0.08084033613445371, 0.08962827988338189, 0.10039965986394557, 0.11242376950780321, 0.12448081632653069, 0.13334908700322248, 0.14482489795918363, 0.16504761904761914, 0.17774489795918405, 0.20727175080558552, 0.2342835660580022, 0.2610109329446063, 0.2925765306122448, 0.32866122448979596, 0.3671648351648352, 0.3929502040816328, 0.4460976676384842, 0.4805154707044107, 0.5155246598639456, 0.5516003401360545, 0.5879436345966956, 0.6260971428571429, 0.6582443463872035, 0.7073501611170783, 0.729658163265306, 0.7711170068027214, 0.8083256433007986, 0.8427125850340137, 0.8824523809523815, 0.9187772108843545, 0.9526777658431789, 0.991364081632653, 1.024717425431711, 1.0669532587228443, 1.1081737985516789, 1.154]",4.8,25,-7.2,1.348,1.337
43,"[0.003, 0.00508585503166783, 0.00725413939160569, 0.011035549703752501, 0.01297207303974222, 0.018445578231291813, 0.02276204950065118, 0.028607973421926888, 0.03508534322820037, 0.04049374588545096, 0.047383673469387724, 0.052083202511773966, 0.06326381284221005, 0.0697585034013599, 0.07860902255639063, 0.08832487589630442, 0.09712585034013581, 0.10749886621315165, 0.12051020408163259, 0.12883836734693874, 0.14376734693877555, 0.1587293233082701, 0.17450583090378996, 0.20354421768707456, 0.22329645542427476, 0.2631346938775509, 0.28751942067149433, 0.32145649838882895, 0.3623137755102041, 0.3852953813104184, 0.433376700680272, 0.47812925170068005, 0.5172373791621911, 0.5457482993197271, 0.584242691671263, 0.6216714285714284, 0.6484156820622979, 0.6893945578231302, 0.7203299319727889, 0.7618478664192951, 0.7984424198250728, 0.832843537414966, 0.8684135338345862, 0.9091672152732059, 0.9366487647690656, 0.9687739403453683, 1.0113163265306124, 1.0504340871483726, 1.090251700680272, 1.135]",4.8,25,-7.2,1.331,1.322
44,"[0.0, 0.004301320528211224, 0.005874878522837676, 0.008784527764594192, 0.01256477373558112, 0.016168531928900585, 0.021281261595547277, 0.025428571428571276, 0.032155746509129765, 0.03663010204081637, 0.043466096115865716, 0.05097551020408153, 0.05843764172335617, 0.06490929705215416, 0.07389285714285711, 0.08261387755102044, 0.09354935443565182, 0.10401360544217694, 0.11293632653061227, 0.12477332361516029, 0.1361559183673468, 0.15432967032966974, 0.16937575030011998, 0.1925871271585554, 0.22305522208883555, 0.24228979591836733, 0.2785075707702436, 0.3141374865735767, 0.34272200772200767, 0.37622126745435003, 0.4302538775510203, 0.46219727891156454, 0.4944353741496598, 0.5285136054421763, 0.566110544217687, 0.6008571428571439, 0.6342726530612244, 0.6743893249607537, 0.703384353741496, 0.7451972789115647, 0.7782514812376562, 0.814317937701396, 0.8524285714285698, 0.8809608843537416, 0.9149775510204075, 0.9563208163265305, 0.9933775510204071, 1.029689464975179, 1.0654302040816324, 1.116]",4.8,25,-7.2,1.31,1.295
45,"[0.0, 0.00419897959183679, 0.0065241675617615305, 0.010115102040816242, 0.014259026687598177, 0.01765816326530621, 0.02236887755102044, 0.02726373626373612, 0.034141988710377755, 0.03863923633969717, 0.04472876892692551, 0.05315978098556496, 0.05894040816326529, 0.06801877551020417, 0.07388479262672815, 0.086171808258187, 0.09526775510204083, 0.10196348012889361, 0.11536870748299359, 0.12633039161610593, 0.13618727490996393, 0.1525338345864661, 0.17551700680272073, 0.19338932496075345, 0.22200113378684785, 0.24812244897959201, 0.2801043083900227, 0.3086917950853811, 0.34020238095238087, 0.37691265306122446, 0.42075102040816315, 0.453069387755102, 0.490487528344671, 0.5292792696025779, 0.5627687074829929, 0.5970714285714287, 0.6164612244897959, 0.6633977509371095, 0.6912653061224487, 0.7276467817896387, 0.764942486085343, 0.7951439602868172, 0.8356071428571431, 0.8690595918367349, 0.8999115646258503, 0.93534693877551, 0.9715204081632652, 1.012423469387755, 1.0590743440233235, 1.098]",4.8,25,-7.2,1.298,1.288
46,"[0.003, 0.0059978134110786445, 0.00899639855942378, 0.011855287569573337, 0.015912300055157175, 0.01998906705539354, 0.02448194662480419, 0.029112244897959258, 0.0353953258722844, 0.04, 0.048186306780777004, 0.05490071704357424, 0.061759052007899946, 0.07032116004296446, 0.07923809523809533, 0.08564577259475217, 0.09592464678178954, 0.10615997366688612, 0.11556480970766692, 0.12395845481049567, 0.1423239795918367, 0.1536212624584718, 0.17533236151603493, 0.19794367346938768, 0.22340244897959163, 0.24775510204081638, 0.2868233236151603, 0.31422448979591844, 0.34508571428571444, 0.3843444897959184, 0.42056462585034016, 0.4523418367346938, 0.4892514577259474, 0.528081632653061, 0.5523983673469389, 0.5861142857142859, 0.6172711370262393, 0.6464177426072469, 0.6836669387755102, 0.7152755102040818, 0.747045918367347, 0.7852574061882818, 0.8193571428571429, 0.8436247531270571, 0.8786522448979593, 0.9137099892588612, 0.9535153061224491, 0.985010204081633, 1.0276734693877545, 1.075]",4.8,25,-7.2,1.271,1.259
47,"[0.0, 0.0037716492002207187, 0.0076167800453515394, 0.012, 0.01742517006802723, 0.024710204081632797, 0.031051020408163484, 0.03867428571428573, 0.0479544740973311, 0.05749167974882264, 0.06850340136054434, 0.07901020408163299, 0.0930330943188085, 0.101, 0.1140324675324676, 0.13060544217687092, 0.147, 0.16935374149659874, 0.19055673469387757, 0.21625877551020414, 0.24608503401360532, 0.28473469387755107, 0.3270033094318809, 0.36485260770975064, 0.4211235827664398, 0.4835646258503402, 0.5371105442176871, 0.5821514500537057, 0.6457771428571428, 0.703, 0.7545009874917709, 0.808, 0.868, 0.9037156023699803, 0.9501334379905808, 0.9898514285714285, 1.0316394557823125, 1.068584693877551, 1.1042448979591837, 1.1356413994169103, 1.1732016326530612, 1.201, 1.235451127819549, 1.2609489795918363, 1.292, 1.3157993197278917, 1.346, 1.37205612244898, 1.403, 1.433]",2.4,25,-7.2,1.548,1.518
48,"[0.001, 0.0041077551020408335, 0.0071797862001942, 0.01261816984858451, 0.018, 0.025841444270015567, 0.031025117739403262, 0.03943956043956032, 0.04962437948152226, 0.05901959183673463, 0.06923510204081633, 0.08075049374588533, 0.09126921406860612, 0.10384013605442162, 0.11741714285714268, 0.13399265306122443, 0.15428911564625844, 0.1724236734693876, 0.19199872448979588, 0.23019169096209915, 0.259, 0.297, 0.3314608843537413, 0.38, 0.43518367346938763, 0.4922588126159554, 0.536, 0.6032891156462581, 0.6553082706766917, 0.688960111317254, 0.7553027210884351, 0.7969720116618075, 0.8574336734693877, 0.899877551020408, 0.9434756671899526, 0.988, 1.0321918367346932, 1.0552996777658434, 1.0949493877551022, 1.1273171114599687, 1.1564591836734688, 1.187157998683344, 1.2148257142857142, 1.253, 1.2709608843537412, 1.3001231778425657, 1.324, 1.3537463556851306, 1.38, 1.411]",2.4,25,-7.2,1.522,1.517
49,"[0.0, 0.003626208378088059, 0.00757406188281767, 0.012169387755102278, 0.018583987441130177, 0.023926170468187177, 0.032135510204081515, 0.039, 0.04906422569027615, 0.057, 0.06877551020408162, 0.08020408163265283, 0.0906723952738989, 0.10094557823129219, 0.119, 0.135, 0.150534693877551, 0.16977061224489798, 0.194, 0.21923547880690705, 0.25521511307225586, 0.288, 0.322312925170068, 0.3758044217687073, 0.41527315541601245, 0.4767022263450833, 0.5314538775510202, 0.5977074829931971, 0.651595238095238, 0.6883705692803436, 0.7562474489795917, 0.8110644712430426, 0.8540722789115645, 0.8971360544217685, 0.9409387755102039, 0.987, 1.0232772108843533, 1.056, 1.0968537414965982, 1.128836734693878, 1.16, 1.1838148688046648, 1.2147542857142857, 1.250104489795918, 1.2727091836734687, 1.2977137341423055, 1.325725218658892, 1.351537056928034, 1.3781240816326528, 1.409]",2.4,25,-7.2,1.523,1.521
50,"[0.001, 0.004485383342526134, 0.008384463462804505, 0.012852769679300304, 0.018870748299319895, 0.026066326530612232, 0.03242581356867066, 0.0398685714285715, 0.04944557823129256, 0.05847655819084397, 0.06794367346938784, 0.07837925170068018, 0.09313411078717203, 0.10302607709750554, 0.12, 0.136, 0.1520938775510205, 0.17363893249607534, 0.19442176870748223, 0.22, 0.244597667638484, 0.2817785714285714, 0.31475364431486885, 0.37492778649921504, 0.4175578231292519, 0.4736138147566717, 0.5287629051620649, 0.5872028811524609, 0.642190476190476, 0.6956173469387755, 0.744, 0.7947292794668889, 0.8573355102040816, 0.8948194662480375, 0.947, 0.9905054945054943, 1.031, 1.0600995918367344, 1.1040603741496597, 1.1301173469387755, 1.161, 1.19089306122449, 1.2231314285714288, 1.2504865735767994, 1.2754001457725945, 1.302, 1.328, 1.355083202511774, 1.3785416012558867, 1.413]",2.4,25,-7.2,1.525,1.526
51,"[0.001, 0.0027142857142857454, 0.006874285714285635, 0.011492063492063477, 0.01703007518796987, 0.023492063492063477, 0.03, 0.0365, 0.04709890109890096, 0.0552090592334495, 0.06438248847926263, 0.07654945054945064, 0.0882582417582417, 0.1005714285714287, 0.111, 0.127, 0.1443045112781954, 0.1649920634920635, 0.1850079365079365, 0.20936904761904768, 0.23797619047619042, 0.2745, 0.3098571428571429, 0.368, 0.4133204633204633, 0.47041428571428573, 0.5088690476190477, 0.5798163265306124, 0.6412499999999999, 0.6983296703296703, 0.753, 0.8062197802197804, 0.8594057142857142, 0.9037953667953669, 0.9463877551020409, 0.9924999999999993, 1.037, 1.063, 1.1007380952380954, 1.131, 1.1667460317460316, 1.1971428571428575, 1.22544, 1.25715306122449, 1.2882619047619048, 1.308, 1.3358857142857146, 1.36, 1.388, 1.417]",2.4,25,-7.2,1.529,1.523
52,"[0.0, 0.005780776826859769, 0.0071122448979592506, 0.009491112574061837, 0.01265928744379118, 0.015294272547728664, 0.019774052478134074, 0.022610599078341037, 0.02638862353452017, 0.030247531270572805, 0.036164368450082786, 0.03860472610096667, 0.04437387755102048, 0.049307397959183284, 0.052571428571429414, 0.06008439051296197, 0.06403171114599682, 0.07253359880537578, 0.07684430546412112, 0.08452834467120177, 0.09435576392719244, 0.0991428571428569, 0.1118399570354456, 0.12245335276967925, 0.1299487624837169, 0.1455860058309037, 0.16160039499670845, 0.17852846401718572, 0.19875428571428555, 0.2229105180533753, 0.25033959183673454, 0.27677224489795915, 0.3011248979591832, 0.3175734693877552, 0.34598367346938835, 0.36942084942084946, 0.3930298273155412, 0.42079300291545163, 0.4400850340136053, 0.46543346938775537, 0.4917210884353737, 0.514058775510204, 0.5339447004608294, 0.5591106337271755, 0.5782367346938775, 0.6094548104956266, 0.6354048716260695, 0.656155976676385, 0.6887991407089155, 0.722]",7.2,25,-7.2,0.925,0.952
53,"[0.004, 0.005688196928255836, 0.008022881880024825, 0.009620408163265362, 0.011907785336356886, 0.014992758393680243, 0.017699110413396158, 0.021452380952381105, 0.025143690129113026, 0.02943591836734703, 0.03367055393586024, 0.03727836734693914, 0.043473800330943335, 0.04841138560687489, 0.05243554006968649, 0.05659278595159003, 0.06335878867676106, 0.06829051620648258, 0.0751290516206485, 0.08050032916392379, 0.08793102040816328, 0.0971071428571431, 0.10390016547159409, 0.11453598281417833, 0.12146088435374158, 0.13451510204081657, 0.1509013605442181, 0.16374775510204098, 0.18014285714285852, 0.19970408163265332, 0.22505442176870782, 0.2516310832025117, 0.2762768891340318, 0.3006860282574572, 0.31418693877551035, 0.35329192546583854, 0.37138265306122464, 0.40503352769679285, 0.4268259935553167, 0.44693795918367357, 0.46931486880466494, 0.5045532879818595, 0.5273609022556394, 0.5532668759811623, 0.5744353741496603, 0.6043191836734696, 0.6239269256089537, 0.6535408163265309, 0.6881707841031155, 0.721]",7.2,25,-7.2,0.933,0.935
54,"[0.005, 0.006016172506738578, 0.008443956043956096, 0.009696703296703338, 0.012577922077922092, 0.01504464285714286, 0.01868322981366463, 0.02220408163265312, 0.026688128772635777, 0.029742857142857265, 0.03431349206349211, 0.03826578073089697, 0.04460916442048511, 0.04759183673469396, 0.051666666666666174, 0.056784194528875315, 0.06334362934362944, 0.06792026578073093, 0.07571428571428553, 0.08249142857142847, 0.0891776061776062, 0.09727272727272727, 0.10485714285714255, 0.11248809523809522, 0.12453142857142858, 0.13261714285714277, 0.1492428571428571, 0.16201098901098904, 0.18118181818181806, 0.2015267857142855, 0.2251474654377879, 0.2491344537815121, 0.26832285714285703, 0.29889969604863226, 0.31596703296703255, 0.3484857142857139, 0.3742255639097749, 0.3994661654135334, 0.4210476190476191, 0.44155952380952396, 0.47156571428571414, 0.49671428571428583, 0.5186129032258068, 0.5475942857142855, 0.5673095238095237, 0.5976632653061221, 0.6270375939849623, 0.6464603174603174, 0.6799400921658983, 0.715]",7.2,25,-7.2,0.921,0.919
55,"[0.0, 0.005297118847539077, 0.007611382581201598, 0.009269926838659983, 0.012787360105332496, 0.016292645360030878, 0.017822872545244582, 0.022132653061224455, 0.025029154518950533, 0.029518827249209602, 0.033336734693878406, 0.037595438175270265, 0.042429046037019635, 0.04578590681555651, 0.05158188153310127, 0.05578633902540613, 0.06255694535878885, 0.06599100657212054, 0.07356559766763864, 0.08042201166180778, 0.08702923331494773, 0.09576785714285774, 0.10430852340936406, 0.11031452581032411, 0.12121387755102093, 0.1291836734693887, 0.1435826530612246, 0.16021938775510214, 0.1768095238095241, 0.19525886143931276, 0.21551020408163335, 0.24042176870748275, 0.26716180758017494, 0.29138231292517086, 0.3087448979591848, 0.3377669172932333, 0.3609637188208624, 0.38292517006802773, 0.4102025117739408, 0.4385583673469389, 0.46236054421768735, 0.4857020408163269, 0.5139450549450552, 0.5350553935860064, 0.5570157998683347, 0.5836997084548103, 0.6066734693877553, 0.6321924198250727, 0.6669073783359502, 0.702]",7.2,25,-7.2,0.904,0.895
56,"[0.004, 0.005970315398886869, 0.007903304178814402, 0.01007768268597762, 0.012724662746454557, 0.014928295642581378, 0.018339441899208685, 0.02147448979591843, 0.02533853541416571, 0.028506602641056512, 0.032596209912536506, 0.0373976300197501, 0.04236766091051817, 0.04613098330241194, 0.05147230320699702, 0.0553367346938776, 0.0605850340136051, 0.06756526761648055, 0.07254994629430721, 0.07931851311953349, 0.0839282422646477, 0.09310714285714307, 0.0997755102040823, 0.10911546723952749, 0.11604421768707483, 0.12784631403581848, 0.1421150673035172, 0.1560266875981164, 0.17485714285714327, 0.19160897959183695, 0.21364017185821718, 0.23803401360544033, 0.26018274582560297, 0.27793042671614115, 0.30638147566718976, 0.326857142857143, 0.35244173798551653, 0.374891156462585, 0.4000766685052399, 0.4206244897959186, 0.45008616780045346, 0.46829499072356223, 0.49218045112781994, 0.5132910204081632, 0.530656922228351, 0.5635889212827991, 0.5850037484381507, 0.6146870748299323, 0.644842448979592, 0.674]",7.2,25,-7.2,0.876,0.87
57,"[0.004, 0.005400644468313616, 0.00681559766763843, 0.008623547880690741, 0.011708673469387743, 0.014435131195335238, 0.016195523370638603, 0.02006949806949822, 0.02474775510204081, 0.027470637234485656, 0.032334693877550946, 0.03706508549365692, 0.04081563472846786, 0.04531705539358607, 0.048521594684385425, 0.0546118989968868, 0.05938317367763437, 0.06527130852340939, 0.07116489795918382, 0.07803591836734688, 0.0828081632653058, 0.09153061224489824, 0.09925349087003223, 0.10939161610590188, 0.11556979591836727, 0.12580639823496984, 0.13977658431793777, 0.15312734693877547, 0.17207142857142874, 0.1884254317111461, 0.20976227247655824, 0.2376351020408167, 0.2525646258503406, 0.2753061224489797, 0.30367591836734725, 0.3270918367346938, 0.35374973147153654, 0.37167419825072945, 0.3972993197278908, 0.4174664723032077, 0.4490302830809742, 0.4677882653061227, 0.4848457142857145, 0.5113265306122442, 0.5310859291084856, 0.5609466248037673, 0.5891464585834335, 0.6126281179138335, 0.6418492429229758, 0.675]",7.2,25,-7.2,0.873,0.867
58,"[0.004, 0.006152405916494919, 0.008089842833685171, 0.010485086342229047, 0.01260040312421264, 0.014747053751077877, 0.017961224489795855, 0.020946731234866716, 0.025801106883431287, 0.029101311953352797, 0.03261553653719535, 0.037046977281478675, 0.03981381475667187, 0.0450947521865889, 0.04927428571428574, 0.053922448979591746, 0.05840283939662827, 0.06381924198250717, 0.06957606679035246, 0.0768231292517007, 0.082760204081633, 0.08697252747252741, 0.09575559980089589, 0.10480782312925162, 0.1130528211284513, 0.12248442534908718, 0.13673224489795918, 0.14987796751353613, 0.1648163265306123, 0.18225026852846343, 0.20242687074829874, 0.22625206839492548, 0.24908378088077335, 0.2651836734693894, 0.28917625231910965, 0.31104608294930886, 0.3358462585034022, 0.3592755102040817, 0.38090568119139545, 0.4071551020408169, 0.4326574738003311, 0.4570440816326524, 0.4740549450549455, 0.49529591836734715, 0.5219965986394557, 0.5435779883381925, 0.5726750392464685, 0.5916473469387759, 0.6199036734693875, 0.658]",7.2,25,-7.2,0.852,0.841
59,"[0.0, 0.00646651336590979, 0.008383867832847482, 0.010441793618856002, 0.01265927240461403, 0.01538891028109357, 0.01871836734693875, 0.02145993031358893, 0.02422945394373965, 0.029198250728862903, 0.031858459512837355, 0.03568367346938758, 0.04049659863945493, 0.04477842565597661, 0.04879723502304133, 0.052494169096209874, 0.05862051847766125, 0.06423704866562009, 0.0693607871720116, 0.07527031189834418, 0.08000897959183668, 0.08911734693877545, 0.09728902371759515, 0.1008163265306122, 0.11424489795918369, 0.12439504373177836, 0.13309863945578188, 0.14611807580174907, 0.16433673469387736, 0.18388854003139654, 0.20120408163265302, 0.22681632653061207, 0.24026901669758813, 0.2545208163265307, 0.28963812842210057, 0.3063650793650778, 0.3306836734693876, 0.35037755102040663, 0.37476234364713523, 0.39637231108659665, 0.4187959183673466, 0.4427233560090699, 0.4639285714285713, 0.4834023323615155, 0.5088464017185818, 0.5289170068027207, 0.5571814058956917, 0.5822925170068023, 0.6079897959183662, 0.64]",7.2,25,-7.2,0.828,0.821
60,"[0.0, 0.005345138055222045, 0.008301523426271986, 0.010254251700680297, 0.012387755102040966, 0.014564625850340147, 0.017561553653719513, 0.019640074211502823, 0.02329947793070718, 0.027080376766091124, 0.031172481895984202, 0.03361789638932498, 0.0375789638932497, 0.042960384153661324, 0.045846753246753406, 0.050131322094055124, 0.05591982507288648, 0.06023918367346969, 0.0660561224489796, 0.07215986394557868, 0.07685659128516274, 0.08488571428571492, 0.09217869586859141, 0.09669387755102037, 0.10601061224489813, 0.11630217248189606, 0.12779544375889912, 0.13858693877551034, 0.1557885714285715, 0.17243171114599715, 0.19044326530612254, 0.2131420408163263, 0.22994344023323657, 0.24149921507064395, 0.27415997366688627, 0.2933506493506493, 0.3127959183673472, 0.33462448979591897, 0.3549363745498204, 0.3786550362080317, 0.4025344732487589, 0.42348037676609074, 0.4438095238095256, 0.46541036955322695, 0.4787861224489796, 0.5118615160349855, 0.5269349145063433, 0.5632354788069084, 0.5879567827130856, 0.613]",7.2,25,-7.2,0.801,0.801
61,"[0.004, 0.005898211136306288, 0.007469800041228663, 0.00899279711884756, 0.012211337868480727, 0.013919727891156466, 0.01795260039499685, 0.020057142857142756, 0.024206482593037273, 0.02702567478604344, 0.030869147659063463, 0.03426624803767671, 0.038307371928363226, 0.041416326530612224, 0.04659340659340662, 0.04952015928322556, 0.05637399145704794, 0.05994969150450896, 0.06636734693877548, 0.07270465922217935, 0.07563657770800633, 0.08435023041474668, 0.09208426596445023, 0.0968091836734696, 0.10851020408163262, 0.11647510204081613, 0.12730272108843585, 0.13885551020408163, 0.15546031746031738, 0.17406907378335904, 0.190221574344023, 0.2148673469387748, 0.2292433281004716, 0.24172752344180876, 0.2750354457572501, 0.2899845559845559, 0.31826530612244885, 0.33624489795918294, 0.3568367346938788, 0.38098510755653614, 0.4018618524332806, 0.42823755102040856, 0.4428571428571378, 0.4638192419825072, 0.48387346938775516, 0.5097659863945577, 0.5281542718782428, 0.5537074829931979, 0.5798848979591834, 0.617]",7.2,25,-7.2,0.799,0.788
62,"[0.002, 0.003294693877550862, 0.007, 0.010682215743440167, 0.016686953352769613, 0.021993197278911525, 0.027517006802720914, 0.03488095238095212, 0.04210495626822157, 0.05018367346938771, 0.0597596371882085, 0.06976020408163244, 0.0780340136054422, 0.0883979591836734, 0.10091428571428597, 0.11391968400263337, 0.13, 0.144, 0.16836734693877559, 0.18829674572531716, 0.2201195335276968, 0.248, 0.2763232653061224, 0.31866078323221186, 0.357, 0.4242728249194414, 0.465695194206715, 0.53, 0.5791758241758241, 0.633601711652403, 0.6805566893424038, 0.730754443712969, 0.7821147959183675, 0.8221870748299323, 0.869, 0.915, 0.9531689795918366, 0.9792541743970314, 1.0217660910518056, 1.045, 1.0827077551020408, 1.106, 1.1426165413533833, 1.1696231608922638, 1.198, 1.221821224489796, 1.2509914965986397, 1.277530612244898, 1.304, 1.331]",2.4,25,-7.2,1.457,1.395
63,"[0.001, 0.003, 0.007, 0.011, 0.016011904761904786, 0.021488095238095212, 0.02636190476190462, 0.03407999999999999, 0.04215714285714276, 0.05084169884169876, 0.05931336405529959, 0.06916909620991253, 0.081, 0.09537244897959181, 0.10763999999999994, 0.12421428571428544, 0.1413571428571429, 0.16289285714285728, 0.18485714285714291, 0.214, 0.24, 0.27141666666666653, 0.31076190476190496, 0.36805194805194813, 0.404, 0.4499714285714285, 0.505, 0.5558171428571429, 0.611, 0.6517738095238096, 0.715, 0.7520714285714285, 0.798, 0.8332664092664092, 0.8667857142857138, 0.9075, 0.9354285714285712, 0.9675864661654133, 0.9956685714285715, 1.0295476190476192, 1.0569942857142858, 1.0856071428571432, 1.113, 1.1405476190476196, 1.1630238095238095, 1.1837380952380954, 1.219, 1.238, 1.266, 1.295]",2.4,25,-7.2,1.403,1.394
64,"[0.001, 0.003438046647230319, 0.006741224489795849, 0.010312095569935271, 0.01488244897959184, 0.021, 0.026504833512352236, 0.03427428571428577, 0.0415168229453944, 0.051, 0.059, 0.06739183673469405, 0.077, 0.0960121345835632, 0.10705952380952356, 0.125, 0.139, 0.157, 0.181, 0.21423350735643085, 0.23491933916423696, 0.275, 0.314, 0.36, 0.41, 0.4573563579277864, 0.5114897959183672, 0.5654296455424275, 0.6182885714285714, 0.663, 0.7019664252797894, 0.749, 0.7829395918367347, 0.832, 0.868, 0.908, 0.9377339650145771, 0.968, 0.9969703752468728, 1.03, 1.0552612244897956, 1.086, 1.111, 1.1382006802721087, 1.162, 1.1779948979591834, 1.2107080062794346, 1.233, 1.2602360728075013, 1.287]",2.4,25,-7.2,1.398,1.392
65,"[0.001, 0.003, 0.007040816326530599, 0.010165754106520646, 0.015, 0.020373061224489755, 0.026504833512352236, 0.03424489795918371, 0.04228489795918372, 0.050532312925170034, 0.060284601113172534, 0.07010590182018758, 0.07687624837168915, 0.0938657357679914, 0.10803759398496225, 0.12505155746509114, 0.14069709989258838, 0.158, 0.18191102040816315, 0.21318794494541987, 0.24, 0.2762244897959182, 0.3186028257456827, 0.3633418367346938, 0.410925788497217, 0.461, 0.5163061224489796, 0.5667454350161116, 0.612238095238095, 0.662141156462585, 0.708, 0.7488634222919937, 0.78, 0.832, 0.8658911564625843, 0.909, 0.931, 0.964401360544217, 0.9918130170987312, 1.0282138775510203, 1.055, 1.0851043083900227, 1.1091785714285713, 1.137, 1.162, 1.185989795918367, 1.2127080062794346, 1.2297667638483964, 1.2547823129251698, 1.285]",2.4,25,-7.2,1.398,1.405
66,"[0.0, 0.003889872930304146, 0.008, 0.012, 0.016, 0.021616657473800233, 0.028, 0.03559845559845557, 0.042572562358276576, 0.05, 0.06, 0.07, 0.07795836734693865, 0.095, 0.10389142857142854, 0.1235804988662131, 0.1359844897959184, 0.15890731292517016, 0.176, 0.2108503401360546, 0.2339316326530612, 0.27241714285714286, 0.311, 0.3492567132116004, 0.40455102040816315, 0.46135747202106653, 0.5014242999525392, 0.546, 0.5992857142857143, 0.642, 0.6928759183673469, 0.7502910848549946, 0.786, 0.8307823129251701, 0.8658792517006804, 0.905, 0.939, 0.9746734693877543, 1.0019336734693878, 1.0366509129967778, 1.0605542427497312, 1.0895941043083899, 1.1191785714285718, 1.144, 1.166, 1.1873066740209597, 1.2119377551020407, 1.2368210361067506, 1.2624734693877548, 1.292]",2.4,25,-7.2,1.403,1.403
67,"[0.003, 0.004281690140845044, 0.00639130434782605, 0.009162790697674445, 0.01255999999999995, 0.016675675675675697, 0.018714285714285715, 0.023102040816326472, 0.02930769230769236, 0.0334210526315789, 0.03860000000000004, 0.04439999999999995, 0.05129411764705865, 0.056694915254237324, 0.06539285714285717, 0.07492307692307676, 0.08030769230769226, 0.08861111111111108, 0.10300000000000013, 0.11286486486486494, 0.1286428571428572, 0.14151351351351352, 0.16361538461538452, 0.188264705882353, 0.2135600000000001, 0.23484000000000002, 0.26163999999999993, 0.2814210526315791, 0.3273600000000001, 0.3488333333333334, 0.37644000000000005, 0.411375, 0.43769230769230716, 0.465, 0.4940769230769229, 0.5168800000000007, 0.5530000000000009, 0.5831111111111117, 0.6037894736842105, 0.631, 0.6630833333333339, 0.6912400000000001, 0.7163333333333328, 0.7385833333333333, 0.7611200000000002, 0.7923333333333341, 0.8196818181818185, 0.8473076923076928, 0.8791111111111117, 0.914]",4.8,25,-7.2,1.101,1.124
68,"[0.003, 0.004420663265306154, 0.007163265306122541, 0.009611411911703437, 0.012679639297579514, 0.015967269926838664, 0.019939909297052374, 0.024033434650455997, 0.02794272547728779, 0.03424562682215749, 0.039348760932944614, 0.04502040816326548, 0.05099117484831789, 0.05799918367346954, 0.0644155844155845, 0.07296194153337016, 0.08030174927113704, 0.08857871720116632, 0.09769679300291556, 0.10861224489795938, 0.11784489795918351, 0.13764835164835162, 0.15053061224489803, 0.16677080062794375, 0.18838668098818495, 0.22209329446064074, 0.24648321263989467, 0.27246938775510215, 0.3026402116402117, 0.33516156462585056, 0.35896194153337013, 0.39093731778425655, 0.4231118367346938, 0.45723952738990337, 0.4773070716658755, 0.5040549450549449, 0.5337925170068025, 0.5650085929108483, 0.5928973008558261, 0.6212057823129253, 0.6409538131041894, 0.6756620408163267, 0.703879120879121, 0.732725947521867, 0.7605251978342357, 0.7884387755102038, 0.8196416326530611, 0.845705215419501, 0.8743523093447901, 0.908]",4.8,25,-7.2,1.113,1.114
69,"[0.003, 0.004561602418745184, 0.006194662480376671, 0.00864264889629314, 0.01208495491219737, 0.016159013605442078, 0.018778969214804528, 0.023105990783409937, 0.02756530612244887, 0.03295578231292483, 0.03686844023323614, 0.04192548647365914, 0.049385780118498944, 0.056164339419978365, 0.06154761904761878, 0.07007591836734679, 0.08009762824048527, 0.08631462585033987, 0.09563510204081611, 0.10585400313971732, 0.11732361516034932, 0.131053571428571, 0.1464319727891152, 0.16156094870380577, 0.1869909297052156, 0.20902721088435464, 0.2313137161841482, 0.2665340136054422, 0.28673015873015884, 0.3208970315398887, 0.3565559183673469, 0.38331632653061226, 0.40795691609977325, 0.43969897959183707, 0.4716460794844253, 0.49595238095238087, 0.5261514500537056, 0.5508389409817981, 0.5844975179260895, 0.6125456498388828, 0.6360884353741496, 0.6583078231292516, 0.6969821428571428, 0.7214758324382388, 0.7535886143931255, 0.777391156462585, 0.8098874259381172, 0.8307363945578232, 0.8734727891156461, 0.911]",4.8,25,-7.2,1.101,1.088
70,"[0.003, 0.0038707482993197446, 0.006610031964593078, 0.008630570595585245, 0.011726793943383789, 0.01460531382364264, 0.018293135435992522, 0.02172886297376091, 0.026950612244898007, 0.03227195064072157, 0.03811734693877557, 0.04305295091009385, 0.048793285055957904, 0.05555140546784755, 0.06276833976833977, 0.06869294990723572, 0.0782879008746356, 0.08533709912536443, 0.09569551020408165, 0.10294040816326527, 0.11751814058956903, 0.13229616724738671, 0.15038662131519254, 0.16712682215743419, 0.19210367346938764, 0.21454779806659502, 0.24607482993197233, 0.2652267573696146, 0.30627988338192425, 0.3311715388858245, 0.35645959183673465, 0.3935424274973147, 0.42296979591836703, 0.45306254114549027, 0.4841502040816327, 0.5041028571428573, 0.5433656462585038, 0.5600340136054419, 0.5983877551020408, 0.6231147959183673, 0.6488661224489798, 0.6829115646258505, 0.7154114285714285, 0.7420170068027216, 0.7641036955322671, 0.80012047399605, 0.8300689464975178, 0.8502824919441461, 0.8863780880773361, 0.918]",4.8,25,-7.2,1.106,1.101
71,"[0.003, 0.005475295381310417, 0.0077663802363050075, 0.011003113109650667, 0.013822251481237766, 0.01754448979591851, 0.019905456059975037, 0.02532298136645954, 0.030179591836734618, 0.03421589688506997, 0.03926122448979606, 0.044855368234250244, 0.05247531270572746, 0.05740618828176415, 0.0638986175115208, 0.07156976259891712, 0.07907535321821046, 0.08722712310730739, 0.09803241296518597, 0.11004154518950432, 0.12230336458907888, 0.13586813186813196, 0.14786470143612995, 0.17033632653061223, 0.19371755102040802, 0.2148382653061224, 0.24847566718995262, 0.26974612244897955, 0.2990115830115829, 0.33327102040816325, 0.3571394557823131, 0.3827535321821033, 0.41876295133437946, 0.4458367346938779, 0.4668469387755103, 0.48759398496240564, 0.5241836734693872, 0.548130612244898, 0.5742176870748251, 0.6060209597352452, 0.6295187074829932, 0.6556894649751791, 0.6826263736263735, 0.7088480725623573, 0.7269477551020408, 0.7597296959600167, 0.7956513605442173, 0.8167830290010739, 0.8537151020408158, 0.886]",4.8,25,-7.2,1.077,1.082
72,"[0.0, 0.0025562870309414174, 0.006127669672520169, 0.008925788497217127, 0.015499271137026293, 0.021060121345835705, 0.026646938775510148, 0.03340476190476206, 0.03870125922709517, 0.048246467817896446, 0.058, 0.06689115646258512, 0.0766283566058005, 0.08753061224489861, 0.09961904761904766, 0.114, 0.1295675413022354, 0.14764653061224506, 0.16769632653061228, 0.19110612244897957, 0.2220359183673469, 0.2467443609022558, 0.28229931972789124, 0.3206054421768709, 0.363, 0.4078749177090192, 0.46, 0.508, 0.5548095238095242, 0.6035620408163266, 0.650386680988185, 0.7014118367346939, 0.739, 0.799, 0.8313605442176872, 0.8699523809523804, 0.9139737609329438, 0.9410424489795921, 0.9776922448979593, 1.012, 1.038, 1.0662040816326537, 1.0977314285714286, 1.121804664723032, 1.1488979591836732, 1.174059423769508, 1.20141768707483, 1.226, 1.2509502040816327, 1.284]",2.4,25,-7.2,1.402,1.369
73,"[0.001, 0.003596072391220693, 0.006356315499172606, 0.009878500237304315, 0.01541469387755094, 0.020913265306122523, 0.028, 0.035, 0.040727891156462505, 0.04877721088435381, 0.0582231731402238, 0.06830040816326534, 0.07839455782312922, 0.09227478134110793, 0.103, 0.119, 0.137, 0.155, 0.18014612244897965, 0.20353920515574642, 0.2297282491944147, 0.27005714285714283, 0.305, 0.345, 0.3930107411385608, 0.432, 0.487213581984518, 0.5238206997084548, 0.568, 0.611, 0.6670975056689343, 0.7057623906705538, 0.747, 0.7905023547880694, 0.8297648979591835, 0.864, 0.9011451247165533, 0.932, 0.966, 0.992, 1.0264478134110786, 1.0532511773940347, 1.0825115207373273, 1.111, 1.134, 1.155, 1.183, 1.2019526530612246, 1.230764577259475, 1.264]",2.4,25,-7.2,1.376,1.368
74,"[0.002, 0.004490212411495202, 0.008, 0.011, 0.01667346938775496, 0.022, 0.02756489795918361, 0.03517261904761903, 0.04247755102040801, 0.052, 0.059054730983302405, 0.06930055658627086, 0.07852979591836735, 0.09461622697859623, 0.10937142857142848, 0.12348979591836724, 0.13885306122448973, 0.158, 0.178, 0.20746993932708208, 0.23107768268597761, 0.26561461794019936, 0.30605795918367346, 0.35187244897959163, 0.387, 0.43680847723704846, 0.48760893546607825, 0.5276306780776826, 0.562, 0.6273990929705214, 0.668, 0.712, 0.7622947845804987, 0.798486394557823, 0.8329659863945577, 0.8729761904761897, 0.9026980792316927, 0.937, 0.9662959183673462, 0.999, 1.027, 1.0581598639455783, 1.0808872180451128, 1.112, 1.1371496598639461, 1.1620367346938774, 1.1867951020408158, 1.2063732993197278, 1.2304278425655975, 1.259]",2.4,25,-7.2,1.369,1.365
75,"[0.001, 0.003533061224489917, 0.007, 0.010721088435374304, 0.014892244897959157, 0.019, 0.026829931972789066, 0.03193142857142862, 0.039400644468313616, 0.05030867346938796, 0.055, 0.065, 0.07915865701119154, 0.08861588921282809, 0.10208730158730153, 0.11715816326530622, 0.13259268707482996, 0.151, 0.17397959183673475, 0.19888629737609337, 0.2247108843537415, 0.2601904761904763, 0.29741743970315393, 0.338, 0.386, 0.42576653061224495, 0.483, 0.5308180272108846, 0.5772603686635944, 0.6211927437641723, 0.6643458356315499, 0.7095248979591837, 0.746, 0.7948288854003142, 0.828, 0.863, 0.904, 0.939, 0.9680782312925171, 1.0002891156462594, 1.029, 1.0536955102040817, 1.0844787644787646, 1.1081700680272106, 1.131, 1.154, 1.1850010741138561, 1.199, 1.2255069387755102, 1.252]",2.4,25,-7.2,1.367,1.363
76,"[0.002, 0.0033200859291083575, 0.00700347372991752, 0.010713085234093653, 0.015, 0.020700680272108866, 0.025, 0.03342857142857129, 0.04122612244897964, 0.04894938775510196, 0.057957725947521736, 0.06705129619415337, 0.078, 0.088, 0.09892571428571431, 0.118, 0.132, 0.152, 0.172, 0.2032729591836735, 0.22630272108843547, 0.261, 0.2963795918367349, 0.33599234693877555, 0.3819983673469387, 0.431, 0.4810174927113702, 0.5283681632653061, 0.5695752895752896, 0.622, 0.6701472697186983, 0.7109739229024944, 0.75, 0.796, 0.8318637261356155, 0.867, 0.901, 0.9388477237048662, 0.9656243794815224, 0.992, 1.027605442176871, 1.057, 1.075, 1.1052925170068029, 1.1286636734693878, 1.148, 1.1810580847723704, 1.1999874411302984, 1.2229967346938775, 1.255]",2.4,25,-7.2,1.365,1.362
77,"[0.001, 0.003972610096670156, 0.007253582283977421, 0.010852769679300303, 0.015114795918367252, 0.021, 0.026637261356155344, 0.03310038610038608, 0.041, 0.04964217687074828, 0.06040618828176435, 0.06750204081632652, 0.079, 0.08894104308390025, 0.10370238095238103, 0.121, 0.1317551020408164, 0.153, 0.175, 0.203, 0.2290311493018261, 0.2610119047619048, 0.3100056689342403, 0.34451020408163335, 0.384, 0.434, 0.4832154195011336, 0.5324081632653064, 0.562, 0.6234013605442177, 0.683, 0.7210306122448981, 0.7620385487528345, 0.791, 0.8346020408163268, 0.87, 0.9063530612244899, 0.936, 0.9619822251481237, 0.9963002915451896, 1.0261821036106755, 1.0542210884353755, 1.0801071428571434, 1.107, 1.130700680272109, 1.147, 1.184020408163266, 1.2015068027210891, 1.23, 1.256]",2.4,25,-7.2,1.365,1.366
78,"[0.0, 0.002678871548619504, 0.006446530612244987, 0.00930923555863026, 0.013859291084854765, 0.01846477946017114, 0.02464446831364125, 0.03150230414746537, 0.038043537414965946, 0.046, 0.055562682215743515, 0.06464965986394501, 0.07419918367346925, 0.08792778649921504, 0.099, 0.115, 0.13057653061224522, 0.151, 0.17325592939878648, 0.1966780045351466, 0.223, 0.261, 0.293, 0.341, 0.386, 0.43, 0.47042176870748287, 0.5236836734693876, 0.564488721804511, 0.6107974882260594, 0.6628179591836735, 0.7063412244897956, 0.751, 0.7917693877551016, 0.833, 0.8707050691244239, 0.9007891156462585, 0.9376169544740971, 0.968, 0.997, 1.027605442176871, 1.0523352769679302, 1.0833771428571426, 1.108085034013604, 1.134, 1.15134693877551, 1.1823555316863583, 1.2052848639455782, 1.2276747860434494, 1.26]",2.4,25,-7.2,1.369,1.368
79,"[0.001, 0.004385780118498941, 0.00731851311953346, 0.011, 0.016326530612244858, 0.021, 0.02688527302813009, 0.03336263736263743, 0.041, 0.04966530612244888, 0.059, 0.06802204081632655, 0.07803924646781783, 0.0888739067055393, 0.10070238095238067, 0.11796777658431803, 0.13343931256713198, 0.15086588921282795, 0.17452653061224466, 0.2060862140774677, 0.2277208454810495, 0.2621269841269839, 0.3, 0.3388950437317785, 0.3858808163265306, 0.42974829931972763, 0.4834704618689578, 0.519813104189044, 0.5783026634382565, 0.6214013605442174, 0.6730572745227122, 0.706, 0.7501302982731552, 0.798, 0.8317294272547727, 0.8695317460317459, 0.9026353741496597, 0.9347395918367347, 0.9684986210700496, 0.995, 1.0271972789115644, 1.055, 1.083, 1.111, 1.1382335600907028, 1.1519632653061225, 1.18, 1.206, 1.2293705692803434, 1.252]",2.4,25,-7.2,1.369,1.371
80,"[0.002, 0.0028502248356969866, 0.006088435374149632, 0.010234485630987073, 0.014, 0.01988506981740057, 0.026, 0.032714285714285675, 0.04, 0.04797789115646241, 0.056268221574344045, 0.06640816326530613, 0.07706997084548099, 0.0880122448979587, 0.1008571428571428, 0.11787074829931954, 0.129, 0.15481462585034025, 0.17491755102040826, 0.203, 0.229, 0.25654887218045114, 0.3008591836734696, 0.334, 0.386, 0.42839089481946624, 0.4814373177842565, 0.53, 0.5742857142857143, 0.6119557823129251, 0.6578759183673469, 0.705, 0.7479689795918366, 0.789, 0.8324220408163264, 0.8694474393530996, 0.906, 0.9335578231292514, 0.966, 0.9949096209912545, 1.025554242749731, 1.0538911564625852, 1.0813824884792629, 1.107, 1.1318602825745683, 1.1489823496966354, 1.179, 1.201, 1.225, 1.257]",2.4,25,-7.2,1.366,1.366
81,"[0.0, 0.0031770408163265236, 0.007, 0.009902099970422983, 0.0157943485086339, 0.02, 0.027, 0.03367173252279634, 0.04081946624803778, 0.048469387755102004, 0.057, 0.06791241496598627, 0.07667918367346926, 0.09, 0.102, 0.11785204081632641, 0.134, 0.15349409237379166, 0.17639455782312918, 0.20187925170068, 0.228, 0.2667472527472526, 0.304, 0.332703231292517, 0.3970954575378539, 0.44301360544217583, 0.48162493105350235, 0.5291160042964553, 0.5794344023323614, 0.6197367346938774, 0.674, 0.716566595059076, 0.756, 0.8022419825072884, 0.8358310204081629, 0.8689150579150577, 0.9075521541950113, 0.9368008163265304, 0.9698440816326531, 0.9967653061224493, 1.029, 1.055, 1.083, 1.110085034013604, 1.1352653061224476, 1.15334693877551, 1.1863555316863583, 1.2010557823129246, 1.2266598639455781, 1.258]",2.4,25,-7.2,1.368,1.368
82,"[0.003, 0.004501206934386698, 0.006488979591836813, 0.009076668505239962, 0.012938775510204031, 0.015694535878867717, 0.018420585625554636, 0.023406593406593557, 0.027772108843537473, 0.032365140650854954, 0.03737414965986308, 0.04204739960500343, 0.04894667544437139, 0.05396075353218208, 0.06251737451737467, 0.0704312047399605, 0.07627183673469398, 0.0851166180758018, 0.0960006583278473, 0.10398815009874907, 0.11971114599686027, 0.1353660714285716, 0.1516576994434137, 0.17093440233236157, 0.19589115646258512, 0.21693224489795923, 0.24083346938775493, 0.27056244897959186, 0.29928571428571416, 0.33312585034013614, 0.35670748299319766, 0.3827562051847766, 0.4162873469387751, 0.4358204914618909, 0.4690704081632654, 0.48297714285714277, 0.521852433281004, 0.5429421768707493, 0.5747510204081633, 0.6053151020408162, 0.6294160997732425, 0.657648452929559, 0.6819285714285716, 0.7101730612244898, 0.7295521541950116, 0.7616620408163266, 0.7930181405895689, 0.8122359693877547, 0.8480138483965016, 0.878]",4.8,25,-7.2,1.057,1.078
83,"[0.0, 0.003840864917395533, 0.007137081247593401, 0.008824960753532174, 0.011922663802363054, 0.014528837622005316, 0.019404452690167044, 0.022461794019933628, 0.028161807580174992, 0.03235167638483968, 0.03688860544217704, 0.043353522053982886, 0.04930659705742767, 0.05495808052950915, 0.05993697478991596, 0.07140561224489814, 0.07518294460641403, 0.08415020408163268, 0.09389795918367377, 0.1043794815223388, 0.11442300556586288, 0.12881142857142852, 0.1477629513343799, 0.16174522712310715, 0.18339455782313024, 0.208656462585034, 0.23477791116446586, 0.2578649173955296, 0.29838721804511287, 0.3165578231292518, 0.3439670836076365, 0.38218448979591846, 0.41204081632653045, 0.44087528344671134, 0.45993270821842247, 0.4856785714285718, 0.513721938775511, 0.5428520408163261, 0.578072886297376, 0.6030538775510208, 0.627589569160997, 0.6603129251700673, 0.6789892857142859, 0.7094671201814062, 0.7320967169476484, 0.762154336734694, 0.7927891156462585, 0.8111207942636516, 0.8408639455782312, 0.885]",4.8,25,-7.2,1.067,1.069
84,"[0.002, 0.004509706321552955, 0.0061235621521335635, 0.008985067197610688, 0.010891056422569063, 0.014633746355685094, 0.01865670553935864, 0.021899613899613923, 0.027194589463692503, 0.03324544953116382, 0.0369183673469389, 0.04255510204081629, 0.04758852730281307, 0.05472090457804743, 0.05995798319327735, 0.06971882086167809, 0.0763945578231298, 0.08260544217687071, 0.09178845196615223, 0.10181246552675124, 0.11685422740524774, 0.13051428571428575, 0.14214500537056918, 0.16330019749835414, 0.18664795918367347, 0.21247591836734694, 0.23728979591836719, 0.2611452301850974, 0.29079699248120305, 0.32144163265306136, 0.3470351020408162, 0.37994557823129366, 0.4130912996777658, 0.44229061224489774, 0.4724608843537413, 0.48836904761904804, 0.5235635792778648, 0.5467379591836733, 0.5768537414965983, 0.6034008163265306, 0.6319931972789113, 0.6591513605442175, 0.6881190476190471, 0.7110932944606416, 0.7421450053705692, 0.7682593037214884, 0.7951704357418645, 0.8115942376950782, 0.8452158968850695, 0.89]",4.8,25,-7.2,1.073,1.07
85,"[0.003, 0.003923256802721084, 0.005040816326530677, 0.008123317412071156, 0.010968056787932568, 0.013036281179138534, 0.016951836734694053, 0.020687258687258733, 0.025442010950721888, 0.03130775510204092, 0.03637306122448993, 0.040826530612245046, 0.04478367346938767, 0.052968979591836766, 0.0600714285714287, 0.06712463556851316, 0.07336588921282806, 0.08015020408163268, 0.09121551020408168, 0.1001897407611694, 0.10997959183673481, 0.12414285714285697, 0.1387827988338193, 0.15682507288629727, 0.1748990929705216, 0.19996938775510179, 0.23012074829932003, 0.24757434402332362, 0.2822942857142858, 0.31309045780474354, 0.3364783673469387, 0.3666632653061224, 0.3985204081632653, 0.42651797862001917, 0.4561700680272105, 0.47435714285714314, 0.501629251700681, 0.5309544740973311, 0.565072886297376, 0.5890177228786252, 0.6161773940345366, 0.6446564625850342, 0.6732142857142855, 0.6963503401360549, 0.7179766763848389, 0.752338775510204, 0.7771574344023325, 0.7997278911564631, 0.8295759637188206, 0.873]",4.8,25,-7.2,1.057,1.059
86,"[0.003, 0.00417379855167877, 0.006538567969560744, 0.007940973312401905, 0.011382040816326608, 0.014748469387755078, 0.01813860544217702, 0.021377880184331795, 0.02652408163265306, 0.03110358105506362, 0.036830809743252244, 0.04209061224489795, 0.047804421768707334, 0.05422050771528129, 0.06079428571428599, 0.06798469387755089, 0.07449441663457843, 0.0819673469387755, 0.09072108843537423, 0.10027289985761746, 0.11184573829531824, 0.1285939849624061, 0.1388700322234156, 0.15865759637188245, 0.1816794217687076, 0.20625570228091233, 0.22184134298880845, 0.2531646258503403, 0.2863142857142858, 0.3106244897959183, 0.341886054421769, 0.3710068027210894, 0.40046938775510255, 0.43286394557823277, 0.461197278911564, 0.4790057142857145, 0.5122798833819245, 0.5336138775510205, 0.565789115646259, 0.5939212827988339, 0.621751700680272, 0.644755918367347, 0.6724360902255639, 0.6995133437990582, 0.7282879008746356, 0.7515748299319722, 0.7816122448979593, 0.8047687074829937, 0.8319624931053502, 0.867]",4.8,25,-7.2,1.058,1.047
87,"[0.001, 0.004, 0.007026938775510211, 0.011246622592699112, 0.016006307977736597, 0.020181972789115786, 0.027, 0.034, 0.04, 0.048, 0.05580697278911569, 0.06532040816326533, 0.07374513526340767, 0.08765306122448999, 0.10064285714285723, 0.1126625364431487, 0.128, 0.15, 0.16444244897959198, 0.2, 0.2255262390670554, 0.253, 0.295, 0.33222341568206226, 0.389, 0.443, 0.485, 0.5332416756176156, 0.5799047619047617, 0.6147369614512471, 0.674, 0.709, 0.7564948979591836, 0.792845804988662, 0.8354973147153597, 0.867, 0.902020408163266, 0.9344383673469387, 0.967, 0.993, 1.023, 1.051, 1.078, 1.1036808905380333, 1.1286360544217686, 1.1514710884353743, 1.1722363050483349, 1.198, 1.2207312925170068, 1.245]",2.4,25,-7.2,1.362,1.329
88,"[0.002, 0.00408912952936274, 0.006, 0.01, 0.01576154672395295, 0.020539929015084366, 0.02743179377013971, 0.032661654135338336, 0.04215755102040822, 0.048, 0.058386938775510266, 0.06842320085929111, 0.08025632653061224, 0.08975598935226264, 0.10685714285714264, 0.12079251700680284, 0.143, 0.159, 0.1807844897959185, 0.215, 0.23805782312925208, 0.279, 0.3143424036281184, 0.36, 0.40098469387755126, 0.43803061224489825, 0.4877175951461666, 0.5336734693877552, 0.5709314285714288, 0.619, 0.663763694951665, 0.7191836734693877, 0.7536713211600431, 0.785, 0.8274574829931977, 0.86, 0.88687074829932, 0.916, 0.9449306122448979, 0.978, 1.0030770975056684, 1.0316145124716554, 1.0526885714285714, 1.080933106575964, 1.1043163265306128, 1.1290805585392054, 1.15, 1.171, 1.199, 1.225]",2.4,25,-7.2,1.334,1.33
89,"[0.002, 0.0044906832298137415, 0.007, 0.011, 0.015, 0.021, 0.026, 0.033, 0.041, 0.049, 0.059, 0.069, 0.079, 0.09348979591836733, 0.10805555555555567, 0.1199670329670329, 0.1422976190476191, 0.157, 0.18317142857142857, 0.21, 0.23772350230414757, 0.2678918918918919, 0.3095476190476191, 0.3593571428571434, 0.4050549450549452, 0.4396293436293437, 0.4942742857142858, 0.543, 0.569, 0.617, 0.663, 0.701, 0.7464835164835164, 0.7806405529953917, 0.822, 0.8568461538461541, 0.8827428571428572, 0.914, 0.9453015873015865, 0.980098901098901, 0.999885714285714, 1.029, 1.053, 1.083, 1.103, 1.1242625482625483, 1.155, 1.173238095238095, 1.1932380952380957, 1.217]",2.4,25,-7.2,1.335,1.336
90,"[0.001, 0.0037476051645148195, 0.006391375905200761, 0.01, 0.015396348012889432, 0.020513605442176956, 0.025458437033349896, 0.032202380952380955, 0.03962367346938787, 0.0490289115646257, 0.058184807256235815, 0.06624214009928296, 0.07927715602369985, 0.092, 0.1061566820276498, 0.12019387755102044, 0.13370306122448972, 0.151, 0.1789755102040817, 0.209, 0.23220139634801293, 0.2633492063492064, 0.3032367346938776, 0.3531342642320086, 0.38716797488226073, 0.4381360544217688, 0.482, 0.5278832653061225, 0.5752355212355212, 0.6144393125671322, 0.6660995918367347, 0.7, 0.7327384044526901, 0.783, 0.8119727891156464, 0.853, 0.8840430839002267, 0.915, 0.944838940981798, 0.975, 1.0031773940345372, 1.0301043083900232, 1.0560476190476191, 1.0817670068027214, 1.1038493683187562, 1.128, 1.150510204081633, 1.178311224489796, 1.203, 1.228]",2.4,25,-7.2,1.336,1.341
91,"[0.0, 0.003612244897959181, 0.006, 0.01, 0.014, 0.019688775510203822, 0.025241036955322732, 0.032, 0.03806444683136416, 0.04631510204081631, 0.054, 0.0651400992829564, 0.07525990396158463, 0.08634156820622982, 0.1011013824884792, 0.11531632653061205, 0.129, 0.152, 0.167, 0.19846712018140605, 0.22362755102040824, 0.26107142857142873, 0.2926076066790353, 0.3380566893424038, 0.37559297052154195, 0.42730612244897953, 0.45892150706436435, 0.508, 0.55, 0.596, 0.643227405247814, 0.6878097959183672, 0.729835918367347, 0.7706167800453516, 0.8067585034013607, 0.8480451127819545, 0.881, 0.9141342988808429, 0.9394544953116382, 0.9742187755102043, 1.0052401883830453, 1.0265807050092766, 1.058, 1.0841081632653062, 1.102549387755102, 1.1283355102040817, 1.154, 1.1779744897959181, 1.2023631452581032, 1.227]",2.4,25,-7.2,1.341,1.34
92,"[0.0, 0.003746228926353218, 0.007768429820907977, 0.011269718698290212, 0.01579277864992147, 0.02, 0.025918367346938743, 0.03221428571428619, 0.04, 0.05041783029001082, 0.056419567827130854, 0.066, 0.0759098639455782, 0.08823840445269023, 0.10305069124423959, 0.11754081632653075, 0.13505561224489793, 0.15192517006802767, 0.17395918367346946, 0.198, 0.226, 0.2622393822393823, 0.297, 0.3403426423200861, 0.383, 0.4265136054421769, 0.4791224489795918, 0.522293563579278, 0.557, 0.612, 0.66, 0.6990863422291994, 0.732392051557465, 0.7738288854003141, 0.816, 0.849, 0.8835283446712018, 0.9138032653061223, 0.9493821892393322, 0.97464455782313, 1.007, 1.033, 1.062439560439561, 1.091113378684807, 1.111, 1.134, 1.165, 1.18, 1.202, 1.232]",2.4,25,-7.2,1.343,1.338
93,"[0.001, 0.0020285714285714893, 0.007, 0.01026684636118604, 0.014434285714285752, 0.018964285714285635, 0.0247457142857143, 0.03176923076923064, 0.03961904761904751, 0.045657142857143014, 0.05430612244897954, 0.06368131868131871, 0.073, 0.08562571428571429, 0.099, 0.11211904761904715, 0.129, 0.14761904761904776, 0.1689920634920635, 0.195, 0.2193650793650796, 0.25533333333333336, 0.29, 0.3331868131868136, 0.376, 0.416, 0.47218796992481216, 0.521, 0.5582800000000001, 0.6072857142857142, 0.653, 0.6925714285714286, 0.7310659340659342, 0.7718131868131871, 0.811, 0.8465806451612904, 0.8813166023166025, 0.9138571428571428, 0.9445984555984555, 0.9719142857142861, 1.004, 1.031, 1.0593333333333343, 1.0834761904761907, 1.1125357142857144, 1.1311930501930503, 1.159, 1.1821904761904762, 1.206293650793651, 1.233]",2.4,25,-7.2,1.343,1.336
94,"[0.001, 0.00292857142857127, 0.006538265306122412, 0.009848979591836662, 0.015, 0.02015830115830114, 0.026904761904761692, 0.03158333333333323, 0.039157142857142765, 0.047, 0.05658687258687266, 0.065, 0.07718272425249167, 0.08834065934065935, 0.10215999999999997, 0.11610714285714273, 0.13133928571428574, 0.14989285714285727, 0.17085714285714293, 0.199, 0.219, 0.2514166666666665, 0.29018285714285713, 0.3390952380952383, 0.3740549450549452, 0.418, 0.46859642857142847, 0.5158171428571429, 0.5615263157894738, 0.607, 0.6510628571428572, 0.692095238095238, 0.7450612244897958, 0.7766428571428571, 0.807, 0.840741935483871, 0.8768571428571427, 0.9108571428571429, 0.9418095238095241, 0.9732738095238095, 1.0, 1.0279172932330827, 1.056, 1.086, 1.1057657142857142, 1.1254761904761907, 1.1540914285714283, 1.176047619047619, 1.199, 1.229]",2.4,25,-7.2,1.342,1.333
95,"[0.001, 0.003937205651491335, 0.006863945578231202, 0.009, 0.0135720868992758, 0.019127715602369928, 0.02542264647794588, 0.031, 0.03858163265306135, 0.047, 0.055, 0.0622282003710576, 0.074, 0.086, 0.1, 0.1138129251700681, 0.1295659128516271, 0.148, 0.172, 0.19374296745725328, 0.222, 0.264, 0.2905686707115279, 0.341, 0.38518934240362823, 0.425, 0.465, 0.515, 0.5625714285714286, 0.601640502354788, 0.647, 0.694, 0.7402086167800458, 0.7699192176870749, 0.8141297959183673, 0.852, 0.876, 0.9072329931972786, 0.9401522762951336, 0.973, 0.997, 1.025, 1.0537885714285715, 1.081, 1.103, 1.119, 1.1454081632653066, 1.172, 1.1935680272108848, 1.224]",2.4,25,-7.2,1.33,1.324
96,"[0.002, 0.004, 0.007172569027611034, 0.01, 0.014, 0.02, 0.025328163265306188, 0.03146428571428583, 0.038328231292517084, 0.04592290249433098, 0.0548061224489798, 0.064, 0.07733727175080564, 0.08745170068027228, 0.1009285714285713, 0.11579251700680285, 0.132, 0.14668531928900605, 0.18204242749731472, 0.197, 0.22852891156462588, 0.26678571428571457, 0.29840544217687087, 0.3444829931972798, 0.3884640171858219, 0.42401020408163276, 0.47171759514616657, 0.5169957035445758, 0.5559314285714289, 0.598, 0.6526174554928356, 0.69712567132116, 0.738, 0.7764580498866211, 0.8159149659863947, 0.8468872180451128, 0.873, 0.9081890440386683, 0.9386122448979591, 0.9684866562009418, 0.9981156462585029, 1.0250936920222633, 1.0508971428571425, 1.08, 1.1021265306122452, 1.1236150278293138, 1.1428897959183681, 1.1672320483749057, 1.1878440233236154, 1.218]",2.4,25,-7.2,1.323,1.321
97,"[0.0, 0.0035263407688656814, 0.006, 0.009496355685131313, 0.01276895043731786, 0.018421988150098774, 0.024670836076366026, 0.03, 0.038, 0.0456133480419195, 0.054, 0.05993416721527317, 0.074, 0.086, 0.10105990783410151, 0.114, 0.12784489795918366, 0.15337528344671209, 0.17121551020408168, 0.197, 0.22639836734693888, 0.25879120879120904, 0.29465986394557836, 0.346, 0.3791679748822607, 0.434, 0.465, 0.5195447409733126, 0.5651964285714286, 0.6012789115646259, 0.6419591836734693, 0.6939005102040816, 0.7393206997084553, 0.772298273155416, 0.813, 0.8514693877551021, 0.8826479591836736, 0.9105340136054423, 0.9403877551020408, 0.9722825745682887, 0.998, 1.0263724489795918, 1.0502619047619044, 1.0768446712018138, 1.1, 1.12, 1.14, 1.1624778911564628, 1.1859473337722184, 1.217]",2.4,25,-7.2,1.32,1.32
98,"[0.001, 0.003, 0.0054191947049089546, 0.009556945358788706, 0.01412081632653054, 0.019, 0.024920342330480513, 0.031, 0.03837056928034363, 0.04495183673469388, 0.055, 0.0599812465526751, 0.07335374149659832, 0.08814186162269781, 0.102, 0.118, 0.13184013605442169, 0.14698185941043074, 0.17, 0.196, 0.226, 0.262, 0.2958843537414964, 0.344, 0.387, 0.423, 0.4778948194662479, 0.5124155102040816, 0.5588457142857144, 0.596, 0.649, 0.7, 0.732640171858217, 0.7671530612244896, 0.807, 0.845, 0.871, 0.9034375510204082, 0.931, 0.9646499215070642, 0.9923560090702939, 1.017, 1.043037593984962, 1.069, 1.0931920222634508, 1.116, 1.1385493877551018, 1.158, 1.1818537414965982, 1.21]",2.4,25,-7.2,1.314,1.314
99,"[0.001, 0.003138907175773568, 0.006, 0.009636734693877564, 0.01350801749271132, 0.019, 0.024412459720730532, 0.030639097744360844, 0.038, 0.04686167800453551, 0.05347690655209446, 0.064, 0.07518301514154041, 0.08399918367346937, 0.10085714285714296, 0.11634367346938781, 0.132, 0.15338389409817982, 0.1790145772594752, 0.1954816326530615, 0.2244268707482993, 0.263, 0.29714455782312954, 0.34167120181405897, 0.3821036106750393, 0.41743485086342236, 0.46467457253171546, 0.521402332361516, 0.5664285714285716, 0.5949035250463822, 0.642, 0.6870257787325457, 0.722911836734694, 0.763952738990333, 0.805, 0.8403872180451127, 0.865, 0.897, 0.9304332810047098, 0.964207303974221, 0.9848649921507061, 1.0124251700680278, 1.0368610038610038, 1.0646744412050533, 1.0910093877551021, 1.1102912300055159, 1.1345270408163266, 1.157, 1.181, 1.207]",2.4,25,-7.2,1.313,1.314
100,"[0.0, 0.0, 0.0, 0.0, 0.0, 0.0, 0.0, 0.002, 0.004, 0.009123376623376872, 0.013464285714285635, 0.018987012987012962, 0.026, 0.03284962406015053, 0.04330188679245287, 0.051714285714285886, 0.061548571428571355, 0.07475396825396825, 0.086, 0.10659398496240609, 0.12339795918367356, 0.14271739130434788, 0.16923938223938226, 0.1992285714285714, 0.237, 0.272594470046083, 0.3152738095238098, 0.362, 0.4105925925925925, 0.472, 0.522, 0.5705828571428571, 0.6213088803088803, 0.676, 0.7186390977443609, 0.761875, 0.8058742857142859, 0.8433885714285715, 0.876, 0.9156938775510205, 0.9502914285714287, 0.9818761904761905, 1.0132222222222227, 1.0435396825396828, 1.0677744360902255, 1.096, 1.127, 1.1502653061224488, 1.1780204081632646, 1.201]",0.0,25,-7.2,1.312,1.312
