battery_id,window_start,cycle_index,degradation_stage,fusion_gate,router_weight_l1,statistical_route_entropy,curve_route_entropy,fused_route_entropy,expert_1_fused_weight,expert_2_fused_weight,expert_3_fused_weight,expert_4_fused_weight,expert_5_fused_weight
CY25-025_1-#5,0,2,early,0.5,1.9822478294372559,0.062003932893276215,1.2996798753738403,1.3498332500457764,0.05767729505896568,0.49556195735931396,0.1082993820309639,0.1412806212902069,0.19718071818351746
CY25-025_1-#5,1,3,early,0.5,1.9906525611877441,0.03563231974840164,1.2813860177993774,1.3374857902526855,0.050487007945775986,0.49766314029693604,0.11135074496269226,0.13388243317604065,0.20661668479442596
CY25-025_1-#5,2,4,early,0.5,1.9841244220733643,0.056668471544981,1.2925289869308472,1.3455818891525269,0.05029646307229996,0.49603110551834106,0.11835699528455734,0.14191733300685883,0.19339816272258759
CY25-025_1-#5,3,5,early,0.5,1.976060390472412,0.08051308244466782,1.3003183603286743,1.3525751829147339,0.054605964571237564,0.49401506781578064,0.11828280985355377,0.14036698639392853,0.19272910058498383
CY25-025_1-#5,4,6,early,0.5,1.9729315042495728,0.08959220349788666,1.2953284978866577,1.351338267326355,0.05298151075839996,0.4932328760623932,0.11965356767177582,0.13868960738182068,0.19544242322444916
CY25-025_1-#5,5,7,early,0.5,1.97404146194458,0.0856570303440094,1.305314064025879,1.355686902999878,0.0568489171564579,0.49351033568382263,0.11645306646823883,0.14288736879825592,0.19030027091503143
CY25-025_1-#5,6,8,early,0.5,1.9679992198944092,0.10271044075489044,1.3071718215942383,1.3589445352554321,0.05713588744401932,0.4919998347759247,0.11787597090005875,0.1458190232515335,0.18716935813426971
CY25-025_1-#5,7,9,early,0.5,1.935163974761963,0.18594178557395935,1.316438913345337,1.3758525848388672,0.06339792907238007,0.4837909936904907,0.12199569493532181,0.14634405076503754,0.18447139859199524
CY25-025_1-#5,8,10,early,0.5,1.908167839050293,0.2469106912612915,1.3233832120895386,1.3902323246002197,0.0703936219215393,0.47704192996025085,0.12138991057872772,0.15168632566928864,0.1794881820678711
CY25-025_1-#5,9,11,early,0.5,1.939772367477417,0.17495682835578918,1.3147623538970947,1.3732830286026,0.061932384967803955,0.48494306206703186,0.12179645150899887,0.14725421369075775,0.18407389521598816
CY25-025_1-#5,10,12,early,0.5,1.9297568798065186,0.19828206300735474,1.3193771839141846,1.3790913820266724,0.06386911869049072,0.48243919014930725,0.12328602373600006,0.15085332095623016,0.17955228686332703
CY25-025_1-#5,11,13,early,0.5,1.9419403076171875,0.16955414414405823,1.3145885467529297,1.3723888397216797,0.06119667366147041,0.48548510670661926,0.12298483401536942,0.14704732596874237,0.18328602612018585
CY25-025_1-#5,12,14,early,0.5,1.9276189804077148,0.20340502262115479,1.3159279823303223,1.3795616626739502,0.06444594264030457,0.4819047749042511,0.12305902689695358,0.1479233056306839,0.18266701698303223
CY25-025_1-#5,13,15,early,0.5,1.9279435873031616,0.20206615328788757,1.3125141859054565,1.3783496618270874,0.06150244548916817,0.4819858968257904,0.12882913649082184,0.14731408655643463,0.18036842346191406
CY25-025_1-#5,14,16,early,0.5,1.9474985599517822,0.15601545572280884,1.3122366666793823,1.369210124015808,0.05914812162518501,0.48687461018562317,0.12444379180669785,0.1465311497449875,0.1830022782087326
CY25-025_1-#5,15,17,early,0.5,1.9350825548171997,0.1858406662940979,1.3174974918365479,1.3762837648391724,0.06155506521463394,0.4837706387042999,0.12606696784496307,0.15048716962337494,0.17812013626098633
CY25-025_1-#5,16,18,early,0.5,1.918044090270996,0.2245931327342987,1.3227006196975708,1.3848540782928467,0.06736629456281662,0.479511022567749,0.1221037209033966,0.1498088538646698,0.18121008574962616
CY25-025_1-#5,17,19,early,0.5,1.8736834526062012,0.31856900453567505,1.3290212154388428,1.403395652770996,0.07307113707065582,0.4684208631515503,0.1281193643808365,0.15115833282470703,0.17923028767108917
CY25-025_1-#5,18,20,early,0.5,1.8964186906814575,0.27163615822792053,1.3188626766204834,1.3929625749588013,0.06849408149719238,0.4741046726703644,0.12583035230636597,0.1517799347639084,0.17979095876216888
CY25-025_1-#5,19,21,early,0.5,1.869258165359497,0.32713377475738525,1.327760934829712,1.4066579341888428,0.07492335140705109,0.46731454133987427,0.1283109188079834,0.15463602542877197,0.17481517791748047
CY25-025_1-#5,20,22,early,0.5,1.8569655418395996,0.3505336046218872,1.334141731262207,1.411232590675354,0.07735739648342133,0.4642413854598999,0.12727007269859314,0.15372182428836823,0.17740927636623383
CY25-025_1-#5,21,23,early,0.5,1.6855562925338745,0.629357099533081,1.3348877429962158,1.4722952842712402,0.10363610088825226,0.421389102935791,0.13869135081768036,0.16036884486675262,0.17591464519500732
CY25-025_1-#5,22,24,early,0.5,1.8093876838684082,0.44068393111228943,1.3363488912582397,1.43017578125,0.08620324730873108,0.45234692096710205,0.1272437870502472,0.16080766916275024,0.17339837551116943
CY25-025_1-#5,23,25,early,0.5,1.7596509456634521,0.5260353684425354,1.3397639989852905,1.4476065635681152,0.09286204725503922,0.43991273641586304,0.13062015175819397,0.16570530831813812,0.17089974880218506
CY25-025_1-#5,24,28,early,0.5,1.6654565334320068,0.6662638783454895,1.3423346281051636,1.4786081314086914,0.10702148079872131,0.4163641333580017,0.13772812485694885,0.16770920157432556,0.17117702960968018
CY25-025_1-#5,25,29,early,0.5,1.758185625076294,0.5268442630767822,1.3380887508392334,1.448201298713684,0.09207930415868759,0.4395463764667511,0.1335127353668213,0.1653733253479004,0.16948825120925903
CY25-025_1-#5,26,30,early,0.5,1.8007185459136963,0.4531669318675995,1.3332335948944092,1.4332681894302368,0.08468446880578995,0.4501796066761017,0.13453395664691925,0.16269123554229736,0.16791072487831116
CY25-025_1-#5,27,31,early,0.5,1.5385595560073853,0.8172368407249451,1.3408857583999634,1.5150920152664185,0.12775824964046478,0.3846398890018463,0.1468849778175354,0.17320361733436584,0.16751332581043243
CY25-025_1-#5,28,32,early,0.5,1.6445436477661133,0.6986544132232666,1.345714807510376,1.4848756790161133,0.110072560608387,0.4111359119415283,0.1388382911682129,0.17026284337043762,0.16969040036201477
CY25-025_1-#5,29,33,early,0.5,1.7256758213043213,0.5805190801620483,1.3412973880767822,1.4589059352874756,0.09746000915765762,0.43141892552375793,0.132921040058136,0.16878727078437805,0.169412761926651
CY25-025_1-#5,30,34,early,0.5,1.5407226085662842,0.8367124795913696,1.3503694534301758,1.5130023956298828,0.1258915364742279,0.38518065214157104,0.1411070078611374,0.17808416485786438,0.16973665356636047
CY25-025_1-#5,31,35,early,0.5,1.5161632299423218,0.862280011177063,1.3486361503601074,1.5194005966186523,0.12888449430465698,0.37904080748558044,0.14485423266887665,0.1795056164264679,0.16771486401557922
CY25-025_1-#5,32,36,early,0.5,1.6302860975265503,0.711383581161499,1.3411595821380615,1.4894342422485352,0.11129497736692429,0.4075715243816376,0.1438421607017517,0.16721296310424805,0.17007838189601898
CY25-025_1-#5,33,37,early,0.5,1.377020001411438,1.019299030303955,1.3530616760253906,1.5532183647155762,0.15681317448616028,0.34059470891952515,0.14893566071987152,0.18620391190052032,0.16745254397392273
CY25-025_1-#5,34,38,early,0.5,1.372581958770752,1.0786519050598145,1.3506875038146973,1.5663988590240479,0.16979488730430603,0.32157933712005615,0.15178214013576508,0.18978604674339294,0.1670575886964798
CY25-025_1-#5,35,39,early,0.5,1.5835115909576416,0.7840059995651245,1.348870038986206,1.5013917684555054,0.11680510640144348,0.3958778977394104,0.14421577751636505,0.17950516939163208,0.16359607875347137
CY25-025_1-#5,36,40,early,0.5,1.558585286140442,0.8150261640548706,1.3508102893829346,1.5087261199951172,0.12258391827344894,0.3896462917327881,0.1432202309370041,0.17637549340724945,0.16817404329776764
CY25-025_1-#5,37,41,early,0.5,1.2950727939605713,1.1030025482177734,1.3582602739334106,1.5646967887878418,0.16109329462051392,0.32376816868782043,0.151804119348526,0.19036149978637695,0.1729728877544403
CY25-025_1-#5,38,42,early,0.5,1.2920626401901245,1.1022648811340332,1.3576048612594604,1.5651873350143433,0.16277751326560974,0.32301566004753113,0.15185683965682983,0.1912572830915451,0.1710927039384842
CY25-025_1-#5,39,43,early,0.5,1.3445409536361694,1.0583001375198364,1.354051947593689,1.559037685394287,0.15628038346767426,0.33294254541397095,0.15464283525943756,0.18656489253044128,0.16956934332847595
CY25-025_1-#5,40,44,early,0.5,1.460017442703247,0.9285770654678345,1.3536888360977173,1.533398151397705,0.13828560709953308,0.36500436067581177,0.14926889538764954,0.17784565687179565,0.16959546506404877
CY25-025_1-#5,41,45,early,0.5,1.3012166023254395,1.0945632457733154,1.3567014932632446,1.5640782117843628,0.15883541107177734,0.32530415058135986,0.15612202882766724,0.1898404061794281,0.16989801824092865
CY25-025_1-#5,42,46,early,0.5,1.2470834255218506,1.225356936454773,1.3605806827545166,1.5889809131622314,0.1972220540046692,0.27841177582740784,0.16025444865226746,0.19452303647994995,0.16958871483802795
CY25-025_1-#5,43,47,early,0.5,1.3907899856567383,1.0025224685668945,1.355143666267395,1.5482444763183594,0.147525817155838,0.34769749641418457,0.15495333075523376,0.18135851621627808,0.16846483945846558
CY25-025_1-#5,44,48,early,0.5,1.1961987018585205,1.2772663831710815,1.3616117238998413,1.5943140983581543,0.20496875047683716,0.2619531452655792,0.160393625497818,0.20106053352355957,0.17162394523620605
CY25-025_1-#5,45,49,early,0.5,1.2317359447479248,1.2600293159484863,1.3588899374008179,1.5936181545257568,0.20278137922286987,0.26569557189941406,0.16163362562656403,0.19802488386631012,0.17186450958251953
CY25-025_1-#5,46,50,early,0.5,1.2393063306808472,1.2915148735046387,1.3577278852462769,1.5973434448242188,0.23016855120658875,0.23789472877979279,0.16337889432907104,0.2019394040107727,0.16661842167377472
CY25-025_1-#5,47,51,early,0.5,1.3619115352630615,1.0869567394256592,1.3509979248046875,1.5670804977416992,0.16467955708503723,0.3218216896057129,0.15903088450431824,0.18721294403076172,0.16725492477416992
CY25-025_1-#5,48,54,early,0.5,1.278268814086914,1.1401787996292114,1.3567569255828857,1.5721122026443481,0.16595672070980072,0.31262728571891785,0.15823596715927124,0.19346556067466736,0.16971446573734283
CY25-025_1-#5,49,55,early,0.5,1.1935869455337524,1.2143484354019165,1.3634989261627197,1.583643913269043,0.179559588432312,0.29230961203575134,0.16007983684539795,0.19362162053585052,0.17442932724952698
CY25-025_1-#5,50,56,early,0.5,1.1598200798034668,1.3440182209014893,1.36411714553833,1.599484920501709,0.23948633670806885,0.22037851810455322,0.16590546071529388,0.20299199223518372,0.17123770713806152
CY25-025_1-#5,51,57,early,0.5,1.236476182937622,1.1798737049102783,1.3623197078704834,1.5796318054199219,0.17470009624958038,0.30139222741127014,0.16244132816791534,0.18727798759937286,0.17418831586837769
CY25-025_1-#5,52,58,early,0.5,1.110810399055481,1.3285799026489258,1.365956425666809,1.5984396934509277,0.20665889978408813,0.24994777143001556,0.16524356603622437,0.2047097086906433,0.1734400987625122
CY25-025_1-#5,53,59,early,0.5,1.1395092010498047,1.358112096786499,1.363602876663208,1.6003811359405518,0.23561587929725647,0.21852067112922668,0.17138564586639404,0.2077074944972992,0.166770339012146
CY25-025_1-#5,54,60,early,0.5,1.1718707084655762,1.2912005186080933,1.363863468170166,1.596020221710205,0.20429590344429016,0.25960153341293335,0.16698622703552246,0.1991109400987625,0.17000535130500793
CY25-025_1-#5,55,61,early,0.5,1.0847225189208984,1.3576209545135498,1.3678125143051147,1.6012526750564575,0.21407586336135864,0.23678117990493774,0.17436745762825012,0.20662754774093628,0.16814790666103363
CY25-025_1-#5,56,62,early,0.5,1.1352673768997192,1.3451366424560547,1.3636106252670288,1.6005878448486328,0.22078797221183777,0.23411515355110168,0.16854631900787354,0.2063245177268982,0.17022605240345
CY25-025_1-#5,57,63,early,0.5,1.170365810394287,1.2954788208007812,1.3646421432495117,1.5973546504974365,0.20299223065376282,0.2585584223270416,0.17124393582344055,0.19463881850242615,0.17256659269332886
CY25-025_1-#5,58,64,early,0.5,1.1783593893051147,1.2882380485534668,1.362544059753418,1.5959646701812744,0.19883477687835693,0.2624828517436981,0.16780881583690643,0.19732609391212463,0.17354746162891388
CY25-025_1-#5,59,65,early,0.5,1.021594524383545,1.4177823066711426,1.3697031736373901,1.602412223815918,0.23574526607990265,0.2043578028678894,0.17478694021701813,0.21224994957447052,0.17286008596420288
CY25-025_1-#5,60,66,early,0.5,1.098312258720398,1.3974817991256714,1.3647454977035522,1.596104621887207,0.2610623240470886,0.18482333421707153,0.17053979635238647,0.20940051972866058,0.1741740107536316
CY25-025_1-#5,61,67,early,0.5,1.0333852767944336,1.4244801998138428,1.3673276901245117,1.5915379524230957,0.2680913209915161,0.17260274291038513,0.16907745599746704,0.21856148540973663,0.1716669499874115
CY25-025_1-#5,62,68,early,0.5,0.9868961572647095,1.4321297407150269,1.3696422576904297,1.6020386219024658,0.23372545838356018,0.20189453661441803,0.1741967797279358,0.2185683399438858,0.17161491513252258
CY25-025_1-#5,63,69,early,0.5,1.0232667922973633,1.3804152011871338,1.370522379875183,1.6032150983810425,0.20766523480415344,0.23569893836975098,0.17426051199436188,0.20458567142486572,0.17778968811035156
CY25-025_1-#5,64,70,early,0.5,1.1152644157409668,1.383124828338623,1.3627151250839233,1.5828267335891724,0.2882609963417053,0.15950897336006165,0.16865740716457367,0.21209222078323364,0.17148041725158691
CY25-025_1-#5,65,71,early,0.5,1.1272990703582764,1.3304510116577148,1.365058422088623,1.5996489524841309,0.20686736702919006,0.24732181429862976,0.1743309199810028,0.2035233974456787,0.16795648634433746
CY25-025_1-#5,66,72,early,0.5,0.9716240763664246,1.4440648555755615,1.3718734979629517,1.6018296480178833,0.24076314270496368,0.19310450553894043,0.17696788907051086,0.21459563076496124,0.17456881701946259
CY25-025_1-#5,67,73,early,0.5,0.899985671043396,1.4787788391113281,1.3738629817962646,1.588716983795166,0.26961562037467957,0.1555134803056717,0.17628663778305054,0.2236265242099762,0.1749577522277832
CY25-025_1-#5,68,74,early,0.5,1.0168689489364624,1.423086166381836,1.369781494140625,1.6021442413330078,0.23715324699878693,0.2006714642047882,0.18114276230335236,0.2130102664232254,0.1680222451686859
CY25-025_1-#5,69,75,early,0.5,0.9275323152542114,1.4528154134750366,1.3735206127166748,1.602765679359436,0.2344391644001007,0.1967153400182724,0.17878063023090363,0.21728579699993134,0.17277908325195312
CY25-025_1-#5,70,76,early,0.5,0.8713977932929993,1.4897840023040771,1.3738429546356201,1.5890862941741943,0.2668769955635071,0.15504880249500275,0.1738142967224121,0.22650322318077087,0.1777566522359848
CY25-025_1-#5,71,77,early,0.5,1.0007151365280151,1.4153633117675781,1.3715860843658447,1.6041390895843506,0.22416052222251892,0.21411888301372528,0.18273389339447021,0.20932072401046753,0.16966599225997925
CY25-025_1-#5,72,80,early,0.5,1.0433006286621094,1.413154125213623,1.369934320449829,1.6022948026657104,0.2418278157711029,0.2010190337896347,0.17664335668087006,0.20497572422027588,0.17553403973579407
CY25-025_1-#5,73,81,early,0.5,0.8755322694778442,1.4695345163345337,1.37478506565094,1.6040633916854858,0.22763240337371826,0.19551360607147217,0.1847863346338272,0.21953515708446503,0.17253254354000092
CY25-025_1-#5,74,82,early,0.5,0.9740739464759827,1.42781400680542,1.3715901374816895,1.5647389888763428,0.30746257305145264,0.12708799540996552,0.17569532990455627,0.2189571112394333,0.1707969605922699
CY25-025_1-#5,75,83,early,0.5,0.9702078700065613,1.4346458911895752,1.3703742027282715,1.5678668022155762,0.30226147174835205,0.1301497370004654,0.17297077178955078,0.222092866897583,0.17252521216869354
CY25-025_1-#5,76,84,early,0.5,0.9188891053199768,1.4752957820892334,1.372051477432251,1.5920532941818237,0.263197660446167,0.16163493692874908,0.1815662980079651,0.22279149293899536,0.17080959677696228
CY25-025_1-#5,77,85,early,0.5,0.8721243143081665,1.4739323854446411,1.3764970302581787,1.5708928108215332,0.29702192544937134,0.12947890162467957,0.176555797457695,0.22041764855384827,0.17652574181556702
CY25-025_1-#5,78,86,early,0.5,0.8118165731430054,1.4933860301971436,1.3777647018432617,1.567765712738037,0.2965468466281891,0.12243567407131195,0.17931249737739563,0.22462034225463867,0.17708463966846466
CY25-025_1-#5,79,87,early,0.5,0.884223461151123,1.4861384630203247,1.3750531673431396,1.5890278816223145,0.2700500786304474,0.15289410948753357,0.18449462950229645,0.21900618076324463,0.17355501651763916
CY25-025_1-#5,80,88,early,0.5,0.8714848160743713,1.4822330474853516,1.3751797676086426,1.5749919414520264,0.2898705303668976,0.13129988312721252,0.17926880717277527,0.22064045071601868,0.17892031371593475
CY25-025_1-#5,81,89,early,0.5,0.8502315282821655,1.4717884063720703,1.3752028942108154,1.5588369369506836,0.3062451481819153,0.11451895534992218,0.17972207069396973,0.22679826617240906,0.17271555960178375
CY25-025_1-#5,82,90,early,0.5,0.8599326610565186,1.49794340133667,1.377016544342041,1.5923141241073608,0.26414069533348083,0.15373562276363373,0.1883343756198883,0.21449479460716248,0.17929452657699585
CY25-025_1-#5,83,91,early,0.5,0.8998039960861206,1.48506760597229,1.374781847000122,1.5935847759246826,0.2621312141418457,0.15868791937828064,0.19140204787254333,0.21404613554477692,0.17373265326023102
CY25-025_1-#5,84,92,early,0.5,0.837936520576477,1.4778237342834473,1.3746200799942017,1.559121012687683,0.3038710057735443,0.1138673946261406,0.17966009676456451,0.22966572642326355,0.17293573915958405
CY25-025_1-#5,85,93,early,0.5,0.8360379338264465,1.5008231401443481,1.377111554145813,1.5976929664611816,0.2509494125843048,0.16633489727973938,0.19216741621494293,0.21721383929252625,0.17333443462848663
CY25-025_1-#5,86,94,early,0.5,0.7926286458969116,1.5176730155944824,1.3760862350463867,1.5949195623397827,0.25050032138824463,0.15836624801158905,0.19084355235099792,0.227452352643013,0.17283755540847778
CY25-025_1-#5,87,95,early,0.5,0.8866469264030457,1.4918575286865234,1.3751826286315918,1.59352707862854,0.2625066339969635,0.15594647824764252,0.18724773824214935,0.21325331926345825,0.18104583024978638
CY25-025_1-#5,88,96,early,0.5,0.8077811002731323,1.514169692993164,1.3772027492523193,1.5956326723098755,0.25260472297668457,0.15859098732471466,0.1897834837436676,0.22199879586696625,0.1770220696926117
CY25-025_1-#5,89,97,early,0.5,0.874656081199646,1.494131326675415,1.3752198219299316,1.5924237966537476,0.26330840587615967,0.15518848598003387,0.18645398318767548,0.21721655130386353,0.17783255875110626
CY25-025_1-#5,90,98,early,0.5,0.8788761496543884,1.4705169200897217,1.3773612976074219,1.5689857006072998,0.30043646693229675,0.12492235004901886,0.18385037779808044,0.21291042864322662,0.17788037657737732
CY25-025_1-#5,91,99,early,0.5,0.5061199069023132,1.5368449687957764,1.3788269758224487,1.5313680171966553,0.2796608805656433,0.07765290886163712,0.1923891007900238,0.276692271232605,0.1736048460006714
CY25-025_1-#5,92,100,middle,0.5,0.8370290994644165,1.50482976436615,1.3768540620803833,1.6001511812210083,0.2442641705274582,0.16843287646770477,0.19410428404808044,0.21608655154705048,0.1771121323108673
CY25-025_1-#5,93,101,middle,0.5,0.7432013154029846,1.5310717821121216,1.3785245418548584,1.587095856666565,0.2628547251224518,0.14137284457683563,0.19826464354991913,0.22606578469276428,0.17144203186035156
CY25-025_1-#5,94,102,middle,0.5,0.600040853023529,1.498952865600586,1.3785711526870728,1.519099473953247,0.30298110842704773,0.07113884389400482,0.1837230622768402,0.26631271839141846,0.17584426701068878
CY25-025_1-#5,95,103,middle,0.5,0.6432924270629883,1.4360074996948242,1.3785947561264038,1.4884650707244873,0.3311528265476227,0.0555371530354023,0.17413777112960815,0.2619513273239136,0.17722095549106598
CY25-025_1-#5,96,106,middle,0.5,0.776498556137085,1.525610089302063,1.3780300617218018,1.5959644317626953,0.2521933615207672,0.15512776374816895,0.19342264533042908,0.21759571135044098,0.18166053295135498
CY25-025_1-#5,97,107,middle,0.5,0.6883447170257568,1.5440367460250854,1.3803260326385498,1.5786144733428955,0.2748415470123291,0.12518088519573212,0.1933283805847168,0.22330597043037415,0.18334320187568665
CY25-025_1-#5,98,108,middle,0.5,0.5169700384140015,1.5419530868530273,1.378347396850586,1.5354682207107544,0.2731640040874481,0.07942607998847961,0.19506123661994934,0.2767426669597626,0.17560605704784393
CY25-025_1-#5,99,109,middle,0.5,0.3746718168258667,1.5182639360427856,1.3774018287658691,1.5043482780456543,0.2828798294067383,0.06225484609603882,0.18678590655326843,0.3000417947769165,0.16803768277168274
CY25-025_1-#5,100,110,middle,0.5,0.514206051826477,1.493516445159912,1.3759149312973022,1.500331163406372,0.3056710362434387,0.06046091765165329,0.18000474572181702,0.2817978262901306,0.17206545174121857
CY25-025_1-#5,101,111,middle,0.5,0.7450160980224609,1.5329670906066895,1.3792957067489624,1.582958698272705,0.271262526512146,0.1313330978155136,0.19858241081237793,0.21743613481521606,0.1813858449459076
CY25-025_1-#5,102,112,middle,0.5,0.8018351793289185,1.514798641204834,1.3771681785583496,1.579620599746704,0.2782703638076782,0.12895023822784424,0.197301983833313,0.2159690409898758,0.17950834333896637
CY25-025_1-#5,103,113,middle,0.5,0.6711733341217041,1.551323652267456,1.3794865608215332,1.5840798616409302,0.2623761296272278,0.13168174028396606,0.20357710123062134,0.2264653742313385,0.17589962482452393
CY25-025_1-#5,104,114,middle,0.5,0.6421647071838379,1.4597030878067017,1.3771594762802124,1.5009596347808838,0.3203226327896118,0.06114291027188301,0.18555235862731934,0.26207464933395386,0.17090749740600586
CY25-025_1-#5,105,115,middle,0.5,0.5818193554878235,1.4915778636932373,1.378522515296936,1.5113413333892822,0.3060567080974579,0.06597331166267395,0.18953122198581696,0.26814818382263184,0.17029058933258057
CY25-025_1-#5,106,116,middle,0.5,0.49860846996307373,1.5492674112319946,1.3808746337890625,1.5429887771606445,0.2745822072029114,0.07978221774101257,0.24245136976242065,0.2256641834974289,0.1775200217962265
CY25-025_1-#5,107,117,middle,0.5,0.4719959497451782,1.5524585247039795,1.3815587759017944,1.5343778133392334,0.27984821796417236,0.0750827044248581,0.19542744755744934,0.2630409598350525,0.18660065531730652
CY25-025_1-#5,108,118,middle,0.5,0.48172587156295776,1.4776532649993896,1.378874659538269,1.4895143508911133,0.3121146857738495,0.05436789244413376,0.1848478764295578,0.2817862927913666,0.16688326001167297
CY25-025_1-#5,109,119,middle,0.5,0.4645691514015198,1.5506041049957275,1.3789091110229492,1.5337896347045898,0.2723078429698944,0.0775139182806015,0.20230859518051147,0.2758250832557678,0.1720445454120636
CY25-025_1-#5,110,120,middle,0.5,0.5270431637763977,1.4928231239318848,1.3777427673339844,1.5018589496612549,0.30759918689727783,0.05949435383081436,0.18592090904712677,0.2733694314956665,0.17361612617969513
CY25-025_1-#5,111,121,middle,0.5,0.5025304555892944,1.5256284475326538,1.3788328170776367,1.518805980682373,0.2937537431716919,0.06747859716415405,0.192561537027359,0.2690786123275757,0.17712755501270294
CY25-025_1-#5,112,122,middle,0.5,0.7448803186416626,1.53374183177948,1.3789293766021729,1.585841178894043,0.26434433460235596,0.13624261319637299,0.21073803305625916,0.21547909080982208,0.17319592833518982
CY25-025_1-#5,113,123,middle,0.5,0.4199545383453369,1.5309983491897583,1.3782833814620972,1.5132941007614136,0.2844843566417694,0.06444752961397171,0.19349056482315063,0.2846013605594635,0.17297616600990295
CY25-025_1-#5,114,124,middle,0.5,0.454440176486969,1.5269674062728882,1.3780219554901123,1.5148892402648926,0.28483420610427856,0.06566651165485382,0.19475139677524567,0.28313159942626953,0.1716163158416748
CY25-025_1-#5,115,125,middle,0.5,0.5012305378913879,1.5485124588012695,1.3796067237854004,1.534886121749878,0.27727997303009033,0.07640990614891052,0.20178905129432678,0.26627710461616516,0.178243950009346
CY25-025_1-#5,116,126,middle,0.5,0.6759878396987915,1.552358627319336,1.3806748390197754,1.5812785625457764,0.26645535230636597,0.12509283423423767,0.20562055706977844,0.22084547579288483,0.1819857954978943
CY25-025_1-#5,117,127,middle,0.5,0.462369829416275,1.5300451517105103,1.3791425228118896,1.5173375606536865,0.2855150103569031,0.06576621532440186,0.1939394772052765,0.2776632308959961,0.17711606621742249
CY25-025_1-#5,118,128,middle,0.5,0.5169101357460022,1.4747092723846436,1.378185510635376,1.491248369216919,0.3118303120136261,0.05392872169613838,0.1868700087070465,0.2773321866989136,0.17003872990608215
CY25-025_1-#5,119,129,middle,0.5,0.5459445714950562,1.5186457633972168,1.3789092302322388,1.5210222005844116,0.29223233461380005,0.06779780983924866,0.20231503248214722,0.2636162042617798,0.1740386188030243
CY25-025_1-#5,120,132,middle,0.5,0.40118423104286194,1.5148088932037354,1.3785288333892822,1.4990451335906982,0.3019965589046478,0.05601471662521362,0.18773768842220306,0.27765268087387085,0.17659837007522583
CY25-025_1-#5,121,133,middle,0.5,0.43520447611808777,1.5379713773727417,1.3800318241119385,1.5182530879974365,0.28368282318115234,0.06439542770385742,0.20046743750572205,0.2728399634361267,0.17861437797546387
CY25-025_1-#5,122,134,middle,0.5,0.3900626301765442,1.5332695245742798,1.3788408041000366,1.5100207328796387,0.28734445571899414,0.06082959845662117,0.19852900505065918,0.2795485854148865,0.17374831438064575
CY25-025_1-#5,123,135,middle,0.5,0.455558717250824,1.5571280717849731,1.379204273223877,1.5383179187774658,0.27080488204956055,0.07445526868104935,0.24642106890678406,0.227938711643219,0.18038007616996765
CY25-025_1-#5,124,136,middle,0.5,0.34365272521972656,1.5506986379623413,1.3790805339813232,1.5182278156280518,0.27464058995246887,0.06501639634370804,0.20391979813575745,0.2823794484138489,0.17404372990131378
CY25-025_1-#5,125,137,middle,0.5,0.28655117750167847,1.5236276388168335,1.375175952911377,1.495240330696106,0.28055503964424133,0.055306240916252136,0.19523891806602478,0.30329927802085876,0.1656004935503006
CY25-025_1-#5,126,138,middle,0.5,0.5506316423416138,1.5305919647216797,1.3802986145019531,1.533168077468872,0.29275989532470703,0.07048706710338593,0.20203962922096252,0.21759763360023499,0.21711581945419312
CY25-025_1-#5,127,139,middle,0.5,0.3975551724433899,1.5559327602386475,1.3797390460968018,1.5274784564971924,0.2730221152305603,0.06644356995820999,0.25140467286109924,0.23114192485809326,0.1779876947402954
CY25-025_1-#5,128,140,middle,0.5,0.35349416732788086,1.5309091806411743,1.3780052661895752,1.505272626876831,0.2817670702934265,0.058189507573843,0.19818606972694397,0.2891179621219635,0.17273937165737152
CY25-025_1-#5,129,141,middle,0.5,0.49456870555877686,1.547490119934082,1.3796013593673706,1.5341906547546387,0.2780269384384155,0.07204374670982361,0.24669599533081055,0.22271429002285004,0.1805190145969391
CY25-025_1-#5,130,142,middle,0.5,0.47986680269241333,1.5360791683197021,1.3777406215667725,1.5218576192855835,0.28155165910720825,0.06775644421577454,0.20843015611171722,0.27156496047973633,0.17069676518440247
CY25-025_1-#5,131,143,middle,0.5,0.4026365280151367,1.5347729921340942,1.379072904586792,1.5116314888000488,0.28761792182922363,0.06095447018742561,0.19977837800979614,0.27570369839668274,0.1759454905986786
CY25-025_1-#5,132,144,middle,0.5,0.3234350085258484,1.5512959957122803,1.3777198791503906,1.5152714252471924,0.2702440619468689,0.0628180280327797,0.20641198754310608,0.28707921504974365,0.17344671487808228
CY25-025_1-#5,133,145,middle,0.5,0.25944891571998596,1.5399538278579712,1.3749676942825317,1.5027096271514893,0.27234944701194763,0.05729520693421364,0.20100268721580505,0.2996218800544739,0.1697307527065277
CY25-025_1-#5,134,146,middle,0.5,0.44969916343688965,1.5504066944122314,1.3803188800811768,1.5321427583694458,0.27285072207450867,0.07018488645553589,0.2556033730506897,0.22058212757110596,0.1807788908481598
CY25-025_1-#5,135,147,middle,0.5,0.4015578329563141,1.516857385635376,1.3792328834533691,1.4995267391204834,0.2990580201148987,0.053554385900497437,0.19492071866989136,0.27220261096954346,0.18026429414749146
CY25-025_1-#5,136,148,middle,0.5,0.49300459027290344,1.49666428565979,1.3791624307632446,1.4984828233718872,0.31059589982032776,0.05412382259964943,0.19449397921562195,0.2612330913543701,0.17955324053764343
CY25-025_1-#5,137,149,middle,0.5,0.370064914226532,1.504828929901123,1.3768960237503052,1.4912593364715576,0.2884536385536194,0.051156483590602875,0.19620506465435028,0.29446470737457275,0.16972008347511292
CY25-025_1-#5,138,150,middle,0.5,0.29268085956573486,1.5375865697860718,1.3784277439117432,1.5032422542572021,0.28287383913993835,0.05522254854440689,0.2005556970834732,0.2847825288772583,0.17656537890434265
CY25-025_1-#5,139,151,middle,0.5,0.35455963015556335,1.5384647846221924,1.3787455558776855,1.507758617401123,0.285815566778183,0.05721662938594818,0.20482298731803894,0.2756342887878418,0.1765105277299881
CY25-025_1-#5,140,152,middle,0.5,0.3618760108947754,1.544980764389038,1.3776763677597046,1.5128839015960693,0.27789199352264404,0.06061637029051781,0.2141566276550293,0.2769879698753357,0.17034703493118286
CY25-025_1-#5,141,153,middle,0.5,0.3443012237548828,1.5449886322021484,1.3776143789291382,1.511033535003662,0.2793405055999756,0.056736595928668976,0.2600659728050232,0.2316197156906128,0.17223724722862244
CY25-025_1-#5,142,154,middle,0.5,0.4481094777584076,1.4985370635986328,1.3764039278030396,1.4931929111480713,0.30247762799263,0.05105367302894592,0.19835442304611206,0.2747389078140259,0.17337533831596375
CY25-025_1-#5,143,155,middle,0.5,0.3664788007736206,1.5453736782073975,1.3780421018600464,1.5150463581085205,0.27615177631378174,0.05996004119515419,0.26193851232528687,0.2323002815246582,0.1696493923664093
CY25-025_1-#5,144,158,middle,0.5,0.4184076488018036,1.5423057079315186,1.379784107208252,1.5201587677001953,0.2854675054550171,0.06250979006290436,0.2516061067581177,0.22133222222328186,0.17908436059951782
CY25-025_1-#5,145,159,middle,0.5,0.27079886198043823,1.496887445449829,1.3717095851898193,1.4720464944839478,0.29091787338256836,0.04374208673834801,0.19060727953910828,0.3102092742919922,0.16452351212501526
CY25-025_1-#5,146,160,middle,0.5,0.3370000123977661,1.4802944660186768,1.3727933168411255,1.46915864944458,0.2915218770503998,0.043379321694374084,0.19142240285873413,0.3131669759750366,0.160509392619133
CY25-025_1-#5,147,161,middle,0.5,0.3255661725997925,1.5441415309906006,1.3785914182662964,1.5087547302246094,0.2801886200904846,0.05691039562225342,0.2070862054824829,0.2777663767337799,0.17804841697216034
CY25-025_1-#5,148,162,middle,0.5,0.2711082398891449,1.5049915313720703,1.3728208541870117,1.477211594581604,0.29149889945983887,0.044344712048769,0.19562476873397827,0.30128687620162964,0.16724474728107452
CY25-025_1-#5,149,163,middle,0.5,0.27204108238220215,1.5123236179351807,1.3749514818191528,1.4837017059326172,0.2948644757270813,0.04566526412963867,0.1951768845319748,0.289421021938324,0.17487238347530365
CY25-025_1-#5,150,164,middle,0.5,0.34355926513671875,1.538795828819275,1.378062129020691,1.5057388544082642,0.28843170404434204,0.05558774992823601,0.21127134561538696,0.27062249183654785,0.17408671975135803
CY25-025_1-#5,151,165,middle,0.5,0.37078529596328735,1.5335345268249512,1.3769744634628296,1.5048887729644775,0.2858465313911438,0.055139556527137756,0.2085086703300476,0.2753874957561493,0.17511777579784393
CY25-025_1-#5,152,166,middle,0.5,0.36170077323913574,1.5520232915878296,1.3784260749816895,1.5193570852279663,0.2636105716228485,0.06168365105986595,0.269893616437912,0.23120272159576416,0.17360948026180267
CY25-025_1-#5,153,167,middle,0.5,0.3347652554512024,1.55093252658844,1.3774614334106445,1.5134096145629883,0.2123992145061493,0.0596187487244606,0.2728562653064728,0.27936065196990967,0.17576512694358826
CY25-025_1-#5,154,168,middle,0.5,0.3213728964328766,1.5443143844604492,1.3782885074615479,1.5093326568603516,0.2859784960746765,0.055147673934698105,0.2563050389289856,0.22471100091934204,0.17785777151584625
CY25-025_1-#5,155,169,middle,0.5,0.28331851959228516,1.49100661277771,1.3719862699508667,1.468400001525879,0.2976123094558716,0.04068713262677193,0.19618003070354462,0.3016582727432251,0.16386231780052185
CY25-025_1-#5,156,170,middle,0.5,0.32534417510032654,1.5546855926513672,1.3763681650161743,1.515843391418457,0.26550376415252686,0.058259762823581696,0.2664332389831543,0.2331070601940155,0.17669616639614105
CY25-025_1-#5,157,171,middle,0.5,0.2786730229854584,1.527503490447998,1.3738186359405518,1.4915096759796143,0.2881965637207031,0.0483749695122242,0.20495811104774475,0.2850636839866638,0.17340660095214844
CY25-025_1-#5,158,172,middle,0.5,0.2536745071411133,1.5377955436706543,1.3771456480026245,1.4982186555862427,0.27943623065948486,0.05046263337135315,0.21003490686416626,0.2836286723613739,0.1764375865459442
CY25-025_1-#5,159,173,middle,0.5,0.2546379566192627,1.4989186525344849,1.3700504302978516,1.4695544242858887,0.29035770893096924,0.04129095375537872,0.19503270089626312,0.3082929849624634,0.16502565145492554
CY25-025_1-#5,160,174,middle,0.5,0.23717406392097473,1.5247607231140137,1.3732643127441406,1.487497329711914,0.27628329396247864,0.04806492105126381,0.20493894815444946,0.30275940895080566,0.16795341670513153
CY25-025_1-#5,161,175,middle,0.5,0.32429587841033936,1.5086853504180908,1.3755462169647217,1.486142873764038,0.29540979862213135,0.04567041993141174,0.19741809368133545,0.28331851959228516,0.17818313837051392
CY25-025_1-#5,162,176,middle,0.5,0.2950080633163452,1.469839334487915,1.367959976196289,1.455855369567871,0.29941803216934204,0.03674793615937233,0.19070842862129211,0.3122643530368805,0.16086125373840332
CY25-025_1-#5,163,177,middle,0.5,0.2627851366996765,1.5372990369796753,1.3736475706100464,1.4968006610870361,0.22292980551719666,0.050375353544950485,0.26732683181762695,0.29135194420814514,0.16801604628562927
CY25-025_1-#5,164,178,middle,0.5,0.31121647357940674,1.5173876285552979,1.3756062984466553,1.4888149499893188,0.29509437084198,0.04602748528122902,0.2063492387533188,0.27633073925971985,0.17619815468788147
CY25-025_1-#5,165,179,middle,0.5,0.24423934519290924,1.5101120471954346,1.3706897497177124,1.476088523864746,0.2775961756706238,0.04261183738708496,0.20230427384376526,0.30961284041404724,0.16787493228912354
CY25-025_1-#5,166,180,middle,0.5,0.4211178719997406,1.4916740655899048,1.3689651489257812,1.5072548389434814,0.2915964722633362,0.1267022341489792,0.19044145941734314,0.3075205981731415,0.0837392583489418
CY25-025_1-#5,167,181,middle,0.5,0.23559947311878204,1.5079021453857422,1.3712022304534912,1.4748146533966064,0.29137691855430603,0.041031382977962494,0.19838759303092957,0.29682856798171997,0.17237550020217896
CY25-025_1-#5,168,184,middle,0.5,0.31485384702682495,1.5332908630371094,1.3737921714782715,1.497898817062378,0.22764071822166443,0.04846329241991043,0.2706691026687622,0.2790583670139313,0.17416854202747345
CY25-025_1-#5,169,185,middle,0.5,0.3795238733291626,1.5340285301208496,1.3744401931762695,1.5003736019134521,0.28269535303115845,0.04478871822357178,0.20447608828544617,0.2270556092262268,0.24098417162895203
CY25-025_1-#5,170,186,middle,0.5,0.29238471388816833,1.5281060934066772,1.3741815090179443,1.4941363334655762,0.2196187674999237,0.049490801990032196,0.2820628583431244,0.28247857093811035,0.16634899377822876
CY25-025_1-#5,171,187,middle,0.5,0.266888827085495,1.5353503227233887,1.3725030422210693,1.4944608211517334,0.22529776394367218,0.0458257719874382,0.2709287405014038,0.28001224994659424,0.17793548107147217
CY25-025_1-#5,172,188,middle,0.5,0.3919314742088318,1.5149145126342773,1.3695943355560303,1.51332688331604,0.28297746181488037,0.12966880202293396,0.20487500727176666,0.3004463016986847,0.08203238993883133
CY25-025_1-#5,173,189,middle,0.5,0.2602653503417969,1.5407238006591797,1.3755089044570923,1.499892234802246,0.2800745368003845,0.04867258667945862,0.2693857252597809,0.2205403447151184,0.18132680654525757
CY25-025_1-#5,174,190,middle,0.5,0.6692323684692383,1.5004191398620605,1.3728703260421753,1.5663061141967773,0.2333560585975647,0.13258479535579681,0.1947174370288849,0.293977826833725,0.14536389708518982
CY25-025_1-#5,175,191,middle,0.5,0.6832522749900818,1.4960709810256958,1.3722445964813232,1.565388798713684,0.23549149930477142,0.13325545191764832,0.1913428008556366,0.2952689826488495,0.14464125037193298
CY25-025_1-#5,176,192,middle,0.5,0.46125346422195435,1.4815406799316406,1.3743033409118652,1.5109010934829712,0.2925519347190857,0.12949293851852417,0.19065448641777039,0.3027212619781494,0.08457940071821213
CY25-025_1-#5,177,193,middle,0.5,0.5250715017318726,1.514958381652832,1.3714337348937988,1.5021164417266846,0.22289332747459412,0.04558456689119339,0.2870054244995117,0.22121405601501465,0.2233026623725891
CY25-025_1-#5,178,194,middle,0.5,0.6621770262718201,1.506866693496704,1.3741041421890259,1.573296308517456,0.23032495379447937,0.1353737711906433,0.20037606358528137,0.28353115916252136,0.1503940373659134
CY25-025_1-#5,179,195,middle,0.5,0.6798220276832581,1.4996414184570312,1.3747748136520386,1.577535629272461,0.2295408546924591,0.13523773849010468,0.19756262004375458,0.278071790933609,0.15958695113658905
CY25-025_1-#5,180,196,middle,0.5,0.5171141028404236,1.5177301168441772,1.3730099201202393,1.5326581001281738,0.2286609560251236,0.13633191585540771,0.2640988826751709,0.28214558959007263,0.08876264095306396
CY25-025_1-#5,181,197,middle,0.5,0.4839479923248291,1.4782347679138184,1.3758858442306519,1.5144155025482178,0.30082613229751587,0.13035038113594055,0.18908338248729706,0.29235225915908813,0.08738783001899719
CY25-025_1-#5,182,198,middle,0.5,0.6271795630455017,1.5195224285125732,1.3743538856506348,1.5756995677947998,0.22953906655311584,0.135583758354187,0.20680318772792816,0.2771153450012207,0.15095865726470947
CY25-025_1-#5,183,199,middle,0.5,0.6632132530212402,1.5038189888000488,1.3763136863708496,1.5781110525131226,0.2826206088066101,0.13583862781524658,0.20714405179023743,0.21327698230743408,0.16111969947814941
CY25-025_1-#5,184,200,late,0.5,0.6686676144599915,1.4990140199661255,1.374395489692688,1.574817419052124,0.22934572398662567,0.13123439252376556,0.19902369379997253,0.2811897099018097,0.15920649468898773
CY25-025_1-#5,185,201,late,0.5,0.679088830947876,1.499083399772644,1.3771235942840576,1.5764963626861572,0.23191788792610168,0.13361267745494843,0.20003670454025269,0.27685630321502686,0.15757639706134796
CY25-025_1-#5,186,202,late,0.5,0.6680362224578857,1.480747103691101,1.377272367477417,1.5733486413955688,0.2954968810081482,0.13397319614887238,0.19225507974624634,0.21348094940185547,0.16479381918907166
CY25-025_1-#5,187,203,late,0.5,0.6723951101303101,1.4903939962387085,1.3785799741744995,1.5776567459106445,0.28656548261642456,0.13604244589805603,0.20015287399291992,0.21272754669189453,0.16451166570186615
CY25-025_1-#5,188,204,late,0.5,0.7147352695465088,1.48661470413208,1.375646948814392,1.5663092136383057,0.22744697332382202,0.13637587428092957,0.198790043592453,0.2963981032371521,0.1409890502691269
CY25-025_1-#5,189,205,late,0.5,0.7070164680480957,1.4889321327209473,1.376831293106079,1.5821781158447266,0.2338058054447174,0.1357681006193161,0.19397351145744324,0.2674678564071655,0.1689847707748413
CY25-025_1-#5,190,206,late,0.5,0.6850441694259644,1.4947879314422607,1.3771953582763672,1.5746667385101318,0.23282887041568756,0.13244245946407318,0.19888807833194733,0.2795705795288086,0.15627004206180573
CY25-025_1-#5,191,207,late,0.5,0.764897346496582,1.4696426391601562,1.3740606307983398,1.5782337188720703,0.23184409737586975,0.13705086708068848,0.18531766533851624,0.27956196665763855,0.16622543334960938
CY25-025_1-#5,192,210,late,0.5,0.8046807050704956,1.4406017065048218,1.3767606019973755,1.581050157546997,0.23109497129917145,0.13314008712768555,0.17724834382534027,0.2718847990036011,0.18663173913955688
CY25-025_1-#5,193,211,late,0.5,0.7430558204650879,1.4705026149749756,1.3781110048294067,1.583883285522461,0.22831182181835175,0.1342281997203827,0.19187846779823303,0.2667311429977417,0.17885033786296844
CY25-025_1-#5,194,212,late,0.5,0.7434133291244507,1.4766836166381836,1.3771512508392334,1.5850776433944702,0.22787830233573914,0.1383596956729889,0.19286435842514038,0.2664966583251953,0.1744009405374527
CY25-025_1-#5,195,213,late,0.5,0.7782291173934937,1.4583890438079834,1.377363920211792,1.5735347270965576,0.23483724892139435,0.1331130564212799,0.1826011836528778,0.2854577302932739,0.16399076581001282
CY25-025_1-#5,196,214,late,0.5,0.6846035718917847,1.5035057067871094,1.3783506155014038,1.5821735858917236,0.2248084545135498,0.1399328112602234,0.20708957314491272,0.26967644691467285,0.15849272906780243
CY25-025_1-#5,197,215,late,0.5,0.7097059488296509,1.4918713569641113,1.3777891397476196,1.5819491147994995,0.2267383337020874,0.13826385140419006,0.2006852626800537,0.2713097929954529,0.16300278902053833
CY25-025_1-#5,198,216,late,0.5,0.7585567831993103,1.4790830612182617,1.3767613172531128,1.5841758251190186,0.22864468395709991,0.14246352016925812,0.19457340240478516,0.26918861269950867,0.16512981057167053
CY25-025_1-#5,199,217,late,0.5,0.7260080575942993,1.4910717010498047,1.3784399032592773,1.5780465602874756,0.2273750901222229,0.14092496037483215,0.2022884488105774,0.27775511145591736,0.1516563892364502
CY25-025_1-#5,200,218,late,0.5,0.7814385890960693,1.4565740823745728,1.3789931535720825,1.588768482208252,0.22879070043563843,0.13829071819782257,0.18856880068778992,0.25641757249832153,0.18793222308158875
CY25-025_1-#5,201,219,late,0.5,0.8216002583503723,1.4382851123809814,1.3784403800964355,1.584633469581604,0.22893351316452026,0.1364763230085373,0.17997485399246216,0.266614705324173,0.1880006343126297
CY25-025_1-#5,202,220,late,0.5,0.8612292408943176,1.4304835796356201,1.3769750595092773,1.5780320167541504,0.23029416799545288,0.13869282603263855,0.1754160374403,0.2827921509742737,0.1728048175573349
CY25-025_1-#5,203,221,late,0.5,0.7336763143539429,1.4820011854171753,1.3804802894592285,1.5895614624023438,0.22395002841949463,0.14019177854061127,0.2031579315662384,0.25563421845436096,0.17706604301929474
CY25-025_1-#5,204,222,late,0.5,0.779997706413269,1.466609001159668,1.3783669471740723,1.5839217901229858,0.2247762382030487,0.13996906578540802,0.19367289543151855,0.27154791355133057,0.17003391683101654
CY25-025_1-#5,205,223,late,0.5,0.7647603750228882,1.4730870723724365,1.3787267208099365,1.5875444412231445,0.22638049721717834,0.1414896547794342,0.19569657742977142,0.26244282722473145,0.17399045825004578
CY25-025_1-#5,206,224,late,0.5,0.860331654548645,1.4331440925598145,1.375225305557251,1.5844262838363647,0.22779032588005066,0.1414433717727661,0.17781586945056915,0.27139386534690857,0.1815565526485443
CY25-025_1-#5,207,225,late,0.5,0.8478336930274963,1.4365897178649902,1.3765854835510254,1.5870044231414795,0.22600781917572021,0.14092086255550385,0.18227770924568176,0.2654774487018585,0.18531614542007446
CY25-025_1-#5,208,226,late,0.5,0.8369052410125732,1.4436264038085938,1.3760340213775635,1.5913909673690796,0.22334295511245728,0.1448635309934616,0.18862631916999817,0.2571733891963959,0.18599382042884827
CY25-025_1-#5,209,227,late,0.5,0.7807413339614868,1.4649142026901245,1.3818190097808838,1.5928597450256348,0.22320939600467682,0.14278671145439148,0.1999858319759369,0.24913859367370605,0.18487952649593353
CY25-025_1-#5,210,228,late,0.5,0.921486496925354,1.410386323928833,1.3727948665618896,1.5857661962509155,0.22690141201019287,0.14555536210536957,0.17119388282299042,0.27015817165374756,0.1861911416053772
CY25-025_1-#5,211,229,late,0.5,0.9537814855575562,1.3830327987670898,1.374106764793396,1.5854427814483643,0.22854384779930115,0.14321866631507874,0.16243723034858704,0.2640748918056488,0.20172534883022308
CY25-025_1-#5,212,230,late,0.5,0.8968791961669922,1.3999847173690796,1.3753671646118164,1.5938650369644165,0.22075897455215454,0.14485469460487366,0.1775740683078766,0.24313583970069885,0.21367642283439636
CY25-025_1-#5,213,231,late,0.5,0.8800575733184814,1.4225667715072632,1.3763980865478516,1.5905413627624512,0.22376905381679535,0.14483961462974548,0.17880186438560486,0.25862500071525574,0.19396448135375977
CY25-025_1-#5,214,232,late,0.5,0.9734403491020203,1.3630561828613281,1.3765112161636353,1.5878534317016602,0.2259780466556549,0.14415006339550018,0.16074922680854797,0.25351211428642273,0.2156105488538742
CY25-025_1-#5,215,233,late,0.5,0.8659191131591797,1.4280482530593872,1.3748530149459839,1.5913931131362915,0.22370874881744385,0.14486128091812134,0.18239817023277283,0.2565600275993347,0.1924717277288437
CY25-025_1-#5,216,236,late,0.5,0.902812659740448,1.3983393907546997,1.3781458139419556,1.5898056030273438,0.221226766705513,0.14053787291049957,0.17535001039505005,0.25489580631256104,0.20798951387405396
CY25-025_1-#5,217,237,late,0.5,0.9557974338531494,1.3764190673828125,1.3757381439208984,1.5912246704101562,0.2210668921470642,0.14561346173286438,0.16856563091278076,0.2502499222755432,0.21450410783290863
CY25-025_1-#5,218,238,late,0.5,0.8568781614303589,1.4390236139297485,1.3779469728469849,1.5920982360839844,0.22042611241340637,0.1464613378047943,0.1901058852672577,0.25769612193107605,0.18531054258346558
CY25-025_1-#5,219,239,late,0.5,0.9003282189369202,1.4175477027893066,1.37367582321167,1.5939539670944214,0.2214333713054657,0.1488785594701767,0.18124443292617798,0.2520790100097656,0.1963646411895752
CY25-025_1-#5,220,240,late,0.5,0.9033075571060181,1.4238028526306152,1.3743963241577148,1.5976110696792603,0.21959832310676575,0.15066924691200256,0.24138377606868744,0.1909046471118927,0.19744405150413513
CY25-025_1-#5,221,241,late,0.5,0.9811159372329712,1.35127592086792,1.3726519346237183,1.5914534330368042,0.2193930745124817,0.14622458815574646,0.1649864912033081,0.24024991691112518,0.22914595901966095
CY25-025_1-#5,222,242,late,0.5,0.856361448764801,1.423475742340088,1.3800994157791138,1.5971324443817139,0.21634012460708618,0.14798779785633087,0.240931898355484,0.19032076001167297,0.20441943407058716
CY25-025_1-#5,223,243,late,0.5,0.9786930084228516,1.3766422271728516,1.3736026287078857,1.5911879539489746,0.21934345364570618,0.14889131486415863,0.16814640164375305,0.2567056119441986,0.20691320300102234
CY25-025_1-#5,224,244,late,0.5,0.9683013558387756,1.362062692642212,1.3782835006713867,1.5918141603469849,0.22265127301216125,0.1453564614057541,0.16747696697711945,0.24173009395599365,0.22278520464897156
CY25-025_1-#5,225,245,late,0.5,0.9495352506637573,1.3862546682357788,1.376636028289795,1.5965232849121094,0.21724700927734375,0.15071922540664673,0.1776406615972519,0.2398809790611267,0.2145121693611145
CY25-025_1-#5,226,246,late,0.5,1.0829262733459473,1.294169545173645,1.3709688186645508,1.5850306749343872,0.21801036596298218,0.1484714299440384,0.14764825999736786,0.24919384717941284,0.23667605221271515
CY25-025_1-#5,227,247,late,0.5,1.00074303150177,1.3717584609985352,1.3717923164367676,1.590881586074829,0.22132478654384613,0.1531049907207489,0.16331565380096436,0.25858205556869507,0.20367246866226196
CY25-025_1-#5,228,248,late,0.5,0.9436101913452148,1.3889228105545044,1.3764028549194336,1.5952298641204834,0.2157820761203766,0.14888621866703033,0.17832757532596588,0.2459147572517395,0.2110893726348877
CY25-025_1-#5,229,249,late,0.5,0.9955257773399353,1.3676142692565918,1.3728737831115723,1.5942339897155762,0.21731595695018768,0.15275144577026367,0.1681002974510193,0.24722272157669067,0.2146095633506775
CY25-025_1-#5,230,250,late,0.5,1.0636203289031982,1.3367072343826294,1.364300012588501,1.5904600620269775,0.21863101422786713,0.15610989928245544,0.15479350090026855,0.25405246019363403,0.21641314029693604
CY25-025_1-#5,231,251,late,0.5,1.0817348957061768,1.3013114929199219,1.366855502128601,1.589146614074707,0.21841299533843994,0.15406151115894318,0.1504453718662262,0.2361607700586319,0.2409193068742752
CY25-025_1-#5,232,252,late,0.5,0.9869082570075989,1.3706848621368408,1.3708443641662598,1.595470666885376,0.2161477655172348,0.1536044329404831,0.17051038146018982,0.24452510476112366,0.2152123749256134
CY25-025_1-#5,233,253,late,0.5,1.000675916671753,1.3611640930175781,1.3736495971679688,1.594140648841858,0.21763961017131805,0.15170322358608246,0.16774053871631622,0.24429729580879211,0.21861934661865234
CY25-025_1-#5,234,254,late,0.5,1.065528392791748,1.3381085395812988,1.3609304428100586,1.5928908586502075,0.21717707812786102,0.1591717153787613,0.15669354796409607,0.2484550178050995,0.21850265562534332
CY25-025_1-#5,235,255,late,0.5,1.0344486236572266,1.343053936958313,1.3700413703918457,1.5955703258514404,0.21119190752506256,0.15573464334011078,0.16732855141162872,0.2411995828151703,0.22454531490802765
CY25-025_1-#5,236,256,late,0.5,0.9870203733444214,1.3834935426712036,1.3686004877090454,1.5975730419158936,0.21496322751045227,0.15841105580329895,0.1751549243927002,0.2462647557258606,0.205206036567688
CY25-025_1-#5,237,257,late,0.5,0.9927466511726379,1.3676427602767944,1.368855595588684,1.6004371643066406,0.21307983994483948,0.16058596968650818,0.1765645444393158,0.22633886337280273,0.2234307825565338
CY25-025_1-#5,238,258,late,0.5,1.0752747058868408,1.3115917444229126,1.366283893585205,1.5924304723739624,0.2133266031742096,0.15657897293567657,0.15657353401184082,0.23655439913272858,0.23696646094322205
CY25-025_1-#5,239,259,late,0.5,1.164697289466858,1.2842285633087158,1.3456120491027832,1.5863425731658936,0.21801422536373138,0.1658184975385666,0.13668052852153778,0.2506248652935028,0.22886192798614502
CY25-025_1-#5,240,262,late,0.5,1.1438974142074585,1.2825884819030762,1.360308051109314,1.5865082740783691,0.21652019023895264,0.15972132980823517,0.1411731094121933,0.2492331862449646,0.2333521842956543
CY25-025_1-#5,241,263,late,0.5,1.0715973377227783,1.297796368598938,1.3708345890045166,1.5928685665130615,0.2102980613708496,0.1564125120639801,0.160369411110878,0.22378654778003693,0.24913343787193298
CY25-025_1-#5,242,264,late,0.5,1.1285691261291504,1.2616758346557617,1.364679217338562,1.5893232822418213,0.20840594172477722,0.1589464545249939,0.15173304080963135,0.22235757112503052,0.25855696201324463
CY25-025_1-#5,243,265,late,0.5,1.1298139095306396,1.3039355278015137,1.3571869134902954,1.590484619140625,0.21434365212917328,0.16430231928825378,0.14673052728176117,0.24989980459213257,0.2247237116098404
CY25-025_1-#5,244,266,late,0.5,1.1220983266830444,1.3014144897460938,1.356865406036377,1.5928699970245361,0.2127179652452469,0.16517148911952972,0.15012305974960327,0.23774725198745728,0.23424017429351807
CY25-025_1-#5,245,267,late,0.5,1.187681794166565,1.2840173244476318,1.3417363166809082,1.5858367681503296,0.2171240746974945,0.17048490047454834,0.13485796749591827,0.2578595280647278,0.21967348456382751
CY25-025_1-#5,246,268,late,0.5,1.164963722229004,1.2806801795959473,1.352746605873108,1.5898112058639526,0.21196740865707397,0.16653037071228027,0.14315104484558105,0.2443256676197052,0.23402553796768188
CY25-025_1-#5,247,269,late,0.5,1.237389087677002,1.1961305141448975,1.3470505475997925,1.579972743988037,0.20964865386486053,0.16892153024673462,0.12964937090873718,0.22000379860401154,0.27177661657333374
CY25-025_1-#5,248,270,late,0.5,1.1526682376861572,1.2585943937301636,1.362471103668213,1.5899567604064941,0.2090396285057068,0.16403640806674957,0.1483827829360962,0.22190919518470764,0.2566319704055786
CY25-025_1-#5,249,271,late,0.5,1.1870030164718628,1.2869348526000977,1.341291904449463,1.586071252822876,0.21193289756774902,0.17124857008457184,0.13901464641094208,0.26696741580963135,0.2108365148305893
CY25-025_1-#5,250,272,late,0.5,1.132784128189087,1.280282735824585,1.3537497520446777,1.593921422958374,0.2072066068649292,0.167767733335495,0.15346738696098328,0.22294309735298157,0.24861523509025574
CY25-025_1-#5,251,273,late,0.5,1.0861473083496094,1.342362642288208,1.3568074703216553,1.5998998880386353,0.20840173959732056,0.17212921380996704,0.16483351588249207,0.23756462335586548,0.21707090735435486
CY25-025_1-#5,252,274,late,0.5,1.1514408588409424,1.2819669246673584,1.354892611503601,1.5940744876861572,0.20679610967636108,0.17018984258174896,0.1510714590549469,0.22826549410820007,0.24367710947990417
CY25-025_1-#5,253,275,late,0.5,1.1908607482910156,1.2260887622833252,1.3497166633605957,1.5877858400344849,0.20413416624069214,0.17181412875652313,0.14600138366222382,0.20698267221450806,0.27106764912605286
CY25-025_1-#5,254,276,late,0.5,1.2507579326629639,1.1871238946914673,1.3457106351852417,1.5815908908843994,0.20348629355430603,0.1760750412940979,0.1334877908229828,0.20881378650665283,0.27813705801963806
CY25-025_1-#5,255,277,late,0.5,1.2290353775024414,1.2482893466949463,1.3380557298660278,1.5888742208480835,0.20699062943458557,0.17757867276668549,0.13578374683856964,0.23626480996608734,0.24338215589523315
CY25-025_1-#5,256,278,late,0.5,1.2254581451416016,1.210860252380371,1.3436639308929443,1.5850430727005005,0.2057768851518631,0.17639556527137756,0.13842839002609253,0.20576287806034088,0.27363625168800354
CY25-025_1-#5,257,279,late,0.5,1.2704715728759766,1.203391671180725,1.3388943672180176,1.5835258960723877,0.20592458546161652,0.17988869547843933,0.12866637110710144,0.22278013825416565,0.26274022459983826
CY25-025_1-#5,258,280,late,0.5,1.3323501348495483,1.1185498237609863,1.324837565422058,1.568670630455017,0.2031114399433136,0.18306156992912292,0.11813458800315857,0.1989571899175644,0.2967351973056793
CY25-025_1-#5,259,281,late,0.5,1.189588189125061,1.3031787872314453,1.327094554901123,1.5958130359649658,0.2102157026529312,0.1869828701019287,0.14438091218471527,0.23739038407802582,0.22103017568588257
CY25-025_1-#5,260,282,late,0.5,1.2943933010101318,1.181469202041626,1.3263517618179321,1.5795068740844727,0.20566421747207642,0.18297532200813293,0.12394168227910995,0.21483081579208374,0.27258801460266113
CY25-025_1-#5,261,283,late,0.5,1.2461037635803223,1.190375804901123,1.3409574031829834,1.5829004049301147,0.20193374156951904,0.18121078610420227,0.13907332718372345,0.19502058625221252,0.2827615737915039
CY25-025_1-#5,262,284,late,0.5,1.33733069896698,1.1424150466918945,1.3180646896362305,1.5739989280700684,0.2011413276195526,0.18819241225719452,0.1195794939994812,0.20567892491817474,0.2854078412055969
CY25-025_1-#5,263,285,late,0.5,1.3252168893814087,1.1879603862762451,1.3151750564575195,1.5794957876205444,0.2060248702764511,0.18862606585025787,0.1179790049791336,0.22923089563846588,0.2581391930580139
CY25-025_1-#5,264,288,late,0.5,1.297424554824829,1.162046194076538,1.3264919519424438,1.5770115852355957,0.20363017916679382,0.1835593730211258,0.12571997940540314,0.20257216691970825,0.2845183312892914
CY25-025_1-#5,265,289,late,0.5,1.3090256452560425,1.173720121383667,1.321805715560913,1.5802245140075684,0.2008202224969864,0.1878243237733841,0.12616002559661865,0.20912207663059235,0.2760733366012573
CY25-025_1-#5,266,290,late,0.5,1.316281795501709,1.1676371097564697,1.3286144733428955,1.5791206359863281,0.20094123482704163,0.1870255321264267,0.12372064590454102,0.2132379114627838,0.27507469058036804
CY25-025_1-#5,267,291,late,0.5,1.346660852432251,1.1106013059616089,1.3147989511489868,1.5676794052124023,0.19868238270282745,0.19127359986305237,0.12020830810070038,0.18755954504013062,0.3022761344909668
CY25-025_1-#5,268,292,late,0.5,1.3647874593734741,1.147170066833496,1.3013899326324463,1.5738269090652466,0.20065614581108093,0.19501633942127228,0.11332569271326065,0.2157982885837555,0.27520349621772766
CY25-025_1-#5,269,293,late,0.5,1.3643385171890259,1.1194415092468262,1.3130521774291992,1.5701274871826172,0.1979014277458191,0.19211113452911377,0.11570602655410767,0.20323659479618073,0.29104477167129517
CY25-025_1-#5,270,294,late,0.5,1.3505525588989258,1.114461898803711,1.3191173076629639,1.5695388317108154,0.19713672995567322,0.19063110649585724,0.11971917748451233,0.1947488933801651,0.2977641224861145
CY25-025_1-#5,271,295,late,0.5,1.391263484954834,1.0711420774459839,1.3118956089019775,1.5620155334472656,0.19207637012004852,0.1949729174375534,0.1159764975309372,0.1868113875389099,0.31016284227371216
CY25-025_1-#5,272,296,late,0.5,1.3514420986175537,1.1597254276275635,1.3062329292297363,1.5766786336898804,0.20061877369880676,0.19566121697425842,0.11761870980262756,0.2115107774734497,0.27459052205085754
CY25-025_1-#5,273,297,late,0.5,1.4172409772872925,0.9747945666313171,1.3153518438339233,1.5405967235565186,0.18906012177467346,0.1932334452867508,0.11340852826833725,0.16111677885055542,0.3431811034679413
CY25-025_1-#5,274,298,late,0.5,1.3519692420959473,1.1416699886322021,1.313248634338379,1.5755892992019653,0.1934143453836441,0.1975950002670288,0.12278256565332413,0.1998787373304367,0.28632935881614685
CY25-025_1-#6,0,2,early,0.5,1.9583288431167603,0.6388505697250366,0.8971180319786072,1.411298155784607,0.12552914023399353,0.3711458742618561,0.33101388812065125,0.1077531948685646,0.06455788761377335
CY25-025_1-#6,1,3,early,0.5,1.924010992050171,0.19714856147766113,1.1487396955490112,1.2936573028564453,0.017384391278028488,0.4810027480125427,0.21828007698059082,0.1869826465845108,0.09635017067193985
CY25-025_1-#6,2,4,early,0.5,1.9680757522583008,0.4629930257797241,0.8292961120605469,1.296034812927246,0.4299774169921875,0.06789200752973557,0.3516264259815216,0.09695707261562347,0.05354703962802887
CY25-025_1-#6,3,5,early,0.5,1.9704837799072266,0.37193387746810913,0.8350493907928467,1.2556660175323486,0.45124632120132446,0.047453492879867554,0.3500998616218567,0.09664244949817657,0.05455790087580681
CY25-025_1-#6,4,6,early,0.5,1.974000334739685,0.23843589425086975,0.8294504880905151,1.1897897720336914,0.47598183155059814,0.023837018758058548,0.3511035442352295,0.09751098603010178,0.05156663805246353
CY25-025_1-#6,5,7,early,0.5,1.9778428077697754,0.17228615283966064,0.8105102777481079,1.151747226715088,0.4854024052619934,0.015116384252905846,0.3568480312824249,0.09317933022975922,0.04945383965969086
CY25-025_1-#6,6,8,early,0.5,1.7049200534820557,0.5327010750770569,1.1301615238189697,1.3450151681900024,0.02418646402657032,0.4262300133705139,0.23420578241348267,0.22642534971237183,0.08895239233970642
CY25-025_1-#6,7,9,early,0.5,1.7356834411621094,0.4762318432331085,1.1683833599090576,1.342130422592163,0.022739533334970474,0.43392089009284973,0.205905020236969,0.24107463657855988,0.09635990858078003
CY25-025_1-#6,8,10,early,0.5,1.0272924900054932,0.4941107928752899,1.2157585620880127,1.0711345672607422,0.03864448517560959,0.0578518882393837,0.14787061512470245,0.6604218482971191,0.09521124511957169
CY25-025_1-#6,9,11,early,0.5,1.8365345001220703,0.3536686301231384,1.1177915334701538,1.3072731494903564,0.01901000551879406,0.45913365483283997,0.2375537008047104,0.19677749276161194,0.0875251367688179
CY25-025_1-#6,10,12,early,0.5,1.293326735496521,0.8152226209640503,1.1706955432891846,1.3819750547409058,0.028330840170383453,0.32333168387413025,0.2090308964252472,0.3458268642425537,0.0934797078371048
CY25-025_1-#6,11,13,early,0.5,1.7909207344055176,0.8605607748031616,1.035900354385376,1.4770097732543945,0.11759085208177567,0.3487842381000519,0.28325074911117554,0.17410829663276672,0.07626590132713318
CY25-025_1-#6,12,14,early,0.5,1.9814072847366333,0.06374809890985489,0.806430995464325,1.0998808145523071,0.4984032213687897,0.0035922108218073845,0.35692504048347473,0.09573214501142502,0.04534738510847092
CY25-025_1-#6,13,15,early,0.5,1.1967521905899048,0.953510046005249,1.1161562204360962,1.3910144567489624,0.03670988976955414,0.2661008834838867,0.2442680448293686,0.37080955505371094,0.08211160451173782
CY25-025_1-#6,14,16,early,0.5,1.3822693824768066,0.7751514315605164,1.1529628038406372,1.3773410320281982,0.02635694295167923,0.34556734561920166,0.21955375373363495,0.31827229261398315,0.09024966508150101
CY25-025_1-#6,15,17,early,0.5,1.9014778137207031,0.5831466913223267,0.9357038736343384,1.349982500076294,0.41969841718673706,0.06800878047943115,0.31761568784713745,0.13506607711315155,0.0596110075712204
CY25-025_1-#6,16,18,early,0.5,1.155656099319458,0.8817234635353088,1.1613402366638184,1.3645175695419312,0.029051948338747025,0.2614770829677582,0.21456728875637054,0.4062740206718445,0.08862964063882828
CY25-025_1-#6,17,19,early,0.5,1.982851505279541,0.04565238207578659,0.7967994213104248,1.0879653692245483,0.49997660517692566,0.002226706128567457,0.3588550388813019,0.09615607559680939,0.04278562217950821
CY25-025_1-#6,18,20,early,0.5,1.9119622707366943,0.5716277360916138,0.9200714230537415,1.3447446823120117,0.4199502468109131,0.06928876787424088,0.3227200508117676,0.13001468777656555,0.058026280254125595
CY25-025_1-#6,19,21,early,0.5,1.1669397354125977,0.889512836933136,1.1264970302581787,1.2987991571426392,0.03693138062953949,0.15097728371620178,0.23805038630962372,0.49434801936149597,0.07969288527965546
CY25-025_1-#6,20,22,early,0.5,1.265707015991211,1.0147626399993896,1.0712926387786865,1.4278020858764648,0.05260201916098595,0.28767967224121094,0.26707515120506287,0.3153153359889984,0.07732781022787094
CY25-025_1-#6,21,23,early,0.5,1.0472404956817627,0.18791621923446655,1.2084190845489502,0.9135007262229919,0.03931175917387009,0.012392167001962662,0.15106886625289917,0.7145106196403503,0.08271659165620804
CY25-025_1-#6,22,24,early,0.5,1.9837121963500977,0.02482786774635315,0.7842524647712708,1.072651982307434,0.5018265843391418,0.0009065910126082599,0.3618636131286621,0.09592416137456894,0.03947903960943222
CY25-025_1-#6,23,25,early,0.5,1.9842637777328491,0.01907944865524769,0.7819129228591919,1.0694531202316284,0.5022494792938232,0.0006370639894157648,0.3622804582118988,0.09607209265232086,0.038760956376791
CY25-025_1-#6,24,28,early,0.5,1.1175849437713623,0.30331018567085266,1.1900745630264282,0.9824426174163818,0.03179989755153656,0.02577434666454792,0.18227237462997437,0.6782698631286621,0.08188355714082718
CY25-025_1-#6,25,29,early,0.5,1.1580028533935547,0.6311302185058594,1.1527124643325806,1.1508746147155762,0.030819661915302277,0.07861513644456863,0.21741554141044617,0.5931139588356018,0.0800357237458229
CY25-025_1-#6,26,30,early,0.5,1.1714422702789307,0.4671981632709503,1.156116008758545,1.065016269683838,0.030020609498023987,0.04552670195698738,0.21541619300842285,0.6315586566925049,0.07747780531644821
CY25-025_1-#6,27,31,early,0.5,1.1184155941009521,0.1589878797531128,1.1868504285812378,0.9101252555847168,0.03263276815414429,0.0096446443349123,0.1807548999786377,0.7011598944664001,0.07580788433551788
CY25-025_1-#6,28,32,early,0.5,1.2393230199813843,1.0248156785964966,1.0596568584442139,1.327197551727295,0.13406845927238464,0.05548720061779022,0.2730616629123688,0.4667169451713562,0.07066569477319717
CY25-025_1-#6,29,33,early,0.5,1.2598013877868652,1.1213475465774536,1.0473111867904663,1.4239981174468994,0.06931104511022568,0.2058953493833542,0.27902933955192566,0.37366271018981934,0.07210157811641693
CY25-025_1-#6,30,34,early,0.5,1.1902379989624023,0.7749865651130676,1.1012028455734253,1.2099865674972534,0.040904201567173004,0.08767817914485931,0.24890688061714172,0.5497082471847534,0.07280252873897552
CY25-025_1-#6,31,35,early,0.5,1.3150911331176758,1.0790854692459106,1.0041024684906006,1.4271876811981201,0.2875739336013794,0.06073655188083649,0.2951394319534302,0.2905593514442444,0.06599072366952896
CY25-025_1-#6,32,36,early,0.5,1.1724555492401123,0.5936078429222107,1.1099090576171875,1.1121280193328857,0.03602007403969765,0.053043339401483536,0.24221567809581757,0.5987547039985657,0.0699661374092102
CY25-025_1-#6,33,37,early,0.5,1.175255537033081,0.5095407962799072,1.1049246788024902,1.0656007528305054,0.03506608307361603,0.03789543733000755,0.24182629585266113,0.6171354055404663,0.06807677447795868
CY25-025_1-#6,34,38,early,0.5,1.9845331907272339,0.01023164764046669,0.7577791810035706,1.0535998344421387,0.5029762387275696,0.0002400715893600136,0.36764082312583923,0.09582487493753433,0.03331798315048218
CY25-025_1-#6,35,39,early,0.5,1.3506147861480713,1.0255062580108643,0.9946509599685669,1.406861424446106,0.3063366711139679,0.05069452524185181,0.29904064536094666,0.27996718883514404,0.06396099925041199
CY25-025_1-#6,36,40,early,0.5,1.236524224281311,0.9787071347236633,1.0537396669387817,1.2965507507324219,0.12564031779766083,0.04893744736909866,0.2736397385597229,0.4840014576911926,0.06778106093406677
CY25-025_1-#6,37,41,early,0.5,1.297418475151062,1.005833625793457,1.0068674087524414,1.3716444969177246,0.28339171409606934,0.03526126593351364,0.29116103053092957,0.3287551999092102,0.061430804431438446
CY25-025_1-#6,38,42,early,0.5,1.1751646995544434,0.2903413772583008,1.1469234228134155,0.9696893692016602,0.028506038710474968,0.02022578753530979,0.2151806801557541,0.665197491645813,0.07089000940322876
CY25-025_1-#6,39,43,early,0.5,1.7209501266479492,0.547476589679718,0.9501384496688843,1.2540395259857178,0.4340181350708008,0.01400922890752554,0.310016930103302,0.19021108746528625,0.051744572818279266
CY25-025_1-#6,40,44,early,0.5,1.935617208480835,0.23031529784202576,0.8876303434371948,1.1764744520187378,0.483666330575943,0.012243237346410751,0.33032462000846863,0.12693770229816437,0.04682815819978714
CY25-025_1-#6,41,45,early,0.5,1.9072136878967285,0.2098650187253952,0.9016690850257874,1.15274977684021,0.48707714676856995,0.004483964294195175,0.3245423436164856,0.13961853086948395,0.044277969747781754
CY25-025_1-#6,42,46,early,0.5,1.691402792930603,0.6148546934127808,0.9525123834609985,1.2776446342468262,0.421883225440979,0.01868797279894352,0.3109700679779053,0.19454102218151093,0.053917668759822845
CY25-025_1-#6,43,47,early,0.5,1.7017617225646973,0.5882374048233032,0.9501851797103882,1.267014503479004,0.4267203211784363,0.01657561957836151,0.31101998686790466,0.19312192499637604,0.05256209895014763
CY25-025_1-#6,44,48,early,0.5,1.958981990814209,0.07911977171897888,0.8497177362442017,1.103886365890503,0.4998267590999603,0.0016695621889084578,0.34095701575279236,0.1181894838809967,0.039357174187898636
CY25-025_1-#6,45,49,early,0.5,1.0523054599761963,0.044661350548267365,1.2043819427490234,0.8484546542167664,0.043318986892700195,0.0015429941704496741,0.1513931006193161,0.7323092222213745,0.07143569737672806
CY25-025_1-#6,46,50,early,0.5,1.2658436298370361,0.9863637685775757,1.0306013822555542,1.3038902282714844,0.15127813816070557,0.04039066657423973,0.28372323513031006,0.4615442752838135,0.06306365877389908
CY25-025_1-#6,47,51,early,0.5,1.254276990890503,0.865624189376831,1.0369465351104736,1.2329803705215454,0.11942843347787857,0.031447768211364746,0.27836334705352783,0.5096064805984497,0.06115396320819855
CY25-025_1-#6,48,54,early,0.5,1.9757722616195679,0.02743494138121605,0.7982431054115295,1.0710978507995605,0.503106415271759,0.000528028467670083,0.35695794224739075,0.10390129685401917,0.03550627455115318
CY25-025_1-#6,49,55,early,0.5,1.9660232067108154,0.05122668296098709,0.8272756338119507,1.0861905813217163,0.5020908713340759,0.0008706076769158244,0.34732767939567566,0.11376023292541504,0.03595060482621193
CY25-025_1-#6,50,56,early,0.5,1.7639434337615967,0.5037428140640259,0.9346041679382324,1.2413318157196045,0.4435017704963684,0.014158490113914013,0.31555843353271484,0.17648527026176453,0.050296083092689514
CY25-025_1-#6,51,57,early,0.5,1.112776517868042,0.056525226682424545,1.1737289428710938,0.8555281162261963,0.03406611084938049,0.0020834903698414564,0.183275505900383,0.7158184051513672,0.06475647538900375
CY25-025_1-#6,52,58,early,0.5,1.982706069946289,0.008901994675397873,0.7487103343009949,1.0461549758911133,0.5034945011138916,0.00013613648479804397,0.36945515871047974,0.09675132483243942,0.030162833631038666
CY25-025_1-#6,53,59,early,0.5,1.6092190742492676,0.6199672818183899,0.9467822909355164,1.2541375160217285,0.4119170606136322,0.010392596013844013,0.310228168964386,0.21969616413116455,0.04776609316468239
CY25-025_1-#6,54,60,early,0.5,1.2603005170822144,0.7178350687026978,1.0313959121704102,1.1538180112838745,0.10119502246379852,0.018372556194663048,0.27840864658355713,0.5456827282905579,0.05634109303355217
CY25-025_1-#6,55,61,early,0.5,1.2142759561538696,0.4390767514705658,1.0867109298706055,1.0297744274139404,0.0340954065322876,0.02686917409300804,0.2545323073863983,0.621786892414093,0.06271621584892273
CY25-025_1-#6,56,62,early,0.5,1.3138928413391113,0.9032492637634277,0.9892742037773132,1.2824981212615967,0.23095616698265076,0.015312653966248035,0.29660600423812866,0.40524229407310486,0.05188284441828728
CY25-025_1-#6,57,63,early,0.5,1.908940315246582,0.20430222153663635,0.8792552351951599,1.1408965587615967,0.487454354763031,0.004084653686732054,0.33239564299583435,0.1344803273677826,0.04158507287502289
CY25-025_1-#6,58,64,early,0.5,1.3123769760131836,0.8870766162872314,0.9853060841560364,1.2678011655807495,0.21930749714374542,0.014014112763106823,0.29693564772605896,0.4194978177547455,0.05024489387869835
CY25-025_1-#6,59,65,early,0.5,1.0358867645263672,0.020529327914118767,1.1960994005203247,0.8298465013504028,0.04676283895969391,0.0004071196890436113,0.15047909319400787,0.7389401793479919,0.06341078877449036
CY25-025_1-#6,60,66,early,0.5,1.1786527633666992,0.05011637508869171,1.139899492263794,0.8547947406768799,0.030306581407785416,0.001093158032745123,0.21270206570625305,0.6995052099227905,0.05639299377799034
CY25-025_1-#6,61,67,early,0.5,1.3229358196258545,0.8851009607315063,0.9773011207580566,1.2823768854141235,0.2577891945838928,0.012805873528122902,0.29980260133743286,0.380351185798645,0.049251191318035126
CY25-025_1-#6,62,68,middle,0.5,1.255351185798645,0.485334575176239,1.0313811302185059,1.0344562530517578,0.06533361226320267,0.009076322428882122,0.27528202533721924,0.5993795394897461,0.05092854052782059
CY25-025_1-#6,63,69,middle,0.5,1.2220706939697266,0.22554734349250793,1.0827511548995972,0.9223704934120178,0.032491736114025116,0.005503704771399498,0.25052985548973083,0.6565535068511963,0.054921187460422516
CY25-025_1-#6,64,70,middle,0.5,1.9849934577941895,0.005547790788114071,0.702103853225708,1.0242326259613037,0.50325608253479,7.298844866454601e-05,0.38126254081726074,0.08975926041603088,0.025649061426520348
CY25-025_1-#6,65,71,middle,0.5,1.3320735692977905,0.8791617751121521,0.9674018621444702,1.2863343954086304,0.27594801783561707,0.012719484977424145,0.3031259775161743,0.3601284623146057,0.048077989369630814
CY25-025_1-#6,66,72,middle,0.5,1.983136773109436,0.007093749940395355,0.718410313129425,1.0307459831237793,0.5035545229911804,8.935248479247093e-05,0.3768441081047058,0.09336444735527039,0.02614753693342209
CY25-025_1-#6,67,73,middle,0.5,1.271714210510254,0.6929622888565063,1.0196115970611572,1.1378332376480103,0.09656362235546112,0.016943737864494324,0.2839006185531616,0.5492115020751953,0.0533805787563324
CY25-025_1-#6,68,74,middle,0.5,1.8874510526657104,0.21442747116088867,0.8686684370040894,1.1275904178619385,0.4859269857406616,0.0023277299478650093,0.3336617648601532,0.14235687255859375,0.03572667017579079
CY25-025_1-#6,69,75,middle,0.5,1.3202731609344482,0.9106459617614746,0.9748849272727966,1.2806339263916016,0.22884440422058105,0.01607903093099594,0.30134719610214233,0.40406060218811035,0.04966876655817032
CY25-025_1-#6,70,76,middle,0.5,1.6775966882705688,0.5459272861480713,0.913854718208313,1.2252297401428223,0.4293123185634613,0.008713916875422001,0.32169830799102783,0.1969294250011444,0.04334605112671852
CY25-025_1-#6,71,77,middle,0.5,1.1918931007385254,0.04575841501355171,1.1339457035064697,0.8541949987411499,0.03015691600739956,0.0009132876293733716,0.21777912974357605,0.6967021226882935,0.054448552429676056
CY25-025_1-#6,72,80,middle,0.5,1.18772292137146,0.07146725058555603,1.13677978515625,0.8651220202445984,0.02961043082177639,0.0022410049568861723,0.2165227234363556,0.6948087811470032,0.056817103177309036
CY25-025_1-#6,73,81,middle,0.5,1.2326040267944336,0.14836397767066956,1.0891735553741455,0.8899382948875427,0.030230939388275146,0.002883338136598468,0.24642296135425568,0.6687932014465332,0.05166953429579735
CY25-025_1-#6,74,82,middle,0.5,1.8648056983947754,0.25413161516189575,0.8700085878372192,1.135509729385376,0.4805028736591339,0.0026654654648154974,0.33355316519737244,0.14760401844978333,0.035674452781677246
CY25-025_1-#6,75,83,middle,0.5,1.9708914756774902,0.03839341923594475,0.7841683626174927,1.0638097524642944,0.5027133226394653,0.000606327666901052,0.36014097929000854,0.10489841550588608,0.03164098411798477
CY25-025_1-#6,76,84,middle,0.5,1.9823225736618042,0.010393612086772919,0.7185045480728149,1.0312352180480957,0.503404974937439,0.00013885364751331508,0.37673425674438477,0.09376828372478485,0.025953616946935654
CY25-025_1-#6,77,85,middle,0.5,1.4121090173721313,0.7446233034133911,0.9322060346603394,1.265887975692749,0.36523622274398804,0.009647305123507977,0.316448450088501,0.2647317051887512,0.04393626004457474
CY25-025_1-#6,78,86,middle,0.5,1.3198661804199219,0.84602952003479,0.9729709625244141,1.2343111038208008,0.19700545072555542,0.01112709753215313,0.3012438416481018,0.4442899823188782,0.04633357375860214
CY25-025_1-#6,79,87,middle,0.5,1.1903667449951172,0.04181826859712601,1.1301884651184082,0.8502748012542725,0.030735554173588753,0.0007751792436465621,0.21881717443466187,0.6975604295730591,0.05211156606674194
CY25-025_1-#6,80,88,middle,0.5,1.184556484222412,0.030871406197547913,1.1293303966522217,0.8440076112747192,0.03181132301688194,0.0005153967649675906,0.21756675839424133,0.7004136443138123,0.04969283565878868
CY25-025_1-#6,81,89,middle,0.5,1.2681461572647095,0.4991832673549652,1.0271494388580322,1.0422101020812988,0.06795328855514526,0.009184014052152634,0.2806839048862457,0.5922841429710388,0.04989466071128845
CY25-025_1-#6,82,90,middle,0.5,1.3124181032180786,0.7929810285568237,0.9805694222450256,1.1988084316253662,0.1647929847240448,0.009969386272132397,0.29826900362968445,0.4804495573043823,0.046519022434949875
CY25-025_1-#6,83,91,middle,0.5,1.96996009349823,0.035144880414009094,0.7705879807472229,1.0544699430465698,0.503214418888092,0.0004270793288014829,0.3628568947315216,0.10524199157953262,0.028259608894586563
CY25-025_1-#6,84,92,middle,0.5,1.9518494606018066,0.07534845173358917,0.7964668273925781,1.0692377090454102,0.5007342100143433,0.0006994259310886264,0.3550868630409241,0.11494047939777374,0.028539039194583893
CY25-025_1-#6,85,93,middle,0.5,1.1348987817764282,0.020925261080265045,1.1673157215118408,0.8446755409240723,0.03772220015525818,0.00047228680341504514,0.19234798848628998,0.7142226696014404,0.055234815925359726
CY25-025_1-#6,86,94,middle,0.5,1.1136035919189453,0.013317463919520378,1.1631146669387817,0.8336519598960876,0.0392296239733696,0.0002622419560793787,0.18806928396224976,0.7203508615493774,0.052087973803281784
CY25-025_1-#6,87,95,middle,0.5,1.8640916347503662,0.25383251905441284,0.8520505428314209,1.1270062923431396,0.48036691546440125,0.0025059960316866636,0.33974653482437134,0.14368084073066711,0.03369976580142975
CY25-025_1-#6,88,96,middle,0.5,1.249333381652832,0.16137565672397614,1.0659291744232178,0.8904538750648499,0.02848682552576065,0.0033697220496833324,0.2565949261188507,0.6624164581298828,0.0491320826113224
CY25-025_1-#6,89,97,middle,0.5,1.3315296173095703,0.8293006420135498,0.9577634334564209,1.216172695159912,0.17645512521266937,0.01167508028447628,0.30639225244522095,0.46088647842407227,0.04459105059504509
CY25-025_1-#6,90,98,middle,0.5,1.023557424545288,0.005618343595415354,1.1902546882629395,0.8188332319259644,0.05584127828478813,7.374912092927843e-05,0.1486738622188568,0.7436068058013916,0.05180426314473152
CY25-025_1-#6,91,99,middle,0.5,1.3240406513214111,0.796021580696106,0.9642759561538696,1.2019362449645996,0.18353891372680664,0.0078092534095048904,0.3034135401248932,0.4626520872116089,0.04258625581860542
CY25-025_1-#6,92,100,middle,0.5,1.9759577512741089,0.016462422907352448,0.7357187271118164,1.035032033920288,0.5042178630828857,0.00017275977006647736,0.37252384424209595,0.09775049984455109,0.025335032492876053
CY25-025_1-#6,93,101,middle,0.5,1.1353588104248047,0.01553432084619999,1.1620656251907349,0.8403228521347046,0.038242608308792114,0.0003159273765049875,0.19436998665332794,0.7146780490875244,0.05239337310194969
CY25-025_1-#6,94,102,middle,0.5,1.9522864818572998,0.08348900824785233,0.7885228991508484,1.06996488571167,0.49961259961128235,0.0010063369991257787,0.3583724796772003,0.11149251461029053,0.029516100883483887
CY25-025_1-#6,95,103,middle,0.5,1.3332618474960327,0.7925586700439453,0.9543771147727966,1.1973729133605957,0.17787139117717743,0.008053848519921303,0.3066147267818451,0.46552327275276184,0.04193677008152008
CY25-025_1-#6,96,106,middle,0.5,1.8590158224105835,0.2724238634109497,0.8345446586608887,1.1266381740570068,0.47732555866241455,0.0030092073138803244,0.3452567756175995,0.1415405571460724,0.03286788985133171
CY25-025_1-#6,97,107,middle,0.5,1.2623372077941895,0.15230830013751984,1.059178352355957,0.8870658278465271,0.029153160750865936,0.0027909367345273495,0.2610809803009033,0.6603472232818604,0.046627677977085114
CY25-025_1-#6,98,108,middle,0.5,1.9798672199249268,0.01471264660358429,0.7040884494781494,1.0230242013931274,0.5034910440444946,0.00017558578110765666,0.38090404868125916,0.09132815152406693,0.02410116046667099
CY25-025_1-#6,99,109,middle,0.5,1.2617899179458618,0.2606009244918823,1.0103386640548706,0.9221863150596619,0.039790477603673935,0.0030520232394337654,0.28028902411460876,0.6355576515197754,0.041310831904411316
CY25-025_1-#6,100,110,middle,0.5,1.9671257734298706,0.04841140657663345,0.7478296756744385,1.0468130111694336,0.5019039511680603,0.0005819509387947619,0.36930957436561584,0.10174911469221115,0.026455407962203026
CY25-025_1-#6,101,111,middle,0.5,1.3273626565933228,0.7196446657180786,0.9564664363861084,1.1518769264221191,0.14906631410121918,0.006060351617634296,0.30530038475990295,0.49976304173469543,0.03980987146496773
CY25-025_1-#6,102,112,middle,0.5,1.9798671007156372,0.015354568138718605,0.6988787651062012,1.020716905593872,0.5034052133560181,0.00017842446686699986,0.3818214237689972,0.09135296940803528,0.023241931572556496
CY25-025_1-#6,103,113,middle,0.5,1.9802265167236328,0.012536359950900078,0.6858240365982056,1.0133479833602905,0.5036370158195496,0.00013185810530558228,0.38530516624450684,0.08886264264583588,0.02206333726644516
CY25-025_1-#6,104,114,middle,0.5,1.3459393978118896,0.7595337629318237,0.9448471069335938,1.1762962341308594,0.16519030928611755,0.006866157986223698,0.3107345700263977,0.4773470461368561,0.03986196219921112
CY25-025_1-#6,105,115,middle,0.5,0.9512435793876648,0.0012500673765316606,1.1840345859527588,0.7948554158210754,0.082156702876091,1.0877653949137311e-05,0.11171019822359085,0.7620894908905029,0.044032685458660126
CY25-025_1-#6,106,116,middle,0.5,1.8010919094085693,0.36077260971069336,0.8341408371925354,1.1455087661743164,0.46251600980758667,0.0036564073525369167,0.3447052240371704,0.15694084763526917,0.032181497663259506
CY25-025_1-#6,107,117,middle,0.5,1.979278802871704,0.013714363798499107,0.6956122517585754,1.0176438093185425,0.5037388205528259,0.0001481638610130176,0.382952481508255,0.09041733294725418,0.02274315431714058
CY25-025_1-#6,108,118,middle,0.5,1.3492404222488403,0.7059446573257446,0.936786413192749,1.142231822013855,0.14232833683490753,0.006003271322697401,0.31202399730682373,0.5015291571617126,0.03811519220471382
CY25-025_1-#6,109,119,middle,0.5,1.1265515089035034,0.007844213396310806,1.156031608581543,0.832058846950531,0.04099789634346962,0.00011217143764952198,0.1942664086818695,0.7176423072814941,0.046981312334537506
CY25-025_1-#6,110,120,middle,0.5,1.2744415998458862,0.07490475475788116,1.0530710220336914,0.8526375889778137,0.026638876646757126,0.0009574255091138184,0.2605036497116089,0.6708101034164429,0.041089996695518494
CY25-025_1-#6,111,121,middle,0.5,1.9784510135650635,0.018064327538013458,0.689710795879364,1.0157301425933838,0.5033962726593018,0.0001930360886035487,0.38429883122444153,0.08996924012899399,0.022142650559544563
CY25-025_1-#6,112,122,middle,0.5,1.2912728786468506,0.2611873149871826,0.9877409934997559,0.9206932783126831,0.039073921740055084,0.0029961452819406986,0.2903859615325928,0.6288555860519409,0.03868834301829338
CY25-025_1-#6,113,123,middle,0.5,1.9791667461395264,0.014922603964805603,0.6831529140472412,1.0118454694747925,0.5036003589630127,0.00014917831867933273,0.38568705320358276,0.08929109573364258,0.02127232402563095
CY25-025_1-#6,114,124,middle,0.5,1.138674259185791,0.005447184666991234,1.1501944065093994,0.8320802450180054,0.041576534509658813,6.906037015141919e-05,0.19937029480934143,0.7148467302322388,0.0441373810172081
CY25-025_1-#6,115,125,middle,0.5,1.4126602411270142,0.8008123636245728,0.8793873190879822,1.24430251121521,0.31202444434165955,0.0065827504731714725,0.3322620987892151,0.3138333261013031,0.03529739752411842
CY25-025_1-#6,116,126,middle,0.5,1.3366628885269165,0.617355227470398,0.9382519721984863,1.0892550945281982,0.11334401369094849,0.004797355271875858,0.3091943562030792,0.5365751385688782,0.03608917444944382
CY25-025_1-#6,117,127,middle,0.5,1.9775601625442505,0.01605520397424698,0.6877285242080688,1.0127663612365723,0.5038376450538635,0.00014672048564534634,0.3843275308609009,0.09084925800561905,0.020838892087340355
CY25-025_1-#6,118,128,middle,0.5,1.2084510326385498,0.015645012259483337,1.1150726079940796,0.8390786647796631,0.03332461789250374,0.0002024445857387036,0.22724421322345734,0.6962647438049316,0.042963944375514984
CY25-025_1-#6,119,129,middle,0.5,1.4155972003936768,0.8026112914085388,0.8796268701553345,1.2499805688858032,0.32038310170173645,0.007593469228595495,0.3331063985824585,0.302624374628067,0.03629258647561073
CY25-025_1-#6,120,132,middle,0.5,1.7657997608184814,0.39414164423942566,0.8151206970214844,1.1414549350738525,0.45519202947616577,0.0030617178417742252,0.3509247303009033,0.161468967795372,0.029352569952607155
CY25-025_1-#6,121,133,middle,0.5,1.3514585494995117,0.644524097442627,0.9350991249084473,1.1037553548812866,0.11173849552869797,0.006868482101708651,0.31366583704948425,0.5296758413314819,0.03805132210254669
CY25-025_1-#6,122,134,middle,0.5,1.2179665565490723,0.025877095758914948,1.107825517654419,0.8419116139411926,0.030734015628695488,0.0004178567323833704,0.2316330224275589,0.6927043795585632,0.04451068118214607
CY25-025_1-#6,123,135,middle,0.5,1.9780195951461792,0.018361665308475494,0.6761852502822876,1.008628010749817,0.5034438967704773,0.00018062532762996852,0.3877255320549011,0.08785263448953629,0.020797424018383026
CY25-025_1-#6,124,136,late,0.5,1.9760838747024536,0.02593567594885826,0.6850511431694031,1.0144355297088623,0.5029306411743164,0.0002714429283514619,0.38535863161087036,0.09001815319061279,0.021421130746603012
CY25-025_1-#6,125,137,late,0.5,1.3674061298370361,0.578117847442627,0.9258551597595215,1.070002555847168,0.095899298787117,0.005670882761478424,0.31735819578170776,0.5446451306343079,0.03642648458480835
CY25-025_1-#6,126,138,late,0.5,1.9777050018310547,0.020792260766029358,0.6680642366409302,1.0053789615631104,0.5031976699829102,0.00020275433780625463,0.3897363245487213,0.08662647008895874,0.02023680880665779
CY25-025_1-#6,127,139,late,0.5,1.2984285354614258,0.20215058326721191,0.98462975025177,0.8940653800964355,0.03364443778991699,0.0020785934757441282,0.29140371084213257,0.6366031765937805,0.0362701341509819
CY25-025_1-#6,128,140,late,0.5,1.2235078811645508,0.012302014976739883,1.0973525047302246,0.8339284658432007,0.03268236294388771,0.0001429640979040414,0.23549103736877441,0.6928728222846985,0.03881080448627472
CY25-025_1-#6,129,141,late,0.5,1.9764524698257446,0.0227256678044796,0.676547110080719,1.0090694427490234,0.5032567977905273,0.00022327050101011992,0.3876286447048187,0.08829227089881897,0.02059893310070038
CY25-025_1-#6,130,142,late,0.5,1.2798124551773071,0.045455943793058395,1.0488908290863037,0.8400399684906006,0.026213550940155983,0.0005363057716749609,0.2610730826854706,0.6742234230041504,0.03795362636446953
CY25-025_1-#6,131,143,late,0.5,1.4077893495559692,0.8032439947128296,0.8775489926338196,1.2234537601470947,0.27391883730888367,0.004544051829725504,0.3323708772659302,0.357056200504303,0.03211003169417381
CY25-025_1-#6,132,144,late,0.5,1.1503305435180664,0.008644990622997284,1.1486350297927856,0.8356896042823792,0.04066343232989311,0.0001205234948429279,0.2030935138463974,0.7116094827651978,0.04451301693916321
CY25-025_1-#6,133,145,late,0.5,1.975125789642334,0.027814164757728577,0.6713465452194214,1.0074641704559326,0.5028629899024963,0.0002636538993101567,0.38853058218955994,0.08855235576629639,0.01979035697877407
CY25-025_1-#6,134,146,late,0.5,1.9759809970855713,0.020909802988171577,0.6668094396591187,1.0028177499771118,0.5035531520843506,0.00016649413737468421,0.38919416069984436,0.08852432668209076,0.018561871722340584
CY25-025_1-#6,135,147,late,0.5,1.22617506980896,0.015992669388651848,1.0942497253417969,0.8344420194625854,0.030490219593048096,0.00022200396051630378,0.23685814440250397,0.6918138265609741,0.04061578959226608
CY25-025_1-#6,136,148,late,0.5,1.1526455879211426,0.00633013853803277,1.1453361511230469,0.8340736627578735,0.04175995662808418,8.086341404123232e-05,0.20464207231998444,0.7112644910812378,0.042252566665410995
CY25-025_1-#6,137,149,late,0.5,1.3172707557678223,0.18825401365756989,0.9742618799209595,0.8878224492073059,0.03294086456298828,0.001761964289471507,0.2961961030960083,0.6349149942398071,0.03418600931763649
CY25-025_1-#6,138,150,late,0.5,1.1424139738082886,0.0061395312659442425,1.139693260192871,0.8281219601631165,0.04020519554615021,8.004994015209377e-05,0.20376135408878326,0.713843584060669,0.04210980236530304
CY25-025_1-#6,139,151,late,0.5,1.319477915763855,0.18839728832244873,0.9777827262878418,0.8895019292831421,0.03244376555085182,0.0019592843018472195,0.2956109941005707,0.6349579095840454,0.035028040409088135
CY25-025_1-#6,140,152,late,0.5,1.325257420539856,0.1649995595216751,0.972040057182312,0.8768713474273682,0.030445270240306854,0.00150715047493577,0.29605117440223694,0.6384349465370178,0.033561475574970245
CY25-025_1-#6,141,153,late,0.5,1.0669941902160645,0.0034085214138031006,1.183855414390564,0.8272795081138611,0.05701069161295891,3.7156103644520044e-05,0.16572660207748413,0.7329570055007935,0.04426853358745575
CY25-025_1-#6,142,154,late,0.5,1.9705281257629395,0.036555711179971695,0.6741400957107544,1.0081242322921753,0.5026258826255798,0.0002923603751696646,0.38763928413391113,0.09045138955116272,0.018991095945239067
CY25-025_1-#6,143,155,late,0.5,1.9751955270767212,0.02565935254096985,0.6566277742385864,0.9991775751113892,0.5031019449234009,0.00021236541215330362,0.3920515477657318,0.08635128289461136,0.018282894045114517
CY25-025_1-#6,144,158,late,0.5,1.3757412433624268,0.4438352584838867,0.9039519429206848,0.9954319000244141,0.07123538851737976,0.0030490916687995195,0.3220633864402771,0.5734186768531799,0.03023342601954937
CY25-025_1-#6,145,159,late,0.5,1.9735082387924194,0.027332190424203873,0.6537430286407471,0.9966699481010437,0.5032315254211426,0.00019888435781467706,0.3923555910587311,0.0870271697640419,0.017186865210533142
CY25-025_1-#6,146,160,late,0.5,1.9690812826156616,0.03988859802484512,0.6650576591491699,1.0037928819656372,0.5024285912513733,0.00029977018130011857,0.39008665084838867,0.08890872448682785,0.018276212736964226
CY25-025_1-#6,147,161,late,0.5,1.381197214126587,0.4578896462917328,0.9070001840591431,1.004708170890808,0.07123266160488129,0.0037558688782155514,0.32282131910324097,0.5701617002487183,0.032028455287218094
CY25-025_1-#6,148,162,late,0.5,1.3453619480133057,0.09935998916625977,0.9681181311607361,0.847488284111023,0.025820037350058556,0.0008000445086508989,0.29561647772789,0.6475584506988525,0.030205044895410538
CY25-025_1-#6,149,163,late,0.5,1.9681670665740967,0.04050113260746002,0.6637875437736511,1.0024914741516113,0.5025151968002319,0.00028128118719905615,0.3898402452468872,0.08996088057756424,0.017402367666363716
CY25-025_1-#6,150,164,late,0.5,1.3816452026367188,0.43069958686828613,0.9013444185256958,0.9893917441368103,0.06761933863162994,0.00309804012067616,0.3235373795032501,0.5753433108329773,0.03040192648768425
CY25-025_1-#6,151,165,late,0.5,1.9731237888336182,0.03434630110859871,0.6428793668746948,0.994429349899292,0.5023525953292847,0.00028571701841428876,0.3957701623439789,0.08382978290319443,0.01776176691055298
CY25-025_1-#6,152,166,late,0.5,1.453526496887207,0.7967278957366943,0.8294654488563538,1.1942005157470703,0.2285131812095642,0.004085355903953314,0.3482286334037781,0.3912525773048401,0.02792033553123474
CY25-025_1-#6,153,167,late,0.5,1.4444383382797241,0.784284770488739,0.8356577754020691,1.1779834032058716,0.1949676126241684,0.004916468635201454,0.3461332619190216,0.42515483498573303,0.02882784605026245
CY25-025_1-#6,154,168,late,0.5,1.9728153944015503,0.036344967782497406,0.6269049644470215,0.9872588515281677,0.5020884275436401,0.00028830504743382335,0.3995794653892517,0.08135033398866653,0.01669343002140522
CY25-025_1-#6,155,169,late,0.5,1.9698973894119263,0.04239538684487343,0.6383106112480164,0.9928073287010193,0.5018876194953918,0.0003392747021280229,0.39707812666893005,0.08339369297027588,0.017301267012953758
CY25-025_1-#6,156,170,late,0.5,1.0720134973526,0.001641663839109242,1.178914189338684,0.8258081078529358,0.06204428896307945,1.53319924720563e-05,0.1676039695739746,0.7318641543388367,0.03847233206033707
CY25-025_1-#6,157,171,late,0.5,1.4805442094802856,0.7580136060714722,0.7980241775512695,1.204790472984314,0.3194274604320526,0.0034002664033323526,0.35631924867630005,0.2955731153488159,0.025279931724071503
CY25-025_1-#6,158,172,late,0.5,1.5013353824615479,0.708873987197876,0.7847887277603149,1.2016018629074097,0.3617684543132782,0.0044399648904800415,0.3616756200790405,0.24523630738258362,0.026879621669650078
CY25-025_1-#6,159,173,late,0.5,1.3651797771453857,0.08564072102308273,0.9574564695358276,0.8424386382102966,0.0248600821942091,0.0006801941199228168,0.30049771070480347,0.6453450322151184,0.028616974130272865
CY25-025_1-#6,160,174,late,0.5,1.2597448825836182,0.007742380257695913,1.0753204822540283,0.8331966996192932,0.034007202833890915,7.994133193278685e-05,0.24895140528678894,0.6843186020851135,0.03264279663562775
CY25-025_1-#6,161,175,late,0.5,1.96436607837677,0.05472828447818756,0.6356174349784851,0.9922545552253723,0.5011205673217773,0.00038032972952350974,0.3975416421890259,0.08454502373933792,0.016412485390901566
CY25-025_1-#6,162,176,late,0.5,1.5004870891571045,0.6868946552276611,0.7750616073608398,1.1859805583953857,0.3621954023838043,0.0027920901775360107,0.36238113045692444,0.24933940172195435,0.023291924968361855
CY25-025_1-#6,163,177,late,0.5,1.4947983026504517,0.7692602276802063,0.7841691970825195,1.2054756879806519,0.3162170946598053,0.003758772276341915,0.36126992106437683,0.2935408353805542,0.025213392451405525
CY25-025_1-#6,164,178,late,0.5,1.9650185108184814,0.05628914386034012,0.628814160823822,0.9904934167861938,0.5007466673851013,0.00042074223165400326,0.39948561787605286,0.08269436657428741,0.016652600839734077
CY25-025_1-#6,165,179,late,0.5,1.4500371217727661,0.5739930868148804,0.8269686698913574,1.0539851188659668,0.10909267514944077,0.002428649691864848,0.34734395146369934,0.5171904563903809,0.023944290354847908
CY25-025_1-#6,166,180,late,0.5,1.4718437194824219,0.7127268314361572,0.807571291923523,1.130355954170227,0.16156379878520966,0.0032704307232052088,0.35445651412010193,0.4560059607028961,0.02470332756638527
CY25-025_1-#6,167,181,late,0.5,1.718971848487854,0.43741682171821594,0.727601170539856,1.1141743659973145,0.4437865912914276,0.0021045380271971226,0.3751433193683624,0.157854825258255,0.021110719069838524
CY25-025_1-#6,168,184,late,0.5,1.9559931755065918,0.07445546984672546,0.629104733467102,0.991693913936615,0.4995313882827759,0.0004641891282517463,0.39943137764930725,0.08470447361469269,0.01586860790848732
CY25-025_1-#6,169,185,late,0.5,1.957448959350586,0.07414942979812622,0.6186267733573914,0.987939715385437,0.4992775321006775,0.00048371648881584406,0.4019700586795807,0.08259890228509903,0.01566978357732296
CY25-025_1-#6,170,186,late,0.5,1.9075449705123901,0.17742860317230225,0.6505966186523438,1.0225005149841309,0.48813119530677795,0.0009847668698057532,0.3943130671977997,0.09974483400583267,0.01682611182332039
CY25-025_1-#6,171,187,late,0.5,1.351038932800293,0.015302827581763268,0.9993553161621094,0.8285855054855347,0.027796810492873192,0.0001224667503265664,0.28503546118736267,0.6605457067489624,0.02649960294365883
CY25-025_1-#6,172,188,late,0.5,1.6688112020492554,0.4832378923892975,0.7078554034233093,1.1171313524246216,0.43185433745384216,0.0019737142138183117,0.38062214851379395,0.1662132441997528,0.01933654397726059
CY25-025_1-#6,173,189,late,0.5,1.398476481437683,0.045633673667907715,0.939773440361023,0.8276553153991699,0.02388324961066246,0.0003084914933424443,0.3075614869594574,0.6440773010253906,0.024169491603970528
CY25-025_1-#6,174,190,late,0.5,1.399491310119629,0.038644470274448395,0.9411858320236206,0.8258426189422607,0.02353581227362156,0.00026669519138522446,0.30703744292259216,0.6449767351150513,0.024183323606848717
CY25-025_1-#6,175,191,late,0.5,1.8533231019973755,0.26386409997940063,0.6549817323684692,1.043060541152954,0.4755277931690216,0.0011562977451831102,0.39307382702827454,0.11386939883232117,0.01637270674109459
CY25-025_1-#6,176,192,late,0.5,1.5294983386993408,0.7990864515304565,0.7401085495948792,1.1864194869995117,0.253396213054657,0.00348376645706594,0.37353089451789856,0.34768804907798767,0.02190108224749565
CY25-025_1-#6,177,193,late,0.5,1.949294090270996,0.09275353699922562,0.6080504655838013,0.9859681129455566,0.4974666237831116,0.0005152280791662633,0.40371909737586975,0.08414842188358307,0.014150598086416721
CY25-025_1-#6,178,194,late,0.5,1.4769213199615479,0.48589229583740234,0.7980360984802246,1.003298044204712,0.08185064047574997,0.0022670708131045103,0.3559717833995819,0.538084864616394,0.021825643256306648
CY25-025_1-#6,179,195,late,0.5,1.9364261627197266,0.11494191735982895,0.6038188338279724,0.9859328269958496,0.49543678760528564,0.0005007204599678516,0.4049510955810547,0.08584968000650406,0.013261760585010052
CY25-025_1-#6,180,196,late,0.5,1.9503066539764404,0.09176065772771835,0.5906583666801453,0.9780024290084839,0.49745306372642517,0.0005163789028301835,0.4082877039909363,0.07998239994049072,0.013760476373136044
CY25-025_1-#6,181,197,late,0.5,1.2687970399856567,0.002492576139047742,1.0687248706817627,0.8314054012298584,0.03992311283946037,2.0396999389049597e-05,0.25150570273399353,0.6825874447822571,0.02596336230635643
CY25-025_1-#6,182,198,late,0.5,1.4755840301513672,0.31641995906829834,0.7959555387496948,0.9199204444885254,0.05077339708805084,0.0011690101819112897,0.3552495837211609,0.5740970373153687,0.018710995092988014
CY25-025_1-#6,183,199,late,0.5,1.357435941696167,0.008031465113162994,0.9852230548858643,0.8214867115020752,0.028515391051769257,5.817514829686843e-05,0.28870877623558044,0.6598246097564697,0.02289300039410591
CY25-025_1-#6,184,200,late,0.5,1.7899699211120605,0.34936070442199707,0.6403759717941284,1.0577139854431152,0.46029239892959595,0.0012994039570912719,0.3968496322631836,0.12628796696662903,0.015270605683326721
CY25-025_1-#6,185,201,late,0.5,1.8024640083312988,0.3329843282699585,0.6244451999664307,1.0478042364120483,0.4627588093280792,0.0011677674483507872,0.4002317488193512,0.12156246602535248,0.014279184862971306
CY25-025_1-#4,0,2,early,0.5,1.982419490814209,0.06164291128516197,1.3020203113555908,1.3509588241577148,0.05681230127811432,0.49560487270355225,0.10466445982456207,0.15964367985725403,0.18327470123767853
CY25-025_1-#4,1,3,early,0.5,1.9900540113449097,0.037867285311222076,1.2857986688613892,1.3399717807769775,0.04778387024998665,0.4975135028362274,0.11030100286006927,0.155253604054451,0.18914803862571716
CY25-025_1-#4,2,4,early,0.5,1.988364338874817,0.04342544451355934,1.2890539169311523,1.3422698974609375,0.048995621502399445,0.4970910847187042,0.1097416877746582,0.15828488767147064,0.1858866661787033
CY25-025_1-#4,3,5,early,0.5,1.977318525314331,0.07707150280475616,1.3002313375473022,1.3520689010620117,0.05348069965839386,0.49432963132858276,0.11143209040164948,0.16216398775577545,0.17859356105327606
CY25-025_1-#4,4,6,early,0.5,1.9824352264404297,0.06197608262300491,1.2925946712493896,1.346353530883789,0.050525810569524765,0.4956088066101074,0.11149152368307114,0.15649911761283875,0.18587474524974823
CY25-025_1-#4,5,7,early,0.5,1.9651824235916138,0.11066130548715591,1.306044578552246,1.359521746635437,0.05889676511287689,0.49129560589790344,0.10729866474866867,0.16363802552223206,0.17887093126773834
CY25-025_1-#4,6,8,early,0.5,1.9643571376800537,0.11291101574897766,1.30610990524292,1.3598315715789795,0.056843508034944534,0.4910893142223358,0.11204137653112411,0.16542714834213257,0.17459863424301147
CY25-025_1-#4,7,9,early,0.5,1.9703216552734375,0.09678979218006134,1.3028732538223267,1.3560688495635986,0.054697126150131226,0.4925804138183594,0.11320266872644424,0.16164711117744446,0.17787271738052368
CY25-025_1-#4,8,10,early,0.5,1.9445292949676514,0.16370874643325806,1.3129613399505615,1.371390700340271,0.0629156082868576,0.48613232374191284,0.1122862920165062,0.16301517188549042,0.17565058171749115
CY25-025_1-#4,9,11,early,0.5,1.954157829284668,0.13954594731330872,1.3085312843322754,1.364872932434082,0.058323200792074203,0.4885394275188446,0.11364688724279404,0.16713862121105194,0.1723518818616867
CY25-025_1-#4,10,12,early,0.5,1.9589307308197021,0.12747925519943237,1.302616000175476,1.360921859741211,0.055768098682165146,0.48973265290260315,0.11406148970127106,0.16596925258636475,0.1744685024023056
CY25-025_1-#4,11,13,early,0.5,1.9500484466552734,0.15012997388839722,1.3082619905471802,1.3663575649261475,0.05873442441225052,0.48751211166381836,0.1134607270359993,0.16949237883090973,0.1708003729581833
CY25-025_1-#4,12,14,early,0.5,1.9476466178894043,0.1560167819261551,1.3050227165222168,1.366609811782837,0.05762758105993271,0.4869116246700287,0.11583346873521805,0.16510853171348572,0.17451880872249603
CY25-025_1-#4,13,15,early,0.5,1.958498239517212,0.12847280502319336,1.3042031526565552,1.3611781597137451,0.05665077641606331,0.4896245300769806,0.11267326772212982,0.16250470280647278,0.1785467565059662
CY25-025_1-#4,14,16,early,0.5,1.8513860702514648,0.3628624677658081,1.324730634689331,1.410660982131958,0.07808148115873337,0.4628465175628662,0.11701827496290207,0.17524117231369019,0.16681259870529175
CY25-025_1-#4,15,17,early,0.5,1.8763885498046875,0.31336379051208496,1.318847417831421,1.3993480205535889,0.07124369591474533,0.46909719705581665,0.11981143802404404,0.17915496230125427,0.16069276630878448
CY25-025_1-#4,16,18,early,0.5,1.8279333114624023,0.4058479070663452,1.323305368423462,1.4186978340148926,0.08049245178699493,0.4569833278656006,0.11821364611387253,0.17741245031356812,0.16689816117286682
CY25-025_1-#4,17,19,early,0.5,1.913640022277832,0.23539775609970093,1.3176136016845703,1.385101079940796,0.06628130376338959,0.4784100353717804,0.11793110519647598,0.17088334262371063,0.1664942353963852
CY25-025_1-#4,18,20,early,0.5,1.8384462594985962,0.38757196068763733,1.3243536949157715,1.414574384689331,0.0780581459403038,0.45961156487464905,0.12023428082466125,0.18081483244895935,0.16128118336200714
CY25-025_1-#4,19,21,early,0.5,1.8455803394317627,0.37296062707901,1.3231755495071411,1.4124729633331299,0.07757699489593506,0.46139511466026306,0.11972466856241226,0.17818400263786316,0.16311922669410706
CY25-025_1-#4,20,22,early,0.5,1.8397101163864136,0.3814884424209595,1.319460391998291,1.414696216583252,0.07516246289014816,0.4599275290966034,0.12808088958263397,0.1751854121685028,0.16164368391036987
CY25-025_1-#4,21,23,early,0.5,1.8794714212417603,0.30695176124572754,1.3207272291183472,1.3994998931884766,0.07108684629201889,0.46986785531044006,0.12176477164030075,0.17247137427330017,0.16480913758277893
CY25-025_1-#4,22,24,early,0.5,1.7302348613739014,0.5694698095321655,1.3260204792022705,1.4517865180969238,0.09334845840930939,0.43255874514579773,0.12453164905309677,0.1893649846315384,0.1601962149143219
CY25-025_1-#4,23,25,early,0.5,1.8298330307006836,0.4030187129974365,1.3234833478927612,1.4177253246307373,0.07822681963443756,0.4574582576751709,0.1231093481183052,0.1810552030801773,0.16015033423900604
CY25-025_1-#4,24,28,early,0.5,1.808248519897461,0.4424552321434021,1.3256531953811646,1.4255601167678833,0.08147625625133514,0.45206212997436523,0.12402916699647903,0.18333157896995544,0.15910080075263977
CY25-025_1-#4,25,29,early,0.5,1.689558506011963,0.6338530778884888,1.3321077823638916,1.4653403759002686,0.09873901307582855,0.4223896265029907,0.12912599742412567,0.19084559381008148,0.15889978408813477
CY25-025_1-#4,26,30,early,0.5,1.7950234413146973,0.46315231919288635,1.3220168352127075,1.4300132989883423,0.08166927099227905,0.4487558901309967,0.12638817727565765,0.18069902062416077,0.16248773038387299
CY25-025_1-#4,27,31,early,0.5,1.499753713607788,0.8870955109596252,1.34183931350708,1.5171209573745728,0.12750937044620514,0.37493839859962463,0.1360459178686142,0.20433497428894043,0.157171368598938
CY25-025_1-#4,28,32,early,0.5,1.5919394493103027,0.7686110138893127,1.3339667320251465,1.492923617362976,0.11167405545711517,0.3979848325252533,0.13442081212997437,0.1998763233423233,0.15604394674301147
CY25-025_1-#4,29,33,early,0.5,1.733290433883667,0.5649982690811157,1.3259357213974,1.4509553909301758,0.09151841700077057,0.43332257866859436,0.12877893447875977,0.18953339755535126,0.15684664249420166
CY25-025_1-#4,30,34,early,0.5,1.5046169757843018,0.8700442910194397,1.3333792686462402,1.5161128044128418,0.12579284608364105,0.37615424394607544,0.13799718022346497,0.20373734831809998,0.15631839632987976
CY25-025_1-#4,31,35,early,0.5,1.6674023866653442,0.6686245203018188,1.332108974456787,1.4707740545272827,0.10153985768556595,0.41685059666633606,0.12799489498138428,0.1959095299243927,0.1577051728963852
CY25-025_1-#4,32,36,early,0.5,1.5384577512741089,0.8344507217407227,1.3358330726623535,1.5078191757202148,0.12206947803497314,0.3846144378185272,0.13365085422992706,0.2009313553571701,0.15873385965824127
CY25-025_1-#4,33,37,early,0.5,1.469482660293579,0.903583288192749,1.3328378200531006,1.5249574184417725,0.13381780683994293,0.3673706650733948,0.13768145442008972,0.20455273985862732,0.15657733380794525
CY25-025_1-#4,34,38,early,0.5,1.3528387546539307,1.0427227020263672,1.3415546417236328,1.5458996295928955,0.14577829837799072,0.33820968866348267,0.14135535061359406,0.2194603532552719,0.15519630908966064
CY25-025_1-#4,35,39,early,0.5,1.2895331382751465,1.1632072925567627,1.340221881866455,1.5691838264465332,0.17131781578063965,0.3006382882595062,0.1433178037405014,0.2288840115070343,0.15584206581115723
CY25-025_1-#4,36,40,early,0.5,1.5903944969177246,0.7730491161346436,1.3370320796966553,1.4946696758270264,0.11330234259366989,0.39759862422943115,0.13433468341827393,0.1961594969034195,0.15860483050346375
CY25-025_1-#4,37,41,early,0.5,1.3065342903137207,1.1099212169647217,1.3444314002990723,1.561213731765747,0.1629856675863266,0.31846824288368225,0.14116182923316956,0.21800798177719116,0.15937629342079163
CY25-025_1-#4,38,42,early,0.5,1.2834302186965942,1.1486177444458008,1.344299554824829,1.5675044059753418,0.16542595624923706,0.3076312839984894,0.14639732241630554,0.2225952297449112,0.15795017778873444
CY25-025_1-#4,39,43,early,0.5,1.476775884628296,0.9112719893455505,1.3384296894073486,1.5220048427581787,0.12862205505371094,0.36919403076171875,0.13953085243701935,0.20710086822509766,0.1555522084236145
CY25-025_1-#4,40,44,early,0.5,1.5748183727264404,0.7912791967391968,1.3375550508499146,1.4994781017303467,0.11625628173351288,0.3937045931816101,0.1362524777650833,0.1961977183818817,0.1575888991355896
CY25-025_1-#4,41,45,early,0.5,1.5126399993896484,0.8657101392745972,1.3370747566223145,1.5159125328063965,0.12313307821750641,0.3781600296497345,0.14347051084041595,0.19728641211986542,0.15794993937015533
CY25-025_1-#4,42,46,early,0.5,1.5022788047790527,0.8810354471206665,1.3419586420059204,1.5180628299713135,0.1267775148153305,0.3755697011947632,0.14096468687057495,0.20027001202106476,0.1564180850982666
CY25-025_1-#4,43,47,early,0.5,1.2333672046661377,1.2016520500183105,1.3451104164123535,1.5739319324493408,0.17327888309955597,0.2930968105792999,0.14609792828559875,0.229144886136055,0.15838150680065155
CY25-025_1-#4,44,48,early,0.5,1.2814664840698242,1.2325409650802612,1.3408215045928955,1.5846631526947021,0.194719135761261,0.2715618908405304,0.14991047978401184,0.22574040293693542,0.15806804597377777
CY25-025_1-#4,45,49,early,0.5,1.1782678365707397,1.2699707746505737,1.3485757112503052,1.5838490724563599,0.1886444389820099,0.2683652341365814,0.14810830354690552,0.23523861169815063,0.15964339673519135
CY25-025_1-#4,46,50,early,0.5,1.2005722522735596,1.2691104412078857,1.3461830615997314,1.5848934650421143,0.190139502286911,0.26636695861816406,0.1553933173418045,0.2351331114768982,0.15296709537506104
CY25-025_1-#4,47,51,early,0.5,1.2541346549987793,1.1713948249816895,1.349379301071167,1.5720818042755127,0.16971445083618164,0.3021635115146637,0.1499089002609253,0.2195887565612793,0.15862441062927246
CY25-025_1-#4,48,54,early,0.5,1.1001285314559937,1.3760278224945068,1.34398353099823,1.588086724281311,0.2239561378955841,0.21211588382720947,0.15484698116779327,0.2577033042907715,0.15137767791748047
CY25-025_1-#4,49,55,early,0.5,1.1264488697052002,1.292493462562561,1.3510863780975342,1.584621787071228,0.1880635768175125,0.2644732594490051,0.15145999193191528,0.23904816806316376,0.15695501863956451
CY25-025_1-#4,50,56,early,0.5,1.079521894454956,1.3901664018630981,1.349437952041626,1.5913689136505127,0.22815173864364624,0.20844249427318573,0.15541693568229675,0.2501489222049713,0.15783992409706116
CY25-025_1-#4,51,57,early,0.5,1.2092819213867188,1.2236418724060059,1.3499755859375,1.5788568258285522,0.1761893630027771,0.28683480620384216,0.15237724781036377,0.22625185549259186,0.1583467572927475
CY25-025_1-#4,52,58,early,0.5,1.2194030284881592,1.2018630504608154,1.3478657007217407,1.5739872455596924,0.16791123151779175,0.29517146944999695,0.15654611587524414,0.22760546207427979,0.15276575088500977
CY25-025_1-#4,53,59,early,0.5,1.0781515836715698,1.3519747257232666,1.3553879261016846,1.5921897888183594,0.20576855540275574,0.23828667402267456,0.15609842538833618,0.24099746346473694,0.1588488519191742
CY25-025_1-#4,54,60,early,0.5,0.8172190189361572,1.4313148260116577,1.3542265892028809,1.573250412940979,0.17212164402008057,0.2043047547340393,0.15471713244915009,0.3071324825286865,0.1617240160703659
CY25-025_1-#4,55,61,early,0.5,1.2349060773849487,1.2298893928527832,1.3473434448242188,1.5817869901657104,0.18074734508991241,0.2816338837146759,0.1568818986415863,0.22526010870933533,0.15547676384449005
CY25-025_1-#4,56,62,early,0.5,0.6442074775695801,1.457434058189392,1.3544261455535889,1.5498803853988647,0.18341398239135742,0.16105186939239502,0.1543566882610321,0.34603822231292725,0.15513920783996582
CY25-025_1-#4,57,63,early,0.5,1.0539765357971191,1.354397177696228,1.3569172620773315,1.592710256576538,0.19656631350517273,0.24292464554309845,0.16183502972126007,0.24032779037952423,0.1583462357521057
CY25-025_1-#4,58,64,early,0.5,1.0353904962539673,1.4012441635131836,1.3533658981323242,1.5931901931762695,0.2190534472465515,0.21393895149230957,0.16010107100009918,0.24960127472877502,0.1573052555322647
CY25-025_1-#4,59,65,early,0.5,1.0125099420547485,1.402608036994934,1.3555996417999268,1.5929548740386963,0.21671411395072937,0.21642129123210907,0.1598503440618515,0.2500840425491333,0.15693020820617676
CY25-025_1-#4,60,66,early,0.5,0.9745161533355713,1.3501155376434326,1.352547287940979,1.5719718933105469,0.15355920791625977,0.24362902343273163,0.15708786249160767,0.2885659337043762,0.1571580320596695
CY25-025_1-#4,61,67,early,0.5,1.0704915523529053,1.3807541131973267,1.353901982307434,1.5945940017700195,0.21510913968086243,0.2237076461315155,0.161115363240242,0.2420285940170288,0.15803927183151245
CY25-025_1-#4,62,68,early,0.5,1.0856372117996216,1.395473599433899,1.3580501079559326,1.5935425758361816,0.24943675100803375,0.19559799134731293,0.15805907547473907,0.23121002316474915,0.1656961739063263
CY25-025_1-#4,63,69,early,0.5,0.9891670346260071,1.4382668733596802,1.3543446063995361,1.5884681940078735,0.24107834696769714,0.18410608172416687,0.16084729135036469,0.2566066384315491,0.15736158192157745
CY25-025_1-#4,64,70,early,0.5,1.0881174802780151,1.4003746509552002,1.350924015045166,1.5899624824523926,0.2477211058139801,0.18852581083774567,0.15943457186222076,0.2455923855304718,0.15872609615325928
CY25-025_1-#4,65,71,early,0.5,0.5978630185127258,1.456818699836731,1.356929898262024,1.5069066286087036,0.25738611817359924,0.08613566309213638,0.15881238877773285,0.3448907136917114,0.1527751386165619
CY25-025_1-#4,66,72,early,0.5,1.0700310468673706,1.3478612899780273,1.355530023574829,1.592612862586975,0.19434522092342377,0.2463529258966446,0.16320371627807617,0.23799490928649902,0.15810321271419525
CY25-025_1-#4,67,73,early,0.5,0.9847424626350403,1.4286940097808838,1.3573063611984253,1.5934199094772339,0.22716078162193298,0.20160402357578278,0.16259720921516418,0.2502506375312805,0.15838730335235596
CY25-025_1-#4,68,74,early,0.5,0.9419121146202087,1.456470012664795,1.3563390970230103,1.5810039043426514,0.2539425790309906,0.16382236778736115,0.1653355360031128,0.26347997784614563,0.15341955423355103
CY25-025_1-#4,69,75,early,0.5,0.5655250549316406,1.436194658279419,1.3555678129196167,1.4919381141662598,0.2566448748111725,0.0789937824010849,0.15787933766841888,0.35801011323928833,0.14847193658351898
CY25-025_1-#4,70,76,early,0.5,0.6300445795059204,1.4657557010650635,1.3554930686950684,1.5531209707260132,0.18250375986099243,0.1575111448764801,0.16511118412017822,0.34186333417892456,0.1530105620622635
CY25-025_1-#4,71,77,early,0.5,1.098617434501648,1.3180818557739258,1.3555221557617188,1.5902040004730225,0.18708476424217224,0.25896167755126953,0.16215780377388,0.23268279433250427,0.15911298990249634
CY25-025_1-#4,72,80,early,0.5,0.634192705154419,1.4806197881698608,1.3615031242370605,1.560998558998108,0.1858544796705246,0.15854817628860474,0.16233481466770172,0.33091580867767334,0.16234666109085083
CY25-025_1-#4,73,81,early,0.5,0.9140576124191284,1.469225287437439,1.3581712245941162,1.5754574537277222,0.2667897045612335,0.1484159678220749,0.16560447216033936,0.2614987790584564,0.1576911211013794
CY25-025_1-#4,74,82,early,0.5,0.9853652715682983,1.4467341899871826,1.3562521934509277,1.5859205722808838,0.2525007724761963,0.16876018047332764,0.16591736674308777,0.25447434186935425,0.15834735333919525
CY25-025_1-#4,75,83,early,0.5,0.5503115653991699,1.4329479932785034,1.3599424362182617,1.483822226524353,0.27075710892677307,0.06901803612709045,0.16099460422992706,0.3497580885887146,0.1494721621274948
CY25-025_1-#4,76,84,early,0.5,1.0101648569107056,1.4161546230316162,1.35935640335083,1.5978834629058838,0.21665577590465546,0.21213090419769287,0.1698385626077652,0.24091441929340363,0.16046035289764404
CY25-025_1-#4,77,85,early,0.5,0.9308222532272339,1.4679697751998901,1.3610029220581055,1.592192530632019,0.24205461144447327,0.17726591229438782,0.16807109117507935,0.24892288446426392,0.16368553042411804
CY25-025_1-#4,78,86,early,0.5,0.8971689343452454,1.4820539951324463,1.360133171081543,1.5857888460159302,0.24972550570964813,0.16209354996681213,0.16803544759750366,0.25767162442207336,0.1624739021062851
CY25-025_1-#4,79,87,early,0.5,0.7039034366607666,1.470659613609314,1.3588550090789795,1.5691735744476318,0.17716071009635925,0.17597582936286926,0.17327071726322174,0.31900396943092346,0.15458877384662628
CY25-025_1-#4,80,88,early,0.5,0.6249605417251587,1.4900389909744263,1.3602668046951294,1.5614899396896362,0.18535149097442627,0.15624012053012848,0.17038358747959137,0.32986634969711304,0.15815848112106323
CY25-025_1-#4,81,89,early,0.5,0.582979679107666,1.4904195070266724,1.361525297164917,1.5526942014694214,0.1871817409992218,0.1457449048757553,0.17171120643615723,0.3403509855270386,0.15501117706298828
CY25-025_1-#4,82,90,early,0.5,0.8657652735710144,1.4918773174285889,1.3620340824127197,1.5831480026245117,0.25453442335128784,0.1551159918308258,0.1693241000175476,0.2583431005477905,0.16268238425254822
CY25-025_1-#4,83,91,early,0.5,0.6358669996261597,1.4525583982467651,1.3612862825393677,1.5028808116912842,0.2791557312011719,0.07506566494703293,0.16428054869174957,0.3249296545982361,0.15656843781471252
CY25-025_1-#4,84,92,early,0.5,0.5411540865898132,1.4546527862548828,1.3600324392318726,1.494100570678711,0.26250624656677246,0.07402640581130981,0.16461828351020813,0.3472353518009186,0.15161365270614624
CY25-025_1-#4,85,93,early,0.5,0.5173521041870117,1.4404107332229614,1.36124849319458,1.4816210269927979,0.26723775267601013,0.0672200471162796,0.16011251509189606,0.3531416356563568,0.15228798985481262
CY25-025_1-#4,86,94,early,0.5,0.977565348148346,1.4553155899047852,1.3562231063842773,1.5820508003234863,0.26396721601486206,0.15487609803676605,0.1693854033946991,0.25092703104019165,0.16084420680999756
CY25-025_1-#4,87,95,early,0.5,0.5054165720939636,1.4648282527923584,1.3616055250167847,1.4958652257919312,0.24979330599308014,0.07584505528211594,0.16667799651622772,0.3543769419193268,0.15330667793750763
CY25-025_1-#4,88,96,early,0.5,0.47215700149536133,1.4336438179016113,1.3608649969100952,1.4702930450439453,0.2365105003118515,0.06818874180316925,0.1632024496793747,0.3840489983558655,0.1480492800474167
CY25-025_1-#4,89,97,early,0.5,0.6530013680458069,1.4866583347320557,1.362099528312683,1.524487853050232,0.2680262327194214,0.08636073023080826,0.1718636453151703,0.3129897117614746,0.16075965762138367
CY25-025_1-#4,90,98,middle,0.5,0.5051542520523071,1.4647116661071777,1.3634759187698364,1.4947636127471924,0.2615027129650116,0.0713992565870285,0.16643744707107544,0.34447962045669556,0.1561809480190277
CY25-025_1-#4,91,99,middle,0.5,0.5832313299179077,1.510897159576416,1.3641632795333862,1.5616477727890015,0.18947342038154602,0.14580783247947693,0.17458176612854004,0.3274475336074829,0.1626894623041153
CY25-025_1-#4,92,100,middle,0.5,0.5833421945571899,1.5009204149246216,1.3638476133346558,1.557000994682312,0.18766361474990845,0.14583556354045868,0.17684359848499298,0.3339216411113739,0.15573559701442719
CY25-025_1-#4,93,101,middle,0.5,0.5526543259620667,1.4897816181182861,1.362208604812622,1.512560248374939,0.25821298360824585,0.08061666041612625,0.16992494463920593,0.3318321704864502,0.1594131588935852
CY25-025_1-#4,94,102,middle,0.5,0.5045704245567322,1.430666208267212,1.3622448444366455,1.4719030857086182,0.2768145799636841,0.06093369796872139,0.16223286092281342,0.35141634941101074,0.14860248565673828
CY25-025_1-#4,95,103,middle,0.5,0.5358078479766846,1.4832050800323486,1.3611421585083008,1.5070420503616333,0.2554132640361786,0.07828457653522491,0.17147000133991241,0.33867931365966797,0.1561528593301773
CY25-025_1-#4,96,106,middle,0.5,0.5657755136489868,1.410818338394165,1.3618643283843994,1.4688892364501953,0.29073548316955566,0.0568033792078495,0.16218328475952148,0.33977657556533813,0.1505012810230255
CY25-025_1-#4,97,107,middle,0.5,0.48554885387420654,1.5056226253509521,1.36481511592865,1.5162700414657593,0.24535971879959106,0.08253588527441025,0.1756080538034439,0.33587491512298584,0.1606214940547943
CY25-025_1-#4,98,108,middle,0.5,0.42968451976776123,1.4849268198013306,1.3659987449645996,1.496500015258789,0.2458123415708542,0.07367751002311707,0.17321759462356567,0.35323479771614075,0.15405778586864471
CY25-025_1-#4,99,109,middle,0.5,0.4823136329650879,1.4503414630889893,1.364243745803833,1.4790735244750977,0.2606196999549866,0.06417325884103775,0.16636775434017181,0.3569110035896301,0.15192830562591553
CY25-025_1-#4,100,110,middle,0.5,0.47123658657073975,1.4578816890716553,1.3658086061477661,1.4819926023483276,0.2654748857021332,0.06362371891736984,0.16689831018447876,0.3496485948562622,0.154354527592659
CY25-025_1-#4,101,111,middle,0.5,0.4751259684562683,1.494086503982544,1.367824673652649,1.5065090656280518,0.2600659728050232,0.07392402738332748,0.17478632926940918,0.33172670006752014,0.1594969779253006
CY25-025_1-#4,102,112,middle,0.5,0.4452597498893738,1.446782112121582,1.3651561737060547,1.4698448181152344,0.25582703948020935,0.06009552255272865,0.1659225970506668,0.3663256764411926,0.15182913839817047
CY25-025_1-#4,103,113,middle,0.5,0.5500061511993408,1.4941940307617188,1.3642226457595825,1.5131371021270752,0.26288360357284546,0.07827232033014297,0.17669658362865448,0.3247964382171631,0.1573510766029358
CY25-025_1-#4,104,114,middle,0.5,0.4597127437591553,1.4801867008209229,1.3661741018295288,1.4951390027999878,0.2570844888687134,0.06940053403377533,0.17377984523773193,0.3440297245979309,0.15570542216300964
CY25-025_1-#4,105,115,middle,0.5,0.44417011737823486,1.4401291608810425,1.3633846044540405,1.4643460512161255,0.2566799521446228,0.05804522708058357,0.1644551157951355,0.3699803948402405,0.15083931386470795
CY25-025_1-#4,106,116,middle,0.5,0.5367818474769592,1.4981815814971924,1.366233229637146,1.5134036540985107,0.2619870901107788,0.0758194550871849,0.17636102437973022,0.3225333094596863,0.163299098610878
CY25-025_1-#4,107,117,middle,0.5,0.45480355620384216,1.4649009704589844,1.365677833557129,1.483749508857727,0.24870988726615906,0.06606607139110565,0.17381474375724792,0.3595203459262848,0.15188898146152496
CY25-025_1-#4,108,118,middle,0.5,0.48004886507987976,1.4436633586883545,1.3623639345169067,1.4722309112548828,0.26235294342041016,0.059900883585214615,0.16834022104740143,0.3590981066226959,0.15030784904956818
CY25-025_1-#4,109,119,middle,0.5,0.48395901918411255,1.4161598682403564,1.363919973373413,1.4553368091583252,0.2743580937385559,0.051955696195364,0.1633310168981552,0.3620176911354065,0.1483374834060669
CY25-025_1-#4,110,120,middle,0.5,0.49792468547821045,1.3795932531356812,1.361778974533081,1.4346208572387695,0.27541160583496094,0.0457785502076149,0.15882110595703125,0.37679725885391235,0.14319151639938354
CY25-025_1-#4,111,121,middle,0.5,0.49352002143859863,1.4883403778076172,1.364059567451477,1.503218173980713,0.2575930058956146,0.07302854210138321,0.17720676958560944,0.33647412061691284,0.1556975245475769
CY25-025_1-#4,112,122,middle,0.5,0.44248199462890625,1.40434730052948,1.3624835014343262,1.4452542066574097,0.23909378051757812,0.05482211336493492,0.17008811235427856,0.39545369148254395,0.14054225385189056
CY25-025_1-#4,113,123,middle,0.5,0.4556223154067993,1.407475471496582,1.3642534017562866,1.445508599281311,0.2559734880924225,0.05061180889606476,0.16428206861019135,0.38263410329818726,0.14649853110313416
CY25-025_1-#4,114,124,middle,0.5,0.45901721715927124,1.3949813842773438,1.363110065460205,1.4371795654296875,0.2667412757873535,0.046639107167720795,0.16037984192371368,0.3806619644165039,0.14557784795761108
CY25-025_1-#4,115,125,middle,0.5,0.4257180690765381,1.4909536838531494,1.3682992458343506,1.4959670305252075,0.2587255537509918,0.06752271950244904,0.17714206874370575,0.33944010734558105,0.15716950595378876
CY25-025_1-#4,116,126,middle,0.5,0.46230751276016235,1.4314067363739014,1.364322304725647,1.4606496095657349,0.26090216636657715,0.05482014641165733,0.16996720433235168,0.36732691526412964,0.14698360860347748
CY25-025_1-#4,117,127,middle,0.5,0.45430928468704224,1.3986289501190186,1.3624775409698486,1.4388916492462158,0.2556943893432617,0.0482790581882,0.16226238012313843,0.3872482180595398,0.14651590585708618
CY25-025_1-#4,118,128,middle,0.5,0.4601173400878906,1.4612356424331665,1.364988923072815,1.4797327518463135,0.26220768690109253,0.060735899955034256,0.1740097999572754,0.35046693682670593,0.152579665184021
CY25-025_1-#4,119,129,middle,0.5,0.4503394663333893,1.4373908042907715,1.3634871244430542,1.4614644050598145,0.2652314007282257,0.053494974970817566,0.16842815279960632,0.36239728331565857,0.15044814348220825
CY25-025_1-#4,120,132,middle,0.5,0.43673548102378845,1.475947380065918,1.3655011653900146,1.4859081506729126,0.25732553005218506,0.06376749277114868,0.17753177881240845,0.348829448223114,0.15254579484462738
CY25-025_1-#4,121,133,middle,0.5,0.4545007348060608,1.4361523389816284,1.3630396127700806,1.461033821105957,0.26558786630630493,0.05318122357130051,0.17065294086933136,0.36197155714035034,0.14860641956329346
CY25-025_1-#4,122,134,middle,0.5,0.44463813304901123,1.4348056316375732,1.3648254871368408,1.4589238166809082,0.26458147168159485,0.05203593894839287,0.16821885108947754,0.3639874756336212,0.1511763036251068
CY25-025_1-#4,123,135,middle,0.5,0.45868003368377686,1.3606386184692383,1.3615350723266602,1.4168510437011719,0.26164090633392334,0.0410538986325264,0.15944378077983856,0.39759913086891174,0.14026224613189697
CY25-025_1-#4,124,136,middle,0.5,0.45293837785720825,1.3627938032150269,1.3612017631530762,1.4175164699554443,0.257186621427536,0.04156380519270897,0.15991684794425964,0.40011781454086304,0.14121486246585846
CY25-025_1-#4,125,137,middle,0.5,0.4357827305793762,1.439835548400879,1.3626153469085693,1.4612293243408203,0.24662229418754578,0.056115344166755676,0.17247328162193298,0.37604260444641113,0.14874650537967682
CY25-025_1-#4,126,138,middle,0.5,0.4236278831958771,1.4124798774719238,1.3615494966506958,1.4440748691558838,0.24199222028255463,0.05179590731859207,0.17145609855651855,0.39196228981018066,0.14279350638389587
CY25-025_1-#4,127,139,middle,0.5,0.43064308166503906,1.3978387117385864,1.363761067390442,1.4366307258605957,0.24595355987548828,0.047711119055747986,0.16689294576644897,0.39369887113571167,0.1457434594631195
CY25-025_1-#4,128,140,middle,0.5,0.42173945903778076,1.3835949897766113,1.3617671728134155,1.4252218008041382,0.2574009895324707,0.04317843168973923,0.16101711988449097,0.3942570388317108,0.14414647221565247
CY25-025_1-#4,129,141,middle,0.5,0.4311758279800415,1.4452989101409912,1.3644613027572632,1.4638843536376953,0.25267988443374634,0.055510882288217545,0.17623603343963623,0.36842167377471924,0.14715152978897095
CY25-025_1-#4,130,142,middle,0.5,0.46613240242004395,1.404171347618103,1.3618546724319458,1.4426181316375732,0.25716882944107056,0.04831985384225845,0.17054137587547302,0.38142719864845276,0.14254271984100342
CY25-025_1-#4,131,143,middle,0.5,0.45321357250213623,1.3577895164489746,1.3608713150024414,1.4135875701904297,0.2416606843471527,0.04237113147974014,0.1627771407365799,0.4127514362335205,0.14043956995010376
CY25-025_1-#4,132,144,middle,0.5,0.4521678686141968,1.3664662837982178,1.3600184917449951,1.4179699420928955,0.2588586211204529,0.04064932093024254,0.16253450512886047,0.3972874879837036,0.1406700313091278
CY25-025_1-#4,133,145,middle,0.5,0.4247296452522278,1.4438849687576294,1.3648390769958496,1.4612061977386475,0.25616082549095154,0.05305839702486992,0.17575740814208984,0.3666815161705017,0.1483418047428131
CY25-025_1-#4,134,146,middle,0.5,0.40167036652565,1.3977651596069336,1.3614356517791748,1.4311165809631348,0.24791070818901062,0.04497219994664192,0.16717050969600677,0.395008385181427,0.1449381709098816
CY25-025_1-#4,135,147,middle,0.5,0.4311153292655945,1.3909144401550293,1.3606196641921997,1.4297609329223633,0.2515357732772827,0.04465961456298828,0.16767852008342743,0.39392706751823425,0.14219897985458374
CY25-025_1-#4,136,148,middle,0.5,0.4928411543369293,1.3156111240386963,1.3594201803207397,1.3910762071609497,0.24759423732757568,0.03572116792201996,0.15973302721977234,0.4228191077709198,0.13413242995738983
CY25-025_1-#4,137,149,middle,0.5,0.3941587209701538,1.451081395149231,1.3651868104934692,1.4610669612884521,0.25358667969703674,0.051778264343738556,0.1743919998407364,0.3670671582221985,0.15317590534687042
CY25-025_1-#4,138,150,middle,0.5,0.4208191931247711,1.3627095222473145,1.3615385293960571,1.4130806922912598,0.2544386684894562,0.038899507373571396,0.1634555608034134,0.40226656198501587,0.14093969762325287
CY25-025_1-#4,139,151,middle,0.5,0.44448351860046387,1.33380925655365,1.3594870567321777,1.3966169357299805,0.2550203502178192,0.0345936045050621,0.15763866901397705,0.41270607709884644,0.140041321516037
CY25-025_1-#4,140,152,middle,0.5,0.40289875864982605,1.4263861179351807,1.3626700639724731,1.4465315341949463,0.252020925283432,0.047938764095306396,0.1745072901248932,0.3792393207550049,0.14629369974136353
CY25-025_1-#4,141,153,middle,0.5,0.42560625076293945,1.3873605728149414,1.3624622821807861,1.4262137413024902,0.26253625750541687,0.04075626656413078,0.16737131774425507,0.386385053396225,0.142951101064682
CY25-025_1-#4,142,154,middle,0.5,0.4397668242454529,1.3541010618209839,1.3614691495895386,1.4084211587905884,0.25100716948509216,0.037493638694286346,0.1635902225971222,0.40682610869407654,0.14108288288116455
CY25-025_1-#4,143,155,middle,0.5,0.3586016595363617,1.4709498882293701,1.3664114475250244,1.4711527824401855,0.23982487618923187,0.05611417815089226,0.18473201990127563,0.3663288354873657,0.1530001312494278
CY25-025_1-#4,144,158,middle,0.5,0.3603266477584839,1.462221384048462,1.3650991916656494,1.4653642177581787,0.24163679778575897,0.05435722693800926,0.18354998528957367,0.37016797065734863,0.15028797090053558
CY25-025_1-#4,145,159,middle,0.5,0.3856971859931946,1.414522647857666,1.3647187948226929,1.4384148120880127,0.2542342245578766,0.0438421368598938,0.17213255167007446,0.3819025754928589,0.14788848161697388
CY25-025_1-#4,146,160,middle,0.5,0.40715473890304565,1.371205449104309,1.3597794771194458,1.411558985710144,0.25781846046447754,0.03659312427043915,0.16090388596057892,0.3991544246673584,0.145530104637146
CY25-025_1-#4,147,161,middle,0.5,0.41647690534591675,1.4137272834777832,1.364000916481018,1.4392940998077393,0.24122247099876404,0.04636729881167412,0.1801186203956604,0.38956397771835327,0.14272764325141907
CY25-025_1-#4,148,162,middle,0.5,0.38726580142974854,1.4116908311843872,1.3631842136383057,1.4368476867675781,0.24981413781642914,0.044280629605054855,0.17348115146160126,0.38633763790130615,0.1460864543914795
CY25-025_1-#4,149,163,middle,0.5,0.4061123728752136,1.4017443656921387,1.362362027168274,1.4299039840698242,0.24823227524757385,0.04238775372505188,0.17142073810100555,0.3922838568687439,0.1456754058599472
CY25-025_1-#4,150,164,middle,0.5,0.4128600060939789,1.3709537982940674,1.3597291707992554,1.4143612384796143,0.26120704412460327,0.03691822290420532,0.16500042378902435,0.39435911178588867,0.14251519739627838
CY25-025_1-#4,151,165,middle,0.5,0.3750001788139343,1.454132080078125,1.3653932809829712,1.4589852094650269,0.24241802096366882,0.051179174333810806,0.18420982360839844,0.37297749519348145,0.14921551942825317
CY25-025_1-#4,152,166,middle,0.5,0.3921273946762085,1.4154009819030762,1.3632102012634277,1.438750982284546,0.24516668915748596,0.04497944936156273,0.17661607265472412,0.38716787099838257,0.14606988430023193
CY25-025_1-#4,153,167,middle,0.5,0.46140056848526,1.3630890846252441,1.3602681159973145,1.4128950834274292,0.2370348870754242,0.04023601859807968,0.17329294979572296,0.41148674488067627,0.1379493772983551
CY25-025_1-#4,154,168,middle,0.5,0.40692397952079773,1.3792856931686401,1.3607629537582397,1.4176487922668457,0.25587034225463867,0.03823956474661827,0.17141704261302948,0.39490726590156555,0.13956573605537415
CY25-025_1-#4,155,169,middle,0.5,0.39214572310447693,1.4487049579620361,1.3640923500061035,1.4575119018554688,0.250923752784729,0.04899856820702553,0.18375080823898315,0.36737939715385437,0.14894750714302063
CY25-025_1-#4,156,170,middle,0.5,0.377826988697052,1.4460947513580322,1.3638746738433838,1.454573154449463,0.24977517127990723,0.04841184988617897,0.1824413388967514,0.37084925174713135,0.14852236211299896
CY25-025_1-#4,157,171,middle,0.5,0.5231482982635498,1.2814760208129883,1.3528165817260742,1.3686367273330688,0.24681472778320312,0.02946564182639122,0.15426568686962128,0.43564361333847046,0.1338103711605072
CY25-025_1-#4,158,172,middle,0.5,0.4386146068572998,1.38517427444458,1.3606001138687134,1.42023503780365,0.24376067519187927,0.040028057992458344,0.17386844754219055,0.40082764625549316,0.14151519536972046
CY25-025_1-#4,159,173,middle,0.5,0.4240052103996277,1.3387465476989746,1.3581198453903198,1.3982508182525635,0.2543598413467407,0.03335865959525108,0.165068581700325,0.40894192457199097,0.13827097415924072
CY25-025_1-#4,160,174,middle,0.5,0.4343850016593933,1.393865942955017,1.359660267829895,1.4246628284454346,0.23622624576091766,0.04253363236784935,0.17558646202087402,0.40300440788269043,0.14264923334121704
CY25-025_1-#4,161,175,middle,0.5,0.35712772607803345,1.4499082565307617,1.364029884338379,1.4526737928390503,0.2442762553691864,0.046756818890571594,0.18114060163497925,0.37409645318984985,0.1537298560142517
CY25-025_1-#4,162,176,middle,0.5,0.4578482210636139,1.3713053464889526,1.3597599267959595,1.4136006832122803,0.2396906614303589,0.038620252162218094,0.17465753853321075,0.4073414206504822,0.139690101146698
CY25-025_1-#4,163,177,middle,0.5,0.4125097393989563,1.3584439754486084,1.3582801818847656,1.4056479930877686,0.2558092474937439,0.034598566591739655,0.16802604496479034,0.4023469090461731,0.13921920955181122
CY25-025_1-#4,164,178,middle,0.5,0.46179455518722534,1.3354125022888184,1.3580492734909058,1.3942710161209106,0.25111618638038635,0.032079145312309265,0.16323858499526978,0.4129689335823059,0.1405971646308899
CY25-025_1-#4,165,179,middle,0.5,0.5061039924621582,1.3104259967803955,1.356665015220642,1.3838531970977783,0.25006169080734253,0.030912136659026146,0.164011150598526,0.4212414622306824,0.1337735801935196
CY25-025_1-#4,166,180,middle,0.5,0.3836451470851898,1.4145939350128174,1.3635015487670898,1.4353103637695312,0.25023457407951355,0.04083387926220894,0.18012428283691406,0.38198351860046387,0.14682374894618988
CY25-025_1-#4,167,181,middle,0.5,0.44221654534339905,1.3543429374694824,1.355905532836914,1.399865746498108,0.2535216808319092,0.03292478621006012,0.1643320620059967,0.4074261486530304,0.1417953073978424
CY25-025_1-#4,168,184,middle,0.5,0.45405855774879456,1.3741165399551392,1.3596493005752563,1.412397861480713,0.24427691102027893,0.03583371266722679,0.17312251031398773,0.40290093421936035,0.1438659429550171
CY25-025_1-#4,169,185,middle,0.5,0.46683675050735474,1.3358848094940186,1.3548240661621094,1.3909013271331787,0.2572362422943115,0.029996823519468307,0.16276130080223083,0.4098673462867737,0.14013832807540894
CY25-025_1-#4,170,186,middle,0.5,0.49065476655960083,1.346598744392395,1.355721116065979,1.399108648300171,0.23743706941604614,0.034801360219717026,0.17179635167121887,0.4176863431930542,0.13827890157699585
CY25-025_1-#4,171,187,middle,0.5,0.4865196943283081,1.3422002792358398,1.357094645500183,1.396871566772461,0.24749204516410828,0.03229213505983353,0.16828878223896027,0.4119992256164551,0.13992781937122345
CY25-025_1-#4,172,188,middle,0.5,0.480182409286499,1.339691400527954,1.3573460578918457,1.3957886695861816,0.2477169930934906,0.03192996606230736,0.16861149668693542,0.4123331308364868,0.13940846920013428
CY25-025_1-#4,173,189,middle,0.5,0.4637802839279175,1.3329439163208008,1.3541078567504883,1.3890115022659302,0.25512009859085083,0.029147956520318985,0.16082054376602173,0.4118136167526245,0.14309778809547424
CY25-025_1-#4,174,190,middle,0.5,0.39254966378211975,1.4040844440460205,1.3588476181030273,1.4245017766952515,0.24929291009902954,0.0378185473382473,0.1786356419324875,0.38986217975616455,0.14439073204994202
CY25-025_1-#4,175,191,middle,0.5,0.4767338037490845,1.3392772674560547,1.3562809228897095,1.3948832750320435,0.24884876608848572,0.03179442882537842,0.17152079939842224,0.41180944442749023,0.13602657616138458
CY25-025_1-#4,176,192,middle,0.5,0.482617050409317,1.3032927513122559,1.3522831201553345,1.375925898551941,0.2537664771080017,0.027095751836895943,0.16094431281089783,0.4215119481086731,0.13668151199817657
CY25-025_1-#4,177,193,middle,0.5,0.4556119441986084,1.32924222946167,1.3538246154785156,1.3868496417999268,0.25845280289649963,0.02800098806619644,0.15992742776870728,0.4103609323501587,0.14325784146785736
CY25-025_1-#4,178,194,middle,0.5,0.4064028859138489,1.4063191413879395,1.3575692176818848,1.4230308532714844,0.25169408321380615,0.03608251363039017,0.17772728204727173,0.3877972662448883,0.14669880270957947
CY25-025_1-#4,179,195,late,0.5,0.47646236419677734,1.3351695537567139,1.3545007705688477,1.3909928798675537,0.24838821589946747,0.0297849178314209,0.16770966351032257,0.41356533765792847,0.14055189490318298
CY25-025_1-#4,180,196,late,0.5,0.5770347118377686,1.2634055614471436,1.3497488498687744,1.3617228269577026,0.24204030632972717,0.0265716090798378,0.16234534978866577,0.43890002369880676,0.1301427036523819
CY25-025_1-#4,181,197,late,0.5,0.49082666635513306,1.2950217723846436,1.351831078529358,1.3721330165863037,0.2581698000431061,0.025478163734078407,0.16018730401992798,0.42016342282295227,0.13600130379199982
CY25-025_1-#4,182,198,late,0.5,0.4480926990509033,1.384321928024292,1.3572161197662354,1.421984076499939,0.20813995599746704,0.035427600145339966,0.2181590497493744,0.39546841382980347,0.14280493557453156
CY25-025_1-#4,183,199,late,0.5,0.3900509774684906,1.3911736011505127,1.3557077646255493,1.4135985374450684,0.25841259956359863,0.03157743811607361,0.16788965463638306,0.38835933804512024,0.15376093983650208
CY25-025_1-#4,184,200,late,0.5,0.5410925149917603,1.2962195873260498,1.3495800495147705,1.3743704557418823,0.23568189144134521,0.02899322845041752,0.16650255024433136,0.4338526129722595,0.13496971130371094
CY25-025_1-#4,185,201,late,0.5,0.5045982599258423,1.3070504665374756,1.351338267326355,1.3776421546936035,0.2520630955696106,0.02676396071910858,0.1622072458267212,0.42023736238479614,0.13872835040092468
CY25-025_1-#4,186,202,late,0.5,0.3962664306163788,1.4212136268615723,1.3596798181533813,1.43122398853302,0.24904638528823853,0.0370921865105629,0.18527843058109283,0.38053756952285767,0.14804543554782867
CY25-025_1-#4,187,203,late,0.5,0.40267765522003174,1.404495120048523,1.3574508428573608,1.4217824935913086,0.250981867313385,0.03440228849649429,0.17788833379745483,0.38694486021995544,0.14978264272212982
CY25-025_1-#4,188,204,late,0.5,0.4774578809738159,1.3523085117340088,1.3543671369552612,1.3986830711364746,0.24974551796913147,0.030059173703193665,0.17013075947761536,0.40557849407196045,0.14448605477809906
CY25-025_1-#4,189,205,late,0.5,0.45242083072662354,1.3527146577835083,1.3524341583251953,1.3961280584335327,0.2566815912723541,0.028504323214292526,0.1671029031276703,0.4023166298866272,0.14539457857608795
CY25-025_1-#4,190,206,late,0.5,0.42606571316719055,1.387717604637146,1.3546963930130005,1.4217360019683838,0.20665691792964935,0.03469213470816612,0.22445520758628845,0.39251840114593506,0.1416773498058319
CY25-025_1-#4,191,207,late,0.5,0.5553411841392517,1.3667590618133545,1.354295253753662,1.416785717010498,0.2166074812412262,0.029245516285300255,0.17264299094676971,0.396586537361145,0.18491747975349426
CY25-025_1-#4,192,210,late,0.5,0.36279720067977905,1.4175145626068115,1.3580646514892578,1.4271105527877808,0.26152557134628296,0.033766645938158035,0.1813988983631134,0.37345170974731445,0.14985717833042145
CY25-025_1-#4,193,211,late,0.5,0.4799874722957611,1.4339196681976318,1.3585509061813354,1.4468237161636353,0.20814891159534454,0.03704443201422691,0.18682104349136353,0.37599122524261475,0.19199436902999878
CY25-025_1-#4,194,212,late,0.5,0.7473018765449524,1.3707472085952759,1.3529492616653442,1.4804714918136597,0.21532225608825684,0.10805776715278625,0.17384861409664154,0.39635470509529114,0.10641663521528244
CY25-025_1-#4,195,213,late,0.5,0.7696189880371094,1.3394304513931274,1.3513563871383667,1.4658458232879639,0.21253401041030884,0.10472001135349274,0.17021256685256958,0.41005146503448486,0.10248199105262756
CY25-025_1-#4,196,214,late,0.5,0.668907105922699,1.2967859506607056,1.3509382009506226,1.4098796844482422,0.23957806825637817,0.10333923995494843,0.1690157800912857,0.42780184745788574,0.06026509404182434
CY25-025_1-#4,197,215,late,0.5,0.6451762914657593,1.3267693519592285,1.3546812534332275,1.427039623260498,0.2543661594390869,0.1056739091873169,0.16719619929790497,0.40840399265289307,0.06435972452163696
CY25-025_1-#4,198,216,late,0.5,0.5069488286972046,1.4269399642944336,1.3579206466674805,1.4450817108154297,0.21360662579536438,0.03418310359120369,0.1852063536643982,0.37042978405952454,0.1965741366147995
CY25-025_1-#4,199,217,late,0.5,0.8022550344467163,1.3343868255615234,1.3567097187042236,1.4715940952301025,0.21622323989868164,0.1094377189874649,0.16859284043312073,0.4043472409248352,0.10139895975589752
CY25-025_1-#4,200,218,late,0.5,0.8281930088996887,1.313947319984436,1.3575303554534912,1.4686768054962158,0.21346238255500793,0.1059500128030777,0.16501635313034058,0.40928828716278076,0.10628300160169601
CY25-025_1-#4,201,219,late,0.5,0.8697242736816406,1.2621333599090576,1.3552547693252563,1.4445459842681885,0.21588274836540222,0.10758024454116821,0.15713846683502197,0.42731884121894836,0.09207972139120102
CY25-025_1-#4,202,220,late,0.5,0.8036772608757019,1.3662693500518799,1.3591506481170654,1.5005111694335938,0.21670782566070557,0.10902367532253265,0.16735336184501648,0.381206214427948,0.1257089227437973
CY25-025_1-#4,203,221,late,0.5,0.5623416900634766,1.3861961364746094,1.3528599739074707,1.4537748098373413,0.20970728993415833,0.11088364571332932,0.22378669679164886,0.3892424404621124,0.06637990474700928
CY25-025_1-#4,204,222,late,0.5,0.7882936000823975,1.3531650304794312,1.357609510421753,1.4813646078109741,0.21263307332992554,0.11137284338474274,0.17471027374267578,0.39669182896614075,0.10459192842245102
CY25-025_1-#4,205,223,late,0.5,0.7592214345932007,1.3868077993392944,1.3576815128326416,1.4973069429397583,0.21519704163074493,0.11118564009666443,0.17720115184783936,0.38183528184890747,0.11458086222410202
CY25-025_1-#4,206,224,late,0.5,0.8375380635261536,1.3529746532440186,1.3638612031936646,1.4994871616363525,0.21934202313423157,0.11285574734210968,0.16619089245796204,0.38143837451934814,0.12017297744750977
CY25-025_1-#4,207,225,late,0.5,0.8025990724563599,1.3691444396972656,1.360903024673462,1.4998592138290405,0.21456503868103027,0.11224488914012909,0.171742781996727,0.3818853497505188,0.11956191062927246
CY25-025_1-#4,208,226,late,0.5,0.8060911297798157,1.3726651668548584,1.361119270324707,1.5033149719238281,0.21611563861370087,0.11427533626556396,0.17145955562591553,0.3782918453216553,0.11985761672258377
CY25-025_1-#4,209,227,late,0.5,0.8790048360824585,1.3037967681884766,1.3632479906082153,1.480332851409912,0.2158808708190918,0.10947351157665253,0.15998893976211548,0.4006599187850952,0.11399675160646439
CY25-025_1-#4,210,228,late,0.5,0.890947699546814,1.270208716392517,1.358198642730713,1.458312749862671,0.21329264342784882,0.11048564314842224,0.15929760038852692,0.4184968173503876,0.09842729568481445
CY25-025_1-#4,211,229,late,0.5,0.8233430981636047,1.350673794746399,1.3614718914031982,1.4918766021728516,0.21511247754096985,0.11246553808450699,0.17068228125572205,0.388619601726532,0.11312010884284973
CY25-025_1-#4,212,230,late,0.5,0.8514253497123718,1.3415483236312866,1.361022710800171,1.4958186149597168,0.2159363031387329,0.11303254216909409,0.16557380557060242,0.386512815952301,0.11894449591636658
CY25-025_1-#4,213,231,late,0.5,0.933826208114624,1.2393813133239746,1.3614287376403809,1.4551843404769897,0.21053916215896606,0.1087678000330925,0.15273898839950562,0.4242078363895416,0.10374622046947479
CY25-025_1-#4,214,232,late,0.5,0.8136860132217407,1.3821978569030762,1.3649224042892456,1.516013741493225,0.21310850977897644,0.11354705691337585,0.1748436987400055,0.3670303225517273,0.1314704865217209
CY25-025_1-#4,215,233,late,0.5,0.7798040509223938,1.3748078346252441,1.3619505167007446,1.4953196048736572,0.21044334769248962,0.11390360444784164,0.18264362215995789,0.3838205337524414,0.10918886959552765
CY25-025_1-#4,216,236,late,0.5,0.9267816543579102,1.260122537612915,1.360823154449463,1.4656256437301636,0.2126334309577942,0.11142323911190033,0.1539335697889328,0.41518983244895935,0.10681995004415512
CY25-025_1-#4,217,237,late,0.5,0.7906665802001953,1.382298231124878,1.36332368850708,1.5051827430725098,0.21244052052497864,0.11530721932649612,0.18011991679668427,0.3756287097930908,0.11650361120700836
CY25-025_1-#4,218,238,late,0.5,0.9264847040176392,1.2786390781402588,1.3636571168899536,1.4785035848617554,0.21371695399284363,0.11206327378749847,0.15623556077480316,0.4042291045188904,0.11375508457422256
CY25-025_1-#4,219,239,late,0.5,0.848311185836792,1.3456411361694336,1.3646899461746216,1.5001459121704102,0.20897053182125092,0.11238151788711548,0.17131996154785156,0.38448503613471985,0.12284298986196518
CY25-025_1-#4,220,240,late,0.5,0.9290552735328674,1.2754782438278198,1.3631294965744019,1.4766335487365723,0.211760014295578,0.11461327970027924,0.1591222584247589,0.40584051609039307,0.10866393893957138
CY25-025_1-#4,221,241,late,0.5,0.8097530603408813,1.3843176364898682,1.3647074699401855,1.516804575920105,0.21111151576042175,0.11362912505865097,0.1770072728395462,0.3665877878665924,0.13166426122188568
CY25-025_1-#4,222,242,late,0.5,0.8606399893760681,1.3445971012115479,1.3671462535858154,1.5037522315979004,0.21007633209228516,0.11266572028398514,0.17178434133529663,0.38066232204437256,0.12481129914522171
CY25-025_1-#4,223,243,late,0.5,0.9765388369560242,1.2369269132614136,1.3646812438964844,1.4693782329559326,0.20972561836242676,0.11397414654493332,0.1510847508907318,0.4144793152809143,0.110736183822155
CY25-025_1-#4,224,244,late,0.5,0.9045870900154114,1.3236265182495117,1.3672024011611938,1.5054898262023926,0.21000371873378754,0.11461181938648224,0.16384285688400269,0.3813047409057617,0.1302369087934494
CY25-025_1-#4,225,245,late,0.5,0.8820213675498962,1.3317582607269287,1.367605447769165,1.5031198263168335,0.2079627811908722,0.11296434700489044,0.16924910247325897,0.3829214870929718,0.12690220773220062
CY25-025_1-#4,226,246,late,0.5,0.9371115565299988,1.2968811988830566,1.364072322845459,1.4965896606445312,0.21150004863739014,0.11710786074399948,0.1577484905719757,0.39012807607650757,0.12351556867361069
CY25-025_1-#4,227,247,late,0.5,1.0111769437789917,1.22140371799469,1.366051435470581,1.4722936153411865,0.20979508757591248,0.11553226411342621,0.1473345309495926,0.41299599409103394,0.11434212327003479
CY25-025_1-#4,228,248,late,0.5,0.9045780301094055,1.3197708129882812,1.3670878410339355,1.5015493631362915,0.2091233730316162,0.11679799109697342,0.1665923148393631,0.38477352261543274,0.12271278351545334
CY25-025_1-#4,229,249,late,0.5,0.982234001159668,1.2581360340118408,1.366136908531189,1.484635829925537,0.21162579953670502,0.1196218729019165,0.15431024134159088,0.40077805519104004,0.11366399377584457
CY25-025_1-#4,230,250,late,0.5,0.9099581241607666,1.3129971027374268,1.368699550628662,1.4999037981033325,0.2050270140171051,0.11588820815086365,0.16847583651542664,0.387524276971817,0.1230846643447876
CY25-025_1-#4,231,251,late,0.5,1.0053592920303345,1.230761170387268,1.366379737854004,1.4771782159805298,0.20723342895507812,0.11651693284511566,0.15037670731544495,0.40973398089408875,0.11613897234201431
CY25-025_1-#4,232,252,late,0.5,1.0571351051330566,1.1872467994689941,1.3651087284088135,1.4687042236328125,0.2073363959789276,0.11688972264528275,0.14047546684741974,0.4181002378463745,0.1171981617808342
CY25-025_1-#4,233,253,late,0.5,1.0085690021514893,1.236132025718689,1.3674241304397583,1.4820771217346191,0.2078014612197876,0.11770830303430557,0.1504170298576355,0.4055337607860565,0.11853942275047302
CY25-025_1-#4,234,254,late,0.5,1.0401942729949951,1.2413017749786377,1.3672586679458618,1.4964208602905273,0.21140234172344208,0.122052863240242,0.14591455459594727,0.39250093698501587,0.12812934815883636
CY25-025_1-#4,235,255,late,0.5,0.9825400114059448,1.2651355266571045,1.3668935298919678,1.4914733171463013,0.20900751650333405,0.11974948644638062,0.15545007586479187,0.3962045907974243,0.11958836764097214
CY25-025_1-#4,236,256,late,0.5,1.0029642581939697,1.291481852531433,1.3714356422424316,1.520967960357666,0.21097332239151,0.12176983058452606,0.1531354933977127,0.36797666549682617,0.14614468812942505
CY25-025_1-#4,237,257,late,0.5,1.0619076490402222,1.1914396286010742,1.368861198425293,1.4727245569229126,0.20756135880947113,0.11937208473682404,0.1434495747089386,0.414348840713501,0.11526817828416824
CY25-025_1-#4,238,258,late,0.5,0.9890727400779724,1.2952808141708374,1.372315764427185,1.5155117511749268,0.20899565517902374,0.12357155978679657,0.15932223200798035,0.37395647168159485,0.1341540664434433
CY25-025_1-#4,239,259,late,0.5,1.0574933290481567,1.2460135221481323,1.3707129955291748,1.5116486549377441,0.20796428620815277,0.12226267158985138,0.14456821978092194,0.379319429397583,0.1458853930234909
CY25-025_1-#4,240,262,late,0.5,1.0750916004180908,1.2299377918243408,1.363219976425171,1.503521203994751,0.21164317429065704,0.12378089129924774,0.1390070617198944,0.38630402088165283,0.13926485180854797
CY25-025_1-#4,241,263,late,0.5,0.9839543104171753,1.305938720703125,1.3726264238357544,1.524638056755066,0.20689953863620758,0.12217240780591965,0.1602441370487213,0.365108847618103,0.14557506144046783
CY25-025_1-#4,242,264,late,0.5,1.0549159049987793,1.2491412162780762,1.3699195384979248,1.512221336364746,0.2069242000579834,0.12296704947948456,0.14616474509239197,0.3792322874069214,0.1447117030620575
CY25-025_1-#4,243,265,late,0.5,1.087592601776123,1.2350575923919678,1.3679641485214233,1.5124917030334473,0.21158632636070251,0.12653660774230957,0.139818012714386,0.37763404846191406,0.14442504942417145
CY25-025_1-#4,244,266,late,0.5,1.0492122173309326,1.2775202989578247,1.3674860000610352,1.5275517702102661,0.21045911312103271,0.12820665538311005,0.14902392029762268,0.36218124628067017,0.15012915432453156
CY25-025_1-#4,245,267,late,0.5,1.1383718252182007,1.1934202909469604,1.3645150661468506,1.5059988498687744,0.20871838927268982,0.1276823878288269,0.13152992725372314,0.3850208818912506,0.14704838395118713
CY25-025_1-#4,246,268,late,0.5,1.0227205753326416,1.2887303829193115,1.3732037544250488,1.526782512664795,0.2063518464565277,0.12557199597358704,0.15670064091682434,0.3638934791088104,0.1474819928407669
CY25-025_1-#4,247,269,late,0.5,1.1050481796264648,1.215158462524414,1.3693842887878418,1.5076402425765991,0.2059282660484314,0.12664787471294403,0.14064158499240875,0.3847986161708832,0.14198365807533264
CY25-025_1-#4,248,270,late,0.5,1.050594687461853,1.2812227010726929,1.3706272840499878,1.5325210094451904,0.20783346891403198,0.12930035591125488,0.1513519585132599,0.35763126611709595,0.15388290584087372
CY25-025_1-#4,249,271,late,0.5,1.0831670761108398,1.275951623916626,1.3722939491271973,1.5428128242492676,0.20908206701278687,0.1322697550058365,0.14780688285827637,0.34456852078437805,0.16627280414104462
CY25-025_1-#4,250,272,late,0.5,1.0717360973358154,1.2674630880355835,1.3685925006866455,1.532437801361084,0.20768773555755615,0.12960556149482727,0.14664620161056519,0.35758358240127563,0.15847691893577576
CY25-025_1-#4,251,273,late,0.5,1.1648499965667725,1.2204396724700928,1.3646454811096191,1.5383949279785156,0.20849663019180298,0.13585050404071808,0.1317111700773239,0.34759488701820374,0.1763468086719513
CY25-025_1-#4,252,274,late,0.5,1.125585913658142,1.2534148693084717,1.3710665702819824,1.5491950511932373,0.2061372697353363,0.1347825527191162,0.1416686624288559,0.3350819945335388,0.18232955038547516
CY25-025_1-#4,253,275,late,0.5,1.1772929430007935,1.2110315561294556,1.3596899509429932,1.5315741300582886,0.20943693816661835,0.1393507570028305,0.12977191805839539,0.3570382595062256,0.1644020974636078
CY25-025_1-#4,254,276,late,0.5,1.0991973876953125,1.2766746282577515,1.366868495941162,1.5484519004821777,0.20897923409938812,0.13797998428344727,0.14620918035507202,0.3381098508834839,0.16872170567512512
CY25-025_1-#4,255,277,late,0.5,1.172553300857544,1.2046347856521606,1.3613674640655518,1.5234735012054443,0.20878151059150696,0.13816845417022705,0.13258688151836395,0.3675234615802765,0.15293972194194794
CY25-025_1-#4,256,278,late,0.5,1.133407473564148,1.2539594173431396,1.3682401180267334,1.5582793951034546,0.20560699701309204,0.13698551058769226,0.14043335616588593,0.31911027431488037,0.1978638619184494
CY25-025_1-#4,257,279,late,0.5,1.2232093811035156,1.182631015777588,1.3553731441497803,1.5301871299743652,0.2091110497713089,0.143117293715477,0.12286191433668137,0.3572760224342346,0.16763371229171753
CY25-025_1-#4,258,280,late,0.5,1.1666909456253052,1.2325127124786377,1.3692048788070679,1.5531998872756958,0.20491549372673035,0.13867232203483582,0.13668885827064514,0.3278372883796692,0.1918860226869583
CY25-025_1-#4,259,281,late,0.5,1.145370602607727,1.2391923666000366,1.363560438156128,1.5375598669052124,0.2053793966770172,0.14188852906227112,0.1423029750585556,0.35385042428970337,0.1565786600112915
CY25-025_1-#4,260,282,late,0.5,1.1499111652374268,1.2426234483718872,1.367510199546814,1.5459409952163696,0.20424965023994446,0.14048177003860474,0.14134520292282104,0.34260061383247375,0.17132282257080078
CY25-025_1-#4,261,283,late,0.5,1.1963293552398682,1.2067482471466064,1.364065170288086,1.5408799648284912,0.20393599569797516,0.1419932097196579,0.13166077435016632,0.3471173644065857,0.17529256641864777
CY25-025_1-#4,262,284,late,0.5,1.1801632642745972,1.216176152229309,1.366781234741211,1.5433120727539062,0.20308129489421844,0.13930644094944,0.1348974108695984,0.344111829996109,0.17860305309295654
CY25-025_1-#4,263,285,late,0.5,1.2724065780639648,1.1418423652648926,1.350019931793213,1.5218265056610107,0.2074834704399109,0.1468145251274109,0.11570630967617035,0.3660849928855896,0.1639106571674347
CY25-025_1-#4,264,288,late,0.5,1.17768394947052,1.2159276008605957,1.3662550449371338,1.5407688617706299,0.2019995152950287,0.1398482471704483,0.13642705976963043,0.34885144233703613,0.17287370562553406
CY25-025_1-#4,265,289,late,0.5,1.158228874206543,1.2318686246871948,1.3671350479125977,1.543156623840332,0.20247218012809753,0.13990840315818787,0.1403287798166275,0.3465702533721924,0.1707204282283783
CY25-025_1-#4,266,290,late,0.5,1.2335519790649414,1.1877014636993408,1.3612189292907715,1.5439033508300781,0.2033347189426422,0.1453528106212616,0.12687888741493225,0.3413499593734741,0.18308356404304504
CY25-025_1-#4,267,291,late,0.5,1.2926194667816162,1.1499947309494019,1.3523600101470947,1.5437860488891602,0.2047024369239807,0.15004076063632965,0.11527211964130402,0.33442437648773193,0.1955602765083313
