Cycle,Charge_Current,Discharge_Current,Temperature,Capacity_Increment,Relaxation_Voltage,Discharge_Capacity
2,0.5,1,45,"[0.0, 35.728233601055535, 71.27868753687676, 108.38405287060414, 148.67914377286536, 191.33706011713014, 240.7087566469197, 297.8297931427337, 356.87364435274765, 417.6991234778949, 475.2036964714242, 531.8474755719454, 585.1791644757303, 637.1815194287884, 688.8812772563364, 740.2806272878041, 789.9847228783482, 837.7321922150987, 883.0760084834438, 926.5900708210398, 967.6949013310117, 1006.7459717660832, 1044.2815762354157, 1081.4486354408432, 1117.641783129608, 1153.5711148239384, 1189.688121581196, 1225.7281104434787, 1262.3403090199067, 1298.7150355129147, 1336.7513892376678, 1375.2306705243086, 1414.2803203129388, 1454.084551118172, 1494.7698564069124, 1536.1076985776144, 1577.4884157797546, 1618.4249630951413, 1659.5513527063513, 1698.2503706994721, 1736.198131904246, 1772.6004368134113, 1806.5630949577744, 1840.1012027045049, 1872.766506060686, 1904.1625446178186, 1934.7185626622927, 1965.2875884716277, 1995.6520109021453, 2013.9927564717618]","[4.1859608, 4.1828108, 4.1807632, 4.1790309, 4.177849299999999, 4.1768651, 4.1761169, 4.1753292, 4.174778, 4.1741481, 4.1735969, 4.173203, 4.1728091, 4.1724939]",3310.55635944336
3,0.5,1,45,"[0.0, 33.23845127085008, 68.55463301717134, 105.28328748112824, 145.7985387482538, 188.12000157907858, 237.40468922274238, 293.78304739268356, 353.28302484089215, 413.2606507185426, 471.6873410873991, 527.2378802733001, 581.1886097533156, 633.781227932468, 685.0995033835211, 735.5493609716877, 786.1670068954593, 833.4054084105917, 878.7524677410984, 921.9989148663151, 962.9039353305782, 1002.3138839976359, 1039.658979235586, 1076.7689830551517, 1112.9382319889046, 1149.322711789285, 1184.4695751566223, 1221.0992232979197, 1257.252905685661, 1294.0178192668502, 1331.8301536003507, 1369.7950065065695, 1408.888663008527, 1448.811247537101, 1489.3203121257545, 1530.4723443367495, 1572.0064833523923, 1613.263550396887, 1653.8268286794253, 1692.9494132368525, 1731.0196743167369, 1767.0316338393948, 1801.5944796987994, 1835.177491341922, 1866.6606417441892, 1898.0555670377719, 1928.7398770779162, 1959.0071026838148, 1989.5251993204959, 2013.2669016059697]","[4.1860394, 4.182929, 4.1808419, 4.1791883, 4.1779675, 4.1769042, 4.17592, 4.1752901, 4.1746597, 4.1740694, 4.1735573, 4.1732421, 4.17277, 4.1724153]",3305.775367452256
4,0.5,1,45,"[0.0, 22.83746392114506, 57.78042184453636, 94.95200268953784, 134.88594474452168, 177.4199961558387, 225.59505566055327, 281.78011173279435, 341.162836291537, 401.9164129110685, 460.0100329023991, 516.0078659667746, 570.5238392531179, 621.5898509377113, 672.4273541649912, 724.151276995001, 773.6475966471797, 821.2664326134367, 866.4022038176937, 909.1000137527432, 950.0632358029151, 989.3198038830011, 1026.7023785054403, 1064.016160844626, 1099.9692935842918, 1135.567332685463, 1171.6206431089513, 1207.870149719874, 1244.1950922047176, 1280.8228886861657, 1318.5825345457083, 1357.2503083170454, 1395.841351106411, 1435.7268491224536, 1476.0743759831585, 1517.650691745083, 1558.7751863808594, 1600.0827979346645, 1640.628691181374, 1679.7402848100473, 1717.7231195306017, 1753.3322540412719, 1788.7588280948894, 1821.684689733615, 1853.9097312065392, 1884.9914614074423, 1915.7916367056437, 1945.8843917685526, 1976.2856278063605, 1998.6910302762167]","[4.185921700000001, 4.1829681, 4.1808419, 4.179069999999999, 4.1780066, 4.176943799999999, 4.1760383, 4.1753292, 4.1746993, 4.1743841, 4.1739116, 4.173203, 4.1727304, 4.1725335]",3301.139714331054
5,0.5,1,45,"[0.0, 30.893099452653473, 66.37419676811442, 102.92176615377355, 142.78617708338822, 185.42681156640913, 233.6602778862864, 289.10020180828565, 349.1853993145203, 408.890510737354, 467.68996747703056, 524.2028696239917, 577.3594787078949, 628.6832502820554, 680.0595696766821, 730.8388188385057, 780.2932202246485, 827.910528052579, 873.4639166150624, 915.7498012551183, 956.5550712752266, 995.3504561064668, 1033.0438076760697, 1070.1553151326652, 1106.4504864843116, 1141.918671652557, 1178.0439923898166, 1213.9887672321229, 1249.878626084253, 1287.0591509367687, 1324.9305022558556, 1363.0932450683163, 1401.8413340144575, 1441.7217640413637, 1482.622598377308, 1523.4602125869255, 1564.8953894352899, 1606.65748310068, 1646.6507559151091, 1685.729645920665, 1723.7718172764226, 1759.8160666466306, 1794.0530420028863, 1827.3597322390333, 1859.565177719825, 1891.0490086429431, 1921.5599945377649, 1951.8362289995448, 1982.0868796426648, 2012.3181489664703]","[4.185882100000001, 4.1828504, 4.1806059, 4.1791487, 4.177888899999999, 4.1768651, 4.1759591, 4.175211, 4.1746597, 4.1740298, 4.1735969, 4.173203, 4.17277, 4.1723762]",3295.9421590954576
6,0.5,1,45,"[0.0, 28.62457276255691, 63.617266069317225, 99.8493958622056, 139.46386132163127, 182.45812434011827, 230.3572348403868, 285.501737359378, 345.6925617407253, 404.41284149885746, 463.58551176900005, 519.6971314088942, 573.2216752307463, 624.5794643657584, 675.8350654649228, 726.6770181793363, 775.8883546641919, 823.2963406202086, 868.4310359223923, 911.2730434880548, 952.0095102384332, 990.6797699970482, 1028.6423308071353, 1065.2049866427794, 1101.1978637188647, 1137.276603199512, 1172.4715428466063, 1209.132302354064, 1245.2430315799847, 1282.2289560753852, 1319.6936972672531, 1357.1439842941936, 1396.8546849321297, 1436.6358314341223, 1477.0578934214313, 1518.0431465372794, 1560.1323476730258, 1601.002623658606, 1641.3575160765267, 1680.5021809940981, 1718.04449065384, 1754.2892017856761, 1788.7549951992387, 1821.9657618988153, 1854.0278863276853, 1885.3086463694867, 1915.980728029252, 1946.124392311438, 1976.2587501117177, 1998.4184234655086]","[4.1859608, 4.1828504, 4.1805663, 4.1791487, 4.1777706, 4.1768651, 4.1759987, 4.1751719, 4.1746206, 4.1740694, 4.1737146, 4.1732421, 4.1729274, 4.1725731]",3290.992666688502
7,0.5,1,45,"[0.0, 24.45499401768484, 59.40966526370198, 96.01108041760153, 135.14272781555132, 177.87254831840517, 225.0347957582419, 279.95818230902785, 340.3351650145248, 400.30588877575246, 458.5612853627583, 514.2999230990063, 568.2863269777627, 620.1174730718931, 670.7720823412567, 721.1250494598455, 770.6513979196739, 818.1858102096649, 862.3181457589114, 905.377841865866, 945.6673083817402, 984.7104348851642, 1022.6234174892456, 1059.0457620444727, 1095.5761426538195, 1131.01703882323, 1166.934648095737, 1202.6724734764234, 1239.4375896741399, 1275.7279380377079, 1313.2613820291704, 1351.2546392044183, 1390.701415874854, 1430.0690426411895, 1470.8832799771033, 1512.3511108789323, 1553.2764222843023, 1594.9749749884115, 1635.0715675632866, 1674.2619027505482, 1711.9353289616677, 1748.3955584071653, 1782.6587464728575, 1816.341729165377, 1848.0502412910926, 1879.0940214500522, 1909.8881068007547, 1940.0575679350688, 1970.2505144699392, 1998.0255039122173]","[4.185882100000001, 4.1827712, 4.1808419, 4.1791487, 4.177928, 4.1767468, 4.1759591, 4.1752505, 4.1746206, 4.1741481, 4.1734786, 4.1731243, 4.17277, 4.1723762]",3285.901452383761
8,0.5,1,45,"[0.0, 34.02979756969057, 69.5517723804054, 105.47227809910021, 144.82391819480438, 186.83805111828644, 234.0477881617635, 288.96870202635694, 349.6078100264074, 408.9459999624761, 466.96689294903, 523.7865740037163, 576.956638852167, 628.5550982589583, 679.6877551110553, 729.364827875538, 778.503383381087, 825.9468104958509, 870.7486957510799, 913.4531099819272, 953.6872481628483, 992.946789409683, 1030.365334773172, 1067.0413642684093, 1103.065988579102, 1138.830756065534, 1174.641998319361, 1210.331171070326, 1246.9180606450295, 1283.3499242557073, 1320.9554310852527, 1359.2673577111204, 1398.0185231026421, 1437.897003882625, 1478.3369696497448, 1519.716020424748, 1561.4325308276907, 1602.7566384788897, 1642.508335806307, 1681.9148013108766, 1719.4045132870488, 1755.888004614846, 1790.4403474753367, 1823.9200914056746, 1855.325749338535, 1886.6263693185902, 1917.0236645291639, 1947.2097112529855, 1977.188584512819, 1998.214062946643]","[4.185882100000001, 4.1827712, 4.1805663, 4.1790309, 4.177731, 4.1767864, 4.1759591, 4.175211, 4.174542, 4.1741872, 4.1735182, 4.1731243, 4.1728487, 4.1723762]",3281.460981257327
9,0.5,1,45,"[0.0, 29.13499730051035, 64.42095561059466, 101.01589560851892, 139.6710944191309, 181.93730424777334, 228.89089843216527, 283.5688036344376, 343.1680618706573, 402.8887309566338, 461.8958470353799, 517.1247444443214, 570.8968418076462, 622.5356313084943, 673.0930363367387, 723.3991170731475, 772.009322290491, 819.2180245886067, 863.7648097581813, 906.4613746866374, 947.5983220638553, 985.7311770007367, 1023.415500416076, 1060.6380348572316, 1096.2451988169678, 1131.871910183801, 1167.559768237173, 1203.6178924663782, 1240.0773560404273, 1276.4414026516997, 1314.3836458600422, 1352.2990889693606, 1391.2407096064662, 1430.9867226101978, 1470.8682165056357, 1512.9167223195095, 1554.2575217546391, 1594.9803699767008, 1635.4328758075317, 1674.8059695770294, 1712.7068093712014, 1748.759822955692, 1783.2253463499064, 1816.036875783058, 1848.015479742562, 1879.3404510030414, 1909.7837968511262, 1939.9491057780428, 1970.0158449914347, 1998.1100826395]","[4.1857638, 4.1825747, 4.1804876, 4.1789913, 4.177731, 4.1767468, 4.1758413, 4.1751323, 4.1746206, 4.1740298, 4.1733999, 4.173203, 4.17277, 4.1722579]",3276.999927939723
10,0.5,1,45,"[0.0, 24.606043726313374, 59.73531093786835, 96.13896944228009, 134.8158883668067, 176.52286218608617, 223.70450680775616, 278.56990845737323, 337.9868285360518, 398.0877062570572, 456.4113581139469, 511.8457965023141, 566.3108434668092, 616.8141097460881, 666.9030632626956, 717.3615646855445, 766.8393488072999, 813.3368111155409, 857.9764973854677, 900.7583282233255, 941.4162425703952, 979.6151433961257, 1017.2544363196965, 1054.1311566001377, 1089.889656683099, 1125.4057073680497, 1161.2539146806607, 1196.9022385215226, 1233.5889361454701, 1270.0495955044917, 1307.4104188174042, 1345.2449699583544, 1384.4260959322746, 1423.867005539249, 1464.7290517695146, 1505.6295218857226, 1547.3960179569685, 1588.7574506653004, 1629.1229442707931, 1668.3246612312246, 1705.8846098388144, 1742.0402916017156, 1776.7417704480895, 1809.8263214549097, 1841.6836959234683, 1872.6824803489449, 1903.0581343459166, 1933.2234440064249, 1963.2479551816368, 1982.9372986743856]","[4.185921700000001, 4.1827321, 4.1805267, 4.1789126, 4.1777706, 4.1766286, 4.1758804, 4.1752505, 4.174542, 4.1741085, 4.1735182, 4.1730456, 4.1728487, 4.1724548]",3272.822719343396
11,0.5,1,45,"[0.0, 22.413270210017004, 57.645277755644315, 93.38192245532844, 132.07946954007593, 174.648464137293, 220.902878000771, 275.19998810450227, 335.431835104146, 394.1813219765644, 453.1845278362388, 508.64437755774577, 562.1058854218294, 613.4370280409117, 664.0666813850988, 713.2293960274441, 762.9183826163452, 809.274590328804, 854.4104536260116, 896.3562360768318, 936.9432091703103, 975.6098349025077, 1013.3656006619441, 1049.8548197804093, 1085.4921680108305, 1121.2647608359553, 1156.5507325021094, 1192.7246333334597, 1228.8443911436134, 1265.725035279761, 1303.0645659609954, 1340.7316022264513, 1380.0120556913303, 1419.2597756348769, 1459.7661836124234, 1501.8437261805857, 1542.5572712019675, 1584.2764306544268, 1624.6212235230682, 1663.7707419608, 1701.4435374644659, 1737.4402416656048, 1771.7342977874596, 1804.814507569754, 1836.9858546259316, 1867.9394782972931, 1898.5605621167228, 1928.4963658981242, 1958.6924154099556, 1983.4569395431872]","[4.1856852, 4.1826925, 4.1805267, 4.179109599999999, 4.1776524, 4.1766286, 4.1758413, 4.1751323, 4.1744628, 4.1739511, 4.1734786, 4.173203, 4.1726909, 4.1722975]",3268.384533950197
12,0.5,1,45,"[0.0, 31.78315187897033, 66.54016890886828, 102.23540254519344, 141.1985845967822, 183.35525808257, 230.0207273362546, 283.7615197687254, 343.61680707096843, 403.1619230750082, 461.5029464688864, 516.9264550561418, 570.5213888384646, 622.3471253628497, 672.2689985462348, 722.1644909094471, 770.373088819515, 817.6052787797146, 862.3412079714683, 904.9967532315052, 944.8094773382877, 983.8789200050978, 1021.2278996887012, 1057.4088605599736, 1093.262456170936, 1128.8639530306173, 1164.4684426988374, 1200.3134073231968, 1236.3186337364439, 1273.2626764070108, 1310.757933839403, 1348.5240684934822, 1387.6169961611693, 1427.0183090212354, 1467.938578492002, 1508.9595439384996, 1550.5990666574, 1591.5441189630367, 1631.9039008534385, 1671.3659181372125, 1709.0753091399763, 1745.4366083990255, 1779.8351732414137, 1812.7405522286365, 1844.411153467585, 1875.62133204953, 1906.049598962319, 1936.0491975934567, 1965.9116888978554, 1983.0418155197478]","[4.1858034, 4.1827712, 4.1807237, 4.179069999999999, 4.1778102, 4.1768255, 4.17592, 4.1752505, 4.174542, 4.1739116, 4.1735573, 4.173203, 4.1728878, 4.1725335]",3264.613157383899
13,0.5,1,45,"[0.0, 27.312624802007463, 62.59625819133714, 97.91876242314777, 137.27428725587458, 178.67749197653688, 225.0973781406891, 279.5580599841969, 338.4594666310368, 398.27534335972734, 456.4047947098844, 512.3474435654801, 566.0812578632839, 616.8783879471401, 667.2732466766164, 716.6991952222437, 764.6822591911463, 811.8627448256187, 856.6417221831892, 898.616076357439, 939.0438182789093, 978.0429639976461, 1015.1177174268138, 1051.8491408058794, 1087.947766037103, 1123.128692530699, 1158.7889706293126, 1194.6072415855374, 1230.3880360119392, 1267.1874068267034, 1304.6690325046052, 1342.675967454571, 1381.730610370741, 1421.450133859074, 1461.7234704335792, 1502.7288851108278, 1544.275559698904, 1585.6852009864865, 1626.1044181891757, 1664.9497739473813, 1702.729913024561, 1738.6943378266478, 1773.7539492658861, 1806.2071123288588, 1838.302901207186, 1869.4037667197463, 1899.7877037773897, 1929.894291134984, 1959.7268689868893, 1982.5750845188418]","[4.1858034, 4.1828504, 4.1805663, 4.179069999999999, 4.177888899999999, 4.1766286, 4.1758804, 4.1750932, 4.1746597, 4.1738725, 4.173636, 4.1729274, 4.1724939, 4.1724939]",3260.64781987264
14,0.5,1,45,"[0.0, 23.673400470320757, 58.98907732451869, 94.54940906639104, 132.54408513097815, 174.35467330657184, 220.72119786647568, 274.7822441442321, 333.1464876338363, 393.31010962370146, 451.9512083125577, 507.08720447275925, 560.8027290506733, 611.6036974729533, 662.0008082335431, 711.6130541272488, 759.8866811701429, 807.0504815069665, 851.2463091883059, 894.0482078402448, 934.126609445112, 972.313415293131, 1009.25452682511, 1046.2294184841203, 1082.248761104107, 1117.693691407244, 1153.1755176034326, 1189.1083075876122, 1225.659338951647, 1261.7697456374885, 1299.2729608207105, 1337.4447458025975, 1376.0859230297015, 1415.3769613992836, 1456.4840784296375, 1497.3491036542769, 1538.741341555436, 1580.0791658876233, 1620.8091547481158, 1659.995255190257, 1697.0773382218767, 1733.4669054354572, 1767.6680686482418, 1801.1534201753807, 1832.6163987690688, 1863.7332372353121, 1894.0113368130123, 1924.1214749063038, 1954.0685270978606, 1981.9161802556687]","[4.185843, 4.1826534, 4.180409, 4.1789517, 4.1777706, 4.1767864, 4.1759591, 4.1750145, 4.174542, 4.1739902, 4.173439, 4.1731243, 4.1727304, 4.1722579]",3256.766663996173
15,0.5,1,45,"[0.0, 34.031111886492454, 69.06754124333679, 104.64182046190899, 142.97167359716036, 184.32341923029617, 230.36833966253414, 284.16775643847757, 343.5908777240828, 403.67236409349016, 461.599545201095, 517.1405745211312, 570.4782750999154, 622.1900050084939, 671.7195383259257, 721.0564154152166, 769.7361089665028, 816.1972226799664, 860.1833102371695, 903.1090231361788, 943.1641433059724, 981.5901936249759, 1018.976029688228, 1055.6566156608176, 1091.301793480884, 1126.7406645407352, 1162.0846254428332, 1197.7619704334977, 1233.9388928087633, 1270.4976571989623, 1307.9869500547957, 1345.5125133067747, 1384.1981902116427, 1424.0262611390378, 1464.6542592461, 1505.7060359849552, 1546.9535164034914, 1588.7092675036529, 1629.0056492651274, 1668.0217321159544, 1705.6392110101133, 1741.876310079624, 1776.1863843936762, 1809.068203241195, 1840.870285981624, 1871.9246464612656, 1902.292770535786, 1932.2638114407637, 1962.151173604254, 1982.9372781313064]","[4.185843, 4.1827712, 4.1806059, 4.1791487, 4.177849299999999, 4.1768651, 4.1759987, 4.1752901, 4.1746597, 4.1738725, 4.1735573, 4.1731243, 4.1728091, 4.1723762]",3253.219672446698
16,0.5,1,45,"[0.0, 30.71385582152425, 65.73631819470688, 100.92973496560614, 139.0389522508657, 180.94115211387123, 226.76318414098478, 280.4774358266693, 339.5674975572455, 399.1060200975538, 457.0739961613598, 512.7827840975887, 565.8341242923221, 617.3242356693273, 667.3786084320767, 715.9706810134304, 764.468505130079, 810.8912551645634, 855.3656192484676, 897.5531410777822, 937.7749338938128, 976.021441722563, 1013.6230828463068, 1049.8357301763099, 1085.6351666707974, 1121.1638552385448, 1156.6794824789176, 1192.092152579292, 1228.0627872478008, 1264.810535562106, 1302.0153690593688, 1339.1551812001408, 1378.5350573720011, 1418.3226866991226, 1459.1665618358384, 1499.866856860237, 1541.4324632119856, 1582.59859132035, 1623.2626696341508, 1662.1253594924797, 1699.7174409963955, 1736.0792662708836, 1770.8259767262675, 1803.1805606050984, 1835.226768322484, 1866.0585892223748, 1896.5319241131688, 1926.5391698761068, 1956.5385887661714, 1982.4552115096708]","[4.1858034, 4.1826534, 4.180409, 4.1789126, 4.1775737, 4.1766682, 4.1759591, 4.1750145, 4.1744237, 4.1737146, 4.1733212, 4.1730847, 4.1726909, 4.1723366]",3249.43136089125
17,0.5,1,45,"[0.0, 30.121985396916102, 64.94238648106818, 100.22183893875479, 138.7531853854789, 180.3575929013797, 225.44411673815603, 279.2452603835611, 338.32830683988834, 397.68125372980023, 455.6444391647849, 511.0957731687538, 564.5281065429283, 615.3728556564549, 664.7756026490756, 714.5668331365598, 762.6157391760837, 809.1382361046228, 853.4515118022093, 895.7034689665923, 936.0668931904381, 974.6514283409663, 1011.5248826090751, 1047.936236175577, 1083.5285818626312, 1119.3048041437876, 1154.7839434006128, 1190.311119058176, 1226.465790258021, 1263.0405361866844, 1300.0123023946328, 1338.1556137782738, 1376.581834875948, 1415.9558952265972, 1456.5891385769082, 1497.9243939859052, 1539.566248355472, 1580.627973108969, 1621.154063240776, 1659.8497680027012, 1698.1635270608026, 1734.2923112688304, 1768.5722441367566, 1801.4773446948643, 1833.4803538942956, 1864.3351773356903, 1894.8470653341528, 1924.8430258775466, 1954.6209420942423, 1981.790280955946]","[4.185724700000001, 4.1825747, 4.1804481, 4.1789126, 4.1776133, 4.1765499, 4.1757622, 4.1750145, 4.1743841, 4.1739511, 4.1733603, 4.1728487, 4.1726518, 4.1721396]",3245.920913306206
18,0.5,1,45,"[0.0, 25.026244200156384, 60.19139130496683, 95.05690063791087, 133.5702928363321, 174.22892336596828, 220.60751268976082, 273.47013248976793, 332.08698350466875, 392.2627422829663, 450.35171210339684, 505.94168132018524, 558.3756721431542, 610.0026022307455, 659.3372691389965, 708.301528850105, 756.9280718210035, 803.0242120899003, 847.7862087347813, 890.0280292397334, 930.0632046124402, 968.2825725409488, 1005.5093717400563, 1041.5569805315458, 1077.2331360029298, 1112.8677633719176, 1148.3561398912675, 1183.873800003987, 1219.625011890888, 1256.136478190565, 1292.9468287787581, 1331.2175441316695, 1369.7985091348573, 1409.7112202886542, 1450.2191124656397, 1491.4871436099347, 1533.1524455027638, 1574.1246902738817, 1614.3913738264641, 1653.6514771219076, 1691.2286466539254, 1727.0544124824555, 1761.487242802893, 1794.6635543354628, 1826.502396354856, 1857.5667908758237, 1887.8884727193258, 1917.8651711900397, 1947.7323426686376, 1968.205021883272]","[4.1856852, 4.1824169, 4.1804481, 4.178833999999999, 4.1774163, 4.1765103, 4.1754866, 4.1748567, 4.1742663, 4.1737146, 4.1733999, 4.1729274, 4.1725335, 4.1721792]",3242.051609791261
19,0.5,1,45,"[0.0, 22.14957364688678, 57.04524629549155, 92.25665635383336, 130.0582255361121, 171.23248595308132, 217.10073719994296, 270.1508828057797, 328.90604904559723, 388.38063089941534, 445.74018034568155, 501.6842418985419, 555.1276270640113, 605.6915282107192, 655.1128698046608, 704.7481476688423, 752.3974058624327, 798.957359990697, 843.1303430655911, 885.4313984892302, 925.472601407142, 964.111212659618, 1001.333762500546, 1037.5198080775667, 1073.056488807974, 1108.686010995289, 1143.9349064054109, 1179.1674472216414, 1215.3160156944105, 1251.4918168640543, 1288.6573045330374, 1326.9517261848082, 1365.5661498715403, 1405.030351494721, 1445.9294666536402, 1486.8475411313239, 1528.821823113492, 1569.6464606731643, 1610.1533021539453, 1649.2896913589493, 1686.8728833261598, 1723.2080660391207, 1757.235671113901, 1790.4561169095673, 1822.259001952264, 1853.195652310278, 1883.7009498658763, 1913.5776817234828, 1943.14186609448, 1967.4926957111302]","[4.185921700000001, 4.1827712, 4.1805663, 4.1790309, 4.177731, 4.1767864, 4.17592, 4.1750932, 4.1744237, 4.1739511, 4.173439, 4.1730061, 4.1726122000000005, 4.1723366]",3239.02486494914
20,0.5,1,45,"[0.0, 30.80511402937009, 65.67734693289674, 100.69690428703359, 138.72034861436305, 179.60286098261088, 225.3480611681265, 277.82047957255224, 336.70812601180694, 396.38366269498863, 453.96092480737616, 510.0210658166932, 563.169016554478, 613.9997798693926, 663.7486690162598, 712.3485925575703, 760.1400896624209, 806.9039133804279, 851.0291873151189, 893.4011524548876, 933.4002962954587, 971.7179884259547, 1008.7843828544346, 1045.064783487286, 1080.3054879081446, 1115.9937875783587, 1151.5508548434298, 1186.9632643741975, 1223.1186720698634, 1259.7301031529817, 1296.990056797616, 1334.4305792753441, 1373.0682936341605, 1412.4692295704867, 1453.5866439280212, 1494.5714699262458, 1535.3730131337934, 1577.028941319577, 1617.3812625547307, 1656.3745327306933, 1694.16566011635, 1730.3584204727285, 1763.5445933249466, 1798.099901895359, 1828.0353874072125, 1859.684504468662, 1890.5404682529388, 1920.5136088763984, 1950.1922075242596, 1976.616239546374]","[4.1856461000000005, 4.1824956, 4.180409, 4.178754799999999, 4.177495, 4.1765499, 4.1758413, 4.1749353, 4.1743841, 4.173793799999999, 4.1732421, 4.1728091, 4.1724153, 4.1721396]",3235.081014384767
21,0.5,1,45,"[0.0, 31.214914642430813, 65.68393627351759, 101.14054439644133, 138.6652396292144, 179.9852159635625, 224.91100329779385, 278.066305992627, 336.61649054739735, 396.02865706289447, 453.6929679978648, 509.3723777678599, 562.5314132119881, 613.5634713261663, 662.5949022474358, 711.668991833782, 760.0667389215766, 806.1628831135286, 850.2826792141334, 892.3102138782533, 932.1125240379199, 971.0696833470074, 1008.0430627611108, 1044.179817541731, 1079.7993765363192, 1115.0515763891956, 1150.8091773342528, 1185.8776645623573, 1222.236280982674, 1258.1572879470878, 1295.5906162059523, 1333.1386662463917, 1372.2483867238327, 1411.3925224487964, 1452.0772921255011, 1493.569259122712, 1534.6522167179387, 1575.4935917384264, 1616.0020045225124, 1654.9939441771862, 1692.953906589234, 1728.9379651462173, 1763.7424592335988, 1796.2910137451627, 1827.821676940442, 1859.0721663220365, 1889.1572696750768, 1919.0541111178754, 1948.7878542664535, 1967.3813943578411]","[4.1856065000000005, 4.1822991, 4.1802511, 4.178637, 4.1772981, 4.176274299999999, 4.1755657, 4.1747384, 4.1741085, 4.1735182, 4.1730847, 4.1728091, 4.1721396, 4.171864]",3231.8772518035216
22,0.5,1,45,"[0.0, 26.223063263354334, 61.13270602723924, 95.83378343459287, 133.7980000837009, 174.50783928309227, 219.73872693490523, 272.27119197823504, 330.9834166054304, 390.633207400061, 447.6799022848834, 503.63656204988956, 556.256009091858, 607.0569126542396, 656.363787521035, 705.7070599941974, 752.8550510784512, 799.1488808410315, 843.7468355336914, 885.6612196016497, 925.6635738309915, 964.1058455407474, 1001.1820624440186, 1037.2868271495433, 1072.4985784659289, 1107.4853494970944, 1143.143404098977, 1178.8300010123526, 1214.6642763267978, 1251.2140615941655, 1288.1726595274235, 1325.766174489991, 1364.5538359548448, 1404.500020623591, 1444.8802065197249, 1485.7396507327041, 1527.1302089621051, 1568.7058108850117, 1609.3838817161675, 1647.793918769463, 1686.0359407709036, 1721.4149798287083, 1755.952897577458, 1789.0119990778041, 1820.9418099972447, 1851.8202719136832, 1882.0314883191152, 1911.7997314498887, 1941.4445669403842, 1966.985830709499]","[4.1854491000000005, 4.1823382, 4.1802907, 4.178754799999999, 4.1774554, 4.1763926, 4.1755657, 4.1748176, 4.1740694, 4.1735573, 4.1732421, 4.1728091, 4.1723366, 4.1719823]",3228.810362205945
23,0.5,1,45,"[0.0, 22.732335721044024, 57.89634121886786, 92.29916434109668, 130.25364002704555, 171.18498738570713, 215.97368740916966, 268.21345061343936, 327.1754405546567, 386.07868320936404, 443.94544810408615, 499.2006232856031, 552.4706309041558, 602.8681018084405, 652.2544757169221, 701.3488477490503, 748.7139262232004, 794.5845793787619, 839.6695323336746, 880.9392405805761, 920.6828004849697, 959.2947462974546, 996.100068731047, 1032.2387651513725, 1067.6876721600006, 1102.7780626020312, 1138.3372336259145, 1173.6692703721405, 1209.3104047314814, 1246.0325622320634, 1283.629611219744, 1320.7672243385969, 1359.720613964805, 1399.324384901756, 1439.4408752320317, 1480.7756464601557, 1522.1648280234235, 1562.7483023361606, 1603.543382658926, 1643.0908367832867, 1680.400495133701, 1716.7344576856972, 1750.6957270477847, 1783.6493925108662, 1815.6857799170298, 1846.617881986162, 1876.8826761275714, 1906.613118603956, 1936.57327689968, 1953.600892201811]","[4.1855278, 4.1824169, 4.1803303, 4.178637, 4.1774554, 4.176353, 4.1754866, 4.1748567, 4.1741481, 4.1735969, 4.1731243, 4.1727304, 4.1724153, 4.1720219]",3225.894789042155
24,0.5,1,45,"[0.0, 22.841763823071688, 57.27371836921429, 92.87252195760095, 130.36138985920797, 170.8115152478465, 215.5523855998722, 268.003088496906, 326.737952012801, 385.73209735367584, 443.3057019850935, 498.5203298803058, 551.5269201924225, 602.7060640002071, 651.984790474143, 700.1414137687952, 748.2252014462777, 794.4063322492389, 838.7744182762331, 880.3735480802104, 920.354337879367, 958.4601232884843, 995.4894050831124, 1031.2892437067603, 1067.0737227269353, 1102.5381882683805, 1137.9963474703413, 1173.1738065746947, 1209.216333809053, 1245.1137543538928, 1282.2225203497344, 1319.8891179099192, 1358.3798938445682, 1398.0781168390579, 1438.5814359133685, 1479.9069990399225, 1521.250078332862, 1562.3011559102024, 1602.5526675113783, 1641.9652665576382, 1679.564796699055, 1715.872366515649, 1750.0353749644487, 1783.1637044932345, 1814.7659132368376, 1845.8002321785825, 1875.946179901313, 1905.766392573954, 1935.5733120270156, 1952.32294459398]","[4.1856852, 4.1823778, 4.1802907, 4.1786761, 4.1773376, 4.1763926, 4.1754475, 4.1748962, 4.1740298, 4.173636, 4.1730456, 4.1726909, 4.1722975, 4.172061]",3222.903818527697
25,0.5,1,45,"[0.0, 35.059663354003305, 69.9438349978592, 104.62583714830203, 141.88887214506497, 183.10161076140037, 227.3117896217817, 280.0781217700322, 337.9583384178651, 397.2041638976814, 455.20329356435127, 509.8297315465311, 563.0397805665684, 613.7273590626585, 662.5757483799762, 710.8451978343062, 759.3097271454408, 805.266955787173, 849.4453960217124, 891.6444010974376, 930.5585662484712, 969.4068114924569, 1006.1651116007454, 1042.3369081922835, 1077.308685578659, 1113.318225454008, 1148.3002201446166, 1183.6543052909146, 1219.4395900253653, 1255.8085475534833, 1293.4833476462952, 1330.9322611661673, 1369.1393905106945, 1408.7353564881944, 1449.4038655780837, 1490.5300669644305, 1531.7527671343958, 1572.918052934058, 1613.5575975592276, 1652.6788432683336, 1690.8587633736504, 1726.5038465332243, 1760.6072251838316, 1794.14110669847, 1825.4309359555798, 1856.5237754892125, 1886.6305033286956, 1916.365879553705, 1946.227902597466, 1967.4602426392282]","[4.1855278, 4.1824169, 4.180212, 4.178637, 4.1773767, 4.1764712, 4.1754475, 4.1746993, 4.1740298, 4.1735969, 4.1730847, 4.1725731, 4.1722183, 4.1718249]",3219.881377365857
26,0.5,1,45,"[0.0, 21.366463856926657, 55.60176383394287, 90.75605137341881, 128.613127959787, 168.99779562725644, 213.49616714182469, 265.17623017975836, 323.4676017180543, 383.6138221877444, 441.36095935269293, 496.451585089353, 548.7967925826839, 599.5379134666322, 648.1420599339887, 697.06724795714, 744.1922674434694, 790.8812140611559, 835.1526538014522, 876.2184266857768, 916.4927264401609, 954.6586276931554, 991.6170075923052, 1027.8225855391292, 1063.5603903245556, 1098.36722030906, 1133.7052581562152, 1169.1116202251937, 1205.0614609575, 1241.541152505196, 1278.33796403088, 1316.4648212667248, 1354.6653650730227, 1394.307414718951, 1434.4989685566752, 1475.6768401283443, 1517.0392733197718, 1558.0260586475079, 1598.3908111652768, 1638.0086098079623, 1675.4608547181856, 1711.5261618185777, 1746.1762147150494, 1778.6222005089498, 1810.3698970675223, 1841.49555118414, 1871.6914004569167, 1901.5844746178614, 1931.22270275764, 1952.8152845680079]","[4.185488200000001, 4.1822596, 4.1802511, 4.1785975, 4.1772981, 4.1761956, 4.175368799999999, 4.1746993, 4.1740694, 4.1733603, 4.1730456, 4.1726122000000005, 4.1722183, 4.171942700000001]",3217.55095331068
27,0.5,1,45,"[0.0, 30.661706324144916, 65.42951395850218, 99.92479659657295, 137.776686667567, 178.11469958214082, 222.77217462863996, 275.0140874622723, 331.7397580431118, 391.5601657037546, 449.5224672167658, 504.07774960208644, 557.4225358290641, 608.0341475834416, 657.3170250176033, 705.5392387667214, 753.1056075419217, 799.2270305798565, 842.9372924768716, 884.9861938067163, 924.588619431765, 962.5807304633843, 999.8771862739125, 1036.0391454281794, 1071.4648721519316, 1106.3687566839938, 1141.5585657473282, 1177.401335411333, 1213.3706791441202, 1249.3123744362633, 1286.050256392162, 1324.2585687684877, 1362.6127670279755, 1402.038065376581, 1443.0962103550062, 1483.5049277598732, 1525.0125037337461, 1566.227307542203, 1606.6527108029677, 1645.6367129669534, 1683.4254836917016, 1719.569367040268, 1753.4777767457113, 1786.6560851646218, 1818.5721367001051, 1849.555531220507, 1879.6167690175103, 1909.0544834119082, 1939.2373198068608, 1966.671431631808]","[4.1853704, 4.1821413, 4.1801724, 4.1785583, 4.1773767, 4.1761956, 4.175368799999999, 4.1745811, 4.1739902, 4.1733603, 4.1730061, 4.1725335, 4.1720219, 4.1716671000000005]",3214.510963423394
28,0.5,1,45,"[0.0, 26.050957542815695, 61.08611537917784, 96.0670213155895, 133.10786820732676, 173.3535968656388, 218.3529222976896, 269.31828358218524, 327.3664497954645, 386.38020700515585, 444.76333108269864, 499.83255373011934, 552.6222966089479, 602.8871936284124, 651.5984533249841, 700.3612369899081, 747.8884254452571, 793.6987996744024, 837.4696112109054, 879.1440886533524, 919.3576897461562, 957.5927170771006, 994.3042414093491, 1030.2898913866948, 1065.626468121919, 1100.5370601067143, 1135.7326987241613, 1171.4815436581925, 1207.1575994915272, 1243.2695135527986, 1280.4824457763675, 1318.321493795033, 1356.3909313104696, 1396.256942650551, 1436.4394924308256, 1477.3597667057525, 1518.921667411873, 1560.0868968974664, 1600.649143389217, 1640.075533800547, 1676.9524306022786, 1713.6129054567232, 1747.4162945620265, 1780.4264350864237, 1812.2988099633244, 1843.179609755955, 1873.5217404266318, 1903.1983278164448, 1933.029655978934, 1953.3436151135243]","[4.1854491000000005, 4.1822596, 4.1800938, 4.178518799999999, 4.177179799999999, 4.1761169, 4.1754079, 4.174542, 4.1738725, 4.1733212, 4.1729665, 4.1724939, 4.1720219, 4.1715884]",3211.341872550997
29,0.5,1,45,"[0.0, 27.64152310277359, 62.684580142920026, 97.31428499550793, 134.01452402461325, 174.5175354122989, 218.34838999886608, 270.5663483687857, 328.75036299423266, 387.4887389477112, 445.0622388586355, 500.4225364380302, 553.6842315580461, 603.8915002974622, 652.38677495089, 701.1272840177035, 747.8942269121244, 793.9808429930492, 837.9613679319732, 880.1611496199027, 919.597875911204, 957.5983123036217, 994.2308450956054, 1030.882087907251, 1065.9974659010559, 1101.0785343827372, 1135.9648979152823, 1171.600876879352, 1207.8774369052182, 1243.519310408951, 1280.4726197151444, 1317.9730780372252, 1357.2084566232752, 1396.319470160937, 1436.4425419090003, 1477.4224592544829, 1518.7847766511009, 1560.2387282513582, 1600.663542447804, 1639.8846304152635, 1677.2097612534817, 1713.3938774965254, 1747.9230045838722, 1780.531498629106, 1812.2640620406191, 1843.2189955725134, 1873.5495184831507, 1903.2202421420416, 1932.9862589667187, 1952.7817159122033]","[4.185488200000001, 4.1822596, 4.179975499999999, 4.178518799999999, 4.177219399999999, 4.176313899999999, 4.175211, 4.1746206, 4.1740694, 4.173439, 4.1730847, 4.1724939, 4.1721396, 4.1716671000000005]",3208.3899940082483
30,0.5,1,45,"[0.0, 25.403409384193196, 59.76152660909452, 94.61988624304195, 131.78703480945353, 172.46879712292616, 216.30195566596808, 267.3842746284556, 325.26421935295537, 384.5294513033564, 442.5956340679469, 497.20288354159004, 549.7387419844032, 600.4074205321039, 649.2703596370117, 697.9653242131066, 744.7219888829806, 790.5701214703098, 834.3136545368076, 876.6673101550397, 916.3918951191548, 954.6313152137667, 991.2134351854805, 1027.1605036031833, 1062.7613269904432, 1097.296317297466, 1133.162015385074, 1168.1182808711537, 1204.2534786524761, 1240.1285290726014, 1277.0532949386607, 1314.7052777743042, 1353.6321038873957, 1392.635665205863, 1432.6405688423365, 1474.1741185480287, 1515.6745118597569, 1556.3580792234084, 1596.9543616070546, 1636.156481570118, 1673.7523098756988, 1709.8576494878575, 1744.016542670418, 1776.762738715841, 1808.5267890659384, 1839.5606834680402, 1869.8476126866926, 1899.5850523354447, 1929.2579136781533, 1952.7010807075344]","[4.185488200000001, 4.1823778, 4.1803694, 4.178518799999999, 4.1772585, 4.1762347, 4.1754475, 4.174778, 4.1741085, 4.1734786, 4.1730061, 4.1725335, 4.1721396, 4.1718249]",3205.827232577717
31,0.5,1,45,"[0.0, 23.23549700616104, 57.65206689620982, 92.47632999219036, 129.80205106207427, 170.12569810948548, 213.91905384273093, 265.6104980787361, 322.9602378966987, 382.3850647265864, 439.61971136902537, 494.9745817012416, 548.1434245440229, 597.2883008579976, 646.3928610694919, 694.6199061039439, 741.8198905835415, 787.6947307281379, 831.7803969286248, 873.5493639974976, 913.2109518945398, 951.5099791197769, 988.4004218506733, 1024.0807378996851, 1059.3767447706032, 1094.7294643821751, 1129.5128916308554, 1164.8870524600184, 1200.437232734851, 1236.9253757164552, 1273.9265394709137, 1310.9425765358505, 1349.7992831237011, 1388.9525476248086, 1429.7287787317255, 1470.4669276980208, 1512.034574367352, 1553.105886672004, 1593.0606381901393, 1632.6043656073289, 1670.3672814721326, 1706.4343357842267, 1740.6543411436805, 1773.45631832045, 1805.3192020940828, 1835.9742471630857, 1866.3185351767952, 1896.1289790340902, 1925.7521313978941, 1952.2815075646295]","[4.1854095, 4.1824169, 4.180015099999999, 4.1784005, 4.1773376, 4.1761956, 4.175211, 4.1745811, 4.1738725, 4.1733212, 4.1727304, 4.1724939, 4.1721792, 4.171628]",3202.968080152589
32,0.5,1,45,"[0.0, 23.593234599259404, 58.26748508545154, 92.6025236169429, 129.46948597887138, 170.14441002312924, 213.94279485750553, 264.82883869507737, 322.5472424091338, 382.15727847297705, 439.26255053109617, 493.988091124412, 546.9595796184167, 597.9225908347319, 646.3495016052568, 694.753276423746, 742.003932554811, 787.8772023597571, 831.3693229057326, 873.147355586279, 912.9649576347954, 950.982787715202, 987.7215924873228, 1023.5243193016418, 1059.3876010236038, 1093.7502072634245, 1129.069625905547, 1164.4950970779482, 1200.0452234564116, 1236.055221239768, 1273.2237062502727, 1310.8082557401237, 1349.173597456424, 1389.1185534171998, 1429.2121215585198, 1470.2160344335323, 1511.583282735088, 1552.6572727793894, 1592.88209146329, 1632.3327245330154, 1669.9981347394894, 1705.5344444603854, 1739.863395512987, 1772.9164274198467, 1804.7112967808223, 1835.4211307246148, 1865.6507368972973, 1895.4112563430233, 1924.8607119656597, 1951.2817323217098]","[4.1854491000000005, 4.18222, 4.1800938, 4.1784401, 4.1772981, 4.176313899999999, 4.175368799999999, 4.1745024, 4.1738725, 4.1733212, 4.1729665, 4.1723762, 4.171942700000001, 4.1716671000000005]",3200.670780156792
33,0.5,1,45,"[0.0, 31.21431425965102, 65.72392810882138, 101.23196903075097, 137.69948266327492, 178.01013863704782, 221.8057210247464, 272.48034269557957, 330.41811805053203, 388.8354394292296, 446.4183518248518, 501.3576097764784, 554.172474370438, 604.4318983390714, 653.5383048619645, 701.4358955403205, 748.7643434806288, 794.4277358637927, 838.144331788529, 879.7808782520525, 919.3510094730276, 957.8054672318846, 994.4121316376467, 1030.0771623636674, 1065.2445375681114, 1100.575713783474, 1135.2127838289107, 1170.7565377547407, 1206.5791029880893, 1242.6352766336286, 1279.3073027626651, 1317.09381915196, 1355.8501439805318, 1394.7154158590506, 1434.876539681396, 1475.985353318637, 1517.4246953659126, 1558.6546510253224, 1599.2146194985776, 1638.395009624925, 1675.504051880946, 1712.0629556510244, 1746.2202148348524, 1779.0740719507007, 1810.7505963181056, 1841.760154636524, 1871.8260043163318, 1901.6379074498832, 1931.2436898303845, 1952.5126455182576]","[4.185488200000001, 4.1821413, 4.180015099999999, 4.1783614, 4.177219399999999, 4.1760774, 4.1753292, 4.1743054, 4.1737146, 4.1732421, 4.1727304, 4.1722579, 4.1719036, 4.1715884]",3197.794193546007
34,0.5,1,45,"[0.0, 33.187126467051826, 67.44268235086417, 102.5943617022325, 139.34318916355392, 179.50641292865998, 222.68131288331017, 273.833913707344, 331.2096769312044, 390.324101615273, 447.3317659362601, 502.7517265625181, 555.6585336857702, 606.0355097762786, 654.0379471677666, 701.9548632826561, 749.6327048449975, 795.4547408810017, 838.9251480476885, 880.5020809927853, 920.3132901575507, 958.1992201013736, 995.1836357202219, 1030.8425713891468, 1066.0319380977337, 1101.3329132741378, 1136.0660461005882, 1171.5457407911401, 1207.149593823762, 1243.0837433932318, 1280.2733794542125, 1317.9054520832956, 1355.8645085855017, 1395.5206240233776, 1436.0771630419877, 1476.9117767465148, 1517.9034401136175, 1558.7184953411227, 1599.7980264835826, 1638.8031452012135, 1676.719159742973, 1712.8196030408283, 1746.6091741252137, 1779.833041057648, 1811.7686627810915, 1842.5535892278042, 1872.7489424406847, 1902.3894491509488, 1931.8898106325203, 1951.6628889501942]","[4.1854095, 4.1821809000000005, 4.1801333, 4.1784792, 4.1772585, 4.176156, 4.175211, 4.1745811, 4.1740298, 4.1733212, 4.1728487, 4.1724548, 4.171864, 4.1716671000000005]",3195.153349999454
35,0.5,1,45,"[0.0, 31.394703791853658, 66.04462755148802, 101.17498575568504, 137.44415441915248, 177.73616310043167, 220.8980878451871, 271.7577545405318, 329.6159235243076, 388.77384031097813, 445.83195335487744, 500.58221606086727, 553.4699900510395, 603.7396018169616, 652.341143751473, 699.6290203740891, 747.2218502768644, 792.9984032906418, 836.5061716083053, 878.1631596356863, 917.9932346999901, 956.0228034007584, 992.4523999290996, 1028.7151825198514, 1063.9759920023544, 1098.7059925043748, 1134.157223944823, 1169.1510880667736, 1204.818133221215, 1240.6740324522423, 1277.534989783158, 1315.250063780541, 1353.8876228330098, 1392.6875019313572, 1433.2194607876354, 1474.3292662604904, 1515.9441607096346, 1556.8103593765886, 1596.8233365116353, 1636.6606697926013, 1674.0798928094, 1709.988322043433, 1744.2520731063273, 1776.799077654296, 1808.839338982436, 1839.9085502755315, 1869.8303932226827, 1899.7070805580588, 1929.3416101562884, 1951.859863149548]","[4.1854491000000005, 4.1823382, 4.1800547, 4.1783614, 4.1770225, 4.1759591, 4.1751323, 4.1744237, 4.1738329, 4.1733212, 4.1728487, 4.1722975, 4.1720219, 4.1715493]",3192.493751001383
36,0.5,1,45,"[0.0, 27.91241694506914, 62.836775159854255, 97.34066153391598, 134.20487742757655, 173.61779623382733, 217.3228496060749, 267.96767858822034, 325.33263205601486, 384.25543620898543, 441.4570609527501, 496.72424297397345, 549.1811093209095, 599.3374907214433, 647.4259073178342, 695.3705505116544, 742.1345113908097, 788.3404847805124, 831.7129414030081, 873.8656767182246, 913.0808636250412, 951.4074004378614, 988.2052619482557, 1023.6873433831164, 1059.4647790014342, 1094.0770251980312, 1129.1288921215287, 1164.1947060332418, 1199.7761891714495, 1235.8443260082277, 1272.7096168390262, 1310.2159956810115, 1348.4316696304822, 1388.1224613772933, 1428.536870649802, 1469.3332882450804, 1510.9987976661841, 1551.6637293431713, 1592.2389257014038, 1631.3420440534073, 1669.3703714919889, 1705.4357808218497, 1739.6694532271804, 1772.3871849122934, 1804.2377416185136, 1834.9547562424614, 1865.196289745586, 1895.0006494527338, 1924.434379821832, 1951.962826433988]","[4.1854095, 4.1822596, 4.1800938, 4.1783614, 4.177179799999999, 4.1761169, 4.1752505, 4.1744628, 4.1738725, 4.1732421, 4.17277, 4.1723762, 4.172061, 4.1716671000000005]",3190.149532919107
37,0.5,1,45,"[0.0, 27.62917220369252, 62.195896393861176, 96.9885334864938, 133.6905937977897, 173.50726440040216, 216.6453323668734, 267.3344320667496, 325.0605457457175, 383.4606051656672, 441.2695948289006, 495.84908791809323, 548.587822878685, 598.7571170581997, 647.4923454309079, 695.0946288971528, 742.673333965908, 787.6383857765853, 831.6032615621508, 873.0538071739619, 912.7870595873882, 950.6430818869359, 987.2071980565032, 1023.1315950034369, 1058.0866356010179, 1093.3710203159467, 1128.5110322727578, 1163.0593390961744, 1198.8913276045273, 1235.3907924195646, 1272.1314697406924, 1309.4585857319448, 1347.8928239152133, 1387.3916858945472, 1427.3275075610027, 1468.2869981650383, 1510.0814618828304, 1551.1301979014934, 1591.046204137292, 1630.690450460966, 1668.500708427522, 1703.7832455199718, 1738.1809779548526, 1771.0491823880634, 1802.9617739551504, 1834.0411465215825, 1863.9879742810172, 1893.6447291395443, 1923.1811546985882, 1951.8483722285282]","[4.1854491000000005, 4.1822596, 4.180015099999999, 4.1783614, 4.177062, 4.1759987, 4.1751719, 4.174542, 4.1739116, 4.1733212, 4.1726909, 4.1723366, 4.171864, 4.1715884]",3188.059645613338
38,0.5,1,45,"[0.0, 26.521831303701106, 61.3547463518064, 95.63558914093483, 132.44094630061863, 172.18086296746935, 215.16965539880562, 265.6599866258499, 323.04384018525786, 382.3365129748354, 438.82863208560684, 494.37602032233144, 546.8413644779946, 597.2288616184792, 645.2218490623625, 693.2837985316064, 740.3047239946716, 785.4686632116764, 828.9216264200581, 870.8723956137969, 910.3940655886436, 948.5645860948641, 985.225755057676, 1020.8434587003458, 1055.9561906346632, 1090.899631225116, 1125.7087810711216, 1161.5074011345935, 1196.9992586400306, 1232.644340856028, 1269.307436783032, 1306.7532441105116, 1345.235323075783, 1384.484333482094, 1424.6380435748288, 1465.9093518289735, 1507.2764001978235, 1548.1621181669075, 1588.8926390487518, 1628.166360361, 1665.4984982617648, 1701.881179335027, 1735.8531306987043, 1768.827141967578, 1800.2713047577317, 1831.6251757591772, 1861.506210258924, 1891.0512374297423, 1920.741465699557, 1938.1140466413049]","[4.185488200000001, 4.1820626, 4.1798968, 4.1782432, 4.1769829, 4.1759987, 4.1748567, 4.1745024, 4.1737146, 4.1730847, 4.1725335, 4.1720219, 4.1717458, 4.1715097000000005]",3185.6610891928462
39,0.5,1,45,"[0.0, 35.88798221674813, 71.02630528560553, 105.13262313439134, 142.12494035906502, 181.337391551039, 225.04463824859988, 274.55435435597667, 332.29487432152166, 391.18977064081696, 448.14358208127567, 502.87339951153444, 555.5273413649438, 606.2014700424518, 654.3030004876478, 701.751734945771, 748.6832485228556, 794.1033363838533, 838.1051633593604, 879.5299395041295, 919.6163999608161, 957.0732700369515, 993.7693911960585, 1029.5039744149863, 1064.8306827634615, 1099.8323928999403, 1134.0690800893624, 1169.8489871817776, 1205.513385962896, 1241.28169567222, 1277.6391911699154, 1315.6010577539505, 1354.004864358576, 1393.2916358315897, 1433.5210418970037, 1474.4716664367818, 1516.221059130022, 1557.1453848709268, 1597.4957232138433, 1636.778566323603, 1674.8294161422111, 1710.301375190524, 1744.5050195837114, 1777.5580825652398, 1809.441596619664, 1840.231719338957, 1870.3411096418483, 1899.7755070010141, 1929.5463460961807, 1951.6670882552742]","[4.1853309, 4.1819839, 4.1799364, 4.178164499999999, 4.1767864, 4.1758413, 4.1750536, 4.1741872, 4.1735969, 4.1730061, 4.1726518, 4.1721396, 4.1716671000000005, 4.1713128]",3183.0801674513064
40,0.5,1,45,"[0.0, 23.16096036277372, 57.49188438580825, 92.4078474539906, 129.53001487218023, 168.91882810541176, 212.0314319126453, 261.7333898520387, 319.5511938804599, 378.0221602290118, 435.5004791532971, 490.4166038146226, 542.8294936614681, 592.4747179329628, 640.7989967648388, 688.6588307650269, 735.5465532537779, 780.865469273418, 824.979755686826, 866.1219554261705, 905.8345980687512, 943.8661115587503, 980.0682902533564, 1015.9815054614595, 1051.1439356395394, 1086.1164085208611, 1121.1805608968925, 1156.3907049735753, 1191.705449259321, 1227.7012763991129, 1264.4098986343529, 1302.1746000485145, 1340.3626875022755, 1379.8323185621011, 1420.1448168249967, 1461.1494612327974, 1501.682813060172, 1543.168283779834, 1583.7939633248907, 1622.6864748237776, 1660.5168947127304, 1696.4684385079477, 1730.7510587650859, 1763.5338085153153, 1795.3016260153381, 1826.2776990186098, 1856.2865890636067, 1885.976147207945, 1915.5578728837672, 1937.0734374515787]","[4.1851735, 4.1819444, 4.179779099999999, 4.1780462, 4.1767864, 4.1757231, 4.1748567, 4.174345, 4.1735969, 4.1730456, 4.1724153, 4.1721792, 4.1716671000000005, 4.1713915]",3180.6142676510967
41,0.5,1,45,"[0.0, 35.52435754298665, 70.4269194929301, 104.80699653854458, 141.35386256274194, 181.247844893889, 224.4703666648753, 273.5461472379417, 331.9763766082832, 389.7879464432759, 446.7896634602831, 502.46633099249505, 554.7615991916103, 604.5854643564279, 652.7303151817495, 700.042993452806, 747.2470169212819, 792.9617109070799, 836.708448075677, 877.3854713067336, 917.3726075642347, 955.1726928097279, 991.5014816967877, 1027.5954363818487, 1061.9606255419571, 1097.2129138835521, 1132.287742171326, 1167.7620031052284, 1203.260165778403, 1239.0719024987234, 1275.7302038832245, 1312.9100800238848, 1350.973620073657, 1390.7277450525444, 1430.8264586766777, 1472.2592658490448, 1513.2352761324246, 1554.34723590354, 1594.5088982637653, 1634.0814821925283, 1671.5949078586345, 1707.2304214101882, 1741.6032925646573, 1774.5029275929019, 1806.3837410604774, 1836.9882834306372, 1867.2868235778328, 1896.8070395568675, 1926.4349327418618, 1951.6706737504069]","[4.1851339, 4.1818657, 4.1798577, 4.1782036, 4.1767864, 4.1758413, 4.1748567, 4.1743054, 4.1735573, 4.1729665, 4.1725335, 4.1718249, 4.1715493, 4.1711159]",3178.316863281792
42,0.5,1,45,"[0.0, 32.52643758622878, 67.49350113051298, 102.21790872060683, 138.3825744787847, 177.82913388664997, 220.98866985810116, 270.6310211985452, 327.77404733477647, 386.6144720300655, 443.8834124583228, 498.49025296915397, 551.223587546594, 601.4397696855524, 649.4100897314956, 697.2854915234002, 743.7974763430348, 788.9070577433208, 832.2025347448532, 874.5995585774822, 913.5478909317076, 951.2143377035, 988.0641211856002, 1023.5288476978174, 1058.4189909926638, 1093.4782642374792, 1128.3355683530028, 1164.1129734449542, 1198.9796109147155, 1235.3927325834848, 1271.5859644272748, 1308.7168406872242, 1347.4041207639914, 1386.682033910393, 1426.3262464880518, 1467.7296565559825, 1508.770808273325, 1550.1255091156966, 1590.6140485732833, 1629.873244331319, 1667.2408765158254, 1703.6540330810938, 1737.5808262818634, 1770.3748459704332, 1801.9688845868034, 1832.6677067157618, 1862.9436494551471, 1892.4334871218541, 1922.0770303750262, 1950.4528450975197]","[4.1853309, 4.1819444, 4.1798182, 4.1780462, 4.1769829, 4.1757231, 4.1750145, 4.1742268, 4.1734786, 4.1730456, 4.1724548, 4.1721005, 4.1716671000000005, 4.1712341]",3176.145363336856
43,0.5,1,45,"[0.0, 33.50367141259062, 68.67050649623263, 103.01445341934743, 139.01306340223027, 178.8618523714365, 221.57818790405997, 271.3164011539734, 327.6005803973836, 386.4661839940303, 443.59915035988615, 498.5479472711688, 551.0387636522687, 600.5972215265338, 649.2416533508474, 697.1943280882601, 743.7964814186339, 789.0176891439771, 832.2809845692734, 873.6247306066448, 913.8620183273847, 951.266492046667, 987.7038759971035, 1023.4461654563852, 1058.512862879377, 1093.4741491687046, 1128.2888403620823, 1163.2203135696654, 1198.6429446476004, 1234.6895750549993, 1271.6416864822613, 1308.6307998221494, 1347.2976867834625, 1385.8350952882645, 1426.186364575358, 1467.0670196526269, 1508.5484928050398, 1549.8811369038142, 1590.1720125598538, 1629.4151423711767, 1666.8261244982593, 1703.1105540467486, 1737.2216708870071, 1770.309517013459, 1801.7843799718455, 1832.6411048156717, 1862.6772388552497, 1892.1004768733817, 1921.8584680770093, 1950.4533090850812]","[4.1851339, 4.1818657, 4.1795425, 4.178124899999999, 4.1766682, 4.1756048, 4.174778, 4.1739511, 4.1735182, 4.1728091, 4.1722183, 4.1718249, 4.1715097000000005, 4.1709189]",3173.927649086779
44,0.5,1,45,"[0.0, 30.804466778057417, 64.94036478602493, 99.06352470200352, 135.4558539849735, 175.6216769767674, 217.55426815447504, 267.53277913341174, 324.0237043801718, 383.1456002823501, 440.14828324889163, 495.0237607231976, 547.5338418196521, 596.9884725710259, 645.9949988102077, 692.9210455639944, 739.528505611234, 785.0945108212837, 828.5447503669117, 869.8235593118878, 909.2162325084688, 947.6158196571838, 983.8453041099011, 1019.8867074497292, 1054.58741818922, 1089.4672142905783, 1124.3763676671792, 1159.4347360191114, 1194.582741335401, 1230.741403956677, 1267.1636749558943, 1304.769006594211, 1343.1071441706954, 1382.1832435876836, 1422.5892572445805, 1463.4566254697997, 1504.5476283421071, 1545.791780107656, 1585.6317070069376, 1625.2744991064305, 1662.807243886315, 1698.6636661299144, 1733.3069566737058, 1766.2947894819854, 1797.7597907027694, 1828.5145737405614, 1858.5516200381821, 1888.2589472084387, 1917.7215857459014, 1937.3765717321794]","[4.185252200000001, 4.1820626, 4.1798968, 4.1783218, 4.1768651, 4.1758413, 4.1748962, 4.1741481, 4.1734786, 4.1729274, 4.1725731, 4.172061, 4.1717458, 4.1712737]",3172.228332002358
45,0.5,1,45,"[0.0, 29.133850076278918, 64.13965698445122, 98.90080437746235, 134.17600993464373, 174.0970307728678, 216.92637314572767, 266.55062437153845, 322.8600134295491, 381.476075582435, 438.5601781899944, 493.9022838544588, 546.0344688825141, 595.8001928746721, 644.4342846386669, 691.181467849128, 737.2887380842803, 782.9597359129607, 826.6390466598766, 868.1064144445259, 907.4725204247482, 945.290572328342, 981.5997332100126, 1017.6308372922006, 1052.6077538974685, 1087.0613542155445, 1122.703922489634, 1157.3660416467164, 1192.6616568520083, 1228.9413209474276, 1265.5642173450779, 1302.821075090343, 1341.0590133641228, 1379.8152535727547, 1420.0235494392932, 1461.3150809370288, 1502.3491322810153, 1544.0173082172043, 1583.8381327285854, 1623.2322380849125, 1660.967232648654, 1696.819815023234, 1730.6849534244654, 1763.792886821251, 1795.6912310947862, 1826.5742887905856, 1856.5541820422156, 1886.264617061085, 1915.6105410883158, 1936.9386739539248]","[4.1851735, 4.1818657, 4.1796212, 4.1780462, 4.1767073, 4.1756444, 4.1748567, 4.1740298, 4.1733999, 4.1729274, 4.1722579, 4.1719823, 4.1715493, 4.1710768]",3169.591613595919
46,0.5,1,45,"[0.0, 28.405476766474862, 63.86752468883117, 97.82338426493641, 134.36668348868943, 173.3251780012614, 215.85060169831957, 265.84037517784043, 322.15915739568186, 380.998233928766, 437.844920846573, 492.8304280328989, 544.7413230625705, 595.0572624708543, 643.4649238648315, 690.5831821812542, 737.1870985995363, 782.3370308255664, 825.5740557508379, 866.969836420277, 906.4553489233717, 944.5047511006494, 980.9272167169975, 1016.1823921422338, 1051.1392904209015, 1086.0238267016796, 1121.0291083730285, 1155.5954888504903, 1191.436598713508, 1227.0293008724045, 1263.8280717295509, 1301.4181786982938, 1339.523156321948, 1379.0019269437105, 1418.7052128722603, 1459.5539983752828, 1500.7855088693148, 1541.9939518835738, 1582.6154709431764, 1621.762475496713, 1659.1710467853716, 1695.2993900652302, 1729.4453865288372, 1762.4006981226855, 1794.247616123683, 1824.837357633906, 1855.0098506405332, 1884.6454278999715, 1914.12530962816, 1936.2821283591018]","[4.1851735, 4.181787, 4.1795425, 4.177928, 4.1767073, 4.1756444, 4.1747384, 4.1739902, 4.1733603, 4.1728487, 4.1722975, 4.1718249, 4.1715097000000005, 4.1710768]",3167.240896743708
47,0.5,1,45,"[0.0, 22.730951603246126, 57.210768606443594, 92.21616331604116, 128.30794613116007, 167.37607582545252, 210.40365513421114, 259.20080141069263, 316.1973465090517, 374.88344637968555, 431.60591420486105, 486.7509297694678, 538.3350206137297, 588.4251375558426, 636.9559453027066, 683.8301685736233, 730.3824051763081, 775.411051560231, 818.7327444964392, 860.0892713123694, 899.7667555282292, 937.4050720828636, 973.51968089649, 1009.5407815525268, 1044.4526850524962, 1079.2826284070525, 1113.690419069878, 1149.4900503964448, 1184.4997086743413, 1219.976431070098, 1253.979774131398, 1292.5777960509993, 1333.3639865547932, 1371.568935822743, 1411.072054021826, 1452.3152780938433, 1493.5071677348735, 1535.084099327046, 1574.963082942916, 1614.6241829495596, 1652.073987629837, 1687.6892865019638, 1721.9159449940641, 1755.0062230158417, 1786.8119441412657, 1817.3574016868135, 1847.6231567003326, 1877.1370462946154, 1906.5683229473213, 1933.6326721643752]","[4.184976600000001, 4.1816688, 4.179424299999999, 4.1778102, 4.1765895, 4.1754866, 4.1746206, 4.1738725, 4.1732817, 4.1725731, 4.1720219, 4.1716671000000005, 4.1712737, 4.1708403]",3164.92331950507
48,0.5,1,45,"[0.0, 26.170454057728307, 61.19425170713271, 94.97558664202234, 130.84247005770908, 170.72144840554483, 213.0819345716593, 261.9564061493958, 319.00834430779366, 377.27134873543594, 434.18687710775055, 488.5495490134681, 541.0052458299692, 590.9216864260511, 638.8321452596515, 686.008795774907, 732.9073319814499, 778.0998180027632, 821.2050029818645, 862.342299940756, 901.7376446659716, 939.7570698148543, 976.1508527752198, 1011.7535560815973, 1046.8978242951528, 1081.6483261184555, 1116.367484187597, 1151.3217942995557, 1186.6063715769483, 1222.8891251203725, 1259.118936139886, 1296.2530005850026, 1334.7837754456236, 1373.7245539687153, 1413.563680193549, 1454.7611984103962, 1496.089283130537, 1537.1251430651116, 1577.7257361790005, 1616.9560358908218, 1654.4727287753547, 1690.6049273343622, 1724.661174617803, 1757.4245961368936, 1789.5504864211568, 1820.262884121246, 1850.192461602395, 1879.716017391109, 1909.369422537958, 1936.3664797756626]","[4.1850157, 4.1817083, 4.1796212, 4.177849299999999, 4.1767864, 4.1755261, 4.174778, 4.1741481, 4.1732817, 4.1729274, 4.1723366, 4.1720219, 4.1713128, 4.1710768]",3163.1476140158397
49,0.5,1,45,"[0.0, 23.65715468816734, 58.7383567423102, 92.78183072360662, 128.9369970732148, 168.16163085179357, 210.60537952784534, 259.29064155875994, 316.0465269518702, 374.43130754042215, 431.36488035309696, 485.8699710895047, 538.7697916304406, 588.067150140679, 636.2660707508816, 683.3166760560108, 730.3437444905193, 774.9188213810218, 818.0341139787396, 859.2558689105769, 898.8554434195577, 936.6096720588765, 973.3409254950553, 1008.8156341905302, 1043.4490815687282, 1078.4818861836843, 1113.4271690456249, 1147.867659728644, 1183.6839627399336, 1219.5615330005594, 1256.2002139932074, 1293.248745784712, 1331.7535900302191, 1370.516315331176, 1411.102611208536, 1451.2861422138162, 1493.0958320377117, 1534.1028123889373, 1573.933118212687, 1613.5076045917908, 1651.2978959794573, 1687.1707784515747, 1721.9494054103188, 1754.5883519479908, 1786.2357328836756, 1816.9855058443159, 1847.0361182624888, 1876.6566691877206, 1905.945310342714, 1935.5322282387974]","[4.1850948, 4.1819444, 4.179699899999999, 4.177849299999999, 4.1767468, 4.1757231, 4.1748962, 4.1741481, 4.1733212, 4.17277, 4.1725335, 4.1717458, 4.1715493, 4.1711555]",3161.291199794381
50,0.5,1,45,"[0.0, 22.30412240306964, 56.844998525298365, 91.3403848449484, 127.17057537516325, 166.6831797391127, 208.4894985548931, 257.722596091235, 313.5814023325232, 372.72606022131515, 429.5856882910856, 483.9653016207659, 536.8636295825967, 585.8917885229567, 634.1832002816014, 681.1192962164736, 727.1577177803321, 772.9148567679969, 815.7975019580016, 857.7270121770849, 896.6906174995642, 934.8299494781414, 971.045392012281, 1006.7585950505648, 1041.6596331517494, 1076.298982582111, 1110.6886640251364, 1146.0324502621306, 1181.391042862324, 1217.186779559499, 1253.8548805719834, 1291.154558660221, 1329.035561251581, 1368.935633146376, 1408.6255179628579, 1449.1594225176732, 1490.8476675671654, 1531.4876670376616, 1572.1604270039034, 1611.052792986634, 1649.2469982346115, 1685.0206587524276, 1719.5223574805555, 1752.6776812672833, 1784.0323350840258, 1814.8476713327982, 1844.7563525011637, 1874.3932577166574, 1903.8776584425523, 1921.606799665798]","[4.184976600000001, 4.1815901, 4.179503, 4.1779675, 4.1764712, 4.1754079, 4.1746206, 4.1739116, 4.1732421, 4.1728091, 4.1721005, 4.1715493, 4.171194600000001, 4.1708012000000005]",3158.932130615509
53,0.5,1,45,"[0.0, 34.66936128087218, 69.0366556842738, 103.71727149571052, 139.70585835692236, 178.48987314010742, 220.82296489565363, 269.431696959257, 325.88787160085394, 384.2285954498252, 441.0513978441718, 495.2113297092719, 548.305317675188, 598.1703826695461, 645.5948137070395, 692.2294411296953, 738.9300592920313, 784.1616772844015, 827.4069825797792, 868.7564189100356, 905.3825565910217, 945.3614996103424, 981.4936503310312, 1017.0047829547891, 1052.1586511534201, 1086.7818521279005, 1121.9525634738682, 1156.7357053683302, 1191.813415348249, 1227.908256357768, 1264.384169050284, 1301.4325877810231, 1339.2379536696624, 1378.7393426873487, 1418.59794960638, 1459.6385960350406, 1500.4924328942489, 1541.8775212802748, 1581.701849378503, 1621.1072080273975, 1658.9474353965593, 1695.0269853119225, 1729.8312510630144, 1762.0504056577288, 1793.8762834246468, 1824.6961283607488, 1854.5272083441046, 1884.2382901608944, 1913.5180621453774, 1933.0278338300232]","[4.184937000000001, 4.1815901, 4.179424299999999, 4.1776919, 4.1763926, 4.1754475, 4.174542, 4.1739116, 4.173203, 4.1724939, 4.1720219, 4.171628, 4.1711159, 4.1707220000000005]",3154.123554593233
54,0.5,1,45,"[0.0, 34.20110616026443, 69.22194992585605, 102.79900733466525, 138.77275727845608, 178.32774715896596, 219.75217574854366, 268.605214103986, 324.9845432690796, 383.65502456039906, 440.51884481926095, 495.18564028035814, 547.2562925077938, 596.7911534952165, 644.6839725884257, 691.5679682584479, 737.7224059145971, 782.8019390340847, 826.1214599429096, 867.0642803670286, 906.5951113798818, 943.9723091560578, 980.8295576086208, 1016.3175949345863, 1051.3243995974676, 1085.9629672884457, 1120.2830588711404, 1155.2815881155075, 1190.6369214284136, 1226.607734992173, 1263.1196120336217, 1300.2090389335121, 1338.0767672503612, 1377.2209783702783, 1416.9921275367828, 1458.0483201878387, 1499.019332275367, 1540.357650002964, 1580.824922983028, 1619.7942020565633, 1657.7356756625854, 1693.8971102771698, 1727.8007847645922, 1760.6014215995601, 1792.5377308137781, 1823.2189325940763, 1853.235102104038, 1882.7118911315497, 1912.0454397646622, 1935.8068522901763]","[4.184937000000001, 4.1817083, 4.179463899999999, 4.177731, 4.1765103, 4.1754475, 4.1746206, 4.1739116, 4.1730061, 4.1725335, 4.1720219, 4.1715884, 4.1710768, 4.1707220000000005]",3151.967760993652
55,0.5,1,45,"[0.0, 29.134594220207077, 63.99073162059335, 97.76639858571139, 133.46445772861023, 172.9248888260595, 215.1086850143946, 262.1329793591266, 319.40472787093825, 377.62960043863825, 434.8669156614843, 489.02112407252173, 540.7118393171353, 590.6439704409623, 638.8134207063266, 685.6639571979375, 731.8940322461157, 776.5521169688974, 820.1559822129046, 861.2667188964666, 900.2804194176146, 938.1986102708616, 974.6830021828156, 1010.1875920378606, 1045.1933741926227, 1079.8959087866447, 1114.7155564904638, 1149.2506581457633, 1184.5779408259004, 1220.222125606566, 1256.5240532612688, 1293.9971185718891, 1332.1373281099836, 1371.1458754989503, 1410.8091871696397, 1451.874213169262, 1492.9724910334357, 1534.1648366151412, 1574.1465677273918, 1613.7760298164421, 1651.4159267104142, 1687.6727433169285, 1721.7789163113302, 1754.907294771212, 1786.30701357217, 1817.1440968434367, 1847.0137701274111, 1876.608932474147, 1905.946920646812, 1935.122470651856]","[4.1848583, 4.1815114, 4.179227399999999, 4.1775346, 4.1763926, 4.1753292, 4.174345, 4.173636, 4.1730061, 4.1724153, 4.1717458, 4.1713128, 4.1709981, 4.1707220000000005]",3149.645832805991
56,0.5,1,45,"[0.0, 29.13448081090837, 63.60781304522777, 97.86184553631824, 133.53633609020858, 172.40547033007454, 214.6912688687413, 262.8887719231302, 318.3046122586318, 376.37193558299816, 433.80745396620216, 488.5017771758221, 540.3714006717989, 590.0103976695746, 637.8299130557225, 684.2766706041284, 730.8611984639274, 776.5420246268156, 819.6782578158916, 860.6358768294222, 899.773364351304, 937.6583779910297, 973.7203891822587, 1009.2912602524923, 1044.3088650450284, 1078.8170637271653, 1113.3707418852605, 1148.7692609432836, 1183.3463214732217, 1219.5062738010586, 1255.9561661792532, 1293.1833927584776, 1330.9493780607286, 1370.272180284819, 1410.4253320202608, 1450.9911341819402, 1492.5287534671277, 1533.4564592772497, 1573.4890239565027, 1612.6698008549636, 1650.7439664958167, 1686.7658782995975, 1721.0059432187043, 1753.859178592132, 1785.344852676911, 1816.0806604850789, 1846.1381864373418, 1875.5040630519854, 1905.0905601281422, 1922.4142664347985]","[4.184976600000001, 4.1816297, 4.179424299999999, 4.1776919, 4.1765499, 4.1755261, 4.1744628, 4.173793799999999, 4.173203, 4.1726122000000005, 4.1719823, 4.1715884, 4.171194600000001, 4.1707616000000005]",3147.827400745848
57,0.5,1,45,"[0.0, 28.879655562791072, 64.19167986370542, 97.91966562383561, 133.94416695655752, 172.83682687809141, 214.6571624150821, 261.9662323776254, 318.6463720145747, 376.908852071444, 434.34515702089175, 488.475207648514, 540.5721737953838, 590.1938375206839, 637.9106348415739, 684.0099184693902, 730.5869005902252, 775.944509240438, 819.177724308759, 859.9391627725311, 899.1643051582005, 936.8624053597232, 973.203286869649, 1008.8669204344026, 1043.8626338221316, 1078.491677853413, 1112.9653534586018, 1147.3865098040085, 1183.1586261543926, 1218.514520365131, 1255.482887798532, 1292.5822546344853, 1330.6269657128905, 1369.5547308698408, 1409.595594596674, 1450.6252513033778, 1491.9446367474188, 1532.3960981099249, 1572.7607142646975, 1612.0382474965627, 1649.6478036285948, 1685.8923060151415, 1719.9569266861386, 1753.0540718278003, 1784.4994630391102, 1814.96299472186, 1844.976622282557, 1874.6523906946904, 1903.9175340130064, 1921.450648591784]","[4.1848979, 4.1815901, 4.1793065, 4.177731, 4.1764317, 4.1751719, 4.1743841, 4.173636, 4.1729665, 4.1724153, 4.1717458, 4.171470200000001, 4.1709189, 4.1705256]",3145.664079650608
58,0.5,1,45,"[0.0, 27.653590371242103, 62.873174646723896, 96.63476356608567, 132.73018987466128, 171.5264036107851, 213.43521215631097, 260.9372883527981, 316.8503734665055, 376.1360667663927, 432.70675096461537, 486.95198993237966, 538.7627202049288, 588.2672716632188, 636.1736537199769, 682.4810174343335, 729.2929342250078, 774.2281810745714, 816.8952998615433, 858.2476620646361, 897.1174943566208, 934.9509182218807, 971.5928970899614, 1006.9038717717032, 1041.2343927218521, 1076.255022482837, 1110.937307916849, 1145.813082113552, 1180.8641244002156, 1216.4756246127972, 1252.9598699451408, 1289.8077859665896, 1328.3529006829144, 1366.9845616616813, 1407.2907353024098, 1448.077092660029, 1489.4908901315625, 1530.3289121086614, 1570.2808694848964, 1609.849684616744, 1647.219879935577, 1683.5150160018397, 1717.8734968010576, 1750.3877253376054, 1782.0242877157966, 1812.9163168198097, 1842.8496696581642, 1872.332765774047, 1901.6394930028482, 1922.0050301774086]","[4.184937000000001, 4.1815114, 4.179503, 4.177731, 4.1764317, 4.1752901, 4.1744237, 4.173636, 4.1728487, 4.1724939, 4.1718249, 4.171470200000001, 4.1711159, 4.1707616000000005]",3143.999364727374
59,0.5,1,45,"[0.0, 27.975624604432824, 62.93369332495786, 97.00330235731849, 132.779171946058, 171.18998973319935, 213.3886442664084, 260.726385070573, 316.63194115337853, 375.0533741968404, 431.9759942278482, 486.68032530044434, 538.5038506295223, 587.7574575665251, 635.6812613041127, 683.0836456005602, 727.8924787332414, 773.3942918846833, 816.4738885908873, 857.673424952081, 896.5235210256633, 934.5323870215682, 970.4757742671952, 1005.9409463939382, 1041.1657153560047, 1075.5577965205764, 1110.0177226297499, 1144.7918393823875, 1180.33988002867, 1215.6211278778596, 1252.2908563615908, 1289.3688744603985, 1327.4118934559283, 1365.9286475705421, 1406.2668049264782, 1447.263374080786, 1487.9310322163217, 1529.2997642452415, 1569.3231650114635, 1608.6624213660375, 1646.5543504103525, 1682.1170169403276, 1716.8278983113278, 1749.6651906503325, 1781.2495659232513, 1811.685859664753, 1841.69478043164, 1871.3405641636477, 1900.7594435599758, 1921.8172858842636]","[4.184937000000001, 4.181551, 4.1793852, 4.177731, 4.1764712, 4.1751719, 4.1743841, 4.1735573, 4.1728487, 4.1723366, 4.1720219, 4.1714311, 4.1709981, 4.1706433]",3142.24813071479
60,0.5,1,45,"[0.0, 23.657566428573773, 58.94496169440754, 93.12556236559101, 128.45535436951263, 167.13428647545004, 208.9874627435122, 256.5914621760047, 312.3049642568675, 370.58586081423334, 427.82360284605966, 481.7371393276758, 534.1196905874704, 583.5024961992574, 631.2660260012399, 677.6456653492905, 723.5107902969139, 769.3875126907299, 811.7720538447625, 853.3384038529477, 892.2392183310742, 929.6757419641449, 965.8950020755756, 1001.4993524763634, 1036.450180057473, 1070.8902394129013, 1105.0656107357518, 1140.291176708086, 1175.6711784562988, 1211.0372892220785, 1247.2992686083753, 1284.342138728322, 1322.6760389760493, 1361.7000347325263, 1401.6906839267167, 1441.9644936016018, 1483.3458369361017, 1524.5867438729065, 1564.530700272529, 1603.9519972376597, 1641.5573047537418, 1677.8649834171283, 1711.9929088967078, 1744.7643486090828, 1776.5450471287359, 1807.140922226095, 1837.1383594883578, 1866.6338439519536, 1895.9616514776567, 1921.3375422575532]","[4.1848583, 4.1815901, 4.179227399999999, 4.1775346, 4.176313899999999, 4.1752901, 4.1743054, 4.1735573, 4.1728487, 4.1724153, 4.1717854, 4.1712341, 4.1708403, 4.170564700000001]",3140.366519568143
61,0.5,1,45,"[0.0, 22.03643280450615, 57.16452381745046, 91.30390179189646, 126.71140380871816, 165.2755400993958, 207.33587280563324, 254.8243142805036, 310.3390574409125, 369.0857914390333, 425.6420124656372, 479.93521109361393, 531.5770994974429, 580.7099031674403, 628.8436312128493, 675.4261818400236, 721.7704847210399, 766.4934582094291, 809.4794166294547, 850.4647944377888, 889.7874312809817, 927.6543328697388, 963.6407991337179, 999.0909503750651, 1034.2087060396757, 1068.4698757181527, 1103.1195597842288, 1137.9824848741514, 1173.163959390813, 1208.741208495504, 1245.3461106603922, 1282.3667325447727, 1320.2250572529242, 1359.5687722772946, 1399.3250839577313, 1439.8453322699465, 1481.534199709772, 1522.3116663815722, 1562.4635080241233, 1601.826059425534, 1639.539644539425, 1675.380925979316, 1709.7379821013587, 1742.3782123713595, 1774.1509360730784, 1804.8492356091929, 1834.70725752391, 1864.4065857526293, 1893.5518779437657, 1921.0182601907022]","[4.184937000000001, 4.1817474, 4.179503, 4.1776524, 4.176353, 4.1752901, 4.1744628, 4.1736755, 4.1730061, 4.1723762, 4.1717458, 4.1714311, 4.1709585, 4.1707616000000005]",3139.170704515111
62,0.5,1,45,"[0.0, 23.78187588425294, 59.16809196995814, 92.5507658361646, 128.08855921854547, 167.149978141804, 208.353709193834, 256.1205332545968, 311.1967450164515, 370.26823606964854, 426.4385923064284, 480.2795469636387, 532.5742197356967, 582.5676587965511, 629.9774574656344, 676.3360651280539, 721.9079701548142, 767.0398860441553, 810.2088780311594, 851.4681519599781, 890.4984746538823, 928.242151239981, 964.6455666724744, 999.7915112438186, 1034.6268100927591, 1068.9743606138832, 1104.1414878887729, 1138.7002787630634, 1173.88192717177, 1209.621371604018, 1245.9252264786437, 1282.919739295889, 1320.383512054675, 1359.7016980859707, 1399.291199533492, 1440.495700760854, 1481.5591804115084, 1522.7082997750076, 1563.0292071245199, 1601.6978027403975, 1639.8826574651944, 1676.2379201053323, 1710.4244711470742, 1743.2753103396662, 1774.7998426242884, 1805.5281130877156, 1835.611677356615, 1865.0710009603608, 1894.4389835245956, 1920.7572176517724]","[4.184779600000001, 4.181551, 4.1791883, 4.1774554, 4.1761169, 4.1750536, 4.1743054, 4.1734786, 4.1727304, 4.1722579, 4.1717067000000005, 4.1713128, 4.1706829, 4.1703677]",3137.7640329519318
63,0.5,1,45,"[0.0, 22.41139936074478, 57.515094554042435, 91.66044713494875, 127.05537776293374, 165.78816221788395, 207.59594117273195, 254.9055184717115, 309.81408241439783, 368.260282845093, 425.6090227825206, 479.743742674524, 531.5453366407729, 581.4191584406614, 628.1369733826294, 675.2052856895049, 720.8763597267526, 765.4014057586791, 808.7764015236027, 850.0537197204332, 888.6931201822225, 926.822096857437, 962.8655050260592, 998.2473548029808, 1033.0824173797246, 1067.7172171501807, 1102.1452951202941, 1137.122647431429, 1172.2410061817864, 1208.21193851909, 1244.2240962507235, 1281.155343008254, 1319.42532524762, 1358.3217680561474, 1397.9400257395682, 1438.5842464800808, 1479.9067939282454, 1520.9372928303314, 1561.3960240939005, 1600.1187902994911, 1637.6865482760932, 1673.9231829016971, 1708.0369919667355, 1740.8979920165957, 1772.8092726995346, 1803.6091490771664, 1833.4728671653834, 1862.7585408623345, 1892.2240821360506, 1920.6690816332325]","[4.1846614, 4.1813931, 4.1792669, 4.177495, 4.176353, 4.1751323, 4.1742268, 4.1733999, 4.17277, 4.1722183, 4.1717458, 4.171194600000001, 4.1707220000000005, 4.1703286]",3135.7572901916524
64,0.5,1,45,"[0.0, 22.363730373488693, 57.0173430688825, 91.3975523692983, 126.59594214525157, 165.21175244350593, 206.3434246769881, 254.1334723177182, 308.96430063316075, 367.43695871558396, 424.13101390367785, 478.4853727538831, 529.8258750129875, 579.4585198478325, 627.2457624978703, 673.3934369237303, 719.2613919062272, 764.0708474532895, 807.1789496113885, 848.5766413278351, 887.0128483807879, 924.9952270752559, 961.2489407594234, 996.8355212973103, 1031.2646209506242, 1066.1436110828822, 1100.3128760138334, 1135.393384774602, 1170.1766946264452, 1206.2273847924116, 1242.592598607885, 1279.1172104508541, 1317.3391461255114, 1356.471793754552, 1396.1291368197285, 1437.0681124870748, 1478.1042731259495, 1519.0968308183192, 1559.2173198297132, 1598.4567855010332, 1636.2407364313744, 1672.59245273237, 1706.6571544301787, 1739.3479262638702, 1770.9688047600698, 1801.907119390576, 1831.9003414864974, 1861.196737919885, 1890.4554455562925, 1907.1285662504765]","[4.184701, 4.1814327, 4.179109599999999, 4.1775737, 4.1760774, 4.1750932, 4.1741872, 4.1733603, 4.1726518, 4.1721792, 4.171628, 4.1712737, 4.1708012000000005, 4.1703677]",3133.802895343968
65,0.5,1,45,"[0.0, 34.59364987766378, 68.95798796865722, 103.07290899197687, 138.64339585776634, 177.2411683988155, 219.27285250063824, 265.77194699953407, 320.57422726629693, 379.2754727214841, 436.49585245827325, 490.4136442827562, 542.7349200724589, 591.0389063431828, 639.2637067846347, 685.4460497558773, 730.9493360264114, 775.9627341718519, 819.5108917686591, 860.5991814015383, 899.7444793357436, 936.9869004133079, 973.3306059871175, 1008.8531533942212, 1043.2629880041488, 1077.9629949365876, 1112.7279293600564, 1147.4368725560144, 1182.4885328803907, 1218.0974780945164, 1254.290843871112, 1291.891287985019, 1329.7473886462085, 1367.7178590697056, 1408.0659477679474, 1448.5797103025866, 1490.1728190193032, 1530.6770519080317, 1571.5130740082889, 1610.6029426802527, 1648.4910638551803, 1684.2758085648, 1718.1809945286898, 1751.2871165426284, 1783.04432674844, 1813.7643893324737, 1843.7222392191914, 1873.1698583402651, 1902.3766416406463, 1921.7913092890087]","[4.1847401, 4.1814327, 4.1792669, 4.1775346, 4.176156, 4.1750536, 4.1741481, 4.1733999, 4.1727304, 4.1722579, 4.1717067000000005, 4.1712341, 4.1708403, 4.1703677]",3132.0544149614807
66,0.5,1,45,"[0.0, 34.85656927085711, 69.60446380929602, 103.93342666215256, 139.04342740489903, 177.3286102470455, 218.98888830272983, 266.60996191146603, 321.33083456220504, 379.6264286542804, 436.07431383829794, 490.3176237186599, 542.540744282285, 591.6036012414347, 639.288653985446, 685.2470485742465, 731.0015593621938, 776.1442640635191, 818.5444359347846, 860.3295078686263, 899.4946262361104, 936.9206465346635, 973.153825276039, 1008.6483845430641, 1042.8911894571702, 1077.6474086372227, 1112.2376036720625, 1147.166804518132, 1181.88721272067, 1217.5720472363203, 1254.2042451603604, 1291.283968014952, 1328.8388390205093, 1367.8835463642206, 1408.1023246323473, 1448.5116217462567, 1489.3915016597384, 1530.9033095453258, 1570.9178884499222, 1610.031365683966, 1647.652571338367, 1684.0118066870048, 1718.3537419832758, 1751.029091267422, 1782.4753300134914, 1813.2656336432713, 1843.280985965462, 1872.5674007791038, 1901.8544359607401, 1921.3129905296498]","[4.1848583, 4.181551, 4.1791883, 4.177495, 4.1762347, 4.1750932, 4.1741481, 4.1734786, 4.1728878, 4.1722975, 4.171628, 4.1711555, 4.1708012000000005, 4.170486]",3130.736559403075
67,0.5,1,45,"[0.0, 32.966765318887155, 67.93303325261161, 102.40408376534981, 137.17082382045714, 176.09094791342534, 217.09552188829923, 264.19361430026527, 318.8813601923207, 377.1426582323794, 434.2063714015941, 488.41561445317996, 540.5562534244115, 589.6299436621217, 636.9637579135059, 683.5881094057899, 729.2105756451537, 774.0399442073841, 816.7785272138848, 858.0130142156389, 896.9806321779278, 935.0209196321638, 971.1129194266911, 1006.1544452703305, 1041.0578693300904, 1075.5247627684257, 1110.0259337384991, 1144.8790527106835, 1179.2289696261928, 1215.3350392737448, 1251.9149641303493, 1289.3061981397186, 1326.650558908555, 1366.1539578702086, 1405.540188353753, 1446.1381664915643, 1487.7081457190511, 1528.206403209464, 1569.1794711913885, 1608.0220273380191, 1646.0349111496416, 1681.454001268612, 1715.590367260506, 1748.6381324080953, 1780.5032534226038, 1811.0956196037178, 1841.0828909946595, 1870.5620485416634, 1899.8665760988365, 1921.039898224285]","[4.184779600000001, 4.1814327, 4.179109599999999, 4.1773767, 4.1761956, 4.1750932, 4.174345, 4.1733212, 4.1726909, 4.1722183, 4.171628, 4.1711159, 4.1708012000000005, 4.170289]",3128.795898855658
68,0.5,1,45,"[0.0, 31.968999650668593, 67.24592216496819, 100.88616471710611, 136.70320417569712, 175.43014222111856, 215.78406311581762, 263.3503330610548, 318.49104383983877, 376.28699381497654, 432.84108338283625, 487.4355207900544, 539.2769949465678, 588.2601349780134, 635.9731665815268, 682.2615604741391, 727.781945209724, 772.5243486325355, 815.6043996666594, 856.7308511170249, 895.4947914894856, 933.2539182829089, 969.5507786436672, 1004.89738794459, 1039.4166521585962, 1074.1680698749174, 1108.445649991928, 1143.3512507215105, 1178.1635718628727, 1214.0327415311647, 1250.1051391054496, 1287.0714416198039, 1325.0451008508508, 1363.9350975193584, 1403.6995507422596, 1444.7367444196811, 1485.6781134279336, 1526.4048452879038, 1566.725143233151, 1606.0359627287248, 1643.9952165920686, 1679.9718931915363, 1714.0465819513456, 1746.7371647363111, 1778.4247889830135, 1809.1300605137876, 1839.2352861058293, 1868.6504480392396, 1897.9795916789512, 1921.1623480803773]","[4.184779600000001, 4.1813931, 4.179069999999999, 4.1774163, 4.176156, 4.1749353, 4.1741085, 4.1733212, 4.1727304, 4.172061, 4.171628, 4.1709585, 4.170564700000001, 4.1701708]",3127.228411411268
69,0.5,1,45,"[0.0, 27.315958604085722, 62.22669536283638, 96.2417091074783, 131.38492827948926, 169.74032836307276, 211.10850036867237, 257.9340062913175, 312.9852623593242, 370.6322905025695, 427.2966737273739, 481.57256567457705, 533.3792949062569, 582.8741178000961, 630.2198298497648, 676.3332576367294, 722.1908258752034, 767.0632581779704, 810.0419038084004, 850.8585878614127, 889.8479470269523, 927.5382991586399, 963.9097460955965, 999.088863382433, 1033.3898923639194, 1068.019474967788, 1102.3911940983203, 1137.3883665278745, 1172.1918889298363, 1207.966196516304, 1244.0636394390503, 1281.4228239176878, 1318.9168489509962, 1357.9538181138814, 1397.5369616143153, 1438.6441055383025, 1479.2811203453916, 1520.7640217159596, 1560.6774014366338, 1599.838151022298, 1637.7815364468315, 1673.9074224704696, 1707.6039570500961, 1740.7259736192086, 1772.4761068103267, 1803.4368169612462, 1833.2285285209573, 1862.726470715173, 1891.9031543623419, 1920.9949192786316]","[4.1846614, 4.181354, 4.1791883, 4.177495, 4.1759591, 4.1748962, 4.1741872, 4.1733212, 4.1726122000000005, 4.172061, 4.171470200000001, 4.1710768, 4.1705256, 4.1702499]",3125.2360297846167
70,0.5,1,45,"[0.0, 30.218922159939893, 65.49085153699991, 99.52572623292349, 134.47481044371034, 172.33903334608056, 214.0411190178079, 260.04943547702646, 315.52945824143796, 373.44798063737585, 430.6184457665587, 483.8435697849103, 535.79765701487, 585.5590995409804, 633.0257159162855, 678.9506699496034, 724.4392475781636, 769.5760144362636, 812.3500429204117, 853.3990806397984, 892.6240208843602, 930.1452643221947, 966.1782855193111, 1001.5054647805767, 1036.182439732063, 1070.2863448723692, 1104.9808305824813, 1140.0079328708734, 1174.9979873702732, 1210.5791873576522, 1246.8477655957645, 1283.8654085485227, 1321.883407596456, 1360.546008156683, 1400.6127329791434, 1441.3669787824638, 1482.0951392532552, 1523.2618059733072, 1563.579654520007, 1602.7567281502938, 1640.5593878842851, 1676.4757030771102, 1710.6776229598277, 1743.4670960839762, 1775.1670281887918, 1805.836527378322, 1835.7473287388566, 1865.0661985731558, 1894.3632419865112, 1920.3914032879657]","[4.1846614, 4.1814327, 4.1791883, 4.1775346, 4.1762347, 4.1750145, 4.1741872, 4.1733999, 4.1726122000000005, 4.1721396, 4.1714311, 4.1711555, 4.1706829, 4.1703677]",3123.684817846272
71,0.5,1,45,"[0.0, 28.766388624844126, 64.047878046655, 97.75707370724069, 133.2589079176978, 171.0744354349289, 212.92584337299877, 259.0364876785211, 314.02077737038155, 371.5519983173757, 428.6079620333313, 482.9607328903829, 534.5023500631913, 583.8992225912497, 630.7050693931143, 677.3391513080913, 722.6637948335502, 767.2598742704591, 810.3523354204164, 851.648520690583, 890.5806625481149, 928.1181635515533, 964.0179620323239, 999.747239477456, 1034.483676296234, 1068.6101385111374, 1103.3920202482154, 1137.9912990366006, 1173.075069161539, 1208.3038831863041, 1244.642745615357, 1281.5240542917008, 1319.7392197530212, 1358.301117153378, 1398.0798372920049, 1439.170937006597, 1480.0317142592826, 1521.022549546628, 1561.1727314329146, 1600.9866417424137, 1638.152001099429, 1674.3737890630273, 1708.3620073040615, 1741.1999989288688, 1772.895444742725, 1803.7459092057666, 1833.6368756641937, 1863.069700888218, 1892.3542546255612, 1920.8841379745822]","[4.1846614, 4.1813931, 4.179109599999999, 4.1774163, 4.1758804, 4.1750536, 4.1740298, 4.1733212, 4.1725335, 4.1719823, 4.1713524, 4.1709585, 4.1706829, 4.170131700000001]",3121.871049946695
72,0.5,1,45,"[0.0, 28.27182272657808, 63.45942598791612, 98.00996447902185, 132.69080672729, 171.02906622041837, 212.2092980175346, 257.7475023422644, 313.1568273935952, 370.683844181792, 427.81294441704324, 482.16636024381296, 532.8824725197112, 582.6293116052063, 629.987818409722, 676.6990092558049, 722.4224876796613, 767.0124216152483, 809.8029990053342, 850.6632574110326, 889.7637742524155, 927.1994959608867, 963.8132107083363, 998.7415179667548, 1033.3792654895408, 1067.8767702006512, 1102.6503673591628, 1137.0420317272087, 1172.3552286634656, 1207.8867062907004, 1243.8558199404924, 1280.9695433105942, 1318.9181682176272, 1357.5809435748142, 1397.4982275451282, 1437.8789638782532, 1479.358106104471, 1519.6472509301984, 1560.486348052108, 1599.5000352196544, 1637.1708080986054, 1672.7381420317515, 1707.5664120182591, 1740.299078326309, 1771.5584926897104, 1802.1836436980193, 1832.2922733856153, 1861.698283442388, 1890.9361746167574, 1919.1237973887123]","[4.1846223, 4.1811175, 4.178833999999999, 4.1772981, 4.176156, 4.1748567, 4.1739511, 4.1732817, 4.1725731, 4.1720219, 4.171470200000001, 4.1709189, 4.170486, 4.1700134]",3120.1471012807897
73,0.5,1,45,"[0.0, 28.63145644148915, 64.08822211380993, 97.77326864178701, 132.84024207335688, 171.1148211267597, 212.3031622798378, 258.96933702351635, 313.5291263899393, 371.94392741376873, 428.33365619715505, 482.1079387663344, 534.0065221465254, 582.9230738203382, 630.8570493922773, 676.7143261772721, 722.6200681246607, 767.0563165397559, 810.1331959361937, 850.8484710456173, 890.0008619270477, 927.4738188121084, 963.7844432312913, 999.2236216137635, 1033.8154093546286, 1068.0849981031602, 1102.2514345590653, 1137.3290807155377, 1172.3694534174465, 1207.9808311306758, 1244.0754851549564, 1281.1710596738017, 1319.0119770957572, 1357.600458569997, 1397.8285464777357, 1438.136995986942, 1479.4401655504175, 1520.1538115230032, 1560.3905072041493, 1599.3555507290412, 1636.8630920933656, 1673.1841776519964, 1706.9894128236829, 1739.8658399294986, 1771.673214138978, 1802.3710960063631, 1832.3306632272856, 1861.4788214381065, 1890.726989870323, 1919.9451632436121]","[4.184701, 4.1811571, 4.1789126, 4.1771407, 4.1758413, 4.174778, 4.1739116, 4.1731243, 4.1723366, 4.1716671000000005, 4.1713524, 4.1708798, 4.1703677, 4.170053]",3118.667501389842
74,0.5,1,45,"[0.0, 27.599176228633155, 62.404704421579595, 96.32822519799583, 131.48837537389738, 169.36646601583834, 211.1025949868358, 256.96923402526704, 311.9165407619381, 369.887548952927, 426.2354442117452, 480.0405754602989, 532.5547011572041, 581.503199205913, 628.8778866483156, 674.9986655234359, 720.3679618904832, 764.9109987494469, 807.537842591827, 848.035147612992, 887.8807770911483, 925.2850175123733, 961.4526033915952, 996.3773459279769, 1030.7161967028596, 1065.2323779041851, 1100.000886222837, 1134.7468929570507, 1169.511925073408, 1205.1726716798196, 1241.4203193139967, 1278.5202027275943, 1316.2138016986949, 1355.204422894853, 1394.7124383156438, 1435.413460021304, 1476.0529530091997, 1517.6108229231863, 1557.0845807301212, 1596.794043151875, 1634.3087112004673, 1670.5985555565862, 1704.8320732379962, 1737.2824402688439, 1769.0896584750212, 1799.7239357021153, 1829.5757811402991, 1859.0870096445392, 1888.0450022558502, 1906.7952053923204]","[4.184582700000001, 4.1814327, 4.179109599999999, 4.1772981, 4.1759987, 4.1749353, 4.1740298, 4.1732817, 4.1724939, 4.1720219, 4.1713524, 4.1708012000000005, 4.1704073, 4.170053]",3117.316338790829
75,0.5,1,45,"[0.0, 26.72612909151337, 61.84041088146944, 95.76051728320408, 130.99717104995216, 168.70752761344477, 210.0668998622989, 256.2102299393939, 311.1010332785644, 368.85086824932887, 425.77254647286577, 479.15422649528864, 530.95992850988, 580.6192964588549, 627.6754413596993, 673.7293773110139, 718.9520538615557, 763.7196575468236, 806.3685290633753, 847.5670204416579, 886.5746956937912, 924.0341077223316, 960.2778820931137, 995.307324123984, 1030.119140699027, 1063.6470090861842, 1098.6539489069032, 1132.7504962246658, 1168.367064369217, 1204.0071829023702, 1239.7411162511787, 1276.8456004448096, 1314.383914428949, 1353.8203499561534, 1393.2405589389298, 1433.8657872864524, 1474.6259797398225, 1515.6083026290978, 1555.7206683509855, 1595.1234626601638, 1632.5000193158423, 1669.0742337207623, 1702.827677504408, 1735.5980577309895, 1767.4927999395984, 1798.353393575537, 1828.1371819478593, 1857.5956497186437, 1886.6579129074241, 1905.85763155972]","[4.184582700000001, 4.1811175, 4.1789517, 4.1772585, 4.1759987, 4.1749749, 4.1739116, 4.1732421, 4.1723366, 4.171942700000001, 4.1713915, 4.1707616000000005, 4.1703677, 4.1698165000000005]",3115.344399494223
76,0.5,1,45,"[0.0, 23.949676376971752, 59.40670418418131, 93.21288652690839, 128.17156374208434, 166.23833066563645, 207.09697599444598, 253.42853782073598, 307.541821643131, 366.1326181037789, 422.3919366844657, 476.52769970784436, 528.038810674224, 577.4593649362656, 624.5153443551131, 670.3017154192322, 715.9553436033285, 760.4116226722884, 803.2765981375561, 844.3358139909584, 883.3732559982842, 920.628102641438, 957.1649073387308, 992.4678475869974, 1026.8219103064662, 1061.1198863237364, 1095.2811761420517, 1130.4073382240763, 1165.2140538009508, 1200.7106127300308, 1237.2629497914031, 1273.760296497649, 1311.4816302256327, 1350.4591025192772, 1390.3346225744808, 1430.5969903069536, 1471.3255800110437, 1512.959812108788, 1552.7853299832177, 1591.8938410762698, 1629.67406103632, 1665.7745167524172, 1699.828506346831, 1732.4555442465921, 1764.284189861903, 1795.046189155924, 1824.9942251906882, 1854.296232912653, 1883.513326396474, 1907.2695716175685]","[4.1846614, 4.1813931, 4.179069999999999, 4.177495, 4.17592, 4.174778, 4.1738725, 4.1731243, 4.1724548, 4.1719823, 4.1713915, 4.1709981, 4.170564700000001, 4.1700134]",3114.037864954566
77,0.5,1,45,"[0.0, 21.73209617672171, 56.28716418763531, 90.16591743457514, 125.45333986858952, 163.42913977247383, 204.48015796431707, 250.12656135270095, 305.2303207163644, 362.3426508550274, 418.86979117095154, 473.5335156936246, 525.479223042894, 574.1185995794154, 620.9958659237201, 667.2546072203487, 712.4152946640514, 757.2063402437542, 799.891553881186, 841.0579190349373, 879.7106363148986, 917.5532075743316, 953.9055654723987, 988.8857133618279, 1023.5130748339233, 1057.900641949478, 1091.9807825790544, 1126.6517337856126, 1161.491558645219, 1197.2224350008569, 1233.0183154930864, 1270.1678171911994, 1307.630004076576, 1346.6435345537434, 1386.162408002108, 1426.7498724336683, 1468.073595170798, 1509.0732097183713, 1549.4539282978435, 1588.0929939670773, 1626.1960417587065, 1661.863191081617, 1696.310317255853, 1729.1530713413922, 1760.5587549609763, 1791.6440197815905, 1821.616565987028, 1850.8699745184126, 1880.1447256402762, 1906.4195992293294]","[4.1845436000000005, 4.1811962, 4.1790309, 4.1773376, 4.1759591, 4.1746597, 4.173793799999999, 4.1730456, 4.1723762, 4.1719036, 4.1712737, 4.1706433, 4.1704464, 4.1702104]",3112.426916846112
78,0.5,1,45,"[0.0, 22.223604828290263, 57.202440269134286, 91.00181190177852, 125.94467951081424, 164.13777398849913, 204.6536143526123, 250.71946654914188, 305.1405425287978, 362.7711975792208, 419.52516229019693, 473.6303166732687, 525.1046949451545, 574.3884861280712, 621.7290223852083, 667.2778216149425, 713.1651042793012, 757.4733246309111, 799.9963859722784, 840.9555124948174, 880.1999010254019, 917.9833878169338, 954.2355531601061, 989.05932523719, 1023.816024939882, 1058.1629150512858, 1092.871141006753, 1127.2515504987025, 1162.2164560018437, 1197.6255439850252, 1233.892180012371, 1271.0050715066577, 1308.519240605294, 1347.202736982895, 1386.9721031240883, 1427.246077904978, 1468.4111785973596, 1508.9654567715256, 1549.4149960197328, 1588.5075220360754, 1626.4588488911427, 1662.227094010439, 1697.02706787456, 1729.3186439549108, 1761.2237200481381, 1791.7824632904458, 1821.7535127574097, 1851.091477735799, 1880.3627703942693, 1906.0076930518953]","[4.1846614, 4.1812358, 4.1789126, 4.1771011, 4.1758413, 4.1746993, 4.1740694, 4.1730847, 4.1723762, 4.171864, 4.1712737, 4.1708403, 4.1704464, 4.1699739000000005]",3110.951945655111
79,0.5,1,45,"[0.0, 29.507012132352656, 64.69591526882255, 98.0763711751764, 133.48745538912385, 170.89855124863288, 211.70026032292765, 257.6549263389712, 312.376538965936, 371.1544279554781, 426.6329561637324, 480.84789031798937, 532.5320266597283, 581.7436007268935, 628.0252203681551, 674.3275764880008, 719.3903585520108, 764.3143714536342, 807.0105534081864, 847.9598683473586, 887.0975316736316, 924.3343141355016, 960.5760702918279, 995.9028743544962, 1030.2479561299951, 1064.813964889191, 1098.9695733479016, 1133.4024272612737, 1168.9433573691026, 1204.051184805303, 1240.1576373697303, 1276.817386291546, 1314.9981418963412, 1353.4256917996672, 1393.3740735800902, 1433.453188460147, 1474.466960033733, 1515.750357320123, 1555.7133241935148, 1595.1682055855413, 1632.9955894634586, 1668.4795147421378, 1702.6376946816117, 1735.8383844928885, 1767.537801919535, 1798.302838080188, 1828.1483728298804, 1857.4944387372648, 1886.7371557542024, 1906.3363841248251]","[4.1846223, 4.1812749, 4.1788731, 4.177219399999999, 4.1758804, 4.1746597, 4.1738329, 4.1730456, 4.1725335, 4.1716671000000005, 4.1712737, 4.1707220000000005, 4.1702104, 4.1699347]",3109.673585208875
80,0.5,1,45,"[0.0, 22.836787887777632, 57.77463545817636, 91.9466564797267, 126.46364994636122, 164.88120521662518, 205.65678581486043, 251.25100776313764, 304.8385046346335, 363.07360407122394, 419.65160624378086, 473.9190540374433, 525.1341004400773, 574.2938611694113, 621.7199723086986, 667.1574054303572, 712.6434343870227, 757.2684005882533, 799.916520364346, 840.6232315758297, 879.6969031183443, 917.2201267438157, 953.5171715253636, 988.8109684430493, 1022.9125076518768, 1057.330893764658, 1092.0678496165256, 1126.3464858175635, 1161.2715046329713, 1197.1262735319583, 1232.983593086919, 1269.688226881446, 1307.8554591010238, 1346.3015712300034, 1386.0141335690491, 1426.6344533698211, 1467.2225448723066, 1508.7661646758643, 1548.6208829178786, 1587.5743723230457, 1625.6798536628157, 1662.2393112322143, 1695.9534410053266, 1729.0105264739104, 1760.4616831690196, 1791.271194426768, 1821.0625711723533, 1850.5498036720564, 1879.8092053726564, 1905.906559372425]","[4.1844645, 4.1810389, 4.178794399999999, 4.1769829, 4.1756444, 4.1746206, 4.1735969, 4.1730456, 4.1721792, 4.1715097000000005, 4.171037200000001, 4.1705256, 4.1702104, 4.1696591]",3108.135969572892
81,0.5,1,45,"[0.0, 33.09479824647758, 68.43624771089412, 102.59097444160852, 137.10827836376723, 175.2604971401804, 215.97526445256665, 261.16083804089874, 315.17801970842106, 373.80939200244995, 430.30229447321153, 483.8718590700805, 534.6392516686868, 584.6497553633925, 631.7024800863791, 677.4873924028278, 723.2483774603571, 767.1108496647618, 809.8072226739549, 850.8408311575412, 889.8034937034719, 927.6707441913926, 963.4200579094494, 998.7249817924875, 1033.2398269636124, 1067.525292180771, 1101.9274624534755, 1135.8519921216925, 1171.4625665252793, 1206.812647685641, 1243.1758999058825, 1280.0688324366338, 1317.5082459473488, 1356.0801587051933, 1395.8604744553832, 1436.500350127376, 1477.3916373943139, 1518.2155305260735, 1558.4921206457125, 1598.0111393335683, 1635.3262669128785, 1671.5174413484779, 1705.7042976951998, 1738.4445737082337, 1770.2560295991093, 1800.8865683535646, 1831.0718493871937, 1860.1324097038319, 1889.3346107548846, 1906.710863903672]","[4.1844254, 4.1811175, 4.178794399999999, 4.1771407, 4.1757231, 4.1746597, 4.173636, 4.1728878, 4.1722579, 4.1715493, 4.1711555, 4.1706042000000005, 4.170131700000001, 4.1698165000000005]",3105.999484051919
82,0.5,1,45,"[0.0, 29.014698624316793, 64.44151576241995, 98.2081963480257, 133.28628229760875, 171.27570327242177, 212.12810443702176, 257.62488520669353, 311.526225242584, 369.3477032128817, 425.8230825340455, 479.206552019318, 531.4809758102373, 579.9852512688934, 627.4662008849012, 673.1453005129832, 718.5353626257335, 762.7987171845542, 805.6329641082929, 846.3577677986183, 885.7140785647126, 923.077761252319, 959.157786837351, 994.5289533204763, 1029.0916643610194, 1062.92460576932, 1097.3546714538538, 1132.1348622531514, 1167.226316070784, 1202.4458358886495, 1238.7307265039603, 1275.6556331190768, 1313.3179291639817, 1351.6631240219035, 1391.704399589286, 1431.6840202288176, 1472.6854608420194, 1513.7409273228309, 1554.297518098033, 1593.3302466454043, 1630.992841586481, 1667.228919156556, 1701.8340379488295, 1734.562023054637, 1765.6834584173648, 1796.4964393707023, 1826.1224434578176, 1855.7866913278422, 1884.954942278886, 1905.943848736777]","[4.1843858, 4.1810389, 4.1787157, 4.1771011, 4.1756835, 4.1745811, 4.1735573, 4.1728091, 4.1722579, 4.1715493, 4.1709981, 4.1704464, 4.170092100000001, 4.1697378]",3104.2163381542964
83,0.5,1,45,"[0.0, 30.848825122983612, 66.00904315550815, 100.256230722915, 135.02796024245208, 172.75626644731778, 213.54540717427017, 259.3033486184721, 312.7992437934399, 370.4263842971542, 427.26216082404005, 481.36248982430016, 532.3526832773616, 581.6765495742234, 628.1338473589412, 674.3201399422658, 719.6249528690889, 764.0638486478229, 806.7255398413281, 847.5670764622369, 887.0626001718022, 924.1501765281625, 960.3341081032797, 995.2488158443673, 1030.439099895311, 1064.560349781934, 1098.5658941606318, 1133.088015685907, 1167.8839574763028, 1203.3026890335223, 1239.066733891454, 1276.267118642298, 1314.021602889117, 1352.9238952347264, 1392.4758264008713, 1432.4590246276173, 1473.3072838198011, 1514.8460489945896, 1555.3750500475348, 1594.1692925594825, 1631.9031340710603, 1668.2797258171067, 1701.7275919960712, 1735.045710110835, 1766.6820148024708, 1797.3355889330155, 1827.5184986144668, 1856.6188596459037, 1885.926516094321, 1906.186168101332]","[4.184346700000001, 4.1810784, 4.1788731, 4.1771407, 4.1757231, 4.174542, 4.173636, 4.1728487, 4.1721005, 4.1715097000000005, 4.1709189, 4.1705256, 4.170131700000001, 4.1696591]",3102.791685520292
84,0.5,1,45,"[0.0, 32.12225123550354, 67.18145485421223, 101.59874058728963, 135.80897262332064, 173.76194491467857, 214.0425018431581, 259.80775679361534, 313.81600548893596, 371.38547004295344, 428.24532781529626, 481.6223882192677, 533.1641939209178, 581.9545887987281, 629.5852482791975, 674.8529686677525, 720.2562012912338, 764.6621225797321, 807.2061698727553, 848.1203387054818, 887.4837318566401, 924.7895889733884, 961.006321696319, 995.6944923353853, 1030.5606754630228, 1065.015535461499, 1098.958229745884, 1133.1771811346346, 1168.58167815978, 1203.867455149161, 1239.5491142113926, 1276.764942617836, 1314.5796013076585, 1353.1240696146401, 1392.7592946421773, 1432.8961653707322, 1474.230904012297, 1514.7126777835063, 1555.3913056787849, 1594.4714134217454, 1632.1842863852078, 1668.0256966203244, 1702.0827920501067, 1735.2302638583221, 1767.0460966496955, 1797.6043808423517, 1827.5183768732643, 1856.9530668648629, 1886.0882689226976, 1906.4311454577635]","[4.1845436000000005, 4.1809993, 4.178754799999999, 4.1771407, 4.1757231, 4.1745811, 4.1737146, 4.1729274, 4.172061, 4.1715097000000005, 4.1708403, 4.1704073, 4.170053, 4.169619600000001]",3102.18270526462
85,0.5,1,45,"[0.0, 32.83654615176431, 67.6015306937071, 102.18345949341585, 136.723063726154, 174.22144233424592, 214.92070423342147, 260.0305150057924, 314.3455881186917, 372.1277675138987, 428.4437439049518, 482.65411426488413, 533.9639404482193, 582.9804205864543, 629.7763664364525, 675.1218702474293, 720.7694848994049, 764.9266725197244, 807.631518469002, 848.3474199896125, 887.38868788117, 924.9996301474048, 961.2332985443836, 996.267345726256, 1030.861910978298, 1065.1549321982739, 1099.606179353218, 1133.4155777591677, 1168.815728251496, 1203.7843561396692, 1240.0672525722055, 1277.2035522713643, 1314.2106934763542, 1353.8399823709074, 1393.0318056033123, 1433.8153803941598, 1474.6680246653339, 1515.4669471984043, 1555.894023604002, 1594.773030889709, 1632.5317754609646, 1668.4416050364266, 1703.0366746064615, 1735.5185474973382, 1767.3828352839223, 1798.1045743736022, 1828.0097259781464, 1857.1527230552601, 1886.4506727329367, 1906.707967214964]","[4.184307100000001, 4.1808815, 4.1785975, 4.176943799999999, 4.1756444, 4.174542, 4.1735182, 4.1727304, 4.1721792, 4.1714311, 4.1709189, 4.170289, 4.1700134, 4.1695409]",3100.787876123453
86,0.5,1,45,"[0.0, 31.39244040361632, 66.43923320200906, 100.38549887431407, 135.41333429311476, 172.6345836290758, 213.44802575468316, 258.5705587701659, 312.2638491304276, 369.4314202540787, 427.088534737057, 480.43368819459613, 532.3257461685793, 580.8774333939997, 627.9961246169581, 673.2952541720284, 718.8904612769121, 762.509211034161, 805.6109515158695, 846.8532517271204, 885.8498794999929, 922.612613917347, 959.108417633856, 994.0643947166624, 1029.1436921624731, 1063.2285205561993, 1097.3941044921535, 1132.0824705096156, 1166.620102196378, 1202.3711373323504, 1238.1591766057463, 1275.1507234030896, 1312.9704012096636, 1351.4963758316353, 1390.5712929614265, 1431.5516988731529, 1472.22124361049, 1513.4281015679235, 1554.024036577965, 1592.7403310879345, 1630.6111118610493, 1666.2743838243464, 1700.4715347120455, 1733.4554648776957, 1765.0171264734586, 1795.9115947396576, 1825.605223651151, 1854.9484910106962, 1884.1399714472368, 1906.0705317311608]","[4.1843858, 4.1810389, 4.1787157, 4.177219399999999, 4.1756444, 4.1745811, 4.1737542, 4.1727304, 4.1721005, 4.1716671000000005, 4.1710768, 4.1704464, 4.1700134, 4.1695409]",3099.167079509684
87,0.5,1,45,"[0.0, 27.87888075782587, 63.47396294747557, 97.10073956415795, 132.03412431761228, 169.73514373750913, 210.31930255076225, 255.19632796318422, 308.6720018509201, 366.9356847170179, 422.9665265541231, 477.30430641979115, 528.4548892678763, 576.9646748657879, 624.4699113293691, 669.9696170081738, 715.0885232620783, 759.6336358863709, 802.4908585441203, 842.8334977878626, 881.8866869269511, 919.4953451440517, 955.6363527931967, 990.7548087151313, 1024.8642064754401, 1059.6943564894343, 1093.6908505310764, 1128.223572945458, 1163.1893236599692, 1198.3764092575277, 1234.093003831035, 1271.3277192677144, 1308.7278024756179, 1347.5694113379473, 1386.6801016342467, 1427.0233017465082, 1468.211639327725, 1509.038718492033, 1549.5436541586143, 1588.468043835877, 1626.5280050594613, 1662.6947254063073, 1696.5564752666771, 1729.2823817772698, 1761.1413361534762, 1791.8334102620831, 1821.661402756584, 1851.1086003267262, 1880.1913370498921, 1904.9429689740684]","[4.1841888, 4.1808028, 4.1785975, 4.1767073, 4.1754079, 4.1744628, 4.1734786, 4.1728091, 4.172061, 4.1714311, 4.1707616000000005, 4.1704464, 4.1698561000000005, 4.1695409]",3097.346836643472
88,0.5,1,45,"[0.0, 30.12141938932791, 65.36488954687559, 99.34323271137168, 133.91729627082918, 171.423271731083, 211.89287289438732, 256.9563193417964, 310.61840310629464, 368.01279751411437, 424.75399456533864, 478.82950006289013, 529.7609148823834, 579.1524642350809, 625.9750172266607, 670.8318842804096, 716.5038552165614, 760.8628674599532, 803.5685868355903, 844.7363225086837, 882.950087212491, 920.4717272105034, 956.7380155984073, 991.2189061577891, 1026.2787876432335, 1060.5532015110352, 1095.0268084478062, 1129.257506908913, 1164.3256650036842, 1199.8284299791649, 1235.625800111594, 1272.298141416365, 1310.0879765149898, 1348.6039163603687, 1388.5253724973904, 1428.7145777484516, 1469.8381517685575, 1510.4528664257905, 1550.7562629625481, 1590.2216259745915, 1627.8607014639015, 1663.6022660947106, 1698.0904234847198, 1730.4339940067512, 1762.2552967902034, 1793.128513021897, 1822.9003736415052, 1852.0390060849577, 1881.2804166817837, 1906.2283570777727]","[4.1843858, 4.1810389, 4.178754799999999, 4.1771011, 4.1756444, 4.1745811, 4.173636, 4.1726909, 4.1719823, 4.1715493, 4.1709585, 4.1704464, 4.1699739000000005, 4.1695805]",3096.346548366834
89,0.5,1,45,"[0.0, 27.159105625600546, 62.58461091694471, 96.33869982226179, 130.88486048775906, 168.66347958624442, 209.0241874517784, 253.98857719559987, 307.99530072036373, 365.29336837541484, 421.57235709728104, 475.3783618770658, 526.2891309774708, 575.6897790551544, 622.124802356254, 667.7156463893331, 712.7278764186607, 757.3374706461858, 800.1387278848111, 840.6744453038392, 879.7072301820177, 917.0346908147582, 953.0204548951752, 988.422971417922, 1022.7752081897562, 1056.8175538377095, 1091.1751958067703, 1125.7856914990507, 1160.4948070385926, 1195.9040779621437, 1231.8808564301203, 1268.324363777424, 1306.3710447335152, 1344.7745389007619, 1384.7784293505501, 1425.0716827973774, 1465.9620635196084, 1506.884578056105, 1547.1499021924424, 1585.732678521083, 1623.720036932349, 1660.001689067662, 1694.1247544696976, 1726.8296254711377, 1758.6506201604943, 1789.3657691071335, 1819.2256110867847, 1848.5801410138688, 1877.746944593419, 1905.4889600158003]","[4.184346700000001, 4.180920599999999, 4.1784792, 4.176943799999999, 4.1754079, 4.1744237, 4.1734786, 4.1727304, 4.1719823, 4.1712737, 4.1706829, 4.1702499, 4.1697774, 4.1694226]",3094.825678037113
90,0.5,1,45,"[0.0, 27.69071724856326, 62.99487574489194, 96.82709084182136, 131.08193806206566, 169.08669922230524, 209.61658964452033, 254.03551178832095, 307.77696719512016, 365.4435239856267, 421.5313364528678, 475.3200082883026, 526.7726406151576, 575.5176940707881, 622.7732664874729, 668.2683426199112, 712.8960798700823, 757.6686975742844, 800.0223339495105, 840.6487745038232, 880.0742010497352, 917.4714925044839, 953.3285012268243, 988.6932317124413, 1022.994981124988, 1057.1551965388285, 1091.4034231482212, 1126.1052933052067, 1160.6202636122298, 1196.3181600256125, 1232.1054225233956, 1268.9218153374677, 1306.4502367549426, 1345.1386364450007, 1384.5123146394021, 1425.1536515089795, 1466.1723507712547, 1507.1824341323245, 1547.3666534426177, 1586.6154601266783, 1624.0090502290702, 1659.8409463141477, 1694.6007460043922, 1727.0515419251772, 1758.878542688645, 1789.6163619550177, 1819.4678467110923, 1848.7856162412002, 1877.9486330509305, 1905.3641348472768]","[4.184307100000001, 4.1808815, 4.1785583, 4.1768255, 4.1754866, 4.174345, 4.1732817, 4.1724939, 4.1719036, 4.1712737, 4.1706829, 4.1702499, 4.1698561000000005, 4.1693835]",3093.3046836147746
91,0.5,1,45,"[0.0, 26.450723071080233, 61.6054587948538, 95.61409347108588, 130.34894924109494, 167.4401916933673, 208.0241010312883, 253.1824666539178, 306.10309112789446, 363.58582012401735, 420.2944638934473, 473.86563490479284, 525.6073989459496, 574.4733132191407, 621.4835655580812, 666.8245618932799, 711.6626311495413, 755.607667096936, 798.6023483987083, 839.5200200926545, 878.4067832233886, 915.8933741679684, 951.6320961350855, 987.0068123532317, 1020.732211914547, 1055.876871102654, 1089.7027574051012, 1124.0798194109257, 1158.7846331024261, 1194.505558724238, 1230.3069431791332, 1266.993103869584, 1304.893214941559, 1343.397913590162, 1383.2648446134192, 1423.5015760566498, 1464.0634708139683, 1505.170116383739, 1544.9674437971614, 1584.5795069482822, 1622.4758460946684, 1658.8159954608943, 1692.7894422441657, 1725.422183179722, 1756.9247037180555, 1787.5260419568478, 1817.405059517139, 1846.8159595935938, 1875.94644799516, 1904.9273834504536]","[4.1842284, 4.1808419, 4.178518799999999, 4.1767468, 4.1754079, 4.1744237, 4.1734786, 4.1725731, 4.171942700000001, 4.1713524, 4.1707616000000005, 4.1702104, 4.1698165000000005, 4.1694226]",3091.8176040294043
92,0.5,1,45,"[0.0, 25.938802997942275, 61.07834961208175, 95.03684253691779, 129.452565755931, 166.95103689864243, 207.54911232243148, 252.2523432049802, 305.55690349202325, 363.00383683078917, 419.38370216966155, 472.7753524484277, 524.54248787511, 573.3525475309211, 619.6519664934797, 665.6406474603559, 710.5614208431518, 754.799095795426, 797.3375382528884, 838.2400533467585, 877.1273842111673, 914.6813474053167, 950.8821970035619, 985.7085288407202, 1020.3928365685549, 1054.3414158798967, 1089.1603159056467, 1123.3307080014301, 1157.8670505481534, 1193.1535187145823, 1229.1747030250833, 1266.2393445490945, 1303.52897238303, 1342.0588867261606, 1381.7965538195476, 1421.8706888909226, 1463.2577942773648, 1504.318686984201, 1544.2585709614555, 1583.9186115311168, 1621.1370162889284, 1657.5812712279326, 1691.680260995509, 1724.2492438512022, 1756.040937685278, 1786.7042655095424, 1816.4563413826645, 1845.7236613420205, 1874.9218050787372, 1892.240465009494]","[4.1841497, 4.180920599999999, 4.1786761, 4.1769042, 4.1754079, 4.174345, 4.1733603, 4.1724153, 4.1717854, 4.1713524, 4.1707220000000005, 4.1701708, 4.169895200000001, 4.1693048]",3090.340362061358
93,0.5,1,45,"[0.0, 25.842335785048704, 61.37146727301638, 95.3552664589323, 129.59349156440112, 167.28547563639574, 207.47828599420336, 252.40220430160628, 305.0703819480991, 363.47607505072665, 419.4375713352408, 473.425086560768, 524.3072317356314, 573.2535311149761, 620.3076810776929, 666.1200601706091, 710.7802115730706, 754.8525666969927, 798.2688369684465, 838.5462803951536, 877.5747507667502, 914.7930769216171, 950.892421945656, 985.4272614069591, 1020.4460415036976, 1054.4006080446131, 1088.7892551616706, 1123.21218558453, 1157.9093284425412, 1193.09802721955, 1229.3621412904295, 1266.0290057162435, 1303.357546998886, 1341.754186078396, 1381.5407299430651, 1421.8471593296745, 1462.993154872286, 1504.189558932752, 1543.7294871728723, 1583.1793859993418, 1621.017398351662, 1657.0578557499553, 1690.9800824903086, 1724.1884395348284, 1755.673092186446, 1786.354583627584, 1816.155094135906, 1845.371966996911, 1874.6023111065588, 1891.2745490413395]","[4.184267500000001, 4.1807632, 4.1784792, 4.1766682, 4.1754866, 4.1742663, 4.173439, 4.1725335, 4.1717458, 4.1712341, 4.1707220000000005, 4.1702104, 4.1697774, 4.1691866]",3089.228369797906
94,0.5,1,45,"[0.0, 23.658034019955835, 59.46111754632557, 93.5725241709921, 128.11297772499313, 165.2892305819753, 205.90341871234114, 250.1831226961474, 303.71316906223467, 360.2904973146509, 417.5989013441721, 471.40933081100013, 522.4609197084333, 571.0993988145619, 617.7066644097688, 663.0392566070116, 708.6592346794594, 752.3872627590138, 794.8646252478698, 835.7875343638348, 874.3013657735187, 912.2130912922808, 948.1679717773413, 983.2822578256007, 1017.4763291327529, 1051.9122626051383, 1086.1632782485024, 1120.364046346469, 1155.395967071717, 1190.7824884717213, 1226.5360640395347, 1263.5662657691187, 1300.5890527599909, 1339.2563921821454, 1378.7180871105447, 1419.6122914451585, 1460.171712082244, 1501.302260588635, 1541.4981819303334, 1580.5463782424208, 1618.2922247825932, 1654.1415164164437, 1688.2961113403526, 1721.2980965432157, 1753.0864396376874, 1783.552008505193, 1813.5396030986435, 1842.8414182270435, 1871.8390976266965, 1890.8794104715976]","[4.184071100000001, 4.1808028, 4.1784005, 4.1767468, 4.175211, 4.1741872, 4.1732421, 4.1724548, 4.1718249, 4.1711159, 4.1706042000000005, 4.170053, 4.1696982, 4.169147]",3087.68264131117
95,0.5,1,45,"[0.0, 22.515765690880016, 58.14240913825802, 91.93455616621645, 126.4481041654783, 163.69794513701697, 204.1902701350091, 248.13128668911065, 301.52115020070414, 359.14807964826457, 415.793365807363, 469.4156473884368, 520.17846995632, 569.6085693909845, 616.1538993182419, 661.6606430039494, 706.7117135122642, 750.3330982944601, 793.1231722728871, 833.9994848023796, 873.041360460187, 910.1455965329721, 945.9460208382689, 981.2424887874715, 1015.8033493475339, 1050.114231487754, 1084.0277010590228, 1118.3099955877672, 1153.191818249667, 1188.1316856927588, 1224.6106507845332, 1261.1153651164518, 1298.2967805818841, 1337.2074133255958, 1376.9110995357923, 1417.1473849406598, 1458.1970472451337, 1499.246024324527, 1539.3105557896306, 1578.2242295846404, 1615.710287466463, 1652.0343109132054, 1686.2549758474606, 1719.3230239073669, 1750.598854798, 1781.2247163679117, 1810.9357053889712, 1840.373719019657, 1869.5234176304853, 1890.8399250663238]","[4.184071100000001, 4.1807237, 4.1784401, 4.1767468, 4.1753292, 4.1741085, 4.1731634, 4.1723762, 4.1716671000000005, 4.171194600000001, 4.1705256, 4.1699347, 4.1694622, 4.169147]",3086.227942014704
96,0.5,1,45,"[0.0, 22.574385656298546, 58.26398769590401, 92.11063191893129, 126.20611247067723, 163.61158987084116, 203.95642934678074, 248.2876876711548, 300.7367496716688, 358.6209410720621, 414.90749377326813, 468.82515389551577, 520.220624096218, 569.2545246182447, 615.7610677796747, 661.1296896505241, 706.2885083559154, 750.0614635944098, 792.7255963398907, 833.5894563109994, 872.392711922683, 909.6826993089503, 946.030579338217, 980.891914679296, 1015.0442472958448, 1048.992112423368, 1083.5156339062937, 1117.5402316867467, 1152.7275029844577, 1188.1424918524965, 1223.915295389698, 1260.6203754802073, 1297.752981288309, 1336.4395668402221, 1376.6034618360018, 1416.7090515559187, 1457.6026496238978, 1498.1584431529323, 1538.6871009874183, 1577.7166357681888, 1615.400598266075, 1651.6318435121646, 1686.167814412396, 1718.4682087410035, 1750.192522373239, 1780.8713900437085, 1810.5186731629594, 1839.8246894811111, 1869.0126363305737, 1890.5053581669779]","[4.1842284, 4.1808419, 4.1784792, 4.1766682, 4.175368799999999, 4.1742268, 4.1733603, 4.1724548, 4.1717067000000005, 4.1711159, 4.1705256, 4.1699739000000005, 4.1696982, 4.1691866]",3085.0131056922746
97,0.5,1,45,"[0.0, 22.676896979888284, 58.145421398879535, 91.75890881868406, 126.1405345929827, 163.08623535354775, 203.80418352432514, 247.92142697763495, 300.8293957616638, 357.84918604028894, 414.48295576771886, 468.60842765982113, 519.6970950104156, 567.8678812788779, 615.1262987099022, 660.7122154882551, 705.4149752728584, 749.099137425325, 791.9412751815811, 833.093714203915, 871.4967307661767, 909.0806088794499, 945.3983745649529, 980.1136082102904, 1014.3885494780315, 1048.7657152623997, 1083.1510773416262, 1117.215802962477, 1152.4846849686473, 1187.6457401492266, 1223.2608247496378, 1260.3597009698142, 1297.223110350748, 1335.9134500309538, 1376.2146910313545, 1416.0390746492249, 1457.1444701791474, 1497.8033653432435, 1538.1465006982912, 1577.6672099029765, 1614.8624536988368, 1650.8612681323762, 1684.8851866416494, 1717.7847075343198, 1749.4677778311398, 1780.2535016785132, 1810.0094485635282, 1839.160183542342, 1868.2709138375003, 1890.6151884346514]","[4.1841497, 4.1806846, 4.1784401, 4.1765895, 4.175368799999999, 4.174345, 4.1733212, 4.1724153, 4.1717458, 4.1711159, 4.170564700000001, 4.1700134, 4.1695018, 4.1691866]",3083.8071431045173
98,0.5,1,45,"[0.0, 34.07516483123425, 69.37811801681573, 103.14139072692717, 137.8982552042645, 174.67122026589595, 214.6860636097606, 259.3675327504766, 312.08298248142887, 369.77145521638147, 425.3732676821834, 479.4172766252325, 530.8329784481746, 579.3119301527272, 626.3730918970027, 671.579246481087, 716.3297748253813, 760.3419105298294, 803.387267013934, 843.5627155711632, 882.7397896356094, 919.9645960222178, 956.0513539057738, 990.3385432173097, 1025.3706064315913, 1059.2646485397395, 1093.8296261151595, 1128.4384367905461, 1162.8100106503455, 1198.288325193406, 1233.9514078872683, 1270.6835215662913, 1308.0852561980298, 1346.587583345358, 1386.145764954077, 1426.4555455004845, 1467.2427136515262, 1508.2429912885648, 1548.147549694487, 1587.412623932483, 1625.2543467315215, 1661.32180000828, 1695.6753525921256, 1728.0078910490804, 1759.9967063622232, 1790.5596721814966, 1820.4067541292409, 1849.7271165685304, 1878.8453830064666, 1905.7775069792344]","[4.184267500000001, 4.1807237, 4.1783218, 4.1767864, 4.1754475, 4.1741872, 4.1732421, 4.1724548, 4.1717067000000005, 4.1711159, 4.1706433, 4.170053, 4.1694622, 4.1692653]",3082.440453453368
99,0.5,1,45,"[0.0, 33.189020188195286, 68.53620868592748, 101.79070888331319, 136.5645289899578, 173.7885655488709, 214.17795581930534, 257.91979521120504, 311.12901120273807, 368.3252405352856, 424.88886167586736, 478.1097914648482, 525.4808270202021, 578.8839972246195, 624.7957107638366, 670.324553660041, 714.6521351804942, 759.473195185309, 801.6778381870746, 842.2586639056047, 881.2541285357435, 918.7117332915733, 954.715613940912, 989.4594293068711, 1024.2424691127726, 1058.2519482163138, 1092.5465119856703, 1126.8371664032375, 1161.414828759771, 1196.2972561943752, 1232.5175531332893, 1269.4238629878587, 1306.5204981175148, 1345.1111618785117, 1384.7754275508191, 1425.188639556367, 1465.9960864052214, 1506.7248432212955, 1547.2121046466732, 1586.089789760424, 1623.4932446348353, 1659.5307002507939, 1693.9477002653944, 1726.6154186513104, 1758.032392470112, 1788.711745656658, 1818.5461660370452, 1847.9235991981682, 1877.0447582412376, 1904.779775541112]","[4.184031500000001, 4.1805663, 4.1782827000000005, 4.1764712, 4.1750536, 4.1739511, 4.1730847, 4.1723366, 4.1715884, 4.1708403, 4.1703677, 4.1698165000000005, 4.169343899999999, 4.169068299999999]",3080.8722001451283
100,0.5,1,45,"[0.0, 33.56714574362729, 69.28157991648538, 103.24200521688545, 137.73308289350996, 174.45407886973157, 214.53915011029278, 258.79261690702856, 311.4559956923812, 368.62932922749917, 424.7952643400878, 478.688626823149, 530.0426815987971, 578.6689028384285, 625.4739069573498, 671.070693009453, 714.7824625992071, 759.821716323662, 802.1920593292534, 842.5394673900646, 881.6837600197928, 918.9324323364915, 955.3651130995343, 990.4380068968787, 1024.303242041958, 1058.3919419486842, 1092.9320778489962, 1127.1781037503029, 1162.1183493448902, 1196.9540915526757, 1232.979049499925, 1269.6003044892486, 1307.5005119705806, 1345.4319487142452, 1385.1214928374484, 1425.327205287658, 1466.4055242461768, 1506.5640103312683, 1547.3173223645833, 1586.4440509383724, 1624.009230472837, 1660.0605820837602, 1694.360101048567, 1727.1850514344553, 1758.8013407410247, 1789.358422622812, 1819.3093687477237, 1848.4947517447006, 1877.6009097917665, 1905.2055105416523]","[4.1839919000000005, 4.1805663, 4.1782432, 4.1765499, 4.1751323, 4.1739511, 4.1728878, 4.1721792, 4.1712737, 4.1709585, 4.1703677, 4.1698561000000005, 4.1695805, 4.1689501]",3079.7041861169428
101,0.5,1,45,"[0.0, 34.2804422609679, 69.5372627539308, 103.2843817873179, 138.01893876754355, 175.4298308320142, 214.98429930746192, 259.30480684698045, 312.27280859741415, 368.63350905768243, 425.1036149198367, 478.8583480665601, 530.64650178825, 579.2719614527131, 626.2713285805859, 670.4632215122525, 716.207975936508, 759.8476423342692, 801.946156287708, 842.8200119591135, 881.7961365297241, 919.0749503237188, 955.333597204691, 990.4659116091917, 1024.605788891859, 1059.0003537885113, 1092.8086116802756, 1127.2614741893567, 1161.9872676631257, 1196.897574155746, 1233.211059783358, 1269.8353232923419, 1307.2814014922396, 1345.7201196086125, 1385.05244746861, 1425.3418234416204, 1466.2851883202807, 1507.0284274993305, 1547.4663876298391, 1587.00149544139, 1624.483048246228, 1660.4388427013614, 1694.663844561508, 1727.2429684108606, 1758.869993611514, 1789.4620474285584, 1819.5312731263102, 1848.5126290859002, 1877.625634944859, 1905.3502349717883]","[4.184071100000001, 4.1806846, 4.1783218, 4.1764712, 4.1753292, 4.1738329, 4.1731634, 4.1722579, 4.171628, 4.1709189, 4.170486, 4.1698165000000005, 4.1694622, 4.1688714]",3078.538492732068
104,0.5,1,45,"[0.0, 33.56409990120278, 69.03041712772108, 102.76584655305146, 136.97480722181206, 174.50813416696815, 214.5617459771289, 258.8128802214334, 310.7498756469214, 368.4567738589999, 424.49866108586593, 478.386727805292, 529.4488638634394, 578.2853638122521, 624.5106130394257, 669.7634377951728, 714.8525554784052, 758.6020912002015, 801.3571513436381, 842.0021685413027, 881.0677958428895, 918.39756587553, 954.2383111398391, 988.9958688370594, 1023.6907160349866, 1057.5439430228307, 1092.0331892593053, 1125.8385870338439, 1160.4962545822932, 1196.2221209937347, 1231.6187172589634, 1268.183844174675, 1305.950654347373, 1344.3137748759932, 1383.9309912967278, 1423.9089143861397, 1464.9072052881343, 1505.9896881914797, 1545.6647940166426, 1584.7424472742623, 1622.7011330273008, 1658.1837767758389, 1692.7768148986947, 1725.434835120052, 1757.3144917936215, 1787.959496795555, 1817.790515148325, 1847.1218683734114, 1876.0156444270738, 1904.3825429492176]","[4.1839919000000005, 4.180644999999999, 4.1782827000000005, 4.1765895, 4.1750536, 4.1739511, 4.1730847, 4.1721005, 4.171470200000001, 4.1708012000000005, 4.1702104, 4.1697378, 4.169343899999999, 4.1689110000000005]",3075.518253234457
105,0.5,1,45,"[0.0, 29.63928435955188, 65.0660931712373, 99.03635991623366, 133.0131747907683, 170.35603972274248, 210.49013203403206, 254.4768779079775, 306.60095235534504, 363.8941184777476, 420.21390773608846, 473.9393580083755, 525.177439868013, 573.8571824580509, 620.5219559949429, 665.7314185759834, 710.5160605569121, 754.2157138978727, 796.564089942815, 837.3341888889553, 876.8300901160134, 913.7945256867748, 949.663965074469, 984.620932839115, 1018.3952808859889, 1052.7932690666717, 1087.3377630133118, 1121.4400590964456, 1156.0942387444716, 1191.7121346627123, 1227.2925978031822, 1263.937878338421, 1301.1190197807573, 1339.5767267257393, 1378.9748029245538, 1419.1375147190124, 1460.2229163823422, 1500.8264521412884, 1540.9902897829038, 1580.211620510227, 1617.464364605365, 1653.8960234143378, 1688.4725227593713, 1720.7380335458556, 1752.5438580573068, 1783.1760322715486, 1812.9936861034657, 1841.9698173469496, 1871.1875943611813, 1891.3092193208126]","[4.184071100000001, 4.1805663, 4.1780858, 4.1765895, 4.1750536, 4.1739511, 4.1730061, 4.1720219, 4.171470200000001, 4.1708798, 4.1702499, 4.1698165000000005, 4.169147, 4.1687536]",3073.853382702367
106,0.5,1,45,"[0.0, 28.88965612379593, 64.5608372712993, 98.36031511712406, 132.63003403527728, 169.38407913837716, 209.73663194308836, 253.3459205931282, 306.1586967274004, 362.2028391680751, 419.43989367246286, 472.41773451322115, 524.0544167498, 572.4333307970365, 619.1479424950613, 664.3772201194619, 708.9709724309693, 752.7611758003185, 795.5301884945098, 836.1739056040234, 874.8740828944786, 911.9830304889316, 948.3076902655654, 982.9534872697337, 1016.9804105752725, 1051.592273270819, 1085.9869858839252, 1120.2433516043416, 1154.7970672304218, 1189.758137057715, 1225.7505019337173, 1262.0988642073557, 1299.4117298718238, 1337.669812002197, 1377.2653322947535, 1417.5528869576492, 1458.579415185788, 1499.8543146763573, 1539.3744479559268, 1578.5894362381277, 1616.0950606778774, 1652.1092774078866, 1686.5736208344802, 1719.31757787478, 1750.5182082325737, 1781.2185220818587, 1811.0560600655576, 1840.3559283333757, 1869.191133535629, 1890.797440795423]","[4.1839528, 4.1803694, 4.1780462, 4.176313899999999, 4.1749353, 4.1737146, 4.1727304, 4.171864, 4.1712341, 4.1706042000000005, 4.169895200000001, 4.1695805, 4.169068299999999, 4.1688714]",3072.0153249911823
107,0.5,1,45,"[0.0, 25.525787000623836, 60.86021176741997, 95.07545700212302, 128.98872303264932, 165.98545859657725, 205.8591633785502, 250.23649986072428, 302.6148745125165, 358.7211240121975, 415.0446181903427, 469.08516349292086, 519.8930307711724, 568.6413011089375, 615.2694632210877, 660.7001931582566, 705.074110396732, 748.5003169853613, 791.2302002298271, 832.2521400514128, 871.5048706223885, 908.0815049496258, 944.0370335810711, 978.8647573428185, 1013.3220672419296, 1047.0385249994142, 1081.7413413381473, 1115.4178095904822, 1150.7028129058885, 1185.592950801435, 1222.3156137471578, 1257.7490430336497, 1295.0181997988452, 1333.6359602995758, 1373.2228572350973, 1412.9636711963417, 1453.9361780753952, 1494.3602333369295, 1534.9525937933067, 1574.158387413212, 1611.2099001249348, 1647.4760937687456, 1681.779205174988, 1714.5585412778814, 1746.294446012737, 1776.9760292414217, 1806.6908880032174, 1835.965609078843, 1865.0448273884522, 1889.8457937735316]","[4.1839919000000005, 4.1804876, 4.178124899999999, 4.1764317, 4.1750145, 4.1738329, 4.1729274, 4.1721005, 4.1713915, 4.1705256, 4.170053, 4.1695805, 4.169147, 4.1686745]",3071.0239165955923
108,0.5,1,45,"[0.0, 28.388408477876624, 63.87024533987028, 97.6236761548571, 132.21541344046375, 169.10979100401153, 208.9707547132416, 252.96217083815668, 304.79531029560985, 362.7523944337788, 417.62985265723137, 471.77201375046764, 522.9234672828227, 571.1882331608813, 617.9023577702249, 663.1324744962963, 707.5960375319341, 751.3228715943605, 793.9626165510783, 834.8949715462848, 873.2405608548099, 910.5043747537684, 946.35334354366, 981.4106668567879, 1015.5640073864072, 1050.0500819789575, 1083.8859218636558, 1118.6493458604764, 1152.8585031397495, 1188.143475661158, 1223.7600626666367, 1260.0676353155407, 1297.5986654677313, 1336.0615039719592, 1375.3609186046863, 1415.1131086555035, 1456.1274150638242, 1496.8834443899755, 1537.5718097723116, 1576.0234726092476, 1613.767002253138, 1649.8466872619251, 1684.4889337235968, 1716.717014802598, 1748.4477580519065, 1779.2432253413913, 1809.0186242033128, 1838.3369360063075, 1867.249096375901, 1890.8726284771737]","[4.1839919000000005, 4.1805267, 4.1780858, 4.176313899999999, 4.1748176, 4.1737146, 4.1728091, 4.172061, 4.1713524, 4.1705256, 4.170092100000001, 4.1695409, 4.1689897, 4.1686745]",3069.604934082033
109,0.5,1,45,"[0.0, 28.11200932470331, 63.050891935636514, 97.16739286561926, 131.6295535670265, 168.15197784918223, 208.20301502470988, 251.8904048245147, 303.86767786321957, 360.66367174782204, 417.21026671543393, 470.4344792176274, 521.7633902364511, 570.2556535976502, 617.1237429294409, 662.0849519104107, 706.556579415916, 750.5596281345194, 792.9176692871966, 833.4163959022475, 872.5587310321615, 909.9024916705031, 945.1840784648167, 980.4567214406007, 1014.2737075435635, 1048.8992900078715, 1082.8519030066122, 1117.1266858132403, 1151.463469402593, 1186.5478491347812, 1222.593595428024, 1258.9337166462942, 1296.5679743042979, 1334.652717787505, 1374.273554641548, 1414.6102739300504, 1455.1761615223627, 1495.4409111198875, 1536.0210916630276, 1574.927134387167, 1612.7806121863805, 1648.5402965597837, 1683.036668907659, 1715.5740870296395, 1747.4180728014553, 1777.867476192091, 1807.7931875872869, 1836.9493875168732, 1866.0912515391192, 1891.1878658295368]","[4.183874100000001, 4.1805267, 4.177928, 4.176274299999999, 4.1748962, 4.1736755, 4.1726518, 4.1718249, 4.1711159, 4.1705256, 4.1700134, 4.1694226, 4.1692257, 4.1685958]",3068.8924324298823
110,0.5,1,45,"[0.0, 27.105804979976483, 62.23231715625661, 96.16054100607118, 130.05044888488203, 167.54199352536705, 207.16439863852713, 251.25980507529778, 301.93566327686676, 359.8988871184838, 415.5576329216931, 469.33470374547323, 520.5411338553846, 569.0786812779628, 615.9674272435819, 660.771925495253, 705.1191356902799, 748.833509125062, 791.3825349029668, 832.1132855869454, 871.3890503713832, 908.3146271067884, 943.7687791645013, 978.3447513453069, 1013.0037332630435, 1047.1318707853502, 1081.6463670227622, 1115.7758010803632, 1149.918529191394, 1185.3434838919043, 1221.3553148447868, 1257.6214381778932, 1294.9451358009096, 1333.5407923907042, 1372.5298270753892, 1412.777562965122, 1454.0039699025647, 1494.288629796417, 1534.6735142383932, 1573.8094911194885, 1611.4155819217895, 1647.3686439887556, 1681.8835959071903, 1714.6422948193203, 1746.129336092452, 1776.689999275331, 1806.4408780558188, 1835.7685575919045, 1864.7200245106642, 1890.5074551368548]","[4.1839919000000005, 4.1803694, 4.178164499999999, 4.176313899999999, 4.1748176, 4.1737146, 4.1728091, 4.1721396, 4.1712737, 4.1708012000000005, 4.1700134, 4.1695409, 4.1691079, 4.1686354]",3068.140023217771
111,0.5,1,45,"[0.0, 21.91501424096373, 57.52331385247976, 91.11298330421994, 125.51663453192714, 162.1694760900757, 202.51577011285337, 245.97028391808533, 297.47249674976047, 354.2846290838892, 410.67950181778895, 464.5346277276676, 514.6059403945968, 563.9411109412875, 610.0851510286544, 655.2213735443619, 700.0023629037354, 743.6401252052839, 785.5629050337083, 826.8931311303419, 865.3350637983677, 903.0618828005728, 938.4841979934268, 972.9720228776879, 1007.3428862611298, 1041.9535835552056, 1075.8398831921982, 1109.478491382611, 1144.5877863073597, 1180.1382904797847, 1215.633174089031, 1251.416236495807, 1289.2590309217112, 1327.8580458945362, 1366.8019576534966, 1406.967575225572, 1447.856752280155, 1488.315239182185, 1529.2896805620649, 1567.9262296281327, 1605.5915949272671, 1641.5519998461573, 1676.1851495384212, 1708.8995431128901, 1740.4110698930613, 1771.089662395083, 1800.9068669624949, 1829.9655346745008, 1859.1863965336584, 1876.2569050981301]","[4.1839132, 4.1804876, 4.178164499999999, 4.1762347, 4.1748176, 4.1738329, 4.17277, 4.1719036, 4.171194600000001, 4.1706042000000005, 4.170092100000001, 4.169619600000001, 4.1691866, 4.1686745]",3066.590565127089
112,0.5,1,45,"[0.0, 25.461522235802136, 60.572117986579656, 94.63770434377182, 128.92365490756083, 165.64506643399545, 205.6259268139105, 248.44322697444682, 300.2940823545579, 357.1015796399015, 413.56692849884234, 467.0841458461342, 518.3215847422352, 566.9959976516288, 612.8830312922867, 657.9302479566695, 702.7252893746013, 746.3017489428782, 788.8931437775889, 829.4842337193384, 868.0093138042048, 905.3114265298457, 941.4118066513568, 976.2969560012668, 1010.3569416953026, 1044.8103020028752, 1078.9201617308136, 1112.8742840813634, 1147.3567529433558, 1182.7515227366123, 1218.5704936105788, 1254.5241678739521, 1291.6871476651017, 1330.3182934607976, 1369.760706822984, 1409.5076903292118, 1450.588267247534, 1491.2729710443132, 1531.326549360559, 1570.2716845700706, 1608.2616494360846, 1644.0615543438366, 1678.2651517818726, 1711.4025853041694, 1743.011400199031, 1773.7414625807214, 1803.605556040879, 1832.9834396127935, 1861.9634139927211, 1890.4649358728038]","[4.1839132, 4.180409, 4.178164499999999, 4.176274299999999, 4.1748567, 4.1737542, 4.1726909, 4.172061, 4.1710768, 4.1705256, 4.1699347, 4.1695018, 4.1689110000000005, 4.1685567]",3065.0671340432423
113,0.5,1,45,"[0.0, 26.34847177664335, 62.03286027741376, 96.10200588253417, 130.47432358442154, 167.14644843061092, 206.50569622069088, 250.34006042012197, 301.24186202845885, 358.2664929684885, 414.7754704408603, 467.8616268096082, 519.5846070437435, 567.3711464796559, 614.1436049602435, 659.2676602618042, 703.9937000691473, 747.4246594539823, 789.8121426408836, 830.7911875965578, 869.2390302630133, 906.3921718589695, 942.4495533683505, 977.3058684948176, 1011.343498853925, 1045.1009767941264, 1079.2009748179162, 1113.6420935225747, 1148.198417456655, 1183.4413070489093, 1219.329761010108, 1255.479247513134, 1293.104850719676, 1331.4883100685697, 1370.2332158242077, 1410.4463860483413, 1451.8358830712293, 1492.0716115569392, 1532.4793464009492, 1571.9526080351732, 1609.2540774629254, 1645.136922449252, 1679.5298613002708, 1712.3930154380312, 1743.7628981952341, 1774.5272555198528, 1804.4702013255594, 1833.5577460197503, 1862.6839465216992, 1889.7962780802393]","[4.1839132, 4.1803303, 4.1779675, 4.1761956, 4.174778, 4.1736755, 4.1727304, 4.1718249, 4.1711159, 4.1703286, 4.169895200000001, 4.1694226, 4.1689110000000005, 4.1685958]",3063.651464630942
114,0.5,1,45,"[0.0, 24.023262761021897, 59.86061313155096, 93.6408109384721, 127.94088453734321, 164.59225287159552, 203.89555539473656, 246.6769586737713, 298.50120504122697, 355.98747930936975, 411.8561235235941, 465.2500141088084, 516.9529676236914, 564.8074053788223, 611.604673750689, 656.3936830692271, 701.1369822143895, 744.3766757132689, 786.8339785644105, 827.3766151327443, 866.3275938992454, 903.2826757215521, 939.7571484326772, 974.1421483328841, 1008.7923517767822, 1042.7143842270991, 1076.95696960215, 1111.0437978652792, 1145.5949896187858, 1180.2067405649782, 1216.6126849047935, 1253.1662442266604, 1290.2233785282276, 1328.516095246174, 1368.1557184644748, 1408.0245462514886, 1448.9377779003228, 1489.4029049876856, 1529.7699254856045, 1568.9979979531097, 1606.2972149082968, 1642.7453278160572, 1676.7462685124754, 1709.56767340065, 1741.4611884680487, 1771.7282822407676, 1801.7427402231253, 1830.9799667263053, 1859.9743520967788, 1877.174213083226]","[4.1839132, 4.1803303, 4.1779675, 4.176313899999999, 4.1749353, 4.1737542, 4.1725335, 4.1718249, 4.1711555, 4.1706042000000005, 4.1699347, 4.1694226, 4.1689897, 4.168438399999999]",3063.068316433105
115,0.5,1,45,"[0.0, 24.19600223865757, 59.93327397624603, 93.7936980923206, 127.98390663142732, 164.52001037886248, 204.3077227333996, 247.2639011443307, 298.86857303028955, 355.49772658341476, 412.40239086427164, 465.0156272247858, 516.3292101138527, 564.9997485563533, 611.7064856243974, 656.0607222139658, 700.6839238015252, 744.3447180300784, 786.4890279513561, 827.79536768046, 866.7917101754838, 903.396061688677, 939.6791143650171, 974.7074061001877, 1008.7338717518824, 1042.9602875444004, 1076.7021489514234, 1110.4621584255708, 1145.5590740538541, 1180.716157008023, 1216.4022730318284, 1252.477360255833, 1290.2018598899954, 1328.3161878353988, 1368.0591196319792, 1407.9705868575086, 1449.0824836404418, 1489.5719667311052, 1529.6765254544734, 1568.7508941445174, 1606.1479438380259, 1642.5435674998419, 1676.497702328303, 1709.4520624278664, 1741.1918413739788, 1771.9573952536914, 1801.5377560380969, 1830.9905654010433, 1859.850407348534, 1876.6185117187504]","[4.1836376, 4.1802511, 4.177928, 4.1761956, 4.1746206, 4.1735182, 4.1725335, 4.1717067000000005, 4.1709585, 4.1702104, 4.1697378, 4.1691866, 4.1687927, 4.1683202]",3061.57725758789
116,0.5,1,45,"[0.0, 34.27088601082585, 69.83603879498696, 103.5129687605313, 137.66429495379612, 174.41451036224487, 214.08913282468336, 257.21706744054563, 308.60578323122013, 365.3621692941233, 421.3944074952475, 475.11480571510276, 525.522710196979, 574.4475944175508, 620.9694101831326, 665.9059950078324, 710.4532652017408, 754.1283270744732, 796.5894519735446, 837.2885216247475, 875.8543241333507, 912.7876787477549, 949.2462905694888, 983.9973696288246, 1017.8829631005485, 1051.8815881683272, 1086.5340683174754, 1120.830893075679, 1155.3622850734178, 1190.0469169610099, 1225.7195561012338, 1262.5022318412996, 1299.3452520586773, 1337.9201314388765, 1377.1210624188525, 1417.472639333188, 1458.012863067451, 1498.6902365587773, 1539.147914551139, 1577.8928705900635, 1615.5312396701584, 1651.661576191299, 1685.7751633987837, 1718.6001979473294, 1750.3598475403983, 1781.1252192265679, 1810.990828607452, 1840.064946174281, 1869.0756719416986, 1889.9403920942532]","[4.183677200000001, 4.1802511, 4.1777706, 4.1759591, 4.1745811, 4.1733999, 4.1725731, 4.171628, 4.1709585, 4.1702499, 4.1696982, 4.1691866, 4.1687927, 4.1682811]",3060.270803972439
117,0.5,1,45,"[0.0, 21.788500695490598, 57.290279274692125, 91.3299605363319, 125.25936053549196, 161.86857625014738, 201.77555094610705, 244.4878666924982, 296.25675218829906, 352.4766441568298, 408.9489350852559, 462.4860409275009, 513.2352450363538, 561.9864386488867, 608.4413913583102, 653.0077097891866, 698.0459686437197, 741.7119793412566, 783.345229925798, 823.9982834856327, 862.8071769267157, 900.0958948451595, 936.3704868430253, 970.8454920710336, 1005.7817520567891, 1039.107021846161, 1073.719006023317, 1107.0260362231556, 1141.6802480388083, 1177.322906731592, 1212.7985155712618, 1249.2051749045804, 1286.6876088581093, 1324.436346069892, 1363.953848221478, 1404.4157092709593, 1445.2335784461898, 1486.036643683031, 1526.1062596965285, 1564.7557311949645, 1602.7426271704949, 1638.5142134404969, 1673.0609194853582, 1705.4564223584384, 1737.1863157306366, 1767.7776610729038, 1797.7573930621647, 1826.9009702647036, 1855.7543673247987, 1875.8668727716745]","[4.1837559, 4.1802511, 4.177888899999999, 4.1760774, 4.1746993, 4.1735969, 4.1725335, 4.1717067000000005, 4.1709981, 4.170289, 4.1697774, 4.169147, 4.1687536, 4.1683598]",3058.8188764641664
118,0.5,1,45,"[0.0, 21.977038513221032, 57.534714596611366, 90.88884761687848, 125.20206647562907, 161.88493690141001, 201.72057040518382, 245.06864556827907, 295.9130284272702, 352.23308889142515, 408.3308320802124, 462.1704884058412, 513.5968517136201, 561.6992394222424, 608.1781987223982, 652.8442035722154, 696.9725736900406, 741.1462732134263, 783.0408353338295, 823.8271921275951, 862.6525832938975, 899.3442532299997, 935.5660168407593, 970.2162161743357, 1004.569655895869, 1038.6334211625071, 1072.655962564751, 1106.7171689185116, 1141.1423934636723, 1176.247172897395, 1211.8847219164559, 1248.3541416163807, 1285.4779271536304, 1323.8267456385815, 1362.8499394541855, 1403.4501042126267, 1443.9505074105964, 1484.6147376132008, 1525.0875714549657, 1563.819282807593, 1601.358135174613, 1637.3772792690106, 1671.4450153552802, 1704.6337894134913, 1736.3533211013232, 1766.8197327773628, 1796.8163894094537, 1826.0662816075373, 1854.847643003391, 1875.8099041777896]","[4.1838346, 4.1801333, 4.177888899999999, 4.17592, 4.174542, 4.1733603, 4.1724153, 4.1715884, 4.1708403, 4.170289, 4.1697378, 4.169068299999999, 4.1686354, 4.1682415]",3057.6393530110686
119,0.5,1,45,"[0.0, 34.98400688110587, 70.91041319101919, 104.66296076764286, 138.42147223619236, 174.99370809506843, 214.47782449926217, 257.23619340798257, 308.60219545934194, 365.8309237438651, 421.95081662777807, 474.8029624342448, 526.1651542621772, 574.3843869693652, 620.6417686632238, 665.6545110740816, 709.9211376564109, 753.5161963705406, 795.8490573510979, 836.5580549179962, 875.451208124667, 912.1745838111561, 948.2237845421661, 982.8398423637426, 1016.9335032619546, 1051.6022347312796, 1085.0485881736745, 1119.1944800002952, 1154.1478801572962, 1189.0305001064762, 1224.4003277882402, 1260.8229010748905, 1298.0020196046366, 1336.6192451001402, 1375.5926347765267, 1416.332348334351, 1456.493297653, 1497.2549491180926, 1537.4333142537103, 1576.739822129005, 1614.0572329408055, 1649.924354044027, 1684.6696768512534, 1717.519160806245, 1748.9235651120912, 1779.5822906720841, 1809.3891794871247, 1838.4322247286768, 1867.4548786672617, 1890.2317927541785]","[4.1837163, 4.1800938, 4.1777706, 4.1761169, 4.1745811, 4.173439, 4.1723366, 4.1715884, 4.1709585, 4.1702104, 4.1695409, 4.169068299999999, 4.1686745, 4.1681232]",3056.647664765218
120,0.5,1,45,"[0.0, 32.226702475932655, 67.37366064961469, 101.85697914674307, 135.74056301087484, 172.07768102148458, 212.02627850506673, 254.62257756468608, 306.1488937257088, 362.4655300032221, 418.21217828664015, 471.71642794686323, 522.970452025116, 571.3318423147884, 617.7624572375448, 662.666607859044, 706.9084412879738, 750.2006832273273, 792.6950922308381, 833.459040036354, 872.2550315734086, 909.0368725459496, 945.0111560956395, 979.831989979177, 1013.8606887144074, 1047.7212688132995, 1082.0593002429823, 1116.1155898233092, 1150.8689371235653, 1185.8505553921584, 1221.513610727215, 1258.0223663255742, 1295.2000272053367, 1333.7218287958838, 1372.8306660825842, 1412.8843578241385, 1453.8285897674157, 1494.8267809759168, 1534.5618584134083, 1574.3197789922508, 1611.5437307275113, 1647.6025837748932, 1681.545451037476, 1714.3827490762021, 1745.9655943339037, 1776.469514360608, 1806.420340345416, 1835.5193449574097, 1864.6060278445254, 1890.1313456171326]","[4.1834407, 4.1800938, 4.177731, 4.1759591, 4.1744237, 4.1732421, 4.1722183, 4.1713915, 4.1706829, 4.170053, 4.1694622, 4.1687927, 4.168398900000001, 4.1680841]",3055.840490687801
121,0.5,1,45,"[0.0, 33.90046842937255, 69.8191758105524, 104.31025436953456, 137.78748360147205, 174.05291252913577, 213.42860114248043, 256.67162953601195, 307.6672181558096, 364.0397979184591, 420.4884841412284, 473.8827367860567, 525.0363348523817, 573.572961007417, 619.7654685215418, 664.9606625216757, 708.4991793649008, 751.8467435978141, 794.7037485108981, 835.074652246996, 874.063125489077, 911.08608091785, 946.7409832563967, 982.1406004584512, 1016.3945942592104, 1050.5066522875622, 1084.183899948172, 1118.3090346347096, 1151.952479499235, 1187.8299399356738, 1223.6827494523884, 1259.787781870022, 1297.4207959054045, 1335.561633127293, 1374.403361901709, 1414.6590898388788, 1455.7011133141368, 1495.9870738311897, 1536.5432683417985, 1575.5658236487668, 1613.130987356523, 1649.3241664834243, 1683.5729020161427, 1716.5698064387618, 1747.8666262131458, 1778.3406668507466, 1808.1833563501152, 1837.4860239952643, 1866.4750685585757, 1889.6521964969886]","[4.1835194, 4.180015099999999, 4.177495, 4.17592, 4.1743841, 4.1732817, 4.1723366, 4.1714311, 4.1707220000000005, 4.170053, 4.169619600000001, 4.1689501, 4.1685958, 4.1679263]",3054.6970509238017
122,0.5,1,45,"[0.0, 33.172511827625726, 68.26309609137161, 102.4380519022875, 135.894448597978, 172.94907082953455, 212.33186716032378, 255.02986049555454, 305.9621104162311, 362.2648563049921, 418.37259287608015, 472.1548443582884, 522.8896643704404, 571.5385589015198, 617.7148872468733, 662.6078752422231, 706.8866138793348, 750.1458665628593, 792.565051173335, 832.734541254933, 872.2002535974223, 909.2773916147273, 945.2846727111023, 979.8136693407675, 1014.1022621988243, 1047.4739593036413, 1082.0947910990271, 1116.2940472615046, 1149.9963107310475, 1185.1371098715751, 1221.667506753866, 1257.7283398855984, 1294.7556511413984, 1333.3457484586972, 1372.283306440298, 1412.661286787038, 1453.3324668564535, 1493.83735300219, 1534.0292029563552, 1573.5902166840513, 1610.485501243725, 1646.8801755644874, 1680.9920014565816, 1713.9632533617416, 1745.6998119160342, 1776.187098708284, 1806.1149813866066, 1835.2983094671138, 1864.1035909095688, 1890.1899839201526]","[4.1836376, 4.179975499999999, 4.1776524, 4.1756444, 4.1743054, 4.1731634, 4.1721396, 4.1715097000000005, 4.1706829, 4.1699347, 4.1693048, 4.1689501, 4.168438399999999, 4.1680055]",3053.014118121608
123,0.5,1,45,"[0.0, 33.779635184480185, 68.95329885729325, 103.25266933922296, 137.19354640756967, 173.4802689820284, 213.5898644803152, 255.70457025372923, 306.50989085853814, 363.7595841348526, 419.1176975941894, 472.6542922741311, 523.488082008786, 571.7803085568357, 618.3461343842321, 663.1539160862637, 707.0615560138635, 750.6329237940799, 792.8867371599199, 833.2827038019425, 872.0844846919836, 909.6671755396346, 945.0540357089278, 980.3379059171998, 1014.2358997807416, 1048.5090274030197, 1082.4272574565537, 1116.6007061153425, 1151.1280756905664, 1186.0166966677948, 1221.72763422424, 1257.950797836884, 1294.9220944585777, 1333.434988877214, 1372.691941603689, 1412.8022944054876, 1453.7677992890106, 1493.9127966170129, 1534.2034923537128, 1573.4183915321114, 1611.3330367244293, 1647.2117721983668, 1681.3312367848234, 1714.0162050050967, 1745.7007483291081, 1776.2721363199375, 1805.965311034095, 1835.2736643372878, 1864.245222287349, 1889.8608672489408]","[4.1835589, 4.180015099999999, 4.1778102, 4.1758018, 4.1744628, 4.1733603, 4.1722183, 4.1714311, 4.1706433, 4.1699739000000005, 4.1694622, 4.1689897, 4.1685171, 4.1680446]",3051.8493904735
124,0.5,1,45,"[0.0, 32.273904357213326, 67.68520485702703, 101.96578951292173, 135.63306680752254, 172.35829697976675, 211.93463843935723, 254.34246337578412, 304.8893597237438, 362.0363617118475, 417.93868014843684, 471.0210910727487, 522.1729703081598, 570.6141007218848, 616.886104510633, 661.427180045378, 705.8853900844501, 748.9317471905185, 791.3208364029274, 832.2394927246014, 870.936934373831, 908.2134819411124, 943.9498118611716, 978.7852237164177, 1012.7988065598431, 1046.6715229805507, 1080.9635160087846, 1114.5686620785543, 1149.281174494872, 1184.632301508433, 1220.0828424804781, 1256.3687665024627, 1294.0662206248853, 1332.005345684616, 1371.0494482933443, 1411.0591420108553, 1451.6840355065206, 1492.605294483237, 1532.4937168288557, 1571.86350436296, 1609.5677910538009, 1645.3416230704122, 1679.7247447293232, 1712.5201366968115, 1744.216201683975, 1774.7145309849645, 1804.4629457177068, 1833.6906316036432, 1862.5117706556646, 1889.622756342502]","[4.1834803, 4.179975499999999, 4.1776524, 4.1756835, 4.1745024, 4.1732817, 4.1722579, 4.1713915, 4.1706042000000005, 4.1701708, 4.169343899999999, 4.1688714, 4.1683598, 4.1680446]",3050.552419733613
125,0.5,1,45,"[0.0, 31.1439944649656, 66.48357332771928, 100.99374366431442, 134.8600717568358, 171.34999438548647, 210.34625234139827, 252.81977213182978, 303.499458945138, 360.07820772077713, 416.0860298525569, 469.66653294182987, 523.3794432504494, 570.1967091755666, 615.9227886187064, 660.4590675618558, 704.0200468236803, 747.2496234678249, 789.401767578308, 830.6727677764306, 869.3125148533668, 906.6183547574558, 942.1514749220958, 976.8636110317773, 1011.0457752916016, 1045.1244643797256, 1079.3840583016063, 1112.7891097304855, 1147.9229594072801, 1182.4925987987301, 1218.525290618801, 1254.7890810187134, 1291.4240243690813, 1329.8230659249239, 1368.5315031556866, 1409.2054544742386, 1449.7027953361776, 1490.1468645487757, 1530.9083239751344, 1569.7863478402726, 1606.6548536804933, 1643.1555900258966, 1677.490655613192, 1709.8861785113374, 1741.769307273725, 1772.3812761428646, 1802.0277312073974, 1831.3544919668714, 1860.2435385591873, 1877.2967651716447]","[4.1835194, 4.179975499999999, 4.177495, 4.1757622, 4.1744237, 4.1731634, 4.172061, 4.1713915, 4.1706433, 4.1699347, 4.169343899999999, 4.1688323, 4.1683598, 4.1678085]",3049.3555008165144
126,0.5,1,45,"[0.0, 32.64850157707099, 68.01390378116946, 101.81726779890926, 136.04641844398373, 172.17492549812948, 211.41561841482553, 254.60074196019195, 304.6456120869798, 361.52367841061255, 417.69166413160167, 470.94630109980767, 521.8615162479522, 570.2578362479254, 616.7573000961, 661.6329725010506, 705.2484165515715, 748.9920770436105, 790.943834041548, 831.3695765919391, 870.3562592537243, 907.4796241836294, 943.2543353845052, 978.0628655742454, 1012.3473541039453, 1046.251964373148, 1080.203126514169, 1113.9734720493138, 1148.5837090098175, 1183.2391683446363, 1218.765777443677, 1255.257314359731, 1292.425690194475, 1330.9521681522865, 1370.2854423580984, 1409.71296076317, 1450.1786544689216, 1491.4686173532073, 1531.0071313260382, 1570.5563639601064, 1607.66765170685, 1644.1244327351283, 1678.5678495313405, 1711.0548551369993, 1742.6313375526342, 1773.4979294226177, 1803.055302812189, 1832.1350066731761, 1861.0080849670326, 1889.5487386545824]","[4.1835589, 4.1798577, 4.1776133, 4.1756048, 4.1743054, 4.1730456, 4.1721396, 4.1713128, 4.1704464, 4.1698165000000005, 4.169147, 4.1687536, 4.1683598, 4.1678476]",3048.634185842421
127,0.5,1,45,"[0.0, 32.35336893536362, 67.8852560249718, 102.07228512086124, 135.67594226385188, 172.34307520581433, 211.60433883718804, 254.30453438089557, 304.80630446671023, 361.05693941177674, 417.1943516637102, 470.2327741869052, 521.261807949956, 569.6068245460349, 616.2650379841698, 660.5972517615589, 704.8924604948559, 748.0434066825492, 790.5641723629892, 830.9319822290208, 869.819970044038, 906.9159671273762, 942.5557767543305, 977.2243167681299, 1011.5713683145009, 1045.5855607285012, 1079.4231066869045, 1113.6254022627693, 1147.7287247418876, 1182.7967619406975, 1218.6072539334739, 1254.7719201319553, 1292.113120598603, 1330.080428214733, 1369.635293098256, 1409.8426258669945, 1450.0895381179014, 1490.9120278385446, 1530.9320697742662, 1570.3962572409705, 1607.7242640867498, 1643.5888442451583, 1678.0646478297522, 1710.9258306459847, 1742.295402365855, 1772.919318278377, 1802.5650807755214, 1831.8642276873675, 1860.4478022699113, 1888.4677694738093]","[4.1834803, 4.179975499999999, 4.1775737, 4.1756444, 4.1741085, 4.1730847, 4.1720219, 4.171194600000001, 4.1704464, 4.1696591, 4.1689897, 4.1686354, 4.1681232, 4.167769]",3047.626013110892
128,0.5,1,45,"[0.0, 29.004027878835018, 64.58893409441123, 98.35246609602268, 132.39374011701238, 168.94660098372594, 208.11084946381322, 250.75582188729322, 300.8451798723398, 357.17604720079146, 413.45459778143913, 467.2275452170194, 517.2613831885908, 566.3037064855409, 613.0406080286277, 657.062035104027, 701.2229979817657, 744.5281122073322, 786.8534625765058, 826.8786776275729, 865.9914642827027, 902.8159726201957, 939.1684752029626, 973.4751986688248, 1007.9205145013807, 1041.7651267861972, 1075.8253703978723, 1109.8810973934674, 1144.1106117885745, 1179.285621822039, 1214.7208702550204, 1251.126297502777, 1288.0572619734694, 1326.2078519062957, 1365.4504657360912, 1405.4035833874896, 1445.8619812369998, 1487.201000730075, 1526.994461193306, 1566.0744826102607, 1603.3076259271363, 1639.5924706215267, 1673.223739206802, 1706.3344333979505, 1738.0839852046981, 1768.699094389842, 1798.6135561500248, 1827.5657779519163, 1856.517786822518, 1875.8704741985414]","[4.1832438, 4.179739499999999, 4.1775346, 4.1756444, 4.1741872, 4.1730456, 4.1719823, 4.1711159, 4.1704073, 4.1698165000000005, 4.1691079, 4.1687536, 4.168162799999999, 4.1678085]",3046.094083751087
129,0.5,1,45,"[0.0, 29.494735229182993, 64.55879161792916, 98.70064386830609, 132.3742586926345, 168.46383047891686, 208.44482662088183, 250.78219788152376, 300.6702498190739, 357.1489585248653, 413.36799417297414, 467.1094441967548, 517.4515436015306, 565.9367932440016, 612.0506216296471, 656.7127327226092, 701.0702673323947, 744.4641705685483, 786.1518577298125, 827.1492707257505, 865.8731314942488, 902.964930269645, 938.5563787445044, 973.4465742736436, 1007.1491710154353, 1041.2130328589415, 1075.6572712214954, 1109.3742526044405, 1144.1841169377324, 1179.031513518934, 1214.188127610695, 1250.9843689674738, 1287.6522790158556, 1325.8863300060837, 1365.641050282028, 1404.9687289174808, 1446.0886732696522, 1486.2468730276114, 1526.6076011804548, 1565.220110816559, 1603.1924166205868, 1638.9479569741156, 1673.630462269463, 1706.7973963964846, 1737.880650993463, 1768.1575210101896, 1798.2771096971028, 1827.2430365359396, 1856.0923731562334, 1874.9359074275708]","[4.183401600000001, 4.1798577, 4.1774163, 4.1756048, 4.1742268, 4.1730061, 4.1722183, 4.1712341, 4.1703677, 4.1697774, 4.1691866, 4.1685567, 4.1682019, 4.1678476]",3045.18106928765
130,0.5,1,45,"[0.0, 28.75565061495405, 64.3469369872094, 98.58917860353046, 132.65918330380595, 168.19465981334162, 207.17914556758268, 249.835677250802, 300.0229639301385, 356.51156911634956, 413.1785520828774, 466.7064353921541, 516.8248322951079, 565.3438080955425, 611.3264116779224, 655.6498514845337, 699.7834595381, 743.17093591513, 785.6817259768006, 825.8690892725647, 864.6946644995721, 901.8648684532657, 937.5033593972169, 972.6581110558927, 1006.8422879280142, 1040.4719307169573, 1074.13387959892, 1108.1528829634667, 1142.9088951974595, 1177.569060779897, 1213.3038795667778, 1249.4854976811687, 1286.9029859953312, 1325.0764579941983, 1363.86227523709, 1403.9100782420887, 1444.4645841506256, 1485.0204486840641, 1525.2487455764704, 1564.3195219549013, 1601.9234466528867, 1638.0742775746196, 1671.9957482305697, 1705.0911339330994, 1736.6659300768245, 1767.2054669422084, 1796.9961848288478, 1826.178858471406, 1855.1195330640446, 1876.0792923853207]","[4.183401600000001, 4.180015099999999, 4.1776133, 4.1754866, 4.1743054, 4.1729665, 4.172061, 4.171037200000001, 4.170486, 4.1698165000000005, 4.1691079, 4.1686745, 4.168162799999999, 4.167572]",3043.795931878257
131,0.5,1,45,"[0.0, 26.298961083459176, 61.597929307911954, 95.99130444075308, 129.6686574282469, 165.9412852552341, 205.48733444261313, 247.28755803880165, 298.04333329799, 354.14150249120314, 409.94588035499567, 463.20304386790247, 514.0676055362485, 562.5929341455239, 609.1535555147498, 653.3669597300843, 697.3056631868185, 740.3590888750055, 782.3099153804317, 822.9721855404478, 862.283834166263, 899.2800666362414, 934.9205279577661, 970.0345392049769, 1004.41641650838, 1037.673905608835, 1071.4828462057546, 1105.6417333411612, 1140.4160999775895, 1175.1481033426967, 1210.7331073728028, 1246.4226663130949, 1284.0783918142006, 1322.4190702545318, 1361.1485725688576, 1401.4483132054484, 1441.6890209802662, 1482.3465153193229, 1520.7131488314042, 1561.3337220952744, 1597.8476325340202, 1635.1833657932298, 1669.1373146927067, 1702.622025598288, 1733.76684076144, 1764.4545460040254, 1794.3397705656885, 1823.383327896825, 1852.2614733114178, 1871.3805942411968]","[4.183362000000001, 4.179779099999999, 4.1773376, 4.1756048, 4.1741085, 4.1728091, 4.1719823, 4.1709585, 4.1702104, 4.1695805, 4.1690292, 4.1684775, 4.1678476, 4.1676116]",3042.374256883003
132,0.5,1,45,"[0.0, 28.875518736280128, 64.0934011277376, 98.5306576919528, 131.8396904656173, 168.45548060831152, 207.60377527435662, 249.53631085363895, 299.8743987962845, 356.5592722836351, 412.2184163246951, 465.8151074148458, 516.2302299043279, 565.0058888328756, 610.8604497448162, 655.6357804440865, 699.1911710860932, 742.5678540380982, 784.8997899932015, 825.3842038647158, 864.3884957170137, 901.2676777292947, 936.8143781468611, 971.8521471523782, 1005.5846007087982, 1039.6178392985407, 1073.3747971409332, 1107.437056855665, 1142.1207685947547, 1177.3132467024595, 1212.5230508564998, 1248.8604902071525, 1285.898011284846, 1323.7833377460397, 1363.317581850328, 1403.2702110524106, 1443.772694292595, 1484.4480851298233, 1524.5507280176832, 1563.5427613017239, 1601.257013713255, 1637.1872611652955, 1672.0320256223629, 1704.7062768946432, 1735.813326315493, 1766.3375728698768, 1796.153541472828, 1825.3357228975017, 1854.0282025786785, 1874.0857792970794]","[4.183401600000001, 4.179739499999999, 4.177495, 4.1754866, 4.1741481, 4.1729274, 4.171864, 4.1711159, 4.1702499, 4.1696982, 4.1690292, 4.1686354, 4.1681232, 4.167493299999999]",3041.392239498153
133,0.5,1,45,"[0.0, 27.3305990668278, 62.74825573824927, 97.01120980608977, 130.40455135440635, 166.98003941329358, 206.48588464264623, 247.87703184636774, 298.341121637222, 354.2793461211359, 410.36276289494043, 463.8658367392199, 514.7112225937517, 563.0450264362712, 609.0021389229278, 653.7954981150203, 697.0563804312658, 740.8736962857049, 782.9632849155887, 823.4849037616577, 862.030561249999, 899.2921029851118, 935.2603487750537, 970.101144617382, 1003.889616443779, 1038.0356241029629, 1071.556365859494, 1105.6348015899707, 1140.3771550338745, 1175.088861766943, 1210.465844050431, 1247.0038644722306, 1284.1589598115115, 1322.4596198067452, 1361.1878561873464, 1401.2179469037053, 1441.707601606369, 1482.3009785097906, 1522.5775670620817, 1561.3953379194318, 1598.889824014378, 1635.3071765960735, 1668.9974160091242, 1701.870200922845, 1733.6791581743573, 1764.3334736928814, 1793.922650568666, 1823.161193127169, 1852.1180563550838, 1875.3416486786564]","[4.183362000000001, 4.1799364, 4.1773767, 4.1756835, 4.1741085, 4.1729665, 4.172061, 4.1709981, 4.1703677, 4.1695805, 4.1690292, 4.1685171, 4.1678872, 4.167532899999999]",3040.365257938913
134,0.5,1,45,"[0.0, 29.009819880274847, 64.7655755682161, 98.582312052992, 131.87454195088532, 168.2885444043207, 207.31974999560413, 250.16210065550473, 299.4497907599144, 355.6781858206544, 412.2152747745733, 465.34374662874114, 515.8815331880985, 563.7654516507075, 610.6615551304619, 654.5404838288744, 699.1469561145666, 742.0980324693792, 784.2035059629682, 824.862667506437, 863.4136148973912, 900.8483903308083, 936.4937280636964, 970.9802977968541, 1005.3778034949146, 1039.2909147883522, 1073.232206802451, 1107.4868382518962, 1141.6604795911082, 1176.6230404152386, 1211.984745849953, 1248.6580542685695, 1285.3680935316215, 1323.7639374365908, 1362.7048486772867, 1402.684729553113, 1442.937985091391, 1483.396919158607, 1523.688803295932, 1562.7566058398781, 1600.5371194957781, 1636.4994334953333, 1670.6368243093, 1703.4146861521883, 1735.3358436582796, 1765.8495591648928, 1795.6181678500982, 1824.6062373237708, 1853.6680577027894, 1875.9198270938439]","[4.1833229, 4.1798182, 4.1772585, 4.1756444, 4.1741085, 4.1728878, 4.171864, 4.1709189, 4.1703286, 4.1694622, 4.1689110000000005, 4.168438399999999, 4.1680841, 4.1674147]",3039.1157967332647
135,0.5,1,45,"[0.0, 27.62792389510298, 63.36359777080395, 97.58067095779563, 130.8869618635673, 167.49984449528108, 206.66577073158146, 248.73665331509096, 298.5137458035749, 354.7173959538751, 410.7520876735899, 464.0065090248403, 514.587421809146, 563.1283924271694, 608.8399522054102, 653.2981103345011, 697.5958366261538, 740.7465460742063, 782.9076268197206, 823.2312888423313, 862.495511228677, 899.2072645613088, 934.9272197882993, 970.0389603744087, 1003.4415202756087, 1037.5782613432389, 1071.614100438686, 1105.2817925233558, 1139.5407032797616, 1174.9807924438169, 1210.6653979706425, 1246.9539418371774, 1283.9541496660931, 1321.8856267342599, 1360.975792466385, 1401.1014980592963, 1440.7400810644267, 1481.8281644627564, 1521.9644222686275, 1561.1176042378124, 1598.4052869301327, 1634.9031500410515, 1668.9608374690406, 1701.9038436316632, 1733.49694964654, 1763.927601737947, 1793.9123005938873, 1822.8177458099735, 1851.6822956246301, 1875.972666701863]","[4.183401600000001, 4.1795821, 4.1774163, 4.1754475, 4.1739902, 4.1728091, 4.1717854, 4.1708403, 4.1701708, 4.1693835, 4.1688714, 4.168398900000001, 4.1679263, 4.167493299999999]",3037.8828899000405
136,0.5,1,45,"[0.0, 25.1516281970529, 60.83723409110496, 95.01586062504737, 128.5323062572129, 164.9073545384107, 203.97159708543256, 246.0657284755373, 295.6771795553393, 351.880219431064, 408.09023652124654, 460.92748663875284, 512.5118350823839, 560.1032611122187, 606.7173239004321, 650.9541151580415, 695.075829617843, 738.1292194727755, 779.8497807369265, 820.3734086325414, 859.2370332347646, 896.222154691595, 932.3973179310144, 966.793049598856, 1000.7646029972689, 1034.4528879015497, 1068.8770215695624, 1102.4636057285984, 1137.2118552823486, 1171.9485473943466, 1207.6437178115477, 1243.9426207458134, 1280.649733683484, 1319.1089547527358, 1357.9085353769829, 1397.7410584801135, 1438.6861859239043, 1478.957389134913, 1519.0071291615118, 1558.0621282614197, 1595.36543979117, 1631.818254197738, 1666.081639236353, 1698.9615874996243, 1730.322107981604, 1760.7423511971938, 1790.7970168863153, 1819.814016083833, 1848.6368040112084, 1873.8986533430998]","[4.183362000000001, 4.179739499999999, 4.177219399999999, 4.1753292, 4.1739902, 4.1729665, 4.171942700000001, 4.1709189, 4.170092100000001, 4.1695409, 4.1689110000000005, 4.1683598, 4.1678085, 4.1673751]",3036.94206005086
137,0.5,1,45,"[0.0, 25.34048070509482, 61.33791967525224, 95.2612350304754, 129.04358313260002, 164.86118429005387, 203.52519407110628, 246.4266882890397, 296.16355268636505, 352.075644452099, 408.2185235291554, 461.37458288270784, 512.1540543756433, 560.4736294818141, 606.6634691084095, 651.0003706616479, 694.4828752302986, 738.0954949210633, 780.0852234034411, 820.401500933492, 859.3621350047409, 896.3714233952065, 932.3831176036623, 967.099299380004, 1001.0917596531859, 1034.5871679954398, 1068.653122068743, 1102.5589525097175, 1137.443188275356, 1171.9587928930873, 1207.9487901683115, 1243.217131115803, 1280.6591565435215, 1318.672218980892, 1357.6949488742448, 1397.6276246713674, 1438.7108784882644, 1479.125307890481, 1518.719974954176, 1557.9426758440964, 1595.427623167166, 1631.470165150938, 1665.3443526876208, 1698.3571784092373, 1729.9084457724002, 1760.6092738332254, 1790.4345032994192, 1819.58557807731, 1848.4486228887931, 1874.9502365335406]","[4.1832438, 4.1798182, 4.1773376, 4.1754475, 4.1740694, 4.17277, 4.1717458, 4.1709189, 4.1701708, 4.1694622, 4.1688714, 4.1682415, 4.1676507, 4.1674147]",3035.9959514008283
138,0.5,1,45,"[0.0, 23.769462388584486, 59.52556215832368, 93.62340515466184, 127.23272393013468, 163.4235222065675, 202.2534412270257, 244.13060839852272, 293.9860056796069, 350.10935134727123, 405.87359586916574, 459.16011606936155, 510.22027037975744, 558.2826121088908, 604.8241200247551, 649.0178936844263, 692.869262290018, 736.087138947853, 777.7481011417838, 818.2763142704011, 857.1850341262568, 894.3310666880409, 930.450089794366, 964.952172948188, 999.0007289759144, 1032.411188591698, 1066.6757243843288, 1100.5006862913854, 1134.9585680666228, 1170.0598659471389, 1205.6253394087762, 1241.3114160048453, 1278.156201245881, 1316.498096969986, 1355.623314840122, 1395.217455030285, 1435.8658459702451, 1476.371463917291, 1516.6147698792654, 1555.9283092280573, 1593.0572888476866, 1629.2147762806233, 1663.1427824962868, 1696.0054982176582, 1727.526292680279, 1758.3528838064478, 1787.98460074036, 1817.1670312514082, 1845.902819054353, 1862.0012038334828]","[4.1832833, 4.179739499999999, 4.177219399999999, 4.1755261, 4.1739116, 4.1727304, 4.171628, 4.1709585, 4.170092100000001, 4.1694622, 4.1687536, 4.1682415, 4.1678476, 4.1674147]",3034.913516458198
139,0.5,1,45,"[0.0, 24.713646605123586, 60.15000070375015, 94.56609427631474, 127.93396692362933, 164.13538579567626, 202.9242262708234, 244.6212405874178, 294.6919083469695, 350.8755314137728, 406.74437591498247, 459.75320652360585, 510.44219002442753, 558.4419918198331, 604.461336931808, 649.4663074750373, 692.9524072665946, 736.3271497294219, 778.3896950137913, 818.8115924557827, 857.9292598562016, 894.4763173850548, 930.3301302751246, 965.2101731137542, 999.2315888171535, 1033.5466176185023, 1066.9641323016072, 1100.6692018120793, 1135.160432903549, 1170.152311514415, 1205.510539905329, 1241.6940101540754, 1278.543548532537, 1316.3280168905849, 1355.931099486368, 1395.3416777772568, 1436.1905109227218, 1476.7589878837198, 1516.988735416277, 1555.714889774853, 1593.2877140332303, 1629.392941826306, 1663.4477155185573, 1696.3034294634845, 1728.119921051466, 1758.5863920899333, 1788.3931957278046, 1817.477273476054, 1846.310705895161, 1874.356612982379]","[4.1832438, 4.179779099999999, 4.1773376, 4.1756048, 4.1739902, 4.1728878, 4.171864, 4.1709189, 4.170053, 4.1693835, 4.168714, 4.1683598, 4.167769, 4.1674147]",3033.924397112087
140,0.5,1,45,"[0.0, 23.18316018468994, 58.88457744208375, 92.82647693282883, 126.46149098324469, 162.79908100453764, 201.74211967398531, 243.61225659585676, 293.3219406752358, 348.75774968198886, 404.6956355969025, 458.0238099631418, 508.67946487674766, 556.7649239098782, 603.271590128755, 647.5361875352073, 691.2983512010424, 734.1778537997552, 776.516592020974, 817.0327140369145, 855.5870337616677, 892.9847673380716, 928.519518469162, 962.977725809094, 997.1536946326844, 1031.0257459633006, 1064.5908720482814, 1098.9092566122329, 1133.1874137683158, 1167.8999182864195, 1203.6484775358838, 1239.6608310581373, 1276.7268263162036, 1314.3627446649568, 1353.701645189461, 1393.2446158017754, 1433.9638074453983, 1474.3278892273859, 1514.4868324035613, 1553.8176967082586, 1590.6822917686627, 1626.7426193867946, 1660.876723778052, 1693.9495590058937, 1725.6579293828695, 1756.1027067326636, 1785.904381953042, 1815.0993155853598, 1843.862085492442, 1861.5558322165948]","[4.1833229, 4.179739499999999, 4.1772981, 4.175368799999999, 4.1739902, 4.1728091, 4.1716671000000005, 4.1706829, 4.170131700000001, 4.1694226, 4.1687536, 4.1682019, 4.1678085, 4.167336]",3032.768065690781
141,0.5,1,45,"[0.0, 34.361623177402464, 70.42300284323738, 104.31601251987416, 138.0336613549444, 173.7809236443032, 212.79643057069524, 254.6586650869487, 303.67443439928155, 359.77669204230864, 415.86707039228025, 468.5573615943869, 519.7721000273118, 567.8060697580268, 613.9821243632709, 657.83244730304, 702.1011427377332, 744.894291944612, 787.140574579636, 827.9911031037361, 866.2727320829081, 903.7060876285275, 939.1115369170698, 974.2667361739855, 1007.9609602283131, 1041.8461063227396, 1076.0882743142897, 1109.8096222209604, 1144.0711786622976, 1178.890595623373, 1214.1759566813312, 1250.834172571456, 1287.703069021012, 1325.250057010856, 1364.5253080959883, 1404.1186330491405, 1444.7925754459584, 1485.3932694700989, 1525.4100046555961, 1564.0590561267882, 1601.7195017059125, 1638.0594213092659, 1671.9715112054846, 1705.0189658838412, 1736.5495474783193, 1767.1105740348958, 1796.8940570291766, 1825.9810764279955, 1854.8495081774122, 1874.843207687853]","[4.1830473, 4.179503, 4.177179799999999, 4.175211, 4.1737146, 4.1726122000000005, 4.1715493, 4.1704073, 4.1699347, 4.1693048, 4.1685958, 4.1680446, 4.167493299999999, 4.1670995]",3031.606161748183
142,0.5,1,45,"[0.0, 23.00364185571476, 58.63181334038126, 92.42862198153927, 126.17843824154517, 161.9771928637552, 201.1069893947502, 243.21532818578447, 292.4928705773495, 347.7841899397534, 403.7289695310264, 457.4849362465124, 507.504720236512, 556.1854339290574, 601.902818403478, 646.2807341308187, 690.0434746812418, 733.0518258312284, 775.8076883206857, 815.9753504130081, 854.6120562056835, 891.4288324653044, 927.6572129027645, 962.4735416426101, 996.257003438199, 1029.8771769025632, 1064.0446496221148, 1097.5061800157343, 1132.343333657961, 1166.6365483562677, 1202.3856857227736, 1238.402289554719, 1275.324895130356, 1313.4399571480562, 1352.6649804532572, 1392.0326317324134, 1432.649879867919, 1473.317829705518, 1513.0052278050614, 1552.1335417093906, 1589.82424556039, 1625.901126970737, 1660.1185408946844, 1692.896045741702, 1724.5928925482754, 1755.21216190023, 1784.7209849241285, 1813.961162810107, 1842.8548886588019, 1861.665276039836]","[4.183126000000001, 4.179503, 4.177062, 4.1753292, 4.1739511, 4.1725731, 4.1715884, 4.1707220000000005, 4.1698561000000005, 4.169343899999999, 4.1685567, 4.1681232, 4.167572, 4.1671782]",3030.815549844563
143,0.5,1,45,"[0.0, 22.365421948435937, 57.77594994494984, 91.98302890088587, 125.50343650588502, 161.27302702872487, 199.94608868226805, 242.21870821834204, 291.5046276661403, 347.1273983991804, 402.72817586453607, 456.3369517963595, 506.7181820364484, 555.0579773663972, 600.8344590165193, 645.4341227515647, 689.1349943832379, 732.0818391742555, 774.2162632402817, 814.7138120319148, 853.4895516342967, 890.5257155004899, 926.3358423576553, 961.4164793792513, 995.0937524401215, 1028.6893764570198, 1062.1052934726058, 1096.5445216575843, 1131.0937533609397, 1165.4214110374337, 1201.2057919110875, 1236.98067779669, 1274.288896808228, 1311.9132077266668, 1350.6078377959323, 1391.245944152465, 1431.0193342817897, 1472.2359724575558, 1511.8901713440914, 1551.148564421143, 1588.4147134327486, 1624.446567584901, 1658.3985374005051, 1691.5599228231163, 1723.2334787851046, 1753.8591049500642, 1783.5913312100674, 1812.5229883567754, 1841.4604445190034, 1861.2536522544356]","[4.1831651, 4.1796608, 4.1771407, 4.1754079, 4.173793799999999, 4.1726122000000005, 4.1715493, 4.1707220000000005, 4.1698561000000005, 4.1692653, 4.1685958, 4.168162799999999, 4.167572, 4.1671391]",3029.9021786859776
144,0.5,1,45,"[0.0, 34.56677962936982, 70.30135429514354, 104.68117380682457, 138.1479575001892, 173.90658981806217, 212.83855872799023, 254.6166328601534, 303.17213396231483, 360.1799850985048, 415.6430811525368, 468.71325791400324, 519.2950422967842, 567.5596111852033, 613.386916994345, 657.9048767041916, 701.6036368313587, 744.6838106005455, 786.4827963390846, 827.0696363156972, 866.0342670391844, 902.9694163202141, 938.9329934813197, 973.4819459237103, 1007.0760427159212, 1041.556278958307, 1074.9016848892443, 1108.6485315777693, 1143.20717124114, 1178.4132784495052, 1213.4861752123822, 1249.693262742727, 1286.7229176793394, 1324.8380780544235, 1363.5051610402281, 1403.0903684057832, 1444.04167103183, 1484.5118429440613, 1524.3307086714624, 1563.3375009005572, 1600.9149857262787, 1636.8380961054017, 1671.0428801218654, 1704.2000055188187, 1735.8015439019064, 1766.321131012418, 1796.1170193115631, 1825.35316296281, 1854.122433098515, 1875.4040180645766]","[4.1830864000000005, 4.179463899999999, 4.1772585, 4.175211, 4.1738725, 4.1725335, 4.1715884, 4.1706433, 4.1699739000000005, 4.1693048, 4.1685958, 4.1680055, 4.1676507, 4.1671782]",3029.3696834429243
145,0.5,1,45,"[0.0, 33.382246511450944, 69.2519537957528, 103.12377252169051, 136.93465573904257, 173.02553230216336, 211.79052140346835, 253.57755865142542, 302.61881073117513, 358.2379889728736, 414.33524293221046, 467.1717183151949, 518.2824068625467, 566.0562957840582, 612.5161903522708, 656.6987921689313, 699.8646286417186, 743.5610616529077, 785.6150008635532, 825.9975215215406, 864.3991132341457, 901.3867836892348, 937.713790937978, 972.1832720623847, 1006.7217396755459, 1040.0351501631146, 1073.6997616209835, 1107.8311539521146, 1141.9659414875905, 1176.650778723512, 1212.2062273953886, 1248.5048579158952, 1285.3136097057188, 1323.0487640778629, 1362.2660996375455, 1402.0924775613657, 1442.8139437858677, 1483.2550006787742, 1522.875370108847, 1562.0897600189962, 1599.4772333233202, 1635.5221609178218, 1669.854819351748, 1702.561851011422, 1734.3322908269336, 1764.842728875107, 1794.5226840924736, 1823.8720382590589, 1852.5838401260569, 1875.8349354314507]","[4.1830864000000005, 4.1793852, 4.1769829, 4.1751719, 4.1736755, 4.1724153, 4.1715884, 4.1706433, 4.1697378, 4.169068299999999, 4.1683202, 4.1679659, 4.1674147, 4.1670208]",3028.5461770544457
146,0.5,1,45,"[0.0, 34.85851965899178, 70.33796862456359, 104.295412645174, 138.1925294704539, 174.081605194134, 212.78060931958726, 254.7387558852023, 303.67789104126507, 358.7898621416806, 414.94332984605103, 468.2215405178923, 518.817020634046, 567.1474880634543, 613.1142044429165, 657.9627012687259, 701.4960283227039, 744.7244900692302, 786.3787787940488, 826.494295542246, 865.4238845051833, 902.6833833225468, 938.1687195927801, 973.3883998452769, 1007.1218050697349, 1040.8818414453349, 1074.134073863684, 1108.1502492860927, 1142.586867985986, 1177.5891567416766, 1213.1005374345586, 1249.1592767272423, 1286.0472819380288, 1323.789888147929, 1362.9136629859368, 1402.6497353364894, 1442.76292006022, 1483.6019443631649, 1523.6949926383213, 1562.7141562350425, 1600.1114541480724, 1636.3948629919632, 1670.7664508727448, 1703.2984745908007, 1734.8840502870976, 1765.6073583689063, 1795.2019911174402, 1824.5678238357787, 1853.1950861626242, 1874.6809246217185]","[4.1829681, 4.1793065, 4.1769042, 4.1751323, 4.1735969, 4.1724548, 4.1714311, 4.1704464, 4.1696591, 4.1688714, 4.168438399999999, 4.1678476, 4.167257299999999, 4.1669025]",3026.902776217583
147,0.5,1,45,"[0.0, 34.1131965682095, 69.77073619055608, 103.72258772201889, 137.64209782790311, 173.28852947963338, 212.01524522905407, 253.94363891935103, 302.5223827028498, 358.42960548025104, 413.81369319027846, 467.6403399350689, 517.9603394371161, 566.5389586127862, 612.1864848267762, 656.379878695893, 700.2198167909928, 742.8136387603922, 785.1949482818729, 826.0392445886941, 864.4460024395839, 901.1893692812234, 937.1776589557883, 971.4983768726236, 1005.9482388608192, 1039.696397847621, 1073.234235850481, 1107.4484353764774, 1141.9908663506721, 1176.8031137952228, 1211.8093704995915, 1247.9027726842803, 1285.0654098224782, 1322.8526004060159, 1361.4571513510436, 1401.5028747348863, 1441.4457534935702, 1482.6999498620487, 1522.5988418855304, 1561.4049905736501, 1599.356031600902, 1635.046922346593, 1669.4030931695547, 1702.0228229574454, 1733.8135848837637, 1764.4576800218056, 1794.110626680888, 1823.2322961746577, 1852.006310902169, 1875.606165616795]","[4.1828895, 4.179424299999999, 4.176943799999999, 4.1751323, 4.1736755, 4.1723366, 4.1713128, 4.170486, 4.1697378, 4.1689897, 4.1684775, 4.1678085, 4.1674538, 4.1669025]",3025.8914582706707
148,0.5,1,45,"[0.0, 29.991303240329387, 65.55000505074912, 99.95150444297275, 132.8496940102728, 168.97583645566937, 208.07613048178592, 249.53914170933996, 298.2133149096781, 353.8477601325182, 410.7347327114191, 463.5113015461464, 514.154948502347, 562.3182059378705, 608.1338382801816, 652.2074103422874, 695.9063433975214, 738.7775560413265, 780.9175364033858, 821.1635831793296, 860.1283685827389, 896.886537671794, 932.5415676263308, 967.5342433763674, 1001.4209465006716, 1035.4192460482193, 1068.763330163186, 1103.1311844555078, 1137.23227025961, 1172.0489554365818, 1207.3038499043232, 1243.3691696873261, 1280.3723666667481, 1318.1057752423599, 1356.9532296660232, 1397.1540045209804, 1437.3183952302782, 1477.8357349697544, 1517.8397577842557, 1556.588205624248, 1594.4995197209337, 1630.5721899948753, 1664.8816893985777, 1697.614490533787, 1729.1033790904285, 1759.786056862662, 1789.4631562866603, 1818.4841619680674, 1847.3950880063499, 1874.8396332735865]","[4.1830864000000005, 4.179503, 4.1770225, 4.1751719, 4.1735969, 4.1723762, 4.1714311, 4.1704464, 4.1697774, 4.1690292, 4.1685567, 4.1678872, 4.1673751, 4.1669025]",3025.0202288941778
149,0.5,1,45,"[0.0, 33.11945833873693, 68.72670575873843, 102.5534092924043, 136.18365748034472, 172.05576797368388, 211.38816289915707, 252.64963875105224, 301.33314603617254, 357.0891771183348, 412.9112248937851, 465.82668645429686, 516.374212115466, 564.7006177998339, 610.6974999165018, 654.7090082770935, 698.5658281225153, 742.1055754971576, 783.4672855939878, 824.2122728756874, 862.6581608589966, 899.6040493670525, 935.2351570751862, 970.3657255323644, 1004.3114086610594, 1037.6842318451218, 1071.7545891778927, 1105.8648553648454, 1139.5977794307573, 1174.7736255162501, 1210.0539055369786, 1246.6070999585997, 1282.9786992448478, 1320.7489888844016, 1360.045758408764, 1399.696898729092, 1439.9428116105678, 1480.748697957151, 1520.0678883661278, 1559.410726170128, 1597.3430367459175, 1633.0588494295691, 1667.5504436596332, 1700.1737284098137, 1731.8876033012473, 1762.525998860606, 1792.171928793862, 1821.3982904257562, 1850.2503948869514, 1874.7316121065257]","[4.1830077, 4.179424299999999, 4.176943799999999, 4.1750536, 4.1737146, 4.1722975, 4.1713128, 4.170564700000001, 4.1695805, 4.1689110000000005, 4.1683598, 4.1676116, 4.1673751, 4.1668239]",3023.970296588408
150,0.5,1,45,"[0.0, 30.83312464089505, 65.97724098742054, 99.8529367949755, 133.59541941134825, 169.45467347490234, 208.08760339231418, 249.64374093452028, 298.63992298785837, 353.9511753926966, 409.83264323953716, 462.8959398677436, 514.1639682792791, 561.6858829023943, 608.1275202376626, 651.9163842574692, 695.8290917658594, 738.4307106711512, 780.5500655175301, 821.3648376824069, 859.6960164314225, 896.7279949155381, 932.3587627662716, 966.50757508169, 1001.1117781576565, 1035.0206763037945, 1068.4367911706543, 1102.5420857017396, 1136.2958421096962, 1171.5158860160209, 1206.8521966034737, 1242.3262681846918, 1279.6595658962026, 1317.7785829887014, 1356.2936263972663, 1395.5987128999839, 1436.9420465540327, 1477.1835530953626, 1517.3174603437549, 1556.093996340893, 1593.4614863039435, 1629.428524959984, 1663.8881159644918, 1696.639039210959, 1728.3515339736443, 1758.734212621741, 1788.6132703477795, 1817.5369054937385, 1846.4841763115717, 1874.9378233211276]","[4.1829681, 4.1793456, 4.176943799999999, 4.1751719, 4.1736755, 4.1723762, 4.1713915, 4.1703677, 4.1696591, 4.1691079, 4.1684775, 4.1678872, 4.167336, 4.1668239]",3023.114527636041
151,0.5,1,45,"[0.0, 31.10978401248485, 66.48335808582658, 101.1150289265023, 134.43834143400306, 169.96790743271924, 208.79688971270218, 249.71765375954317, 298.54299839335533, 354.2018040141842, 410.33821836616994, 463.25384019070475, 514.1262259700511, 561.8548538823189, 608.0214760891662, 652.3129812485912, 696.1603689554926, 738.9526340409153, 780.9917041258708, 821.2602726561121, 860.2705334265162, 897.287655437426, 932.7708960560645, 967.359554493945, 1001.5748668013122, 1034.844258630647, 1068.5751622158969, 1102.6187299742269, 1136.4448216250494, 1171.700186351507, 1207.2458691312459, 1242.8214782596397, 1279.4780141381593, 1317.9371977071287, 1356.7788284745102, 1396.4524869374295, 1436.793851729415, 1477.191182090688, 1517.1898657048864, 1556.1733320873618, 1593.9239209636098, 1630.1552255536749, 1664.1678637700084, 1697.1815548268623, 1728.5393817553131, 1759.1359217380418, 1788.8494770939924, 1817.8632686353208, 1846.7144155049432, 1874.0339922561998]","[4.1827712, 4.179109599999999, 4.1765895, 4.1748176, 4.1733999, 4.1721792, 4.1711555, 4.1701708, 4.1695018, 4.168714, 4.1680446, 4.1676116, 4.1670995, 4.166587799999999]",3021.956314974772
152,0.5,1,45,"[0.0, 30.779039056419947, 66.5504814574042, 100.98562021201019, 134.29519092332612, 170.15029061295468, 208.6552658589086, 250.50549943558667, 299.38376285302456, 354.6954243179938, 410.06506797200745, 463.097383572886, 514.4952302286619, 561.9786944274259, 607.6934816538425, 652.5201274485822, 695.6364092299847, 738.5721575582769, 780.3055535476905, 820.9558341616281, 859.2503126007838, 896.1676758883378, 932.063516896715, 967.0815097319472, 1001.0222179021717, 1034.7105823568186, 1068.4711296574296, 1102.2871069821695, 1136.1244996510968, 1171.1204389079267, 1206.6981122818029, 1242.5840288745285, 1279.5224979097447, 1317.0541456759092, 1356.3927242862424, 1396.1126811628183, 1436.2165741695253, 1476.9350866499644, 1516.7061990784177, 1556.1740499097868, 1593.3752518128922, 1629.7229339127293, 1663.8838331061042, 1696.7051289661122, 1728.3607556859083, 1758.815358172923, 1788.7245582399469, 1817.7682901948497, 1846.660601584867, 1874.0649767517098]","[4.1828504, 4.179227399999999, 4.1769042, 4.1750145, 4.1735573, 4.1722975, 4.171194600000001, 4.170289, 4.1695805, 4.169068299999999, 4.1682019, 4.167572, 4.1672964, 4.1668634]",3021.509115345866
155,0.5,1,45,"[0.0, 31.746937837551286, 66.49212497334986, 100.96246284235087, 134.2503608256094, 170.14843442452172, 209.12333092807648, 250.21228122051537, 298.5180387091292, 354.09681707027016, 409.7375155959402, 463.1279562745319, 513.4297870525821, 561.9484055878742, 607.7498684344497, 652.1273556325683, 695.2535561843521, 738.1120890226972, 780.3598634116103, 820.8695554544353, 859.2076604319356, 896.5849751836989, 931.8884574778955, 967.0392044462086, 1000.523046329825, 1034.3520115984188, 1068.020215887113, 1101.7788161237922, 1136.4772926333553, 1171.0403015577444, 1206.266232134934, 1242.3592654904091, 1278.9327736704404, 1317.2894951911758, 1355.9010086116937, 1395.3552798466922, 1436.021121854023, 1476.2627495632378, 1516.4047683098042, 1555.4651639903727, 1593.103892890199, 1629.4087899541655, 1663.215097631722, 1696.2508616094265, 1727.784151434692, 1758.4205597571722, 1788.004061387484, 1817.1854553661187, 1845.9538705358204, 1874.1818923156056]","[4.1826138, 4.179227399999999, 4.1766682, 4.1747384, 4.1732817, 4.1719823, 4.171037200000001, 4.170131700000001, 4.1695018, 4.1686354, 4.1678476, 4.167493299999999, 4.1669025, 4.1665092]",3018.689421447481
156,0.5,1,45,"[0.0, 24.851437554522477, 60.572594777884774, 94.72955251069936, 128.77408565067697, 164.1088678065721, 202.5518790872967, 243.76402881911713, 292.3457353631942, 347.86681162244076, 403.12330715768667, 456.273576242624, 507.2200664860693, 555.1903337273217, 601.2000964495111, 645.2056680427876, 688.9612815628983, 731.6092244184136, 773.4014205038301, 814.0926334667648, 852.3286202859505, 889.7518109341476, 925.374412755749, 959.5622757306502, 993.8053474702659, 1027.7612269206893, 1061.2641542470706, 1094.938771329484, 1129.281791223695, 1163.7735536471268, 1199.5373792827618, 1235.6827710023408, 1272.6815347881657, 1309.9813301335762, 1349.0791943542158, 1388.9178718863564, 1428.9289996902453, 1469.7897606172583, 1509.5362077853615, 1548.4905966574843, 1586.0392279992388, 1622.1377355908226, 1655.9766714135772, 1689.0979865814893, 1720.8136447085358, 1751.3549998453936, 1781.0368075799956, 1810.2921439679767, 1838.9659458139058, 1860.532154526844]","[4.182929, 4.1792669, 4.1767073, 4.1748567, 4.1733999, 4.1721792, 4.1710768, 4.170092100000001, 4.1693048, 4.1685958, 4.1680841, 4.1674538, 4.1669025, 4.16643]",3017.750568159316
157,0.5,1,45,"[0.0, 26.99913111188397, 62.803566622691335, 97.07263457162043, 130.60688861145258, 165.7848104465, 204.66714223475407, 245.63239940283512, 294.36461508384895, 349.5703489567896, 405.3658137203974, 458.2420367804953, 508.7019701587636, 557.2062058242152, 602.8952372087144, 647.1194289401797, 690.2152557048862, 732.6456721818104, 776.4053327550123, 815.3266048239841, 854.7084819493416, 890.9896274988305, 926.4884157080533, 961.282044215249, 995.3564970068678, 1029.5950815466413, 1062.8201441815186, 1096.3379904752949, 1130.157299691994, 1165.157169668615, 1201.2981581525562, 1236.4950127022, 1273.6727004800377, 1311.412998885097, 1350.2911463035325, 1389.6869061096775, 1430.0627109714894, 1470.4020240222371, 1510.7888328340036, 1549.7522644701687, 1587.167770810922, 1623.3425979548672, 1657.276812307494, 1690.2972962583842, 1722.0948672431425, 1752.549594954149, 1782.2839180634871, 1811.4476792218286, 1840.37509799646, 1858.4141442470293]","[4.1824956, 4.179109599999999, 4.1765103, 4.1746993, 4.1731243, 4.1719823, 4.1710768, 4.170131700000001, 4.1693048, 4.1685958, 4.1678476, 4.167257299999999, 4.1668239, 4.16643]",3016.217342167427
158,0.5,1,45,"[0.0, 26.9440132408115, 62.75793605594288, 97.02203948458998, 129.9858321639963, 166.26952025022229, 204.79993758088972, 245.9260095914658, 293.5966934385525, 349.47259115488964, 405.5418325255704, 457.99722835517673, 508.05033352199234, 556.2102999163917, 602.7551526903019, 646.7653893140691, 689.8707967267324, 732.7323879736032, 774.060105485192, 815.3692592864786, 853.6194703565036, 890.8186818190072, 926.2085857469394, 960.9139695545407, 994.7888469376383, 1028.7839800704141, 1062.490047266338, 1096.4909116786525, 1130.1373952778542, 1164.9146296184292, 1200.3396060574769, 1235.7657753134324, 1273.0713410784074, 1310.8427512095386, 1349.514660080219, 1389.275753952067, 1429.7486813276091, 1470.0921159420232, 1510.2337178518897, 1548.8644328624391, 1586.892033505109, 1623.0162191348174, 1657.5534995451405, 1689.7781930508465, 1721.3221505641857, 1752.1764858219428, 1781.8582188980379, 1810.8806604739086, 1839.5923545577432, 1860.0615070383712]","[4.182929, 4.1793065, 4.1765895, 4.1749353, 4.1733999, 4.1721396, 4.1709189, 4.170131700000001, 4.169147, 4.1685567, 4.1679263, 4.1674147, 4.1669025, 4.1663909]",3015.24709611979
159,0.5,1,45,"[0.0, 26.42872770732839, 62.06641299991469, 96.18122159458625, 129.98096467552517, 165.2151476886641, 203.82768403719245, 244.97645434060422, 293.3617836959897, 348.6102061621331, 404.06111024086164, 457.4530656832662, 507.3568498702543, 555.8071789180785, 601.6741257382887, 645.679082860702, 689.0057665716045, 731.5389969304288, 773.3348526255365, 814.1082461190799, 852.6855954472671, 890.0058728679787, 925.5039608730472, 960.2923073740826, 993.9495729201647, 1027.45332803474, 1061.040280081194, 1094.9056147409551, 1129.2698081979818, 1164.067712815044, 1199.243478096831, 1235.2297254505456, 1271.987880722216, 1310.0223390092374, 1348.826051916756, 1388.636553463083, 1428.704952448788, 1469.4263515437572, 1509.313696334061, 1547.7644207399824, 1585.8396707239506, 1621.7065778005137, 1656.281985192925, 1688.6916123652584, 1720.4918415321856, 1750.99360957756, 1780.7788565551489, 1809.8914598149856, 1838.7241761428784, 1860.6280454453547]","[4.1826925, 4.1788731, 4.1766286, 4.1746993, 4.1733212, 4.1719036, 4.1708798, 4.1700134, 4.169147, 4.1685958, 4.1678085, 4.167336, 4.1668634, 4.1663909]",3014.063965458034
160,0.5,1,45,"[0.0, 27.857606842265284, 63.47562812182554, 97.83253818164434, 131.03284286587694, 166.767141207129, 205.20718473116762, 246.5399936215344, 294.04685492117, 349.4592959141709, 405.37770772371465, 458.2790623126902, 508.87849318233833, 556.8192547570668, 602.9899351950178, 647.2271747328762, 689.9975120037443, 732.8015720303285, 774.5625420941283, 815.397197794849, 854.0220721825001, 890.7575876908493, 926.5728518428639, 961.3434749381197, 994.8943664695648, 1028.596279168182, 1062.0443150287235, 1096.2267370018421, 1130.4511092096702, 1165.5317284680125, 1200.4921353108684, 1236.597012637531, 1273.4016402512077, 1311.018255574997, 1350.1176726891717, 1389.3239982713944, 1429.9064311152108, 1470.3180486003823, 1510.4034398255149, 1549.3366210101851, 1587.3334026710197, 1623.1658186275538, 1657.5187783801787, 1689.9586057237227, 1721.7024437299353, 1752.3852049997233, 1782.1703773755037, 1810.8907893219937, 1839.9161497003413, 1859.6331723080095]","[4.1826925, 4.1791883, 4.1765499, 4.1747384, 4.1731243, 4.1718249, 4.1707616000000005, 4.1699739000000005, 4.1691866, 4.1683598, 4.1678476, 4.1673751, 4.1667452, 4.1663909]",3012.91401234009
161,0.5,1,45,"[0.0, 25.462584577505424, 61.00631097893819, 95.53438567152585, 129.14796436530509, 164.12581585278218, 202.19754904169355, 243.25263254228008, 291.8882729962714, 347.18852159656745, 402.9604131603026, 456.17926228101277, 506.53956934519914, 554.5221314994128, 600.1984923319428, 644.2352656689889, 687.330210725863, 730.5181962222748, 771.5660867567055, 812.8295250495864, 851.1929115242285, 888.4415493745694, 923.8015740896178, 958.685869514562, 992.1200687291971, 1025.8572445307902, 1059.5613805135652, 1093.5858375298658, 1127.8094816020462, 1162.3905153744859, 1197.7018600800686, 1233.4907763803903, 1270.3467583803779, 1308.3404030792606, 1347.160208766165, 1386.8450733350708, 1427.7225592216832, 1467.2263224324797, 1507.4812300723218, 1546.5751260748614, 1583.7624062853256, 1619.992502752773, 1654.5553576305442, 1687.181548125598, 1718.9195158587386, 1749.3435552636329, 1778.9551714333256, 1808.2492037250313, 1837.0880449435022, 1860.6296454439284]","[4.1825747, 4.1790309, 4.1765895, 4.1747384, 4.173203, 4.1719036, 4.171037200000001, 4.1699739000000005, 4.169147, 4.1685567, 4.1678872, 4.1672964, 4.1669025, 4.1662335]",3011.974137689076
162,0.5,1,45,"[0.0, 25.36824036948383, 60.98289404202035, 95.55744475908853, 128.7778171911823, 164.41148608206845, 203.15157452336234, 243.52815858227348, 291.2602322363816, 347.00458750959035, 402.86754964352383, 455.61525125474327, 506.2662696855499, 554.2128819815429, 600.2614754796126, 644.2690244813019, 687.3921374704788, 730.0387083127372, 771.9103976370067, 812.6030807277222, 851.0467435538861, 887.7333489352826, 923.6921620376207, 958.3971856875518, 992.490041212959, 1025.698686771057, 1059.386747151555, 1093.165065792488, 1127.4718583129966, 1162.2634112686005, 1197.7492428348137, 1233.4617039339673, 1270.465999688246, 1307.9097415032147, 1346.6359839038782, 1386.624598203141, 1426.922180767598, 1467.412607126092, 1506.9151856119206, 1545.8092647938615, 1583.5350969449873, 1619.8080001623052, 1654.20997871606, 1686.995094288162, 1718.4444276659915, 1749.125426171472, 1778.6541339067048, 1807.9130807100996, 1836.600706410015, 1859.3207835970743]","[4.1826138, 4.1790309, 4.1765103, 4.1746597, 4.1732817, 4.1719823, 4.1708012000000005, 4.1699347, 4.169147, 4.168398900000001, 4.1679263, 4.1673751, 4.166784799999999, 4.1663122]",3011.182320401068
163,0.5,1,45,"[0.0, 23.130494994521996, 58.87311727303336, 93.12832836119787, 126.74391767824272, 161.9014264247811, 200.35584094019794, 241.37960952202798, 289.4181533547977, 344.4437146032227, 399.94985273155294, 453.7060222259797, 503.37096615821827, 552.0895052913423, 597.4009636313616, 641.5524115594698, 683.767749508689, 727.5813677092527, 769.0614605976933, 809.7299154628037, 847.9492889464647, 885.2952714507302, 920.9987219799558, 955.5351952593036, 989.2456585100559, 1023.0287545325695, 1056.9455947136394, 1090.6509724870689, 1124.7122508489097, 1159.5129194361202, 1194.8663349622484, 1230.4021957410514, 1267.37031266447, 1304.8271887183241, 1343.3000168258586, 1383.554314034061, 1423.8539049399483, 1463.923592602584, 1504.2533173483266, 1543.4455741549978, 1580.2052706948225, 1616.3402626249763, 1650.7380305888714, 1683.4442286439717, 1715.4177587011136, 1745.9810228433107, 1775.5778100031494, 1804.69306814215, 1833.2195836368119, 1859.5361960437012]","[4.1828504, 4.1789126, 4.1765499, 4.1747384, 4.1732421, 4.171864, 4.1708798, 4.1699739000000005, 4.1692257, 4.1685567, 4.1679263, 4.1673751, 4.1667056, 4.1663122]",3010.378744432646
164,0.5,1,45,"[0.0, 23.562680794918094, 59.45122864218632, 93.56979913554898, 126.93049772611477, 162.48834176109102, 200.61909336219384, 241.5833798202413, 289.04248069355043, 344.54220773345133, 400.2380303987498, 453.3190866622289, 503.5749898790254, 551.6431710463216, 596.8591277127757, 641.456806769583, 684.6859408712262, 727.7868404160267, 769.4907085531943, 809.4428510293158, 848.2086041532423, 885.1649144779731, 921.0116971199182, 955.5594501006856, 989.9450682382196, 1022.9198783471293, 1056.4711896774745, 1090.0572024006465, 1124.0868523900874, 1158.8517074808738, 1194.3265733545982, 1230.3883959881873, 1267.4044214551213, 1304.7248929322245, 1343.764290271318, 1382.817726378993, 1423.325118947244, 1464.1825933690927, 1503.4517321245607, 1542.5718944476898, 1580.4520815338428, 1615.9613222978637, 1650.5903466715981, 1683.3782388020873, 1715.13441301594, 1745.581843842726, 1775.4622010663657, 1804.4680045545879, 1833.2194612465187, 1859.28822587504]","[4.1826534, 4.1789126, 4.1764712, 4.1745024, 4.1730456, 4.171864, 4.1708012000000005, 4.169895200000001, 4.169068299999999, 4.1684775, 4.1678085, 4.1672964, 4.1667056, 4.1661544]",3009.04085762953
165,0.5,1,45,"[0.0, 21.132800098514963, 57.0137455420122, 90.96008409343631, 124.89756339450787, 160.09341860635357, 198.44931362323075, 239.57190531691276, 287.2628097347774, 342.2378555058365, 397.82600869252985, 450.626551730272, 501.00824044091655, 549.3125201991965, 594.5923161802078, 639.1567633038411, 682.0881686525946, 724.7617454471084, 767.0026079679991, 807.0456967868957, 845.8562040615321, 882.6151382958589, 918.0802079150284, 952.850018734055, 986.5803189402794, 1020.113451548851, 1053.9300174533942, 1088.098874139332, 1122.1085894753478, 1156.580345124531, 1191.753988733194, 1227.6201905633957, 1264.294217977821, 1302.1997059659807, 1340.423404042468, 1380.2247103694644, 1420.8432590131065, 1460.866189413769, 1500.6456647772402, 1539.8275357770003, 1577.30143340297, 1613.7933425158203, 1647.6734269306444, 1680.6292021156, 1712.37270668035, 1743.0116833959428, 1772.8124488765275, 1801.9078349208598, 1830.5517755466453, 1858.9234264286965]","[4.1826534, 4.1791487, 4.1765895, 4.1747384, 4.1731243, 4.171942700000001, 4.1708798, 4.1699739000000005, 4.1692257, 4.168438399999999, 4.167769, 4.1672177, 4.1667452, 4.1663122]",3008.122039477403
166,0.5,1,45,"[0.0, 35.116200107569114, 71.10223120599227, 105.0681556238041, 138.6953319801823, 174.1299518888573, 212.55026142561024, 253.52325755740236, 301.1507990064435, 355.6865568424965, 411.31560571308097, 464.4134692037339, 514.9776144049777, 563.1429371207926, 608.8533214151587, 652.5967507501975, 695.892866788846, 738.9379986199513, 780.1604355739232, 820.7999432753131, 858.6532333876853, 896.2708112073719, 931.7255332466375, 966.5843639627242, 1000.6366448730644, 1034.1979524246342, 1067.650131952865, 1101.2149787591136, 1135.5252398802247, 1170.469433606314, 1205.4094049747594, 1241.2534903694186, 1277.6581882328128, 1315.651267250381, 1354.6421843511337, 1394.180917995297, 1434.3375914819158, 1474.5256777161944, 1514.5099175959856, 1553.6907942254568, 1591.3570427642114, 1627.042821998288, 1661.347843459114, 1694.3722972008075, 1725.9798762817088, 1756.6800361986063, 1786.4348709932563, 1815.4601228886156, 1844.1329577704753, 1861.0193724551725]","[4.1827712, 4.1789517, 4.1764317, 4.1747384, 4.1731243, 4.1719036, 4.1708012000000005, 4.1699347, 4.1689897, 4.1682811, 4.1677294, 4.1671782, 4.1666269, 4.1663513]",3007.074591172553
167,0.5,1,45,"[0.0, 22.55023418109579, 57.774605969681375, 92.65276006793817, 125.6441111614057, 161.0054470256241, 200.0705662836242, 240.1384617530008, 287.6751321709992, 342.6091972260971, 398.6014840632247, 451.6227682377595, 501.71543355650783, 549.3251669769048, 595.9471712911703, 639.2587310435855, 683.2003957805385, 725.2990502178278, 767.254888103714, 807.156477680406, 846.1994020096339, 883.1425277427339, 918.854073263543, 953.2803762926009, 987.5196446913207, 1020.9395267949207, 1054.7005088209166, 1088.1944643347497, 1122.5005484574158, 1156.7762950583337, 1192.2678331052412, 1228.207512957379, 1264.8084209557474, 1302.70149346062, 1341.1408766087939, 1380.7589943669414, 1420.858458351961, 1461.1886974021913, 1501.497621042388, 1540.3250149360524, 1577.9459726443683, 1613.908836108586, 1648.0765934295769, 1681.075631038254, 1712.7230772284402, 1743.2312675388844, 1773.0762518652487, 1801.9733109718936, 1830.787121103841, 1859.1465268964294]","[4.1825747, 4.1789126, 4.1765103, 4.1745024, 4.1729665, 4.1716671000000005, 4.1706433, 4.1697378, 4.1689897, 4.1682415, 4.1676116, 4.1669812, 4.1665483, 4.1660366]",3005.7919878620064
168,0.5,1,45,"[0.0, 22.48139956990582, 58.01762778319022, 92.58508129810008, 126.05804198804725, 161.0910700764005, 199.28519899786357, 240.22781856259104, 287.7553562525832, 342.7929541092496, 398.25920502976504, 450.95862632448865, 501.5770200628156, 549.2618733897339, 595.4516940916153, 639.059047147756, 682.2782603992391, 724.5839633309331, 767.0382452721701, 807.2128019518423, 845.8660093779404, 882.585449041505, 918.3265734468084, 953.0406326776458, 986.542006498865, 1020.4947468700807, 1053.9203240001827, 1087.738859023867, 1121.6175591798421, 1156.7481917139557, 1192.0667748200717, 1227.6248919081581, 1264.852322703396, 1302.147439306198, 1340.6026951004849, 1380.531792780709, 1420.9560068111798, 1460.9714508070563, 1500.991988683399, 1540.005123758808, 1577.6242992660436, 1613.505109089941, 1648.1367162854986, 1680.7393687853914, 1712.361700950597, 1743.0456342324733, 1772.846684344951, 1801.8376509329037, 1830.4696163199346, 1846.201463651325]","[4.1825747, 4.1788731, 4.176353, 4.1744628, 4.1730456, 4.1717854, 4.1706829, 4.1697774, 4.1688323, 4.1682415, 4.1676507, 4.1670208, 4.1667056, 4.165997]",3005.1848593104382
169,0.5,1,45,"[0.0, 35.1809842798429, 71.08610148246936, 105.4701728803023, 138.64356106450322, 174.09256521200285, 212.4079301533971, 253.26590306640395, 299.98447475382267, 355.38557644809094, 411.1805018836961, 463.9499005602765, 514.3893788673561, 562.3312889436183, 608.0619407696463, 652.324019785455, 695.4855081624298, 737.7391073608048, 779.7158720986856, 819.6108664223054, 858.7329384753218, 895.0886314752893, 931.4363320500593, 965.99629754652, 999.5140101701411, 1032.9871442986796, 1066.4511667426623, 1100.279820098631, 1135.0768393693425, 1169.6315567837016, 1204.5642515795078, 1240.7230203769311, 1277.0487214966606, 1314.9281490390713, 1353.256846173254, 1392.9799989790856, 1433.4464202947452, 1473.6502894044759, 1513.5977492259606, 1552.9020065429536, 1590.11294175859, 1626.1478628659013, 1660.16422912971, 1693.305283612329, 1725.000823994487, 1755.6733565102056, 1785.2446437744363, 1814.3308060562842, 1843.210807944549, 1860.6806901413295]","[4.1824956, 4.1789517, 4.176353, 4.1744628, 4.1729665, 4.171864, 4.1708012000000005, 4.1697774, 4.1689501, 4.1682811, 4.167572, 4.1670995, 4.166587799999999, 4.166194]",3004.395263969046
170,0.5,1,45,"[0.0, 34.49961208864829, 70.56797810030992, 105.08561233362695, 138.53985662207072, 173.41240706366648, 211.97701650437148, 252.7979940633478, 300.09813643749885, 355.11659351812386, 410.54095871607296, 462.677627242354, 513.8134735245037, 561.7607511397895, 607.6753079736458, 651.2612671880621, 694.3412927567839, 737.0169192253578, 778.8934958165825, 818.9785937101473, 858.1275106079826, 894.8308891721496, 930.6431397160658, 965.1124215150732, 998.8195825122579, 1032.3285477257405, 1066.3388676016452, 1099.7675319600448, 1133.6611649840165, 1168.6151672674819, 1203.7404726495324, 1239.5825198330353, 1276.7055747610516, 1314.2375350693046, 1353.2640702220097, 1392.8527272015886, 1432.3544421779316, 1473.266692615177, 1512.7937183271906, 1551.7931689453985, 1589.2905993533082, 1625.5459964041597, 1660.0622809119623, 1692.9029106905946, 1724.3014966807964, 1755.0041365590778, 1784.530791976039, 1813.3439954631876, 1842.4167558993672, 1861.0212221313468]","[4.1824956, 4.1787157, 4.176313899999999, 4.1744237, 4.1728487, 4.1715493, 4.1706042000000005, 4.1694622, 4.1688323, 4.1682415, 4.167493299999999, 4.1669421, 4.1665092, 4.1660366]",3002.789071638457
171,0.5,1,45,"[0.0, 32.6826598206913, 68.48462352306603, 102.48587029281941, 136.2229927951097, 171.81924835998495, 210.09709792060414, 250.54793647146164, 297.23573523176174, 352.85372067046876, 408.08696833817714, 460.98708694675713, 510.89614840858894, 559.6039614636513, 604.9226007347434, 648.9212858172916, 691.8178183158677, 734.5630707412331, 776.3001317959354, 816.807831616996, 855.0795291277921, 892.1589035233533, 927.7955751720958, 961.9068080731327, 996.0959696106968, 1029.4578558882308, 1063.0691315733302, 1096.9964012109679, 1131.7582863489938, 1165.61769654463, 1200.9927224457374, 1236.8874409643963, 1273.6937750850232, 1311.218667802879, 1349.7041506150342, 1389.164466542136, 1429.861745975656, 1469.9535341579506, 1509.90865218282, 1548.8474173903267, 1586.2509787995577, 1622.4940308948171, 1656.2761920729586, 1689.4356308681695, 1721.196774652391, 1751.6945347874416, 1781.355316334893, 1810.528846467087, 1839.2794225112812, 1859.3640732473418]","[4.1827712, 4.1789913, 4.1763926, 4.1741872, 4.1730061, 4.1717854, 4.1706829, 4.1696591, 4.1689110000000005, 4.1683202, 4.1674538, 4.1669421, 4.1664696, 4.1660366]",3001.9682591030487
172,0.5,1,45,"[0.0, 34.28098659632661, 69.73616693872594, 104.74989749550042, 137.75971424322967, 172.91822792803652, 210.97567451366007, 251.8282011527794, 298.7879721801174, 353.244494997059, 409.4501536150887, 461.93870752559866, 512.74580534552, 560.5882638107969, 606.3090033809533, 650.2582098338025, 693.3042710773825, 735.7287326245541, 777.6339671767446, 817.5239387250501, 856.2711919289425, 893.6003424788387, 928.8644686572434, 963.5180716225113, 997.4491587631226, 1030.8018888373726, 1064.3742057047386, 1098.6929197507932, 1132.3250196028212, 1166.9146395625555, 1201.9512647520983, 1237.9403022568413, 1274.6147086073674, 1312.5104732118011, 1351.2401650057197, 1390.3107440551312, 1430.531848569001, 1471.1523023214536, 1510.7310067946387, 1549.8598869026075, 1587.465379469641, 1623.6595389028016, 1658.015760831383, 1691.0361815863694, 1722.0543593645766, 1752.886531721219, 1782.3699821308091, 1811.4680251129612, 1840.3057999938537, 1860.1937561577688]","[4.1825352, 4.178754799999999, 4.1762347, 4.174345, 4.1729665, 4.1716671000000005, 4.170564700000001, 4.1697378, 4.1687927, 4.1680841, 4.167532899999999, 4.1669421, 4.1663122, 4.1658788]",3000.976388463677
173,0.5,1,45,"[0.0, 32.842297989659926, 68.63455046971791, 103.51789700490616, 136.5467054698533, 171.5945554494935, 209.8567431549946, 250.5153453355676, 297.3755691384576, 352.21929802212907, 407.46354164201597, 460.8572772779614, 510.9451560251859, 558.9288199041289, 604.4902844761671, 648.5843731932525, 691.6413901195463, 733.9257061505953, 775.878579053259, 816.1429538683856, 854.6541888801494, 891.4049324517111, 927.0091981820406, 961.563413067041, 995.6011539517133, 1029.409739404163, 1062.8577861492256, 1096.667114848054, 1130.784389768585, 1165.1495234266636, 1200.1245759778317, 1236.487128132676, 1272.8527549078622, 1310.5379596626506, 1349.5138343592673, 1388.6969501975836, 1428.9705632654914, 1469.7028129210298, 1508.8749480523416, 1547.9290538162275, 1585.567723492874, 1621.8788672323776, 1656.4215555775645, 1688.7689803923213, 1720.4327082496839, 1751.0907792465932, 1780.601832089068, 1809.6425637615635, 1838.3942357434494, 1859.9505917900924]","[4.1824956, 4.178754799999999, 4.1764317, 4.1744628, 4.1729274, 4.1717458, 4.1706042000000005, 4.1697378, 4.1688714, 4.168162799999999, 4.167493299999999, 4.1670208, 4.16643, 4.1658788]",3000.330656117486
174,0.5,1,45,"[0.0, 31.496010098692068, 67.29255567683316, 102.07118090404714, 135.11659841589454, 170.3171972251194, 208.5289918634158, 248.6950177539091, 295.58409542685257, 350.62632981083226, 406.0318019556889, 458.5198341028253, 508.9734078291951, 557.095837345101, 602.7360343482733, 646.8100151902127, 689.6085241252215, 732.1272485398581, 773.6239667639577, 814.0127884440856, 852.6617895774066, 889.8812916896075, 925.128226725581, 959.7054422738831, 993.4644584466314, 1027.1771042383266, 1060.4882629157282, 1094.279611926476, 1128.8093285121424, 1163.1615412378846, 1198.3066168529601, 1234.2494663121033, 1270.8869378523527, 1308.3178837949602, 1346.999204614116, 1387.1237343854468, 1427.2290268983302, 1467.1454229895955, 1507.0677548943318, 1546.0064410750808, 1583.5620593949377, 1619.6804729777143, 1653.6716347794993, 1686.557755132105, 1718.3563131987323, 1749.05800348349, 1778.6196654764483, 1807.515001439948, 1836.4043409388444, 1858.9154912990318]","[4.1826534, 4.1789126, 4.1763926, 4.1744237, 4.1728878, 4.171628, 4.1706829, 4.1697378, 4.1688714, 4.1682415, 4.167572, 4.1669812, 4.1665092, 4.1660366]",2999.387392557104
175,0.5,1,45,"[0.0, 32.52187818906606, 67.76578592057143, 102.86547545483864, 135.74197250504182, 171.07281631538882, 208.97738619461, 249.9546220989552, 296.76740923879976, 351.39823603396127, 406.7052406478618, 459.54349854538356, 510.134855813413, 557.7964635714488, 603.3403778239438, 647.0853839182255, 690.2378820911633, 732.6906584428561, 774.3160379804453, 814.3726753967676, 853.0082590178515, 889.8424417422004, 925.4131571325809, 960.2505190486825, 993.9494631634359, 1028.071293708671, 1061.4678844932357, 1095.019254423422, 1129.1670535097567, 1163.4814348762054, 1198.6110221813487, 1234.2641535725925, 1271.2611898495077, 1308.3835949983459, 1347.2099243900245, 1387.1361238138163, 1426.7688568104052, 1467.223601729752, 1507.3195315064652, 1546.2233801691887, 1583.4760643011239, 1619.6770441289634, 1654.3093527890153, 1687.5703162170373, 1718.4071421108622, 1749.029822093106, 1778.8353838698756, 1807.8442576194805, 1836.5957574655442, 1859.1264753865564]","[4.1824565, 4.178794399999999, 4.176313899999999, 4.1744237, 4.1728091, 4.1716671000000005, 4.170486, 4.1696982, 4.1688323, 4.1682019, 4.167572, 4.1669421, 4.16643, 4.1658788]",2998.4160347899046
176,0.5,1,45,"[0.0, 31.723471992592522, 67.09946388439772, 101.59342888491886, 134.91647429370227, 170.075545087359, 208.28781651006494, 248.4838408061534, 295.4733851643636, 349.87454700053644, 405.65517185070627, 458.55865690677234, 508.56811786654845, 556.8598724886208, 602.4685988621727, 646.2715456057274, 688.9843902834584, 731.5799704754581, 773.4083478559753, 813.3006867560919, 852.0065066634395, 888.9387688465786, 924.7013026967206, 958.9746003801258, 993.259226772228, 1026.6736739965575, 1060.601357305896, 1093.8792835523197, 1127.842269255139, 1162.080546403388, 1197.5838886135523, 1233.2405721162343, 1270.1397003928078, 1307.7197671041713, 1346.3452415847678, 1385.9239799424683, 1426.0115315359178, 1466.0993630438163, 1506.0455748844213, 1545.2939256397813, 1582.4586827600217, 1618.5445455238944, 1653.1305908210045, 1686.6498601461897, 1717.5985478498308, 1748.0277588688894, 1778.075065477204, 1806.977816493468, 1835.6076421519563, 1858.9234449207909]","[4.1824565, 4.178637, 4.176156, 4.1742663, 4.1728091, 4.1715493, 4.170486, 4.169343899999999, 4.1687536, 4.1680446, 4.167336, 4.1666269, 4.1663122, 4.1658397]",2997.304152173258
177,0.5,1,45,"[0.0, 31.65912785679734, 67.00181586749937, 101.20943827864716, 134.72028312957292, 169.61140249887075, 207.51565464907156, 248.11747441087715, 294.8066522304493, 349.7595439564588, 404.5682999836593, 458.28947814752433, 508.479436114326, 556.1198668457246, 601.6957688813636, 645.4474422352628, 688.423457274142, 730.4580035490833, 772.9166811262237, 813.0972972733648, 851.4942649374784, 888.9333465043435, 924.3899484857898, 958.4955015906744, 992.0845655551193, 1026.0509827451094, 1059.356503210434, 1093.1558585014097, 1126.9799679919502, 1161.8930310202163, 1197.082704469889, 1232.8869386426327, 1269.7398670183738, 1307.4036697642334, 1345.6334003393677, 1385.0192142120532, 1425.0016845516682, 1465.5149763782129, 1505.3975778503266, 1544.313820889147, 1582.012320660886, 1617.7879224470112, 1651.150748714967, 1686.3549379977371, 1716.1594660956548, 1747.2882345977428, 1777.2388442769884, 1806.2192082574093, 1835.0268250085023, 1853.618096651002]","[4.1824169, 4.1785583, 4.1762347, 4.1741872, 4.1727304, 4.1713915, 4.170289, 4.1695409, 4.1686354, 4.1679659, 4.1672177, 4.1667452, 4.1660366, 4.1656818]",2996.2796915489366
178,0.5,1,45,"[0.0, 31.433920169736098, 67.41805402063773, 101.91404089223857, 135.13439575566343, 170.2177625284308, 207.87660308368305, 248.31365006132108, 294.776239872949, 348.8438311846052, 404.96537532960025, 458.007214717797, 508.7495571131796, 555.9856529237661, 601.6312035281312, 645.8186177004604, 688.7826953139102, 731.4147348328418, 773.1196181075459, 812.7406646116415, 851.5829873218509, 888.2578962079879, 924.3481988203055, 958.3755818496484, 992.3541681781696, 1026.2232686030495, 1059.763492715968, 1093.2236624246384, 1127.172590872213, 1161.7134909235012, 1197.3021767291289, 1233.22319740183, 1270.1551007362746, 1307.4558657987977, 1346.2480226126215, 1385.3451029567311, 1425.4073825524397, 1466.0862922226456, 1505.6585961443752, 1544.5949046987387, 1582.5777522210274, 1618.2697446577786, 1652.7677960807619, 1685.5444401910559, 1717.2477864625625, 1747.644018787385, 1777.617526898478, 1806.453857314059, 1835.35788059158, 1859.7078585190156]","[4.1823382, 4.178637, 4.1762347, 4.1742663, 4.1726909, 4.1713915, 4.1704464, 4.1694622, 4.1688323, 4.1679659, 4.167257299999999, 4.1667452, 4.1662335, 4.165761]",2995.615508799777
179,0.5,1,45,"[0.0, 28.643124266071936, 64.19491886321794, 98.70948555135408, 131.90571223243285, 167.37548980903682, 205.43073913330386, 245.54620433419916, 291.9828106006081, 346.88902241263816, 401.7387280736094, 454.56147032888794, 505.45097843080305, 552.8729189782215, 597.9916184957632, 641.9484286244978, 684.8873302526946, 727.9312448566426, 769.4281956673109, 809.6980539402404, 848.163775250492, 885.1402961556536, 920.7658119279578, 955.185629845335, 988.8384968446475, 1022.4094158584397, 1056.467885021401, 1089.9232956363385, 1123.8472007937403, 1158.7192078302155, 1193.612317696271, 1229.3883213092745, 1266.066263061793, 1303.693568897117, 1342.2233390696483, 1381.4203486251326, 1421.5226679143516, 1462.585322138762, 1502.0271133826777, 1540.9797562132599, 1578.8334114520108, 1614.755798378127, 1649.1022980792773, 1681.573179456092, 1713.358276395164, 1743.920364898367, 1773.58277110182, 1802.695860908333, 1831.3423782367959, 1859.2412748923075]","[4.1823382, 4.178637, 4.1761169, 4.1742663, 4.1727304, 4.1713128, 4.1702104, 4.1693835, 4.1685958, 4.1678085, 4.1672177, 4.1667452, 4.1661544, 4.1656818]",2994.61820995877
180,0.5,1,45,"[0.0, 28.486056415148084, 63.70045678996689, 98.32674640095615, 131.6469412202856, 166.43297804335498, 204.65778829546957, 244.2353025686233, 290.7461860641846, 345.5241366236695, 400.81379610840145, 454.0846756440327, 504.4296509190202, 552.0665925196149, 597.5503545566767, 641.2774016560888, 684.3330349054479, 726.5981750963638, 768.2643517720549, 808.4009556722422, 847.6049353989906, 884.4356576142036, 919.9795362457824, 954.2847681663832, 988.1828953439142, 1021.8170096251895, 1055.455218449835, 1089.4910596758637, 1123.010102911584, 1157.530496351827, 1192.8945101975992, 1228.5689472563565, 1265.2463479590149, 1302.5707201955074, 1341.2506818884385, 1380.4457854646023, 1420.9546748374282, 1461.263579722517, 1501.129050779145, 1540.305661582598, 1577.833877224172, 1613.703736697488, 1647.9074198922692, 1680.7817081800592, 1712.574457447645, 1743.0475190866898, 1772.7972506055305, 1801.8626071375113, 1830.3959953295318, 1858.757036390041]","[4.1824956, 4.178637, 4.1759987, 4.1740298, 4.1726909, 4.1712737, 4.1702499, 4.1692653, 4.1685171, 4.1678085, 4.167257299999999, 4.1666665, 4.1661153, 4.1655641]",2993.578798041855
181,0.5,1,45,"[0.0, 30.139961919058862, 65.7324633476207, 99.91852426709187, 133.5355511660277, 168.41553399265086, 206.63315969351407, 247.3270233174522, 292.8888905106483, 348.25480335674825, 402.66720215422384, 455.76881639251786, 506.20825746930126, 553.5104189889951, 599.5338687914166, 643.3888054623808, 686.3710869473612, 728.8587476159207, 770.6242833785843, 810.5536749886928, 849.1722487669308, 886.2251637738289, 921.5575833193866, 956.6162421362685, 989.7761056758291, 1023.5453244445628, 1057.1506718445564, 1090.566609817583, 1125.1512306865914, 1159.6193524112814, 1194.6861425116358, 1230.1488893756905, 1267.0862163623522, 1304.4396376868096, 1343.3945349416224, 1382.7130847077417, 1422.7645812320152, 1462.9666286696793, 1502.7435670326543, 1542.1249998853034, 1579.4744188244563, 1615.626385862162, 1649.9538020320897, 1682.8446568384015, 1714.3349343341933, 1744.7998879752486, 1774.4706429048024, 1803.6122902177253, 1832.1865812629326, 1859.4324010472956]","[4.1822596, 4.178637, 4.1760774, 4.1741872, 4.1725335, 4.171194600000001, 4.1702499, 4.1693835, 4.168438399999999, 4.1678085, 4.1670208, 4.166587799999999, 4.166194, 4.1655245]",2992.484981445041
182,0.5,1,45,"[0.0, 28.239382723914673, 63.82655341688729, 98.50355900226697, 131.80197788445338, 166.62059253058027, 205.0256762737294, 244.58432918061334, 291.34241166993894, 345.72140541669563, 401.32672296899085, 453.8380906377885, 503.8508054445825, 552.1509401471665, 597.610369233467, 641.6858683850569, 684.7789699843031, 726.7286348095058, 768.0884733070491, 808.4880899001057, 847.2335330483504, 884.4564991018729, 919.8087371821591, 954.1679503030014, 987.8223098450292, 1021.2425043302496, 1055.2865310477753, 1088.9798667069067, 1123.1524280862793, 1157.229497348445, 1192.3381196245607, 1228.2538094548331, 1265.1711958121532, 1302.514393170435, 1340.9150380848873, 1380.4513130733915, 1420.6365344175379, 1460.869408828316, 1500.469378499136, 1539.8257027400741, 1577.225105520951, 1613.1364854454616, 1647.5428420246183, 1680.2445242431115, 1711.8175525238614, 1742.3661305974563, 1772.0661084348947, 1801.3768440390957, 1829.9740902441383, 1846.7309568465178]","[4.18222, 4.178637, 4.1759987, 4.1739902, 4.1724548, 4.1711159, 4.170092100000001, 4.1691079, 4.1683598, 4.167769, 4.1669812, 4.16643, 4.165957499999999, 4.1654458]",2991.372750807292
183,0.5,1,45,"[0.0, 29.007589069934568, 64.69793893115559, 99.07180392031296, 132.65536335684237, 167.65504509815912, 205.1903719953283, 245.432303510912, 291.6047983195482, 346.04535647877253, 401.40390213759576, 454.2500246075339, 505.0306990357717, 552.2909550882239, 598.1328615049999, 641.5700264627708, 684.6260471981604, 727.4315969696804, 768.6209872793588, 808.823292781788, 847.6867501205934, 884.4646014117204, 920.1135315643517, 954.512806918875, 988.2363286683906, 1021.9817805021758, 1055.5503685870408, 1089.0204472838277, 1123.3081351735284, 1155.5119329161648, 1191.8126357507185, 1227.4310184239737, 1265.2865772341943, 1302.8248911818794, 1341.102887432714, 1380.7736250751511, 1420.9151544492404, 1460.9976263089764, 1500.5734744608244, 1539.9997663477238, 1577.6462293101326, 1613.8516707850367, 1647.9061703275243, 1680.630810589425, 1712.3598925886763, 1742.6493807320285, 1772.355622690492, 1801.5876332144412, 1830.2805063587411, 1856.540332498711]","[4.1823382, 4.1785975, 4.1759987, 4.1741481, 4.1724939, 4.171194600000001, 4.1702499, 4.1692257, 4.168438399999999, 4.167769, 4.1670604, 4.1665092, 4.165957499999999, 4.1655641]",2990.6982288484724
184,0.5,1,45,"[0.0, 26.32077078357304, 62.3079640608546, 96.41947751394582, 129.86310631703827, 164.7176576298158, 202.31965201115952, 243.10143367241596, 289.13142607223404, 343.134992632009, 398.71186053654117, 451.6589535168097, 501.82247982734054, 549.8137568634816, 595.5039559780248, 639.2688797484325, 682.3512327806525, 724.3009671268546, 766.3294067461402, 806.5960735288011, 844.6138941129141, 881.9345138959432, 916.7953009481637, 951.6287867438189, 985.9197500444641, 1019.706676928183, 1052.984771848999, 1086.288848435805, 1120.7321410341924, 1154.9519555950126, 1189.7227615887145, 1225.9169078161333, 1262.7105967453529, 1299.9601902550846, 1338.515094278791, 1378.3856860969022, 1418.0683797905724, 1458.2125671949138, 1498.0480991748968, 1537.0550889948, 1574.7204575468213, 1610.557004426816, 1644.5249301778567, 1677.7216082569457, 1709.3142654147541, 1739.9766190916152, 1769.6255726983195, 1798.6501070169234, 1827.4194405360818, 1845.4234365701645]","[4.182023, 4.1783218, 4.1758018, 4.1738725, 4.1722975, 4.1710768, 4.170092100000001, 4.1689501, 4.1680446, 4.167532899999999, 4.166784799999999, 4.1662335, 4.1657214, 4.1652093]",2989.3011458633086
185,0.5,1,45,"[0.0, 27.545061418763282, 63.28462615621862, 97.59568637077263, 130.6735087015973, 166.3202569712342, 203.37054937540148, 244.0805532316678, 290.2139829556374, 344.39142770286156, 399.7469868976463, 452.54372445251084, 502.81225289299476, 550.7564092671901, 596.2944541068421, 640.1541774513544, 683.2287579678891, 725.4950397841378, 766.8296850698778, 806.9582068415175, 845.9192406744623, 882.5590299633475, 918.5240946958297, 952.521549557164, 986.4439879647371, 1019.8341165994739, 1053.430753226377, 1087.6264687683856, 1121.6780716569212, 1156.0763548076793, 1190.6063348398409, 1226.9494301340785, 1263.5289579275463, 1301.1626029940792, 1339.5402671659829, 1379.1377761359481, 1418.7918846532377, 1459.0957008392538, 1498.836242029275, 1537.9708422275576, 1575.6086083888526, 1611.61639553108, 1645.6648991384554, 1678.5752857096732, 1710.294195141752, 1740.8951538705055, 1770.545440117724, 1799.622595572053, 1828.2537343167646, 1845.6468580747473]","[4.1821413, 4.1784005, 4.1758804, 4.1739116, 4.1723762, 4.1711159, 4.1699347, 4.1691079, 4.1682811, 4.1676116, 4.166784799999999, 4.1662726, 4.1658788, 4.1654854]",2988.566383146294
186,0.5,1,45,"[0.0, 26.223588921453597, 61.969056700487045, 96.7770550521866, 130.67435779011475, 164.80978666158808, 202.81148172934888, 243.0659253580135, 289.11761278742244, 343.25935193442683, 398.4939868334933, 451.4689360341383, 501.9120883801477, 550.1192624235559, 595.6108632011039, 638.8520559206527, 682.0383517673401, 724.3981769586987, 765.9222722484781, 805.9602035955238, 844.342789414018, 881.5584658812327, 917.163466658312, 951.2481313775686, 985.2609019216466, 1018.5520096443065, 1052.4501815719511, 1086.5168159006623, 1120.4314067022233, 1154.667892720521, 1189.672489744389, 1225.2792364869772, 1262.0784991412613, 1299.4656549042172, 1338.1866952478538, 1377.3720384774572, 1417.372683255272, 1457.9863050903427, 1497.3417627233775, 1536.361883869846, 1574.1527969099268, 1609.6693000617604, 1644.6642340453134, 1677.3681519372587, 1708.8478857224661, 1739.2223949940083, 1769.1882606338788, 1798.1326559894549, 1826.785103160216, 1844.3506968025715]","[4.1821413, 4.1783614, 4.1758804, 4.1739511, 4.1722579, 4.1709189, 4.169895200000001, 4.1688714, 4.1682415, 4.1674538, 4.1669025, 4.166194, 4.1655641, 4.1651702]",2977.793026616756
187,0.5,1,45,"[0.0, 22.80100044479377, 58.39304254828858, 92.88491786773704, 126.43737931835358, 161.39194307946389, 199.05853275779293, 239.15009700568964, 285.25288770503573, 339.45096044344575, 394.78225430618, 447.2163226259819, 497.6103530053782, 545.2700840596862, 590.7018924890117, 635.0796604110099, 677.7040070062535, 719.2140052227019, 760.9354737663348, 800.9499070557426, 839.7224125545802, 876.383294292975, 912.2768449392852, 946.8748637032486, 980.2114876604721, 1013.9365567003028, 1047.5810947994169, 1080.829998782698, 1114.7199444532048, 1149.4466147818644, 1184.4845049484077, 1219.8595695568151, 1256.3932883724253, 1293.852449109962, 1332.3705500703213, 1371.6511574826084, 1411.9746854721425, 1451.8495981597982, 1489.6313158933988, 1526.7401242882986, 1563.0926736850754, 1598.2032606783441, 1632.0237533010877, 1664.6867040891402, 1696.3596843272699, 1727.3548549374273, 1756.8740683796323, 1786.0583228776263, 1815.031780047765, 1843.163419464111]","[4.1817474, 4.1780462, 4.1754866, 4.1734786, 4.1719036, 4.1705256, 4.1694622, 4.1685171, 4.1676116, 4.1669421, 4.1663909, 4.1657214, 4.1651702, 4.1646581]",2985.092290574545
188,0.5,1,45,"[0.0, 26.342270181041727, 62.12192797790715, 97.06070056460078, 130.13291202401274, 164.65880127989476, 202.77883839498725, 242.99628282721494, 288.3808539981568, 342.84840423084245, 398.05589141114854, 450.58285650421385, 501.0730696427381, 548.7596058346508, 594.4610934177895, 638.1391254835225, 680.9475672211311, 723.2622935032368, 764.6438563405757, 804.5831288395746, 843.6439275018872, 880.2777379458664, 915.8893977555626, 950.2650775959801, 984.2842773780137, 1017.6229985546745, 1051.4416354636944, 1084.9527462415012, 1118.6982494056292, 1153.1533323356396, 1188.308289813176, 1223.990202794919, 1260.4354949103094, 1298.3307139928927, 1336.478565283638, 1376.2914179726808, 1416.0688300728152, 1456.7628678988451, 1495.9299193742636, 1535.045952995979, 1572.564798662567, 1608.4023657302143, 1642.849119923321, 1675.6917824147206, 1707.4016398050355, 1737.9600072372275, 1767.5457408646191, 1796.621364927243, 1825.2417954000919, 1845.807981957125]","[4.1821413, 4.1784005, 4.17592, 4.1740694, 4.1722975, 4.1710768, 4.1700134, 4.1691079, 4.1682019, 4.167532899999999, 4.1669421, 4.1663909, 4.1659184, 4.1652884]",2985.4654098331657
189,0.5,1,45,"[0.0, 25.940429645731513, 61.72126052121894, 96.07256493124794, 129.33080959004099, 164.35316675057697, 202.31908525157257, 242.27315509184484, 287.9249559900916, 342.4138837516359, 397.5155128953097, 450.30426078428627, 500.2276294323659, 547.9272305603454, 593.2157661535812, 637.2130857206391, 679.919871538677, 722.2584971812166, 763.8858785894049, 803.8709987774466, 842.9548793759575, 879.6997387810563, 915.4872860661651, 949.9214261356167, 983.5239883529368, 1017.1792649588981, 1050.616406758536, 1084.072660976466, 1117.7242615048124, 1152.574027417688, 1187.8285146073238, 1223.2764018573887, 1259.8323995438382, 1297.5427247386513, 1335.9344165204202, 1375.686200450217, 1415.1187323610345, 1455.0741023741286, 1495.0795322019749, 1534.2189100501043, 1571.7831085658474, 1607.6773565231895, 1641.6107936990486, 1674.7936860586576, 1706.4402048310892, 1737.1188868019656, 1766.814014438499, 1795.7951930017346, 1824.5348253446366, 1844.738163230659]","[4.1821413, 4.1784005, 4.1758413, 4.173793799999999, 4.1722579, 4.171037200000001, 4.1697774, 4.1689897, 4.1680055, 4.167336, 4.1668239, 4.1662726, 4.1657214, 4.1652489]",2984.008276608075
190,0.5,1,45,"[0.0, 24.606006322543635, 60.38288110750801, 95.0319455349383, 128.23475024033843, 163.0068894792691, 200.82684112179408, 241.11943017197945, 286.63080750341743, 340.1166964551949, 395.4413159198203, 448.3546473744315, 499.08282065529687, 546.587511318201, 592.6776363952899, 635.6413637962771, 678.7520742505092, 720.83772028299, 762.2317706218307, 802.3938325552112, 841.1613109892028, 877.8675710189091, 913.3425758235326, 948.218797775201, 981.8496113399449, 1015.1875526912659, 1048.4417987917918, 1082.4815400308073, 1116.3625164653656, 1150.5210466945648, 1185.809208993156, 1221.9623085336625, 1258.259059351297, 1295.4692198167045, 1334.272739018828, 1373.5892095896177, 1413.682741541001, 1454.1238602774563, 1493.2290765257478, 1532.240388973675, 1570.0056716046724, 1606.2297290548722, 1640.795841550761, 1674.1157087190209, 1704.9506653247772, 1735.55780131235, 1765.217881591329, 1794.1096717578794, 1822.9910345723456, 1845.1581416311983]","[4.1820626, 4.1783218, 4.1757622, 4.1738725, 4.1722579, 4.1711159, 4.169895200000001, 4.1689501, 4.1682019, 4.1674147, 4.166784799999999, 4.1661544, 4.1656427, 4.1651702]",2983.049339948052
191,0.5,1,45,"[0.0, 25.968073715237665, 61.69216820430131, 96.18255339576297, 129.84016793026706, 164.14786366340036, 201.91597273161221, 241.96142600945552, 287.7963486629802, 341.49999261852133, 397.2925193036622, 449.54844786236515, 499.8473744238536, 547.8068960244152, 593.340471975107, 637.193290436669, 679.6637443175107, 722.050672259654, 763.1088075896334, 803.0342492013699, 842.2685754743441, 878.8504839648976, 914.1773923257654, 949.1244689049911, 982.8737654059676, 1016.1650256755815, 1049.5654146838278, 1083.3658185797922, 1117.1397665566924, 1152.0309869072005, 1186.8287039984968, 1222.2982413228985, 1259.2445697768599, 1296.36004224482, 1334.98766501976, 1374.2895296219122, 1414.4699515607783, 1454.7847699644396, 1494.1644593024637, 1533.1469224000994, 1570.9660539161778, 1607.063449577874, 1641.0662349143586, 1674.0540785679736, 1705.6439237352652, 1736.1008652192204, 1765.8912386068137, 1794.943187791704, 1823.679613429781, 1846.2019837643088]","[4.1821809000000005, 4.1783614, 4.1758413, 4.173793799999999, 4.1722975, 4.1710768, 4.1698561000000005, 4.1689897, 4.1679659, 4.167336, 4.166784799999999, 4.1662335, 4.1655641, 4.1650915]",2981.9774106298823
192,0.5,1,45,"[0.0, 24.069345461408545, 59.96615342459279, 93.95904280796833, 127.78276799023172, 162.35384983189, 199.67382668208336, 240.19207897788283, 285.28751359804494, 339.02942854941875, 394.2808821168835, 447.50457516112465, 498.04352165114824, 545.2265533687216, 590.540154807017, 634.7139859635186, 677.4835778252973, 719.5593751890158, 760.8316644846054, 801.5699444372494, 839.4477816350304, 876.5827646186208, 912.0660528383737, 946.7393642076859, 980.2943816877489, 1013.8711960185533, 1047.1193390803621, 1081.249942320995, 1114.7848357716568, 1149.658870322551, 1184.194528950189, 1220.118814886024, 1256.5493993744021, 1293.9422255195893, 1332.5633197153354, 1372.166075138904, 1411.875884756158, 1452.1477681255724, 1491.3955503431725, 1530.5683684958199, 1568.458958260536, 1604.3115416579872, 1638.961262285045, 1671.5110494696369, 1703.050557892267, 1733.7622250162417, 1763.5028160322286, 1792.4056202314605, 1821.2408780390329, 1844.8188141824676]","[4.1821413, 4.1782036, 4.1757622, 4.173793799999999, 4.1722579, 4.1709981, 4.1698165000000005, 4.1688323, 4.1680841, 4.1674147, 4.1667056, 4.166194, 4.1655641, 4.1652489]",2981.045623896347
193,0.5,1,45,"[0.0, 22.16995247598868, 58.00972541575436, 92.80092677138919, 125.89212802504323, 160.47730017696608, 198.06034270515295, 238.34246269502546, 283.43666712441075, 337.28710995224503, 392.28124708965186, 445.51299081024683, 495.7159694081163, 543.4992061333512, 589.5913862796631, 632.9133686609782, 675.6664150007789, 717.5388564696207, 759.0735567296442, 799.4848296192135, 837.7628295238785, 874.9227934775993, 910.3521858026972, 945.0624350440182, 978.5971589107824, 1012.1532298177253, 1046.0045501036068, 1079.4586639907063, 1113.407053572642, 1148.003475651346, 1182.8456555269893, 1218.3116688481289, 1254.82956332576, 1292.704718277843, 1330.7018227636056, 1370.2424206760809, 1410.4069840847458, 1450.2684991169276, 1489.9799173081599, 1528.7702428896582, 1566.6857731526832, 1602.4603517025084, 1637.193789320143, 1670.0516010858273, 1701.3971206508695, 1731.889082045057, 1761.5814029451285, 1790.5543340649856, 1819.3977007016465, 1845.1313222576905]","[4.1821413, 4.1783218, 4.1758018, 4.1738725, 4.1721005, 4.1708798, 4.1697774, 4.1687536, 4.1679263, 4.167336, 4.1666269, 4.1662335, 4.1656032, 4.1650915]",2980.0825101411933
194,0.5,1,45,"[0.0, 23.33332422261077, 59.357400701374786, 93.9610995297237, 127.37761151645748, 162.14336416018364, 199.31105316698938, 239.46583008335824, 285.1749203771743, 338.61263662429417, 394.0492018930439, 446.85061397066306, 496.78625678814024, 544.718284305418, 590.5544050806337, 633.9527352435838, 676.4065459453317, 718.8594451701525, 760.2552909869222, 800.398259350863, 838.9778650702305, 875.7725254649864, 911.3368032014786, 945.9803516942662, 979.568027235881, 1013.4802805432251, 1047.3712768345272, 1080.6532364022864, 1114.24001329677, 1148.8699914686658, 1183.769051741619, 1219.255595525361, 1256.0898027746398, 1293.4910393960886, 1332.0392895748214, 1370.9199457781556, 1411.3858858821363, 1451.2560768646786, 1491.0216627646237, 1530.116761450251, 1567.3812746688877, 1603.4128865770626, 1637.8730023566127, 1670.6041835575488, 1702.5816359446044, 1733.0000064917053, 1762.6758744815434, 1791.735972261411, 1820.2848820423796, 1844.7011832559547]","[4.182023, 4.1782432, 4.1757622, 4.1739116, 4.1721396, 4.1709189, 4.1698561000000005, 4.1688714, 4.168162799999999, 4.1672177, 4.1667452, 4.1661544, 4.1656818, 4.1648946]",2979.251673877493
195,0.5,1,45,"[0.0, 22.62110662998333, 58.51772305376022, 92.99447426011642, 126.20099189770116, 161.05136610719052, 198.5801818510376, 238.39569751530172, 283.7156677333293, 337.6207035677009, 393.04711536602696, 446.03844869746916, 496.49772528842, 543.8724999559151, 589.3915794920022, 632.8730769370575, 675.6239294413003, 717.7518695831136, 758.9581826943743, 799.5135977235041, 837.6720500462545, 874.7551146883104, 910.4229236218416, 944.7262078053934, 978.6815529045834, 1012.0714100890518, 1045.3189577295407, 1079.045811969077, 1113.0636614538241, 1147.3604525493952, 1182.6543692329728, 1218.137280489007, 1254.5282103756763, 1292.138793940141, 1330.4747909833832, 1370.2489314152479, 1410.0726374656936, 1450.0429180973013, 1489.6407476286217, 1528.6715610398355, 1566.4537586285107, 1602.5436877559137, 1636.811571364387, 1669.5573203822155, 1701.1185669356737, 1731.65967241407, 1761.3321504007313, 1790.2924474368692, 1819.0383572782675, 1844.446249737482]","[4.1821413, 4.1782432, 4.1758018, 4.1737146, 4.1722579, 4.171037200000001, 4.1698165000000005, 4.1688323, 4.1681232, 4.167336, 4.1666665, 4.1662726, 4.1655641, 4.1649733]",2978.276453615039
196,0.5,1,45,"[0.0, 22.858391573539734, 58.76349862213516, 93.11442743356218, 126.5756238354657, 161.08769922426478, 198.31724469747104, 238.3222844573575, 283.68883914591976, 337.5421697156041, 392.5221763404581, 445.55257149069354, 496.10355045220757, 543.2399258710436, 588.9091098802874, 632.7629376491391, 674.9017806044255, 717.6609431746672, 758.7457812852083, 798.7473545555611, 837.7155509008064, 873.973177809972, 910.003605403087, 944.3407490012517, 978.1280983564993, 1012.1638359278827, 1045.661600021529, 1079.0605057172584, 1113.0191131980316, 1147.1573094443545, 1182.1251727834456, 1218.1908650959635, 1254.6191610737644, 1292.0136286073505, 1330.3022461241155, 1369.5209081588696, 1409.4320998128655, 1449.6526202921088, 1489.6561391427229, 1528.505380503065, 1566.012511567192, 1601.947008632237, 1636.1418658186788, 1669.4221014656239, 1701.0031118697968, 1731.3993342090841, 1761.045423538066, 1790.0463708055502, 1818.7391702838452, 1844.0605175326193]","[4.1820626, 4.1782432, 4.1756444, 4.1738725, 4.172061, 4.1708012000000005, 4.1696591, 4.1687536, 4.1679659, 4.167257299999999, 4.1665483, 4.1660366, 4.1656427, 4.1650915]",2977.220252590331
197,0.5,1,45,"[0.0, 35.26791358750694, 71.05965161437695, 105.73284798120545, 139.20684276723767, 173.8707135537298, 211.3544704229335, 251.3241039063475, 296.2012160896134, 350.13633436199956, 405.7836208133527, 458.4408446070058, 508.7080768564662, 555.7944891822822, 601.6555187722033, 645.5228200568006, 688.2030976852279, 729.6019918788147, 771.5211401470706, 811.3925303275546, 849.6800647997918, 886.8136145248973, 922.1705922170722, 956.9654849359665, 990.3714542581747, 1024.055932510809, 1057.646352923866, 1091.3217394699568, 1124.513247304805, 1159.524741998709, 1194.3760632047665, 1230.0751450326657, 1266.5155138316914, 1303.9848490294853, 1342.2090344311753, 1381.564158143974, 1421.5295165795774, 1461.6862700197432, 1501.1656487273983, 1540.6059498537284, 1577.8537635575858, 1614.0025274778977, 1648.5045892616172, 1681.3971454270154, 1712.7474216653604, 1743.4044196161553, 1773.0864356623829, 1802.0002521715537, 1830.7254094410841, 1858.8925220429824]","[4.1820626, 4.1782432, 4.1756444, 4.1735969, 4.1721396, 4.1708403, 4.1697378, 4.1687927, 4.1678476, 4.1670995, 4.166587799999999, 4.165997, 4.1654854, 4.1650915]",2976.13533683553
198,0.5,1,45,"[0.0, 34.68784580629813, 70.80423790134773, 105.32867763637921, 138.5693819739812, 173.18140697131685, 210.84325559843694, 250.41485601046213, 295.6767865251371, 349.3549897239591, 404.7585295700984, 457.3379595422647, 507.52828270879684, 554.9317836598866, 600.8119083564264, 644.1424581123216, 686.9640906831552, 729.3310372377665, 770.6466049317845, 810.4571580732398, 849.116693552074, 886.0953488205372, 921.4955031722851, 955.6087290683978, 990.1524723204731, 1023.4171427435898, 1056.8131703667514, 1090.5980375347467, 1124.2384235502059, 1158.6511545062408, 1193.33335776063, 1229.1414538343884, 1265.7865612466767, 1302.8292658302357, 1341.231757806223, 1380.4526822009084, 1420.5178716904265, 1460.615255161612, 1500.335517201151, 1539.39233074392, 1576.8074688713968, 1612.6971976757131, 1647.0725868442473, 1680.076743494475, 1711.93692273951, 1742.270044915556, 1772.0704965080863, 1801.0611206222675, 1829.5731548560743, 1845.5220606361195]","[4.1819444, 4.1782036, 4.1756835, 4.173793799999999, 4.172061, 4.1708012000000005, 4.1695805, 4.1687927, 4.1678476, 4.1671391, 4.1666269, 4.1658397, 4.1654062000000005, 4.164855]",2975.5582938389757
199,0.5,1,45,"[0.0, 34.41730657782858, 69.9395299927674, 104.70242214827346, 137.91910735219136, 172.87292116937118, 210.24023543053949, 250.12629192899595, 294.5372979833018, 348.7202697753741, 404.17493513978474, 456.5821057123283, 507.0792248338491, 554.2640304942163, 600.0502908182502, 643.9163163882656, 685.9029874067035, 728.189949829657, 769.7050300779847, 810.2011086211655, 848.36959684868, 885.7494541927003, 920.503236979353, 955.5799034363317, 989.1861379284273, 1022.4525828426595, 1055.9219513067767, 1089.2854137189747, 1123.1824809903933, 1157.8458128659436, 1192.833217447426, 1228.3860872201124, 1264.9998037661153, 1302.3975319803872, 1340.3137072080347, 1380.5661475624884, 1419.4778371821824, 1460.0900682282313, 1499.4004020325683, 1538.8291603788687, 1576.1296091545419, 1612.3748291890222, 1646.4872724541613, 1679.3194722591008, 1710.9166454379158, 1741.5964346663902, 1771.0850590104048, 1800.1098443464991, 1828.6681276706097, 1845.7658005245637]","[4.1819053, 4.1780858, 4.1755657, 4.173636, 4.171942700000001, 4.1707616000000005, 4.1695409, 4.1686354, 4.1677294, 4.1671782, 4.1663513, 4.1658001, 4.1652093, 4.1647372]",2975.056424359809
200,0.5,1,45,"[0.0, 31.28578102899877, 66.90197689635323, 101.32554555724636, 135.06403258276367, 169.74019525567923, 207.1454615048155, 246.90022306668396, 292.1046938443281, 345.77660280480137, 400.4498953959099, 453.4851946264684, 503.76071044391045, 551.6578846123198, 597.0827392965084, 640.4780915559218, 682.8863669353609, 724.9085167813391, 766.9742000343088, 806.5219694802997, 844.9775678026456, 882.1320924341414, 917.7617511929875, 952.2443642493399, 985.8351146954449, 1019.1574298264079, 1052.7565344176912, 1086.423173194316, 1120.780426313339, 1154.9707688445008, 1189.4882845975521, 1225.0172912306405, 1262.01610413128, 1298.9497246808853, 1337.5529755263017, 1376.6323463012977, 1416.6652006928737, 1456.886978607242, 1496.3271775983217, 1535.2295968477972, 1572.9579757984209, 1608.9917653894754, 1642.780145646535, 1676.0012287896652, 1707.606671025951, 1738.2173998756925, 1767.7434208083255, 1796.863944070511, 1825.4854649366275, 1844.2755715435128]","[4.1819444, 4.178124899999999, 4.1756444, 4.1735182, 4.1719823, 4.1707616000000005, 4.1695805, 4.168714, 4.1678085, 4.1670995, 4.16643, 4.1658788, 4.1654854, 4.1648159]",2973.674118697108
201,0.5,1,45,"[0.0, 31.47698846041237, 67.15707612968026, 102.1968920244376, 135.52966724361193, 169.96863251673574, 207.30037126088018, 246.77919876338194, 292.2172308204001, 345.5274613432225, 400.7273527148702, 453.7889569327365, 503.42486214089786, 551.2071230916636, 596.6950700354969, 640.5345711348962, 683.0322459077493, 724.520455369769, 766.0527914784755, 806.1261445819089, 844.9127263278581, 881.6464864136312, 917.4290329807923, 951.8630106602477, 985.3308175705074, 1018.4990537451347, 1051.893192090394, 1085.8475418696864, 1119.4889329331625, 1153.963097947831, 1188.838440383332, 1224.5843574427915, 1260.7951192815763, 1298.385895151853, 1336.9041574336557, 1375.9537300785978, 1415.7852268952429, 1456.2541664446258, 1495.8390622370566, 1534.5194556481883, 1572.4283686262588, 1607.8654934477395, 1642.6862488609072, 1675.666152089515, 1706.7439728884165, 1737.5508679455456, 1767.0414014387902, 1796.0196019754017, 1824.7351093163502, 1844.6263052604154]","[4.1818266, 4.1780462, 4.1754079, 4.1735182, 4.171942700000001, 4.1706433, 4.1695409, 4.1684775, 4.167769, 4.1669025, 4.1663122, 4.1657214, 4.1652093, 4.1646976]",2972.361756307646
202,0.5,1,45,"[0.0, 32.68755137881999, 68.92226608316213, 103.74153984663002, 136.77446465143368, 171.35895292043625, 208.59670756859913, 248.14468001601307, 293.2398877995493, 346.8946550073105, 401.29242003668213, 454.5114787990712, 504.46169430025003, 552.3461370520765, 598.0631743531462, 641.3089613076095, 684.091836384566, 725.7351175014501, 767.4842267336126, 807.4861419729127, 845.9203348754413, 882.7272089881308, 918.6605470343327, 952.8278230713065, 986.7490605204118, 1020.0575232378881, 1053.5879059428846, 1087.0522043055337, 1121.0863732469463, 1155.3199938244536, 1190.3342221258229, 1225.6795398743643, 1261.9727606306208, 1299.473574507336, 1337.9530073304531, 1377.091913237324, 1417.0466586245773, 1457.494585729988, 1497.0617354449473, 1535.9894391803057, 1573.1648492751704, 1609.343523718083, 1643.4620348122376, 1676.4372750922612, 1708.0605180865773, 1738.7250350069935, 1768.5302712412595, 1797.3350180818966, 1825.978079780462, 1846.191016839532]","[4.1818266, 4.1780462, 4.1754866, 4.1735182, 4.1718249, 4.1706042000000005, 4.1695805, 4.1686745, 4.1678085, 4.1669812, 4.16643, 4.165761, 4.1652489, 4.1646976]",2971.669882402615
203,0.5,1,45,"[0.0, 31.35972797716977, 66.98769006991756, 101.50008967037843, 135.1409049427973, 169.28786717501816, 206.77070507185874, 246.3129044684539, 291.0309342626242, 344.3798418377406, 399.78847947633585, 452.00987482748394, 502.4937904520749, 550.1701035954765, 595.3891434826871, 639.3585043127962, 681.8810283878784, 723.67601745356, 764.9766313839259, 805.0508585659836, 844.1259715211343, 880.6191475100777, 916.2652791435053, 950.3962633228641, 984.2947884936559, 1018.1034633667716, 1051.4409698882255, 1084.8061617591204, 1118.425750433612, 1153.3404674582464, 1187.847485203323, 1223.7076447890904, 1260.062624815108, 1297.1602427824996, 1335.838209581237, 1375.0291341318157, 1414.6888878253749, 1455.0223726878562, 1494.87487579444, 1533.5384556357126, 1571.1492490498972, 1607.3800600266043, 1641.1404053071249, 1674.3479777720515, 1705.8852324468637, 1736.4589675065015, 1766.141442781536, 1795.1709720647448, 1823.805733719227, 1845.1437808725989]","[4.1818657, 4.1780066, 4.1755261, 4.1735182, 4.1719823, 4.1707220000000005, 4.1695018, 4.168438399999999, 4.1677294, 4.1669421, 4.1662726, 4.1656427, 4.1652093, 4.1646976]",2970.884318702934
206,0.5,1,45,"[0.0, 29.00687507738394, 64.7415908441281, 99.09962395211534, 132.22137186175195, 167.0303615178571, 204.28778147130487, 244.3231422936006, 288.6740842135693, 342.21059914145627, 397.60684399522546, 449.9921846545797, 500.20391110340194, 547.8864074939597, 593.0246481555616, 636.8288939477652, 679.1372107621885, 721.440906753817, 762.4883159393078, 802.7467884600605, 841.15622821068, 877.9901403620038, 913.7014779070053, 948.6174883988158, 982.0566412984374, 1015.1911693676, 1048.5718803587329, 1082.2772937902, 1116.5673452637318, 1150.6623147866565, 1185.395434962467, 1221.0461369130694, 1257.482323824729, 1294.8304108916243, 1333.3758251833383, 1372.346927875481, 1412.1204924675646, 1452.1945210833965, 1492.0798759408917, 1530.3528908015232, 1568.4514835908972, 1604.2655748667366, 1638.9621518505724, 1671.4613671226612, 1703.2143849074387, 1733.8312737872925, 1763.5542608594014, 1792.4769870947066, 1821.1610197909235, 1844.0962510534]","[4.1817474, 4.1780858, 4.1754866, 4.1734786, 4.1717458, 4.1705256, 4.1694622, 4.168438399999999, 4.1677294, 4.1670208, 4.1662335, 4.1656032, 4.1651306, 4.1646581]",2969.45887413927
207,0.5,1,45,"[0.0, 28.034567147531902, 63.58850901791726, 98.50306315527149, 132.10037195375133, 166.35340848021355, 203.503118401133, 243.06526142231854, 287.9621437387985, 340.9271668599685, 396.29471982697765, 448.74322140869043, 499.20177806231874, 546.6931841833496, 592.0213784586892, 636.077183017793, 678.119537050294, 720.2619082902966, 760.9781223510029, 801.1001764409514, 839.8065847687894, 876.3966292165044, 912.5119869460057, 947.0813352053133, 980.3966122034303, 1013.8210960419376, 1047.0921292722142, 1080.9118526477382, 1115.2104855403636, 1149.253133520252, 1184.1650753692052, 1219.7215090636753, 1256.0746143973595, 1293.047469351128, 1331.261468362874, 1370.4753753654543, 1410.6119405953134, 1450.5323386667462, 1490.0952714147832, 1529.182816034759, 1566.641227502171, 1602.2252899896469, 1636.8965848850369, 1669.9063695563561, 1701.2577321893184, 1732.038370577268, 1761.7699943224022, 1790.5747769173192, 1819.292232172859, 1844.9781395332845]","[4.1816297, 4.177888899999999, 4.175368799999999, 4.1733603, 4.1717458, 4.1705256, 4.1694226, 4.168438399999999, 4.167532899999999, 4.1668239, 4.1661544, 4.1655641, 4.1650128, 4.1644611000000005]",2967.9215564409724
208,0.5,1,45,"[0.0, 27.628598573409363, 63.24763262584173, 97.8722326816623, 131.19322587741414, 165.11607407372202, 202.62650028768604, 242.30641719860063, 287.2127353290139, 340.54157236057955, 395.3234733728685, 447.8414000987353, 498.0982712409413, 545.2162923225421, 591.1562660380916, 634.6391469793525, 677.1098198627362, 719.0438011352414, 760.3735400925889, 800.2858367139809, 838.5677492574414, 875.3897017020902, 911.103993293463, 945.6784330936882, 979.2471607349878, 1013.1289215552076, 1046.7187827916878, 1079.787653726007, 1113.3851811341433, 1147.7799589171073, 1182.7618353265054, 1218.4816058670538, 1254.567359871279, 1292.019922192774, 1330.0268762477174, 1369.640810567886, 1409.1125340974008, 1449.2885977687338, 1489.256010044098, 1527.928907753982, 1565.690645897586, 1601.6089540763057, 1636.0218384984566, 1669.0465831038139, 1700.3454819827464, 1730.8185848757687, 1760.6232966381683, 1789.5386186813046, 1818.1317577895122, 1844.0352584922286]","[4.1818657, 4.177849299999999, 4.175211, 4.1733603, 4.1717458, 4.1703677, 4.169343899999999, 4.1683598, 4.1674538, 4.166784799999999, 4.1661544, 4.1654854, 4.1649733, 4.1644611000000005]",2966.8160560673023
209,0.5,1,45,"[0.0, 25.997365979260906, 62.24230336479479, 96.7848123596849, 130.40195179466355, 164.37424954432652, 201.61733568010436, 241.5756247566817, 285.32388146485414, 338.39755428363117, 393.5846443217131, 446.3058954685612, 496.9350966707416, 543.9882591453261, 589.6883908020354, 633.297904719346, 675.6456901351864, 717.7103531471537, 759.2009156198162, 799.0680231626304, 837.1109049889899, 874.2666833155331, 909.732250516541, 943.9566064285659, 978.0859525282483, 1011.700428114925, 1045.2184978775692, 1078.4876416567297, 1112.1959094674999, 1146.7953823932396, 1181.5315809279766, 1217.176506288803, 1253.6441120135623, 1290.496602928325, 1329.2374202836827, 1368.1536133855175, 1407.8949886040211, 1447.710295066035, 1487.6836821092054, 1526.84456908383, 1563.750614152722, 1599.6168346257214, 1634.2277487069714, 1667.3388732561411, 1698.9806094440514, 1729.388632171469, 1759.1043787916892, 1788.1729913902936, 1816.6483975627516, 1843.592490570883]","[4.1816688, 4.177888899999999, 4.1752901, 4.1732421, 4.171628, 4.1704073, 4.1693048, 4.1682415, 4.1674147, 4.1667452, 4.165997, 4.1653671, 4.1650128, 4.1645007000000005]",2965.826959375
210,0.5,1,45,"[0.0, 26.729240720388475, 62.24024372063326, 97.30334711301128, 130.39465117261017, 164.4344935907895, 202.4243210213038, 241.73179242489078, 286.74361453891237, 339.33922445709544, 394.3875072991712, 447.0780002707534, 497.42531788444734, 545.1493496446765, 590.6003168924103, 633.9440811233567, 676.4412329614283, 718.2975034683748, 759.6748288150548, 799.7121983723555, 838.3890045731439, 875.1941522768786, 910.611833413685, 944.7512131443564, 978.8710223947198, 1012.0292366148947, 1045.5738520717603, 1079.1321709559802, 1113.2547956706044, 1147.467507849624, 1182.458326325867, 1217.4841444225417, 1254.492109717621, 1291.6364414605112, 1329.7255729449353, 1369.1115185246906, 1408.7637864117294, 1448.6494126540256, 1488.5788913577644, 1527.3822004880237, 1564.7667762895094, 1601.1504314107585, 1635.591043014692, 1668.2431732725597, 1699.9910517129863, 1730.647974682667, 1760.2282302091314, 1789.2346858800067, 1817.9586076182857, 1843.6355962621399]","[4.1816688, 4.1777706, 4.175211, 4.1731634, 4.1717458, 4.1703677, 4.1693048, 4.1681232, 4.1674538, 4.166784799999999, 4.1659184, 4.1654062000000005, 4.164855, 4.1642647]",2965.694885883111
211,0.5,1,45,"[0.0, 26.19774695404368, 62.28635204748991, 96.94823663630041, 130.42955669708988, 164.46630631504775, 201.99113246489708, 241.50618725626737, 285.673943898732, 338.9209841713533, 394.040420315908, 446.4809906100278, 496.6717031014931, 544.0215622722978, 589.6815205558481, 633.2281902692301, 675.4137061034263, 717.464315324046, 758.5400093645245, 798.7445273634745, 837.1780674235098, 874.0384359940916, 909.697939018704, 943.4823379561141, 977.4950346511622, 1010.9955462338179, 1044.8693580281356, 1078.36030714982, 1111.7335971442772, 1146.0167546882185, 1180.8327451595624, 1216.7757331835733, 1252.932775877072, 1290.2787087676938, 1328.6060800569985, 1367.5885878580375, 1407.3049498391501, 1447.2948067195211, 1487.1053504890974, 1526.0516055523108, 1563.387057421563, 1599.773855581942, 1634.089035785296, 1666.6342368682149, 1698.2611584687143, 1728.9915150194943, 1758.6106032200782, 1787.611973197008, 1816.3381674299553, 1843.4365532572424]","[4.1815901, 4.1776919, 4.1752505, 4.1733212, 4.1717067000000005, 4.1702499, 4.1693048, 4.1682019, 4.1672964, 4.166587799999999, 4.165957499999999, 4.1653671, 4.1648946, 4.1643038]",2964.772496332193
212,0.5,1,45,"[0.0, 24.95486827489981, 60.799385734765906, 95.29541885150763, 128.91165520036964, 162.9873595034784, 200.0665249149596, 239.84153940324268, 283.8278601092277, 337.5189245913084, 392.06959839346405, 444.65961085242543, 495.08974583205725, 542.657314078874, 587.998193912174, 631.435389113504, 673.7803215072634, 715.6301350380365, 756.7620442287093, 797.0449424223352, 835.4567253927987, 872.3526858087725, 908.1456892628271, 942.2084537645142, 976.3251297208424, 1009.3956268835234, 1042.7378516995432, 1075.8716646941632, 1109.7951773251737, 1144.5397211394315, 1179.5197526140626, 1214.990065757403, 1251.2145074164632, 1288.390042520906, 1326.8271268859737, 1365.872590396838, 1405.760518688832, 1446.314768006469, 1485.165713173581, 1524.399364271481, 1561.689212708718, 1598.092574368891, 1632.4003909721307, 1665.4551305499665, 1696.767055229139, 1727.3511442950746, 1757.1632990669002, 1785.8683067359418, 1814.6914153636997, 1830.6954194594316]","[4.1816297, 4.1778102, 4.1750145, 4.1730456, 4.1715493, 4.1703286, 4.1691079, 4.1682019, 4.1672964, 4.1665483, 4.1658788, 4.1653275, 4.1646976, 4.1643038]",2963.1616040005138
213,0.5,1,45,"[0.0, 26.49983284235924, 62.61504262594741, 97.34989263067297, 130.3363383719381, 165.1402935719462, 202.1546849679052, 242.17962739590376, 285.89912062690615, 338.5451818657987, 393.9743091649439, 446.4840493680379, 496.2000785760093, 544.0027983566852, 589.1598854178847, 632.9605732895022, 675.1940269669549, 717.0844077643435, 758.4305154435135, 798.1814742466854, 837.118563979456, 874.2553453562255, 909.1001065637893, 943.898032559523, 977.2442140925286, 1010.927204438346, 1044.4302684145462, 1078.1707433137412, 1111.7096602030767, 1146.0322295574529, 1180.9883735963872, 1215.9476895581467, 1252.0534488749856, 1289.8841184620765, 1328.1323958508863, 1367.3924636609463, 1407.074526921973, 1447.2400137553282, 1486.5711698117361, 1525.2655898477171, 1563.2649624644905, 1599.3113355587275, 1633.3763574840277, 1666.1896375390056, 1698.0076953265561, 1728.585108177996, 1758.1083669073078, 1787.0261427993491, 1815.636059564129, 1843.9159405480273]","[4.1814327, 4.1777706, 4.1751323, 4.1732421, 4.1715097000000005, 4.170053, 4.169147, 4.1680446, 4.1672177, 4.1664696, 4.165761, 4.1650915, 4.1646581, 4.1641464]",2961.9557394464787
214,0.5,1,45,"[0.0, 26.24891061271245, 61.973100374485796, 96.60777080928057, 129.75749344361265, 164.4623969240534, 201.6518969525452, 240.94247577074867, 285.4474523511164, 338.41819098404477, 393.1742733832413, 445.64804791056844, 495.4754753718278, 543.4910274166809, 589.0622297246296, 632.5727888194992, 674.6251564308966, 716.331887940092, 757.8313879405575, 797.8753237940705, 836.4431244530795, 873.6311576488133, 908.5478320628647, 943.1729274448794, 976.4720061383246, 1010.2961558135567, 1043.9247861656945, 1077.5401587739284, 1110.922702418207, 1145.4860684109808, 1180.0911641301982, 1215.3324514199032, 1251.6876802029494, 1289.0072538700051, 1327.1827931060957, 1366.6104546013344, 1406.2569837225378, 1445.9795481906747, 1486.1197561218412, 1524.69613338971, 1562.2543941314511, 1598.3565859415316, 1632.2895288702343, 1665.3646232885467, 1696.8315629602953, 1727.3695968597594, 1757.1065787018974, 1786.1085192650485, 1814.7341326861633, 1831.2836930131703]","[4.181551, 4.177888899999999, 4.1752505, 4.1731634, 4.1715493, 4.1703286, 4.1692257, 4.1681232, 4.1673751, 4.1665092, 4.1658397, 4.1652489, 4.1646976, 4.1643038]",2961.1202285484496
215,0.5,1,45,"[0.0, 23.771207765074053, 59.75261737052483, 94.16142647716902, 127.46846728871628, 161.99449712957812, 198.86493765867635, 238.44720709542128, 282.99388072381794, 335.4196599010943, 390.2109133437417, 442.958483691973, 493.209154586178, 540.8755391118419, 585.8062404861, 629.5839027117806, 671.817251201358, 713.534658178803, 754.5790461837717, 794.9517618595469, 833.4796394497075, 870.2988988473824, 906.0383945754993, 940.0933579415027, 974.3015215599394, 1007.2203925034721, 1040.6699923291403, 1073.8501232480214, 1107.9766765052466, 1142.2973029663706, 1177.1456885098492, 1212.4760290023278, 1249.1158183783277, 1285.9484457220049, 1324.43383053475, 1363.8011661899745, 1403.1485697586302, 1443.6224617540463, 1483.0050360213784, 1521.6507646058838, 1558.9564226718473, 1595.2948726827585, 1629.287194327093, 1662.3188926744642, 1693.8633737063315, 1724.4050420457852, 1754.1987527023466, 1783.067469715435, 1811.6422479665357, 1830.4596432486987]","[4.1816297, 4.1778102, 4.1751719, 4.1732421, 4.1713915, 4.1701708, 4.1691079, 4.1682019, 4.1674147, 4.1665092, 4.1658788, 4.1652489, 4.1646976, 4.1642251]",2960.117471623131
216,0.5,1,45,"[0.0, 25.774232567799743, 61.36162314370699, 96.33488263129948, 130.05674365788866, 163.9185509193553, 201.02226949647775, 240.84643760521783, 284.62218691247074, 337.40232861794016, 392.51191193464024, 445.0603650276764, 495.05084416556724, 542.514250099075, 588.3347604277485, 631.4759562147001, 673.6299425662107, 715.3716286453166, 756.5253733111997, 796.520391275039, 834.8375487494363, 871.757036724784, 907.1991509510055, 942.0224621545146, 975.935732315138, 1008.8811672025854, 1042.0693179004443, 1075.4183132768069, 1108.9396500299667, 1143.3422716804046, 1178.511781491501, 1214.3674422546378, 1250.1892941054823, 1287.0861008357547, 1325.744213469832, 1364.8046063509619, 1404.0485548983895, 1444.0547712996247, 1483.9877535738233, 1522.8967212595974, 1560.296946432328, 1596.1886088846445, 1630.376670919365, 1663.349450587948, 1694.97139514861, 1725.662100515522, 1755.2108244587716, 1784.1770045651037, 1812.6313431099834, 1831.2830555265987]","[4.1814718, 4.1777706, 4.1751719, 4.173203, 4.1715493, 4.1702499, 4.169068299999999, 4.1681232, 4.1672177, 4.16643, 4.1657214, 4.1651702, 4.1647763, 4.1642647]",2959.210449497616
217,0.5,1,45,"[0.0, 22.825831450950545, 58.65645453461593, 93.29471599452052, 126.70213422088614, 161.25482193689402, 198.05652535159436, 237.82194010258104, 281.7202551863569, 334.34728883600076, 388.80521239287054, 441.54943150346105, 491.8381851339278, 539.4641421190789, 584.6772715905745, 627.7226078986182, 670.4710456086675, 711.8518513762635, 753.2592780454008, 793.2889143268035, 831.6638215327368, 868.1298620298937, 903.8082368384878, 938.5310487765078, 972.1159771369726, 1005.7604396307345, 1038.85967020652, 1072.1007321894122, 1105.7388027991856, 1140.3087544798336, 1175.0833156491929, 1210.4211184048147, 1246.9034949143722, 1283.7555908858144, 1322.2112387975703, 1361.3782550173157, 1400.8114279095478, 1441.076196127821, 1480.3287238151877, 1519.4457751169825, 1556.526666375842, 1592.8830833507307, 1626.944076542182, 1659.8373575363696, 1691.588177079336, 1722.1357909965034, 1751.7879624118452, 1780.6591549194625, 1809.1537652831514, 1830.283832814737]","[4.1815114, 4.1775346, 4.1749749, 4.1730847, 4.1713128, 4.170092100000001, 4.1689110000000005, 4.1680841, 4.1671782, 4.1663513, 4.1657214, 4.1651702, 4.1645403, 4.1641068]",2958.117657080485
218,0.5,1,45,"[0.0, 24.363609203942985, 60.29869964133832, 94.80547269731028, 128.63796716021136, 162.50913322098666, 199.90129531175523, 239.27356149341392, 282.95523860167225, 335.8567112812092, 390.5617338221564, 443.09008993816144, 493.1013665835047, 540.908019051964, 586.5943247243281, 629.4879352759608, 671.9116430239612, 713.6152112131936, 754.8115678283825, 794.7440299313673, 832.9684349307418, 869.7667859695416, 905.484769972873, 939.8832478044799, 973.490744873398, 1007.0180929124572, 1040.119497290159, 1073.461751734574, 1107.6929174139982, 1141.7570038449549, 1176.6586948793574, 1211.9184703843755, 1247.7327305933645, 1285.2234957054934, 1323.3212915248455, 1362.291372818777, 1402.2735567788247, 1442.386010366785, 1481.9283928806037, 1520.9357024905266, 1558.2216490252683, 1594.3313730143095, 1628.1388894631432, 1661.3264117567883, 1693.037514699808, 1723.5125199835597, 1753.3153638724957, 1782.1161053695391, 1810.729937638836, 1830.7968488820384]","[4.1815114, 4.1776524, 4.1753292, 4.1731634, 4.1715097000000005, 4.1702104, 4.1690292, 4.1680446, 4.1670995, 4.1663513, 4.165761, 4.1652093, 4.1646976, 4.1641068]",2957.793692225208
219,0.5,1,45,"[0.0, 23.959971751466753, 59.763875489791474, 94.56458333482277, 128.06578775316922, 161.42044848773475, 199.05893368249662, 238.47699466709167, 282.0742352962887, 334.4993411101479, 389.61546310107764, 442.40536230214667, 492.3112743054265, 540.0427094340544, 585.2649374969048, 628.6671347821739, 670.4343351746782, 712.3501398186502, 753.1604012418304, 793.2920856455817, 832.1611553337077, 868.5359224400722, 903.7712035946411, 938.2089126267972, 971.9433981583907, 1005.2087389022031, 1038.9785773229603, 1072.470788845953, 1106.4753472235166, 1140.4313401028596, 1175.1282575995467, 1210.6871654062074, 1246.709958695475, 1283.6614630671506, 1321.99641047177, 1360.7554734842295, 1400.6917218907627, 1440.8338301851898, 1480.6595868960671, 1519.0535241187913, 1556.4533259000211, 1592.960946979059, 1627.0745043024403, 1659.7059560246466, 1691.3529110670402, 1721.9997939527457, 1751.8091617681316, 1780.7042954138055, 1809.1168024742192, 1829.5357397416183]","[4.1814327, 4.1776919, 4.1749749, 4.1730061, 4.1713128, 4.170131700000001, 4.1689897, 4.1679659, 4.1670995, 4.1663122, 4.1656818, 4.1650915, 4.1645403, 4.1639099]",2956.969155014647
220,0.5,1,45,"[0.0, 21.981670266546644, 57.51591651521795, 92.25665948420277, 125.84728180102462, 159.98381164590643, 196.84230564104024, 236.35503186145314, 280.3352751188916, 332.08712316247346, 387.4203435814648, 440.1431780005666, 489.82913800217403, 537.8890327984545, 582.8740341750199, 626.3815097287954, 668.443301298787, 709.8962500107323, 751.2599015240198, 790.90553305256, 829.4880884634101, 866.6212644012919, 901.9880236682977, 936.4027647001662, 970.3557547349733, 1003.4928209005132, 1037.0142339969423, 1069.9658525100117, 1103.3787031483673, 1137.8939871913556, 1172.8641670716793, 1208.6961330299182, 1244.4877668181791, 1281.2733879725356, 1319.9724830504315, 1358.8384871565065, 1398.281307916709, 1438.524689668538, 1478.03735830957, 1517.4517604899793, 1554.6102442155989, 1590.749182035983, 1624.927683490688, 1657.7545414066014, 1689.4978179555935, 1719.978596846708, 1749.5613834072053, 1778.5697755711537, 1807.2955965350095, 1830.001976214531]","[4.1814327, 4.1777706, 4.1749353, 4.1729274, 4.1713915, 4.1698561000000005, 4.1689501, 4.1679263, 4.1670208, 4.1663909, 4.1656818, 4.1650519, 4.164422, 4.1639495]",2956.171542216933
221,0.5,1,45,"[0.0, 34.408306288863, 70.16177542323322, 105.30726870042378, 138.46697488446938, 172.78105637567324, 209.88990152143828, 248.97972091236517, 293.37119239000987, 344.4266834308641, 400.29727337996457, 452.80676416208036, 502.68409735543247, 550.0161067279384, 595.5834693695067, 638.7661547911218, 681.2119581289044, 722.4035087553996, 763.5666348436309, 803.5264965093461, 842.1526686652551, 879.3004377632249, 914.3645341019599, 948.4517733585615, 982.3749267929663, 1016.2367736195613, 1049.5605203543514, 1082.493638767791, 1116.1103295985092, 1150.020419238318, 1185.397187103842, 1220.8356768741144, 1257.2511882097451, 1293.9259247163857, 1332.6376477124084, 1371.2448106013142, 1411.4002261711566, 1450.697250003305, 1490.5839463332666, 1529.294559374946, 1567.2899904161952, 1603.1398162120374, 1637.3482910319756, 1670.3331860050268, 1701.9992410071543, 1732.457449493562, 1762.0315487440773, 1791.1191899308149, 1819.687228570481, 1843.6558549468302]","[4.1815114, 4.1776133, 4.1750145, 4.1728487, 4.1713915, 4.169895200000001, 4.1687536, 4.1678872, 4.1671391, 4.1663513, 4.1656427, 4.1650519, 4.1645007000000005, 4.1639495]",2955.1265673814537
222,0.5,1,45,"[0.0, 23.387287155920433, 58.77220845718654, 94.01239393304087, 127.17699957286987, 161.42448128954976, 197.95462422304348, 237.61124208260588, 281.0314116394282, 332.99805102071156, 388.1977862047033, 440.74259811777205, 490.557631731767, 538.4453110202285, 583.6928296269734, 626.7452206562557, 669.2497931923774, 710.5575341292204, 751.808992590878, 791.8842086581478, 830.1776241844661, 867.0716758960891, 902.7317378867035, 937.1793307792736, 970.89098845022, 1004.6569948236825, 1037.474423946475, 1070.8841722123207, 1104.4658832388984, 1139.103880714715, 1173.47264657042, 1209.0692037295767, 1245.2793965638418, 1282.564781803354, 1320.5171718380575, 1359.6368971435725, 1399.2013082289654, 1439.411090483874, 1478.7192937639877, 1517.6852958449724, 1555.427499725319, 1591.3242840915768, 1626.035126571806, 1658.3075937501512, 1689.971756114237, 1720.526545530534, 1750.215494250865, 1779.3139094945673, 1807.9309106879678, 1829.8208472957363]","[4.1813145, 4.1774554, 4.1748176, 4.1730456, 4.1711159, 4.1699347, 4.1687927, 4.1678085, 4.1668634, 4.1663122, 4.1655641, 4.1650519, 4.1645007000000005, 4.1639099]",2954.257425143229
223,0.5,1,45,"[0.0, 20.813474016345936, 56.958200809240736, 91.66353300286158, 124.93037915670533, 159.14148250925285, 195.9749188816475, 235.4777039295347, 278.89670475289046, 331.48148146162856, 386.23389784629074, 438.9656614539867, 488.6963324317963, 536.4940347723773, 582.0528217273807, 624.6643535186909, 667.2502102493652, 708.654037432002, 749.4943248235265, 789.6569258922277, 828.1946346955015, 865.1092193083391, 900.9025495287549, 934.9736230070732, 968.6218218772128, 1001.5744833940864, 1035.1076227068654, 1068.6358149190073, 1102.4623314045107, 1136.5976852655183, 1171.4465676382256, 1206.4862746064302, 1243.093507946133, 1280.6010295212734, 1318.3703541863858, 1357.5926939764818, 1397.0245584620664, 1436.8574033162915, 1476.4608544357588, 1515.515752331391, 1552.7488531098497, 1588.9746283740972, 1623.0997542764796, 1656.0081405110052, 1687.5427550566917, 1718.288558401164, 1747.8657836334844, 1776.8867681839486, 1805.4780220440814, 1830.4931154973012]","[4.1813145, 4.177495, 4.1748176, 4.1729665, 4.1712341, 4.169895200000001, 4.1685958, 4.1677294, 4.1667056, 4.166194, 4.1654062000000005, 4.164855, 4.1642647, 4.163831200000001]",2953.202201853703
224,0.5,1,45,"[0.0, 34.73998245831473, 70.32841445485116, 105.1845458351059, 138.74216589706538, 172.87644746340976, 210.00115656488146, 249.23014169323227, 292.41835742647396, 344.0204501251673, 399.55902564269644, 452.31087877752765, 502.2390450166278, 549.5632751763401, 595.1179571388341, 638.0162933912766, 680.0736689094285, 721.8784241429598, 762.9249038865185, 803.0259694280535, 842.0057641855735, 878.0558419131544, 913.4919941001779, 948.5439556769559, 981.9385050195215, 1015.323750149957, 1048.5535597681085, 1081.9978309357227, 1115.6426244090828, 1150.2668682371059, 1184.7372018842823, 1219.523377854567, 1256.0616264835235, 1293.4169920478255, 1331.499156503626, 1370.672243737861, 1410.4569277823734, 1450.5489034143477, 1489.6952647735197, 1529.2312882149683, 1566.2317643929616, 1602.1001454545208, 1636.5160872816914, 1669.4632538306987, 1701.0957316143667, 1731.6059832250112, 1761.0935128685865, 1790.182339712018, 1818.7116154624691, 1843.8310907036002]","[4.181354, 4.177495, 4.1748962, 4.1728487, 4.1711555, 4.1697774, 4.168714, 4.1678476, 4.1668634, 4.1661153, 4.1653671, 4.1649337, 4.1642647, 4.1637526]",2952.389313549804
225,0.5,1,45,"[0.0, 32.43154337131847, 68.02609600938632, 103.1075720303383, 136.34237291849928, 170.4821582644658, 207.01116967436138, 246.3791414586048, 289.8258912966474, 342.35580306030596, 396.91436889976154, 449.39618604446076, 499.2815870146979, 546.8073261465458, 592.4445561076936, 635.5456315746414, 677.3824360780629, 719.0605451900619, 760.5902345776649, 800.4785787504152, 838.6618348883549, 875.3673001707839, 910.975800583519, 945.6469649478354, 978.8473742131166, 1012.5977794205676, 1046.1726061924144, 1079.1511291049628, 1112.773833744118, 1147.070534872567, 1181.5025305592849, 1217.277666475382, 1253.2701952381071, 1290.8788697845557, 1328.6202603687545, 1367.3556162750615, 1407.19559376386, 1447.398439063318, 1486.996546113019, 1525.2424163043188, 1562.9233273058446, 1598.7510195262757, 1633.3711965505463, 1666.1787648460186, 1697.657987880103, 1728.3271427528853, 1758.0496875094996, 1786.8429740438605, 1815.599229801377, 1843.362232743123]","[4.1813931, 4.1775346, 4.1749353, 4.1728487, 4.1713524, 4.1699347, 4.1688714, 4.1678476, 4.1669025, 4.166194, 4.1653671, 4.1648159, 4.1643434, 4.1639495]",2951.6719651192248
226,0.5,1,45,"[0.0, 33.2814637796526, 68.76590136440387, 103.76570114984719, 137.1673434715404, 171.31047983385935, 207.8891661473112, 247.31908308568012, 290.8692495303972, 342.9864682099687, 397.00994300352914, 450.37713225657154, 500.28574002282795, 547.8355680914549, 592.5919934573262, 635.8631052834278, 678.7711618638082, 719.7698427990092, 760.7951567375694, 801.7446403924637, 839.6033763337041, 876.4363871132325, 912.0199125094632, 945.9183545725116, 979.6028218057447, 1013.2344332380062, 1046.3167550560106, 1079.3879475672359, 1113.5994765082753, 1147.9107474088598, 1182.3082153659825, 1217.8641866362257, 1254.2375275831216, 1291.0490595632996, 1329.2518527273676, 1368.089650894597, 1407.9794757192712, 1447.5784708313852, 1487.0853676753484, 1525.9920081431517, 1563.4227714314395, 1599.7108946238102, 1634.0173753733936, 1666.6819158166747, 1698.3383926695471, 1728.943530930392, 1758.6446622785772, 1787.4599663490665, 1816.0757909238876, 1844.529776302966]","[4.1812358, 4.1775737, 4.1748176, 4.1727304, 4.171194600000001, 4.1698165000000005, 4.1686745, 4.167690299999999, 4.1667056, 4.1659184, 4.1655245, 4.1646581, 4.1642251, 4.163831200000001]",2950.5475245845537
227,0.5,1,45,"[0.0, 33.68745302580754, 69.8960275452485, 104.45350844536398, 137.96091217839268, 172.1672391924912, 208.66549799366186, 247.90217349037647, 291.4851318520869, 343.6531097792683, 398.08735020189266, 451.0122206388316, 501.0731056851343, 548.3790633762981, 593.3340453319456, 636.8611500649824, 678.864397448036, 720.4450779261729, 761.4956637517155, 801.5350402620393, 839.5413990297636, 876.7367359338612, 912.3025244564567, 946.8914934295365, 980.1888454175053, 1013.7550939592936, 1047.4580978824915, 1080.53825853787, 1114.0756778383204, 1148.0484956107766, 1182.6555427023675, 1218.339239461176, 1254.5529004829466, 1291.396118577224, 1329.9332182393312, 1368.7604495190226, 1408.4263526979976, 1448.474809684142, 1488.1894777650375, 1526.8054473110833, 1564.2009254344848, 1600.0003127101556, 1634.7405994486378, 1667.2033957178257, 1699.0748507631613, 1729.6416124717618, 1759.1644210619668, 1788.1424350233576, 1816.6332946539344, 1844.3207895799421]","[4.1813145, 4.1774163, 4.174778, 4.1726909, 4.1711159, 4.1698165000000005, 4.1685958, 4.1676116, 4.1668239, 4.165957499999999, 4.1654062000000005, 4.1647763, 4.1642647, 4.1636739]",2949.701498380262
228,0.5,1,45,"[0.0, 32.24754518426255, 67.73014124911401, 102.56335986495014, 135.91206888985403, 169.83537328559225, 206.69286647656565, 246.3126837150944, 288.56485689462374, 340.74841586713546, 395.98858710091895, 448.3288113685659, 498.8915386868272, 546.34882465676, 591.2747787252844, 634.2777854478503, 676.6065944748358, 718.2838824630079, 759.4341999809986, 798.9288966637324, 837.8863906804926, 874.644142213932, 910.1547549230953, 944.548183462797, 978.2896369336189, 1011.4992392549651, 1044.3928677119598, 1077.8155306287, 1111.6507669369325, 1145.9740015827156, 1180.4751603552459, 1215.9845962264226, 1251.9120900316607, 1289.109936551742, 1327.2736863821733, 1365.9520596008651, 1405.6880210320496, 1445.850892912411, 1485.0003612788432, 1524.0970972256555, 1561.3455602611143, 1597.6819127225867, 1631.7659517654042, 1664.6028828583794, 1696.6506028369931, 1726.9951251667167, 1756.7294975652571, 1785.650692145237, 1814.3251624414652, 1842.1791904452853]","[4.1813145, 4.1774554, 4.174778, 4.1727304, 4.1711555, 4.1697378, 4.1686354, 4.1676507, 4.1667452, 4.165997, 4.1653275, 4.1648159, 4.1641068, 4.163713]",2948.90478026598
229,0.5,1,45,"[0.0, 32.20232150269567, 68.10801113712097, 103.14179282269441, 136.5150641850966, 170.68378655696773, 207.1573458820107, 246.6557029844675, 290.0846727415548, 341.665121294641, 396.66131101006505, 449.2084857721126, 499.01643937230625, 546.4597172217027, 591.5079898996423, 635.0799903971995, 677.0165481546314, 718.5122156945954, 760.0344435132579, 799.9168056182957, 837.9131216608832, 874.9943769731151, 910.2783401811303, 944.5590426919591, 978.5006187966217, 1011.7461031223545, 1045.2941367767494, 1078.5924284505716, 1112.1428729588058, 1146.0519246948786, 1180.9701220552172, 1216.4164439212461, 1252.6470471487116, 1289.484993837007, 1327.7432930170867, 1366.837713921464, 1406.6014440112165, 1446.176421140961, 1485.6239451279869, 1524.2836176205592, 1561.985404058774, 1598.2542497536751, 1632.1979060708722, 1665.304726063454, 1696.9706168582425, 1727.651670682781, 1757.2020671431087, 1786.1055918245488, 1814.741596602721, 1831.8330826108122]","[4.1812749, 4.1774163, 4.1746597, 4.1726122000000005, 4.1711159, 4.1695805, 4.1685567, 4.167532899999999, 4.1666269, 4.165997, 4.1651702, 4.1646581, 4.1641068, 4.1635165]",2947.8119623251678
230,0.5,1,45,"[0.0, 33.02689002622833, 68.84789149791675, 103.67748148311182, 136.92046845758534, 171.20373667195418, 208.1321298590874, 246.98100190380922, 290.04720128820236, 341.8768337852217, 396.69396403078304, 448.6703703393455, 499.41982614124436, 546.9951645368362, 591.9646816365774, 635.5095532653996, 677.4972251566177, 718.7841973389751, 759.768945990474, 799.6838001214909, 838.3416007731026, 874.965546956022, 910.8729844199653, 945.5366958855176, 978.8746771004052, 1012.0415753224992, 1045.301283289229, 1078.8086158002488, 1112.2334240969585, 1146.6222052457156, 1181.5124725513679, 1216.8647921248607, 1253.2420277613192, 1290.0789985798087, 1328.336764116531, 1366.973438993306, 1406.795702292844, 1446.4747743778025, 1486.0163677116534, 1525.1410331887782, 1562.350890178815, 1598.5304671625358, 1632.846526877363, 1665.7234812798679, 1697.4063478610028, 1727.9759224041381, 1757.5177743730414, 1786.499122776078, 1814.8993823008618, 1842.2529621548797]","[4.1811571, 4.1772585, 4.174778, 4.1727304, 4.1710768, 4.1697378, 4.1685567, 4.167532899999999, 4.1667056, 4.1659184, 4.1652489, 4.1646976, 4.1641464, 4.163713]",2947.224639999048
231,0.5,1,45,"[0.0, 31.14317909382777, 66.76167471789728, 101.71933309701359, 135.04690562040736, 169.09057371941498, 205.76829483832893, 245.17553807031828, 288.4309728947755, 339.9060410884828, 394.46326039067475, 447.59181449692466, 497.45322721395445, 544.9720627175091, 590.1766217775848, 633.3852567035474, 675.3941891844959, 717.0309269543661, 758.0534534296689, 798.1401968495993, 835.9903076863347, 873.2173663618476, 908.4203346735906, 942.9280451359225, 976.52832716747, 1009.9190621068562, 1043.0022415732954, 1076.003780346557, 1109.9421322447722, 1144.304844981547, 1178.871505229363, 1214.1876641942206, 1250.0584000395913, 1287.7044436493857, 1325.442652370198, 1364.5835466952285, 1404.0572843984912, 1444.120792417999, 1483.6289443429214, 1522.305764882443, 1559.7064928432571, 1595.3713343565369, 1630.306237914387, 1663.0046600717965, 1694.6117047771945, 1724.991047137712, 1754.695749606543, 1783.4573041598946, 1812.0693267551392, 1831.2608182412373]","[4.1811571, 4.1773376, 4.1745811, 4.17277, 4.1708798, 4.1696982, 4.168438399999999, 4.1674538, 4.1666269, 4.1658001, 4.1652884, 4.1645794, 4.1639495, 4.1634769]",2946.332318057321
232,0.5,1,45,"[0.0, 31.770983733764808, 67.72955662072894, 102.97012592865377, 135.97925234244502, 169.75526885750008, 206.61220042446672, 245.65773583927597, 288.87054627376045, 340.6535968722374, 395.3935359593382, 447.8346002742342, 498.2670294456355, 545.4808298901489, 590.5905660748638, 633.825540490597, 676.1550075405353, 717.2974326495919, 758.1412483028912, 797.7924117056825, 836.3456968080761, 873.2968700700449, 908.6296646662486, 943.0404975479589, 977.1623138317038, 1010.1210668014971, 1043.0400523795158, 1076.3331479043186, 1110.3477343270208, 1144.4184331252247, 1179.2733508428853, 1214.6972871565372, 1250.0520590132687, 1287.3792574076897, 1325.9098902875935, 1364.5126458802752, 1404.1552957565011, 1443.9401380078673, 1483.2971992309333, 1522.305284249004, 1559.7868137003877, 1595.8347107589454, 1630.2190886956816, 1662.8525340961776, 1694.637695544788, 1725.102087243478, 1754.7796206084047, 1783.735184550225, 1812.235414642403, 1829.8181181199814]","[4.1811175, 4.1772585, 4.1746206, 4.1726122000000005, 4.1709189, 4.1696982, 4.1685958, 4.167493299999999, 4.166587799999999, 4.165957499999999, 4.1652093, 4.1646581, 4.1639891, 4.1635165]",2945.759689678415
233,0.5,1,45,"[0.0, 30.175378412817622, 66.36008010457698, 101.24428693725298, 134.58826168960815, 168.64594702262804, 205.58149270883558, 244.5293440993898, 287.5604664398348, 339.43414728752447, 393.69356477474406, 446.50359019228364, 496.0674172023303, 544.1481254413841, 588.9969097952564, 632.5841013507845, 674.2101256711828, 715.4153117319399, 756.8153637298237, 796.7157060515067, 835.2661608576043, 872.1278221686478, 907.2981315182401, 942.0521237087335, 975.7683756878455, 1008.8812830612565, 1041.8663926348609, 1075.8007284454152, 1109.0442866898065, 1143.1598120074746, 1178.0163018774383, 1213.042929232951, 1249.224948203951, 1286.0784604516841, 1324.1138781294917, 1362.951220177328, 1402.6987220331503, 1442.6476085345118, 1482.1355470767514, 1520.8634015068212, 1558.2305316312193, 1594.2434228485954, 1628.8731466996, 1661.3134776295456, 1693.1143127146138, 1723.7171977420858, 1753.272478914309, 1782.1823536994652, 1810.7978358783175, 1830.4379110738128]","[4.1810784, 4.1772981, 4.1746993, 4.1726518, 4.1709189, 4.1698561000000005, 4.168438399999999, 4.1674147, 4.1665092, 4.1659184, 4.1652489, 4.1646581, 4.1640282, 4.1635165]",2944.9490849734148
234,0.5,1,45,"[0.0, 28.528657936134152, 64.547569190851, 99.38300414323629, 133.53033960592387, 166.9900854699734, 203.2789581767525, 242.87176458841924, 286.1353419836108, 337.74900102617886, 392.22438076485554, 445.0172201590099, 494.91816656209363, 542.4989368583799, 587.1726048041421, 630.8486984158556, 672.7853772386354, 713.716116057961, 755.0007142545667, 794.7350145549892, 833.0556758929481, 869.9955756602446, 905.4925823818226, 939.8067821272402, 973.8204520591505, 1006.661513989018, 1039.921474816112, 1072.9784378807572, 1106.6051667256074, 1140.6000650845726, 1176.064530081437, 1210.7244933458464, 1247.2017465922459, 1283.9978597301008, 1321.9466290365322, 1361.3727384850663, 1400.864058997112, 1440.2935187632288, 1480.3585458049988, 1518.631984567079, 1556.090476868969, 1592.1891278619782, 1626.4144009092124, 1659.319289828467, 1691.0715988770876, 1721.76524408781, 1751.4554848363846, 1780.3671788913284, 1808.8435946007612, 1829.5540922262226]","[4.1810784, 4.177179799999999, 4.1745811, 4.1726122000000005, 4.1709189, 4.1695805, 4.1684775, 4.167493299999999, 4.1664696, 4.1658788, 4.1650915, 4.1644611000000005, 4.1639099, 4.1633196]",2943.842631649576
235,0.5,1,45,"[0.0, 27.51758685460055, 63.1680025077456, 98.35609644245261, 131.48679182696327, 165.92348408602066, 202.4089271380896, 241.55413336727253, 284.5162059235167, 336.2905475150587, 390.6627307084046, 443.12963250185334, 493.1217396169489, 540.2501157844838, 585.7483690491006, 628.7723998465767, 670.6954968623684, 712.3296105560521, 753.3388203584823, 793.4268082879119, 831.8021247876782, 868.6742660333502, 904.2199171961483, 938.2996234953141, 972.0153459699204, 1005.0508620124065, 1038.7235175161868, 1071.7282247964758, 1105.9717032255292, 1139.5903599238136, 1174.2049466488531, 1209.6866721930635, 1245.8119415246856, 1283.0187112598549, 1320.919200403401, 1359.9785465366492, 1399.2720877651811, 1439.0559985654988, 1478.5453906360835, 1518.003950085569, 1554.8846359958172, 1591.1990579245025, 1625.4533041790332, 1658.3393836634918, 1690.2160202512714, 1720.7090242126656, 1750.3532731512869, 1779.2889469386178, 1807.9110656531839, 1829.6869912363018]","[4.1811175, 4.1771011, 4.1745024, 4.1724548, 4.1707616000000005, 4.1694622, 4.1682811, 4.1673751, 4.1663909, 4.1657214, 4.1651306, 4.1643434, 4.1638708, 4.1633196]",2943.853420676947
236,0.5,1,45,"[0.0, 27.50304746293557, 63.379028595340856, 97.95945951302292, 131.44772216096544, 165.51023104014496, 202.17738539626453, 241.03634500924056, 284.34354290624174, 335.8644195168398, 390.1592253812479, 443.35592233759905, 493.041076461534, 540.2961620762974, 585.2935340077659, 628.5874084410971, 670.9261247466793, 711.913956590439, 753.2927538741958, 792.7487483068121, 831.5691084138475, 868.0172505645596, 903.6112677603248, 937.7943484016182, 971.9519571536307, 1005.2431463947742, 1038.2848881306886, 1071.4259308739943, 1104.808610502555, 1139.4267178902037, 1173.79858128314, 1209.1696397142596, 1245.5499806386395, 1282.536737990836, 1320.5307993743634, 1359.524741597854, 1398.8834243966708, 1438.8089445905628, 1478.4809611723595, 1517.433667775015, 1554.5054936725119, 1590.6862228629768, 1624.8779933815556, 1657.7148763239632, 1689.479086017642, 1719.9463827405045, 1749.8134426308086, 1778.5843496450846, 1806.9851779630214, 1829.0322813930259]","[4.1809993, 4.177179799999999, 4.1745024, 4.1725335, 4.1708012000000005, 4.1694622, 4.1682415, 4.1674147, 4.1664696, 4.165761, 4.1649337, 4.1643434, 4.1636739, 4.1631227]",2943.00691823595
237,0.5,1,45,"[0.0, 27.857701466911408, 63.57427009690434, 98.75501684851247, 132.38064794461957, 166.01877195462532, 202.23116422330634, 241.70470572665408, 284.26101731269284, 336.16677649674034, 390.3192941455392, 443.0719024449013, 492.73230816164335, 540.2539066369732, 585.450692619244, 628.9593384128026, 670.493692758147, 711.9807110087482, 752.7845039201883, 792.6511320467183, 831.3184632443696, 868.2303375081339, 903.9243215183664, 937.9573837515862, 971.7211056494599, 1004.9247567176566, 1037.960894890175, 1071.2595168369935, 1105.2882785035504, 1139.185943281007, 1173.6649790048673, 1209.1985273892878, 1245.1384158481023, 1282.4271101146214, 1320.6479090445714, 1359.3449630204054, 1399.0856342823308, 1438.9727207298833, 1478.6274857674402, 1516.8232121475594, 1554.5833076193194, 1590.752602073238, 1624.9618078189988, 1657.8302148267903, 1689.4233287263878, 1720.0667443302682, 1749.7286080625217, 1778.4234035006452, 1806.9196942452013, 1830.6157411308463]","[4.1809993, 4.1771407, 4.1744237, 4.1724153, 4.1709189, 4.1694226, 4.1682811, 4.1672177, 4.1662335, 4.1656032, 4.164855, 4.164382499999999, 4.163713, 4.1632013]",2941.512819549834
238,0.5,1,45,"[0.0, 27.4360497931865, 63.45263857915978, 98.06052437818272, 131.6014116353977, 165.3457203718554, 202.25981111442474, 241.1875746250633, 284.3690201178097, 335.4386969452776, 389.58326099191066, 442.41238596647344, 492.21821221598503, 540.1134078428943, 584.7901214176811, 628.0944915502753, 669.344597032386, 711.7088518889827, 752.4815107916647, 792.1356006606482, 830.8704342975059, 867.4416187709917, 903.1121046844653, 937.2401967098299, 970.9817475682735, 1004.3584776929206, 1037.5120013107075, 1070.7764802896, 1104.9114588650673, 1138.7841862610178, 1173.2557627332974, 1208.4802068682088, 1244.594495443603, 1281.7326952986175, 1319.5799065734577, 1358.6898471180116, 1397.9619589821189, 1437.7815078353865, 1477.2814948881555, 1516.3622065957395, 1553.6380068832334, 1590.102922748124, 1624.2255230425094, 1656.9361868625, 1688.6488006382674, 1719.1932268641121, 1748.7277744915805, 1777.6322616469306, 1806.3038253081886, 1829.4299322429056]","[4.1809993, 4.1769829, 4.174345, 4.1723762, 4.1708012000000005, 4.169343899999999, 4.1681232, 4.1670604, 4.1663122, 4.1654854, 4.1649733, 4.1641464, 4.1636739, 4.163161799999999]",2940.422528904898
239,0.5,1,45,"[0.0, 27.631365957960156, 63.08805687866851, 98.1158753919189, 131.2294332335394, 165.38887283923765, 202.01880527257816, 240.83467006751488, 284.1904625783131, 334.30002096304935, 389.77931708739465, 441.80256546514835, 491.9296674520684, 539.2553294076886, 584.0856838735383, 627.8145172930319, 669.7341833669013, 710.5243784982365, 751.8577569298334, 791.3152415877682, 829.9810369770555, 866.9795662104962, 901.9580576191208, 936.5175316251741, 970.1344005470496, 1003.315911594106, 1036.5279624944958, 1070.2912922269295, 1103.606990770976, 1137.4172897054202, 1172.4967806963161, 1207.4300001233744, 1243.7463708997059, 1280.8019764617516, 1318.8214781174167, 1357.8288863830428, 1397.6505203256681, 1436.6669661598548, 1476.5422092658584, 1515.4179014084923, 1552.948932670367, 1588.8543010608535, 1623.1248187763379, 1655.785979905215, 1687.4757370832788, 1717.9769544844892, 1747.8179303138397, 1776.8089574375147, 1805.1153930308776, 1829.2916657499857]","[4.1809993, 4.1771011, 4.1742663, 4.1722183, 4.1707616000000005, 4.1693835, 4.1681232, 4.167257299999999, 4.1663122, 4.1655245, 4.1648946, 4.1641855, 4.1635952000000005, 4.1631227]",2939.5128076466194
240,0.5,1,45,"[0.0, 27.76948702899068, 63.41725541263958, 98.36767124074055, 131.58214664024143, 165.86858018043876, 202.21416412056425, 241.21342611820506, 284.08379145272437, 335.45137657376137, 389.57221803593285, 442.1517313103473, 491.927556238, 539.3322943100841, 584.7029220959741, 627.7459607878236, 669.6687830068067, 711.5408885893341, 751.9919189556022, 791.9092959986046, 830.1982040472242, 867.0561606576443, 902.311039568302, 937.0568887943796, 970.2696613580902, 1003.3086583333848, 1036.8422081049616, 1070.164994220661, 1103.6262029428265, 1137.9185264903665, 1172.5517314099384, 1207.5474884301796, 1243.9658020281017, 1280.521940269176, 1318.9268122343874, 1357.6336709439852, 1397.487823028418, 1437.2233541091905, 1476.84952161318, 1514.9878957632484, 1552.6304752911515, 1588.8454490543957, 1623.1687529086835, 1655.7467978821683, 1687.5330044171656, 1718.1467996533243, 1747.7378879082012, 1776.252494274935, 1805.0427155020725, 1829.8080738295494]","[4.1809993, 4.177219399999999, 4.1744628, 4.1724939, 4.1707616000000005, 4.1694226, 4.1682811, 4.1672964, 4.1662726, 4.1655641, 4.1648159, 4.164382499999999, 4.163713, 4.1632013]",2938.931779349092
241,0.5,1,45,"[0.0, 25.622282914317225, 61.51021968015726, 96.3431299506222, 129.57806728496854, 163.07989672071375, 199.914138992731, 239.076633470466, 281.92519560464126, 332.6039801751303, 387.55900066744556, 439.99014702553467, 489.9306318150879, 537.2928518901088, 582.6048852919346, 625.5430628530785, 667.6649336946678, 708.6405235498678, 749.600865546237, 789.3632820071066, 827.8113297700809, 864.9815014660621, 900.6981602141975, 934.6630661719439, 967.9491654190058, 1001.8344907613066, 1034.666808902873, 1067.782571481469, 1101.8749267300918, 1135.9352546431294, 1170.4917526533184, 1205.7452860248652, 1241.8781898039167, 1278.5483011624103, 1316.8899175813538, 1355.3039385209502, 1394.7751745588037, 1434.9656632307615, 1474.150817399327, 1513.0706356390915, 1550.03720225705, 1586.4448552747133, 1620.981533551422, 1653.5566958247548, 1685.2911877578865, 1715.8020291279756, 1745.4621838824858, 1774.3411297357623, 1802.8737497664358, 1829.0169465751817]","[4.1809993, 4.1770225, 4.1742268, 4.1722975, 4.170564700000001, 4.1693048, 4.168162799999999, 4.1670604, 4.1662726, 4.1655641, 4.164619, 4.1641855, 4.1635952000000005, 4.1630044]",2938.041906926811
242,0.5,1,45,"[0.0, 26.05219392653055, 61.91515834008118, 96.60271182836647, 129.96745603632422, 164.1781467529849, 200.84529133890766, 239.62855470833682, 281.9911807860213, 332.7999327350993, 387.9242354891405, 440.4700814072408, 490.2031090926818, 537.1812889693115, 582.8939406443808, 625.8461954242525, 667.8001642748195, 708.9119465450799, 750.3055707802084, 789.8342684539923, 827.7537379011671, 865.0349472036305, 900.1319234831305, 934.6613527168506, 968.1158113094441, 1001.3058180341486, 1034.5327186952263, 1067.8740767671852, 1101.5231342976551, 1135.792234437653, 1170.2987398524533, 1205.507217782694, 1241.5630122023344, 1278.964468817897, 1316.5732330346164, 1355.3106998573155, 1394.501932644283, 1434.664358202666, 1473.7875714982642, 1512.97070038833, 1550.1757840442658, 1586.0705431536671, 1620.238235719236, 1653.2498686297445, 1685.0127591662817, 1715.539509732433, 1745.1163728087054, 1774.0702084869295, 1802.6788036077542, 1830.0452779192442]","[4.1808815, 4.1771011, 4.1744237, 4.1723366, 4.170486, 4.1693835, 4.1680446, 4.1672964, 4.1661544, 4.1654854, 4.1647372, 4.1642647, 4.1635165, 4.1630831]",2937.809832585451
243,0.5,1,45,"[0.0, 23.81785658811856, 59.14330089493899, 94.68828556846529, 128.00900894101392, 161.8027693772009, 198.26829251512345, 236.92961717877927, 279.94657783434207, 330.04460852647696, 385.1916226645726, 437.46293479334304, 487.40568603651343, 534.8172840022969, 580.6689018849281, 623.6006080690202, 665.2001692688286, 706.3542513928603, 747.3084498253911, 787.0412998059694, 825.6240114351856, 862.2319949974549, 897.6504207252781, 931.9816369797227, 965.7004104432026, 998.7810808999864, 1031.8266853191299, 1065.1059753807467, 1098.8870972548145, 1133.2006774870028, 1167.2631711199972, 1202.8193432016567, 1238.7662414953436, 1275.7682824803205, 1313.6464741620657, 1352.717399196822, 1391.948909308813, 1431.9883514668093, 1471.0720461709827, 1509.804769225676, 1547.8023179842792, 1583.5362206266864, 1617.9767136895498, 1650.72559724245, 1682.314357852351, 1712.9894981987932, 1742.4278620996888, 1771.46603508392, 1799.7701129475677, 1815.6742907740609]","[4.180920599999999, 4.1769829, 4.1744237, 4.1722975, 4.1706042000000005, 4.1692653, 4.1680446, 4.1671782, 4.1662726, 4.1655641, 4.1647763, 4.1640282, 4.1635952000000005, 4.1629648]",2936.585626104058
244,0.5,1,45,"[0.0, 25.211226837640027, 61.0875018176846, 96.19724731859469, 129.85416143313353, 163.57731087297975, 199.85068684444718, 238.27840614462923, 281.1347435983863, 332.0674121145215, 386.88933660605255, 438.8909978819614, 489.04811125007893, 536.8206061684444, 581.5426320992096, 624.2874095515151, 666.3050288416175, 707.514405421726, 748.6492029269436, 788.540569737338, 827.0088663138429, 863.6489403683915, 899.1346923264371, 933.3318369336548, 966.7656856775384, 1000.3467422348835, 1033.7562430799437, 1066.9118804699488, 1100.1668244954008, 1134.4388378676108, 1168.7914970150698, 1204.2183521582, 1240.306769896737, 1276.840429498029, 1314.9662350860206, 1353.71269555602, 1393.065039446581, 1433.0258683175164, 1472.5411678602964, 1511.4820462858536, 1548.8005807491475, 1584.9224770893643, 1619.1047777436474, 1652.0914134256327, 1683.6307819819085, 1714.1250959774684, 1743.8268926345613, 1772.7309333385733, 1801.1311126314417, 1828.564006981539]","[4.180920599999999, 4.1768651, 4.1742268, 4.1721792, 4.170486, 4.1691079, 4.1682019, 4.1671391, 4.1660366, 4.1652884, 4.1645794, 4.1638708, 4.1635165, 4.1630044]",2935.612614005669
245,0.5,1,45,"[0.0, 25.432893074113906, 60.720857233088566, 95.71319884918631, 128.87222856060515, 162.71802639591834, 199.2398652931716, 238.12271234097722, 281.0954434456366, 331.523118994512, 385.81993931572816, 438.54424837769835, 488.5456622713743, 535.6482038638158, 580.439805896309, 623.9780790111108, 665.7593930427054, 707.0349093368425, 747.7170306581829, 787.5218255504697, 826.0920630247153, 862.89333136543, 898.2219976353144, 932.8588587693339, 966.4079856897079, 999.4924458523717, 1033.2239556593236, 1065.932274517777, 1099.3289550270622, 1133.490155609436, 1168.2740425401855, 1203.3171628340635, 1239.2478332424203, 1276.394892424487, 1313.9481771721373, 1353.2968744762113, 1392.5847922184093, 1432.3201760610204, 1471.6366248788452, 1510.6998014110768, 1547.7043868409564, 1584.0399987707585, 1617.939285855865, 1651.0817457771423, 1682.8049736482199, 1713.2406421610845, 1742.9610065407937, 1771.9615649802395, 1800.4999029841483, 1816.1082446873643]","[4.1808028, 4.1770225, 4.1744237, 4.1721792, 4.1705256, 4.1691866, 4.1680841, 4.1670208, 4.1661153, 4.1655245, 4.1646581, 4.1641068, 4.163437399999999, 4.162847]",2934.8151988543077
246,0.5,1,45,"[0.0, 21.668959149466446, 57.26949845898747, 91.90002871790995, 125.44778416897526, 160.11872604205945, 195.70532854779032, 234.7571123830458, 276.65017045237045, 328.10934144222887, 382.61243376118904, 435.06422745803894, 484.37426264438005, 532.2505704192606, 577.0702840248869, 620.000749315664, 661.6825760414249, 703.3440118534977, 743.4144911841574, 783.6181020389427, 821.8581316635587, 859.2023116989578, 894.3670824455226, 928.4871113328043, 961.9939477108774, 995.6228207286881, 1028.8422841716056, 1062.0685210355637, 1095.6935276611532, 1129.568827073505, 1163.6642390712173, 1199.4428490837345, 1235.2310290871162, 1272.7262383986647, 1310.2022660669456, 1349.0196189976737, 1388.6685151709682, 1428.0269526316033, 1467.8164456177137, 1506.4435330342212, 1543.9713235414436, 1580.1612759251811, 1613.8899261391641, 1647.1945707743237, 1678.9893792896412, 1709.6103420636744, 1739.2992314363526, 1768.1455957058236, 1796.550119745338, 1815.82874998576]","[4.1809993, 4.176943799999999, 4.1741085, 4.1721005, 4.1705256, 4.1691866, 4.1678476, 4.1670208, 4.1661153, 4.1652884, 4.1646581, 4.1639495, 4.1635556000000005, 4.162847]",2933.998276960446
247,0.5,1,45,"[0.0, 34.435938810285336, 70.15907724203026, 105.41168711875417, 138.39448329654869, 172.05796548734855, 208.67667618615445, 247.30721512269844, 290.6879503420659, 340.3273837814716, 394.89717349334927, 447.49381034462186, 497.3101450370679, 544.7215052506647, 589.7161487206274, 633.0412891108263, 675.2157789795863, 716.3138454887394, 756.4728923654059, 796.733904278934, 835.0182711006423, 871.9214958248263, 907.7067800830953, 941.5534793384575, 975.6833528725235, 1008.7456388525973, 1041.670489419381, 1074.9045651377023, 1108.9096559590437, 1142.5316483169988, 1177.3262933323545, 1212.5770490037046, 1248.3096706440454, 1285.6682602934798, 1323.4143850328726, 1361.9659248032435, 1401.5008594232413, 1441.4880571037863, 1480.826454193201, 1519.619903928888, 1557.0212084908594, 1593.4360303608487, 1627.566350947446, 1660.551948996954, 1692.0080752200317, 1722.5717005158951, 1752.1532684698952, 1781.021725978185, 1809.6102953751313, 1830.505667691312]","[4.1807632, 4.1769042, 4.1741481, 4.1722183, 4.1705256, 4.1689897, 4.1680446, 4.1669025, 4.1661544, 4.1652884, 4.1645794, 4.1639099, 4.1633587, 4.162925700000001]",2933.6609403476286
248,0.5,1,45,"[0.0, 21.920886448636224, 58.01720807526351, 92.62760796893895, 126.18405516171367, 159.60151209809658, 196.22854554775677, 235.10283364417012, 277.33987245863295, 328.0827608841197, 382.3625696646832, 434.91382806998604, 484.63848609540025, 531.9875168343335, 577.0392729245564, 620.285295553696, 662.183916286682, 703.4558963783704, 743.911102212845, 783.6644159520558, 822.6477404625291, 859.270193875612, 894.4432745670254, 929.1642067442722, 962.6827515683694, 995.7427208507959, 1028.7031004182165, 1062.3424420665763, 1095.9468974357387, 1129.9109343530295, 1164.4077701605697, 1199.592575977331, 1235.882976180727, 1272.6918354645495, 1310.389395904594, 1349.0180523015865, 1388.905769477553, 1428.5845448346554, 1467.7255975003616, 1506.8495470390556, 1544.3837932427436, 1580.3621555707907, 1614.3588510037066, 1647.4185289162547, 1679.050241422276, 1709.6156079236416, 1739.4640691110944, 1768.0927466821008, 1796.7213371397665, 1815.826470231119]","[4.1806846, 4.1766682, 4.1740694, 4.1721396, 4.170486, 4.1689501, 4.1679263, 4.166784799999999, 4.1658788, 4.1650915, 4.1645007000000005, 4.1637921, 4.1632013, 4.1627684]",2932.568131912569
249,0.5,1,45,"[0.0, 22.110864788248193, 57.892710497141934, 93.00943065207844, 126.46187948498971, 160.1642238271853, 196.87687434547718, 235.65724517080605, 277.6396216240687, 328.5707693936879, 382.60100331407875, 435.16461005530846, 485.4695173293069, 532.1118453526657, 577.5891285640892, 620.6783773358393, 662.4104985146819, 703.6657082808001, 744.5794846774063, 784.460288597189, 822.8900796096043, 859.3391290989464, 895.0065292064312, 929.3546934786802, 962.6277263888576, 996.1757652815368, 1029.345594944842, 1062.7120426715805, 1096.1629474610213, 1130.255901545115, 1165.1424070432824, 1199.9688507637163, 1235.8771263040978, 1272.9465141504943, 1310.235963038182, 1349.4223236867206, 1388.7990443036651, 1428.5119628607868, 1468.472386519031, 1506.8233270710402, 1543.996629258767, 1580.1002652583506, 1615.097997401663, 1647.855734799494, 1679.3338096830391, 1709.7410725026596, 1739.5262010118538, 1768.2891045923686, 1796.8180256649086, 1815.5082089792902]","[4.1806846, 4.1768255, 4.1741481, 4.1721396, 4.1703677, 4.1689897, 4.167690299999999, 4.166784799999999, 4.1660366, 4.1652093, 4.164422, 4.163713, 4.1631227, 4.1626105]",2931.1421461867967
250,0.5,1,45,"[0.0, 21.603660186208742, 57.292161056264376, 92.05564033406279, 125.96695495567008, 159.94326480362713, 196.24011733603834, 235.18326701897206, 277.04487602753966, 327.6350572701748, 381.9486174482305, 434.2797843227611, 484.5464329792071, 531.6230823863596, 576.708150721957, 619.9256630090549, 661.53647568263, 703.1251431231226, 743.7703786986813, 783.4307195056867, 821.9453480744717, 858.6171706065077, 893.8074063761051, 928.1234939623798, 962.0658099977918, 995.172720683749, 1028.797639997682, 1061.574822362847, 1094.9905220825403, 1129.3003228014045, 1163.7078539286815, 1198.93037060935, 1235.024940838355, 1271.6350347939722, 1309.6995269961708, 1348.611531606599, 1387.6465439944482, 1427.4298919534801, 1467.5513178271494, 1505.8133016114332, 1542.6496691513926, 1579.096315358582, 1613.493189901734, 1646.3934905108397, 1678.0262169048221, 1708.5498831991888, 1738.4225369037492, 1767.1324183190693, 1795.5681067894864, 1814.5546148273372]","[4.180644999999999, 4.1767073, 4.1740298, 4.1720219, 4.170289, 4.169068299999999, 4.167769, 4.1665483, 4.1658397, 4.1649733, 4.164382499999999, 4.1637526, 4.1633196, 4.162531899999999]",2930.003452528485
251,0.5,1,45,"[0.0, 22.283191628630505, 57.42932237229593, 92.8852168919708, 126.6018339817997, 160.6140714589402, 196.55858916563227, 234.95176475928054, 277.5379223337346, 327.8448996406472, 382.9514998608403, 434.7563078400128, 484.62355903672164, 531.8300950018389, 576.940015690881, 620.1451639369832, 662.203853576827, 703.037193340992, 743.8485193352485, 783.7850449242815, 821.9426387513186, 858.6849460352344, 894.3467288804243, 928.7407060681335, 961.9631209290953, 995.3416208965871, 1028.733766918729, 1061.8623830462166, 1095.5361360159893, 1129.4958918186376, 1164.0284619672175, 1199.4669398190385, 1234.76374928228, 1272.0450469541568, 1309.8163742778083, 1348.3058583652637, 1388.0717144709151, 1427.7116356927631, 1467.3275939849775, 1505.8418603291423, 1543.7000247249389, 1579.5519930128892, 1614.1202912440729, 1646.6078007878912, 1678.4101402346384, 1709.0150006818665, 1738.5230135135669, 1767.4593330591395, 1795.8162065674235, 1815.6772875007453]","[4.1806059, 4.1768651, 4.1741085, 4.171942700000001, 4.1703677, 4.1689897, 4.167769, 4.1668634, 4.165957499999999, 4.1652884, 4.164422, 4.1636739, 4.1632409, 4.1627288]",2929.256499449329
252,0.5,1,45,"[0.0, 21.854890194738516, 57.54348034343815, 92.82343829995239, 126.26952918943687, 159.7370932604341, 196.15458870314308, 234.47087107766504, 276.7810973067566, 327.383882552203, 382.23353916192934, 434.5189516477776, 484.2538813591251, 531.9480956736801, 576.8992521771, 619.5344666523746, 661.6050809442376, 702.7502213392519, 743.2578436590505, 783.2867782321124, 821.4690583159507, 858.2823903010616, 893.4688115548621, 927.5463001505838, 961.0968821268299, 994.984019960512, 1027.9223828795389, 1061.0964777689346, 1094.6396701157987, 1128.6526097421033, 1163.0555466322407, 1198.4468395611625, 1234.6076812778042, 1271.3572182515204, 1309.1296172418251, 1348.2339316703324, 1387.348174581301, 1427.2543620736787, 1466.7082214042348, 1505.43064049445, 1542.4358018892176, 1578.800633348223, 1612.6270239566452, 1645.7911138305135, 1677.4985166662536, 1708.07665231776, 1737.5983783791335, 1766.6358118934277, 1795.166746877724, 1815.6468988773586]","[4.1805663, 4.1767864, 4.1740298, 4.1719036, 4.1702499, 4.1688714, 4.167532899999999, 4.1666269, 4.165761, 4.1650128, 4.1642251, 4.1637921, 4.1632013, 4.1626892]",2928.331225903728
253,0.5,1,45,"[0.0, 33.950734512851966, 69.47420899985713, 104.90575105845562, 138.10698550131247, 171.95241053758093, 208.0996813666269, 246.75389768076252, 288.70634257206655, 339.5154579652194, 394.09207638617045, 446.0350465384514, 495.8142975576286, 543.2829614206148, 588.5118546536429, 631.3623990073767, 673.2949277552549, 714.2809523580689, 755.3803627276942, 795.1144560348497, 833.1277627743056, 870.349952383077, 905.658345508143, 940.1254607523937, 973.2597491487419, 1006.6862679504842, 1039.58695096768, 1073.109734768987, 1106.8239188141447, 1140.3801620935747, 1175.2468604236415, 1210.1164748508145, 1245.7321199314943, 1283.1014859084949, 1320.6574326883838, 1359.611250096305, 1399.283812896937, 1438.9686110199568, 1478.2329551691773, 1516.5038526524963, 1554.1741546252924, 1590.4001293636097, 1624.3829195571839, 1657.423828048085, 1689.1311531461415, 1719.746329650773, 1749.3439293240563, 1778.3287858942053, 1806.5099240951154, 1829.2350508821614]","[4.1806059, 4.1767864, 4.1739902, 4.1719036, 4.1701708, 4.1689501, 4.1676507, 4.166784799999999, 4.1658001, 4.1650519, 4.1641855, 4.163713, 4.163044, 4.162531899999999]",2928.037221201712
254,0.5,1,45,"[0.0, 30.576469703717976, 67.05378328500069, 102.08314201446552, 135.60236537578982, 169.4476461621486, 205.63751064721174, 243.85255935994206, 286.38715897592755, 336.7165748493091, 391.2676928704814, 443.5559737730146, 493.2595394188492, 540.6534962964686, 585.7031277236945, 628.9644778263387, 670.679553649599, 711.7055717184301, 752.5054103877999, 792.2278916820665, 830.5492138424931, 867.5491261980983, 902.6143840341979, 937.196002503633, 970.7069860995516, 1004.1134599760942, 1037.0587551042222, 1070.4398096516227, 1104.136506879437, 1137.9019030019963, 1172.7349333801658, 1207.2552320281727, 1243.2902173023563, 1280.6102504972607, 1317.956878954237, 1356.9637873441973, 1396.4814166670867, 1436.3236566469018, 1475.3352289516301, 1514.2583856655522, 1551.327713229736, 1587.7631273567042, 1622.1054719425613, 1654.8388646256706, 1686.47820406176, 1717.1636560730578, 1746.8154491121834, 1775.7764469536307, 1804.3229975525003, 1829.4499343948698]","[4.1804481, 4.1766286, 4.1737542, 4.171942700000001, 4.170289, 4.1688323, 4.1676116, 4.1665483, 4.1656818, 4.1646976, 4.1641464, 4.1635165, 4.1629648, 4.1624928]",2927.446482537163
257,0.5,1,45,"[0.0, 24.9215012381091, 60.558719418051396, 95.62863835036791, 128.83656713127476, 162.46610786853324, 199.0363778390385, 237.79884795960442, 279.48097269815327, 330.1189659327035, 384.6038130974213, 437.1611756228007, 486.8500016637808, 534.2544994595089, 579.5525799697095, 622.4101757439162, 664.1244377353655, 705.1326866010606, 746.2982462094394, 786.5054493164628, 824.1975213246003, 861.2288423158639, 896.6328642750814, 931.0756279659827, 964.8808585820591, 997.765418100251, 1030.7367706633024, 1064.045483838222, 1097.271248613141, 1131.5802215567016, 1166.195867285732, 1201.5216848282848, 1237.4609659527046, 1274.17529478279, 1311.88116634409, 1350.6046743950124, 1389.8431389020068, 1430.0838823922136, 1468.846599681401, 1507.8737865924954, 1545.2302151529907, 1581.3019302119767, 1616.041391908179, 1648.6021084892388, 1680.1866276539533, 1710.8314032566461, 1740.3273721056682, 1769.290226089982, 1797.6864701701872, 1816.0421173849807]","[4.1805663, 4.1767073, 4.1739511, 4.1717854, 4.170053, 4.1685171, 4.1673751, 4.1663909, 4.1654062000000005, 4.164855, 4.1640677, 4.163437399999999, 4.162847, 4.162256200000001]",2926.1857717011158
258,0.5,1,45,"[0.0, 26.294406144698485, 62.16416850223021, 96.9528031517309, 130.4488391688683, 164.1802526362676, 200.29108556791994, 239.138968125641, 281.1806338860807, 331.53146698275975, 385.8271082467137, 438.5256192890462, 487.8809325158551, 535.2200180561064, 580.4675681423569, 623.3534988392082, 664.8335179193502, 706.1312371782319, 747.1456009975002, 786.8982118447057, 825.1222078807377, 862.07077950077, 897.5039667535382, 931.1192896133462, 965.2411331498602, 998.7475418311246, 1031.3199539908298, 1064.7711527200977, 1098.4559502150764, 1132.5746513255506, 1166.8984874212765, 1201.7908306106176, 1237.9680216510574, 1274.9897237879322, 1312.8963935928803, 1351.0196907984573, 1390.630230078372, 1430.5383067011946, 1469.0916351675323, 1508.184088022014, 1545.8681445864722, 1582.1089288019677, 1615.9582508937676, 1648.5378334863165, 1680.4685343363374, 1710.9025377578898, 1740.716670222995, 1769.413551242785, 1797.8860435276135, 1814.909215614625]","[4.180409, 4.176313899999999, 4.1738329, 4.1715884, 4.169895200000001, 4.168438399999999, 4.1672177, 4.166194, 4.1654458, 4.1646976, 4.1639891, 4.1633587, 4.1625714, 4.1620989]",2924.56211168362
259,0.5,1,45,"[0.0, 29.2602946508091, 64.67626675855843, 100.12150015334697, 133.4388712400634, 167.29464943026454, 203.33338777348587, 241.62581450541944, 283.79410994248275, 333.79924233630715, 387.87057782177254, 440.44819764876803, 490.4081153271948, 537.8062887339695, 582.4890369970549, 625.8641121798312, 667.463021330092, 708.9353849347137, 749.5301205340843, 789.5063987968138, 827.7714891895273, 864.3892021165632, 899.5194371267683, 934.3064442678942, 967.7804236459585, 1001.1079328302139, 1034.5063457664523, 1067.585194776373, 1101.0686556777575, 1135.018527642308, 1169.5176424122533, 1204.3391464483036, 1240.6941234552569, 1276.994419680575, 1315.217207373552, 1353.7821989518004, 1393.0512536802964, 1432.638716800897, 1472.1723318532552, 1510.794590819039, 1548.0398703244744, 1584.147042534708, 1618.3030103894955, 1651.1024084083444, 1682.7285711662332, 1713.4388670744981, 1742.9676177144054, 1771.821277023608, 1800.0709895374832, 1828.136626552667]","[4.1804876, 4.1765103, 4.1738725, 4.1718249, 4.1700134, 4.1686745, 4.1673751, 4.1663513, 4.1656032, 4.1646581, 4.1641464, 4.163437399999999, 4.1627288, 4.162138]",2923.801085385471
260,0.5,1,45,"[0.0, 28.762437922635797, 64.0445391552966, 99.47742481476223, 132.9041301563941, 166.73092089575516, 202.4873915067186, 241.61648319833262, 283.4779476667128, 333.2753413491773, 388.07909016559506, 440.2146524718569, 490.2114487967135, 537.3471927435828, 582.462160028705, 625.5492125345758, 667.2700914063618, 708.0936333882756, 748.6779386954378, 788.5368699000263, 827.0075988573166, 863.50801870513, 899.0334412866163, 933.3868078717538, 966.8657303016427, 1000.0542965926239, 1033.532018418573, 1066.4337314382306, 1099.8927043615795, 1133.5880758945682, 1168.3090811838829, 1203.1473481724984, 1238.8862345990392, 1275.838776669093, 1313.8512679844957, 1352.4173822926946, 1391.8200801688945, 1431.2510404165882, 1469.9942990774161, 1509.3510897293431, 1546.212418399396, 1582.3936544926714, 1616.9819641118734, 1649.737590126239, 1681.3649771760752, 1712.0902816613202, 1741.6299864120206, 1770.5052104606207, 1797.0648128061744, 1812.8444596888571]","[4.1803303, 4.1765103, 4.1737146, 4.1716671000000005, 4.170131700000001, 4.1686354, 4.1673751, 4.1665092, 4.1654458, 4.1648946, 4.1639495, 4.1633983, 4.1627684, 4.1623745]",2922.697663082412
261,0.5,1,45,"[0.0, 28.00636862160661, 63.763972793047174, 98.74410500088464, 132.43830921835143, 166.55024268454014, 201.99025968933557, 240.67098282862554, 282.6275246715273, 332.3088171511608, 386.83594615607507, 439.52586399213584, 488.9776911687681, 536.330118519694, 581.4201142554718, 624.6707902227708, 665.779862828351, 707.0550501219732, 747.7193681548035, 786.9938430967322, 825.695009580746, 862.4131036003671, 897.9226040525759, 931.78847140821, 965.8326279265402, 999.1482647626999, 1032.6627246771618, 1065.4514678543, 1098.9034489635121, 1132.4269694807235, 1167.3765676121843, 1202.4804748792512, 1238.3357559702508, 1274.9003416554924, 1312.616312864031, 1351.3054366058418, 1390.7477930768187, 1430.0523586983306, 1469.0778516352443, 1508.3509592210817, 1545.7420018527487, 1581.6378198036903, 1615.7600950721894, 1648.6689004972973, 1680.4457458120933, 1710.9446282708304, 1740.4680342027245, 1769.5891754456188, 1797.9962549814045, 1815.4029257069915]","[4.1804876, 4.1765103, 4.1736755, 4.171628, 4.170092100000001, 4.1686745, 4.1674538, 4.16643, 4.1656427, 4.164619, 4.1640677, 4.1633196, 4.1627684, 4.1623349]",2921.675954093424
262,0.5,1,45,"[0.0, 24.682601271370572, 60.36991395416686, 95.42909344515522, 129.0335729538607, 162.850870312472, 198.84993715751375, 237.28097878005917, 278.7312280211062, 328.5528122289352, 383.1780482359168, 435.2560069045029, 485.3611497681776, 532.2852713849783, 577.5086074225461, 619.9296126545636, 662.1123269935266, 702.5332792252483, 743.5674722744778, 783.3138230290584, 821.316483166367, 858.4692351595376, 893.724296646763, 928.2015421380064, 961.7436842677067, 994.994040776363, 1027.8346534217317, 1060.6448771695505, 1094.3808990254356, 1128.4611757418502, 1162.8444651582663, 1197.8191868914823, 1233.6554219947525, 1270.8489938311636, 1308.207869973607, 1346.8975744792242, 1386.1153833641101, 1425.28092118545, 1465.1983118678659, 1504.1485087193396, 1541.2815691709388, 1577.5975697888216, 1611.969713701405, 1644.2925945480188, 1676.1624254827298, 1706.4161650037527, 1736.2137831836685, 1765.1860666002826, 1793.591246045944, 1815.4070426954481]","[4.1804481, 4.1765103, 4.1738329, 4.1717458, 4.1699739000000005, 4.1686745, 4.167493299999999, 4.16643, 4.1656427, 4.1649337, 4.1640282, 4.1633983, 4.162886100000001, 4.1622958]",2920.887392560763
263,0.5,1,45,"[0.0, 23.564630058811986, 58.761590187756156, 94.02682918811558, 127.36067971807063, 160.86118453465986, 197.12370385745191, 235.5373989471566, 277.66623349845963, 327.1631148566946, 381.2006630332638, 433.5790684233003, 483.4845501262512, 530.6260468942025, 575.8189846322995, 618.5542169982792, 660.4336135910208, 701.6392583878497, 741.5757333843125, 781.8959959957568, 820.1143494075474, 856.7234511493417, 892.2845030317138, 926.872611569978, 960.3237088788684, 993.0726158787455, 1026.6258647801696, 1059.4448426078484, 1092.7869582685153, 1126.7284208518026, 1161.5886287725389, 1196.2358002991964, 1232.245297014068, 1269.3087638689071, 1307.0255938003215, 1345.2576737913828, 1384.8671093913226, 1424.345566398742, 1463.6929055470255, 1502.2392728656864, 1539.5701711773763, 1575.584230758156, 1610.3241213266192, 1642.7197362344677, 1674.5128534593869, 1705.1811014759696, 1734.8240262634513, 1763.4939503883356, 1792.1639091934321, 1815.1118494857442]","[4.1804876, 4.1763926, 4.1737146, 4.1716671000000005, 4.1696982, 4.1684775, 4.1671391, 4.166194, 4.1653671, 4.1646976, 4.163831200000001, 4.1630831, 4.1626105, 4.162020200000001]",2919.6187549560527
264,0.5,1,45,"[0.0, 23.73800820067254, 59.15114214943105, 94.26008478706785, 127.59647254239428, 161.08138804901432, 197.57471508158665, 236.21484159067904, 277.183294111319, 327.0676535957316, 381.68621639661376, 433.86686431743146, 483.7609874092864, 530.7824607677604, 575.89184362149, 618.7244213277644, 660.5480856927744, 701.4782165804182, 742.4592594706593, 781.9719271600142, 819.9610909804427, 857.3517365292024, 892.4619140702736, 926.5777788163106, 960.696687989683, 993.3980623776116, 1026.318318908056, 1059.228894164943, 1092.8074879630963, 1126.8037377257542, 1161.4753259792406, 1196.567549441971, 1232.3659372154953, 1269.1607864337861, 1306.3563655519747, 1345.3217809379275, 1384.4291355627824, 1423.7570996632662, 1463.250729318615, 1502.0918567028061, 1539.310672764038, 1575.1945598114162, 1609.614567196002, 1642.383977701376, 1674.262911770964, 1704.7536843789635, 1734.4492850461102, 1763.273155022911, 1791.8114900158707, 1814.0891903824177]","[4.1803694, 4.1765499, 4.1737146, 4.171628, 4.1700134, 4.168438399999999, 4.1673751, 4.1662335, 4.1652884, 4.164619, 4.1638708, 4.16328, 4.1625714, 4.162138]",2919.008247401123
265,0.5,1,45,"[0.0, 25.369707887217146, 60.841749243279196, 96.02386380903931, 129.80256523804883, 163.50592274873964, 199.39310346716218, 237.58603948861594, 279.4742703401845, 328.89337657466126, 383.15344150537214, 435.6217248419596, 485.4756612968695, 532.1994224686367, 577.400932910461, 620.687609176464, 662.1100390599114, 702.9874046366496, 743.5847757046428, 783.8098946539482, 821.562956712468, 858.5945892285721, 893.9355372422409, 927.7950663881433, 961.4566335447147, 994.5516158857394, 1027.5697406017543, 1060.6848515935872, 1094.339439889175, 1128.357289175291, 1163.0092267570449, 1197.7178782954961, 1234.0121670321141, 1270.3892179987588, 1308.181092687882, 1346.4825610201879, 1386.0948929473088, 1425.6526646729017, 1464.867875519033, 1503.1848823086343, 1540.7213165479898, 1576.5516400892652, 1610.9691608072926, 1644.0011736116585, 1675.6307656322997, 1706.2098967152042, 1735.8811801572638, 1764.5401718983003, 1793.1065065876628, 1814.8176607875566]","[4.180409, 4.1763926, 4.173636, 4.1715097000000005, 4.1699739000000005, 4.168398900000001, 4.1671782, 4.1663122, 4.1653671, 4.164422, 4.1639495, 4.1632013, 4.1625714, 4.162020200000001]",2918.120272361247
266,0.5,1,45,"[0.0, 23.11044552494974, 58.64470906208021, 93.7542920222707, 127.39348911389783, 161.2513031283018, 196.82254712165462, 235.31624366530667, 276.91086879783205, 326.1250072204312, 381.03385602022996, 432.92801918913716, 482.7795788673432, 529.8786884342901, 574.8538352799799, 618.1759134595611, 659.4736604452221, 700.4232630428683, 740.7901749012058, 780.7711105764945, 818.6044340494664, 855.7806922493962, 891.2726566458043, 925.5228114570068, 959.1578469879678, 992.3810217971902, 1025.2383544294632, 1058.2375098023283, 1091.660699313925, 1125.3965997432215, 1160.4353690783541, 1194.513464257275, 1231.1262084241316, 1267.7086263360984, 1305.5283323524043, 1344.2329211667395, 1383.3070473506182, 1422.537169867931, 1462.049090463204, 1501.058488928202, 1537.7881649808535, 1574.373850104037, 1608.492032456549, 1641.3027365532628, 1672.9949363368817, 1703.5479746747135, 1733.1595141626342, 1761.8264023526137, 1790.219613846775, 1814.3629393548588]","[4.1804481, 4.1763926, 4.1737146, 4.1715884, 4.169895200000001, 4.1685958, 4.167336, 4.166194, 4.1654062000000005, 4.1645794, 4.1637526, 4.16328, 4.1626105, 4.1620989]",2917.507950463189
267,0.5,1,45,"[0.0, 24.729773144478315, 60.50945855731379, 95.35299666959583, 129.05212797021483, 163.03915574999763, 198.69645246104466, 237.0596972097489, 278.3481640952322, 327.8807189278962, 381.71745366152044, 434.2132936614934, 484.0521448237059, 531.5109778020078, 576.8657707293437, 619.3420263079008, 660.7705329283763, 702.3162758804599, 742.8912655604386, 782.2293720006362, 820.5584405124227, 857.1549410651025, 892.5921719881776, 927.1919169046832, 960.9506027181178, 993.7589844917179, 1026.7445015726028, 1059.8181321792595, 1093.134283729027, 1127.044366468261, 1161.4927453475716, 1196.8279786307728, 1232.5533423203485, 1269.4007300598496, 1307.0381966299233, 1345.3910259103393, 1384.5765508377908, 1424.343579284951, 1463.427995825117, 1502.0621324042788, 1539.8685776423208, 1575.5363890762635, 1610.0780194958322, 1643.1898793792777, 1674.3595272397454, 1705.0079087435563, 1734.589039691418, 1763.483597466827, 1792.035943017903, 1814.5250134904652]","[4.1805663, 4.1764317, 4.1737146, 4.1715493, 4.169895200000001, 4.1684775, 4.1673751, 4.166194, 4.1654062000000005, 4.164619, 4.163713, 4.1632013, 4.1625714, 4.1620989]",2916.826774154323
268,0.5,1,45,"[0.0, 26.100342890381853, 61.68714343120661, 96.40828841680246, 130.2048299393419, 164.16358839368746, 199.89193287647782, 238.30671284344186, 280.0690808092941, 329.19548332291487, 383.6035599900411, 435.38047868254097, 485.281303019973, 532.4097356749712, 577.029668036228, 620.0673887011792, 662.1229407519431, 703.2276562455882, 743.6615600930706, 783.0036089156581, 821.810279565786, 858.1773338046355, 893.6495925430359, 927.8676950359991, 961.2158972452014, 994.6075233486229, 1028.1226857472195, 1061.1548906371331, 1094.6095429401396, 1127.8431090101121, 1163.1626291285143, 1197.4318730783903, 1233.7604521306625, 1270.0342108707416, 1308.0134974005316, 1346.404563546821, 1385.8918195629165, 1425.3900080108813, 1464.6827629631548, 1503.0702639417798, 1540.1697035484144, 1576.5631795373, 1611.206633537281, 1644.1416171721457, 1675.3701297613702, 1705.876768044618, 1735.5857224650417, 1764.4902256405821, 1792.8521701489472, 1813.5827810860187]","[4.180409, 4.176313899999999, 4.1735969, 4.171628, 4.1699347, 4.1685567, 4.1672964, 4.1663909, 4.1653671, 4.1644611000000005, 4.1639099, 4.1633196, 4.1626105, 4.1620593]",2916.0459062986906
269,0.5,1,45,"[0.0, 24.598113233462925, 59.68574028369795, 94.8615214528125, 129.06588092016574, 162.54407482717107, 198.22418620545233, 236.5222608649578, 277.85132665338944, 327.4418465420784, 381.1534791156295, 434.31938158054623, 483.3186489287363, 530.5988161594614, 575.6380688355625, 618.5516000066204, 659.9816815262977, 700.5610795287864, 741.778919861491, 781.2458585127736, 819.3413353601177, 856.360923949215, 891.697466928244, 926.0086600780248, 959.6324289562222, 992.7976651786068, 1025.5757766265813, 1058.7692096096207, 1091.788524279847, 1126.2624006184278, 1160.2834060695236, 1195.3931426331435, 1231.1184953084698, 1268.0343801520287, 1305.7216624369132, 1344.0494710495514, 1383.3933516893069, 1422.3593861868976, 1462.2938228028759, 1501.0805952842043, 1538.4590545673873, 1574.5720638570067, 1608.470326172621, 1641.4086093283383, 1673.3997375296678, 1703.6571724623407, 1733.4088095361296, 1762.3511340560433, 1790.7193502842263, 1815.5301655305336]","[4.180409, 4.1762347, 4.1734786, 4.1715884, 4.169895200000001, 4.168398900000001, 4.1671391, 4.1661153, 4.1652489, 4.164422, 4.1637921, 4.1632013, 4.1623745, 4.161980600000001]",2915.106284101428
270,0.5,1,45,"[0.0, 23.404992930488504, 59.00769865189079, 94.43883507666277, 127.69795021205647, 161.0913885929238, 197.48053624079438, 235.62556575573245, 276.47605970735816, 326.28979753669233, 380.5268640702978, 432.41032964199957, 482.29588990235396, 529.1250899271354, 574.675592562126, 617.6244656934507, 658.8389892708844, 699.9524338253004, 740.5988182932749, 779.9476176127162, 818.4141425434564, 855.213376923288, 890.8588264095315, 925.015056105033, 958.1084058820477, 991.5463998473083, 1024.6123538465235, 1057.7217781443635, 1090.9431593482836, 1125.0839315252335, 1159.811729662879, 1194.1345543455222, 1230.2174777211656, 1266.7697462331844, 1304.7643685255732, 1342.8714928382376, 1382.716832182784, 1421.8771330563018, 1461.181184290883, 1499.864085360468, 1537.136697006651, 1573.6044854214738, 1607.5876110584602, 1640.6137624988698, 1672.1049674534054, 1702.6733992236307, 1732.2749134339936, 1761.3126622479137, 1789.599806955029, 1813.9059075322818]","[4.1802907, 4.176313899999999, 4.1735969, 4.1715884, 4.1697774, 4.168398900000001, 4.1672964, 4.1663122, 4.1653671, 4.1645794, 4.1638708, 4.1630831, 4.1624928, 4.162020200000001]",2914.498181326765
271,0.5,1,45,"[0.0, 22.6608173569374, 58.264189467389144, 93.46048302772431, 126.95255211400638, 160.17273608954508, 196.39961005739144, 235.06636221074314, 276.14101617288816, 325.62384803318423, 379.5608566645699, 431.70639910329714, 481.22923590143864, 528.9125566292701, 573.3635185941047, 616.6473512642871, 657.7905238202749, 699.3746973448509, 739.7560741096144, 779.1349858308196, 817.9048053487292, 854.1921122445871, 889.9765698208743, 924.1644798545832, 957.510936576172, 991.0583167359786, 1023.8636997274699, 1056.7763499612051, 1089.9230170904466, 1124.2634516534713, 1158.4696404644983, 1193.4913999447076, 1229.3608458290287, 1266.1257800655726, 1303.5249960677506, 1342.0478839948032, 1380.9905672670743, 1420.8416904864011, 1460.0423178684487, 1498.699159047831, 1536.0612705496414, 1571.882983520144, 1606.1009358971019, 1639.4056141578108, 1670.9365209253451, 1701.5177416427723, 1731.0905845792113, 1759.9247533521143, 1788.4932603833863, 1814.18714986518]","[4.1801724, 4.1762347, 4.1733603, 4.1713524, 4.169619600000001, 4.1682811, 4.1670604, 4.165997, 4.1652093, 4.1643038, 4.1636739, 4.163044, 4.1624928, 4.1618233]",2914.1890932562937
272,0.5,1,45,"[0.0, 22.402672453861214, 57.89101448006471, 92.94985930211686, 126.59787320898482, 160.46735233473254, 196.14295198969882, 234.36841465268418, 275.5825747303824, 325.2859060349022, 378.7038023864555, 431.17351278122175, 481.28581968405564, 528.4594604884214, 573.114796147351, 615.9802801970702, 657.6429729941372, 698.9318957880637, 739.4283765228727, 778.9716784504419, 817.4154401274479, 853.4882754433993, 889.2561327666158, 923.4506007712628, 956.9130407722939, 990.0007202680847, 1023.1906838118769, 1056.5022028108024, 1089.9248986430998, 1123.6274600548447, 1158.056468680736, 1192.8598690952388, 1228.6490716831427, 1265.4510803866694, 1302.98415509007, 1341.6631995690134, 1380.620569933276, 1420.2853385650903, 1459.5402821640082, 1498.247992456854, 1535.4137106019446, 1571.8026542887799, 1605.7067510169788, 1638.6108739364843, 1670.459511518434, 1701.1658574983906, 1730.6617023503993, 1759.5125129423793, 1787.953062175109, 1815.0347793661838]","[4.1801724, 4.176313899999999, 4.1735969, 4.1713524, 4.1696982, 4.1682811, 4.1671391, 4.1660757, 4.1652093, 4.164382499999999, 4.163831200000001, 4.163044, 4.1623745, 4.1619411]",2913.4716419284387
273,0.5,1,45,"[0.0, 22.211186800039627, 57.780369878719796, 93.22929097549081, 126.78495735634908, 160.63037277552064, 196.51353136340083, 234.2864943147805, 275.41671501092287, 324.6948552041973, 378.67209437901647, 431.4587956195369, 480.6110906433123, 527.8308670519276, 572.9325122858327, 616.0456063606599, 657.8600549044612, 698.170011368302, 739.0850106206186, 778.8460440438222, 816.7561160717017, 853.7541564262436, 888.8328228880554, 923.1776816251157, 957.3394783116397, 990.050847685092, 1022.9411887805992, 1056.126185772513, 1089.1024882131246, 1123.1803377437013, 1157.7621204819893, 1192.5708785196834, 1228.4735542647982, 1265.0224473482685, 1302.9471237822868, 1341.3514072218059, 1380.1863474516922, 1419.8349822766372, 1459.2325358621551, 1498.2059548887482, 1535.069981408859, 1571.5899604121723, 1605.64427371, 1638.3361784372205, 1670.1402318999153, 1700.6708069258407, 1730.2285917237523, 1759.170558863961, 1787.703609910213, 1814.8274786402721]","[4.1800547, 4.1761169, 4.173636, 4.1713915, 4.1696591, 4.1682019, 4.1670208, 4.1661153, 4.1649337, 4.1642251, 4.1633983, 4.162847, 4.1623349, 4.1618233]",2911.9197786622444
274,0.5,1,45,"[0.0, 22.096769867287605, 58.017241978773825, 92.85010538951133, 126.40064733170186, 160.31315919092197, 195.9020229056723, 234.45393047794403, 275.40586783953313, 324.2257746135108, 378.02717151832053, 430.4976902316656, 480.220047453857, 527.7793113214218, 572.6056449942892, 615.5807820570784, 657.3211974621626, 698.0233958985926, 738.493883546911, 777.9880020899114, 816.2024787599704, 853.2167877100436, 888.4874720341321, 922.7816702581246, 956.234251254623, 989.122629705222, 1022.3272723244687, 1055.5093632671478, 1088.7029811704388, 1122.9697811383671, 1156.9237612502957, 1192.4331199031135, 1228.2212350935743, 1264.4877696990607, 1302.0932653702666, 1340.5316369137631, 1379.6064173101086, 1419.2619951467245, 1458.7189451175632, 1497.1182776740334, 1534.672428109849, 1570.4099950210648, 1604.8160497417134, 1637.7553441557475, 1669.5541855464026, 1700.0743624709035, 1729.725490082014, 1758.670216352194, 1786.8819677965134, 1814.6826331844754]","[4.1802511, 4.1762347, 4.1734786, 4.1713128, 4.169619600000001, 4.1682811, 4.1669421, 4.1659184, 4.1649733, 4.1642647, 4.1635165, 4.162847, 4.162256200000001, 4.1616654]",2911.0833307279468
275,0.5,1,45,"[0.0, 34.78735268011354, 70.47196357849765, 105.736037493889, 139.16798616209365, 172.33156197250622, 208.41721371056036, 246.5563498653524, 287.8649461259468, 336.5207276855504, 390.8790406961543, 443.4363895253802, 492.7700041669147, 540.3412208388502, 584.8580382497046, 627.4340194376666, 669.496742133681, 710.4398474323741, 750.9265383944746, 790.5549480520147, 828.5211675066241, 865.2812024907307, 900.7819065836411, 935.182242452931, 968.4661089947695, 1002.220752089748, 1034.7206589468474, 1067.7537001507108, 1100.8594091137938, 1134.7417223190032, 1169.5500012154753, 1204.4436132898534, 1240.3158755564932, 1276.877256144548, 1314.2938660759642, 1353.003498460707, 1392.1441506866433, 1431.6382448558463, 1470.8027787657293, 1509.4787014528092, 1546.9000812251445, 1582.9326894121918, 1617.4129518440266, 1650.2466471639916, 1681.710907251448, 1712.3411238927222, 1741.9050399210407, 1770.7258994767442, 1799.3017332008073, 1827.2731019415958]","[4.1803303, 4.176274299999999, 4.1733999, 4.1712737, 4.169619600000001, 4.1682415, 4.1670604, 4.1660366, 4.1651306, 4.1642251, 4.1635556000000005, 4.162847, 4.1623745, 4.1617837]",2910.413970801866
276,0.5,1,45,"[0.0, 22.035141147888396, 57.633829259702054, 92.50879372613332, 126.16659534459944, 159.8001685278728, 195.73199063971794, 233.695939318091, 275.1419257043287, 324.0975427205379, 377.9030195997289, 430.42936371883064, 479.93732186447033, 527.0584505239688, 572.1114356025198, 615.1065056738844, 656.3669748185555, 696.9516143006954, 737.3556049805554, 777.1166798600962, 815.3210545181901, 852.379252192924, 887.4178896460094, 921.9855795371052, 955.1295309958005, 988.3868641323213, 1021.8027409566484, 1054.7242348862908, 1088.3454444748309, 1121.944278052948, 1156.1933259674565, 1191.4361175090849, 1227.1190657222119, 1263.6071854287318, 1300.895839377005, 1339.962689216372, 1378.2044868448013, 1418.7332973744105, 1457.9176197881002, 1496.3105475450848, 1533.429379910466, 1569.5807646637504, 1603.7132531062575, 1636.66328702551, 1668.4696173073164, 1698.9567063046127, 1728.695111855994, 1757.466152076902, 1785.7459976760358, 1801.6918751685241]","[4.1801724, 4.1761169, 4.1733999, 4.1712737, 4.169343899999999, 4.168162799999999, 4.1669025, 4.1661153, 4.1649337, 4.1641464, 4.163437399999999, 4.1628075, 4.162256200000001, 4.161705]",2909.418470832381
277,0.5,1,45,"[0.0, 34.27391163041358, 69.7643328665884, 105.14328198235836, 138.4507700912963, 172.24189755010246, 207.82593390798996, 246.10955346034774, 287.37705225448775, 335.8362607642161, 390.1770096131111, 442.70977485753286, 492.0130403918459, 538.584463861735, 584.2861309775003, 627.0952060835257, 668.2025320075591, 709.1911806294579, 749.9688578568091, 789.1002906299414, 827.7618015486134, 864.0211990423209, 899.3579108196391, 933.7631357707135, 967.2966387271861, 1000.8163498071101, 1033.9843630646076, 1066.6536971307662, 1100.1406124054192, 1134.0384142104, 1167.9304010022597, 1202.9701903078478, 1239.0688105244076, 1275.3599838508007, 1313.1194541735115, 1351.2074781704398, 1390.5657307066986, 1430.0644973982687, 1469.2394776281533, 1508.0615845515304, 1545.1706619075183, 1581.7017319938946, 1615.6824255124698, 1648.4523627244357, 1680.3309872152968, 1710.6611466846102, 1740.2036820084309, 1769.2554280946006, 1797.6226291595676, 1815.3673731977005]","[4.1801333, 4.1760774, 4.1733603, 4.171194600000001, 4.1695018, 4.1680446, 4.1669812, 4.1658001, 4.1649733, 4.1641464, 4.163437399999999, 4.162886100000001, 4.1621776, 4.1616263]",2909.500158350695
278,0.5,1,45,"[0.0, 21.08186076171961, 56.70466328124712, 91.84712275193391, 125.24812964509914, 158.3903308125727, 194.89723534588364, 232.82192181015938, 274.22578876813947, 323.0836412893271, 376.8871716394913, 429.2642293753739, 478.59714699402883, 526.1636525339388, 570.7969220976756, 613.4197958633654, 655.0540586107388, 695.9453512296966, 736.5409052016114, 776.3349966008973, 814.4624756819105, 850.9618018926626, 886.3824732297721, 920.7486236243265, 954.0585227012937, 986.895661396688, 1020.0449265710622, 1053.2816510796604, 1086.7357370178179, 1120.4185705309867, 1154.9367558086985, 1190.044153700823, 1225.3786223772875, 1261.8536429563446, 1299.8428573528686, 1337.7738458526628, 1377.411579166639, 1416.5801626650368, 1455.7658687118728, 1494.326025028233, 1531.3957323573545, 1567.6827062017055, 1601.952984484813, 1635.1224309624536, 1666.7052833333505, 1697.3837220417759, 1726.901323803475, 1755.8215638048805, 1784.3040320829982, 1801.4248225646988]","[4.1800547, 4.1759987, 4.1731243, 4.1711555, 4.169343899999999, 4.1679263, 4.1667452, 4.1656818, 4.1647372, 4.1641464, 4.1633587, 4.1624928, 4.162020200000001, 4.161469]",2908.57657299113
279,0.5,1,45,"[0.0, 35.12997252381848, 70.80216848584024, 105.78550218763945, 139.36554539058267, 173.04449650399846, 208.7650407236909, 246.7964332625251, 288.0759108876584, 336.7367881784566, 390.07374891827163, 442.51257573350875, 492.7259858691361, 539.737059148556, 584.584819550779, 627.5142712237107, 669.3120601038383, 709.2900126790018, 749.7295475319052, 789.1408441842677, 827.9226259219431, 864.3633690375491, 899.9388597663199, 933.8496209547914, 967.8822827997019, 1001.0823808244713, 1034.1811001792128, 1066.911952725903, 1100.1099132252439, 1134.2547409225415, 1168.3910815159975, 1203.2469485914273, 1238.908783373483, 1276.1664795328513, 1312.9973413651871, 1351.7961287058188, 1390.8755367971455, 1429.9834977175233, 1469.5624678321408, 1508.1950080710744, 1545.2387923175781, 1581.282968237446, 1615.2855930598835, 1648.5958578003615, 1680.217207271502, 1710.8834915214206, 1740.720231443383, 1769.5538116079774, 1797.957297088511, 1815.409031689046]","[4.1801724, 4.1760383, 4.1733212, 4.1712737, 4.1695018, 4.168162799999999, 4.166784799999999, 4.1658001, 4.1650915, 4.1641855, 4.1633587, 4.1628075, 4.1621776, 4.1617837]",2907.679907507054
280,0.5,1,45,"[0.0, 19.91099004862093, 55.32966950947264, 90.38632077030724, 124.49817508572147, 157.6157551435071, 193.38237988271493, 231.45728424932923, 272.490032699075, 321.68583905981933, 374.8367395215491, 427.4234993807342, 477.0918442094583, 524.1252988255726, 568.9713788476054, 612.0189961500462, 652.9793733374706, 693.9814771575045, 734.3287302584965, 774.5015734082481, 812.1885983902193, 848.7394890427058, 884.2157144792654, 918.1188929338566, 951.9104648016353, 985.1649925090699, 1018.1912751104762, 1051.267417263187, 1084.8168152328478, 1118.7213366811438, 1153.0837197459737, 1187.7119363069332, 1223.555421529077, 1260.0528633536271, 1297.5838382818924, 1336.0193758582416, 1374.9149760015684, 1414.2550843874328, 1453.4648684728677, 1492.489855695028, 1529.2553608081594, 1565.5831643922315, 1600.0157554632644, 1632.8971465323336, 1664.6113946500025, 1695.1346135030237, 1724.9374221177825, 1753.7371468150584, 1782.134977419934, 1800.3913021612545]","[4.1800938, 4.176156, 4.173203, 4.1711159, 4.1693835, 4.1679263, 4.1668634, 4.1658397, 4.1649337, 4.1640677, 4.1633983, 4.1627288, 4.1620593, 4.1615477]",2906.85047833876
281,0.5,1,45,"[0.0, 33.51676020798675, 68.77427068528482, 104.04795441347869, 137.64066502474668, 171.1383968749941, 207.3516647403527, 245.1822326832014, 285.688975534007, 334.5199090126258, 388.1774492865219, 440.7801860775555, 490.67666069237475, 537.9603582997087, 582.4907787604994, 625.4067772550491, 667.0786483141037, 707.3098900320056, 748.1109430165195, 787.3530712718259, 825.8782867504947, 862.1993565335979, 898.0005165145346, 931.6871360639232, 965.2367764132223, 998.909218520417, 1031.7672817807497, 1064.4968560102104, 1098.031403696889, 1132.1853166617368, 1166.21952839799, 1201.2512320822445, 1234.6824801777145, 1271.8506677479493, 1311.3973872385538, 1349.6040916698776, 1388.3833444554562, 1427.9614287179586, 1466.9764065938318, 1505.8626070742775, 1543.123069145153, 1579.23172062241, 1613.9246308466625, 1646.206203547939, 1677.9506118101413, 1708.6311897917249, 1738.1701596537373, 1766.9982659905636, 1795.5435553846996, 1814.796371567857]","[4.179975499999999, 4.1760774, 4.1731634, 4.1711159, 4.1694226, 4.1678872, 4.1666269, 4.1656427, 4.1648159, 4.1639891, 4.16328, 4.1624928, 4.161980600000001, 4.161350700000001]",2905.751737411294
282,0.5,1,45,"[0.0, 32.96473340191062, 68.18816741566934, 103.66041472798469, 137.22938121686485, 170.8867756189813, 206.3464842893316, 244.61861597996273, 285.8986956133329, 334.4708789691006, 387.84729890925706, 440.1277758555047, 489.69475319512406, 536.9836593432453, 581.8175131375899, 624.6564636645774, 665.9240024356895, 706.6639242323104, 747.0316102088693, 786.7633734343224, 824.9991035407854, 861.7366721278333, 897.1711145024135, 931.3749313421158, 965.0098851148723, 997.8891490822182, 1030.7632709982913, 1063.859418609975, 1097.3352850594954, 1130.9919410560333, 1164.826550457738, 1200.6438923378585, 1236.3685039702837, 1272.7360768198344, 1309.7706827430577, 1348.6818073569548, 1387.530613970798, 1426.90411329319, 1466.1916957118046, 1504.8705791149696, 1542.280171862794, 1578.4992807846927, 1612.4336255005967, 1645.3998800663942, 1677.0745212058162, 1707.7909886481068, 1737.426118915908, 1766.3642885804904, 1794.6893028320994, 1815.5149555862097]","[4.1800547, 4.1760383, 4.1730847, 4.1711159, 4.1692653, 4.1678085, 4.1667056, 4.1656427, 4.1646581, 4.1637526, 4.1633983, 4.1625714, 4.1618624, 4.1613898]",2904.9317017755825
283,0.5,1,45,"[0.0, 31.046206552905403, 67.24169671482832, 102.31027998122931, 135.79151926440795, 169.44644500625873, 205.09709254865015, 243.51566115572848, 283.96001912711085, 332.90208636980685, 386.37331675241023, 438.3321512781671, 488.0058692818799, 535.1155143835687, 579.5888498171407, 622.6649634369579, 664.2399959934752, 705.2118357675118, 744.9614149436337, 785.4337820257459, 823.2190538609008, 859.9582532095986, 895.2512946943556, 929.2669179566375, 962.7517833222138, 996.1242976516236, 1029.2463833150005, 1062.3807210709087, 1095.5568978684478, 1129.1332718191566, 1163.4231711742814, 1198.5991455074695, 1233.9840163547128, 1271.1349860999994, 1308.0789952892478, 1346.7812042388991, 1385.967364631782, 1425.4126571108582, 1464.286031335976, 1502.9945675141435, 1540.4991465833996, 1576.5606995617895, 1610.775835459472, 1643.858207837004, 1675.5482592223425, 1706.1104169950881, 1735.804109002544, 1764.627876050497, 1792.9653603479392, 1814.4950954275173]","[4.179975499999999, 4.1759987, 4.1731634, 4.171037200000001, 4.169343899999999, 4.1678476, 4.1666665, 4.1655641, 4.1646581, 4.1638708, 4.1632013, 4.1624532, 4.161980600000001, 4.161350700000001]",2904.03056072347
284,0.5,1,45,"[0.0, 31.56374596044685, 67.13699587138439, 102.53811608421358, 135.8443880080349, 169.4648425035158, 204.75729525878307, 242.82363139156018, 283.7672262354158, 332.9266609493419, 386.1471635625667, 437.60081410220334, 487.283067097321, 534.5934633007543, 579.7312282764884, 622.4130497864899, 663.7307558144837, 704.648962290129, 744.876198312794, 784.331433616471, 822.9266055345176, 859.3889080409722, 895.0538081518857, 928.6711301641872, 962.2410574460914, 995.7529436807622, 1029.0368251509872, 1061.9125513497283, 1095.1160706868839, 1128.3528349215242, 1163.2242164532327, 1197.7916871188315, 1233.5786950269776, 1270.0427360501333, 1308.0124967073548, 1346.1576441845962, 1385.6357879740824, 1424.5949613584733, 1463.8320713299975, 1502.3032111481934, 1539.9882304777898, 1576.0859701427823, 1610.0289651322437, 1643.1441887814606, 1674.9809911378532, 1705.5070521033429, 1735.259173273502, 1764.0774324439637, 1792.600695148851, 1812.9941518094217]","[4.1798182, 4.1759591, 4.1729274, 4.1708798, 4.169068299999999, 4.1677294, 4.166587799999999, 4.1654854, 4.1645794, 4.1637526, 4.1630044, 4.1622958, 4.1617446000000005, 4.161272]",2902.7789120973057
285,0.5,1,45,"[0.0, 31.75095680976966, 67.23523893423845, 102.33166204934867, 135.90699434767612, 169.46547959958525, 205.18292633182193, 243.049139059734, 283.8272977179953, 332.2176677642226, 386.082450427969, 438.0602207891992, 487.8404453959664, 535.011622842834, 579.4825327704938, 622.6677879364836, 664.1921349866834, 704.5178564850296, 745.2542851242317, 784.9799014596524, 822.6212835772062, 859.7774932875441, 894.9109238259293, 928.7823421277067, 962.6384841725994, 995.8075306752698, 1028.9233242678417, 1062.4016764384987, 1095.3513675179272, 1129.2890298918944, 1163.4662983550102, 1198.0316916541183, 1234.0717229386594, 1270.586469833662, 1307.8949363463223, 1346.401196774345, 1385.2412921726977, 1424.8396585647058, 1463.9194068435056, 1502.4789130592458, 1539.838301423742, 1576.0206995302165, 1610.59864542674, 1643.6761636756478, 1675.0768463077625, 1705.5721120413796, 1735.3912086801238, 1764.2115345581974, 1792.5994415075365, 1814.5010831728782]","[4.1798577, 4.1756835, 4.1729274, 4.1707616000000005, 4.1691866, 4.1676507, 4.1665483, 4.1654458, 4.164619, 4.1636739, 4.1629648, 4.1622167, 4.1617446000000005, 4.1610355000000006]",2902.207063572047
286,0.5,1,45,"[0.0, 32.77615275924995, 67.85700337466596, 103.17986228261145, 136.72973067982412, 170.46023903373225, 205.76084168897148, 244.22153477712516, 284.72914749878703, 332.9499889085231, 386.52615680909923, 439.26604957541645, 488.2248192055491, 535.4240061047733, 580.620738514045, 623.2418880565405, 665.1715503221002, 705.5940944541675, 745.6586184612366, 785.7853360078865, 823.9044554662959, 860.3609673829136, 895.7203824241693, 930.2280646087112, 963.6120764877825, 996.4624920629188, 1029.3794279890735, 1062.2223735412517, 1095.8433573167645, 1129.767129696982, 1163.6974105151348, 1198.7967229739734, 1234.6391345394936, 1270.9175844567603, 1308.4764586548813, 1344.0681239221208, 1387.0081472515444, 1426.048788957271, 1464.7753657605012, 1503.1093901283466, 1540.4344786181878, 1576.7088161396568, 1610.553122351083, 1643.5751073305855, 1675.4626173283114, 1705.9123639055451, 1735.5175112340617, 1764.423812913512, 1792.8247807819394, 1813.5552269262012]","[4.1798577, 4.1758804, 4.1730061, 4.1708798, 4.1691866, 4.167769, 4.1664696, 4.1655245, 4.164619, 4.1637526, 4.1630044, 4.1624928, 4.1617446000000005, 4.1611142]",2901.713473129072
287,0.5,1,45,"[0.0, 30.835422518237237, 66.1818387977969, 101.24292166594324, 134.740775430704, 168.20883450981938, 204.00559721794758, 242.34259073522907, 283.0498133227159, 331.4043222365934, 384.7271336656643, 437.1911109155647, 486.61617343602944, 533.7023861676632, 578.7138676170998, 621.6041593392019, 662.8146165719013, 703.5796300951913, 743.7451404736169, 783.2739637931536, 821.8062951158631, 858.7887019842626, 893.9003019442875, 927.8311351670409, 961.240479124782, 994.5357336245515, 1027.5164065108418, 1060.3074572276919, 1093.7761794792518, 1127.799780381121, 1162.2811312051344, 1196.9478219762734, 1232.3386557638355, 1268.864742934149, 1306.623606642128, 1345.0134768050164, 1383.9164295098767, 1423.5443163072503, 1462.6826366153023, 1501.1028338910025, 1538.2782120375311, 1574.1293367452295, 1608.546654200591, 1641.4281432657938, 1673.2840703636882, 1703.7868491737106, 1733.32774865749, 1762.334182436725, 1790.5871974943109, 1813.6762359346505]","[4.179779099999999, 4.1756444, 4.1728878, 4.1708012000000005, 4.1692257, 4.1676507, 4.1663513, 4.1654062000000005, 4.164382499999999, 4.163713, 4.1627684, 4.162256200000001, 4.1616263, 4.1611142]",2900.865783792861
288,0.5,1,45,"[0.0, 30.265321325735044, 65.29491115532232, 100.99345465529916, 134.720744781117, 168.547817924563, 203.7499582292338, 241.75746208833812, 282.6220682372592, 331.0052558947732, 384.2033982224614, 436.8224918442087, 486.10972853246346, 533.1665194017859, 578.1661366428627, 620.9048985929655, 662.1311923681035, 703.0895362912083, 743.8869280711472, 782.8602422047688, 821.0976422132107, 857.8556011485291, 893.1895026308778, 927.2895544431744, 960.8835129052036, 994.2149627055126, 1026.658948954315, 1059.701857901321, 1092.7623921332515, 1126.8606721634123, 1160.7523415167545, 1195.9773631342384, 1231.6500283567404, 1268.3233598758577, 1306.1757237072225, 1343.7227328793472, 1383.2830949428524, 1422.3714996056883, 1461.5433791361497, 1500.226320743606, 1537.6253753847955, 1573.5741588105375, 1607.6117217101926, 1640.5793035860831, 1672.2774690443891, 1702.8492239705022, 1732.547010682854, 1761.3454109239449, 1789.785030456215, 1813.3339558208556]","[4.1798968, 4.1758804, 4.1729274, 4.1708403, 4.1689897, 4.1676507, 4.1663513, 4.1654458, 4.164619, 4.1637526, 4.162925700000001, 4.1622958, 4.1617446000000005, 4.1611538]",2900.293361553142
289,0.5,1,45,"[0.0, 29.607329766631665, 65.04209949046776, 100.20005050116669, 133.7652707108428, 167.59487855210813, 202.74448377211576, 240.7880688973051, 281.38203206798977, 329.9686687492737, 383.3752078911826, 435.24547108190797, 484.9392392800708, 532.0147807073138, 577.0041825678561, 620.1983752425758, 661.4374968322452, 701.6187751913985, 742.6663847718994, 782.1611137654575, 820.1740377801891, 856.8876040960197, 892.1766824847557, 926.2022438898223, 960.1674222649906, 993.0848244634772, 1025.8256651410168, 1058.7160144823317, 1092.03604927586, 1125.7633847415143, 1160.4318418252806, 1194.566233839479, 1230.6457653513967, 1267.106888214829, 1304.5291826113112, 1342.9763545135008, 1381.8798578783596, 1421.127328831084, 1460.524380694892, 1498.7852710796053, 1536.1773790633556, 1572.5941473253085, 1606.8919565431115, 1639.678449424433, 1671.3752411762694, 1701.9306273964226, 1731.5341839274975, 1760.3892133870413, 1788.7352935123786, 1813.3580940220136]","[4.1795821, 4.1756835, 4.1730061, 4.1709189, 4.169068299999999, 4.1676507, 4.1663513, 4.1652884, 4.164422, 4.1637526, 4.1630831, 4.162256200000001, 4.161705, 4.1610355000000006]",2900.03067265557
290,0.5,1,45,"[0.0, 32.46610154573409, 67.86508607061461, 102.75432787348893, 136.58333314027948, 170.031063675444, 205.7938364992026, 243.5290571203791, 284.3058830503653, 332.77659680500267, 385.92435180213613, 438.7713981792623, 488.24652451361146, 535.1361166631598, 579.7141944038718, 622.8771684202167, 663.7408472110579, 704.3220800130877, 744.6209228504146, 784.6843448657631, 822.4659796548716, 859.1204034279596, 894.2343250575894, 928.6953628147954, 961.9644670148576, 995.2447919940247, 1028.1726416183174, 1060.9685342008524, 1094.4985244970803, 1128.0236583367582, 1162.4536925313105, 1197.4776072647005, 1232.6260625482182, 1269.1991698620209, 1306.889370960048, 1345.1209587141366, 1384.0934750129795, 1422.9834177816888, 1462.9981423818722, 1501.5687573219593, 1538.6308775776633, 1574.7002675697559, 1608.9226416121078, 1641.8526068217811, 1673.6831350552916, 1704.1661628533302, 1733.7628051597321, 1762.6855358936568, 1791.0208066422233, 1814.8090499144837]","[4.179503, 4.1755657, 4.1726909, 4.170564700000001, 4.1688323, 4.167336, 4.166194, 4.1652489, 4.1642251, 4.163437399999999, 4.1626501000000005, 4.161980600000001, 4.161350700000001, 4.1608782]",2898.730539825168
291,0.5,1,45,"[0.0, 28.003440830910733, 63.41972695154351, 98.65285959629864, 132.7598989176821, 166.16125991533602, 201.3599831274654, 239.2717983875482, 279.775388216538, 327.80458573049464, 381.640033135394, 434.0741584692694, 483.363368217671, 530.3141915993834, 575.0926605044418, 618.1874534289484, 659.4691242186111, 699.8585324156311, 740.422737965936, 780.2313539784755, 817.857252715243, 854.8451655163774, 890.2494335731808, 924.1975196883511, 957.6470364900742, 990.905733030264, 1023.6254090872642, 1056.9094425485007, 1090.1867336944063, 1123.9493820501768, 1157.847917992419, 1193.0070418272637, 1228.3863223295248, 1264.935518018154, 1302.5676017322132, 1340.6504529752924, 1379.4635110788095, 1419.029603504641, 1458.4607716552423, 1497.1982680265335, 1534.1366719753203, 1569.8940656662635, 1604.7414770912073, 1637.279610320116, 1669.2788231192214, 1699.6759037096788, 1729.3293479104202, 1758.2620818291036, 1786.6382768894957, 1813.007169249743]","[4.1798577, 4.1756444, 4.17277, 4.1706433, 4.1689501, 4.1674538, 4.1662335, 4.1651702, 4.164382499999999, 4.1634769, 4.1626892, 4.162138, 4.161469, 4.1609964]",2898.024525023465
292,0.5,1,45,"[0.0, 28.769715252088645, 64.43592513877002, 99.26728051335812, 132.98082057456276, 166.70349097275385, 202.05231079766855, 240.16110016077943, 280.7487277480521, 328.8896659961824, 382.0070088803597, 434.46789820383304, 484.27001481932774, 530.8747049856618, 576.0014753581631, 618.7622556592833, 660.2301925438649, 700.6489396577463, 741.2633939845521, 780.3466943495273, 818.7734326852685, 855.2310120367995, 890.9925574636773, 925.0947491134891, 958.300415583325, 991.5509586849075, 1024.5938506765995, 1057.3669242517565, 1090.4620932618163, 1124.566694479601, 1159.0070432497425, 1193.7048699254608, 1229.5582650487174, 1265.5288832251902, 1303.133877445203, 1341.4865562546217, 1380.3429269845715, 1420.191103279289, 1458.9154511177844, 1497.2825500236784, 1534.9989702072803, 1570.8935754780173, 1605.4663602253531, 1637.9418182149852, 1669.943533756385, 1700.4377711477305, 1730.1396774436976, 1758.927020527845, 1787.4606983252716, 1813.1159759611674]","[4.1796212, 4.1756048, 4.1728878, 4.1706042000000005, 4.1689501, 4.1674538, 4.1663122, 4.1651702, 4.1642251, 4.163437399999999, 4.1625714, 4.161980600000001, 4.1615081, 4.1608782]",2896.772302478706
293,0.5,1,45,"[0.0, 27.890023061124907, 63.20355402840107, 98.53541708038642, 131.87839471619304, 165.49500723628285, 200.85743005653035, 238.938417079513, 279.68155517912237, 327.1314201768588, 380.53801544092573, 433.1846406303505, 482.6003109824445, 529.7881394803967, 574.2580436044451, 616.8709430670543, 658.1217184161397, 699.1890520099174, 739.5685186170357, 778.7091079529429, 817.1814736371447, 853.957753425307, 889.2115632140948, 923.1709817992197, 956.8087166494794, 990.3394027869098, 1022.8377474083335, 1055.5895822967923, 1088.7082558851375, 1122.3738908295095, 1157.0128114096656, 1191.5857187436204, 1227.418960682788, 1264.1467676586662, 1301.4181649270845, 1339.7531147560262, 1378.277823817707, 1417.8911347044536, 1456.7655613579932, 1495.240321235423, 1533.1113996786366, 1569.002122887815, 1603.1918319352317, 1636.055350367019, 1667.7258430900265, 1698.480870684174, 1728.1179943306288, 1756.9500604727436, 1785.4064619396017, 1812.8145781518538]","[4.179699899999999, 4.1756444, 4.1726909, 4.1704464, 4.1689897, 4.1672177, 4.1661544, 4.1651306, 4.1641068, 4.1635165, 4.1626105, 4.161902, 4.1613898, 4.1608386]",2895.823402879232
294,0.5,1,45,"[0.0, 26.789028830191796, 61.93908082080742, 97.31075622623433, 131.30997870312234, 164.43918770811882, 199.9631507242347, 237.83633649880352, 278.1407008231475, 326.3415538460411, 379.38967422124773, 431.59716931089673, 481.1906544528585, 528.0506314816557, 573.1664482981137, 615.5231373459856, 657.0719404814624, 697.9343547109274, 737.7735993374752, 777.7569675816733, 815.9407436948777, 852.6852747151015, 887.7404189355864, 922.0079270850415, 955.3525334571104, 989.1414814022137, 1021.54716486436, 1054.559936076509, 1087.6100595740422, 1121.5037903342347, 1155.6402497105323, 1190.7309418006628, 1226.137174085465, 1262.5851635298732, 1299.879759195556, 1338.2178885908359, 1377.4316443459547, 1416.6700230683991, 1455.7618669071628, 1494.0301792253172, 1531.5433099536774, 1567.7602150514786, 1602.1142194189022, 1634.7481750543961, 1666.4531113342973, 1697.31239150814, 1726.7762757464907, 1755.5316242219287, 1783.9769234776913, 1800.9820393223058]","[4.1795821, 4.1755261, 4.1727304, 4.170564700000001, 4.1688714, 4.167336, 4.166194, 4.1649733, 4.1641855, 4.1633196, 4.1626105, 4.1620593, 4.1614294, 4.1608386]",2895.001806694742
295,0.5,1,45,"[0.0, 25.162324410741917, 60.65209674186116, 95.86332735035404, 129.5663558712203, 162.8322643921337, 198.79427688629113, 236.40133294312812, 276.9722663661036, 324.74304176425056, 377.9555266822894, 430.3541288608753, 479.7669448668509, 526.8830762649336, 571.4210071103628, 614.3566367317962, 655.628406803166, 695.9609543481934, 736.5246598888398, 776.0523389583188, 813.9495975399884, 850.7393136448934, 885.696281612001, 920.4870847564544, 953.9137073206289, 986.7239251505778, 1019.5933947210269, 1052.576199849478, 1086.3229796704704, 1119.6610537364913, 1153.8922324356656, 1188.6682457049892, 1224.317348183789, 1260.7686608666932, 1298.5127222001902, 1336.6537995445744, 1375.4337561960276, 1414.5500444182956, 1453.8752789275677, 1492.1377422399348, 1529.3187248650327, 1565.688722850098, 1599.6228970837137, 1632.9707700022702, 1664.6832556487618, 1695.2087493993502, 1724.7921899869696, 1753.538454975618, 1782.0464140121674, 1801.2373485488545]","[4.1795821, 4.1754866, 4.17277, 4.1706433, 4.1688323, 4.1673751, 4.1661544, 4.1651702, 4.1641855, 4.1634769, 4.1626892, 4.1619411, 4.161350700000001, 4.1607208]",2894.596504026015
296,0.5,1,45,"[0.0, 25.249711367022314, 60.75418688494261, 96.10868246289925, 129.93661458944126, 163.20266913335325, 198.42577796976383, 236.2203122018787, 277.28153677137567, 324.3648217443835, 378.3772592474946, 430.20446155656015, 479.48753619814323, 526.4089310377988, 571.1389770462738, 614.3174635659002, 655.3478133880014, 696.01893466106, 736.3945731316351, 775.7457066231441, 813.4426570049288, 850.9146077514074, 886.3194175951189, 920.2487028464429, 953.7283567059901, 986.5562167195119, 1019.2895943191318, 1052.6456547007278, 1085.4688915343286, 1119.6096123822717, 1153.777976161407, 1188.3916960248853, 1224.192601061471, 1260.7531589086423, 1297.9521489836418, 1336.0411849145833, 1375.3665776976422, 1414.579121153, 1454.1526990587977, 1492.3386745901719, 1529.7860677266633, 1565.6632411714797, 1599.8599054252343, 1632.979227978478, 1664.704141726739, 1695.1040253194872, 1725.047203649193, 1753.7943663431072, 1782.117835263375, 1799.885438657566]","[4.1793065, 4.1754866, 4.1725731, 4.1705256, 4.168714, 4.1671391, 4.1660366, 4.1649337, 4.1640282, 4.1630831, 4.1623745, 4.1617837, 4.161272, 4.1605239]",2893.377294379069
297,0.5,1,45,"[0.0, 25.55287274427269, 60.80034407930236, 96.31318028964716, 130.21198408511128, 163.49666627237804, 198.7998125986399, 236.51140283978333, 277.4445622553598, 324.6895398506801, 377.84966043329933, 430.2421802028245, 479.49029945489696, 526.9539262926914, 571.190395453588, 613.8251335193295, 655.3871080228182, 695.6312123800055, 736.6308700235231, 775.5940752593754, 813.8441380422162, 850.6314432814788, 886.1123810767199, 919.779801343173, 953.695317140644, 986.2324402479803, 1019.4903143695401, 1052.4477994253384, 1085.5430719065666, 1119.0098154503594, 1153.7179274422456, 1188.3226379291295, 1223.8565105163498, 1260.4630214716058, 1297.8987876557687, 1336.071819954031, 1375.1657283772158, 1414.660271343149, 1453.1321495313782, 1492.1071671915347, 1529.2876406625587, 1565.5050510757903, 1599.4505328053667, 1632.6036827240514, 1664.2683753704969, 1694.9459169911502, 1724.6823996895123, 1753.403433588027, 1781.721163979786, 1799.035910731472]","[4.179503, 4.175368799999999, 4.1726122000000005, 4.170486, 4.168714, 4.1672964, 4.1661153, 4.1650128, 4.1639099, 4.1633196, 4.162531899999999, 4.1618233, 4.1612325, 4.1607995]",2892.456492078722
298,0.5,1,45,"[0.0, 23.951287016778963, 59.37858976473831, 94.5030958423992, 128.64759752969184, 161.27050021207305, 197.0598169900456, 234.87370712729984, 275.0734596904611, 322.5083279486668, 376.0490653041965, 428.3394180053688, 477.6951582905736, 524.8230708650676, 569.543903745463, 612.6634405236255, 653.7918401382692, 694.072255017652, 734.5702185919301, 774.460045925586, 812.4935830744919, 849.0670510319108, 884.2885575545524, 918.6058940333062, 951.9556063521522, 984.9059084577352, 1017.8931094585746, 1051.0554220844583, 1084.1550904351516, 1117.732002539195, 1152.0986022037396, 1186.88929520594, 1222.3370093018648, 1258.9082984200156, 1296.3395089647447, 1334.300050222587, 1373.3321069417818, 1412.6045258843953, 1452.0720715098219, 1490.505857984407, 1527.5731282423487, 1563.9323430519833, 1598.3770633203078, 1630.924463802232, 1662.7243726901916, 1693.4420270479, 1722.8035346187698, 1751.8928127205113, 1780.0810327314503, 1801.2932889050298]","[4.179503, 4.1753292, 4.1724939, 4.1705256, 4.1686354, 4.1672177, 4.165957499999999, 4.1650128, 4.1639495, 4.1631227, 4.1623745, 4.161705, 4.1610355000000006, 4.160681200000001]",2891.496047979871
299,0.5,1,45,"[0.0, 25.275614156327038, 60.79964519402898, 95.22376376553223, 129.22328584785862, 162.4516834970675, 198.1920446824522, 236.0323744561831, 275.8155000216382, 323.96461460448086, 377.0636507800016, 429.34799627328414, 478.60815344129276, 525.6318681004524, 570.376208966639, 613.4799267845195, 654.515331026685, 695.3928220449192, 735.0589675225862, 775.0458502630621, 813.1280793759075, 849.6529436903162, 884.9618734510319, 919.1567737846418, 952.8492885588252, 985.8628851389818, 1019.0488706933064, 1051.7839300872906, 1084.8778789794915, 1117.9370533127385, 1152.9564597822978, 1187.762131222586, 1223.2277797435058, 1259.4339777240648, 1296.9171769416607, 1335.033501964559, 1373.8903203177629, 1413.3841156416793, 1452.2352706677916, 1490.6106031877157, 1528.2725356662859, 1564.1983823267537, 1598.715840274378, 1631.5116254643026, 1663.1501913049296, 1693.6607671920792, 1723.4279232843933, 1752.128593619042, 1780.432084965867, 1799.3333219713004]","[4.179424299999999, 4.175368799999999, 4.1725731, 4.1705256, 4.1686745, 4.1672177, 4.165997, 4.1650128, 4.1640282, 4.163161799999999, 4.162531899999999, 4.1617837, 4.161272, 4.1606417]",2890.893585073239
300,0.5,1,45,"[0.0, 22.337780034353614, 57.394793127292246, 92.73812568894118, 126.75984872964273, 160.15302146369936, 195.3512163238106, 233.00534220470524, 274.08805432874817, 321.1281963626569, 374.48297222278416, 426.3904806361803, 475.91447415453354, 522.9857044103907, 567.2651965602229, 610.5205417757664, 651.4679601746367, 692.0177811432601, 732.3331910191627, 772.2818900194774, 810.1649188863383, 846.6315651286092, 882.2075651695249, 916.4436526984051, 949.8235219708173, 982.8178294151234, 1015.3932094011251, 1048.32514021801, 1081.7228361922475, 1115.116618711941, 1149.8438147396678, 1184.4142825523459, 1219.8567953377778, 1256.3348885734226, 1293.7346612240244, 1331.8039195985089, 1370.9078984624348, 1410.1735824419306, 1449.5986703454018, 1487.8923530721454, 1525.103390817174, 1561.3979370930365, 1595.7351969788406, 1628.2267592197127, 1660.174722347078, 1690.715673920458, 1720.2601759980716, 1749.0655924917032, 1777.4060487042702, 1798.9736851466214]","[4.179463899999999, 4.1755261, 4.1725335, 4.1705256, 4.1686354, 4.167257299999999, 4.1660757, 4.1649337, 4.1639891, 4.1631227, 4.1624532, 4.1618624, 4.1611538, 4.1606417]",2890.1082662321
301,0.5,1,45,"[0.0, 22.329785267124635, 58.018245832971786, 93.00905848716758, 126.52949047531064, 159.7840511630664, 195.67722372423287, 233.00861912079614, 273.83125097786916, 321.35797534461614, 374.065094333619, 426.6118706796189, 475.84112899406335, 522.9102591803105, 567.7444726841873, 610.260444534194, 651.5937892414897, 692.0894950079748, 732.3514648898135, 771.3788921751875, 809.7477089295144, 846.1620172446869, 881.6274561469156, 916.0854051950948, 949.3954347119093, 982.3276450518686, 1015.2301581070853, 1048.2078143514134, 1081.5133250752456, 1115.3189029459213, 1149.2801563368087, 1184.203875461395, 1219.743069998608, 1256.1245666799207, 1293.4260360737642, 1331.3455708013735, 1370.4927391714318, 1409.6419491240695, 1449.006907413876, 1487.045961299361, 1524.484224702827, 1560.6441224989755, 1594.7600891503068, 1627.6692944208291, 1659.494726488637, 1690.0188316894694, 1719.5777071461364, 1748.4239776893817, 1776.8602664423108, 1799.2627111862519]","[4.179424299999999, 4.1753292, 4.1724548, 4.1702104, 4.1684775, 4.1670604, 4.1658001, 4.1647372, 4.1638708, 4.1631227, 4.1622958, 4.1616263, 4.1609964, 4.160405600000001]",2889.133965650632
302,0.5,1,45,"[0.0, 21.889980918960873, 57.48774093898078, 92.80686946095238, 126.52770948168768, 160.17847409503054, 195.47684644448577, 232.89501175503676, 273.3807316323041, 320.5117068685515, 374.0393962206988, 426.12888428295855, 475.5035332447411, 522.3363909073202, 567.1643873920037, 610.0153013808585, 651.1961391167547, 691.785647636937, 731.7718156523251, 771.2450563464877, 809.6045432719488, 846.2366589813655, 881.5962259844985, 915.8928461602254, 949.2240578611829, 982.1134517851619, 1014.9229545231365, 1048.055709540128, 1081.3656090324966, 1114.8657240096695, 1149.5536647610202, 1184.129259250627, 1219.2684316784353, 1256.0167957723381, 1293.3400183729632, 1331.18078725872, 1369.9170897145545, 1409.1340170720964, 1448.184262788892, 1486.9782156284869, 1524.3428529134642, 1560.2700735747314, 1594.4403213412604, 1627.1947453388125, 1659.1425309733295, 1689.6777423987933, 1719.1599093293235, 1747.9380380855127, 1776.3310779165945, 1800.6712632569038]","[4.179424299999999, 4.1754866, 4.1725335, 4.1704073, 4.1685958, 4.1672177, 4.165957499999999, 4.164855, 4.1639495, 4.163161799999999, 4.1623349, 4.161902, 4.1610355000000006, 4.1604843]",2888.449053398976
303,0.5,1,45,"[0.0, 20.866175082253505, 56.18805358889165, 91.54570392928844, 125.58088738723319, 159.12679619168347, 193.85789156475943, 231.91690410220684, 271.94858288714425, 319.18291820691667, 372.90436902261246, 424.6325389317124, 474.4957487713381, 521.1888974856772, 565.9065276199462, 608.5155773307144, 649.8600801958457, 690.1317696774574, 730.0234424589623, 769.8454096216358, 808.1285403494537, 844.9310346184814, 880.3033473497214, 914.3839543947643, 947.7679090678143, 980.9959256572972, 1013.6946232233261, 1046.932475139928, 1079.8507364136892, 1113.4255269817852, 1147.803895259021, 1182.4182130531499, 1217.8859593178122, 1254.1718270510587, 1291.4974175097464, 1329.9226638634873, 1368.8976585775881, 1407.2967284436065, 1446.5186022430132, 1485.4115375747033, 1522.2865299252444, 1558.4150503327178, 1592.4228600016993, 1625.572396237627, 1657.0835815199866, 1687.6219469206317, 1717.364054772806, 1746.0705531167255, 1774.5469997319542, 1799.095330953708]","[4.1795425, 4.1752901, 4.1725335, 4.1702104, 4.1685567, 4.1671782, 4.1658001, 4.1648946, 4.1637921, 4.1630831, 4.1623745, 4.161586799999999, 4.1609964, 4.160327]",2887.559681477865
304,0.5,1,45,"[0.0, 22.216957832203946, 57.51422974015554, 92.890848670877, 126.38341270880375, 160.07295039372394, 195.20911167700427, 232.94489800187472, 272.8373081285925, 320.771627211562, 373.5598827431226, 425.6378171134332, 475.3891019020195, 521.7944873635904, 566.3530792888573, 609.3538936146929, 650.4010872439246, 691.066796990177, 731.3288272766438, 770.8818891122726, 808.7047580904707, 845.638402015617, 880.7548094698468, 915.2885946435879, 948.3006389314426, 981.4998609840673, 1014.0075320917031, 1047.371840304902, 1080.3091363336744, 1114.0434171455277, 1148.1741438851718, 1182.3171138515106, 1218.10348131116, 1254.7600120411464, 1292.0931062358477, 1330.023471220776, 1368.5338341551235, 1408.0742872777364, 1446.964932334896, 1485.6068247984824, 1522.6688248952444, 1558.7827145577105, 1592.733704760348, 1625.7219823992523, 1657.5269608785657, 1688.1000873025641, 1717.6929818263511, 1746.491984008152, 1774.8095626672607, 1799.670844093559]","[4.1793456, 4.1753292, 4.1724153, 4.1703286, 4.1685958, 4.1670995, 4.1658788, 4.1649337, 4.1637921, 4.1630044, 4.1622167, 4.1615477, 4.1610355000000006, 4.160563]",2886.965987769098
305,0.5,1,45,"[0.0, 20.172531417579364, 55.56117973216823, 91.10154450774621, 124.63609421828232, 157.9735008115647, 193.36533249455726, 231.10464363589597, 271.21434856374685, 318.0132492799579, 371.3397518991437, 423.2999408188206, 473.0646508092731, 519.9879407909274, 565.2680735779585, 607.5996280626098, 648.7013054184413, 689.087948455402, 729.0502981760419, 768.0719106135634, 806.419391457114, 843.3211594496868, 878.768554961169, 912.9213594011467, 946.5554372684687, 979.4702471415569, 1012.1587734187679, 1045.1604721641095, 1078.2915681384563, 1111.9561521075914, 1145.6554051712371, 1181.0218770800768, 1216.0171588790265, 1252.4308431625702, 1289.7214981200177, 1327.6868046983998, 1366.9025575613796, 1406.0788923403043, 1444.9514760472805, 1483.1534350317338, 1520.7393374986536, 1556.831275088864, 1591.0757589384505, 1623.7287777514982, 1655.5166558109283, 1685.9765796522759, 1715.6628504904136, 1744.5311503894175, 1772.8065170157836, 1799.2021285249155]","[4.1793065, 4.175211, 4.1724153, 4.1703286, 4.1685567, 4.1672177, 4.165761, 4.1648159, 4.1638708, 4.1630044, 4.162256200000001, 4.161469, 4.1608782, 4.160327]",2886.463116259765
308,0.5,1,45,"[0.0, 32.55327605743787, 67.8479208109963, 103.35931383791848, 136.94068697257325, 170.2410150366248, 205.3925088399123, 243.27853969423717, 283.712018340558, 330.61577927442437, 383.36297480685636, 436.16423042704326, 485.10057938005883, 532.4354581798605, 577.4176903594771, 619.749157895146, 660.7983572209796, 701.6727596203989, 741.9037788376384, 780.8725816869717, 819.1388578499595, 856.0105842522889, 891.3417932372022, 925.1578146315276, 958.7859543420052, 991.7320382632629, 1024.8743816879194, 1057.8470086836776, 1090.9638002428244, 1124.653885235971, 1158.464020817373, 1192.96080889494, 1228.9092558146908, 1265.0647593931421, 1302.1402276884137, 1340.4709063660398, 1379.170715114349, 1418.4627014356652, 1457.3721594327778, 1495.7363366508766, 1532.8115960498023, 1568.9542388833165, 1603.5876958283022, 1636.3601949482365, 1667.9903836964534, 1698.5334625822072, 1728.0397360517834, 1756.7243616407748, 1785.3249795698496, 1812.7080567344826]","[4.179227399999999, 4.1751719, 4.1723366, 4.170131700000001, 4.1683598, 4.1668634, 4.1656427, 4.164619, 4.1636343, 4.1628075, 4.1620593, 4.1612325, 4.1608782, 4.1601300000000005]",2884.216992219916
309,0.5,1,45,"[0.0, 30.13008854247414, 65.48538761710711, 101.21691874941797, 134.63464417688948, 168.101526049082, 203.05209263907471, 240.7580698059008, 281.23999453747723, 328.37038077784297, 381.2388681022648, 433.20824422110826, 482.7767431053215, 529.6148230113206, 574.6050420205222, 617.3029411319321, 658.2289328971599, 698.2343018087302, 738.8048077575295, 778.2796000151977, 816.3408415701429, 852.8923091808119, 888.2450471043562, 922.5705911459795, 955.8725161223929, 989.4309910756738, 1021.7339675950861, 1054.9344975153042, 1087.883551152302, 1121.727430516925, 1155.3714686012815, 1190.1630806520125, 1225.67475864794, 1261.7828634862565, 1299.1208981601835, 1337.2163370365315, 1376.2891668812165, 1415.2124920274307, 1454.2700449899132, 1492.5931464703556, 1529.8820462340616, 1565.5058335361832, 1600.3220003169959, 1633.0343789716328, 1664.765014555456, 1695.323712325932, 1724.7198088691473, 1753.7277677801428, 1782.136525784212, 1799.6852720904533]","[4.1792669, 4.1752505, 4.1724548, 4.170289, 4.168398900000001, 4.1668634, 4.1656032, 4.1645403, 4.1636739, 4.1626892, 4.162138, 4.161469, 4.1607599, 4.1602483]",2883.342036789009
310,0.5,1,45,"[0.0, 31.561051454391304, 66.78295447321932, 102.3233651569791, 135.86940757671232, 169.3963265852974, 204.131199088485, 241.7503892003117, 282.32097521909714, 328.83119823753714, 381.6372654252591, 433.91525707226276, 483.5436978139927, 530.2721842784633, 574.8400284016761, 617.7878089444407, 659.283979753604, 698.8647305507952, 739.3076017657454, 778.8524625980256, 817.6115029640741, 853.6877709455923, 888.858482547864, 923.3786437800668, 956.957472843118, 989.8437071751594, 1022.5529909218073, 1055.341480446944, 1088.7390419108067, 1122.1661833006287, 1156.218479835581, 1190.288647287564, 1225.7926276310502, 1262.4753011204073, 1299.7371395590947, 1337.9771475333496, 1376.5235178648984, 1415.5787699687107, 1454.96386593496, 1493.089166019314, 1530.4338257485615, 1566.0122619863896, 1600.7180791978762, 1633.4246221420885, 1665.3554697296945, 1695.733359677889, 1725.3549568038156, 1754.1396754836119, 1782.6333720594844, 1799.6509093614363]","[4.179109599999999, 4.1751719, 4.1721792, 4.170053, 4.1682415, 4.1667452, 4.1654458, 4.1643434, 4.1635165, 4.1627684, 4.161980600000001, 4.1611929, 4.1606417, 4.1600513]",2882.1483555933946
311,0.5,1,45,"[0.0, 31.232771423698694, 66.53661094422984, 101.96374244318082, 135.7460990931432, 168.905956332088, 204.18462354755042, 241.9000812564438, 281.8982927379588, 328.5947844990429, 381.6000275694898, 433.61276602845913, 482.89123279555446, 530.0448985507669, 574.6156814710671, 617.2672476752675, 658.7335182242543, 698.375139894001, 739.2993219145169, 778.0799592657952, 816.0956651483491, 852.7181536812375, 888.1255790337125, 922.5203096447617, 956.1103785182099, 989.0433735937936, 1021.7027745184587, 1054.4025868076444, 1087.4290952904482, 1120.8181021673777, 1155.3544782462736, 1190.0056165868932, 1225.2752219160832, 1261.566807150847, 1299.1841635138758, 1337.057823188396, 1376.1179773995675, 1415.2948167279383, 1453.8767279152673, 1492.2612011370456, 1529.3799865573046, 1565.5830405933496, 1599.4955608605255, 1632.5805237976867, 1664.3769905892143, 1695.0065700768084, 1724.4753027543272, 1753.3894750395946, 1781.650748576444, 1799.5086461564804]","[4.179109599999999, 4.1751719, 4.1722975, 4.170092100000001, 4.1683202, 4.1667056, 4.1655641, 4.1643434, 4.163713, 4.1628075, 4.1619411, 4.161311100000001, 4.160563, 4.1601691]",2881.412347648247
312,0.5,1,45,"[0.0, 30.79244112245908, 65.55120084550617, 100.98681649790478, 134.67349271546288, 168.1620416191222, 203.4290798032713, 240.7574058786007, 281.07858660889417, 327.76817617146446, 380.20585227111167, 433.40367186692515, 482.41124052222904, 528.7841482224361, 573.6273130717602, 616.5630258403397, 657.409250380536, 697.9532459403084, 737.9414351658933, 777.380179318678, 815.5595125581207, 852.1055980572825, 887.7605046537718, 921.9589820422306, 955.0780824780214, 987.8019549376282, 1020.923302085787, 1053.833275022611, 1087.0891756732199, 1120.5454752031042, 1154.772526156919, 1189.278476626293, 1224.8157299158433, 1261.081662613446, 1298.341176949486, 1335.9718263414584, 1375.0663640255834, 1414.0421269651974, 1453.024213579386, 1491.7772604578095, 1528.7960731102921, 1564.8694154483996, 1599.4778397264145, 1632.4809141955943, 1663.611482869659, 1694.3338459210026, 1724.0484950928421, 1752.7982407432933, 1781.054149992332, 1799.0309311013452]","[4.1791487, 4.1750536, 4.1722975, 4.1699739000000005, 4.1682415, 4.1669025, 4.1655245, 4.164619, 4.1635165, 4.1625714, 4.161902, 4.1612325, 4.1605239, 4.1600513]",2880.611704733207
313,0.5,1,45,"[0.0, 30.469021163364516, 65.67391810670603, 101.20979920518067, 135.09582165461967, 168.25092155613282, 203.071145881341, 240.7568981157694, 280.76743100298455, 327.61317024477574, 380.1906291320002, 432.831466531221, 481.6564126999817, 528.8110361503504, 573.289913670222, 615.8213245426139, 657.2676566260127, 697.8786089477057, 737.8775264153264, 777.0751612343656, 814.9598015118468, 851.9703673159361, 886.6973736204664, 921.4675490495049, 954.7667415876083, 988.4396906753091, 1020.7368334749694, 1053.4750835573143, 1086.4520957021848, 1120.5425343613272, 1154.4520779243985, 1188.9410343726286, 1224.3694436560945, 1260.4738885528857, 1298.0313029008846, 1336.1184621408786, 1374.6126118746208, 1414.0788749829899, 1452.522525652359, 1491.543777641128, 1528.2934240568613, 1564.7734852967756, 1598.9158613934878, 1631.8377734070177, 1663.3908758897924, 1693.9913277488863, 1723.6729272066455, 1752.406917220385, 1780.574021236991, 1799.134127999132]","[4.179227399999999, 4.1751323, 4.1722183, 4.170092100000001, 4.1682415, 4.1668239, 4.1654458, 4.164422, 4.163437399999999, 4.1626501000000005, 4.1618233, 4.161311100000001, 4.1607599, 4.1600513]",2879.789801863064
314,0.5,1,45,"[0.0, 30.766742256250893, 66.16632564519142, 101.12106504368586, 135.10302649507065, 169.02673436156107, 203.70450079215522, 241.40783054674813, 281.2146757621319, 327.7625692968223, 380.68453723196666, 432.27926379482705, 482.09104948657654, 528.8077295038722, 573.4376738921951, 616.2439585976185, 657.1744532682608, 698.0178286329983, 737.8723771973112, 777.418327579506, 815.3489857419554, 852.0347081239097, 887.2727636629465, 921.2809397565734, 954.7627986588072, 987.3748332618816, 1020.5330402877828, 1053.6020586332002, 1086.6977958713735, 1120.2380199484978, 1153.9246612712104, 1188.9085726927187, 1224.0605788540572, 1260.535193444764, 1297.4134652771875, 1335.950551715552, 1374.423995493976, 1413.7810253840555, 1452.2165803370076, 1491.0098150229371, 1528.0408045512343, 1564.3207247762562, 1598.5765397351108, 1631.646053262523, 1662.9952031728378, 1693.6149084600772, 1723.1238681438374, 1751.9383824668196, 1780.3118419769987, 1798.2525803455271]","[4.179069999999999, 4.1749749, 4.1722183, 4.1700134, 4.1680446, 4.1666665, 4.1654854, 4.1643038, 4.163437399999999, 4.1624136, 4.1617837, 4.1611929, 4.1604843, 4.1599331]",2878.711165563557
315,0.5,1,45,"[0.0, 30.80521320607204, 65.86604210228188, 101.23477911880417, 134.6058127294271, 168.5217520757347, 203.5029392311207, 241.0020168600309, 280.7394928071338, 327.2546761004572, 380.17953189830365, 432.4698938048619, 481.58363537779957, 528.5325358384991, 573.2817382202115, 616.1923006423522, 657.1047857900303, 697.3678323218176, 737.2519687821903, 776.9315867669311, 815.1260969959944, 851.4198021906845, 886.9454863086557, 920.955453853619, 954.7348239146561, 987.3118724820629, 1020.1038945142707, 1053.1116138370267, 1086.4278795673658, 1119.9134715222337, 1153.6707949654951, 1188.4428599817297, 1223.8701877106791, 1260.1021188723657, 1297.60465954166, 1335.6152675701098, 1374.2136314195393, 1413.3281447224604, 1451.5130763644509, 1490.5572854959255, 1527.8782731399212, 1563.8372075249258, 1597.8166068897312, 1630.790991358296, 1662.528188435035, 1693.1410626848885, 1722.8618750959865, 1751.5220805246474, 1779.8244175831735, 1799.509921044718]","[4.179069999999999, 4.1749749, 4.172061, 4.1697378, 4.1680841, 4.1666665, 4.1653671, 4.1643038, 4.1633587, 4.162531899999999, 4.161705, 4.161075100000001, 4.160405600000001, 4.1598935]",2877.968515958524
316,0.5,1,45,"[0.0, 28.893601743211093, 64.06818317866419, 99.37177651423775, 133.0220658895475, 166.54326186447867, 201.69392980955473, 238.8011127353014, 278.5910843827425, 325.3544456482477, 378.01630928128105, 430.1006330664558, 479.8206922921085, 526.5642005705076, 570.8228083999743, 613.4739198576833, 654.7143748614096, 695.2439088329775, 735.0515544456525, 774.7800983768132, 812.6787890726719, 849.2767024553145, 884.6542646751209, 918.8065269911804, 952.0971943742436, 985.0527475042945, 1017.4488217499384, 1050.5699544537276, 1083.9681116592099, 1117.7245874599316, 1151.1902821089552, 1185.9218916201169, 1221.305775722766, 1257.3624333797643, 1294.8712942967136, 1332.8038951407484, 1371.6182121024635, 1410.6292708018461, 1449.5741079916093, 1487.8509208212429, 1525.4179752391549, 1561.0296014960359, 1595.2810702006507, 1628.2116073109712, 1660.0576652399297, 1690.541681389713, 1720.2695409670644, 1749.010047336462, 1777.3600534214359, 1798.935396048854]","[4.179069999999999, 4.1748567, 4.1721005, 4.1696982, 4.1680446, 4.1666269, 4.1653275, 4.1641068, 4.1632409, 4.1624532, 4.1617446000000005, 4.1609173, 4.1603661, 4.1598148]",2877.333926169029
317,0.5,1,45,"[0.0, 29.746082919597995, 64.9102827727906, 99.93213171693134, 133.72455365487377, 167.3527968016785, 202.48757823540512, 239.66619266702202, 279.62025247651974, 326.0236140968519, 378.64543895326614, 430.7137558295403, 480.4036859039315, 527.1069453248949, 571.9938239252799, 613.8626635686387, 655.461559245304, 695.3363184542925, 735.7684687891292, 775.233598041068, 813.0239024411469, 849.910030801615, 885.0960549473025, 919.2407490910543, 952.6759254723343, 985.9529542652547, 1018.174225048853, 1051.1650190399307, 1084.273297615317, 1118.0512624458888, 1152.0478236511544, 1186.6161273143398, 1222.5703898445856, 1258.154661214925, 1295.481298260125, 1333.344552453611, 1372.2838377661292, 1411.5028890144797, 1449.9731992004124, 1488.3730256364065, 1525.8261821771503, 1561.672865363858, 1595.684343705609, 1628.7977448338668, 1660.5531576941735, 1691.166262768581, 1720.8465662045, 1749.6339159123436, 1777.7954942824026, 1800.2152421934006]","[4.1789913, 4.1748567, 4.1719036, 4.1697378, 4.1680446, 4.166587799999999, 4.1653275, 4.1643038, 4.16328, 4.1622958, 4.1615477, 4.1610355000000006, 4.160327, 4.1598148]",2876.635720965171
318,0.5,1,45,"[0.0, 29.245086378498684, 64.30291840439799, 99.766155238068, 133.85841877783093, 166.88976230955257, 201.8858311827554, 239.34445741808918, 278.7797581080082, 325.3217673673986, 377.8980299335984, 430.06820863505754, 479.51905723995674, 526.3120545823417, 571.0852085184954, 613.4884387539048, 654.795642025638, 695.0990354313872, 735.1259694315941, 774.33948028243, 812.19189662842, 849.3584212700339, 884.6674508554413, 918.624523548998, 952.0223489140176, 985.1585367381676, 1018.3726228042169, 1050.70498696267, 1083.8963803899326, 1117.468286186294, 1151.490891999634, 1186.2195963810734, 1221.395427112566, 1257.6384394136242, 1294.6449485315939, 1332.701441576331, 1371.7768327150086, 1410.276591067934, 1449.5782715611747, 1487.7682368900378, 1524.6363137857893, 1561.0053730842612, 1595.1360556443406, 1628.1980523943605, 1659.8090209564411, 1690.451468245013, 1719.871158583434, 1748.8835022832063, 1777.1184623346153, 1799.1320763527428]","[4.179109599999999, 4.1749749, 4.1719823, 4.1696982, 4.1681232, 4.166587799999999, 4.1654458, 4.1640677, 4.16328, 4.1624532, 4.1617446000000005, 4.1609569, 4.1602874, 4.159775700000001]",2876.070827968071
319,0.5,1,45,"[0.0, 28.05024855002665, 63.20209402058066, 98.44048854222262, 131.95551809628842, 165.60697200492586, 200.63862138454476, 238.24548228140088, 277.87398924458046, 323.97353364961975, 376.5408140814652, 428.8895473599164, 478.13350902729906, 524.9606452257443, 569.552194358333, 612.3786020075108, 653.7303364559743, 693.8203009765548, 733.5030410539609, 772.9703185912492, 811.0150196329598, 847.8672542536294, 883.1726805916558, 917.0083612502885, 950.4853778362481, 983.6226081872594, 1016.2419414822989, 1049.661040503508, 1082.1681816177143, 1115.9850648656188, 1150.058300025675, 1184.4669821294794, 1220.1180468221005, 1256.2321257246942, 1293.7337227475505, 1331.2905930075833, 1369.8736816629687, 1409.1627919299717, 1447.87655077434, 1486.1348395781476, 1523.1147053898599, 1559.3666746138138, 1593.5465476796342, 1626.6907242469106, 1658.380905642966, 1688.9012779251707, 1718.4318794371266, 1747.2301145757024, 1775.6342261851387, 1799.1215340414778]","[4.179069999999999, 4.1748962, 4.1720219, 4.1698165000000005, 4.1680841, 4.1665483, 4.1653275, 4.1641855, 4.1633983, 4.1624532, 4.1617446000000005, 4.1610355000000006, 4.1605239, 4.1597362]",2875.242685796168
320,0.5,1,45,"[0.0, 28.291644929168854, 63.32668855416921, 98.97479195591217, 132.88561534877562, 166.00053740535083, 200.79953036612, 238.4560369505678, 278.22322378809, 324.414481440605, 377.16318048897944, 428.85248774772907, 478.24903776691184, 524.9344620826628, 569.6594078575442, 612.0825381228988, 653.5923461288455, 693.9686031332333, 733.5792578524197, 773.1769472037895, 811.2822539443337, 848.1141737430501, 883.0176009612908, 916.6489014157798, 950.267235009183, 983.5925222768278, 1016.3206216545809, 1049.3897364113789, 1082.242229206053, 1115.3402207926977, 1150.0282540643261, 1184.4447928920608, 1219.8685593110952, 1255.9401592287354, 1292.9331666141998, 1331.0095646465834, 1369.5853325008866, 1408.609529821331, 1447.89057810121, 1486.1288802752308, 1523.020892384654, 1559.5713761933794, 1593.3922354887982, 1626.3602563993884, 1658.0105502910894, 1688.6318033891382, 1718.1157430322503, 1746.9844977115188, 1775.36408896952, 1799.0062950767012]","[4.1789126, 4.174778, 4.171942700000001, 4.1696982, 4.1679263, 4.16643, 4.1651702, 4.1639891, 4.1630044, 4.1622167, 4.161586799999999, 4.1608782, 4.1602087, 4.1596966]",2874.157231117891
321,0.5,1,45,"[0.0, 27.689231051963986, 62.87675766146742, 98.19758570943645, 131.75507492704014, 165.43480071590307, 200.28045201378336, 237.61309979671103, 277.28399443046305, 323.85168900902715, 376.1654498854224, 428.3803809090608, 477.30398972344585, 524.2999400447933, 568.9752845347629, 611.6298153986227, 652.7099593630746, 692.9038529799736, 733.2155071361428, 772.4690497376814, 810.6061375871273, 846.8639143722739, 882.6518747958601, 916.4527759652806, 949.7269695779726, 982.8593626006998, 1015.9929302649396, 1048.1793652137928, 1081.6920633466107, 1114.7661814385926, 1149.1716432939224, 1183.684123802804, 1218.8734457857176, 1255.218773141983, 1292.2345845814375, 1330.4712516399018, 1368.9554216725455, 1408.0331770665923, 1446.7940280399605, 1485.45761332364, 1522.8327934276344, 1558.236703018688, 1592.87620629884, 1625.6175670943974, 1657.333378103599, 1688.0316704211737, 1717.5116048643454, 1746.2975820309034, 1774.6060135416424, 1798.8422277067743]","[4.1789913, 4.1748567, 4.1720219, 4.1696982, 4.1679659, 4.16643, 4.1652093, 4.1641068, 4.1630831, 4.1622167, 4.161586799999999, 4.1607995, 4.1601691, 4.1595788]",2873.569198940566
322,0.5,1,45,"[0.0, 25.525751698966246, 61.00041433678467, 96.54524448787305, 130.07463723630855, 163.32329317744876, 198.77480887805956, 235.7687660997148, 275.5349402081952, 322.17547531385816, 374.09750512224497, 426.3053585153927, 475.1493280891779, 522.3519470658882, 566.9832435248718, 610.058649688473, 651.0115516564401, 690.6181728388374, 730.7101742063614, 770.2745037595332, 807.9560327559698, 844.6950025845626, 880.1690058132137, 914.5764047361308, 947.7488922808113, 980.4246385426063, 1013.4232679585898, 1046.621176576848, 1079.3640378431721, 1112.5773614459883, 1147.0645982744306, 1180.9545900847793, 1216.652797754528, 1252.8960801144688, 1289.891050330629, 1327.9325920716167, 1366.7561786014367, 1405.8752925456004, 1444.4995476030122, 1483.284116900804, 1520.3505057399614, 1556.0655420994212, 1590.8267971441294, 1623.286430382997, 1655.0313178970223, 1685.576979773743, 1715.1022163744274, 1744.0014659017356, 1772.2765193375471, 1797.9993826580812]","[4.1789913, 4.1748567, 4.1719823, 4.1695805, 4.1679263, 4.1663909, 4.1651306, 4.1641068, 4.1632013, 4.1622167, 4.1614294, 4.1607995, 4.1601691, 4.1596179]",2872.686234973689
323,0.5,1,45,"[0.0, 27.0529478658583, 62.06531763435703, 97.48168304275384, 130.8554701563404, 164.30516136187214, 199.43083930947853, 236.96364096487036, 276.3441836013485, 322.20523366746136, 375.1723358109423, 427.0744037929777, 476.9042302063639, 523.779192575704, 567.9576767558534, 610.7651843027573, 651.6262949935184, 692.1710706112264, 732.1071648459621, 771.0321359174956, 809.2730455192483, 845.7999848156377, 881.1460447226924, 915.3492891850816, 948.422514638907, 981.5436214232799, 1014.1970951725958, 1046.961938734908, 1080.2007319174459, 1113.751538116711, 1148.0162928805257, 1182.323989455008, 1217.7909723930134, 1253.8947811111793, 1290.781385893914, 1328.974928844074, 1367.65948631744, 1406.8143251775405, 1445.6833073095777, 1483.685939254252, 1521.1496707390475, 1556.7529034622326, 1591.4133691158636, 1624.077536365684, 1655.9113981275395, 1686.566194029845, 1716.0568074367884, 1744.8537635539055, 1773.1687477581527, 1798.9324832421185]","[4.1789126, 4.174778, 4.1719036, 4.1697378, 4.1679659, 4.1663909, 4.1652489, 4.1641855, 4.163044, 4.162256200000001, 4.1616263, 4.1608782, 4.1601300000000005, 4.1596179]",2872.19634018582
324,0.5,1,45,"[0.0, 24.11742198706162, 59.00815874575278, 94.49595346788396, 128.5890951456846, 162.0208385793204, 196.8416133837153, 234.0665479297768, 273.5196193315836, 319.4312046423223, 372.0022938759896, 423.98304638986303, 473.7079074965093, 520.1999912433955, 564.8296938167191, 607.4960107156087, 648.7146519047508, 689.0349995933666, 728.7810850303163, 767.7343311458023, 806.0394285912587, 842.7089004148177, 878.1632394490141, 912.0034059471939, 945.2146220104755, 978.5595651457663, 1011.3201983314984, 1043.8273092600655, 1076.990168098811, 1110.7043901718491, 1144.8829870395818, 1179.1741065046808, 1214.405706112726, 1251.0270435223947, 1287.7011653988825, 1325.8869108352724, 1364.4906342991217, 1403.565726360551, 1442.5036458267582, 1480.4872215638784, 1517.652806460932, 1553.8873814232034, 1588.0225205202375, 1620.802398375826, 1652.60832896726, 1683.1486482082967, 1712.6641639730517, 1741.5672130806886, 1769.7542247673143, 1797.4969399635818]","[4.1788731, 4.1746206, 4.171864, 4.169619600000001, 4.1678085, 4.1663909, 4.1651306, 4.1641068, 4.163161799999999, 4.162256200000001, 4.1615477, 4.1607208, 4.1600904000000005, 4.159500100000001]",2871.52920512573
325,0.5,1,45,"[0.0, 23.688351384189616, 59.028375643727145, 94.03129002619693, 127.93349390390705, 161.17284186683952, 196.4938591675969, 233.6052761837821, 273.27490962316693, 318.71829681177843, 371.72701727697205, 423.5585683550549, 473.0085774904331, 519.7847591215682, 564.8097034729078, 606.9486684438214, 647.9262581768994, 688.4989063063119, 728.1765149467733, 767.671244414239, 805.4387759252638, 842.0190006504804, 877.5186246849428, 911.5232453697256, 944.8457559594963, 978.0579561171078, 1010.6877064640166, 1043.6352812102386, 1076.3431783837539, 1109.8664215121594, 1143.8952196036375, 1178.2679734076494, 1213.7992932004497, 1249.8215512342933, 1287.2018874452658, 1324.8138069917356, 1363.7305946021565, 1402.7268726938682, 1441.4615853042271, 1479.9757221630368, 1517.0294566246218, 1552.853393759447, 1587.060102753798, 1619.9515513201509, 1651.838497738952, 1682.5218811480495, 1711.9410013055444, 1740.7873929846623, 1769.1867046000448, 1785.7641951761884]","[4.1788731, 4.1748176, 4.171942700000001, 4.1696982, 4.1679659, 4.1665092, 4.1652093, 4.1641464, 4.163161799999999, 4.1622958, 4.1615477, 4.1608782, 4.1602483, 4.1596179]",2871.019867891573
326,0.5,1,45,"[0.0, 25.219216398525248, 60.61362280767122, 95.4794409907218, 129.15620486382426, 162.68746619983511, 197.36174443146007, 235.0207724903491, 274.49370478523855, 320.8425891571314, 372.839210110941, 424.6972427349596, 474.33090692301784, 520.5192142396008, 565.4287515982041, 607.9233726047594, 649.2680859661605, 688.7419355728221, 729.4989330177291, 768.2968011683442, 806.6106821770788, 843.272114656341, 878.4888457466027, 912.4238950893064, 945.7937383506776, 978.7186831659703, 1011.4428738111862, 1044.4514541462445, 1077.5904837381413, 1111.028186723925, 1144.9954350659987, 1179.5963491028808, 1214.7311782071872, 1250.3963700244713, 1287.8923035519733, 1325.6827309640726, 1364.3222867276434, 1403.0009311499243, 1442.4804789420464, 1480.3512462520293, 1517.6581844999291, 1553.8370618733918, 1588.2122980547713, 1620.8532038958485, 1652.4817962374646, 1683.154337404309, 1712.5748384704511, 1741.455489807966, 1769.603617776946, 1785.8402447293438]","[4.1789126, 4.1746993, 4.1719036, 4.1696591, 4.1678476, 4.1663909, 4.1651702, 4.1639891, 4.1632409, 4.162138, 4.1615081, 4.1607995, 4.1601300000000005, 4.1595392]",2870.010616750757
327,0.5,1,45,"[0.0, 24.118095248003044, 58.89235187188524, 94.32170277512239, 128.30943000458262, 161.7859208159109, 196.75523136037805, 234.22865508871553, 273.4758795379156, 318.9914371945606, 371.7227688063824, 423.2325796320117, 472.86346068325713, 519.6453888491039, 564.6705538006869, 606.976428462683, 647.6433552912648, 687.9477699019727, 728.2151816081524, 767.3370730192988, 805.1074392227337, 841.8463953542165, 877.1312563433613, 911.3355085125785, 944.9899366602764, 977.8917131718594, 1010.1615998519304, 1042.7210041987546, 1076.0041876867422, 1109.475633388875, 1143.4030482096023, 1177.7288425747042, 1213.6090139071675, 1248.913242370531, 1286.2940142534094, 1324.3044781194817, 1362.9663835648184, 1402.0627383415217, 1440.797329510799, 1479.0365695424157, 1516.303183012281, 1552.5505650002774, 1586.7848877564152, 1619.3966611750247, 1651.0316298511975, 1681.6660835849075, 1711.3648856731938, 1740.11797867829, 1768.3933309427607, 1784.9149327746577]","[4.178794399999999, 4.1744628, 4.171628, 4.1695409, 4.167690299999999, 4.1663513, 4.1649337, 4.1637921, 4.162886100000001, 4.162020200000001, 4.161311100000001, 4.1605239, 4.1598544, 4.1593819]",2869.029118857829
328,0.5,1,45,"[0.0, 24.32449754808158, 59.133120421246815, 94.36795227774701, 128.3646205094576, 161.77078470919264, 196.88200495361014, 233.35302270452655, 273.0360742986645, 318.8203664003754, 371.3734246003968, 423.05638650919707, 472.9725154884445, 519.4845742203676, 564.2905012688616, 606.4487369644323, 647.7666856957701, 687.7164462132255, 727.3235032128177, 766.8547319116706, 804.5915508422277, 841.4901679042805, 876.9320558001727, 910.7390738184408, 944.1010684471491, 977.0407474339647, 1009.8462637987413, 1042.4262964456852, 1075.471671121205, 1108.995726818266, 1142.9719177453094, 1177.7352336662611, 1212.7962348482185, 1248.7188359426054, 1285.803890028815, 1323.6732004184557, 1362.4439421504408, 1401.503148013453, 1440.1844064275067, 1478.8128057294016, 1515.9621541243428, 1551.8404477266351, 1585.9229645971413, 1618.767263690203, 1650.575037578562, 1680.9671403069374, 1710.5971198935522, 1739.5378973975762, 1767.738220272403, 1785.6385342869062]","[4.178794399999999, 4.1746206, 4.1717067000000005, 4.1695409, 4.1678085, 4.1662726, 4.1649733, 4.1639495, 4.1630044, 4.161980600000001, 4.161272, 4.160681200000001, 4.1600118, 4.159460500000001]",2868.548394218751
329,0.5,1,45,"[0.0, 22.994787139924767, 58.26359341024579, 93.44256907405929, 127.43601821865593, 160.9702310925312, 195.69584345246017, 232.77158193041998, 272.0725974946548, 318.04786886375246, 370.0041994974397, 422.0969214912502, 471.0917084678209, 518.2035885435748, 562.7798490577101, 605.1549779931366, 646.2772416378094, 686.1789228131889, 726.2107732224762, 765.6807546962208, 803.5245961344577, 840.4533546933816, 875.5476516520984, 909.7557588627461, 943.0726472293117, 975.932780981383, 1008.3478207727943, 1041.1977105237206, 1073.989676319863, 1107.6392803259828, 1141.756156895996, 1176.2546897923844, 1211.587016346672, 1247.8398678899548, 1284.6140588332073, 1322.2446522778268, 1361.2575816736335, 1400.2437036839706, 1439.1778458393542, 1477.0527205628855, 1514.2865213259797, 1550.1411403654129, 1584.8455028527655, 1617.3788195529773, 1649.2335247763044, 1679.77983714345, 1709.3902039309014, 1738.152103267208, 1766.4777927415948, 1786.1177727211498]","[4.1787157, 4.1745811, 4.171628, 4.1694226, 4.1676116, 4.1662726, 4.1650128, 4.1637921, 4.162925700000001, 4.161980600000001, 4.1613898, 4.1606026, 4.1599331, 4.159421]",2867.8486802716743
330,0.5,1,45,"[0.0, 22.392873760831776, 57.308559980315465, 93.09849628593048, 126.69780196757944, 159.87335102862022, 195.07771419453542, 232.60583639744806, 271.97256781838126, 317.2236048141535, 369.6753115268885, 421.4046256201793, 470.7941752006489, 517.3760247720741, 561.9659513780061, 604.6652823508018, 645.514412426968, 685.6876506794331, 725.4616666936863, 764.773865622001, 802.6015225961157, 839.4975451735913, 874.6473553347394, 909.0500225912333, 942.5042004356801, 975.2897482370295, 1007.8286296037752, 1040.5126368461597, 1073.7253816541884, 1107.1134302976534, 1140.9580932791505, 1175.2250075474358, 1210.7799357415256, 1246.6314743591543, 1283.753483354403, 1321.6555512158095, 1360.2190063691567, 1399.2028344563842, 1438.4603325800751, 1476.2963370017835, 1513.2675286464994, 1549.2546889312835, 1583.4344017018186, 1616.5526904735027, 1648.2122597699693, 1678.7950891589455, 1708.5485084605086, 1737.007987027029, 1765.4944695300362, 1784.9810096203626]","[4.178833999999999, 4.174542, 4.1716671000000005, 4.1695018, 4.1676507, 4.1662335, 4.1650519, 4.163831200000001, 4.162847, 4.1620593, 4.1611929, 4.1604843, 4.1600118, 4.1593819]",2867.2335767304107
331,0.5,1,45,"[0.0, 21.66845737509658, 56.67334328481331, 92.28892648400819, 126.025956788933, 159.0380443024847, 194.15490153507716, 231.61233444953626, 271.20110898291654, 316.38657309299714, 369.02460211926, 420.6463269015862, 469.9468061841532, 516.8862994357246, 561.4267225127276, 603.9352999228438, 645.0667034475966, 685.0713412367452, 724.8166610867872, 764.4670314274954, 802.3587838308711, 838.915542438594, 873.9854037652804, 908.1306099655312, 941.7075230031126, 974.639696546729, 1007.3052272874957, 1039.7759452061118, 1072.9164904273287, 1106.5439343122541, 1140.186362112178, 1174.6167030109837, 1209.913779533946, 1246.0970445351893, 1283.0953637692442, 1321.3098732342635, 1359.5394493226206, 1398.6767715566139, 1437.2934748313523, 1475.6163467233614, 1512.8932117758843, 1548.8358131811979, 1582.6829221473715, 1615.7744587417121, 1647.5066956180926, 1678.0158723963418, 1707.7383292237955, 1736.3895717287146, 1764.698529753925, 1784.012111033935]","[4.1787157, 4.1745811, 4.1715884, 4.1695409, 4.1676116, 4.1661153, 4.1650128, 4.163831200000001, 4.162886100000001, 4.1620989, 4.1611538, 4.1606417, 4.1599727, 4.1593423]",2866.4338675385197
332,0.5,1,45,"[0.0, 22.995556483904693, 58.141267938959174, 93.27206695350486, 127.00753026993613, 160.83521236271935, 195.4531123214304, 232.58016899684895, 271.87493143660225, 317.54477481819407, 369.53230814394516, 421.633791399338, 470.4678382565526, 517.678383537781, 562.1302018885037, 604.5891325693517, 645.4660303594574, 685.8695492655781, 725.3463129957272, 764.7470929389626, 802.9064700442493, 839.2337223346569, 873.918464813871, 908.7094644594797, 942.0477708291694, 975.1713559163813, 1007.9753205136419, 1040.9084936420966, 1073.8321492681507, 1106.9401141082628, 1140.612224935953, 1175.5480089179941, 1210.5575282761272, 1246.500997764645, 1283.6508061785537, 1321.8858493617086, 1360.193013501616, 1398.9490275642206, 1437.886498386172, 1476.0258782447854, 1513.2547500851922, 1549.2433946765052, 1583.2563457114684, 1616.3736733100477, 1648.03823457747, 1678.7127456659084, 1708.0039547602685, 1737.106808857195, 1765.3542437718995, 1784.1891653372525]","[4.178794399999999, 4.1745811, 4.171628, 4.169343899999999, 4.1676507, 4.166194, 4.1649733, 4.1637526, 4.1628075, 4.161902, 4.1609964, 4.160563, 4.1598544, 4.1591849000000005]",2865.4757616604275
333,0.5,1,45,"[0.0, 21.180125144911244, 56.169202080960076, 91.71945744002824, 125.39527770413747, 158.55887433133785, 193.64405879542517, 230.87591636448872, 269.8654847156579, 315.47741073784186, 367.5289950788949, 419.87478515176065, 469.1489870415206, 515.5842393137166, 560.2186433811904, 602.4932164535059, 643.4685877718165, 684.1132419516335, 723.624740908264, 762.7487984765886, 800.9184691490822, 837.4572510795264, 872.8850329328071, 906.8354815067436, 940.1915580497345, 972.7522097289838, 1005.608003859552, 1038.7251522084007, 1071.5557345748139, 1104.9745969107512, 1138.7907094517573, 1173.3933633306806, 1208.8152931637296, 1244.4080901241477, 1281.4433319994591, 1319.5500676726488, 1357.8437648451918, 1396.4129761515383, 1435.6745696062203, 1473.620533206124, 1511.0808225414671, 1547.0075530492422, 1580.8884902701784, 1614.129026070847, 1644.034128885059, 1674.3141327489107, 1704.7841175868084, 1734.4110977665273, 1762.8141484974808, 1784.926694235569]","[4.1785975, 4.1743841, 4.1715884, 4.1693048, 4.1676116, 4.1660757, 4.1647763, 4.1637526, 4.1628075, 4.1619411, 4.1612325, 4.1604843, 4.159775700000001, 4.1591063]",2864.416961496581
334,0.5,1,45,"[0.0, 20.659532374426874, 55.73721867014507, 90.54338013525756, 124.89356758675882, 158.15050147619166, 192.66966699448432, 230.12101597415227, 269.21345844038393, 314.7537189860214, 366.68244723425136, 418.80394890952306, 467.85766674276255, 514.42071382057, 559.3079765871851, 601.7654311227664, 642.9666166861846, 682.661477423211, 722.338153193266, 761.4808221589967, 799.7108282956542, 836.4249235449647, 871.4825711614408, 905.4813410492188, 938.8870108349608, 971.5225692111417, 1004.264506359593, 1037.1771585275849, 1070.1718963792907, 1103.3954418719939, 1137.7766524528217, 1171.7856186421661, 1207.447486265069, 1243.3673673104834, 1280.078649141442, 1318.4241679800707, 1356.731069705975, 1395.6509365874808, 1434.5006410588596, 1472.464295221382, 1509.897398356247, 1545.6739833347099, 1579.9352605457645, 1612.8785014023517, 1644.6938507638597, 1675.262397493741, 1704.8511355484143, 1733.5401154051483, 1761.846291027197, 1784.6832914624692]","[4.1786761, 4.1743841, 4.1715493, 4.1693835, 4.167493299999999, 4.1660366, 4.1647763, 4.1636343, 4.1626892, 4.161902, 4.1610355000000006, 4.1604447, 4.1598148, 4.1591063]",2863.8533543265803
335,0.5,1,45,"[0.0, 19.581953304247122, 54.59892388101099, 90.03097827586924, 123.71444182583326, 156.6722489746541, 191.6508937153049, 228.7799762564046, 267.93967681898806, 313.6217676825491, 365.3255771114062, 417.5656604891338, 466.7064482809748, 513.1654373902741, 558.1551283153365, 600.3231366892444, 641.0545974726404, 681.3600772772377, 721.3368522315379, 760.4857960262536, 798.2142279824138, 834.7259181671595, 869.9425111905055, 904.4464651226704, 937.6430454484635, 970.3000316050557, 1003.094999138355, 1035.7318879917889, 1068.977075058636, 1102.3990951333703, 1136.2991959139442, 1170.7089348600941, 1205.4562241761173, 1242.0970452479012, 1279.1514471356138, 1316.705253820542, 1355.0538053876774, 1394.0473006691495, 1432.7758992674953, 1471.4832819695139, 1508.6001743838622, 1544.886867875343, 1578.6758981504, 1612.2295984949837, 1643.3819814664766, 1674.0975520620673, 1703.5673473221786, 1732.4009086667925, 1760.5959981404526, 1784.2627263307686]","[4.178637, 4.174345, 4.171470200000001, 4.1692653, 4.167493299999999, 4.1660757, 4.1647763, 4.1635165, 4.1626501000000005, 4.161980600000001, 4.1608782, 4.160327, 4.1596966, 4.1590276]",2863.2393483951832
336,0.5,1,45,"[0.0, 33.87159727004001, 69.00198620448418, 104.17072931522864, 137.80278637674485, 171.40576690114904, 205.84343139994098, 243.15875051562898, 282.37561898360093, 327.5889127796289, 379.4384453238964, 431.3382574547543, 480.4639805735794, 527.2606126168021, 572.423708003899, 614.400564170163, 655.6111581630053, 695.4085795356177, 735.2954644295428, 774.420487006488, 812.603710590068, 849.2296049939907, 884.2369273099846, 917.9164223262742, 951.6721971743552, 985.0248803285433, 1017.0532110877375, 1049.9301217115851, 1082.945701796309, 1116.12414223278, 1150.3243464775728, 1184.788466248208, 1219.720897748459, 1255.7898831840173, 1292.9105519769016, 1330.8053861105504, 1369.4443932485842, 1408.4487311703192, 1446.8686463472434, 1485.4421547263323, 1522.7118910349907, 1558.2569599006815, 1592.763768084219, 1625.6555596813778, 1657.3543629576325, 1687.9036363466498, 1717.458106227342, 1746.2223925447265, 1774.459776593727, 1797.8560980088978]","[4.1784401, 4.1742663, 4.1715097000000005, 4.169147, 4.1672964, 4.165957499999999, 4.164619, 4.1633983, 4.1626892, 4.1617837, 4.1609173, 4.1602874, 4.1596966, 4.1590276]",2862.4648747043184
337,0.5,1,45,"[0.0, 19.71238387455702, 54.755115605054925, 89.97507311036469, 123.70527610274951, 157.15623912487774, 192.1216291379443, 228.93891388080203, 268.05903064120844, 313.1134496204222, 365.16901999944844, 417.36392167225904, 466.7703189601474, 512.7794769408363, 557.7487128249091, 600.8011463010362, 641.4385676719745, 681.2756761543466, 720.9943953270496, 760.0482684374061, 798.1493038383377, 834.7357940165042, 870.1418364281161, 903.8923941899876, 937.3796312999317, 970.8645604098041, 1002.8088627516657, 1036.0559613109958, 1068.7589560363094, 1101.947916017832, 1135.5622955435433, 1170.3522801816084, 1205.8703173474064, 1241.7389653548062, 1278.3547181169502, 1316.5736127189134, 1355.10103424215, 1393.8280591086836, 1432.9136828270316, 1471.1492496863075, 1508.0633846423866, 1544.07764325579, 1578.2592205564597, 1611.2446202976016, 1643.0238793111898, 1673.579856202895, 1703.1008905526137, 1731.8133889086025, 1760.2009948848668, 1782.8870348166229]","[4.1784005, 4.1742663, 4.1713128, 4.1690292, 4.167257299999999, 4.1659184, 4.1645007000000005, 4.1633983, 4.1624928, 4.1615477, 4.1607995, 4.1602087, 4.159500100000001, 4.158988]",2861.6602507409693
338,0.5,1,45,"[0.0, 34.534536934472385, 69.52830343558446, 104.72923916044596, 138.78964867668043, 172.1635301980021, 206.7648119604284, 243.43519734209048, 282.8956568446151, 327.9722337989926, 380.3536364265188, 431.98839607645715, 481.5890574447356, 527.8350655081601, 572.7950522338017, 615.2523257216358, 656.0188871533753, 696.1072860161337, 735.7430734413765, 774.9479216731343, 812.9835988418849, 849.5943683551518, 884.75782517619, 918.9567814883758, 952.0703140972134, 985.0191325083201, 1018.0078699289666, 1050.685398000819, 1083.380968819607, 1116.8161401971263, 1150.8968525470075, 1185.2257571249493, 1220.3547584781722, 1256.513294851466, 1293.4439342881387, 1331.211445856688, 1369.2067417494316, 1408.3665639830385, 1447.2665954040353, 1485.564837833687, 1522.8644833032026, 1558.6821868663603, 1593.1058543691208, 1626.0088763164458, 1657.4907294869915, 1688.0172696517595, 1717.5418042984431, 1746.3371328332348, 1774.4577114768397, 1798.2319450614425]","[4.1783614, 4.1743054, 4.1713128, 4.169068299999999, 4.167336, 4.1658001, 4.1646976, 4.1635952000000005, 4.1624928, 4.1616263, 4.1608386, 4.1602087, 4.1593819, 4.158830600000001]",2860.901154597578
339,0.5,1,45,"[0.0, 32.360409358046525, 67.25578128913759, 102.59336113783235, 136.55640156831754, 169.95470047352757, 204.21874217897465, 241.5794266071311, 281.0211143493041, 326.0666866635889, 377.51017504179157, 430.0481224794068, 478.67991048155756, 525.6382440382899, 570.5372615526321, 612.7311212420086, 653.4099826125725, 693.6071640653099, 733.3556498187334, 772.7519184717555, 810.6093583201016, 847.3000084790729, 882.6291758621692, 916.986065700889, 950.1297281636648, 982.956568169217, 1015.4214608958127, 1048.2815384371008, 1081.3090774122602, 1114.471125137209, 1149.0325075179892, 1183.045967746983, 1218.3596441474733, 1254.1418644918247, 1290.6243846731475, 1329.0921862754824, 1367.267663689629, 1406.6914616393597, 1445.298107981334, 1483.4950784627056, 1520.7196490071426, 1556.5101635307922, 1590.8976694048401, 1624.0110298053849, 1655.5129950980067, 1685.88971003418, 1715.372879595997, 1744.24051797855, 1772.5703110806107, 1797.6248069706908]","[4.1784401, 4.1742663, 4.171470200000001, 4.1692257, 4.167336, 4.1659184, 4.1646581, 4.1635165, 4.1626501000000005, 4.1616263, 4.1609569, 4.1601300000000005, 4.1595392, 4.1590276]",2860.4228852840147
340,0.5,1,45,"[0.0, 33.29101714703768, 68.69948310115637, 103.7415906161998, 137.83196948440104, 170.8394567729447, 205.78504086320663, 242.92907075483947, 281.85103406446115, 327.25267147670456, 378.3491480900626, 430.47387356718787, 480.577468567716, 526.7940023528184, 571.4657318596132, 613.8804701957841, 654.8625238211897, 694.5709088742664, 734.5673475122227, 773.8818533975085, 812.2937073631782, 848.6779651654844, 883.7946363762211, 917.9723097667817, 951.1598026166024, 984.4820408847839, 1017.256210975711, 1049.3767776222198, 1082.4671514119236, 1115.6177137196569, 1149.8926294916187, 1184.3137830677056, 1219.0065736659249, 1255.5307825948098, 1292.7036870186103, 1329.9030902397362, 1368.5771585499479, 1407.6157927726126, 1445.9533819350377, 1484.4573220462016, 1521.5102598192102, 1557.476863677191, 1591.8342703315307, 1624.489757437223, 1656.3696666411256, 1686.823135382655, 1716.5025076990137, 1745.1670020345714, 1773.379140098075, 1797.7403830297171]","[4.178518799999999, 4.174345, 4.1713524, 4.169068299999999, 4.167257299999999, 4.1658001, 4.1645403, 4.1635165, 4.1624532, 4.1615477, 4.1607599, 4.1601691, 4.1596575, 4.1589484]",2859.684472701146
341,0.5,1,45,"[0.0, 32.22077895337071, 67.61318674789362, 102.88277102349281, 136.83282009573162, 169.68469949217757, 204.7900115952894, 241.15434620699756, 280.76929610355916, 325.91548081011223, 377.21071691947594, 429.51063578949976, 479.19666464326684, 525.2171809594454, 569.7224230975878, 612.5277818739885, 653.5300612251465, 693.4979653174903, 733.245771110765, 772.5026659251287, 810.0471269196494, 847.0547731049153, 882.3039003490089, 916.451459205856, 949.7464004938815, 982.6039199896654, 1015.0166043424538, 1047.8023789133374, 1080.854325269024, 1114.3709383131447, 1148.677639309612, 1182.6362668207705, 1217.7417831400983, 1253.8430208705076, 1290.7192358236346, 1328.5661305966623, 1367.0737790894514, 1405.8496257042782, 1444.7906042245513, 1482.8056371291514, 1519.9340321665682, 1555.523550067249, 1590.227387552731, 1622.837089983492, 1654.4436357615207, 1684.9754598920229, 1714.6933556623032, 1743.4136642137075, 1771.5683605135448, 1798.4197825048811]","[4.1784401, 4.1742663, 4.1713128, 4.1691079, 4.1672964, 4.165761, 4.1645007000000005, 4.1635165, 4.1624136, 4.161586799999999, 4.160681200000001, 4.1601300000000005, 4.1595392, 4.158830600000001]",2858.88250070665
342,0.5,1,45,"[0.0, 31.659760138572267, 66.16235405672802, 101.58485447172956, 135.40800626780407, 169.19967831113064, 203.66147762789836, 240.47359484701252, 279.9929654178821, 324.88399627770315, 376.993907242636, 428.3770534168654, 477.90379224898294, 524.579031019468, 569.051482024264, 611.4856579450404, 652.3493349575094, 692.3697632949309, 732.3166790025928, 771.1662348089474, 809.3534311370076, 845.8868888641159, 881.4806423005343, 915.339631660243, 948.7602048008523, 981.374431407065, 1014.120139378937, 1047.2747877236313, 1080.0662089325256, 1113.0838118852714, 1146.7964019464484, 1181.5308081024746, 1216.757807634154, 1252.6310820821323, 1289.599062635271, 1327.2909007590833, 1365.474099448334, 1404.5840402039264, 1443.4260661782334, 1481.2191281321595, 1518.6194480413653, 1554.473755643581, 1588.7947272242184, 1621.5898952019845, 1653.0670216436577, 1683.8036676250897, 1713.3298697911357, 1741.9749249240401, 1770.1506038197933, 1797.1141055396863]","[4.1782827000000005, 4.1741481, 4.171194600000001, 4.1688714, 4.1671782, 4.1657214, 4.1643434, 4.1632409, 4.162256200000001, 4.1615477, 4.1606417, 4.1600904000000005, 4.159421, 4.1587911]",2857.9782161570893
343,0.5,1,45,"[0.0, 31.02758866175327, 66.52679238244758, 101.5451888223094, 135.2966562172266, 168.73529202525646, 203.42579333397765, 240.30024060479394, 279.3823158766705, 324.14945722749536, 376.6192695812054, 428.2520079192188, 477.76714446799343, 524.0989566384753, 568.7164451215608, 611.136182700566, 652.2400062529784, 692.2000178141818, 731.560607601539, 770.9376061009254, 808.9989040653745, 845.4106353665316, 880.731222597919, 914.4746831355114, 947.8547408590546, 980.8749021682372, 1013.8221146538763, 1046.730202031161, 1079.570888295783, 1112.5649400239224, 1146.27587103132, 1180.8741464575214, 1216.1853139870689, 1252.1349377605382, 1288.7130722016666, 1326.4948181758898, 1365.1216448464254, 1403.7800885113356, 1442.4914049270633, 1480.8488533011794, 1518.1198488429382, 1553.5881792560867, 1587.9244827829352, 1620.7613808124893, 1652.6120600950223, 1683.2279331558268, 1712.806287594142, 1741.5702277044632, 1769.7677172946221, 1797.1846227977178]","[4.1783614, 4.1741085, 4.1712737, 4.1689897, 4.1672177, 4.1656032, 4.164382499999999, 4.1633196, 4.1623349, 4.1615081, 4.1607995, 4.1600118, 4.159421, 4.1587124]",2857.382619497478
344,0.5,1,45,"[0.0, 30.96911044425343, 65.79271095417329, 101.33133866974117, 135.1140023640816, 168.4809999212046, 203.55948524920592, 239.63121098956975, 279.14597002075476, 324.37177776818857, 376.1038304631632, 427.5238291487689, 476.8963329193139, 523.3429504386374, 567.9846022163013, 610.2290683611161, 651.54601810698, 691.2928282782598, 730.7975850583764, 770.1262040746849, 808.0917856816213, 844.6930229025334, 879.8981914687436, 914.112971443132, 947.0736004512905, 979.9416289742867, 1012.4586943017482, 1045.111818226145, 1078.1781438119408, 1111.3828502595998, 1145.1554374347195, 1179.4319369038117, 1215.1747686914966, 1250.9590965070806, 1287.5729392494711, 1325.507382443573, 1363.9703791269797, 1402.5200522425866, 1441.6842230457369, 1479.5031242965715, 1516.931331096401, 1552.8139530694482, 1586.674289862415, 1619.9830402846487, 1651.484535383071, 1682.2471998556107, 1711.698231384737, 1740.5743596751176, 1768.7502435466085, 1785.279447926432]","[4.1782432, 4.1739511, 4.1709981, 4.1690292, 4.1670208, 4.1656818, 4.1643038, 4.163044, 4.1621776, 4.161272, 4.1605239, 4.1598544, 4.1592245000000005, 4.1585941]",2856.355370643039
345,0.5,1,45,"[0.0, 30.110948112414007, 65.61580006790393, 101.26213973608691, 135.16408330686636, 168.51449856739805, 202.879507739411, 239.93578478548636, 278.92507918333433, 323.48679637169835, 375.3499133375153, 426.8869746948267, 476.52081639237576, 522.7370878673307, 567.9673371922742, 609.6654690090598, 651.025031682881, 690.9139261405237, 730.7163627131924, 769.7987598989357, 807.7300111387335, 844.1515101681473, 879.4270965019459, 913.7079055922513, 946.7976317043929, 979.7264239012964, 1012.1737072018814, 1045.287858260767, 1077.8506513530067, 1111.1662767199373, 1145.0984506464617, 1179.5110053468525, 1214.5821516366311, 1250.730002717574, 1287.5535647906875, 1325.3505408765272, 1363.5109619305779, 1402.5807303399345, 1441.0893070294737, 1479.2660644843315, 1516.5513909616911, 1552.4779880546687, 1586.7677451625077, 1619.309911926805, 1651.1121418796356, 1681.7075777988794, 1711.2611986547754, 1740.1034730065048, 1768.2828216854546, 1785.8593824234354]","[4.1782827000000005, 4.1741085, 4.1711555, 4.1687536, 4.1671782, 4.1655245, 4.164422, 4.163161799999999, 4.1624136, 4.1613898, 4.160563, 4.1598544, 4.1593032, 4.1586728]",2855.743693959282
346,0.5,1,45,"[0.0, 31.64553287698658, 66.60116877511854, 101.78372716645094, 135.81776032796375, 169.28079454789787, 203.81392312722977, 240.75127691760616, 279.8883101355902, 324.7294686374334, 376.1070904804238, 427.9400646610007, 477.0503092285921, 524.1728027748752, 568.884621471595, 611.2582477457831, 651.9057301225998, 691.7264913335146, 731.1050985169511, 770.3862815991677, 808.0362813131103, 844.8172839822084, 880.2429235348695, 914.1319103427222, 947.7006067047084, 980.3310579437289, 1013.3095000333037, 1046.2850484177668, 1078.8503339714684, 1112.0109779742024, 1145.9513716568908, 1180.4363331898944, 1215.5406990712813, 1251.6655094569178, 1288.0357438878154, 1325.9408565125545, 1364.705977357381, 1402.9460317204394, 1442.20101671851, 1480.0051367395313, 1517.158419710941, 1553.2176548137843, 1587.4763682940384, 1620.42167053332, 1651.8738644616296, 1682.4108406175474, 1712.1413537482044, 1740.7115424182412, 1769.0483765217987, 1785.2720130489793]","[4.178164499999999, 4.1741481, 4.171037200000001, 4.1688323, 4.1670604, 4.1654854, 4.1641464, 4.163161799999999, 4.162138, 4.1612325, 4.160563, 4.1599331, 4.1590667, 4.1584764]",2854.914966067979
347,0.5,1,45,"[0.0, 30.5416411516955, 65.60665733410849, 100.91083668281658, 134.3043286065266, 167.73040346892026, 202.54498179358427, 239.21901033737117, 278.64687671241666, 323.3520081400368, 374.90649003224837, 427.0335833316441, 476.1773670355594, 523.01946691593, 567.0938657811657, 609.535015046034, 650.8048973737293, 690.3812782156449, 729.8567619477822, 769.273253098891, 807.2946818966393, 843.9186163998775, 879.1072713976578, 912.8079299874648, 946.0587939633731, 979.0730015267975, 1011.9089551473442, 1044.5155146292684, 1077.6885379739972, 1110.7050270160885, 1145.0456840686736, 1179.0889630655142, 1214.0298452775621, 1249.8191993701698, 1286.9054683603208, 1324.460584616206, 1362.8495221328496, 1401.8528502771617, 1440.4191788727276, 1478.6704626340888, 1515.8463028596573, 1551.551578322553, 1585.9298125296405, 1618.8852597263349, 1650.5286054179376, 1681.087283323566, 1710.6080998247369, 1739.4490893661562, 1767.6234449504948, 1784.4400108347565]","[4.1782036, 4.1739902, 4.1713128, 4.1688323, 4.1670604, 4.1655245, 4.1642251, 4.1631227, 4.1622958, 4.1614294, 4.1604843, 4.1598935, 4.1591849000000005, 4.1586337]",2854.367090153134
348,0.5,1,45,"[0.0, 28.27721273680538, 63.38540188921388, 98.60283043737428, 132.91800122910246, 165.90231708949153, 200.06498719054485, 237.3124331800513, 276.1048751823237, 321.08132502847315, 372.7082203219092, 424.2676761390506, 473.67250729251833, 520.33774644967, 565.2741522343035, 607.1499748890067, 647.9929553704055, 687.7720693116926, 727.7585656590445, 767.0518696767324, 804.7578489386904, 841.5593264632244, 876.7093652274666, 910.9385016021076, 943.9944793985887, 977.10159804709, 1009.4332420226087, 1042.0082507843804, 1075.3549725246, 1108.2712606220596, 1142.2001291140207, 1176.3753054626932, 1211.742227136101, 1247.6504061273895, 1284.4415533408542, 1322.4807457866848, 1360.576277525021, 1399.3328230938102, 1438.0711035459644, 1476.1669101027849, 1513.6043962418478, 1549.0374793477295, 1583.6137374632788, 1616.5471615646738, 1648.0415416946994, 1678.6035231127998, 1708.2021207976727, 1736.9406811621611, 1765.141934122465, 1785.0669386526151]","[4.1783218, 4.1739902, 4.171037200000001, 4.1687927, 4.1670995, 4.1656032, 4.1641068, 4.1631227, 4.1620989, 4.1612325, 4.1604843, 4.1596575, 4.1591454, 4.1585941]",2853.374078699139
349,0.5,1,45,"[0.0, 28.514710681277222, 63.22969778745562, 98.97448460263462, 133.15077466027753, 166.45871768048244, 200.99801352386078, 237.45167572291712, 276.370889724937, 321.1566996771378, 372.5730946708529, 424.18145176646397, 473.5252651441933, 520.1624315910994, 564.7515455316333, 607.2873864142463, 647.8289237826535, 687.8582614667222, 727.7266140292978, 766.7814364523568, 804.6638998393779, 841.1918394677367, 876.5383857821229, 910.327914273886, 943.4408869658863, 976.4360048947536, 1009.4281408944324, 1041.9742153698016, 1074.6796852709263, 1108.2058010301193, 1142.344632927468, 1176.799281722977, 1211.726546933215, 1247.5225963817938, 1284.122779151594, 1321.682853831936, 1360.417764258022, 1399.3984795367132, 1437.68501591327, 1475.9271705094206, 1512.9223010514152, 1549.0851979461463, 1583.2649046245388, 1615.9708598130105, 1647.7581254444945, 1678.3633323798822, 1707.7609893357567, 1736.6924299380598, 1764.903024679118, 1783.3128200536435]","[4.1783218, 4.1739902, 4.1712341, 4.1688323, 4.1669421, 4.1655245, 4.1641855, 4.163044, 4.1620989, 4.161350700000001, 4.1604843, 4.1598544, 4.1590667, 4.1586337]",2852.693696929253
350,0.5,1,45,"[0.0, 28.147001000269256, 62.786555209426695, 98.26015829009094, 132.21560645145757, 165.30756123534218, 199.67543430260423, 236.6503360026146, 275.2814689617413, 320.1392088579445, 371.9278242839032, 423.3955356550655, 473.2079922317455, 519.6313732925296, 564.1460654411297, 606.3902296629957, 647.304316844582, 687.2240826955217, 726.7982685268867, 766.1379151423071, 803.7914115456811, 840.3759063672135, 875.5830820718436, 909.691329573245, 942.885767062113, 975.5554956198996, 1008.3134398516304, 1041.152072744756, 1073.7328181665819, 1107.2271984997103, 1141.1404931439683, 1175.5572429611198, 1210.95411880473, 1246.685797931612, 1283.5986239936765, 1321.214221640115, 1359.4820327189402, 1398.4482775302313, 1437.0751836750294, 1475.3908006708803, 1512.031304408587, 1548.2390826566077, 1582.6710343998257, 1615.3305483845254, 1646.9722357091623, 1677.531265213442, 1707.1574523303998, 1735.8696458901495, 1764.0795638534987, 1784.2977851920568]","[4.1780858, 4.1738329, 4.1709189, 4.1686354, 4.1668239, 4.1652884, 4.1641464, 4.162925700000001, 4.161902, 4.1612325, 4.1602874, 4.1596966, 4.1589093, 4.1582794000000005]",2851.661267983127
351,0.5,1,45,"[0.0, 26.869172042316166, 62.08148288622016, 97.54065827286843, 131.46060159310514, 164.61542456098664, 199.12947187980672, 236.20276258100967, 275.0138642729744, 319.18952870142266, 371.0592184679625, 422.66726973609116, 471.9151799242745, 518.6747030333574, 563.5146397881626, 605.2766515517621, 646.5211508567767, 686.1984408621503, 725.8727092439016, 765.0721718624112, 802.8144021570414, 839.3345842212249, 874.5897302302045, 908.2889188326557, 941.6853671147684, 974.5454998305801, 1007.4335612640406, 1039.9426879451285, 1073.0872154646977, 1106.0135383977859, 1140.0334326457164, 1174.7663102252486, 1209.8120618643438, 1245.7960468264027, 1282.2374461256722, 1320.206478478748, 1358.4624911616625, 1397.3085450482417, 1435.9044496422052, 1473.8989044296031, 1511.0860143234104, 1546.8674428089107, 1581.4425862281082, 1613.768574544083, 1645.5511206912838, 1676.2301555167692, 1705.738459295958, 1734.439844843736, 1762.8042451778356, 1784.5694342134611]","[4.178124899999999, 4.1739116, 4.1709981, 4.1686354, 4.1668634, 4.1653671, 4.1640677, 4.162925700000001, 4.161980600000001, 4.1610355000000006, 4.1604447, 4.1595788, 4.1590276, 4.1584368]",2851.0237135860216
352,0.5,1,45,"[0.0, 25.492378794481, 60.87957733758492, 95.59688503946018, 130.04314068034114, 162.9542738122808, 197.77243535245805, 234.76950755395603, 273.4991709507482, 317.91844353135696, 369.12427083286934, 421.0292322548761, 470.3480913152961, 516.9969214421064, 561.4769592302287, 604.2021213371888, 644.7010878590816, 684.7788948039765, 724.085468044837, 763.6084376060078, 801.2864329164638, 837.7910398655656, 872.8397869150554, 906.713504882063, 940.4790602452697, 973.1508052202105, 1006.012450703513, 1038.2078366145893, 1071.4157687699476, 1104.4616789233385, 1138.5233986317387, 1172.8162660083262, 1208.068868346689, 1243.887274699522, 1280.7663421390005, 1318.2416217523967, 1356.7330315718373, 1395.4384730766321, 1434.1962397100642, 1472.5308056812466, 1509.4566760864072, 1544.845039567929, 1579.4696608455813, 1612.1786591782663, 1644.022111433219, 1674.4599809044994, 1703.920048588422, 1732.8665939343596, 1760.9835358661085, 1784.5031090086532]","[4.1780858, 4.1737146, 4.171037200000001, 4.1686354, 4.1667452, 4.1653275, 4.1640677, 4.162925700000001, 4.1618624, 4.1609964, 4.1603661, 4.159421, 4.1589484, 4.1582794000000005]",2850.172464921468
353,0.5,1,45,"[0.0, 25.818624630134252, 60.7773494400995, 95.96429072965884, 129.6330544218378, 163.41529794881836, 197.84447941683078, 234.20335180266437, 273.3220478980318, 317.97252360804345, 369.29150578868195, 421.3149481115989, 469.9841893511255, 516.8066391387924, 561.4596523040836, 603.4672880675621, 644.178277270071, 684.3381958720436, 724.1510712819852, 763.2125216148977, 800.8180543865844, 837.6480111331175, 872.269999073701, 906.4012570815855, 939.9033710829183, 972.8095166261073, 1005.3880663797584, 1038.2915651923477, 1071.1973502882836, 1104.5449644044045, 1138.1949356376992, 1172.9303340749464, 1207.7688819491532, 1243.6450726903518, 1280.4709348364745, 1318.082358481056, 1356.0934538174479, 1394.930965169925, 1433.6365215295339, 1471.534768899265, 1509.068227131961, 1544.7902249410301, 1579.0415931584573, 1611.7157871812435, 1643.4888925515831, 1674.0611656279877, 1703.5578116145673, 1732.3411722460999, 1760.465624016914, 1783.7458705282259]","[4.1780462, 4.1736755, 4.1709585, 4.1687927, 4.1667056, 4.1652884, 4.1639891, 4.162886100000001, 4.161980600000001, 4.1609173, 4.1602874, 4.159421, 4.1590276, 4.1582003]",2849.4407102849627
354,0.5,1,45,"[0.0, 25.936922637270072, 61.028459679435116, 96.18310723616065, 130.26309360318976, 163.62559739378412, 197.90440467964652, 235.18382219072134, 273.68994737878893, 318.3920664530418, 369.3257701543989, 420.95234914056175, 470.0727809837018, 516.8950077453308, 561.270570008122, 603.7335007978494, 644.6672219230712, 684.405354374664, 724.0939632476228, 763.2476674539192, 801.1885434779457, 837.7287641766137, 872.8942979090342, 906.8622980143967, 940.1408930354415, 972.6383344542163, 1005.2950999257756, 1038.3481861487835, 1071.5685369629364, 1104.401801517181, 1138.2312813902781, 1172.6384498540924, 1207.535251122909, 1243.405791301689, 1280.1319458723206, 1317.7994619882566, 1356.0376525947304, 1394.7426902991351, 1433.362577795369, 1471.681814336349, 1508.5283428620814, 1544.2475697947461, 1578.3607747309693, 1611.3395528448882, 1643.1776762488544, 1673.5432192006174, 1703.2343638818156, 1731.9113285141411, 1760.1309750747591, 1783.4096945769584]","[4.1780462, 4.1738329, 4.1709585, 4.168714, 4.1668634, 4.1653275, 4.1640282, 4.162886100000001, 4.161902, 4.1611142, 4.160327, 4.159500100000001, 4.1589484, 4.1583581]",2848.899661286217
355,0.5,1,45,"[0.0, 26.292242405732623, 61.30622001245342, 96.65514855567204, 130.97352243575062, 164.09188670332844, 198.45591687285912, 235.15416180444504, 273.821237656328, 318.2251304981161, 369.4943009032337, 421.33885845104, 470.68378302717576, 516.8130241525467, 561.6077793507128, 603.8889422673365, 645.1036647598795, 684.4107782807754, 724.2837610055004, 763.0940798116277, 801.1383349457375, 837.6471870460845, 872.9537729912944, 906.7888645658974, 939.9417834450836, 972.7910250732162, 1005.618019248111, 1038.2221761658166, 1071.3520884221289, 1104.5537201115221, 1138.3656518910288, 1172.4052410620166, 1207.8447178503784, 1243.6749438587258, 1280.3690262397517, 1317.6422916820738, 1356.1624591684686, 1395.093035006386, 1433.2206062778669, 1471.4571195673057, 1508.7248693414886, 1544.2329499854245, 1578.5457802543278, 1611.3739265999266, 1643.230383273673, 1673.627889069047, 1703.191978673227, 1731.947283426765, 1760.087515829715, 1784.46842428209]","[4.1780066, 4.1739116, 4.1708403, 4.1685958, 4.1668239, 4.1653275, 4.1637526, 4.1627684, 4.1617446000000005, 4.1608782, 4.1601300000000005, 4.1595392, 4.158830600000001, 4.1580825]",2847.973952138396
356,0.5,1,45,"[0.0, 24.41780302121606, 59.511536325473344, 94.47226255448669, 128.83971348161901, 161.94160855019493, 196.687138012059, 233.52689051050027, 272.2013625847626, 316.606543398629, 367.63438265669095, 418.9472680520988, 468.9034047682609, 515.44205809655, 559.6043810059554, 601.7581920159779, 642.8059740391991, 682.5353878163178, 722.442171114134, 761.4360740712373, 799.3555637533195, 835.8961314528503, 871.2877520190254, 905.4147002529414, 938.434434689595, 971.6730741741885, 1003.6483448334604, 1036.4679673894364, 1069.4481928494108, 1102.7859668358763, 1136.2798822466505, 1171.0995345413146, 1205.88317852905, 1241.745474384928, 1278.482830761226, 1316.1594974422958, 1354.5265210920218, 1393.6813592991218, 1431.5085612271143, 1469.7762742973237, 1507.2196250535383, 1542.3643360993315, 1577.093452393164, 1609.9699156146744, 1641.5304438616638, 1672.01471534088, 1701.7048030634103, 1730.4266692289636, 1758.6136337845408, 1782.2248992710372]","[4.1780858, 4.1737146, 4.1709981, 4.1683598, 4.1667056, 4.1652093, 4.1639495, 4.162847, 4.1618624, 4.1609569, 4.1600513, 4.1595392, 4.1586728, 4.1582398000000005]",2847.063362311605
359,0.5,1,45,"[0.0, 19.676010369026358, 53.96740049074606, 89.43323194836535, 123.59902636263689, 157.08811314908075, 191.15827565045242, 227.69279651038812, 266.90217190528824, 311.11963168205546, 362.0306210475205, 413.59573936210745, 463.222440854065, 509.60033965374, 554.5955451273736, 596.1909431019385, 637.316486688905, 677.08089680361, 716.8387354349237, 755.18354033262, 792.1824807180677, 829.3744661992279, 865.34344932295, 899.762790407117, 933.0012094918344, 965.7042903516611, 998.4912629220427, 1031.1084559382189, 1063.744573932815, 1096.949876615803, 1130.7973739857443, 1164.7852035900155, 1200.081755890938, 1236.2012574730256, 1272.671166202298, 1310.0103935455109, 1348.1315469846058, 1387.1116577111134, 1425.5052817868705, 1463.4852293890485, 1500.5194674359018, 1536.6241058904193, 1570.8904040160396, 1603.8283500347143, 1635.2837781095232, 1665.9727465473766, 1695.5849419758188, 1724.171900550899, 1752.397323033796, 1769.1535933338746]","[4.1779675, 4.1737542, 4.1707616000000005, 4.1685958, 4.1665092, 4.1652093, 4.1639495, 4.1626892, 4.161705, 4.1607995, 4.1600118, 4.1592636, 4.1586728, 4.1580825]",2846.102693811852
360,0.5,1,45,"[0.0, 19.1824829281839, 54.26126806243161, 89.37295731619793, 123.47767683218404, 156.7820290774893, 191.06812201861868, 227.96357726566413, 266.7797506021513, 311.04302370340446, 362.21505173126724, 413.7727833263138, 462.73518153788183, 508.94133581157763, 553.8554286284395, 596.0679705383659, 636.6330996534064, 676.9691853504487, 716.6401267664046, 755.3722302086142, 793.413818474894, 829.8210686429436, 864.8569802463614, 899.2355002753152, 932.8346400164805, 965.4027472776693, 997.4917698670943, 1030.2847669529297, 1063.3269706854508, 1096.5315373214198, 1129.9424406676749, 1164.5615682813752, 1199.538769489952, 1235.438300269702, 1271.964225171469, 1309.663705314807, 1347.5499430929724, 1386.1813190445855, 1424.5972901181399, 1462.760582999351, 1500.2016697201134, 1535.8755719551561, 1570.0548403209812, 1603.3659677515384, 1634.488360002579, 1665.26789304533, 1694.8077864678996, 1723.5900514155226, 1751.8252529725248, 1769.9617246159512]","[4.177849299999999, 4.1735573, 4.1706829, 4.1682415, 4.1665092, 4.1649733, 4.163713, 4.162531899999999, 4.161586799999999, 4.160681200000001, 4.1598935, 4.1592636, 4.1585941, 4.1579642]",2844.923160120441
361,0.5,1,45,"[0.0, 20.470829737321196, 55.498773266856006, 90.48547229370644, 124.53487696914652, 158.2723138870926, 192.09707546273756, 229.05667504287675, 267.56298264289575, 311.6899650769445, 362.97033593815644, 414.9034426188553, 463.80210307595183, 510.07983654016374, 555.1784816521792, 597.126774410701, 638.0577319226263, 677.5621542197684, 716.870571130393, 756.1267668774885, 794.0882457820333, 830.4174272629632, 865.8871658236594, 899.7791030716112, 932.846095597748, 965.8770875606931, 998.7254898608328, 1031.5436724984877, 1064.0443389677916, 1097.1757393015116, 1131.3104155023502, 1165.326445512816, 1200.1433205465648, 1236.1349037742914, 1272.9461578609985, 1310.1757988441811, 1348.5262947321269, 1387.1003980927146, 1425.2876902649823, 1463.642562829714, 1500.7779901032798, 1536.7572894607822, 1570.9379831593535, 1604.090585317658, 1635.483225309113, 1666.0690840933123, 1695.629902574681, 1724.3215500046806, 1752.5838916977843, 1770.5416384365506]","[4.1778102, 4.1735182, 4.170564700000001, 4.168438399999999, 4.1665092, 4.1650128, 4.1637526, 4.1626501000000005, 4.1616654, 4.1607995, 4.1598935, 4.1591849000000005, 4.1585155, 4.1578069]",2844.120853402776
362,0.5,1,45,"[0.0, 20.777067281707332, 55.651518486477926, 90.84559432985122, 124.64707876216261, 158.03866214625458, 192.24509497210255, 229.21912073610355, 268.13142869360837, 311.99461739955683, 362.7208002046305, 414.52318214868995, 463.52043786711687, 510.4080085390179, 554.7841755822853, 596.7000225182376, 637.7631161149873, 677.5146986061691, 717.077321150249, 755.8581128216456, 793.9927290384323, 830.5033511179313, 865.931592696101, 900.26070954229, 933.5158745153567, 965.8960672073163, 998.2263416204657, 1031.0575034363071, 1064.0450225535292, 1096.9609203498835, 1130.6899142322286, 1165.11414982516, 1200.0990340917742, 1235.8441576349098, 1272.3156756696244, 1310.0578919648049, 1347.945640033049, 1386.4422982893132, 1425.1222150147807, 1463.3343813599888, 1500.3647515166579, 1536.4809531976384, 1570.1478949390648, 1603.191721132413, 1635.0224656876135, 1665.5117809307997, 1694.9998755789604, 1723.8450012350743, 1752.1000500335347, 1770.302601976385]","[4.177849299999999, 4.173636, 4.170564700000001, 4.168398900000001, 4.166587799999999, 4.1649733, 4.1636739, 4.1625714, 4.1615081, 4.1607995, 4.1599727, 4.1592245000000005, 4.1586337, 4.157924700000001]",2843.224213732096
363,0.5,1,45,"[0.0, 20.38128270766697, 55.46060431759662, 90.45151466072167, 124.76270323602546, 158.04123552305407, 192.66462640163343, 229.1144291230679, 267.82856996886335, 311.80794154631155, 363.07522204742077, 414.25649694685035, 463.53870139094465, 509.9437852566168, 554.6660660062741, 597.133349939608, 637.6211737070951, 677.4352237433859, 716.761917350867, 756.3594286675752, 793.807548515708, 830.4809906556495, 865.9252586978218, 899.8474822739679, 933.0426996970316, 965.7322352488493, 998.5120384582665, 1031.6271746834334, 1064.0952294084884, 1096.8651558806393, 1130.4220069696783, 1164.9343329369397, 1200.0089426488553, 1235.7736819855222, 1272.3778801267601, 1309.9570539100957, 1347.9109901467323, 1386.688079701278, 1425.1638864716624, 1463.285993755765, 1500.0912441833257, 1535.982326448947, 1570.6470394174214, 1603.2877000300425, 1634.7068098607053, 1665.3467401322112, 1694.9170891249476, 1723.6178792630346, 1751.8608944003488, 1768.6681650618468]","[4.1777706, 4.1734786, 4.170564700000001, 4.1683202, 4.1665092, 4.1648946, 4.1636739, 4.162531899999999, 4.161469, 4.160563, 4.1600118, 4.1592245000000005, 4.1585155, 4.1577673]",2842.241319163952
364,0.5,1,45,"[0.0, 33.42039717538165, 68.09011637612781, 103.41980515119502, 137.16260288018162, 170.64214537418815, 204.577780569421, 241.825249619575, 280.4545153365884, 323.92934246072565, 375.16285106131994, 426.3707224219282, 475.7152100484489, 522.6197045279125, 566.8339580922575, 609.352851627619, 649.8979119710516, 689.6929009277835, 728.966389786309, 768.05856576989, 806.0682997079341, 842.7675335401932, 878.0536444206855, 911.5890507400964, 945.0050934880337, 977.778369676194, 1010.578809761671, 1042.9998370398162, 1075.6101399269237, 1109.1401898381155, 1142.468346270561, 1177.108737548814, 1212.0005854121198, 1247.558512443308, 1284.3719700458541, 1321.9862785569599, 1359.5500127513135, 1398.7381476123999, 1437.1442488766702, 1475.2794467024983, 1512.6397268056521, 1547.936843105494, 1582.545217069349, 1615.5482526534647, 1646.823278437378, 1677.3721774305484, 1706.7879742611888, 1735.7202870980116, 1763.9673218916703, 1784.1519202151142]","[4.177849299999999, 4.1735182, 4.170564700000001, 4.1682415, 4.16643, 4.164855, 4.1635952000000005, 4.1625714, 4.161586799999999, 4.1606417, 4.1598544, 4.1591849000000005, 4.158555000000001, 4.1578856]",2841.595868819443
365,0.5,1,45,"[0.0, 32.78982740920031, 67.4373825355288, 102.87262540068099, 136.89143012103165, 170.25361342054663, 204.52916635618664, 240.9818709724862, 279.5524203058606, 323.2701069183967, 374.34157107188645, 425.8686456022156, 474.72603378874015, 521.5241783640879, 566.1207901561222, 608.4224262589912, 648.8420186730734, 688.8400362931793, 727.7763773096035, 766.8456133925877, 805.211504142469, 841.769697441131, 876.8672616729089, 910.663506887006, 943.7906049911674, 976.7873203002098, 1009.2240507855593, 1041.8786386194447, 1074.4710456784628, 1107.7015873204364, 1141.4640246666374, 1176.108323092913, 1210.755344324184, 1246.2986979064817, 1283.1907149654292, 1320.6023749565159, 1358.8491193335306, 1397.2398411673764, 1436.247050694579, 1473.8831863574242, 1510.5227415378595, 1546.6297755571861, 1580.9225683548075, 1613.9260954616343, 1645.5960679630791, 1675.9983565605705, 1705.7623024644697, 1734.434595261491, 1762.7203820579282, 1783.8047223559572]","[4.177888899999999, 4.173636, 4.1704464, 4.1682019, 4.16643, 4.164855, 4.1635556000000005, 4.1623745, 4.161469, 4.1606417, 4.1598935, 4.1591063, 4.1583185, 4.1578856]",2840.738394205595
366,0.5,1,45,"[0.0, 19.86784581653353, 54.893925270329476, 90.08049107121474, 123.93644710814607, 157.53548619182305, 191.84250159497168, 228.12199841998057, 266.939267818888, 310.61651453231974, 361.1249532950697, 412.4754684048708, 462.0252328204853, 508.4808237153691, 552.8158088018249, 595.2062473786152, 635.7948132479678, 675.6622408109765, 714.8780324312654, 753.7830350815343, 791.8846989563688, 828.6852480995458, 863.649605305189, 897.5095957790709, 930.7916005163142, 963.8630587743016, 996.3024788195005, 1029.1975084998796, 1062.1659462425846, 1094.8788366337571, 1129.000990233923, 1163.1316560040707, 1197.9441393545046, 1233.3350124723427, 1270.134189913879, 1307.6097344367126, 1345.225711669234, 1384.344618910073, 1422.6987913112039, 1460.9531949432794, 1498.120489536292, 1533.5771730150755, 1568.1209670401208, 1600.683165864799, 1632.541947278285, 1662.8288995482105, 1692.5643106050268, 1721.2863163236623, 1749.4646037951563, 1768.924194253608]","[4.177731, 4.1734786, 4.170486, 4.1682415, 4.1664696, 4.1648946, 4.1635165, 4.1624532, 4.161469, 4.160563, 4.159775700000001, 4.1590667, 4.1583972000000005, 4.157846]",2840.1533130847192
367,0.5,1,45,"[0.0, 33.15893293652016, 67.7471791093422, 103.087117876366, 137.05774540171376, 170.4051991572925, 204.95771020952714, 241.3224158966351, 279.8021599087647, 323.1502625739587, 374.25398028894415, 425.7373124679656, 475.0191990516861, 522.1928979251891, 565.8526595712274, 608.3213668234979, 649.1538378292859, 688.922799682464, 728.6305107381523, 767.3675050078381, 805.3479282948841, 842.0646172649309, 876.5997985357818, 910.8145010183974, 943.8809304099271, 976.6135411655247, 1009.2854325059324, 1042.1504906254377, 1075.3332052458209, 1107.728104880403, 1141.6008337413673, 1175.3744926784193, 1210.8201463461542, 1246.4228749750164, 1282.8420844082684, 1320.487158370434, 1358.5669013121078, 1397.3519378723736, 1435.7719184655061, 1473.7005522382851, 1510.3944772535501, 1546.4501240269983, 1580.4259459808186, 1613.5169096647141, 1645.220855355371, 1675.7758624287676, 1705.49062660988, 1734.1202947328884, 1762.3121596741594, 1782.9746593015543]","[4.1777706, 4.1735182, 4.1704464, 4.1682415, 4.16643, 4.164855, 4.1636343, 4.1623745, 4.1613898, 4.1606026, 4.1598935, 4.1591454, 4.1584764, 4.157846]",2839.473104624026
368,0.5,1,45,"[0.0, 32.51533196885873, 67.35693002556786, 102.65277979527082, 136.54283595167783, 170.24364490737935, 204.18132472877755, 240.68420256997638, 279.4285914824983, 322.77179229769126, 374.0015929938837, 424.98213847282216, 474.2845814385355, 520.6625778536303, 565.1048182167186, 607.654854903337, 648.4427613096765, 687.9978177790512, 727.1637100194672, 766.1865984932234, 804.0503246112861, 840.5572690095215, 875.545542860781, 909.6591293576083, 943.2308129809597, 975.9950344573896, 1008.1154158379048, 1040.98919356941, 1074.0151768061855, 1106.7572566315002, 1140.4047997640864, 1174.575717876639, 1209.6026737254542, 1244.7214344983176, 1281.749569402029, 1319.2085155455702, 1357.2136377453485, 1396.0874489681828, 1434.6498393809193, 1472.7057906535497, 1509.5115255658789, 1545.312666422472, 1579.442572800779, 1612.5295576697717, 1644.0722036445345, 1674.6938370302387, 1704.3339787621808, 1733.0411556315062, 1761.1122098958585, 1783.3218303264703]","[4.1777706, 4.1735182, 4.170486, 4.168162799999999, 4.1663909, 4.1649337, 4.1635952000000005, 4.1623349, 4.1614294, 4.1605239, 4.1596966, 4.1590276, 4.1583972000000005, 4.1577673]",2838.9423263650187
369,0.5,1,45,"[0.0, 30.62012546934932, 65.25069788742036, 100.19774204661462, 134.67986121715637, 167.87647910219414, 202.35643360661027, 238.60799436414413, 276.8809979593027, 320.6961737051304, 371.375320796447, 423.0172730429292, 472.4395519960714, 518.6612961699518, 562.8681759291718, 605.5511588169293, 645.9116371681879, 686.0512516935706, 725.1457141666259, 763.9851371384608, 802.3292332271909, 838.6479035326064, 873.9634526284595, 907.6471698953252, 940.8331169864815, 973.4092205041387, 1006.1202566269691, 1038.537443034647, 1071.6787099851708, 1104.7413165633543, 1138.2133851153035, 1172.7586380751368, 1207.6284878360489, 1243.3055875055243, 1279.9501738435697, 1317.2954958895234, 1355.3136059067979, 1394.3471764990209, 1432.603441497501, 1470.7888187698272, 1507.3780336046761, 1543.7078095896795, 1577.7023308650091, 1610.5174900915986, 1642.3249271067066, 1672.871126446461, 1702.3930209513896, 1731.2061652923458, 1759.3299820998086, 1784.3470418350544]","[4.1776524, 4.1733999, 4.170486, 4.168162799999999, 4.1663122, 4.1647763, 4.1635952000000005, 4.1624136, 4.1612325, 4.1604843, 4.1596575, 4.158830600000001, 4.1582794000000005, 4.1576886]",2837.7069836834057
370,0.5,1,45,"[0.0, 31.416542826830835, 65.95698609307078, 101.328963277453, 135.60017709667494, 168.71995185619147, 203.08870991421298, 239.70191130681116, 278.20626589697935, 321.50033534213384, 372.1903398657534, 423.7969040402423, 473.0497808996153, 519.3529555515006, 564.1643179371147, 605.97742158505, 646.7565983445538, 687.0268729767956, 725.8459802540506, 765.011442818276, 802.8344062195467, 839.3087527115597, 874.0141883718491, 908.4922397130995, 941.6095421515631, 974.3929309638211, 1007.2775712226876, 1039.653531857115, 1072.2153597982244, 1105.355283052617, 1138.9854273792412, 1173.3052533356922, 1208.3357248328562, 1244.0894986528458, 1280.7404288457983, 1317.7585512240446, 1356.1231847013776, 1394.5620842188162, 1433.1336175438066, 1471.1891219065742, 1508.0997127298087, 1544.0718767887151, 1578.2335036732977, 1611.1326388615014, 1642.798879670139, 1673.2747448038956, 1702.9338996969625, 1731.744782919506, 1759.867635214962, 1783.2964294527872]","[4.1776133, 4.1733999, 4.1704464, 4.1681232, 4.1662335, 4.1647372, 4.1635165, 4.162256200000001, 4.161469, 4.160405600000001, 4.1596966, 4.1589484, 4.1581612, 4.1575704]",2837.004414261748
371,0.5,1,45,"[0.0, 31.961880945666906, 66.65042825948052, 102.06809828948235, 136.20575959033908, 169.62099263788423, 203.93138375930198, 240.29944444921648, 278.4129906906966, 321.8801162600971, 372.2485682093121, 424.16364039711186, 473.58540204632095, 519.9137188645597, 564.4532582029684, 606.5789638673398, 647.31634318179, 686.7375702974157, 726.3239318143212, 765.621648768069, 803.5179723096396, 839.5772157133545, 874.6705713779818, 908.9559689420157, 942.3452762027498, 975.0097291260108, 1007.2465820077459, 1040.0487123737394, 1072.7201155514895, 1106.0420711312465, 1139.6964934103776, 1173.6255215922097, 1208.4854824442807, 1244.3893305048866, 1280.3591179645045, 1318.2801217060148, 1356.3962414752386, 1394.7480883214605, 1433.189469078496, 1471.0233185625088, 1508.3864763289428, 1544.125528268922, 1578.2612886610948, 1611.0631878728339, 1642.8573440109976, 1673.3376491236968, 1702.834477244981, 1731.7083291017934, 1759.7934186238185, 1783.274132585313]","[4.1776524, 4.1735182, 4.1702499, 4.168162799999999, 4.166194, 4.164619, 4.1633983, 4.162256200000001, 4.161350700000001, 4.1603661, 4.1596179, 4.1587911, 4.1581216, 4.1576886]",2836.2655737668183
372,0.5,1,45,"[0.0, 30.41108151996997, 65.24788039277502, 100.11500525008876, 134.35482113738567, 167.73254390302816, 201.75194151314645, 238.53702120837056, 276.62752343654665, 319.9014683091506, 370.8870759542177, 421.86607770041667, 471.320147047414, 518.1075705076062, 562.0129826392339, 604.2261993146002, 645.5208783473466, 684.61102472151, 724.233605402287, 763.3345695379361, 801.0862431325505, 837.4888593499553, 872.5407885377768, 906.8090788722665, 939.8514381501171, 972.6289770093002, 1005.0614219651483, 1037.775903837447, 1070.9227993780646, 1103.5111341079755, 1136.934263669179, 1171.613380650624, 1206.3655753175735, 1241.8722392646955, 1278.6132984369342, 1316.0125331609006, 1354.1609647502892, 1391.9910948994134, 1430.7883497947432, 1468.7011087429828, 1505.926031441371, 1541.5270118357726, 1575.8697946547536, 1608.7494475715466, 1640.280477197006, 1670.9346396659944, 1700.427546065212, 1729.2013459463183, 1757.44627957192, 1782.7764521164281]","[4.1776133, 4.1733603, 4.1704464, 4.1679263, 4.1662335, 4.164619, 4.1633587, 4.1620989, 4.161075100000001, 4.160327, 4.159500100000001, 4.1587911, 4.1582003, 4.157609900000001]",2835.640387887642
373,0.5,1,45,"[0.0, 29.13579011613291, 63.73193512655797, 98.78707841370237, 133.155980777886, 166.25280196337957, 200.5804360543479, 236.9135109263447, 275.46573480195497, 319.0081461189131, 369.03939578827277, 421.04929054616224, 469.6383761368665, 516.7273875275191, 560.822087737391, 602.905434596576, 643.8580027137048, 683.4747997852105, 722.7760260445614, 761.577941206988, 799.3774915279016, 835.9741533900151, 871.2594626889063, 905.240569190307, 938.4202680559417, 970.8650856445649, 1003.4037954139906, 1036.1604988633774, 1069.0037719145237, 1102.5982396178617, 1135.7731490412227, 1169.8889591346779, 1204.7843534782276, 1240.5212775775988, 1276.8082516503719, 1314.3445491981, 1352.7550196518011, 1390.7373424601876, 1429.2140775578719, 1467.4201630574223, 1503.9874430826303, 1540.044782760021, 1574.615249610597, 1607.3082692697155, 1638.8353449004064, 1669.3518531025272, 1699.0036051213913, 1727.7158223420895, 1755.9422832792754, 1782.79542795695]","[4.1775346, 4.1733999, 4.1704073, 4.1680841, 4.1661544, 4.1646581, 4.163161799999999, 4.1621776, 4.161075100000001, 4.1602874, 4.159500100000001, 4.158752, 4.1582398000000005, 4.1574917000000005]",2834.911878700761
374,0.5,1,45,"[0.0, 29.20947204387204, 64.0497938589424, 99.21182708937539, 133.1207760927624, 166.43317043158936, 201.06623733222227, 237.09535412225227, 275.31022589575684, 319.0495863858854, 369.159189199695, 421.2993496811555, 470.04759836514995, 516.64191202604, 561.2064783306948, 602.9932741808241, 644.0533334785688, 683.4102852884445, 722.7602314725631, 761.780720288575, 799.3460660231234, 835.8786372545165, 871.135541085342, 904.8547331307906, 938.1138488077453, 971.0467533799168, 1003.4134400390404, 1036.4242741371113, 1068.9580439042588, 1101.6904618175167, 1135.462222064899, 1169.675304856251, 1205.3374501322419, 1240.4195455735198, 1276.691951552279, 1313.9447177211596, 1352.4181444066658, 1390.5241416103668, 1429.279116556365, 1466.6977123552715, 1504.0616584021327, 1540.0166500114588, 1574.2967207005918, 1607.0212887495086, 1638.619302215408, 1669.2898041901703, 1698.8967555876902, 1727.4510650596953, 1755.6078207001501, 1781.9621289781353]","[4.177495, 4.173203, 4.1703677, 4.1680055, 4.1661153, 4.1645007000000005, 4.1632409, 4.1620989, 4.1611142, 4.1604447, 4.1593819, 4.1585941, 4.1580825, 4.1573734]",2834.149948109945
375,0.5,1,45,"[0.0, 27.832949622483284, 62.59008211147477, 97.46838334866328, 131.90164390254597, 165.46609028042485, 199.21236838373056, 236.21507580558568, 274.0898878759142, 317.55282326238216, 367.8290525668349, 419.420080757371, 468.79051807824055, 514.6351916296779, 559.3165273601519, 601.8062960213877, 642.4062039289906, 682.0048977497422, 721.1571460982741, 760.0962668965333, 797.8215020104201, 834.2457893224557, 869.3679017620593, 903.5075397303833, 936.7820435730987, 969.4887399411891, 1001.7901660106631, 1034.3654292751826, 1067.3292715583807, 1100.1781012358301, 1134.0607392670042, 1167.9299696296662, 1202.8600191598443, 1238.3156765081687, 1275.0287805530074, 1312.3227984053628, 1350.7179797531692, 1388.9372412610003, 1426.9338862652319, 1465.2844455020113, 1502.1263645886606, 1537.9369671305492, 1572.2668379047873, 1604.8869008147194, 1636.6209511317943, 1667.2222038547422, 1696.7792241431941, 1725.4760711411475, 1753.7012356499224, 1769.9737264923776]","[4.177495, 4.1733212, 4.1702499, 4.1679659, 4.165997, 4.1645794, 4.16328, 4.162020200000001, 4.161075100000001, 4.1601300000000005, 4.159460500000001, 4.1587124, 4.1580825, 4.157413]",2833.450312088892
376,0.5,1,45,"[0.0, 28.77299924696308, 63.16135160244295, 98.5125851013645, 132.69637534054448, 165.97632000292333, 200.30923507936677, 236.72408142664256, 275.4702164075651, 317.8719689806155, 368.55201695472897, 419.76397932040265, 468.7897537157436, 515.7046868024814, 560.0825495837645, 601.9015402793495, 643.1025612047256, 682.7093880601117, 721.6949258577317, 760.4751588545873, 797.9733925639327, 835.0741329356576, 869.938334328466, 903.4772677119065, 936.8999681704033, 969.5483373714051, 1002.0884458404148, 1034.7607797679823, 1067.5279522628355, 1100.824395953019, 1134.2969499524306, 1168.0578308263582, 1203.4629937777222, 1238.8678908060767, 1275.3895514521907, 1312.2271753193581, 1350.2702765118372, 1389.1561872053555, 1427.318632328783, 1464.9792890512063, 1502.1904126295656, 1537.9796962451803, 1572.408868877156, 1604.9959245182833, 1636.7737982421984, 1667.3996459182752, 1696.8304838896568, 1725.6381768150015, 1753.7444718473173, 1770.4544029410806]","[4.177495, 4.1731634, 4.170092100000001, 4.1678476, 4.1659184, 4.164382499999999, 4.1632409, 4.162020200000001, 4.1610355000000006, 4.1601691, 4.1593423, 4.158555000000001, 4.1579642, 4.1572556]",2832.762290922039
377,0.5,1,45,"[0.0, 26.4760606777528, 61.82667918117045, 96.89114402820798, 131.34062036425894, 164.34321325923327, 198.48346399431136, 234.5923576582842, 273.19976316066175, 316.2060715059554, 367.1109495202213, 418.21437788912476, 466.9497040090514, 513.4475577494616, 557.8346551019903, 600.4848842570021, 640.9150305518019, 680.7125754232511, 720.1097509002336, 758.8129049931799, 796.3736992573633, 832.7999810683184, 868.5648779061512, 902.1101393616195, 935.2446668063926, 967.9623903460533, 1000.579483222291, 1033.018034192128, 1065.5929007433099, 1098.7229937766206, 1132.2774582076086, 1166.7733745199153, 1201.585083956594, 1236.7944764931883, 1273.669303522995, 1310.8543278322525, 1349.1760870200428, 1387.3526660074558, 1425.3981742303058, 1463.9704160441129, 1500.4141611209723, 1536.3273211061294, 1571.16066340931, 1603.7837470542845, 1635.1286170428104, 1665.616556009682, 1695.3312537657484, 1724.2136003093165, 1752.2946305334767, 1768.622610841674]","[4.1775346, 4.1731243, 4.1703286, 4.1678872, 4.1660366, 4.1645403, 4.1632013, 4.162138, 4.161075100000001, 4.1602874, 4.159421, 4.1586728, 4.1579642, 4.1573343000000005]",2832.3917490020062
378,0.5,1,45,"[0.0, 27.765585617806153, 62.35894551341357, 97.95543039540229, 131.66429472683387, 165.28840233839128, 199.49462783200386, 235.89219047806398, 274.28135935841715, 317.3563857762373, 367.5365208171419, 418.9829511701329, 468.0351617076112, 514.7749138483347, 558.8395640335431, 601.3187224548042, 641.7751606099366, 681.7624878516208, 720.5990873440326, 759.498646784042, 797.5408766787682, 833.7240867245314, 869.0011945084041, 902.450224440659, 936.0571869392347, 968.5461467378016, 1001.0872862667716, 1033.6391855628513, 1066.5613143890241, 1099.3600858521786, 1132.61160528786, 1166.8661047125916, 1201.988310784072, 1237.7410322322958, 1274.003239699433, 1311.4147297576733, 1349.5332588994859, 1388.085363734151, 1426.3242547960238, 1464.248933433773, 1500.8991298248766, 1537.0864520954813, 1571.2916975586973, 1603.9623351617547, 1635.7357332789172, 1666.2949568485922, 1695.9415501658302, 1724.6226923906772, 1752.7973140555562, 1769.4560671177167]","[4.1774554, 4.1731634, 4.1701708, 4.1677294, 4.1660366, 4.1643434, 4.1630044, 4.161980600000001, 4.1610355000000006, 4.1600513, 4.1595392, 4.1585155, 4.1579642, 4.1573343000000005]",2831.534426493734
379,0.5,1,45,"[0.0, 27.834666051938427, 62.14822846526397, 97.30105637385998, 131.3065678201828, 164.75190705219, 198.96901244034285, 235.46560848325333, 273.77682062841365, 316.85312513784874, 367.3937324003859, 418.80809649512065, 467.3707151170925, 513.9678865398223, 558.0067638505891, 600.262912544018, 640.4579252554993, 680.4166585185458, 720.0562921448818, 759.2122786090445, 796.3585935643043, 833.0851162696704, 867.868589059974, 901.6891830183113, 934.9586364010092, 967.9028250707122, 1000.2087654574916, 1033.4032123121688, 1065.5881783510329, 1098.5639727507428, 1132.3473350885797, 1166.2927551152438, 1201.141277025095, 1236.7020298902066, 1273.034350868988, 1310.305510674089, 1348.20890570599, 1386.8048605014699, 1425.0744014693955, 1463.317762872226, 1500.1474293163253, 1536.0873092085847, 1570.446178438919, 1603.3351445541489, 1634.6280270015727, 1665.1923717522034, 1694.8011155064085, 1723.4649368121147, 1751.7758096940777, 1769.139719606934]","[4.1772981, 4.1730456, 4.1699347, 4.167769, 4.165957499999999, 4.1643038, 4.1631227, 4.162020200000001, 4.1609173, 4.1600904000000005, 4.1593032, 4.1584368, 4.157924700000001, 4.1572161]",2830.869380865476
380,0.5,1,45,"[0.0, 25.61860623975639, 59.649354712143406, 95.08321902131473, 129.01903956782428, 162.41130775849933, 196.4660449900789, 233.14971174627965, 271.4462012140963, 314.4660877833106, 364.7174627676179, 416.00667858474765, 465.37372327690287, 511.68594669037464, 555.928854917086, 598.1300823176831, 638.8079098867705, 678.0634994501069, 717.3642204775721, 756.4279967809267, 794.1805199422569, 830.7082196579116, 865.5724401132308, 899.7576194913692, 933.1845970484302, 965.2934815106327, 998.1501175919742, 1030.2032247356897, 1063.194696137381, 1096.4076750863146, 1130.0000282479423, 1163.8506698969618, 1198.905825357509, 1234.3281237860315, 1270.794938300557, 1307.955336538509, 1345.9078254759424, 1384.343135495677, 1422.3986258027385, 1460.6410610880562, 1497.5465175715021, 1533.5843598333508, 1568.1082377337243, 1600.956465347113, 1632.2482725125933, 1662.7764621067777, 1692.381028239803, 1721.1532028635938, 1749.311155797765, 1768.3624497075066]","[4.1773767, 4.1729274, 4.1699739000000005, 4.167690299999999, 4.1658397, 4.1642647, 4.162925700000001, 4.1618624, 4.1607995, 4.1599727, 4.1591454, 4.1584764, 4.1576886, 4.1571765]",2830.241330754528
381,0.5,1,45,"[0.0, 24.947795835660088, 59.47827348143335, 94.85253277717356, 128.8382631239062, 162.09378887778627, 196.29820745912792, 232.37574573100807, 270.76856386768435, 313.9699029004225, 364.26737274628596, 415.1318617539376, 464.4812546915653, 510.7972522799358, 554.9224750069861, 597.359706715047, 638.2108498415362, 677.5721133534612, 716.667654970674, 755.7512823589032, 793.5656979478995, 829.8905434180817, 864.794615581596, 898.6327354687041, 931.7858788843614, 964.7289596590792, 996.9546019560614, 1029.772320911683, 1062.1771797093584, 1095.3208838114965, 1129.0845584505107, 1162.9907227889382, 1197.6933335922758, 1233.3555698363607, 1269.8288561284562, 1306.6829406365805, 1344.8948224973558, 1383.4809869936914, 1421.9761378119033, 1459.824670844054, 1496.4320767593242, 1532.4034478256606, 1566.3467065712614, 1599.4454170128504, 1631.2352956120337, 1661.7134487748665, 1691.398529158557, 1719.9566065509332, 1748.2683410296806, 1768.5232162155505]","[4.1772585, 4.1731243, 4.1699347, 4.1676507, 4.1658397, 4.1643434, 4.1630831, 4.1618624, 4.1607995, 4.1599331, 4.1590276, 4.1583581, 4.1577673, 4.1570978]",2829.460533185904
382,0.5,1,45,"[0.0, 25.695039360520695, 60.54649421591682, 95.9720837897263, 129.74825334180917, 163.35453704898083, 197.30756225188458, 233.75963469599156, 272.029463543614, 315.46694321390277, 364.9031954768312, 416.1114050613799, 465.20567965573383, 511.8781269903969, 556.0065595945982, 598.4575492648746, 638.7409949886767, 678.3259677630392, 717.2650670040837, 756.1111484543001, 794.0151220547104, 830.7989248191093, 865.4410303036755, 899.766180561772, 932.8493886345782, 965.5433712316967, 998.1111907553745, 1030.7759946871706, 1063.2906393449414, 1096.0645716034849, 1129.3261187019607, 1163.7195600936416, 1198.6298247950724, 1233.7652287145243, 1270.398557124401, 1307.5949440820325, 1345.5221584963328, 1383.959928861166, 1422.3418508345064, 1460.4284826868375, 1497.3686221205305, 1533.052084757975, 1567.639043307566, 1600.225759443601, 1631.6483282827967, 1662.527397950073, 1692.168033973841, 1720.7064859228326, 1748.921922261367, 1767.9432037270772]","[4.1773767, 4.1729665, 4.170053, 4.167690299999999, 4.1658397, 4.164382499999999, 4.163161799999999, 4.161980600000001, 4.1609173, 4.1600513, 4.1593032, 4.158555000000001, 4.1578069, 4.1572948]",2829.095630738388
383,0.5,1,45,"[0.0, 26.5748435978565, 61.26786351802917, 96.34044550117699, 130.17154824504445, 164.1675284549056, 197.92915638190487, 234.13660772290126, 272.22727486290734, 315.3504468768925, 365.4529601066691, 416.3721822646626, 465.5863970530517, 511.82141196218396, 556.3305500967244, 598.4881358832579, 638.9998156527483, 678.2763928513778, 717.7026349667965, 756.3593274677678, 793.9654889874666, 830.8054571900143, 865.8322994350799, 899.439822751325, 932.8205044823615, 965.4948218071852, 997.9100816759974, 1031.0231443657449, 1063.5164336764735, 1096.2680431507529, 1129.8556870467303, 1163.413416309865, 1198.4674421261525, 1234.3221474935651, 1270.6180242802964, 1307.8142991946493, 1345.5248392607023, 1384.357159917816, 1422.7642093508127, 1460.3772556324122, 1497.4110945558548, 1533.0390860183588, 1567.8769168233948, 1600.2851928168486, 1631.9307760069776, 1662.3858495157403, 1692.0796238636296, 1720.904251027304, 1749.0620440821688, 1768.80780916348]","[4.1773376, 4.1730847, 4.170053, 4.167769, 4.1658397, 4.1644611000000005, 4.1629648, 4.1619411, 4.1607995, 4.1600118, 4.1593032, 4.1584368, 4.157846, 4.1572948]",2828.459984638127
384,0.5,1,45,"[0.0, 23.716984993307676, 58.14407644982816, 93.6019004188957, 127.44107525553517, 160.68218095402466, 194.98823973416046, 230.89739459333936, 269.67031784810996, 312.3688894347627, 362.5917839370963, 413.3572079445092, 463.0798079833167, 509.4843422098647, 553.4797616892456, 595.3365681457349, 635.8583698328518, 675.4165519156948, 714.9829172091095, 753.6165451450288, 791.3770406403223, 827.9423256709213, 862.783492574734, 896.7581874243983, 929.9860928557503, 962.6760576320269, 995.3853901811476, 1028.0078247207707, 1061.0095083807485, 1093.6806127457598, 1126.7372210054193, 1160.8126899658926, 1195.7484337961575, 1231.12975953269, 1267.6779847874093, 1305.148004096609, 1342.8360551531907, 1381.3301458263204, 1419.9816572175218, 1457.6346001173254, 1494.203332504875, 1530.1158069161004, 1564.8308634667353, 1597.6274074002934, 1629.2069686031402, 1659.7613486128118, 1689.345852099277, 1718.213550349187, 1746.4171998985596, 1768.469970571153]","[4.177219399999999, 4.1728487, 4.169895200000001, 4.167572, 4.1658397, 4.1641855, 4.162925700000001, 4.1616654, 4.1607599, 4.159775700000001, 4.1590667, 4.1582398000000005, 4.1577673, 4.1569405]",2827.403628761938
385,0.5,1,45,"[0.0, 22.806228890229704, 57.29238079335448, 92.41154984884304, 126.67012042462397, 159.73741011651396, 193.9807648426804, 230.22196789714155, 268.96837538542593, 311.74968379185, 361.10060959903296, 412.5258232966644, 461.89097041345144, 508.2869184908518, 552.4940460935564, 594.4967531467231, 634.9982770683692, 674.388880515667, 713.7140560816036, 752.858129981467, 790.2099882682807, 826.6923418202679, 862.0326411177736, 895.7723222093206, 928.8774749356127, 961.4546490280642, 994.314182678614, 1026.4225389724556, 1059.2473245656543, 1092.3569928277047, 1125.6400714371048, 1159.9056541194263, 1194.4415165589453, 1230.1943583107773, 1266.561833378083, 1303.925227547195, 1341.9515648423612, 1380.1851104969232, 1418.5543209128014, 1454.2875758811142, 1496.0091251802987, 1528.2394745318252, 1562.5521027201694, 1596.0739216122515, 1627.8482155276624, 1658.5536854166244, 1688.2096393341822, 1716.9563846048486, 1745.1068613062403, 1762.1778652366802]","[4.1772585, 4.1729274, 4.1698561000000005, 4.1676116, 4.1657214, 4.1643434, 4.162886100000001, 4.1617446000000005, 4.160681200000001, 4.1599331, 4.158988, 4.1583185, 4.157649, 4.1570191]",2826.852490417074
386,0.5,1,45,"[0.0, 22.42587101385857, 56.95805815318022, 92.06722302996559, 126.48974562648021, 160.15246928331334, 193.98855728803022, 230.19532341945245, 268.2702306230695, 310.9482059003171, 361.14419407217434, 412.42282544966116, 460.9947072722136, 507.60735380201396, 551.705445374718, 593.796675042963, 634.7959221786718, 673.9293990167223, 713.2174324774091, 752.1384909422118, 790.0443001731917, 826.6041532847921, 861.6101891543083, 895.5020284752679, 928.6820377615868, 961.3367868679113, 994.1940928352476, 1026.527964316669, 1059.0379152002106, 1092.3133774215705, 1125.6181269712126, 1159.8436253617394, 1194.666718617809, 1230.210638003527, 1266.5995043351195, 1303.648016986397, 1341.8077385296074, 1380.580350881078, 1418.6439209155565, 1456.2461135408203, 1493.4575901230219, 1528.9304642248007, 1563.2357817361685, 1595.9704719479864, 1627.8981324738602, 1658.4823450169974, 1688.0280061001763, 1716.5686830363861, 1744.8372258950976, 1768.1105940520556]","[4.1771011, 4.1727304, 4.1698561000000005, 4.1676116, 4.1656818, 4.1641855, 4.162847, 4.161586799999999, 4.1606026, 4.159775700000001, 4.1589484, 4.1582398000000005, 4.1575704, 4.1569009]",2826.05860209459
387,0.5,1,45,"[0.0, 23.022947541852716, 57.13711312141021, 92.82379697252605, 126.71448092767912, 159.8938554751561, 194.16533625507668, 230.02884026573054, 268.5828503327482, 310.89250024879584, 361.1582259407984, 411.8097658860463, 461.227966845551, 507.2425511028903, 551.7644049582532, 593.8823034095311, 634.5544647869239, 673.7705910786964, 712.6554705668333, 751.8636070099018, 789.7730693974032, 826.341993608179, 861.1889111889817, 895.4603374122379, 928.6804099239788, 961.5749247074913, 993.4823683797468, 1026.1875534046744, 1058.676396465738, 1091.5774449177197, 1125.1233522078287, 1158.8081288186768, 1194.2900848994427, 1229.4741627099165, 1265.7135096899674, 1303.2981305970384, 1341.4704008588747, 1379.6632638570454, 1417.7771649501892, 1455.5782762469498, 1492.7461505320744, 1528.4892832841538, 1562.6447054016553, 1595.5426570389782, 1627.2495066060592, 1657.8468291968297, 1687.4211718413108, 1716.2096706371285, 1744.322770454049, 1767.4450594361037]","[4.1771407, 4.17277, 4.1697378, 4.167532899999999, 4.1656427, 4.1640282, 4.1626892, 4.161469, 4.1606417, 4.1596966, 4.158752, 4.1582398000000005, 4.157413, 4.1567831]",2825.083671946617
388,0.5,1,45,"[0.0, 22.42665220603135, 57.22271602182565, 92.22230073455438, 126.69361625123975, 159.81309551204754, 193.8471329404822, 229.79401466104662, 267.96598167257, 310.5771154435105, 360.72615822614046, 411.8591254698986, 460.79995507831507, 507.2233209720008, 551.3243379256023, 593.9024059777038, 634.2541290645595, 673.6737261808778, 712.6092618273822, 751.5812349518706, 789.6605811102484, 826.0429672490752, 861.0714806114738, 895.355912008748, 928.2829050379294, 961.5722766675883, 993.655920893948, 1025.8876685048347, 1059.0200913511044, 1091.831479210043, 1125.2878045045104, 1158.7690809074204, 1193.9972003746027, 1229.4480675461634, 1265.8828570909832, 1302.9695519669092, 1341.3494513179642, 1379.779938172081, 1417.9818979001225, 1455.9431517430949, 1492.4733155301724, 1528.6782365210418, 1562.6043069917082, 1595.3152479395044, 1627.1429921740419, 1657.815487534319, 1687.354957251809, 1716.1913773842807, 1744.271328921459, 1768.063523952365]","[4.1770225, 4.1727304, 4.1697774, 4.1673751, 4.1655641, 4.1640282, 4.1628075, 4.1615081, 4.1604447, 4.1597362, 4.1588697, 4.1581612, 4.1573734, 4.1569405]",2824.394818787979
389,0.5,1,45,"[0.0, 23.18766601396237, 57.52696296626033, 93.02914836321293, 126.95955457848424, 160.23046800592465, 194.42158490407996, 230.20223056991279, 268.6182337599886, 311.1929991611437, 360.50218832932353, 411.94456207266376, 461.1824197337352, 507.79027324856236, 551.8782442544592, 594.0972777056392, 634.2945355564995, 673.8271297427124, 713.1832521719556, 751.6688176267952, 789.7178183684404, 826.0691618772915, 861.4850862260397, 895.5530602547559, 928.540812000581, 961.5485781990682, 993.6881421281458, 1026.1655305036907, 1058.4435571686695, 1091.5140045353705, 1125.0308567577977, 1158.5826254751073, 1193.9057427349694, 1229.5083973474198, 1265.9226553994476, 1303.1705541976035, 1340.9358773504187, 1379.5774119696098, 1417.7372230455348, 1455.4898365840354, 1492.6134842541478, 1528.0609489818326, 1562.3656177178282, 1595.5271254447925, 1626.8968056677686, 1657.5453520121673, 1687.107234868563, 1715.886118013996, 1743.8627917646363, 1767.4927676860898]","[4.177062, 4.1728091, 4.1696982, 4.1673751, 4.1656032, 4.1639891, 4.1626892, 4.161469, 4.1604447, 4.1595788, 4.158830600000001, 4.1580038, 4.1575313, 4.1567831]",2823.678942776966
390,0.5,1,45,"[0.0, 21.48326669057724, 56.29382120155998, 91.16786800356226, 125.56013047818874, 159.4141156555255, 192.81225538745275, 229.0549298141142, 267.03188811774294, 309.50083447189445, 359.1670536847929, 410.18713081650606, 459.31016059094156, 505.9222480380415, 550.1332375042015, 592.6639179374051, 632.8562306919733, 672.164858044675, 711.1108740725064, 750.0414666281096, 787.5911286935201, 824.2115792608669, 859.7142684655774, 893.6621607330359, 926.5790822312168, 959.2360463448464, 991.845745025529, 1024.0826467574466, 1056.80484759076, 1090.1614569676453, 1123.5079119360016, 1157.2616122412628, 1191.963469462491, 1227.7600100383283, 1264.041936338247, 1301.3600688988454, 1339.0987015931973, 1377.7559382441987, 1415.6114649759525, 1453.8503038375588, 1491.123764960515, 1525.9121075540343, 1560.9577633852573, 1593.5775753203652, 1625.4902591247069, 1655.9667796926728, 1685.4776609161768, 1714.4015514913222, 1742.5716864371097, 1767.409267153253]","[4.1771011, 4.1726909, 4.1697378, 4.1672964, 4.1655641, 4.1640677, 4.1625714, 4.1615477, 4.1605239, 4.1595788, 4.1588697, 4.1580825, 4.1573343000000005, 4.1568618]",2822.9087779599354
391,0.5,1,45,"[0.0, 20.897285397373935, 55.45096928068898, 90.76683268896625, 124.80300743292736, 157.97403013904892, 192.28764422740431, 228.186915176049, 266.2299892889742, 308.46760977018624, 358.6977495161322, 409.3076125649214, 458.3624310510383, 504.8727687882884, 549.0556965153019, 591.2612296654315, 631.9197308763366, 671.4761752794386, 710.6566326186619, 749.2142187383154, 786.8830270943802, 823.6514625897573, 858.4407902350042, 892.557918639098, 925.6849446609751, 958.0926131263677, 990.6247209693363, 1023.0459138753738, 1055.6037308977511, 1089.235968017825, 1122.3754284082106, 1156.2430885055333, 1191.0821013858163, 1226.4032682164584, 1263.1276053946258, 1299.8570629652029, 1337.5737057946378, 1376.2993792681777, 1414.11669255391, 1452.094872076335, 1489.293640139831, 1525.1046616672172, 1559.0276591337665, 1592.078315076827, 1623.8654433940683, 1654.656004873922, 1684.1094899137142, 1712.8860677855769, 1741.1946915055642, 1756.836620484621]","[4.1770225, 4.1726518, 4.1696591, 4.167336, 4.1654458, 4.1640677, 4.1626501000000005, 4.1615081, 4.1604447, 4.159500100000001, 4.1587911, 4.1581216, 4.1572948, 4.1566648]",2822.144754061685
392,0.5,1,45,"[0.0, 20.397014676123433, 55.28110168425752, 90.36206598466833, 124.30210314505592, 157.44712391757213, 191.26058835882753, 227.70123229566929, 265.97716838850744, 308.241558757037, 357.8963473368156, 409.24651131210857, 458.2948582976059, 504.5640925314611, 548.7455244141111, 591.3168340521452, 631.5181086025725, 671.1118525989921, 710.1542043642019, 748.515657111363, 786.5289619082362, 823.2722367568269, 857.4472066069288, 891.8595128463303, 925.2901037920903, 958.2856561144142, 990.6303728399462, 1022.7200487410214, 1055.5110279670514, 1088.6896528261427, 1122.0944169673057, 1155.8934739688552, 1191.018613853819, 1226.1440842464078, 1262.6152486720546, 1299.9677736589258, 1337.8248172390993, 1375.8273644040505, 1414.3351808096913, 1452.0978301617813, 1489.0231350044708, 1524.6754365386955, 1558.8166176046402, 1591.8612804234992, 1623.7563702421978, 1654.2664152268783, 1683.9209868568212, 1712.6088637719242, 1740.7311042694062, 1767.6180469282365]","[4.1769042, 4.1726122000000005, 4.169619600000001, 4.1672964, 4.1654854, 4.1639099, 4.162531899999999, 4.161311100000001, 4.1604447, 4.159460500000001, 4.158752, 4.1580429, 4.1572161, 4.1567044]",2821.282073198242
393,0.5,1,45,"[0.0, 20.107821136876794, 54.565840159309005, 89.68767684684497, 123.87374347595909, 157.270791307067, 191.63849701135354, 227.45649494243725, 265.245307600529, 307.8106766211019, 357.0835553097524, 408.792406704862, 457.44070544962386, 504.1491485407707, 548.3113023487515, 590.2594758009063, 630.7539940445931, 670.3507927000735, 709.3316545386481, 748.3219950982377, 785.9027416411402, 822.6997966565873, 857.3298116838369, 891.2142945749536, 924.7872531344824, 957.7583287405394, 989.6656877692053, 1022.1651134185779, 1055.2559467185943, 1088.365150585511, 1121.668046054015, 1155.5547301825707, 1189.9355452779093, 1225.6326465085917, 1261.724524225903, 1299.1016656116446, 1337.0375623936368, 1374.9591670178274, 1413.491367247411, 1451.1870396978748, 1488.4607214328626, 1524.1924014460465, 1558.4081080682458, 1591.3545433398015, 1622.848896672868, 1653.4963168220074, 1683.0867345613392, 1711.8156195280603, 1739.9343741825865, 1767.2678349530024]","[4.176943799999999, 4.1726122000000005, 4.169619600000001, 4.1672964, 4.1653671, 4.163831200000001, 4.162531899999999, 4.161350700000001, 4.160405600000001, 4.1593423, 4.158555000000001, 4.1578856, 4.1572161, 4.1566648]",2820.4601131840004
394,0.5,1,45,"[0.0, 19.465701367142344, 53.999829289904426, 89.2526598161694, 123.15857362259516, 156.87870631072605, 190.60038595739383, 226.85381285090858, 264.65238863553355, 306.8203479272823, 356.5702434995297, 407.94261568657424, 456.56784224983363, 503.11797532232157, 547.4325704911855, 589.25192237444, 630.1283704252462, 669.2893678221124, 708.2649081762675, 747.5100161488474, 784.908741724242, 821.5270447722037, 856.4040932941664, 890.536533463064, 923.4972916663085, 956.2562697710266, 988.5946287379836, 1021.1565927389331, 1054.0677506545376, 1087.0590989549914, 1120.479046288385, 1153.9803365701669, 1189.1594802230627, 1224.632561618013, 1261.1372229167532, 1297.6860908691792, 1335.837724931565, 1373.8893109469695, 1412.7555319715866, 1450.4259150618834, 1487.0357900751367, 1522.9198912932086, 1557.6290406291507, 1590.396185912215, 1621.628606815608, 1652.4601386014854, 1681.9951072286142, 1710.7004052909913, 1739.0108354533133, 1756.33297702379]","[4.1769042, 4.1725731, 4.1694622, 4.1671782, 4.1651702, 4.1636343, 4.1624136, 4.1612325, 4.1601300000000005, 4.1593819, 4.1586337, 4.157846, 4.1570587, 4.1565075]",2819.5074064472133
395,0.5,1,45,"[0.0, 19.906564903382957, 54.23037935454653, 89.2688415998523, 123.90116553166473, 156.80458802752167, 191.1424070654004, 226.9734938601734, 265.07340481201624, 307.6808424940278, 356.46148633362867, 407.43219696886086, 456.93653431589286, 503.1170880905715, 547.9261398569543, 589.512272513695, 629.9427553631142, 669.3960610747085, 708.9521909569532, 747.112680361317, 785.1141494186268, 821.609921201011, 856.4877664871253, 890.8500692494711, 923.7568728402141, 956.2668196858162, 988.7107657532431, 1021.1613660151843, 1054.1395599580828, 1087.4192025992163, 1120.272275228522, 1154.2293830074716, 1189.4350324889751, 1224.4799173084505, 1260.6921230405565, 1297.8084205147397, 1335.990156208279, 1373.9853111069071, 1412.4970769575773, 1449.7029464084083, 1486.721706370912, 1523.093428580569, 1556.8188925011325, 1590.019006630065, 1621.5622491360489, 1652.2177215908355, 1681.7027649748752, 1710.5108664632467, 1738.6218717386032, 1754.5850184788674]","[4.1769042, 4.1724939, 4.1694226, 4.167257299999999, 4.1652884, 4.1639099, 4.1624136, 4.161311100000001, 4.1602483, 4.159421, 4.1585155, 4.157846, 4.1571765, 4.1564283]",2818.972105270453
396,0.5,1,45,"[0.0, 19.709574006697494, 54.323295752573244, 88.958799183672, 123.3237063300416, 156.73063575825682, 190.91335200245334, 226.94059961038926, 264.3847154838534, 306.76486038724687, 356.23557999278495, 407.5696734786624, 456.85675987355654, 502.73402666027647, 547.3111767629605, 589.7157290274988, 629.8680419994821, 669.4722592619446, 708.4115715783178, 747.3895610677805, 785.0826995092164, 821.6828148890979, 856.6325988947272, 890.5899496183933, 923.8003595841606, 956.3561972585567, 988.558941640654, 1021.0170201987353, 1054.1192434035308, 1086.8400967828095, 1120.4740940058525, 1154.0292041658463, 1189.1411040595904, 1224.5952142385554, 1260.7866953742298, 1297.6443127338339, 1335.7531696990009, 1374.032179816483, 1412.1811646294439, 1450.0548141447184, 1487.3013241089875, 1523.1154088240698, 1557.1608741600412, 1590.0394753727796, 1621.552977887739, 1652.0464547355962, 1681.7082774485668, 1710.3551425724552, 1738.6903465022594, 1755.085587207913]","[4.1770225, 4.1726518, 4.1694226, 4.1672177, 4.1653275, 4.163831200000001, 4.1625714, 4.161272, 4.1602483, 4.159421, 4.1585941, 4.1578856, 4.1571374, 4.1564679]",2818.281739353165
397,0.5,1,45,"[0.0, 31.629549809433797, 66.19842194291255, 101.46948776626448, 135.64482813630661, 168.87891861183084, 202.86457062953457, 239.03066947541288, 277.36718314040127, 319.60950343409763, 368.74670114569506, 420.11304956020035, 468.6555732666758, 515.2292938497252, 559.4185744156023, 601.4614366091213, 641.9290174223576, 681.0541287507259, 720.4432333154172, 759.1242066626429, 796.7209280318158, 833.5154747309631, 868.2737891128876, 902.6923569213562, 935.5402352519628, 968.2936803620004, 1000.6644210121116, 1033.0124282059433, 1065.5566058487375, 1098.850593144235, 1132.444309940733, 1166.0664267466755, 1200.9602198300645, 1236.3168029961535, 1272.4425728816163, 1309.8677485087087, 1347.3487953219214, 1385.8858211251118, 1424.053420670321, 1461.8725353373934, 1498.4141993133799, 1534.7519627505603, 1569.1065850893801, 1601.4328479992369, 1633.3264785772208, 1663.9347659006835, 1693.5715502694916, 1722.2455985035817, 1750.2317566793386, 1770.1093661933733]","[4.1768651, 4.1723762, 4.1695018, 4.1671391, 4.1652884, 4.163713, 4.1624532, 4.161272, 4.1602483, 4.1593423, 4.1584368, 4.1577282, 4.1571374, 4.1565075]",2817.562960237496
398,0.5,1,45,"[0.0, 31.126017202806963, 65.3091250326575, 100.38460359052232, 134.64565007295704, 168.16318171108838, 202.1977996652244, 237.85485716347176, 276.5698566795723, 317.9057434594998, 367.33054596704704, 418.480628458667, 467.5297130016273, 513.8446096418108, 558.0957693798364, 600.2250547792369, 640.7085980950333, 680.0483783464567, 719.4864490829423, 757.6100675899268, 795.5273936014553, 832.2171084982774, 867.2244102689112, 901.0211264081947, 934.2177392326234, 966.8896385518051, 999.4274979111083, 1031.8407119537676, 1064.8612276845636, 1097.5345141792718, 1131.311034480566, 1164.941355013488, 1199.625664199654, 1234.8948580361277, 1271.638600209215, 1308.633246283182, 1346.378650835058, 1384.596765467367, 1422.5573276168316, 1460.418595462459, 1497.3257878442298, 1533.1624195309635, 1567.1538085349484, 1600.1845206330843, 1632.0144291390702, 1662.5900724985886, 1692.2111085142828, 1720.7314934307888, 1749.0073451541502, 1768.6029880655915]","[4.1767864, 4.1723762, 4.1695018, 4.1670604, 4.1652489, 4.1636739, 4.1623745, 4.161272, 4.1601300000000005, 4.1593819, 4.1585155, 4.1578069, 4.1570191, 4.1565862000000005]",2816.7063006445314
399,0.5,1,45,"[0.0, 30.492662084128312, 65.34126055998553, 99.93262021894293, 134.0770265826855, 167.6867330101481, 201.51931461198575, 237.570933376528, 275.53293207555026, 317.87993144747423, 366.9490867408294, 417.83470225557056, 467.03230168524084, 513.3980777564357, 557.7472906207759, 599.3620027191055, 639.9311885299048, 679.4227563451104, 718.440030789315, 757.1198276815469, 794.8953945106664, 831.6693722504704, 866.17740854101, 900.2654132460934, 933.3370500787883, 966.185946096902, 999.2555199586727, 1031.3266504310584, 1063.6118818481868, 1096.6905597359873, 1129.790119382121, 1163.710889379533, 1199.034019866702, 1234.1755314667234, 1270.5606466601137, 1307.8768598958602, 1345.6850323395995, 1383.5021759596411, 1421.8552565879843, 1459.6700261428068, 1496.3148052194235, 1532.097931741557, 1566.6988114790086, 1599.5504926563704, 1630.9482963617293, 1661.5956099918437, 1691.1032538690026, 1719.891106986018, 1747.882018610607, 1767.3229782703318]","[4.1767073, 4.1722579, 4.1693048, 4.1669025, 4.1650915, 4.1635556000000005, 4.162138, 4.1609964, 4.1599727, 4.1592245000000005, 4.1582794000000005, 4.157413, 4.1568618, 4.156271]",2816.022467567821
400,0.5,1,45,"[0.0, 30.458769793105773, 64.72374607706973, 99.87361338857829, 134.20697942656165, 167.36451309555792, 201.27850702268273, 237.34557759353453, 275.4219735212018, 317.0682811620754, 366.46977805381147, 417.4515604049114, 466.7155515179555, 512.9558211082824, 556.9593625291791, 599.1990422905692, 640.0539713422279, 678.7293288707053, 717.9859010808132, 756.8118839419401, 794.4418371532529, 831.1206486832432, 865.8326174032584, 899.8238368337784, 933.1474577055112, 965.6964836117256, 998.1764480487052, 1030.428844184242, 1063.3111410972363, 1096.2918060121365, 1129.9229705983198, 1163.4245570735081, 1198.2974945773806, 1233.5860153172468, 1269.9325387038955, 1306.871378793656, 1344.6611448198582, 1382.8980767250866, 1420.963237912876, 1458.9750793702901, 1495.8911987921326, 1531.5455824994988, 1565.6507252352385, 1598.613547745761, 1630.2633752918855, 1660.8886423261015, 1690.5882530869112, 1719.4562645655874, 1747.285545997469, 1767.3887382546668]","[4.1768255, 4.1722579, 4.169343899999999, 4.1669421, 4.1651306, 4.1634769, 4.1622167, 4.1611142, 4.1599727, 4.1590667, 4.1583972000000005, 4.157609900000001, 4.1569405, 4.156271]",2815.569053131508
401,0.5,1,45,"[0.0, 27.91834621826996, 63.00507861465297, 97.77985762079453, 131.6406491204088, 165.32617457899227, 199.11856877726922, 234.988919758622, 272.96678308532984, 314.7907832141761, 363.9431141824727, 415.34646410337797, 464.6695770121657, 510.76072763491453, 555.0583338297893, 597.1590377356256, 637.723409552757, 676.4042508832265, 715.8957428197223, 754.6477375958495, 792.5464348155538, 829.094031078343, 863.8626861092539, 898.0087619189392, 931.4519551578496, 964.0936268447401, 995.8956833316729, 1028.3340745349526, 1061.3939749681774, 1093.972629613728, 1127.4141363986005, 1161.4313792156272, 1196.0134888162736, 1231.5239117888295, 1267.7607574400517, 1304.8129281958031, 1342.6003053166532, 1380.4889816581056, 1418.857471069297, 1456.7081838272939, 1493.8921520847298, 1529.125043909163, 1563.9717799611701, 1597.4763879462694, 1628.3133305427225, 1658.898624083281, 1688.5470499935032, 1717.088817460205, 1745.3978566857927, 1767.9682734571006]","[4.1766286, 4.1722579, 4.1692653, 4.1669421, 4.1651702, 4.1633983, 4.1620989, 4.1608782, 4.1600118, 4.158988, 4.1581612, 4.1575704, 4.1566648, 4.1561527]",2814.1217104602065
402,0.5,1,45,"[0.0, 30.2847085348929, 65.02695389996177, 100.14687015035491, 134.33571248174906, 167.8397446993763, 201.75390540542264, 237.3655447723421, 275.27371932287554, 317.5811367851427, 366.424981217864, 417.51132406418037, 466.5187815167275, 512.8059537561709, 557.2539591362555, 599.3539859388998, 639.7945494046941, 679.1107398095918, 717.85218515641, 756.4651825445025, 794.4977550160487, 830.990702640078, 865.9439607026223, 899.671711387061, 932.7454346210419, 965.4658204716778, 998.0228742964115, 1030.2193545977038, 1063.0415068866382, 1095.8889439741642, 1129.8763689178982, 1163.7068049047894, 1197.9846532740266, 1233.5707784897704, 1269.825254721066, 1306.7767124849333, 1344.7962007370402, 1382.5596783746928, 1420.6999017316193, 1458.9177620138362, 1495.6206952905172, 1531.4552455784424, 1565.7088800126294, 1598.8910917009239, 1630.1450810462948, 1660.6072686103785, 1690.0880640100904, 1718.9466631288615, 1746.9839104275206, 1768.4845010943604]","[4.1767468, 4.1722579, 4.1691079, 4.1668239, 4.1650519, 4.1634769, 4.1621776, 4.1609964, 4.1599727, 4.158988, 4.1582398000000005, 4.1574526, 4.1569009, 4.1562319]",2813.4057849176693
403,0.5,1,45,"[0.0, 29.861502380640275, 64.52358762931794, 99.5955209430627, 133.97954981772483, 167.12659110699548, 200.73375688002915, 236.95893782355705, 274.6562137790623, 316.6663224543151, 365.3719259575783, 416.4707963240865, 465.19245950246835, 512.0104321934828, 556.1392397769966, 598.0806476516125, 639.0243989531643, 678.1755475854445, 717.0734205213862, 755.7695343461019, 793.2124536440222, 829.6985222282144, 864.6327604127255, 899.3014519436804, 932.3796647076854, 964.8801172269161, 997.3156061898569, 1029.386913700914, 1062.0594943178646, 1094.8686081061346, 1128.3390640864195, 1162.416353423505, 1197.1312667446562, 1232.5413045604741, 1268.427357486667, 1305.5882748305648, 1343.3198670205259, 1381.8524450980071, 1419.4213850095844, 1457.6984090470912, 1494.691124074502, 1530.168938996464, 1564.1933238915499, 1597.1300650510605, 1628.9378277066476, 1659.3894941977642, 1689.0414851587996, 1717.8124524554617, 1745.6638188833638, 1767.731279139812]","[4.1766682, 4.1724548, 4.169343899999999, 4.1670995, 4.1652093, 4.1635165, 4.1622167, 4.1609964, 4.1599331, 4.1592245000000005, 4.1582794000000005, 4.1574917000000005, 4.1568618, 4.1561923]",2813.011524632433
404,0.5,1,45,"[0.0, 27.3769675331269, 61.987929065238575, 96.96683012229772, 130.98346966742025, 164.47960009018624, 198.4622750584802, 234.59198509234085, 272.0387649990001, 313.6864209101057, 362.77878495473834, 414.2717698295999, 462.9272329406129, 509.25784007387296, 553.7956194790006, 595.7203215049763, 636.0971245838498, 675.4191448484712, 714.4401478329171, 753.1507613156589, 790.7773209349693, 827.3318741452281, 862.5245006517578, 896.204142187152, 929.8581545527027, 962.1857199558008, 994.8007228129293, 1026.995786647186, 1059.571753283923, 1092.751225529136, 1126.1630089061503, 1160.016964063583, 1194.635691518348, 1229.868052495991, 1266.2540287065701, 1303.1586165977537, 1341.0051872294246, 1379.1042657860462, 1417.167911377503, 1455.393159073278, 1492.286402733657, 1527.4099408175557, 1562.0786123262185, 1594.651495303237, 1626.4828745977156, 1656.8645172623249, 1686.4910743094292, 1715.2006308317173, 1743.340950294853, 1766.8511890298796]","[4.1767864, 4.1722579, 4.1693048, 4.1668239, 4.1650915, 4.1634769, 4.162138, 4.1608782, 4.1600118, 4.1591454, 4.1583581, 4.1575313, 4.1568618, 4.1561136]",2812.2569135243043
405,0.5,1,45,"[0.0, 26.970250785064707, 61.45409754268951, 96.33768874701684, 131.0781906090715, 164.2369952281017, 198.14237963137748, 233.6835738043103, 271.73225377781864, 313.8353419392032, 362.9902723567094, 414.07638127944483, 462.77798817730513, 509.0090464998975, 552.9925159785648, 594.9839529376383, 635.2707901623346, 674.7086981897128, 713.9750834770796, 752.4607286039272, 790.2829033045571, 826.8490696318684, 861.7619918163596, 895.5950708881246, 929.2269893686837, 961.8886637235082, 993.8336656570498, 1026.8346171275762, 1059.4930141165678, 1092.10219535851, 1125.0642817536161, 1159.2059740419868, 1194.1263951612095, 1228.9069500439373, 1265.2614923670178, 1302.5602332066176, 1340.1256214336854, 1378.8150261189612, 1416.673714573003, 1454.2507301303697, 1491.3089485098424, 1526.8870008053932, 1561.0134115955475, 1593.954484838337, 1625.6898559638335, 1656.089570623714, 1685.703546505657, 1714.4115405620528, 1742.436886618079, 1766.603434927641]","[4.1766682, 4.1722975, 4.1691079, 4.1669025, 4.1649337, 4.1633587, 4.162020200000001, 4.1609173, 4.1598935, 4.1590667, 4.1582398000000005, 4.1573734, 4.156822200000001, 4.1561527]",2811.613441863336
406,0.5,1,45,"[0.0, 28.05136406744117, 62.22220321338449, 97.02272253887742, 131.35782047507433, 164.49630864745365, 198.28735110355973, 234.48843769815863, 272.3800591898077, 314.09817593246095, 362.8223793811374, 413.6309617473425, 463.0953762331538, 509.33969869773074, 553.031615855678, 595.8199958621015, 636.0587416950129, 675.299323225926, 714.5848420468346, 752.701859740459, 790.8083652478217, 827.1794329930901, 862.2650463455698, 895.8955057905193, 928.9998333143028, 961.7568927062566, 994.1973735004865, 1026.5438714688644, 1058.8952876495744, 1091.9752236926386, 1125.2428168870126, 1159.538540468718, 1194.1609763957144, 1229.5603924503862, 1265.5872249548795, 1302.4866891746133, 1340.3096578338073, 1378.0869831595153, 1416.6528400190605, 1454.0612369828116, 1490.9636366506086, 1526.6005219982321, 1560.961940072423, 1593.673123387261, 1625.5134023231271, 1656.1585414500253, 1685.647930504398, 1714.306363267109, 1742.4377085821113, 1769.0773120532228]","[4.1766286, 4.1722579, 4.1692653, 4.1669025, 4.1650128, 4.1634769, 4.1620989, 4.1609173, 4.1599331, 4.158988, 4.1581612, 4.1575313, 4.1567435, 4.1561136]",2809.130942414147
407,0.5,1,45,"[0.0, 26.902065404657378, 63.54527564221098, 100.62354122010271, 137.49589880454056, 173.71436317212022, 209.10612773734783, 246.79864878909473, 286.0450689711, 329.16631410863897, 379.259164714785, 431.70395434898205, 482.8709777354924, 529.1823953433719, 573.6186227606345, 616.5082834740434, 657.4893265609013, 697.4835954220398, 737.556993132715, 776.5328220238634, 814.6876038839027, 851.0398782779623, 886.2692717915388, 919.8526318114707, 953.6031906713031, 986.4879099621139, 1019.2387857066194, 1051.355746780248, 1083.8496416613596, 1116.6628571814827, 1150.2815505791616, 1184.325963022676, 1219.012032387372, 1254.1922702540971, 1290.4504590206689, 1327.3699267116863, 1366.07739945051, 1403.3910460593142, 1441.8769347687344, 1479.213789328667, 1516.0423072452204, 1551.5980840557759, 1585.7098467299013, 1618.7534665550725, 1650.5328176449734, 1681.1152920964385, 1710.6996844163411, 1739.2973885383524, 1767.3080930713325, 1784.0511610501437]","[4.1767468, 4.1724548, 4.1693835, 4.1670208, 4.1651702, 4.1633983, 4.1622167, 4.161075100000001, 4.1601300000000005, 4.1590667, 4.1584368, 4.157609900000001, 4.156822200000001, 4.156271]",2809.62909573717
410,0.5,1,45,"[0.0, 32.433465208943915, 66.8198595723731, 101.94985278634925, 135.7365010437291, 169.16721272379226, 203.0660081382078, 238.78891283840795, 275.9101829685348, 318.0182528593803, 366.8343099420426, 417.4214211198144, 466.3192880550426, 513.0594331729856, 557.3600096121736, 599.563002969764, 639.6269588463626, 678.6932657536477, 717.8581695923954, 756.6960248400749, 794.5305827213053, 831.0132587013629, 865.6112859404709, 899.55002340387, 932.9495417224286, 965.5748942503046, 998.2921789882241, 1031.1703584418863, 1063.068308944377, 1096.0491394502337, 1129.6323523906701, 1163.2100750130692, 1198.2711002088588, 1233.308907896881, 1269.7278171629798, 1306.538271256072, 1344.3729190120805, 1382.2878501793673, 1421.0745895859116, 1458.728652715802, 1495.2736574477287, 1530.9880035974177, 1565.031295857115, 1598.1669218331213, 1629.7889150324577, 1660.3917997112164, 1690.0459086256167, 1718.74749525956, 1746.8561470874804, 1767.9336765890841]","[4.1765499, 4.1721792, 4.1693048, 4.1669421, 4.1650519, 4.1633587, 4.1620593, 4.1610355000000006, 4.1598148, 4.1590276, 4.1581216, 4.157413, 4.1567831, 4.156073999999999]",2808.016376338166
411,0.5,1,45,"[0.0, 32.34999411391783, 66.72287352019703, 101.97897380276515, 136.12109180628153, 169.3577752845526, 204.10706673987517, 238.21697592349307, 277.45778619812387, 317.9696453454971, 367.0079902442048, 417.69414465714345, 466.42012529084974, 513.0914369839097, 556.8841338014472, 599.2725912712842, 639.4166854598091, 678.6811527744471, 717.7060271336416, 756.3521041460531, 794.049388342032, 830.3727175617453, 865.3816112128995, 899.0851859595421, 932.2548954655024, 964.8328578308995, 997.2944762084062, 1029.6001833663993, 1062.4399819881185, 1095.2496842366927, 1128.9285722435197, 1162.3216201256892, 1197.1155416018391, 1232.1493986884423, 1268.4346995221654, 1305.2534617166389, 1342.869000087677, 1381.1934583405116, 1419.1384907671709, 1457.0226368333506, 1494.1789947014042, 1529.7776290843665, 1563.5738815304903, 1596.5938306933458, 1628.312076315511, 1658.852223403389, 1688.6426189890522, 1717.3020746612337, 1745.2671256417357, 1766.2250713364665]","[4.1766682, 4.1722975, 4.169147, 4.166784799999999, 4.1649337, 4.1633587, 4.1621776, 4.1610355000000006, 4.1598544, 4.1590276, 4.1581612, 4.1574526, 4.1567435, 4.1561136]",2807.763269867619
412,0.5,1,45,"[0.0, 29.1596767204706, 63.200709503918006, 98.10178227943402, 132.59406648286614, 165.61252405914917, 199.3755881372171, 235.03900375611323, 272.7818257124497, 314.53203161599134, 362.6494635580754, 413.46800396328973, 462.46935635265544, 509.27233750697707, 553.074535116687, 595.4285442558476, 635.6417478129474, 675.0905656639243, 713.7523771712636, 752.1481580375287, 789.8994423236979, 826.3990036177593, 861.6793445827859, 895.7164791221635, 928.7605585577833, 961.5217231270642, 993.7312373730056, 1025.8611532103537, 1058.3238597582776, 1091.3256203901694, 1124.7997429908662, 1158.3751093729363, 1192.688973204125, 1228.663446018364, 1264.85748147398, 1301.6040873127129, 1339.8750347681732, 1377.3521307744124, 1415.8734235962102, 1453.3305742338953, 1490.2232885645267, 1526.054993075026, 1560.2729188071362, 1592.8724467810703, 1624.689700530239, 1655.2204545835052, 1684.8306817926323, 1713.518104880316, 1741.6480602203383, 1766.7072404165297]","[4.1767073, 4.1722579, 4.169147, 4.1668239, 4.1648946, 4.1633587, 4.162020200000001, 4.1607995, 4.1596966, 4.1589093, 4.1580825, 4.1573343000000005, 4.1566648, 4.1560349]",2806.236447261556
413,0.5,1,45,"[0.0, 33.305065990041044, 67.54441586638859, 102.61490858583664, 137.03256155894354, 170.1090737107591, 203.80660946830977, 239.65392868483588, 277.45979202199914, 318.84385093719635, 366.9822647153523, 418.1546289982294, 467.1595315087083, 513.3253258229736, 557.3317759459744, 599.7845193005671, 639.9605104164066, 679.3885114296911, 718.0996587417646, 756.7595817205242, 794.3501364237122, 830.937903059508, 866.0184265688333, 900.0276311328992, 933.1046313716486, 965.8736727751852, 997.8324503838253, 1030.4237904124739, 1062.811481709254, 1095.8127870557096, 1128.889767038108, 1163.1685737404125, 1197.7540814434594, 1233.0576973088384, 1268.8008806261964, 1306.2141308517748, 1344.0722256572012, 1381.319894233027, 1419.7873573583333, 1457.560413343888, 1494.5874913890475, 1530.1476626247224, 1564.2989594675048, 1597.3179337793895, 1628.775642805358, 1659.3671971311087, 1688.9631404486765, 1717.6853602868498, 1745.7677149526196, 1768.7140683055961]","[4.1765895, 4.1721792, 4.1690292, 4.1668634, 4.1648159, 4.1633196, 4.1620593, 4.1607599, 4.159775700000001, 4.158830600000001, 4.1580038, 4.1571765, 4.1567435, 4.1560349]",2804.7301847086574
414,0.5,1,45,"[0.0, 30.453120631403294, 65.14101111664024, 100.07223112863, 134.444577779246, 167.63903193578386, 201.25186026207479, 236.79337978892835, 274.30349218950795, 315.73228557486317, 364.32156117831306, 415.16245908066645, 463.90039851205023, 510.44355156648606, 554.5663870093629, 596.9910727114188, 637.5621327308152, 676.3158409088817, 715.2341137247874, 753.8752406475444, 791.5772740885793, 828.2020654939381, 862.7435869345779, 896.7878990033705, 930.0433612062045, 962.5589011042593, 995.0825742350887, 1027.3687238297414, 1059.8579039114027, 1092.979159096739, 1126.2198062137204, 1159.9569641255493, 1194.7331343760527, 1230.063376554092, 1265.9341006816796, 1302.8657235695155, 1340.7146152204498, 1378.555188993238, 1417.0514659385774, 1454.3223033798308, 1491.1934553847132, 1527.2557753972435, 1561.136647170032, 1594.157880234563, 1625.7085782017032, 1656.185563530671, 1685.7784691428485, 1714.3569717546404, 1742.576690225378, 1767.6829066621228]","[4.1763926, 4.172061, 4.1690292, 4.1666269, 4.164855, 4.16328, 4.161902, 4.1607208, 4.159775700000001, 4.158830600000001, 4.1580038, 4.1571765, 4.1564679, 4.1559954]",2803.858525555557
415,0.5,1,45,"[0.0, 32.72339410351583, 66.7425876039378, 101.683114517977, 136.38643151063724, 169.29043426110576, 202.869407153856, 238.95869763056595, 276.3908033302708, 317.62227494615996, 366.41080234125315, 417.3302069311433, 466.105036716954, 512.6635022266387, 556.8235550579088, 598.4575520130909, 639.133542344005, 678.1097430288878, 716.8009217335127, 755.8412011228293, 793.2513375795868, 830.1999378762971, 864.7928650547485, 898.4763068023767, 931.6931858386022, 964.8786134701802, 996.836006087191, 1029.038568341896, 1061.7166054023583, 1094.684526852401, 1128.1677648665575, 1161.5338940930199, 1196.6699569940486, 1231.9007451418536, 1267.7902900907923, 1304.721777418559, 1342.4230733124682, 1380.2391880641255, 1418.7216618284358, 1456.5644930298688, 1493.369469562601, 1529.1891211976415, 1563.150453507142, 1595.6134291658757, 1627.6655708691953, 1658.1768620910643, 1687.7578124002705, 1716.4497001244201, 1744.5175878167254, 1768.288516440837]","[4.1764712, 4.1721396, 4.1689897, 4.166587799999999, 4.1646581, 4.1631227, 4.1617837, 4.1607208, 4.1596179, 4.1587124, 4.157924700000001, 4.1572556, 4.1564679, 4.1557984]",2802.894529417725
416,0.5,1,45,"[0.0, 28.554969778769987, 63.24690448573335, 98.299905876786, 132.19857803067964, 165.51729409664722, 198.97892251071778, 235.00202066369457, 272.580752921941, 313.9328267746147, 362.0538757533577, 412.79511265083477, 462.67014604851624, 508.05480377419894, 552.0872113778488, 594.6392652774259, 635.1152744153896, 674.1004591450223, 713.2785596831625, 751.045223900657, 789.037874770956, 825.3780660366112, 860.4930654680843, 894.3827739863782, 927.2582242959588, 960.1558174882616, 992.433674736812, 1024.8267750140753, 1057.146633066416, 1090.4838048898268, 1123.5678133986328, 1157.022774684266, 1191.95619759671, 1227.065240760886, 1263.6677338769612, 1300.2946512687863, 1337.61540638427, 1375.9694402917414, 1413.6345444091126, 1451.2442868336625, 1488.1146096548487, 1523.9130236179378, 1557.8112572697992, 1591.212436967181, 1622.5358653210435, 1653.2138604507447, 1682.7894769925347, 1711.4480002671835, 1739.6113110427577, 1755.0925215909833]","[4.1764712, 4.1719036, 4.1689897, 4.1666665, 4.1647763, 4.163044, 4.161705, 4.1606417, 4.1596179, 4.1586337, 4.1577673, 4.1569405, 4.1564283, 4.1556802]",2802.0731454631896
417,0.5,1,45,"[0.0, 28.589984736021904, 62.816041836356135, 97.8142374868309, 131.75088886645034, 165.36613311156106, 198.94618709524212, 234.55176841756696, 272.2524250217014, 313.6525677492171, 361.1141484312066, 412.84337576000445, 461.8164425003154, 507.8717034047301, 551.8997873570318, 594.0270399837905, 634.4696383458099, 673.7638869386287, 712.1664854301728, 750.5745075514019, 788.3158060352412, 824.7716711977307, 859.2895772032975, 893.6393052911333, 926.4769943733545, 959.5231097299213, 991.8387445955889, 1023.9959210772113, 1056.953601524614, 1089.6040000433736, 1122.976066186646, 1156.9578368345751, 1191.4646288341935, 1226.6113159085164, 1262.786155112327, 1299.208595649756, 1337.0709203410136, 1374.9392748574987, 1413.1884135762666, 1450.9625770533082, 1487.418077669118, 1523.5784742626379, 1557.411003859096, 1590.4932470805156, 1621.9183693547748, 1652.4890583426766, 1681.9365324931011, 1710.7608340595664, 1738.9382679640637, 1766.0622288082552]","[4.1764317, 4.172061, 4.1689897, 4.1666665, 4.1648946, 4.1632013, 4.1618624, 4.1607208, 4.159775700000001, 4.158752, 4.157846, 4.1571374, 4.1565075, 4.1559954]",2802.529086647809
418,0.5,1,45,"[0.0, 30.45008033137708, 64.77178653030921, 99.64826958934952, 133.92920436796652, 167.22759245174456, 200.5843554944327, 236.33009600532176, 273.5147552747083, 314.966029767993, 363.2368863232368, 414.3870775551423, 463.4410160731508, 509.24025122101267, 553.5171964028718, 595.340718617734, 635.7026332366986, 675.0141787218515, 713.6887247240488, 752.1691652941531, 790.1097310248163, 826.3050894302464, 861.2394064012199, 895.228399858101, 928.1805001363216, 960.9102316881347, 993.4437544281884, 1025.5757742518665, 1058.1114507407103, 1091.438741882109, 1124.3403266365733, 1157.5766325909844, 1192.2967727199539, 1227.8390056028725, 1263.8812903442615, 1300.748772185735, 1338.1764632051543, 1376.4149247901837, 1414.528501216727, 1452.0833373200899, 1488.6945573630894, 1524.4069321254085, 1558.6038926672213, 1591.1890796434893, 1622.937078106214, 1653.6752475813817, 1683.067516621689, 1711.7052652679279, 1739.914436020347, 1755.6137468669965]","[4.1765895, 4.1724939, 4.1692257, 4.1669025, 4.1650519, 4.1634769, 4.1620593, 4.1609569, 4.1599331, 4.158988, 4.1581216, 4.1573734, 4.1565862000000005, 4.1561923]",2801.763656039767
419,0.5,1,45,"[0.0, 25.189946653902325, 59.261736514734935, 94.26558673574789, 128.15596950045983, 161.63875655224956, 195.3317066783544, 230.89639096659334, 268.52444923942085, 309.81466551686844, 358.0647485413675, 408.7282649269507, 458.0119477422469, 504.31764157901273, 548.3332763032845, 590.1395758323278, 630.3987904824164, 669.8799659266006, 708.3670827343972, 747.2682711388477, 784.534665662309, 820.8812631999967, 855.881097473268, 889.4103413576415, 922.8768661892198, 955.716851426035, 987.6994396706552, 1020.1566675804406, 1052.741816828311, 1085.3827590420428, 1118.5427199811988, 1152.4229170224442, 1186.9624492541202, 1222.3075813887085, 1258.5644007277767, 1294.7775600047194, 1332.3266800197105, 1370.7607043193948, 1408.7603792231243, 1446.2474298300897, 1482.9467327670236, 1518.8359274322895, 1553.0569517213978, 1586.176006988943, 1617.2603868641595, 1647.7610684300787, 1677.4010196363304, 1705.8895605848172, 1734.0685822232697, 1752.962295002577]","[4.1766682, 4.1722975, 4.1692257, 4.1668634, 4.1650519, 4.163437399999999, 4.1622167, 4.1608782, 4.1599331, 4.158988, 4.1582003, 4.1573343000000005, 4.1567435, 4.1561923]",2801.145116781819
420,0.5,1,45,"[0.0, 24.88353139571882, 59.01779324850901, 94.24462686787444, 128.63970505441574, 161.98100363064958, 195.4442650111901, 230.81004114415208, 268.41847283310375, 309.7600024983644, 357.6991681320075, 408.30634994028145, 457.2140300503235, 503.56602517269704, 547.8441851832515, 589.8199124691155, 629.8598190585994, 668.9433991832966, 708.0140770581618, 746.4645472039645, 784.2519367703057, 820.2899867726553, 855.8093832623167, 889.5025822606519, 922.5874700771694, 955.0193377694511, 987.2664323943782, 1019.5907756610104, 1052.027265670414, 1084.8641323162417, 1117.8509495860515, 1151.7046123426396, 1186.7456203052504, 1221.5152797240742, 1257.6847217450752, 1294.5017259581186, 1331.9640935469215, 1369.9159992106997, 1407.6782910970508, 1445.5456640476089, 1482.6030780048395, 1518.047180000388, 1551.961714329819, 1584.9001531245617, 1616.6902472099125, 1647.24300520619, 1676.8800341501797, 1705.4566526837903, 1733.4548992689874, 1753.8455622329384]","[4.1768651, 4.1724153, 4.169343899999999, 4.1670995, 4.1652093, 4.1635165, 4.1620593, 4.161075100000001, 4.1601300000000005, 4.1591454, 4.1583581, 4.1576886, 4.156822200000001, 4.156271]",2800.7680626882616
421,0.5,1,45,"[0.0, 26.92548780050049, 61.66402558742277, 96.59668982255448, 131.1137331250738, 163.8983170277882, 197.57096041474728, 233.67558694805786, 270.51096415346586, 311.98471491679373, 359.7596823668436, 410.58148253893495, 459.4666724283398, 506.1519337296534, 550.1973599402249, 592.0671889116272, 632.5173776759698, 671.6869500544985, 710.1899008360178, 748.7263460263403, 786.2522361497058, 822.4445373761785, 857.8138823016502, 891.309029177153, 924.8201793147045, 957.3345955311304, 989.9573521688308, 1022.1864388904226, 1054.4420805675286, 1087.1756752964031, 1120.4213637725502, 1154.1364209983612, 1188.7209335653727, 1223.9921215050554, 1259.7589589999109, 1296.8119559177983, 1334.3608775625062, 1372.1885111344855, 1410.702931086415, 1447.7318882449329, 1484.835147322482, 1520.7119532012116, 1554.324738361562, 1587.3492027435411, 1619.023126269632, 1649.611596633969, 1679.092748600277, 1707.8739065126183, 1735.9172864209831, 1752.0338133600535]","[4.1764712, 4.1721792, 4.169147, 4.1667452, 4.1648946, 4.1633983, 4.161980600000001, 4.1607995, 4.1596179, 4.1588697, 4.1579642, 4.1570978, 4.1565075, 4.1559563]",2798.965458520104
422,0.5,1,45,"[0.0, 23.2884108058783, 57.436111410629564, 92.3233373268921, 126.82879536528327, 159.9345449023504, 193.18048314066465, 228.85515667473868, 266.4396228841951, 307.4533102558557, 355.97487099142, 406.58851152508004, 455.24203971696846, 501.5694744636426, 545.7271264628819, 587.6571834309134, 627.4940630815499, 666.9270896940393, 705.9880690384077, 744.5103604932842, 781.9187264220623, 818.2745748089953, 853.4086797475427, 887.5150558623243, 920.5046327344887, 953.1121668145756, 985.0552794005207, 1017.4103011707966, 1050.1910695174515, 1082.9933520402672, 1116.1457286339464, 1149.9315873402104, 1184.4900358942043, 1219.6215658017613, 1255.23290463437, 1291.9420971146133, 1329.8993361083233, 1367.9360475118813, 1405.8116777894284, 1443.3564478301764, 1479.8487524977381, 1515.7953211221386, 1549.9742856156188, 1582.4985354521418, 1614.6101596793874, 1645.046666056268, 1674.7074975199364, 1703.3644540385637, 1731.4436372011257, 1751.725559454889]","[4.1764712, 4.1719823, 4.1690292, 4.1666269, 4.1647763, 4.1630831, 4.1618233, 4.160681200000001, 4.1595788, 4.158752, 4.157846, 4.1572556, 4.1564679, 4.1558771]",2797.8336689681
423,0.5,1,45,"[0.0, 29.351821305577744, 63.62320883626063, 98.84033906360514, 133.24994006461088, 166.30920970180966, 199.72726719108311, 235.34154698632165, 273.23497575627607, 313.63383041461145, 362.19504770307265, 412.71261946567483, 461.4056090352234, 507.73954769363047, 552.0558798640886, 593.6088042890435, 634.2210393936383, 673.2524774822705, 712.1394791225212, 750.2316851130854, 788.1888395610972, 824.3883651644828, 859.4755740342848, 893.3860765030843, 926.3035991464258, 959.2346633601301, 991.2722985192243, 1023.4231627121776, 1056.2656350757475, 1088.9340722987954, 1122.2378223469761, 1155.966329514276, 1190.3810755296745, 1225.0718348194066, 1261.24017352321, 1297.9102749424012, 1335.6436251666028, 1373.4479300681305, 1411.6329342820136, 1449.1691719320058, 1486.1445529863802, 1521.9862349291955, 1556.0349435262347, 1588.7770496285814, 1620.352606959892, 1650.8467168561037, 1680.6276752265615, 1709.2236340864358, 1737.289504524046, 1753.110683417359]","[4.1764317, 4.1721005, 4.1689501, 4.1665092, 4.164619, 4.163161799999999, 4.161705, 4.1606026, 4.1595392, 4.1586337, 4.1578069, 4.1570191, 4.1563892, 4.1557984]",2797.362159661051
424,0.5,1,45,"[0.0, 27.80201689143763, 62.22688763299732, 96.98426561887072, 130.90946551853517, 164.65100665223542, 197.8981793943109, 233.69149916039942, 270.99803928260076, 312.0919840422864, 359.85086845610977, 410.81965535667416, 459.35111184132984, 505.9451020908008, 549.8528418414044, 591.9029727016118, 632.3284348991212, 671.2216984989589, 710.415216829535, 748.3941756235906, 786.4791243102295, 822.4503742903103, 857.2334622545313, 891.2497154350983, 924.7195723119389, 957.9476661535195, 989.311045000024, 1021.7846181138311, 1054.257861164332, 1087.1536689952454, 1119.9378750091716, 1153.7593426504639, 1188.6772963603712, 1223.5878043135115, 1260.3241094732152, 1296.4530639640184, 1333.6981167564463, 1371.891570895359, 1410.0064317087724, 1447.8041086113142, 1484.544362659012, 1519.8007058834287, 1554.5205547064131, 1587.3640839502045, 1618.7232287577217, 1649.3960853048911, 1679.081595054021, 1707.7506175811586, 1735.7390312419802, 1752.6941793448877]","[4.1762347, 4.171942700000001, 4.168714, 4.1663513, 4.1645403, 4.1630044, 4.161586799999999, 4.1604447, 4.1593819, 4.1583581, 4.157649, 4.15698, 4.1561923, 4.1556015]",2796.635449425049
425,0.5,1,45,"[0.0, 26.523483014227565, 60.455760295251366, 95.95537397123616, 129.97520347987853, 163.1449498769992, 196.92343923805032, 232.3470557538604, 269.7046443094236, 310.9729636759758, 358.5333124012986, 409.115637227965, 457.931633895503, 504.35363291115704, 548.7356331590131, 590.1567356580233, 630.5931200006789, 669.7514738146162, 708.3599359609984, 747.1875841348835, 785.1821990426934, 821.0832025072409, 855.5901355014626, 889.7322823232528, 922.777903688321, 955.6115394336757, 987.786113126381, 1020.1156773598282, 1052.670803190213, 1085.6675972856988, 1118.8999114532512, 1152.5180709945412, 1187.0985166394646, 1222.0975376089382, 1258.2782452092445, 1294.7007286671421, 1332.200125028982, 1370.5834647961474, 1408.1733036920766, 1445.8885608600262, 1482.7723110140203, 1518.385870490319, 1552.365959123043, 1585.2848176220925, 1617.202673042673, 1647.7998610719599, 1677.3338256881425, 1706.1757423613253, 1734.2023397885173, 1754.4203514862052]","[4.1762347, 4.1719036, 4.1687927, 4.1664696, 4.1645794, 4.163044, 4.1616654, 4.1604447, 4.159460500000001, 4.1585155, 4.1576886, 4.1567831, 4.1561527, 4.1557198]",2796.110204331594
426,0.5,1,45,"[0.0, 30.00624687729811, 64.15965207256949, 99.13184029652456, 133.38936349836098, 166.66357282459768, 200.66427751280565, 235.6129237266577, 272.865337871352, 313.70579961339996, 362.0151017881256, 412.1897064619837, 461.36761725240973, 507.49476659143664, 551.8229995697245, 594.0637070724833, 633.5144692521283, 673.148698666038, 711.5975558998759, 750.1652062933381, 787.6200406603648, 824.1288277297895, 859.2267693526092, 892.9730300397191, 925.9280942275766, 958.5652319139376, 991.0253323208528, 1023.1654029558601, 1055.483347376152, 1088.4631510123056, 1121.8348651010515, 1155.3746255874662, 1189.8877870517847, 1225.1492410875107, 1261.218647015681, 1297.7327758401648, 1335.375261033499, 1373.1800093983936, 1411.2009619977173, 1448.8939706941962, 1485.499637703454, 1521.5466784883681, 1555.3956827883576, 1588.269011794421, 1619.9695080175095, 1650.6968715559897, 1680.2184862559698, 1708.6079618177682, 1736.9436397817012, 1755.0988694341363]","[4.1764317, 4.1717854, 4.1688323, 4.1663122, 4.164422, 4.162886100000001, 4.161586799999999, 4.1604447, 4.159460500000001, 4.1584764, 4.157609900000001, 4.1567831, 4.156271, 4.1556015]",2795.659130404188
427,0.5,1,45,"[0.0, 27.562926389329107, 61.3680867025754, 96.46785596823037, 131.06767163163323, 164.22640437836418, 197.58976560931984, 233.3057283813617, 270.5297413649103, 311.4518355968874, 359.2196172157326, 409.4901373086463, 458.638761084809, 504.8388254087095, 549.0104974600072, 590.6878578821925, 630.8871554494906, 670.159152407992, 708.7309444688749, 747.3199158787208, 785.3143289016493, 821.545284102493, 856.7278379986708, 890.3067748173755, 923.2457585370075, 955.8987749593177, 988.2405615512573, 1020.3979164780651, 1053.2103699763225, 1085.965808120924, 1119.1251456526363, 1152.9275851738278, 1187.257607092529, 1222.4928295062264, 1258.32917203359, 1294.8069306506804, 1332.724298800959, 1370.378909831612, 1408.6769761824112, 1446.1402312143732, 1482.6549218941168, 1518.714631296409, 1552.5330275848605, 1585.5821311972845, 1617.2427433044734, 1647.8937713399298, 1677.6034364775685, 1706.1071302702296, 1734.2124292174246, 1753.3502183561206]","[4.176274299999999, 4.171864, 4.1688323, 4.16643, 4.1644611000000005, 4.1628075, 4.1615081, 4.160327, 4.1592636, 4.1582794000000005, 4.1575704, 4.156822200000001, 4.1561527, 4.1555624]",2795.162326750761
428,0.5,1,45,"[0.0, 25.71607927977425, 59.66890751625084, 94.35880317450756, 128.21636496049524, 161.45461819352158, 195.4983202172723, 231.0356693750349, 268.01660681925136, 308.7881805338061, 356.8592110972178, 407.0248255509099, 456.3574457430959, 502.2970879464392, 546.8292124536366, 588.404719024669, 628.7031196345275, 667.9649274916113, 706.7995825364284, 744.7843522060188, 782.4151863336282, 818.8535732890062, 853.8086371705521, 888.115989669623, 921.0898482472809, 953.6017426900468, 985.6172473371558, 1018.0211428364959, 1050.4823832041893, 1083.3266606581765, 1116.133096101988, 1150.127673632015, 1184.7005886625225, 1219.9758856570515, 1255.595704300828, 1292.8637755911222, 1330.4323173632774, 1367.8621651525455, 1406.2349077946938, 1443.7593153253551, 1480.3082967230775, 1515.7238966482573, 1549.907069338576, 1582.6652399369527, 1614.3616817384113, 1645.1078038753053, 1674.6536107128754, 1703.1544408393456, 1731.3692500987986, 1752.6110129619683]","[4.1761956, 4.1717458, 4.1685567, 4.166194, 4.1643434, 4.1626892, 4.1614294, 4.160327, 4.1592245000000005, 4.1582794000000005, 4.1574917000000005, 4.1568618, 4.1560349, 4.1555228]",2794.254072643909
429,0.5,1,45,"[0.0, 27.93081729509828, 61.79572227534169, 96.4787366057771, 130.44697182535953, 164.085573532524, 197.82120964652665, 232.9609776064383, 270.8372166332905, 311.63789211463416, 359.12338331818637, 409.48238090124426, 458.0148407977273, 504.71929633777927, 548.8013175549323, 590.6994385304764, 631.2364610690976, 670.4435821854354, 708.4263647285495, 747.1728951587836, 784.4543281373487, 821.303487521581, 856.912055045372, 889.9935103166065, 923.2722879849664, 955.8032124011525, 987.9841297997182, 1020.3866954530374, 1052.7883530910315, 1085.4978766091942, 1118.735765860375, 1152.1775002021218, 1187.138077142132, 1222.159850547304, 1258.2638143435586, 1294.7257994638542, 1332.4765725144405, 1370.4085932949242, 1408.0995297849436, 1446.1368013774818, 1482.454276444298, 1518.2874943693857, 1552.1110099992748, 1585.1080750997198, 1616.7946525233983, 1647.3949392941781, 1676.8464400163662, 1705.5414362530719, 1733.790499546266, 1753.3049535963955]","[4.1760774, 4.1717854, 4.1686354, 4.1663122, 4.1643038, 4.1626501000000005, 4.1614294, 4.1602483, 4.1592636, 4.1581216, 4.157413, 4.1567044, 4.156073999999999, 4.1554046]",2793.397386168755
430,0.5,1,45,"[0.0, 24.47741853419228, 58.35956876066126, 93.43060387681777, 127.7238847528073, 160.70961633287232, 194.24476024525893, 230.08852935564562, 267.1514956857052, 307.9381428604444, 355.25853017496615, 406.1539724520203, 455.0804673511169, 501.30981896533706, 545.425947307063, 587.617732008703, 627.4238480954717, 666.7292070817324, 705.7485805601433, 744.1741186406572, 781.3756552279782, 817.7217655461762, 852.8335202054535, 886.5157608533774, 919.688184962636, 952.6418601115305, 984.6797558883358, 1016.8555757516755, 1049.301746254269, 1082.3275116074292, 1115.3385883553633, 1148.989632588446, 1183.528214830052, 1218.6471793619085, 1254.5762131215643, 1291.393236051093, 1329.0347672763537, 1366.9210858830165, 1404.6769785245024, 1441.8794506204244, 1478.840637280974, 1514.6862801671386, 1548.7166022680308, 1581.1929791503107, 1613.0583581634205, 1643.723656076063, 1673.3037383536894, 1701.8647282831676, 1730.1504998466507, 1752.310980129393]","[4.176156, 4.1718249, 4.1686745, 4.1662335, 4.164422, 4.1628075, 4.161350700000001, 4.1602087, 4.1592245000000005, 4.1582794000000005, 4.1573734, 4.156822200000001, 4.1559954, 4.1555228]",2792.716380663654
431,0.5,1,45,"[0.0, 24.630341281230358, 59.02848856152616, 93.58011133810845, 127.9170778926026, 161.4169825842062, 195.0961731605343, 230.31574694634247, 267.597616976039, 308.5220241377544, 356.3197900545911, 406.55462372265146, 455.74175929633583, 501.59437300369785, 545.7814069608091, 587.8100918780867, 627.7812152056158, 667.2522845593642, 705.3991595609848, 744.2552295783992, 781.8362278150282, 817.8649030923759, 853.0065061042856, 886.7879615503759, 920.0040452148478, 952.5876377665757, 985.4147874541511, 1017.2081051406303, 1050.1265200595121, 1082.6635820259237, 1115.6091407657857, 1149.1301936501227, 1183.577223177695, 1218.6129156434624, 1254.8947125434374, 1291.444698316706, 1328.957360199886, 1366.9264289165371, 1404.6985682761047, 1442.1865467059852, 1479.076675551682, 1514.9733515631133, 1548.711264785431, 1581.8216212100936, 1613.5472734325779, 1644.0659132286535, 1673.6653183201652, 1702.4075117677498, 1730.404732864667, 1752.9693624871152]","[4.1760774, 4.1716671000000005, 4.1686354, 4.1661544, 4.1642251, 4.1626105, 4.1614294, 4.1601300000000005, 4.1591454, 4.1582398000000005, 4.1574917000000005, 4.1565075, 4.1559563, 4.1552868]",2791.7837449468325
432,0.5,1,45,"[0.0, 24.769237993894706, 58.430400091239335, 93.60529394646784, 128.31879608533933, 161.75723034669596, 194.75431773494023, 230.37322462466142, 267.4934035587865, 308.03011118016076, 356.2098071644203, 406.8347254813803, 455.6037042215923, 501.3497032647845, 545.3630167613219, 587.6742842370868, 627.8472013950266, 666.6436932021998, 705.4245470483743, 743.6907606954278, 781.2307815612135, 817.9056737989376, 852.8459986074486, 886.7874379847656, 920.0930861015265, 952.4768065128117, 984.3203456918177, 1016.8042398229359, 1049.6035331663552, 1082.3209217091523, 1115.2279756768185, 1148.8985963701346, 1183.4087362909536, 1218.7181134728175, 1254.4532694887296, 1290.9850399307868, 1328.6391386240816, 1366.6151508609546, 1404.343705024754, 1442.1680426031812, 1478.5373123817685, 1514.2981501466845, 1548.4908218441844, 1581.1706520118266, 1613.0993926759365, 1643.6295930941044, 1673.2716855481126, 1701.9459350273146, 1729.929697072629, 1750.9543205139166]","[4.1759987, 4.1715097000000005, 4.1684775, 4.1662335, 4.1641068, 4.162531899999999, 4.1611929, 4.1599727, 4.1590276, 4.1580038, 4.1572556, 4.1565862000000005, 4.1558771, 4.1551290000000005]",2790.587067025284
433,0.5,1,45,"[0.0, 24.330941674799874, 58.5898878495471, 93.43841473764513, 127.4226700264748, 160.6402017990398, 194.57347848035533, 229.8721300533481, 267.0670675255342, 307.90716970002927, 355.68473717598226, 405.7017842683107, 454.49991802136844, 500.48280998374287, 544.8464404032752, 586.8498618514092, 627.4106236758873, 666.3614243918469, 704.7941345699182, 743.7443687415725, 780.7423877349836, 817.2064574535354, 852.2941507581982, 886.0226461752568, 919.1925579727992, 952.0997290181103, 984.0143596367559, 1016.4188661018952, 1049.183012402618, 1081.7036416903493, 1115.0385737543252, 1148.279433847031, 1183.0849912046474, 1218.4201336617566, 1253.957397780913, 1291.0647806501777, 1328.2461642583298, 1366.0430113736877, 1404.0534802984346, 1441.9009928203518, 1478.5592644809067, 1514.2147731472096, 1548.2374195640489, 1581.1700750957923, 1612.837300007441, 1643.4475873605256, 1672.8847780174563, 1701.6245507002438, 1729.740435598769, 1753.5851057564953]","[4.1759987, 4.171470200000001, 4.168438399999999, 4.1661544, 4.1642251, 4.1625714, 4.1611929, 4.1599727, 4.1591063, 4.1582003, 4.1572161, 4.1565075, 4.1558771, 4.155208099999999]",2790.083191417235
434,0.5,1,45,"[0.0, 25.061928794089113, 59.14648578301933, 93.97874492246342, 128.3711387643021, 161.54509253559263, 195.20770615734455, 230.60884173671695, 267.58137562043544, 308.357453502535, 355.8843366380995, 405.8333395829095, 454.9825891777085, 501.32384502642924, 545.4362230937033, 587.369251530932, 627.4950631658035, 666.6653619034037, 705.3394531432125, 743.4076566627937, 781.1057534943611, 817.7300002290051, 852.5244189696677, 886.5537304262393, 919.7496681547327, 951.9526450852777, 984.3729724852906, 1016.5639543981288, 1049.5129845078413, 1081.9571059336972, 1115.209800869423, 1148.960439892506, 1183.0512686340157, 1218.1887724919125, 1254.1456332534265, 1290.7068069916975, 1328.3691411694729, 1366.2441675722944, 1404.1193865402608, 1441.6335631471964, 1478.3742123383133, 1513.8270508361672, 1548.168749237244, 1581.1605015920968, 1612.9765637981761, 1643.4531505133382, 1673.0618205346009, 1701.525018394624, 1729.5725600582277, 1753.2827321767168]","[4.1759987, 4.171628, 4.168438399999999, 4.1661544, 4.1642647, 4.1625714, 4.1612325, 4.1601300000000005, 4.1590667, 4.1581612, 4.1572556, 4.1566253, 4.1557984, 4.1553259]",2789.71472491143
435,0.5,1,45,"[0.0, 22.60914336477674, 56.49573519252266, 91.30564268072169, 125.8293897184339, 159.297203449012, 192.8229138569207, 228.20023018007572, 265.43760871157923, 305.6970671458168, 352.8855989327903, 404.02421235028584, 452.70611041264937, 499.12637532774596, 542.8257236415541, 585.1965438127036, 624.9732636060833, 664.1857474917374, 702.9915616261842, 741.1220509628149, 778.858228041584, 815.0171199216909, 850.0958036790919, 883.7316303369123, 916.7948180846588, 949.7236969149765, 981.8672530532538, 1014.0679751299158, 1046.7595866733916, 1079.5484795601674, 1112.2610459392588, 1146.306875976127, 1180.898645004244, 1215.7368626787804, 1251.7222380622202, 1288.3111835237612, 1325.6234660264465, 1363.758964479906, 1401.5988918846567, 1438.9642767839312, 1475.7580135858755, 1511.226323983767, 1545.3125382269507, 1578.3353949359132, 1610.1958586565208, 1640.8957504497998, 1670.3873387093968, 1699.135685086203, 1727.1511116076035, 1753.0184452534313]","[4.17592, 4.1715493, 4.1683202, 4.1660757, 4.1641464, 4.162531899999999, 4.1611142, 4.1600118, 4.1589093, 4.157924700000001, 4.1570978, 4.1564283, 4.1557593, 4.154892899999999]",2788.69433955404
436,0.5,1,45,"[0.0, 22.97891799278875, 56.877477239067275, 91.34816847657379, 125.99664787186163, 159.5733226197932, 192.8859233569001, 228.34580730019695, 265.45128485147427, 305.8117779957305, 353.29233971430847, 403.9784912620719, 451.9900961246718, 498.57140695441524, 542.5145295809336, 584.8781198124251, 625.1191496705109, 663.8172091717696, 702.6469428525062, 741.2389998029479, 778.3503617622238, 814.7665817028086, 849.9230690352448, 883.7333481679633, 916.8946574490031, 949.481171835448, 981.7779051736942, 1014.0608836647594, 1046.5338793235496, 1079.5887079117751, 1112.4964685042414, 1145.8379157938025, 1180.6759776290132, 1215.8372214530696, 1251.7031330400291, 1288.317114818798, 1325.9730074673366, 1364.0125692725196, 1401.381732392695, 1439.083890763996, 1475.5966109896435, 1511.5476812237548, 1545.565528616325, 1578.444703383324, 1610.1476021228218, 1640.7501702823733, 1670.1466155576986, 1698.9486335200122, 1726.8772775005841, 1752.500578939278]","[4.1760383, 4.171470200000001, 4.1683202, 4.1661153, 4.1641068, 4.1624928, 4.161272, 4.1599331, 4.1589093, 4.1580429, 4.1571765, 4.1563892, 4.1557198, 4.155168499999999]",2787.9591406510413
437,0.5,1,45,"[0.0, 20.91384714963226, 54.77829967010706, 89.5192336051964, 124.0394906171112, 157.14726298336683, 190.51094741210323, 226.44944094801696, 263.53506003257377, 303.9464144276524, 351.0437027715097, 401.73582594626197, 450.688702404122, 496.56993780796046, 540.4703491597663, 582.3367208127545, 621.4169296661605, 661.5377306156404, 701.2573229734712, 739.0380603104022, 776.5206630597604, 812.8138278610395, 847.7821847896926, 881.5585361615019, 914.5241364576393, 947.3655340309319, 979.6353473466665, 1011.8394996836798, 1044.2593715769292, 1077.108030319948, 1110.3612669147392, 1143.909208567961, 1177.9807486010866, 1213.6567201667674, 1249.332560242884, 1285.521557715271, 1323.5190998211788, 1361.05722032746, 1398.9536510709027, 1436.993042942089, 1473.031908444748, 1508.5597110559256, 1542.6781425262343, 1575.597218942336, 1607.2559046070496, 1637.8462662494476, 1667.4117946927727, 1695.983836835036, 1724.0189436633705, 1750.3895707947454]","[4.176156, 4.1715884, 4.168438399999999, 4.1661544, 4.1640677, 4.1626501000000005, 4.161350700000001, 4.1601300000000005, 4.158988, 4.1581612, 4.1573343000000005, 4.1565862000000005, 4.155838, 4.1552472]",2787.90334262058
438,0.5,1,45,"[0.0, 19.89316093164905, 53.46748254039329, 88.87476253598481, 122.97374930019805, 156.13734920287976, 189.51753596806492, 225.31922736713233, 262.61348647620576, 302.9469899572119, 350.4118101895776, 400.76190542767955, 449.24329106672093, 495.6738853410698, 540.0732540510467, 581.326046847631, 621.9095402079638, 660.6838568852675, 699.4347754546277, 737.5384990326752, 775.5746839437631, 811.5878305965489, 846.0672229666143, 880.4184482643582, 913.9374640473698, 946.0762665976556, 978.3825228451415, 1010.6342037573538, 1042.8880887144676, 1075.6654140540456, 1108.865538332224, 1142.7143520655857, 1177.1343304166157, 1212.0928874285764, 1247.9260014292313, 1284.2820845525466, 1321.75946833067, 1359.5222347005397, 1397.5260747992181, 1434.8528043796628, 1471.7006451586774, 1507.2100430333464, 1541.5643272101279, 1574.2361774140772, 1605.9325192921658, 1636.581475429761, 1665.9543732626382, 1694.6042781435015, 1722.7047831629222, 1738.3553437742105]","[4.1757622, 4.1713524, 4.1682415, 4.1658397, 4.1638708, 4.1623745, 4.1609569, 4.159775700000001, 4.1587911, 4.1577673, 4.1570191, 4.156271, 4.1555624, 4.154892899999999]",2786.499875756018
439,0.5,1,45,"[0.0, 31.488822890040353, 65.40773551026757, 100.33104650407938, 134.69102323282038, 167.72884863101427, 201.01537027326452, 236.82948824045087, 273.9060758610995, 314.35653926347896, 361.7272994883461, 411.9064506578724, 460.5033598677307, 507.0728782090467, 550.8882801965608, 592.6472144714635, 633.2681828370487, 671.8192674872614, 710.5053502570672, 749.0853701729211, 786.2161035702923, 822.7859001530462, 858.0257360164098, 891.6927771964001, 924.7142159146731, 957.201787737155, 989.4330364437362, 1021.7106685560977, 1054.024050192105, 1087.0517972007246, 1120.28786090814, 1153.7544723871051, 1188.2103082566407, 1222.911549937513, 1258.3995244187277, 1295.5218990639412, 1333.0749132885192, 1370.3214565400428, 1408.2629867912146, 1446.002520768534, 1482.503204717532, 1518.388515132145, 1552.7402530213121, 1584.9283943701766, 1616.6942444696112, 1647.3862561078636, 1676.9765887976002, 1705.5859348323936, 1733.733765150958, 1753.8457015254724]","[4.1758804, 4.1713128, 4.168398900000001, 4.1658001, 4.163831200000001, 4.162256200000001, 4.1609173, 4.159775700000001, 4.1586337, 4.1577282, 4.1570191, 4.156271, 4.1555228, 4.154932]",2785.858505855577
440,0.5,1,45,"[0.0, 31.534070305543025, 65.54655570477212, 100.1642991819075, 134.94037134346638, 168.34736640773997, 202.0400780973565, 236.9413437148727, 274.0916290005317, 314.48563867908126, 361.4060933451449, 412.09114605548666, 461.09298374559864, 507.1569780488753, 551.2949013486985, 593.0442991118013, 632.9860327596301, 672.4308659305647, 711.0707914040373, 749.1710845377658, 786.3953774104554, 822.9978861564103, 857.4662145893257, 891.4196576571445, 925.1057735266987, 957.791964892736, 989.5104927224405, 1021.8289012076431, 1054.3812611684402, 1086.9581644937707, 1120.310992426082, 1154.0269928029356, 1187.9193144611531, 1223.1673580442766, 1258.8615203307595, 1295.4916217989175, 1332.7596037242515, 1370.888643929521, 1408.3464597802458, 1446.004046383986, 1482.7512249906486, 1518.1614773556503, 1552.800565047166, 1585.480185917313, 1616.9373860003507, 1647.5775487354535, 1677.0231323268172, 1705.7119094939626, 1733.8123551051322, 1752.1282451499424]","[4.1757231, 4.1713128, 4.1682415, 4.1658001, 4.1638708, 4.1623349, 4.1609964, 4.159775700000001, 4.1586728, 4.1577673, 4.1570587, 4.156271, 4.1554837, 4.154853299999999]",2785.1080500341805
441,0.5,1,45,"[0.0, 18.945627259021762, 53.12649471840962, 87.65750164937918, 122.05432435780165, 155.34237302746476, 188.54480928017233, 224.29869965718206, 261.21407200415126, 301.9127670140904, 349.0303839514214, 399.4910665512548, 448.1099888418232, 494.5203108105252, 538.6720274095419, 580.1185074831701, 620.6695030503405, 659.4678109566157, 697.9201620089343, 736.482787091757, 773.9933866491172, 810.4463452701377, 845.539454473738, 879.0658859499333, 912.5487913623608, 944.5388976691163, 976.979326616002, 1009.168313591854, 1041.4474910367371, 1074.2692141713494, 1107.507071767632, 1140.8456668792485, 1175.672309357235, 1210.4760249827418, 1246.1010969924432, 1282.8306507798918, 1320.3532935655187, 1357.983546132156, 1395.7573464831908, 1433.3123828884811, 1469.7902941185412, 1505.2634074942296, 1539.2627087043443, 1572.3629386633797, 1604.1059863840264, 1634.7215613739675, 1664.1656721427094, 1692.7622665051827, 1720.847409949191, 1737.3818659857175]","[4.1757231, 4.1712737, 4.168162799999999, 4.1656818, 4.163831200000001, 4.1621776, 4.1608782, 4.1595788, 4.1587124, 4.157649, 4.1569009, 4.1560349, 4.1553655, 4.1547356]",2784.127346588947
442,0.5,1,45,"[0.0, 20.641604518144845, 54.6721454608159, 89.82805240079404, 124.23155261607269, 157.66346040776892, 191.0101192191566, 226.05745009969036, 263.54260719187045, 303.7620534004844, 350.9663336922641, 401.39665891214935, 450.13969175057815, 496.4932232278107, 540.344664448834, 582.5447520965413, 622.2933083876885, 661.4034035951156, 700.1279098859188, 738.4403953276233, 776.2764991470901, 812.2189755968657, 847.2249147445307, 881.4125101993368, 914.6663345172988, 947.4310039846976, 979.0262304473072, 1011.2579931405191, 1044.2217780130773, 1076.4057072149146, 1109.550239040207, 1142.798841762227, 1177.6757268945812, 1212.7062383275124, 1248.1783429037132, 1284.8462342688572, 1322.3390871669333, 1360.042424654642, 1397.9480994391724, 1435.328134550003, 1471.9348712936028, 1507.5805914910468, 1541.8473577334166, 1574.52497239812, 1606.1453960887243, 1636.7273293579108, 1666.176623295803, 1694.8816282296666, 1722.7810891754775, 1738.7782917053892]","[4.1756835, 4.1712737, 4.1682019, 4.1659184, 4.1639891, 4.1623349, 4.1610355000000006, 4.1598935, 4.1587124, 4.1578856, 4.1569009, 4.1561923, 4.1555624, 4.1548142]",2784.088945620525
443,0.5,1,45,"[0.0, 18.8750637904551, 52.705604509638704, 87.46483104041766, 122.03724717532083, 155.33235149474262, 188.93593588083195, 224.02312420146495, 261.11354616423307, 301.20887153727745, 348.82423515281573, 399.0277575801704, 448.0311871050866, 493.7253482038941, 537.2330781311606, 579.9087822077261, 620.082469009413, 658.9115925119065, 697.9079083971874, 736.0008673518075, 773.691954700226, 809.8104528343276, 844.7513937086712, 878.4989605230228, 911.7270543185368, 944.1087361002772, 976.323560018815, 1008.4944792792094, 1040.994675216349, 1073.8532330344387, 1106.8599227037444, 1140.5535393559367, 1174.8782486801151, 1210.0025824479924, 1245.3630512810482, 1282.1874328155752, 1319.5147486561182, 1357.19283837646, 1395.1830677523453, 1432.6591109490155, 1469.481014752373, 1504.7275049242799, 1538.645329796134, 1571.5351249073722, 1603.3258866024728, 1633.7642368819174, 1663.4093739370899, 1692.100164097783, 1720.1319036221716, 1740.1443005750193]","[4.1755261, 4.1712341, 4.1681232, 4.1658001, 4.163831200000001, 4.162138, 4.1608782, 4.1596966, 4.1587124, 4.157609900000001, 4.1568618, 4.1561136, 4.1555624, 4.154696]",2783.041789872234
444,0.5,1,45,"[0.0, 26.736228869946103, 60.870822226343535, 95.35771797760788, 129.36430945706115, 163.13419439358665, 196.58687018891453, 231.8935856871683, 268.78667767453123, 308.9366275158062, 356.00796719258653, 406.53406978208534, 455.97100613677503, 501.79117809051775, 545.419192946608, 587.6868150152756, 627.8701512302373, 666.9036879735085, 705.3642111382873, 743.4314961036856, 781.3053739277772, 817.6467672993648, 852.5248847586407, 886.0752994052244, 919.2650800936323, 951.7893469855275, 984.1529639084123, 1016.4096500895754, 1048.614094446737, 1081.498285106155, 1114.5056433138957, 1147.791629762858, 1182.7052140525834, 1217.3875055272833, 1253.3467539953226, 1290.053944977814, 1326.8078157262657, 1364.9448272507375, 1402.9347965067582, 1440.524624367711, 1476.713704775147, 1512.7081435836649, 1546.7997647025854, 1579.3594866327148, 1611.2029773978966, 1641.5002335288145, 1671.108487199173, 1699.8595168711495, 1727.66811567896, 1752.5509482824027]","[4.1755657, 4.1711159, 4.1680446, 4.1654854, 4.1636343, 4.161902, 4.160681200000001, 4.159500100000001, 4.1584764, 4.1575704, 4.1567435, 4.1559954, 4.155208099999999, 4.1546564]",2781.773725594752
445,0.5,1,45,"[0.0, 32.12007933126483, 66.19062174941791, 100.70824444680545, 135.03423690633622, 168.48247892109435, 202.2563950134027, 237.29648115883737, 274.13071193648494, 314.52560995750474, 361.67640685408554, 412.2323724220526, 460.6791574777564, 506.6525776819504, 551.3002584125106, 592.8044801044355, 632.9273521393745, 672.2114299033922, 710.2755685684695, 748.6435358175313, 786.3005880732612, 822.6708224365964, 857.7663955635978, 891.1797999141074, 924.6637340458251, 957.4133834902807, 989.6731071729425, 1021.5070606305453, 1053.7732875650047, 1087.1265878839963, 1119.86096768698, 1153.2231863134782, 1187.1322494177628, 1222.7248318574875, 1258.2807375731716, 1294.746748925671, 1332.601770600711, 1370.0386723073007, 1407.7351252056121, 1445.2609198820865, 1481.8259708804742, 1517.414587719136, 1551.2870444756927, 1584.0962834838526, 1615.9079749159307, 1646.259508289041, 1675.9923728980825, 1704.5381822789107, 1732.6741674488337, 1753.003289099596]","[4.1756444, 4.171037200000001, 4.1679263, 4.1656427, 4.1637921, 4.1621776, 4.1607599, 4.1595788, 4.1585155, 4.1575313, 4.1567435, 4.1559954, 4.1552868, 4.1546173]",2781.401011677928
446,0.5,1,45,"[0.0, 31.655660586032013, 65.40342967020683, 100.27210790600043, 134.58743085509872, 167.82413842446937, 201.50089338764218, 236.35196029966045, 273.46194274465, 314.13067917562245, 360.4859730594956, 411.1527672469978, 459.6493729538859, 505.90315083350623, 550.0462202498118, 592.0288644246139, 632.172811103655, 671.1332781941123, 709.4886184154061, 748.0652832789253, 785.2626136584765, 821.4274551805065, 856.4087615716082, 890.1641202595299, 923.5387383619861, 955.8404118207047, 988.1518776946625, 1020.4291675445363, 1052.690717813763, 1085.735650916562, 1118.5763724605554, 1152.2713612694179, 1186.4193806689527, 1221.2581214571787, 1257.2963249311, 1294.0041229932485, 1331.0366439072425, 1368.4524826092725, 1406.424711307088, 1443.990557143395, 1480.551710415759, 1515.939890283115, 1549.8423264495736, 1582.7055552780892, 1614.554762325879, 1645.0191886604212, 1674.6385984864119, 1703.3764907838577, 1731.333432039104, 1752.3484427764224]","[4.1756048, 4.1711555, 4.1679659, 4.1656032, 4.1637921, 4.162138, 4.160681200000001, 4.1595392, 4.1584764, 4.1575704, 4.1567435, 4.1559563, 4.155208099999999, 4.1547356]",2780.810680253634
447,0.5,1,45,"[0.0, 24.091744334102884, 58.35429396528349, 92.80401793960903, 127.52118728632666, 160.9923471705515, 194.14276311248454, 229.24916916858353, 266.1941638563368, 306.973786129103, 353.16792868730886, 402.99085937614916, 452.0206366135301, 498.30033735227437, 542.4061667428462, 584.5944079169096, 624.7053794911262, 663.6433865641288, 702.0104989080767, 739.9276682196969, 777.9028086766166, 813.9916108506004, 848.937497554813, 883.210390124802, 916.2061453430563, 948.3947152583085, 980.871677872078, 1012.9285496785803, 1045.73992193553, 1077.8256694453664, 1111.1938629775962, 1144.7223071331766, 1178.4152732864713, 1213.5149874792926, 1249.3969000458649, 1286.215380290296, 1323.7882134438112, 1361.1614653654203, 1399.006827743388, 1436.2547975203508, 1473.060739808706, 1508.6324828350862, 1542.6348208188863, 1575.6427722584722, 1607.1227269400044, 1637.4475483236513, 1666.9931235890026, 1695.732494373516, 1723.6941881885339, 1739.1195799355753]","[4.1755657, 4.1711159, 4.1680446, 4.1655641, 4.163713, 4.1620593, 4.1607208, 4.1595788, 4.1585941, 4.1575313, 4.1566648, 4.1559167, 4.1552472, 4.1546173]",2780.057299499649
448,0.5,1,45,"[0.0, 30.21935369352275, 64.01456051401766, 98.52034367036083, 133.33805601044548, 166.6391779892595, 199.85727957687442, 235.17617018412767, 272.2499039730098, 312.484094233241, 359.1241229971269, 409.0358305647422, 458.0946021686737, 504.3944563314739, 548.3401629130688, 590.123916181441, 630.3847168549828, 669.4194466022211, 707.4693332009649, 746.1867318503448, 783.3401123130031, 819.6123537767139, 854.5758710948023, 888.6120145421128, 921.6427253943564, 954.1219423155405, 986.1006169639847, 1018.4450680704822, 1050.6493050838546, 1083.3138871881265, 1116.218202217669, 1150.1473804586294, 1184.3342103318926, 1218.6517323749852, 1255.070916406251, 1291.851803328471, 1328.353485656916, 1366.2585394066393, 1404.2771785248306, 1441.788650764062, 1478.0978289129246, 1513.6901109307341, 1547.8124430158016, 1580.6890319467236, 1612.185239939111, 1642.8310143469778, 1672.3183199638424, 1700.9900277610714, 1729.101817491196, 1751.930593666043]","[4.1755261, 4.1709981, 4.1679659, 4.1656032, 4.1636343, 4.162256200000001, 4.160681200000001, 4.159460500000001, 4.1585941, 4.1574526, 4.1566648, 4.1559954, 4.155208099999999, 4.1544991]",2780.5308507588707
449,0.5,1,45,"[0.0, 30.306095339688397, 63.98806004794949, 98.89644678066298, 133.22640509047181, 166.45446148757208, 199.9936044169416, 235.43130189674935, 272.3222076589245, 312.6155456544476, 359.1386437486444, 409.6821292945302, 458.47458628897016, 504.27176318044826, 548.8705459116408, 590.188381771786, 630.4213347971202, 669.3311767473841, 707.7698286161022, 746.1688039966745, 783.3354855746662, 819.6974616220817, 854.6453575214372, 888.8716004673648, 921.8735505199764, 954.3718931023842, 986.2748961048907, 1018.498552829158, 1050.751851603778, 1083.8247123125207, 1116.707545326893, 1150.0121467241743, 1184.1769850651062, 1219.2200357510296, 1254.9699548770523, 1291.624096814155, 1328.617798162803, 1366.594617710582, 1404.0093021673738, 1441.4178997931635, 1478.2202903522907, 1513.6902213513586, 1547.7558090102007, 1580.3443919168808, 1612.1267651496605, 1642.7386838912325, 1672.3070250491573, 1700.9874661539352, 1728.9479987166933, 1751.9667299022085]","[4.1755261, 4.1709981, 4.1678872, 4.1654458, 4.1635556000000005, 4.161980600000001, 4.160563, 4.159460500000001, 4.1583972000000005, 4.157413, 4.1565862000000005, 4.1557593, 4.1550503, 4.1544991]",2778.7975384913484
450,0.5,1,45,"[0.0, 31.491606273207196, 65.23080312556914, 99.9091065673689, 134.17723141244926, 167.458934043586, 200.94235687604856, 235.95003015565675, 272.99681748212964, 313.37683484261737, 359.7796908829927, 409.80041696277664, 459.0217308087088, 504.8886683578792, 549.0988581357371, 591.1083788254471, 631.1187436218552, 670.1241728410612, 708.0233656225887, 746.5928860268577, 784.3826393185277, 820.4814495868268, 855.2030714623638, 889.3071961168587, 922.4225949320448, 955.0456855721281, 987.0474984908849, 1019.2103785770187, 1051.473116377888, 1084.3003183423223, 1117.471400009938, 1150.7706590936077, 1184.928568198196, 1219.950844213054, 1255.885222644624, 1291.9159544237884, 1329.3761562216512, 1366.7649820147217, 1404.7760714579442, 1442.2132205815092, 1478.7281221943028, 1514.3323556747073, 1548.1408378424333, 1581.6255459464403, 1612.630609914356, 1643.1434610384113, 1672.8254838624964, 1701.5211577064993, 1729.501244598469, 1752.248888961114]","[4.1754079, 4.1710768, 4.1678872, 4.1655641, 4.1637526, 4.1619411, 4.160563, 4.159421, 4.1583581, 4.1574917000000005, 4.1566253, 4.155838, 4.155168499999999, 4.1545386]",2777.6531235477723
451,0.5,1,45,"[0.0, 28.2762285951913, 61.968589779076865, 96.6198418946754, 130.44561657955927, 164.2721790175342, 197.98028266606445, 232.8403845910807, 270.1099326586575, 309.9938282665345, 356.439473854501, 406.9936963094725, 455.60759243264386, 501.44248247929534, 545.4605916071688, 587.140202077548, 627.6236441688883, 666.3453995529823, 705.0800815423041, 743.2059387697424, 780.6104551890154, 816.7931499751604, 851.7691338314133, 885.3074958467599, 918.5629940286389, 951.0030562939652, 983.2609540373691, 1015.2319783474462, 1047.7945607163692, 1080.4484233346134, 1113.6124047106027, 1147.3615418022314, 1181.3153482678326, 1216.50724735109, 1251.7489524442053, 1288.2898860314372, 1325.4705955005147, 1363.4168298396007, 1400.9143245750402, 1438.580935326002, 1475.243999262018, 1510.354949000758, 1544.443231819378, 1577.316548946626, 1609.0648209776728, 1639.569499962507, 1669.1818629485729, 1697.8957559397018, 1725.867539574513, 1752.2870461671268]","[4.1754475, 4.1708798, 4.1678085, 4.1654062000000005, 4.1635165, 4.1617837, 4.1604843, 4.1592245000000005, 4.1583185, 4.1573343000000005, 4.156271, 4.1556411, 4.1551290000000005, 4.154380799999999]",2776.4185925359443
452,0.5,1,45,"[0.0, 24.857251764019395, 58.5571318996154, 93.7015254690836, 128.0050890572116, 161.5997365921225, 195.06457232414715, 229.9074399832379, 266.80317286994347, 306.7316715519344, 353.0381003686047, 403.97717305135217, 452.46327299586284, 498.55052017582756, 542.2323045112439, 584.3448916034233, 624.773587837662, 663.3487010365586, 701.9985320303695, 740.1520829332324, 777.7539200746389, 814.3077233366428, 848.9372876050259, 882.5484306942885, 915.4229882147681, 948.2565945728625, 980.3580368692913, 1012.5961083282277, 1044.8955950168263, 1077.6287644656306, 1110.550823861234, 1143.8100730023068, 1178.710310537715, 1213.3151730439822, 1248.978066877593, 1285.8274154661103, 1322.577778167753, 1360.727078134242, 1398.1054445028813, 1435.7579449315836, 1472.13651118915, 1507.6246317292598, 1541.842998576221, 1574.82120463824, 1606.1047241738538, 1636.7854855878877, 1666.0317945745992, 1694.924219183115, 1723.0202774112076, 1750.420937652384]","[4.1755657, 4.1709189, 4.1678085, 4.1654062000000005, 4.1635952000000005, 4.1618233, 4.160563, 4.1593423, 4.1582794000000005, 4.1573734, 4.1565075, 4.1557198, 4.1549716, 4.154380799999999]",2775.791539951308
453,0.5,1,45,"[0.0, 26.595092442760006, 60.78043161960795, 95.29804420528285, 129.79866522161984, 162.89676342361366, 196.39279961059611, 231.3570629773032, 268.4344858892991, 308.67987560451155, 355.30777821588964, 405.4012081710286, 453.544377228732, 499.9940253968219, 544.1903524084439, 585.6798553005985, 625.9079545055195, 664.7378715962411, 703.2860316740805, 741.7742025347732, 779.0293850333942, 815.1062499341176, 850.3513792433573, 883.9876323337251, 917.3493209429323, 949.4239437351212, 981.5229992260988, 1013.6810622246401, 1046.0535729128296, 1078.8878416131565, 1111.7404597173104, 1145.2331510824922, 1179.115473592414, 1214.5337050829742, 1250.0094838876178, 1286.6706137818476, 1323.847679558053, 1361.456257745186, 1398.9616587557095, 1436.415309536511, 1472.9206623661594, 1508.7717907317553, 1542.7408561774641, 1575.0780884318851, 1606.9361044513964, 1637.4309454330546, 1666.9599417936781, 1695.673030047844, 1723.7731137716005, 1739.9413969173183]","[4.175368799999999, 4.1708012000000005, 4.167690299999999, 4.1654458, 4.1634769, 4.1617837, 4.160563, 4.1592636, 4.1580825, 4.1571374, 4.156349700000001, 4.1556015, 4.1550112, 4.1543417]",2774.881455987686
454,0.5,1,45,"[0.0, 25.13511369716292, 58.90731785795424, 93.5226215285756, 128.06325062099825, 161.88126162475987, 195.07475522195966, 230.1226926924453, 266.69868115622774, 306.7641696278365, 353.1371415736696, 403.25825763066007, 451.9002676892786, 498.2900522815494, 541.9440441265157, 584.000031767448, 624.0765260651743, 663.0467297719391, 701.4497034221075, 739.840785365824, 777.1425230650826, 813.5080678436665, 848.4968263393647, 882.1523498197536, 915.8716225271997, 947.652973224452, 980.0644200081073, 1012.2859780504924, 1044.3873104730055, 1077.0172063528871, 1110.1607931369922, 1143.3764919991322, 1177.8614114571988, 1212.9958980647984, 1248.024381002088, 1284.8159583584725, 1322.2367642670756, 1359.4588959135272, 1397.2976339076563, 1435.0947386128014, 1471.2324091374567, 1506.8334842418262, 1540.70757063764, 1573.8012194071234, 1605.2250135227569, 1635.9737969377402, 1665.5971421498398, 1694.1070803212974, 1722.135503214949, 1739.1034547966838]","[4.1755261, 4.1709585, 4.1678085, 4.1654062000000005, 4.1635556000000005, 4.1617837, 4.160563, 4.1593423, 4.1582398000000005, 4.1573343000000005, 4.1564679, 4.1556411, 4.1550899, 4.1543021]",2775.222399179688
455,0.5,1,45,"[0.0, 27.312113827738415, 61.09049311980493, 95.44029860120656, 129.92487545259797, 163.3564926161418, 196.76079163921446, 231.87217865760528, 268.783940238114, 308.5841715382193, 355.16290275019895, 404.9308493343687, 453.8574826920819, 499.95405211241854, 544.058376979546, 585.4901990226522, 625.6504507305558, 665.1704447824454, 703.1977682732274, 741.3502589842685, 778.5881806917662, 815.2450744651671, 850.0306646917445, 883.6379495556862, 916.7496292306123, 949.4283294270679, 981.7139678105832, 1013.8493642125068, 1046.0344582987493, 1078.8146030316882, 1112.0277912907748, 1145.3765236106685, 1179.490602001806, 1214.3575936198222, 1250.0615842685581, 1286.0821441185735, 1323.9348516761754, 1361.1789563355005, 1399.0538172384258, 1436.6094051547784, 1472.7138949930534, 1508.018475634038, 1542.1480024578136, 1575.202509209369, 1606.9498383137297, 1637.3249001354507, 1667.009948706286, 1695.5897478443974, 1723.587328724638, 1739.476710003459]","[4.1754866, 4.1710768, 4.1678872, 4.1656427, 4.1636343, 4.1618624, 4.1606026, 4.159421, 4.1582794000000005, 4.1573734, 4.1565466, 4.155838, 4.1551290000000005, 4.15446]",2774.1635367224126
456,0.5,1,45,"[0.0, 26.01554216636839, 59.69127725836182, 94.22485281197919, 128.54863264600982, 161.99300843451516, 195.47704066832415, 230.57213032022736, 267.340969404174, 307.6847010753832, 353.5906781980205, 403.2901760266703, 452.40069976523347, 498.48033300148774, 542.0197902768339, 584.1382248356019, 624.2570968019174, 663.2023814830632, 701.490227175447, 739.751106612598, 777.1329717049505, 813.8106634788392, 847.9968982535675, 882.7622664064895, 915.6399967633099, 947.6898513565757, 979.9321800890625, 1011.996958136361, 1044.4422156020823, 1077.0669261592461, 1110.0510145466658, 1143.2902910344656, 1177.6772456231527, 1212.4837904034173, 1248.2353575414745, 1284.6713062800068, 1321.37262227312, 1359.199495394194, 1396.8764073681498, 1434.4836826377843, 1470.7756587143165, 1506.5656910240716, 1540.808356821013, 1573.6394606916206, 1604.9576658546328, 1635.4389997642684, 1665.0322683393579, 1693.7646078871514, 1721.674603124172, 1739.264170409546]","[4.1752901, 4.1709585, 4.1677294, 4.1652093, 4.1633587, 4.161705, 4.160327, 4.1592245000000005, 4.1582003, 4.1571765, 4.1561923, 4.1555228, 4.1549716, 4.154262999999999]",2772.836270819771
457,0.5,1,45,"[0.0, 25.828802621028274, 59.66083142217093, 94.01624918506042, 128.33705027904512, 161.72463899958154, 195.29734893221882, 230.33910176865538, 267.3070140171109, 306.9606274636486, 352.9540051360875, 403.3089760140407, 451.46996363677124, 498.1046735638322, 542.0634437865915, 584.1070049668937, 624.3716804697261, 662.8686395849584, 701.5795595610068, 739.8318689379728, 777.1902018052212, 813.1411408789841, 848.275752837905, 881.9775390202328, 914.9077958767853, 947.5577933992204, 979.8695648045298, 1011.8752092198022, 1044.6501127693646, 1077.0195163256244, 1109.8355354090536, 1143.1102108077278, 1177.6672007367513, 1212.3623233431463, 1248.140592912182, 1284.4968966536444, 1321.8396858789292, 1359.14782875084, 1397.0453296868718, 1434.197411825639, 1470.8591828350702, 1506.2959026616059, 1540.0964622691802, 1573.3674084556178, 1604.915685170869, 1635.4037144723848, 1664.8933559396428, 1693.6486266434067, 1721.60672925042, 1737.5754732898636]","[4.175211, 4.1706433, 4.167572, 4.1652093, 4.1632013, 4.1616654, 4.1602483, 4.1590276, 4.1580038, 4.1570978, 4.1562319, 4.1555228, 4.154853299999999, 4.1541839]",2772.2477755944847
458,0.5,1,45,"[0.0, 26.069594587467634, 59.54745065100775, 93.78624838391801, 128.69771093898407, 162.19476986474905, 195.42805584150773, 230.48938332464803, 267.2911392493823, 306.8973035989341, 353.5479427102385, 403.45771168668415, 451.8077487259457, 498.225288526694, 542.0847826861734, 583.8895500009394, 624.1808268465356, 662.9619845392863, 701.1214305787162, 738.8952143495817, 776.7331125143633, 813.1166166001276, 847.8722162564629, 881.776378932688, 914.6433306803813, 947.3383591813663, 979.5577820107289, 1011.6867718905091, 1043.8586907662166, 1076.2887402729193, 1109.5707150889766, 1142.540046542272, 1177.088612600393, 1212.3036084081737, 1248.025047281937, 1284.326481394231, 1321.0121896363282, 1358.8449739604466, 1396.4296194872863, 1433.6135171696176, 1470.2295457103253, 1505.7120482461467, 1540.088449437166, 1572.7177391557818, 1604.2136046093794, 1634.7783745300442, 1664.3345763793143, 1692.9840470495512, 1720.9359130937698, 1738.6793409607596]","[4.1753292, 4.1707616000000005, 4.1678476, 4.1652884, 4.1633587, 4.1618233, 4.1602874, 4.1591849000000005, 4.1581612, 4.1572556, 4.1564679, 4.1556411, 4.154892899999999, 4.1541839]",2772.368987661134
461,0.5,1,45,"[0.0, 30.072227075841624, 63.82709525864453, 98.1929142266618, 132.57426488894328, 165.9583793376632, 199.26841188432235, 234.53838060054596, 270.90690129149374, 311.193036350383, 357.0569892180626, 407.4934865614428, 456.03390854522985, 502.57881958671743, 546.4318816962434, 587.938009391496, 628.5085669459038, 667.6533668021768, 705.5921400304017, 743.8775231072727, 781.43333312853, 817.1220711397125, 852.5818320479841, 886.4845490738303, 919.6765005491379, 951.7082830502948, 983.9106887807657, 1016.097051784755, 1048.3458194598854, 1080.8208170971684, 1113.9335813875366, 1147.5915750456377, 1181.3151139350957, 1216.2982998259156, 1251.7881025248353, 1288.1512961222893, 1325.181810900375, 1362.9271811041401, 1400.2473555192944, 1437.597802084116, 1474.08894823752, 1509.6840069418988, 1543.7389699438581, 1576.4406030971575, 1608.1467649439426, 1638.7128879520033, 1668.0792270226955, 1696.7682808372458, 1724.8383645692418, 1752.0569675814493]","[4.1751323, 4.1704464, 4.167493299999999, 4.1651702, 4.1631227, 4.161469, 4.1601691, 4.1589093, 4.1578069, 4.1569009, 4.1559954, 4.1554441, 4.1546173, 4.1538692]",2769.940750477159
462,0.5,1,45,"[0.0, 30.52339424452356, 65.22651414902106, 100.3097223006879, 133.97515680020706, 167.6563345365313, 201.6089739865456, 236.21191151745336, 273.0523369600786, 312.7337189786307, 358.7936271934125, 408.4322910516811, 457.5959625245224, 503.8699292284771, 547.5639229096274, 589.7456267751049, 629.440255806702, 668.66269444946, 706.7522334894749, 744.7084163484475, 782.2166243904863, 818.6218637658491, 853.6368227955062, 887.0743903820443, 920.2182929225006, 952.6270096527277, 984.8754340245104, 1016.9636596095153, 1049.1682332551163, 1081.5968737144385, 1114.2981189189431, 1147.726067961647, 1182.3692432637995, 1217.1321330615374, 1252.4190126102526, 1289.181791213431, 1325.8980819161789, 1364.1593883133637, 1400.9785488290645, 1438.2444493617081, 1474.522963645687, 1510.4003588392543, 1544.3017365094856, 1576.8236359185166, 1608.5775420718396, 1639.2033473314777, 1668.6451859202198, 1697.2938406457793, 1725.2490311791303, 1750.0728818758807]","[4.175211, 4.1706433, 4.167532899999999, 4.1651702, 4.1631227, 4.161586799999999, 4.1602874, 4.158988, 4.1579642, 4.15698, 4.1561136, 4.1552472, 4.154696, 4.153947799999999]",2768.933793048914
463,0.5,1,45,"[0.0, 32.48787865083193, 66.40834262821016, 100.86577307109832, 135.36014436769648, 168.54954064292411, 202.40395865059116, 237.3768617796905, 273.7498146855609, 313.4126708986824, 359.82122320130867, 409.21043364719, 458.3664898259082, 504.14422689873896, 548.181341358435, 589.7797825837349, 630.1991576656519, 669.4270165029773, 707.3576570318749, 745.6863343592688, 782.9784167792966, 819.4817359307658, 854.0940089890269, 888.3042755544393, 921.2942988679702, 953.8460042689376, 985.9035275552637, 1018.0847553538806, 1050.3512358143244, 1082.796832052555, 1115.6826087708146, 1149.1457228127747, 1183.8893674549893, 1218.2475183252157, 1253.8554624905385, 1290.1980218099718, 1327.4393998892183, 1364.7302124684302, 1402.7286706265409, 1440.049766388546, 1476.2894918765744, 1511.9094103600307, 1545.7618331111337, 1578.7224396001873, 1610.18464934431, 1640.936253492174, 1670.4214840016373, 1699.164524386848, 1727.1308240329504, 1751.6926581540256]","[4.1751323, 4.170486, 4.1672964, 4.1648946, 4.1630044, 4.161311100000001, 4.1600118, 4.158752, 4.1577673, 4.1568618, 4.1559563, 4.155208099999999, 4.1545386, 4.1537905]",2767.613752187499
