Cycle_Index,QV_Curve,Charge_Current(A),Temperture,Discharge_Current(A),Max_Charge_Capacity(Ah),Max_Discharge_Capacity(Ah)
2,"[0.104, 0.118, 0.143, 0.161, 0.18064739229024937, 0.1992726530612245, 0.21732192231731398, 0.231, 0.246, 0.2602057823129253, 0.276, 0.2916326530612248, 0.30632993197278935, 0.323, 0.3501203007518797, 0.377, 0.3969844897959184, 0.44, 0.4810253723110866, 0.52, 0.634, 0.7549560439560442, 0.857, 0.941, 1.079, 1.143, 1.218, 1.277, 1.3268061224489796, 1.379, 1.432, 1.472, 1.51, 1.5500646258503408, 1.586545918367347, 1.625, 1.66, 1.698, 1.73, 1.761, 1.787, 1.823, 1.854, 1.883232339089482, 1.9146326530612245, 1.941, 1.9663952738990338, 1.995, 2.017218210361068, 2.046]",1.2,25,-2.4,2.341,2.353
3,"[0.106, 0.12, 0.143, 0.164, 0.18626808905380332, 0.19822975641869642, 0.218, 0.23, 0.245, 0.2600974325213957, 0.2763605442176872, 0.292, 0.308, 0.325, 0.349, 0.379, 0.403, 0.443, 0.484, 0.5350204081632653, 0.654, 0.7385485714285714, 0.865, 0.951, 1.085, 1.153, 1.214, 1.266, 1.329, 1.385, 1.424, 1.476, 1.516, 1.553, 1.589, 1.626, 1.652, 1.7, 1.733, 1.763, 1.7985368916797486, 1.827, 1.857, 1.883, 1.917, 1.933, 1.9671730612244895, 1.99, 2.016, 2.047]",1.2,25,-2.4,2.338,2.35
4,"[0.105, 0.125, 0.146, 0.165, 0.18662172011661807, 0.20291836734693902, 0.218, 0.232, 0.246, 0.26, 0.278, 0.293, 0.30829756418696513, 0.329, 0.348, 0.373, 0.4028008825151682, 0.443, 0.48515774958632096, 0.5353029827315541, 0.636, 0.774, 0.879, 0.963, 1.0621360544217686, 1.1548639455782312, 1.225, 1.284, 1.3315542857142857, 1.3829583673469386, 1.433, 1.4790136054421767, 1.5160221088435375, 1.553604522890237, 1.5924355188884065, 1.628, 1.664461137646548, 1.7, 1.733, 1.759, 1.799, 1.8284307196562835, 1.855, 1.8852555102040816, 1.9183877551020405, 1.943549319727891, 1.968957867017775, 1.9973996598639456, 2.018, 2.044]",1.2,25,-2.4,2.339,2.348
5,"[0.106, 0.12080102040816329, 0.146, 0.165, 0.1853219954648524, 0.201, 0.218, 0.231, 0.245, 0.2601208163265307, 0.277, 0.29, 0.307, 0.329, 0.353, 0.3825889212827987, 0.409, 0.446, 0.494, 0.5350379008746357, 0.629, 0.7710396825396827, 0.876, 0.966, 1.0609529042386183, 1.155, 1.203, 1.275, 1.334, 1.3834183673469382, 1.4239056122448979, 1.4738199708454809, 1.514, 1.551, 1.583983302411874, 1.623, 1.658, 1.701, 1.729, 1.762, 1.7953673469387754, 1.823, 1.853, 1.8832653061224487, 1.907, 1.938, 1.9644412575841146, 1.994, 2.015231020408163, 2.044]",1.2,25,-2.4,2.335,2.348
6,"[0.105, 0.122, 0.148, 0.163, 0.18183507997793705, 0.201, 0.21733437990580862, 0.2311828571428572, 0.245, 0.26, 0.277, 0.29, 0.306, 0.325, 0.345, 0.369, 0.40409863945578195, 0.444, 0.481, 0.536, 0.625, 0.777, 0.855548752834467, 0.969, 1.0599125364431483, 1.150102040816326, 1.199833594976452, 1.2755027829313543, 1.326, 1.38, 1.4226224489795918, 1.473, 1.507, 1.547, 1.586, 1.624, 1.663, 1.695, 1.7267687074829934, 1.761639455782313, 1.798, 1.8213644314868807, 1.852, 1.882, 1.905, 1.9381649200220628, 1.962, 1.989, 2.012, 2.043]",1.2,25,-2.4,2.333,2.348
7,"[0.106, 0.12673469387755107, 0.14824716553287984, 0.165, 0.18283507997793705, 0.20154788069073773, 0.218, 0.231, 0.244, 0.261, 0.27702721088435367, 0.29217877551020416, 0.30826077097505666, 0.326, 0.347, 0.376, 0.41, 0.44376757369614506, 0.484, 0.54, 0.6630408163265309, 0.747, 0.879, 0.965, 1.06, 1.155, 1.21, 1.268, 1.3307834101382487, 1.384, 1.4263061224489797, 1.474863945578231, 1.5153239795918367, 1.5495515719801434, 1.586, 1.625, 1.66, 1.7, 1.7265548814120242, 1.762, 1.797, 1.823, 1.8500952380952378, 1.877, 1.91, 1.937, 1.964, 1.989, 2.014, 2.044]",1.2,25,-2.4,2.333,2.347
8,"[0.106, 0.12471201814058953, 0.147, 0.165, 0.183, 0.20054788069073773, 0.21822878625134276, 0.231, 0.245, 0.26, 0.277, 0.291, 0.308, 0.32540319911748483, 0.347, 0.382, 0.40903287981859393, 0.445, 0.493, 0.536, 0.667022263450835, 0.784, 0.88, 0.965, 1.059, 1.141, 1.221, 1.281, 1.3295374149659862, 1.379, 1.423, 1.471219954648526, 1.517, 1.551, 1.587, 1.627, 1.66, 1.7032176870748286, 1.727, 1.763, 1.789, 1.8222881632653063, 1.854, 1.878807580174927, 1.913, 1.938, 1.966, 1.992, 2.014, 2.043]",1.2,25,-2.4,2.332,2.345
9,"[0.105, 0.122, 0.14649433106575968, 0.163, 0.1836609977324262, 0.20132374768089042, 0.217, 0.23, 0.244, 0.2600022675736962, 0.277, 0.291, 0.306167638483965, 0.324, 0.3435628571428571, 0.37, 0.408, 0.445, 0.49405515719801424, 0.543, 0.636, 0.7834060150375939, 0.886, 0.972, 1.071, 1.15, 1.202, 1.273, 1.327376623376623, 1.383, 1.418, 1.469, 1.51, 1.547, 1.583865306122449, 1.623, 1.657, 1.696638932496075, 1.7284489795918367, 1.7509888682745824, 1.7843795918367347, 1.8136003401360545, 1.840825396825396, 1.874, 1.894, 1.928, 1.955, 1.987, 2.004, 2.033]",1.2,25,-2.4,2.32,2.335
10,"[0.106, 0.12327673469387751, 0.14417439703153984, 0.165, 0.182, 0.1955061224489795, 0.216, 0.23, 0.243, 0.2570204081632653, 0.274, 0.289, 0.3, 0.3208282312925169, 0.33994360902255644, 0.371, 0.400827755102041, 0.44123276337562056, 0.472, 0.529, 0.614, 0.745, 0.869, 0.9553435374149659, 1.058, 1.139, 1.199, 1.26, 1.318, 1.368, 1.418, 1.462, 1.508, 1.542, 1.571, 1.616857142857143, 1.652, 1.689, 1.7244829931972792, 1.752, 1.778, 1.8107392290249433, 1.8370952380952383, 1.8701448321263994, 1.8949115646258503, 1.92, 1.949, 1.979, 1.9971621911922668, 2.026]",1.2,25,-2.4,2.316,2.338
11,"[0.106, 0.121, 0.148, 0.16393135435992573, 0.187, 0.203, 0.21653689167974852, 0.231, 0.24481224489795897, 0.25921877551020406, 0.277, 0.29, 0.307, 0.32934353741496586, 0.344, 0.381, 0.41, 0.445, 0.496, 0.5392102040816321, 0.6681887755102041, 0.775, 0.8873591836734692, 0.9773752834467119, 1.07, 1.151, 1.222, 1.278, 1.326, 1.377, 1.432, 1.469, 1.509, 1.546, 1.584, 1.6235639097744359, 1.657, 1.6975686707115278, 1.727328717201166, 1.7567439703153986, 1.7923963480128895, 1.82, 1.851, 1.8756020408163259, 1.908, 1.9342350718065002, 1.9596604081632654, 1.986, 2.01, 2.04]",1.2,25,-2.4,2.325,2.341
12,"[0.105, 0.12580272108843527, 0.146, 0.162, 0.18319025674786044, 0.197, 0.217, 0.23, 0.24364773735581197, 0.2584845292955893, 0.2752704081632655, 0.291, 0.30631292517006803, 0.325, 0.345, 0.371, 0.40903287981859393, 0.4435526530612244, 0.494, 0.54, 0.673, 0.774, 0.8921211734693879, 0.976, 1.062, 1.158, 1.212, 1.261, 1.3276390977443608, 1.3856122448979586, 1.43, 1.4738299319727888, 1.5108602825745683, 1.5522272476558192, 1.589, 1.623, 1.6613238973008557, 1.7031661224489796, 1.727, 1.760479591836735, 1.7932791836734694, 1.821, 1.852, 1.879, 1.91, 1.934, 1.96, 1.99, 2.013, 2.04]",1.2,25,-2.4,2.326,2.34
13,"[0.106, 0.122, 0.144, 0.164, 0.18273632653061223, 0.19650078492935638, 0.216, 0.2301485714285714, 0.24337048665620092, 0.259, 0.276, 0.291, 0.307, 0.32800666389004585, 0.35104608294930867, 0.372, 0.403804664723032, 0.443, 0.481, 0.529, 0.641, 0.784, 0.8674016034985422, 0.9673477891156463, 1.059, 1.146, 1.201588697017269, 1.266, 1.3195488721804511, 1.3749452201933408, 1.416, 1.4690272108843547, 1.51, 1.548, 1.5861207942636515, 1.62, 1.659, 1.6955634110787172, 1.7270975056689346, 1.752, 1.79, 1.8171819727891159, 1.848, 1.877, 1.9, 1.9330328798185943, 1.959, 1.984, 2.01, 2.039]",1.2,25,-2.4,2.322,2.338
14,"[0.105, 0.12652408163265305, 0.148, 0.1654353741496599, 0.186, 0.199, 0.217, 0.23, 0.245, 0.259, 0.2758408163265307, 0.291, 0.307, 0.329, 0.35274285714285697, 0.375, 0.41, 0.445, 0.490233469387755, 0.5403029827315541, 0.6753367346938776, 0.7926904761904763, 0.891, 0.979, 1.081, 1.1530551020408164, 1.2220176503033646, 1.2775502040816327, 1.332, 1.3806530612244887, 1.431, 1.477, 1.513, 1.551, 1.586, 1.621, 1.657, 1.6943910204081631, 1.727, 1.7577755102040813, 1.793, 1.819, 1.851, 1.88, 1.9036848072562358, 1.934, 1.95956283566058, 1.983, 2.010715918367347, 2.039]",1.2,25,-2.4,2.324,2.337
15,"[0.104, 0.124, 0.14480045351473902, 0.168, 0.179, 0.20041836734693866, 0.216, 0.228, 0.24360125588696993, 0.258, 0.276, 0.291, 0.305345804988662, 0.323, 0.3524428571428572, 0.3821700680272111, 0.408, 0.443, 0.4822363945578232, 0.54, 0.6610867346938778, 0.7740544217687076, 0.889172684458399, 0.978, 1.08, 1.1396972789115647, 1.207, 1.278, 1.33, 1.374, 1.4277551020408163, 1.4761812725090036, 1.51, 1.5493108685334598, 1.584, 1.6246593406593406, 1.66, 1.693, 1.726, 1.7504653061224493, 1.782, 1.818, 1.845, 1.8743643457382955, 1.9, 1.926, 1.960067755102041, 1.987, 2.009115918367347, 2.038]",1.2,25,-2.4,2.322,2.336
16,"[0.103, 0.12, 0.1427303206997084, 0.16129860365198703, 0.183, 0.19671224489795894, 0.2141738775510205, 0.228, 0.241, 0.257, 0.274, 0.28817877551020415, 0.304312925170068, 0.32507105064247926, 0.348, 0.371, 0.407, 0.443, 0.48834183673469383, 0.54, 0.676, 0.774, 0.8881020408163267, 0.9726486880466472, 1.0769529042386183, 1.144, 1.2180226144511859, 1.273, 1.327, 1.3767315541601253, 1.418, 1.47, 1.5098602825745684, 1.548, 1.584, 1.62, 1.6536416326530612, 1.6924037900874633, 1.723, 1.752, 1.7915368916797487, 1.8172881632653062, 1.845, 1.8744348508634223, 1.905, 1.9322542517006802, 1.959, 1.9827986762272478, 2.008, 2.037]",1.2,25,-2.4,2.324,2.337
17,"[0.104, 0.121, 0.145, 0.16491496598639468, 0.184, 0.1952726530612245, 0.213, 0.228, 0.2404081632653063, 0.257, 0.27237551020408196, 0.28629199372056524, 0.3027708719851578, 0.319, 0.349, 0.377, 0.402, 0.442, 0.48849781341107873, 0.5279625850340137, 0.6629387755102043, 0.7646602316602317, 0.89, 0.976, 1.059, 1.145, 1.2, 1.261929950358522, 1.329, 1.3764149659863945, 1.424, 1.462, 1.506964749536178, 1.544, 1.584, 1.624, 1.6593016858917482, 1.694, 1.727, 1.7572806122448983, 1.791, 1.815, 1.847474285714286, 1.873, 1.9, 1.929, 1.955, 1.985293469387755, 2.006, 2.036]",1.2,25,-2.4,2.319,2.335
18,"[0.104, 0.125, 0.145, 0.162, 0.184, 0.19628489795918355, 0.214, 0.228, 0.242, 0.25653644314868806, 0.274, 0.288, 0.304, 0.326, 0.341, 0.3786546938775509, 0.407, 0.442, 0.483, 0.544, 0.681, 0.787, 0.8921938775510205, 0.984, 1.0914955102040815, 1.158, 1.2068155976676385, 1.271, 1.327, 1.387, 1.4258112244897958, 1.4639448428019854, 1.514, 1.552, 1.586865306122449, 1.618, 1.658, 1.7, 1.73, 1.7609591836734695, 1.793, 1.822, 1.851, 1.881, 1.911, 1.936, 1.9615435016111706, 1.9847986762272478, 2.011, 2.042]",1.2,25,-2.4,2.326,2.337
19,"[0.104, 0.12552408163265305, 0.145, 0.16445224489795912, 0.17898400441257578, 0.198, 0.214, 0.22661904761904753, 0.245, 0.256, 0.274, 0.289, 0.304, 0.321, 0.347, 0.376, 0.406, 0.441709387755102, 0.485, 0.5413029827315541, 0.6714489795918368, 0.757, 0.891, 0.98, 1.0816179591836734, 1.15550268528464, 1.2095461224489796, 1.277, 1.3285542857142856, 1.377, 1.419, 1.476, 1.5110147392290247, 1.549, 1.584, 1.625, 1.656, 1.7011745626822157, 1.727, 1.7595816326530613, 1.7923232653061225, 1.82, 1.847, 1.877, 1.9075408163265302, 1.925853833425262, 1.9603610675039245, 1.982, 2.008, 2.037]",1.2,25,-2.4,2.323,2.337
20,"[0.089, 0.101, 0.119, 0.14470693877551022, 0.162, 0.175, 0.194, 0.20818285714285717, 0.22123183673469393, 0.238, 0.253, 0.2693437990580849, 0.2839312567132116, 0.3072814786291875, 0.331, 0.3646546938775509, 0.39402465986394547, 0.427, 0.4727916219119225, 0.53, 0.6590408163265309, 0.772, 0.882, 0.959, 1.063, 1.147, 1.203, 1.272, 1.3179603174603174, 1.375860408163265, 1.423, 1.464, 1.5032728249194414, 1.5447006802721088, 1.577, 1.618, 1.651, 1.696, 1.717, 1.759, 1.789, 1.814, 1.841, 1.877, 1.895, 1.9282542517006802, 1.956, 1.979, 2.001, 2.034]",1.2,25,-2.4,2.314,2.337
2,"[0.043, 0.046238265306122475, 0.05000098749177094, 0.052799826313504175, 0.0561471362738644, 0.05930241187384042, 0.06418367346938782, 0.0683630952380953, 0.07283524141363867, 0.07746204081632652, 0.08585144755576662, 0.09270083487940636, 0.10197740524781344, 0.11723183673469377, 0.1327413127413128, 0.14872862658576944, 0.16913458356315492, 0.17939629805410554, 0.19821589688507, 0.21215248363496345, 0.22817224489795915, 0.2423257142857143, 0.25768861092824225, 0.2762081632653061, 0.29485877551020384, 0.3172031098153547, 0.34113814756671884, 0.37422108843537405, 0.4140714285714283, 0.45287102040816324, 0.5254583673469387, 0.5869353741496597, 0.6606632653061225, 0.7035608163265306, 0.7655646258503396, 0.8264603174603163, 0.8741910946196659, 0.9526653061224488, 1.0161095596133192, 1.0571067503924654, 1.1170089795918368, 1.1770580847723704, 1.2167436974789916, 1.2813926530612243, 1.3189282956425812, 1.3863698979591834, 1.4492816326530618, 1.4988030168589175, 1.5464976452119308, 1.606]",4.8,25,-2.4,1.784,1.781
3,"[0.042, 0.045271878242822465, 0.04855102040816325, 0.052024489795917846, 0.0556134279798876, 0.058877551020408106, 0.06320144832126395, 0.06685714285714278, 0.07085299204427535, 0.07709292227529306, 0.08295697738554883, 0.0909770408163265, 0.10068089053803334, 0.11562122448979578, 0.13111428571428593, 0.14723615160349843, 0.16124118738404444, 0.17853387755102038, 0.1947656352863726, 0.20692517006802624, 0.22187755102040993, 0.23941474654377876, 0.2550264105642258, 0.2703129251700679, 0.29157787325456497, 0.30791836734693867, 0.32681776372520843, 0.3602773654916511, 0.399761904761905, 0.4642873469387755, 0.5192889795918367, 0.580196359624931, 0.6323322448979593, 0.6882913590968303, 0.7440816326530613, 0.8074285714285714, 0.8663293877551022, 0.9364579730197164, 0.99078814382896, 1.0460884353741502, 1.108790954219526, 1.1524455782312926, 1.2115655976676385, 1.2652157434402327, 1.3310663265306122, 1.3791727405247813, 1.4388702040816326, 1.493639455782316, 1.536718367346939, 1.597]",4.8,25,-2.4,1.773,1.77
4,"[0.043, 0.045680612244898014, 0.049184711172604596, 0.05269627851140454, 0.055916284881299405, 0.05898158287705319, 0.06409248805905346, 0.06825868725868722, 0.07250954575378542, 0.07850170068027189, 0.08439499670836072, 0.09340626483151404, 0.10066754443712968, 0.11722623906705543, 0.13173745173745166, 0.14815918367346934, 0.163026239067055, 0.18044865042791308, 0.19520326530612264, 0.20727712137486556, 0.22365655976676385, 0.23756390977443623, 0.2537699443413729, 0.2708331854480924, 0.28982585034013586, 0.31224716553288023, 0.3232578849721704, 0.3581717687074831, 0.39614285714285746, 0.45742040816326524, 0.5039093877551021, 0.5669028182701651, 0.6237653061224491, 0.6869688506981741, 0.751450612244898, 0.8082023809523811, 0.8651665306122448, 0.940145124716553, 0.9960612244897962, 1.0472517006802733, 1.0975940430226145, 1.1468835034013607, 1.2017023809523815, 1.2635139146567718, 1.3191951020408164, 1.3656840816326532, 1.4162040816326529, 1.4680918367346953, 1.5120816326530622, 1.57]",4.8,25,-2.4,1.752,1.747
5,"[0.043, 0.046918002915451874, 0.05001991040318557, 0.053545325106786855, 0.05564081632653057, 0.06082472989195671, 0.06344468313641226, 0.06868944099378875, 0.07331873840445269, 0.07890594498669029, 0.08600453514739219, 0.09537063857801185, 0.10507482993197269, 0.1229466248037676, 0.13604285714285713, 0.1467900874635567, 0.166515606242497, 0.17948805905340862, 0.1961079657669518, 0.20758503401360523, 0.22656357927786488, 0.24052987012987026, 0.25178323221180365, 0.27139923469387756, 0.29329931972789147, 0.3142003710575137, 0.3326971691902567, 0.3636040816326532, 0.3995357142857145, 0.4731530612244897, 0.5080497959183674, 0.5680122448979593, 0.630576530612245, 0.6915175510204082, 0.7462671614100187, 0.8036785714285715, 0.8570155102040814, 0.9227774851876235, 0.9825531686358755, 1.0257065111758994, 1.0914559613319015, 1.1472587755102042, 1.1962422360248448, 1.2484220408163267, 1.287831065759637, 1.3498146938775513, 1.4035808477237053, 1.4571819727891158, 1.4981591836734702, 1.555]",4.8,25,-2.4,1.738,1.734
6,"[0.041, 0.044124667258207614, 0.04647056514913658, 0.05037634036665509, 0.05373104956268218, 0.05718251829033503, 0.061116512059369195, 0.06529831932773107, 0.06957312925170053, 0.0742096474953617, 0.08144897959183722, 0.08930502915451899, 0.09685189504373169, 0.11071759514616655, 0.12264935064935067, 0.14187162606978276, 0.1549502040816326, 0.17462244897959145, 0.18787074829931985, 0.2013783359497649, 0.21710775510204083, 0.23097402597402594, 0.2452803437164339, 0.2624914965986396, 0.28036339697169194, 0.30097959183673434, 0.31934259661311337, 0.34563346938775513, 0.3773434650455928, 0.44326612244897956, 0.48768635875402777, 0.5530943877551021, 0.6058039358600583, 0.668902494331066, 0.7135591836734693, 0.7858241758241759, 0.8419294990723563, 0.9027465091299678, 0.9598056365403307, 1.0084752186588923, 1.0781417830290014, 1.115964897959184, 1.175609329446064, 1.2261993720565154, 1.2873877551020403, 1.3355853920515568, 1.3809939975990397, 1.4299812244897958, 1.4776455424274977, 1.538]",4.8,25,-2.4,1.723,1.719
7,"[0.04, 0.042179300291545124, 0.04528951919750949, 0.04842132982225142, 0.05161294862772695, 0.05596816326530595, 0.058864897959183635, 0.06401020408163252, 0.06684666298952009, 0.07336394557823106, 0.07891265306122461, 0.08579313543599239, 0.09376224489795917, 0.10641974627688905, 0.12186507936507934, 0.13274865735767952, 0.1505461224489796, 0.1662794668887963, 0.18258938775510208, 0.19294204081632657, 0.21287755102040992, 0.2256718146718146, 0.24102896642527988, 0.25465646258503366, 0.270577873254565, 0.2918367346938773, 0.3102410106899904, 0.3360127551020407, 0.3675238095238099, 0.42028734693877545, 0.47673032069970855, 0.532488824101069, 0.5926389324960756, 0.6487586734693878, 0.7029939327082185, 0.7727142857142857, 0.821879769299024, 0.890446221731936, 0.9463792517006803, 1.0040860452289029, 1.0552926530612246, 1.1012227891156463, 1.1559897959183674, 1.2180580847723703, 1.2556971869829012, 1.3161394557823132, 1.3639465500485908, 1.413874066699851, 1.465478367346939, 1.524]",4.8,25,-2.4,1.707,1.703
8,"[0.04, 0.04312448979591839, 0.04709148486981002, 0.04971209912536446, 0.052429513343799104, 0.05624028966425282, 0.05947448979591838, 0.06444700460829503, 0.06871315192743771, 0.07444523115368605, 0.08043591836734694, 0.08606122448979547, 0.09594071914480093, 0.10853982883475974, 0.12139097744360937, 0.13744897959183688, 0.1541263099834528, 0.16388775510204115, 0.17973008558262019, 0.19402782931354373, 0.20852663016426085, 0.22522285714285709, 0.23662874511506735, 0.25561502782931356, 0.2741020408163273, 0.29306729178157753, 0.310651491365777, 0.33446474953617816, 0.36953571428571436, 0.4081363265306123, 0.46809912536443143, 0.5273642072213506, 0.6100481049562683, 0.63771858216971, 0.7021020408163277, 0.7578412698412695, 0.8018100470957612, 0.8819433106575975, 0.9411111707841032, 0.9809763265306125, 1.035934693877551, 1.097446530612245, 1.1347172011661808, 1.1945697959183676, 1.2560170068027208, 1.2971665569453585, 1.3551585557299841, 1.405477980665951, 1.4510784929356364, 1.507]",4.8,25,-2.4,1.691,1.685
9,"[0.038, 0.041016206482593055, 0.04434123649459786, 0.047131015369110574, 0.05075081884605696, 0.05378188775510205, 0.05739030612244895, 0.06152509652509646, 0.0658635204081632, 0.07010369553226704, 0.07464358600583093, 0.08230862140774677, 0.09209483793517408, 0.10181698485845947, 0.11469548872180446, 0.12908503401360555, 0.14243328100470956, 0.15795578231292517, 0.17177252364360382, 0.1844154048716261, 0.20155782312925166, 0.2157465437788018, 0.23030391616105902, 0.2435941043083904, 0.2584446064139943, 0.2788639455782315, 0.2928619447779113, 0.32217625231910957, 0.3515488721804512, 0.3927183673469389, 0.447488141202427, 0.5121665747380034, 0.5626604823747683, 0.6209092970521544, 0.6834897959183681, 0.7388571428571432, 0.7871668667466988, 0.8535145005370571, 0.8986615646258506, 0.9580391836734696, 1.015761169332598, 1.066590986394558, 1.1161474654377885, 1.1820298273155418, 1.2350544217687074, 1.2843995703544577, 1.3318911564625853, 1.378903673469388, 1.427405762304922, 1.486]",4.8,25,-2.4,1.679,1.67
10,"[0.037, 0.03952922864060874, 0.04284897959183654, 0.0459145063430777, 0.04943914433243175, 0.05300161117078404, 0.05672569027611036, 0.06049142857142855, 0.06467623659633347, 0.06886040816326529, 0.0743780612244898, 0.08272789115646265, 0.08839828834759701, 0.10049659863945577, 0.11423214285714282, 0.12664124597207282, 0.1412329931972789, 0.15827270038450167, 0.169903884134299, 0.1819717425431712, 0.19840289664252792, 0.212984962406015, 0.2253667466986795, 0.2410272108843532, 0.2586876301541025, 0.27847230320699684, 0.295295918367347, 0.3145023547880693, 0.34270779220779224, 0.38265843179377, 0.4326734693877553, 0.4945595918367347, 0.5488206229860364, 0.6050313971742547, 0.6594923469387757, 0.7229120879120877, 0.7678623635500712, 0.8412540279269602, 0.8906961451247172, 0.9451588527302814, 0.9999994484280198, 1.041681191395477, 1.0992380952380953, 1.1562661224489799, 1.2151175510204082, 1.262212585034014, 1.3139730612244902, 1.3685110204081634, 1.4120204081632655, 1.468]",4.8,25,-2.4,1.659,1.65
11,"[0.036, 0.03888115246098437, 0.04124921507064364, 0.043945034013605506, 0.04743673469387767, 0.05111153298528722, 0.05409754410238679, 0.05834693877551044, 0.0627869387755104, 0.06702633311389074, 0.07269718698290129, 0.0793469387755101, 0.08494341372912796, 0.0973945578231293, 0.10624675324675334, 0.12206822157434401, 0.13484721456150037, 0.15306523323615162, 0.16333061224489812, 0.17723032069970857, 0.19242176870748312, 0.20519480519480518, 0.2203420408163267, 0.23348044217687086, 0.2527906517445688, 0.2680257787325458, 0.28631074316519056, 0.30767244897959173, 0.33386904761904773, 0.37167265306122443, 0.42533551020408156, 0.4739424860853433, 0.5327477551020409, 0.5885061224489797, 0.6451020408163269, 0.7008095238095239, 0.7579087003222345, 0.8115918367346939, 0.8606235827664401, 0.9200881632653062, 0.9712146938775513, 1.0342530612244898, 1.076521235521236, 1.1300448979591837, 1.1915510204081643, 1.240103012633625, 1.2888435374149667, 1.3379232653061228, 1.390536443148688, 1.449]",4.8,25,-2.4,1.642,1.633
12,"[0.035, 0.03824156601416071, 0.04136916909620989, 0.043908371511870006, 0.046859601671994086, 0.05010269914417363, 0.054235894357743085, 0.05892346938775494, 0.06256596209912538, 0.06600197498354159, 0.07277661334804196, 0.07932282003710567, 0.08591280148423, 0.09682556796303418, 0.10734857142857146, 0.1234719387755101, 0.13656462585034024, 0.14914656771799628, 0.16157392753019575, 0.1750224489795918, 0.18881122448979593, 0.20395714285714275, 0.21941601255886983, 0.23390762620837807, 0.25116326530612254, 0.2686215986394558, 0.28490423861852454, 0.30324167561761556, 0.3357857142857146, 0.3760139634801289, 0.4128503401360546, 0.47831863067807767, 0.5341348396501459, 0.5789353741496599, 0.6331530612244899, 0.6864285714285715, 0.7483206997084553, 0.8052383673469389, 0.8566100966702477, 0.908130612244898, 0.958018775510204, 1.010030612244898, 1.0647142857142873, 1.1073948742287614, 1.1737573696145123, 1.2193140589569162, 1.2771915227629516, 1.3284619666048236, 1.3713856068743289, 1.433]",4.8,25,-2.4,1.626,1.617
13,"[0.033, 0.03475979357260145, 0.03834031274847601, 0.04127913100724163, 0.0449742679680569, 0.046897358943577425, 0.050650278293135426, 0.054379870129870125, 0.05791639236339699, 0.062480685131195327, 0.06781910946196666, 0.07314030612244889, 0.07996075353218217, 0.09053306122448973, 0.10123963133640547, 0.11082122448979588, 0.12552875695732832, 0.13857989988448208, 0.1513862618218019, 0.1646564625850338, 0.18053877551020417, 0.19439560439560433, 0.2080222634508348, 0.22169557823129274, 0.23885795918367356, 0.2555918367346944, 0.2692919616826323, 0.29306784335355784, 0.3158342857142859, 0.36223836734693887, 0.3965051020408165, 0.44825680272108864, 0.4993823845327605, 0.5564852607709754, 0.604372448979592, 0.6658571428571433, 0.7164124597207305, 0.7840290010741143, 0.8301950113378691, 0.8820544217687079, 0.9331601255886975, 0.9785909863945579, 1.027288409703504, 1.0860204081632656, 1.1386889134031992, 1.1967153598281417, 1.251494092373792, 1.2996998799519808, 1.3477709019091508, 1.412]",4.8,25,-2.4,1.602,1.592
14,"[0.032, 0.03491214112763759, 0.03672612748803225, 0.040591536614645894, 0.04299007170435751, 0.0459417767106843, 0.04939324960753532, 0.05325345622119813, 0.057181224489796255, 0.06085910518053378, 0.0658416326530613, 0.07279702151130722, 0.07745670159955875, 0.09013748657357715, 0.0977063492063493, 0.11000874635568511, 0.12606632653061223, 0.1350283080974326, 0.14843799058084822, 0.16413383958234468, 0.1773272594752187, 0.18954591836734697, 0.20507918367346953, 0.2200542671614101, 0.23362574061882824, 0.25306689342403627, 0.266922902494331, 0.2859464975179262, 0.31041714285714306, 0.3523695532266961, 0.38284445670159956, 0.43455442176870746, 0.48734013605442217, 0.5368861092824228, 0.596479591836735, 0.6511269841269842, 0.6951836734693878, 0.7634840816326532, 0.8043443877551019, 0.8585108624094803, 0.9125493656922231, 0.9552891156462585, 1.0022976190476192, 1.0583500784929356, 1.1263299319727889, 1.1715845481049565, 1.2241193092621663, 1.2836938775510205, 1.325199473337722, 1.388]",4.8,25,-2.4,1.579,1.569
15,"[0.029, 0.03229688101655753, 0.03532266960838394, 0.03774522712310724, 0.041039713182570325, 0.04433343799058085, 0.04807409050576757, 0.05157653061224481, 0.055361976369495025, 0.05857924446374288, 0.06386224489795907, 0.06962382790954211, 0.07545435016111673, 0.08377755102040811, 0.09430875576036861, 0.10574259381171813, 0.11695984200131662, 0.1334726971869829, 0.1452749731471536, 0.15721768707482972, 0.16977336197636947, 0.18376958525345605, 0.1965415451895044, 0.21317346938775497, 0.22765581908439037, 0.24495133437990554, 0.2565170068027209, 0.27759018201875335, 0.3015037593984961, 0.33137094837935155, 0.3742271231073074, 0.42308163265306065, 0.48332551020408154, 0.5236497959183672, 0.5752094522019333, 0.6326190476190467, 0.6810579591836735, 0.7417465091299673, 0.7941534693877552, 0.8381836734693874, 0.8896321014892444, 0.9289634353741496, 0.9849542857142856, 1.0453494897959184, 1.1006938775510198, 1.1465482374768088, 1.2014458398744112, 1.2648435374149638, 1.3063297529538134, 1.365]",4.8,25,-2.4,1.555,1.545
16,"[0.028, 0.029820643642072233, 0.03282901268615551, 0.03600028344671202, 0.03845138055222091, 0.04178107606679035, 0.04507071665875649, 0.04905539358600577, 0.053060495626822184, 0.055534057778955745, 0.06201469387755097, 0.06737341423055698, 0.07059772370486651, 0.08001186521120085, 0.0896938775510204, 0.10159735245449529, 0.11187327954437581, 0.12753741496598617, 0.13768345636126791, 0.1503236151603498, 0.1628053375196232, 0.17718831168831148, 0.1910680272108844, 0.20379351740696272, 0.21858712715855572, 0.23618594104308321, 0.2481454904542461, 0.27034948979591844, 0.2933571428571428, 0.31982122448979583, 0.35163108320251146, 0.4028282312925169, 0.4502585034013603, 0.507522448979592, 0.5595442176870746, 0.6211865889212826, 0.6590897959183671, 0.7166957759848125, 0.7702356215213355, 0.8168775510204084, 0.8689575510204082, 0.9068707482993185, 0.9577888198757762, 1.012056422569027, 1.0742333149476007, 1.1233390254060809, 1.1805435992578843, 1.2364522448979591, 1.2782875695732836, 1.34]",4.8,25,-2.4,1.533,1.522
17,"[0.025, 0.02782983615981603, 0.03112208454810504, 0.035008119376783005, 0.03628931572629058, 0.039688182249644106, 0.04320436907157231, 0.0449897959183674, 0.049649838882921654, 0.052846938775510166, 0.0578746355685134, 0.0635860058309041, 0.06837256763170395, 0.07444963791968408, 0.08567312348668288, 0.09686394557823173, 0.10539115646258511, 0.11830758017492726, 0.13329895201323783, 0.1433448979591836, 0.1563741496598645, 0.16908880308880317, 0.1841501457725948, 0.19477190876350553, 0.21204336734693874, 0.22630141287284186, 0.24122888540031398, 0.2579319727891178, 0.2799047619047632, 0.30738530612244896, 0.34525813568670716, 0.3827034568929613, 0.4334155102040816, 0.48260884353741523, 0.5328385899814474, 0.5869591836734692, 0.631722448979592, 0.6859341672152733, 0.7347045675413018, 0.78807611693326, 0.839512352309345, 0.8783044217687073, 0.9354478764478764, 0.9803085234093638, 1.0441173469387757, 1.092462146148782, 1.1449697959183673, 1.1988605442176883, 1.2490037105751395, 1.311]",4.8,25,-2.4,1.509,1.497
18,"[0.023, 0.025948979591836747, 0.028737855705662473, 0.03229076146587668, 0.03432078183386033, 0.036923833819241914, 0.04044326530612243, 0.04441224489795918, 0.04738483965014571, 0.051749659863945564, 0.05539312567132112, 0.05960920538428126, 0.06577908163265306, 0.07405661619486506, 0.08144642857142852, 0.09312244897959172, 0.10115943877551024, 0.11296445029624749, 0.12464897959183659, 0.13835310868533476, 0.15074276222116748, 0.1625984555984556, 0.178145306122449, 0.19038175270108043, 0.20349440421329817, 0.22109901738473167, 0.23432487589630455, 0.2538945578231294, 0.27046857142857156, 0.2949573283858998, 0.33087589630446773, 0.373, 0.4157891156462589, 0.4714448979591838, 0.5193163265306124, 0.580084942084942, 0.6150195918367348, 0.6743512352309345, 0.7200083487940633, 0.7692509003601443, 0.8132336197636949, 0.8526853741496597, 0.8995238095238096, 0.9544572531715388, 1.0173554421768707, 1.0627551020408166, 1.1140959183673467, 1.167601711652403, 1.2220233236151605, 1.28]",4.8,25,-2.4,1.479,1.467
19,"[0.022, 0.02475541601255888, 0.02693455313159751, 0.030018396090830683, 0.03341299100285278, 0.03556972789115649, 0.03804213298222518, 0.04169272237196769, 0.04526457725947526, 0.04913420961604983, 0.05341513190642115, 0.05827357970215111, 0.06183621140764001, 0.07049306122448984, 0.0779761904761906, 0.08802040816326596, 0.09980343716433991, 0.10862390670553952, 0.1216422569027612, 0.13145211930926212, 0.14520326530612263, 0.15818367346938783, 0.16940979591836747, 0.18420794263651413, 0.19649835418038197, 0.21435629251700683, 0.22643485086342252, 0.2416330872774642, 0.2596742857142859, 0.2865899814471243, 0.3190019749835419, 0.3640085929108486, 0.39587755102040856, 0.45164364207221364, 0.4968299319727894, 0.5473129251700681, 0.6002825745682887, 0.6433083900226759, 0.698230204081633, 0.7416099773242629, 0.7859232653061224, 0.8263945578231302, 0.8734204851752022, 0.9275110204081638, 0.9873541803818299, 1.0313905380333952, 1.0871302982731557, 1.1425159183673468, 1.19402896642528, 1.252]",4.8,25,-2.4,1.446,1.434
20,"[0.02, 0.02298802721088437, 0.026120648259303738, 0.028773861059575374, 0.03057940417546332, 0.033822157434402436, 0.03690589569161006, 0.03970612244897959, 0.043371720116618134, 0.04714465786314522, 0.051143273635985045, 0.054713627386438424, 0.06001213458356332, 0.06632438238453278, 0.07463320463320468, 0.0835655036208032, 0.09558712715855605, 0.10621584226911104, 0.11464852607709773, 0.12706679035250465, 0.13934183673469394, 0.15074436090225576, 0.16513832199546527, 0.176795918367347, 0.1895745416810794, 0.2064251700680273, 0.2167839135654263, 0.23338040816326552, 0.25364285714285784, 0.2750737833594977, 0.30458281917418134, 0.34301255886970183, 0.3799412244897961, 0.43353673469387766, 0.4786224489795922, 0.5384239631336406, 0.5831346938775502, 0.6218646850044365, 0.6781514500537061, 0.720319727891156, 0.7662916219119228, 0.7986972789115652, 0.8470952380952385, 0.8957355102040818, 0.9596099773242628, 1.0061349572086897, 1.0612605965463113, 1.116515918367347, 1.159586270871985, 1.222]",4.8,25,-2.4,1.418,1.404
21,"[0.019, 0.021283446712018126, 0.024189504373177895, 0.026388208616780057, 0.02833748133399715, 0.03142199930819786, 0.03455196232339092, 0.03779428571428581, 0.04084113029827321, 0.043897300855826236, 0.047581055063534855, 0.05334035549703747, 0.05597293700088738, 0.06413338192419825, 0.07081512605042027, 0.07874848317705464, 0.089795918367347, 0.09961224489795927, 0.11045265306122452, 0.12109483793517434, 0.1329785177228786, 0.14642857142857127, 0.1564839650145773, 0.17028788536691275, 0.18110204081632725, 0.1966383219954649, 0.2075398288347597, 0.2242979591836736, 0.24426785714285712, 0.26413632653061236, 0.29113265306122443, 0.32536420722135057, 0.38129931972789133, 0.4071088435374149, 0.45855102040816387, 0.5073809523809525, 0.556210612244898, 0.609389555822329, 0.6506499215070652, 0.6866780045351477, 0.7384836734693878, 0.7728140589569158, 0.8211269841269848, 0.8805087463556854, 0.9155085034013605, 0.9754234693877551, 1.0322061224489794, 1.085905859117841, 1.1320329163923635, 1.192]",4.8,25,-2.4,1.387,1.375
22,"[0.017, 0.01990002061430633, 0.023175359032501903, 0.02471461487820934, 0.027635204081632645, 0.029525769629885845, 0.0324951530612245, 0.0356326530612245, 0.03880733310273262, 0.042833469387754924, 0.046667517006802814, 0.05069906606710475, 0.05447880690737849, 0.061143960286817414, 0.06759073359073367, 0.07659037900874635, 0.08701709873138452, 0.09567383381924201, 0.10597278911564609, 0.11567510204081626, 0.12778599007170424, 0.13785175202156338, 0.15264979591836725, 0.16443018259935555, 0.1783448979591836, 0.1904251700680273, 0.19978391356542619, 0.21608097432521406, 0.23710424710424707, 0.2623761720904578, 0.282327633756205, 0.3150684273709484, 0.35570470637234486, 0.40030385487528264, 0.45305877551020407, 0.4940952380952376, 0.5307527978933508, 0.5827854769814901, 0.6377102040816327, 0.6719433106575965, 0.7136802721088424, 0.7628517722878623, 0.8062351648351649, 0.8481591836734693, 0.9048299319727866, 0.953255102040816, 1.0047207303974222, 1.0506359183673468, 1.0985306122448977, 1.154]",4.8,25,-2.4,1.354,1.341
23,"[0.015, 0.017487852283770672, 0.019399183673469413, 0.02223273990447242, 0.02518191792846173, 0.02650560505892501, 0.029745626822157548, 0.03211428571428578, 0.03495348139255705, 0.038488412314078124, 0.042653061224489836, 0.04606341107871724, 0.050209597352454505, 0.05570938775510198, 0.06236785714285714, 0.07010167638483969, 0.07716925170068033, 0.09005620094191524, 0.09670777247069044, 0.10712401883830461, 0.11950612244897979, 0.13058285714285722, 0.14210204081632669, 0.15198731384445677, 0.16796232339089462, 0.17969387755102056, 0.18847588126159556, 0.20641795918367348, 0.220957528957529, 0.24110314396028687, 0.2636989795918367, 0.3001945894636925, 0.3337477551020408, 0.3701512059369203, 0.4193002915451895, 0.46433116883116893, 0.5083453061224491, 0.5583669127225358, 0.5974353741496603, 0.638183673469388, 0.6842146938775514, 0.7212636054421767, 0.7660676691729332, 0.812172684458399, 0.8701836734693881, 0.9175037105751394, 0.963976530612245, 1.0163252139565504, 1.071001074113856, 1.127]",4.8,25,-2.4,1.328,1.315
24,"[0.014, 0.016153482880755635, 0.01799291617473434, 0.020399014778325092, 0.022728110599078328, 0.026089500860585223, 0.028347708894878795, 0.03114141414141417, 0.03377142857142862, 0.03754621848739492, 0.041092165898617555, 0.04454081632653061, 0.0483379790940766, 0.05472200772200764, 0.0600697674418603, 0.06823469387755071, 0.07734415584415594, 0.08511498257839724, 0.09451737451737449, 0.10361714285714281, 0.11489400921658979, 0.12719354838709662, 0.1390672268907562, 0.1505238095238088, 0.1608685714285715, 0.17556349206349206, 0.18329714285714277, 0.19951879699248126, 0.214, 0.23957528957528954, 0.2568571428571418, 0.2901020408163264, 0.3270765306122448, 0.3529371428571427, 0.40078571428571386, 0.44483333333333297, 0.4862914285714285, 0.5332987012987012, 0.5816857142857137, 0.6201257142857142, 0.6640971428571426, 0.7102087912087913, 0.7440714285714287, 0.786892857142857, 0.8465238095238088, 0.88947465437788, 0.9440989010989009, 0.9945929919137465, 1.0425164835164833, 1.102]",4.8,25,-2.4,1.293,1.279
25,"[0.012, 0.013459561602418747, 0.01640498866213145, 0.018457893502228456, 0.01987093215664642, 0.023284174046977243, 0.02560922146636428, 0.028430583501006048, 0.031561943087094015, 0.03416206482593027, 0.037603767660910475, 0.041335949764521256, 0.04445138055222084, 0.05039041703637976, 0.05398941798941797, 0.061734693877550914, 0.06861649659863946, 0.07920068027210887, 0.08660081632653067, 0.09666487647690641, 0.10765526751241035, 0.11918894009216599, 0.12864693877551, 0.1400272108843532, 0.1511774260724698, 0.16343171114599647, 0.1719985422740525, 0.19030612244897988, 0.2044725274725274, 0.22630612244897944, 0.242, 0.26824829931972805, 0.30621598639455794, 0.332326530612245, 0.37249234693877564, 0.42092857142857126, 0.45800185528756965, 0.5133861224489797, 0.5545442176870756, 0.593562682215744, 0.6398599905078309, 0.6757893586005831, 0.7170969387755103, 0.7645117739403458, 0.80290125082291, 0.8618405956977387, 0.9154865306122452, 0.9643996050032916, 1.0090596546310837, 1.07]",4.8,25,-2.4,1.269,1.255
26,"[0.011, 0.012336734693877558, 0.014383597883597906, 0.01694352159468442, 0.018885714285714224, 0.02111929307805594, 0.023573979591836696, 0.025892473118279535, 0.030257495590828926, 0.03167161410018554, 0.0355202156334231, 0.03798455598455589, 0.04311859838274932, 0.04663095238095237, 0.05219354838709662, 0.05915428571428569, 0.06557714285714267, 0.07554285714285705, 0.08096978021978016, 0.09189285714285718, 0.10322285714285714, 0.11245833333333334, 0.12295428571428561, 0.13369714285714257, 0.14555299539170483, 0.158489795918367, 0.16778701298701296, 0.1817657142857143, 0.19570731707317054, 0.21344360902255627, 0.23187969924812005, 0.2605918367346938, 0.286, 0.3177104247104247, 0.36435714285714216, 0.4085999999999995, 0.44117857142857125, 0.49695604395604387, 0.5400228571428572, 0.5747857142857145, 0.6198914285714286, 0.666380952380953, 0.7003333333333343, 0.7391428571428573, 0.7932857142857127, 0.8331119691119687, 0.8859238095238093, 0.9342114285714284, 0.9844725274725272, 1.04]",4.8,25,-2.4,1.236,1.225
27,"[0.009, 0.01094381456286218, 0.012723426870748285, 0.015216836734693859, 0.017478103741496588, 0.019553061224489725, 0.022061224489795948, 0.024470046082949354, 0.026920677705044332, 0.030048716260697866, 0.032901603498542334, 0.03633951762523198, 0.039971911345183256, 0.04548123765635281, 0.05011224489795911, 0.05618707482993199, 0.062019091507570685, 0.0705042791310071, 0.07956757797458595, 0.08632653061224511, 0.09801959183673481, 0.10748979591836741, 0.11731408661025387, 0.12677946017116523, 0.13759315339038836, 0.15216419294990713, 0.16334957208689926, 0.17450278293135424, 0.18678881987577634, 0.20541836734693833, 0.22702772429726617, 0.24878517722878565, 0.2757478604344964, 0.31370068027210884, 0.3438653061224489, 0.3884821428571427, 0.42372675736961435, 0.46887313844456685, 0.5122290249433105, 0.5549591836734696, 0.5945183673469384, 0.6288001700680272, 0.6691857142857143, 0.7132975295381311, 0.760989795918367, 0.8032627551020407, 0.8539070294784579, 0.9115170068027202, 0.9464442700156981, 1.007]",4.8,25,-2.4,1.202,1.19
28,"[0.009, 0.011249354914379549, 0.013287598116169528, 0.01537722185648449, 0.0171331763474621, 0.01962090290661726, 0.02160987873410234, 0.02437714285714295, 0.026639246467817942, 0.029646143203043925, 0.03327320605661611, 0.03710020931449505, 0.03995468695952965, 0.044580408163265396, 0.04902316602316607, 0.05440010741138556, 0.06331887755102049, 0.06967169476486249, 0.07779040264754562, 0.08569970845481054, 0.09462835660580027, 0.10513824884792627, 0.11546938775510204, 0.1253830455259027, 0.1382772108843541, 0.1487884972170689, 0.15639189588879035, 0.16978107606679038, 0.18459183673469387, 0.20264244897959188, 0.21818524332810046, 0.23924125364431498, 0.26375637755102066, 0.3002414965986401, 0.33552276295133465, 0.37120571428571436, 0.4150408163265312, 0.46094557823129356, 0.4971127308066087, 0.5351765030336461, 0.5726948267679165, 0.6143840445269014, 0.6526071428571429, 0.6975746509129971, 0.7301768707482992, 0.7798738404452696, 0.8248866213151929, 0.87824578527063, 0.921413759052008, 0.981]",4.8,25,-2.4,1.173,1.159
29,"[0.008, 0.009855081426510032, 0.011909373919059227, 0.014314715359828303, 0.0157847267939434, 0.018005414410662224, 0.020153061224489843, 0.022767619047619144, 0.02519596225587011, 0.028498199279711825, 0.03129888084265969, 0.03526056851311955, 0.03688356881214024, 0.0423569346105788, 0.04731092436974794, 0.05234993997599038, 0.05903949967083609, 0.06616141001855297, 0.0739522362136345, 0.08071296905859118, 0.0921494760066188, 0.1004957983193278, 0.11200327988338196, 0.11925510204081594, 0.13154648526077092, 0.14221306122448993, 0.15233652644731363, 0.1651149521032903, 0.1756114285714288, 0.1927891156462585, 0.2067988338192417, 0.23105907626208366, 0.25749731471535975, 0.2851972789115647, 0.3200481632653061, 0.36460150375939837, 0.40513785922532286, 0.44044653061224437, 0.4768324382384533, 0.5136685052399339, 0.554721224489796, 0.5970934479054778, 0.6326224489795921, 0.678336734693877, 0.7211772287862511, 0.758953352769679, 0.8047708006279434, 0.8477314022383146, 0.9001122448979584, 0.953]",4.8,25,-2.4,1.144,1.13
30,"[0.008, 0.009219215776198069, 0.012056409080486106, 0.013240854832499026, 0.014936800526662259, 0.017346338535414164, 0.019495660333098665, 0.021795918367346914, 0.023816326530612227, 0.027890059249506327, 0.029775839368005267, 0.03338084265964446, 0.037186172428154946, 0.04036845008273576, 0.045151260504201735, 0.05057513914656764, 0.057693877551020574, 0.06542630385487531, 0.07232545649838865, 0.07778775510204088, 0.0884970375246872, 0.0966541353383456, 0.10664897959183679, 0.1174430546412113, 0.12590118152524166, 0.13733853541416569, 0.14381004709576156, 0.15952504638218926, 0.16974025974025964, 0.18688637617209053, 0.19973224489795918, 0.22163265306122454, 0.24986054421768725, 0.27540166975881264, 0.30677387755102054, 0.3511857142857142, 0.390124822021832, 0.4237598116169548, 0.4588155102040816, 0.5001581632653062, 0.535337271750806, 0.5733265306122446, 0.6133180592991915, 0.6495141540487165, 0.6912069970845472, 0.719890440386681, 0.7732940630797774, 0.8262842565597666, 0.8600995918367348, 0.913]",4.8,25,-2.4,1.111,1.099
31,"[0.006, 0.00843886912563189, 0.009565970574276217, 0.0112167052387966, 0.013359183673469426, 0.01592066685829261, 0.01763873208858013, 0.01999613899613905, 0.022301235987352685, 0.025370612244898012, 0.027934996220710544, 0.030529784886927775, 0.03404904542462144, 0.03725411454904552, 0.042767857142857094, 0.046713211600429475, 0.05348775510204076, 0.06091046741277159, 0.06591961682632233, 0.07515591836734696, 0.08349901250822907, 0.0914239631336406, 0.10203805846662994, 0.10896567717996297, 0.12053061224489804, 0.1301439703153989, 0.1408129251700681, 0.15051020408163274, 0.16183766233766242, 0.17805061224489804, 0.19097636949516653, 0.21060365198711067, 0.22974198250728878, 0.25773469387755116, 0.29157795918367363, 0.3244387755102042, 0.3702297564186967, 0.4036761026991441, 0.4393163265306124, 0.46894530612244895, 0.5126893877551022, 0.5532778649921511, 0.5913233082706771, 0.6203877551020408, 0.6689387755102051, 0.7059061224489797, 0.7532495361781077, 0.7945665306122449, 0.8398868903493599, 0.895]",4.8,25,-2.4,1.08,1.068
32,"[0.005, 0.00600317460317461, 0.007321961620469093, 0.008982942430703588, 0.011869249394673148, 0.013126984126984148, 0.015308571428571553, 0.017928571428571512, 0.02001190476190479, 0.021850208044382792, 0.02473109243697475, 0.028219387755102018, 0.03129453262786592, 0.034457142857143123, 0.03869387755102047, 0.04294470046082952, 0.04864976958525356, 0.05492346938775518, 0.06223041474654381, 0.06919241982507293, 0.0766880466472303, 0.08435294117647067, 0.09442285714285734, 0.1032370820668694, 0.11219428571428577, 0.12246031746031749, 0.12914285714285703, 0.14202857142857148, 0.152, 0.16459468438538227, 0.18227346938775518, 0.1997380952380954, 0.21587557603686638, 0.24324285714285723, 0.2639621848739496, 0.3028, 0.33405142857142855, 0.3825428571428572, 0.4230276497695853, 0.4522471042471043, 0.4925791505791505, 0.5238630952380955, 0.5616666666666672, 0.598819548872181, 0.6442077922077923, 0.6858872180451129, 0.7320457142857144, 0.7740476190476197, 0.8160187969924813, 0.866]",4.8,25,-2.4,1.051,1.038
33,"[0.004, 0.005794930875576034, 0.00685714285714283, 0.008178349600709813, 0.010037766830870307, 0.012418367346938783, 0.014319919517102608, 0.01602222222222217, 0.01827513227513226, 0.020420849420849346, 0.023567032967032938, 0.025716707021791775, 0.028946196660482433, 0.03344401544401544, 0.036142857142857115, 0.04066589861751152, 0.04542857142857133, 0.051779922779922785, 0.05810138248847934, 0.06473109243697502, 0.07188775510204082, 0.08046153846153854, 0.08764795918367345, 0.09834285714285716, 0.10649350649350643, 0.11759523809523831, 0.12460617760617772, 0.13620077220077237, 0.1466250000000001, 0.15733082706766918, 0.17230952380952375, 0.18899404761904778, 0.21135944700460843, 0.23233714285714305, 0.25276190476190497, 0.288166666666667, 0.3226593406593409, 0.3654360902255639, 0.40129670329670347, 0.42967460317460326, 0.47341883116883116, 0.4976409266409267, 0.5419000000000003, 0.5803314285714288, 0.6218412698412704, 0.656588571428572, 0.7016904761904774, 0.74576833976834, 0.7865069124423966, 0.842]",4.8,25,-2.4,1.022,1.011
34,"[0.004, 0.0054149068322981294, 0.006764478764478785, 0.008734693877551058, 0.010337888198757748, 0.011780730897009928, 0.013430476190476161, 0.01636363636363637, 0.018437362637362675, 0.02079120879120883, 0.022922824302134687, 0.025435139573070573, 0.02860504201680668, 0.03269815668202765, 0.036459459459459435, 0.040422740524781314, 0.04589714285714282, 0.050164835164835164, 0.05775428571428555, 0.06279699248120281, 0.07236405529953908, 0.07979999999999993, 0.08763025210084034, 0.09626984126984131, 0.10406015037593998, 0.11353968253968214, 0.121405529953917, 0.13185714285714276, 0.14077142857142858, 0.155639455782313, 0.16581714285714283, 0.18600332225913613, 0.20311428571428536, 0.22335944700460822, 0.24858241758241742, 0.2764324324324324, 0.3151130952380953, 0.35115037593984993, 0.3836390977443611, 0.41467346938775507, 0.4525914285714287, 0.489505494505495, 0.5145833333333328, 0.5519196428571425, 0.5965357142857136, 0.6352908163265305, 0.6779880952380949, 0.7097301587301585, 0.7603688311688311, 0.808]",4.8,25,-2.4,1.001,0.99
35,"[0.003, 0.0042605737947352985, 0.005386833443054651, 0.00619203343988198, 0.007708360763660326, 0.009454381752701099, 0.011050744622173196, 0.013446633825944186, 0.01631897203325775, 0.018328623757195274, 0.021085234093637474, 0.023669732681805094, 0.025732817264836987, 0.028926925608953272, 0.03249806949806962, 0.03674848317705466, 0.04177891156462589, 0.04662665066026426, 0.052797458606083925, 0.058300556586270966, 0.06581065759637199, 0.07272321428571422, 0.08105003291639246, 0.08753186172428157, 0.09804638218923967, 0.10648979591836737, 0.11366938775510202, 0.12274635568513131, 0.13401993355481734, 0.14371665875652592, 0.1562310204081633, 0.17166938775510227, 0.19305387755102044, 0.2072176870748311, 0.2282040816326541, 0.25769047619047625, 0.28621061224489786, 0.33035374149659935, 0.3638448979591848, 0.3994881632653063, 0.4362411010915995, 0.45995351473922896, 0.4970813186813188, 0.5325478806907381, 0.5765085034013604, 0.6137694311767259, 0.6560936920222633, 0.6944076116933263, 0.7360784929356363, 0.786]",4.8,25,-2.4,0.974,0.962
36,"[0.003, 0.003929782082324458, 0.005082633053221291, 0.006273607748184069, 0.007862672811059936, 0.0094070080862533, 0.012072857142857121, 0.013229729729729732, 0.01603049759229536, 0.01761654135338347, 0.020154963680387435, 0.022456845238095238, 0.024555984555984584, 0.029527950310558968, 0.03292000000000001, 0.03670857142857134, 0.04169047619047624, 0.046428571428571395, 0.05199335548172756, 0.05778285714285722, 0.06483214285714295, 0.07168421052631559, 0.07878571428571397, 0.08822779922779923, 0.09627413127413127, 0.10330952380952375, 0.11255612244897963, 0.12241142857142866, 0.12967741935483879, 0.14414857142857138, 0.15415873015873002, 0.17049562682215744, 0.18467857142857155, 0.2032180451127822, 0.22427380952380976, 0.25050000000000006, 0.28272619047619096, 0.3167067669172933, 0.35195488721804546, 0.3788877551020409, 0.4159613899613901, 0.45509523809523794, 0.4815833333333329, 0.5162857142857135, 0.5566541353383456, 0.5926254826254825, 0.6394505494505495, 0.6757722007722009, 0.7127104247104247, 0.765]",4.8,25,-2.4,0.943,0.931
37,"[0.003, 0.003956140350877178, 0.005255555555555543, 0.00637837837837838, 0.007919540229885043, 0.009553571428571423, 0.011215053763440834, 0.013464285714285757, 0.014724770642201833, 0.01796000000000009, 0.02015942028985509, 0.022602150537634366, 0.025, 0.0281000000000001, 0.032391304347826146, 0.03567647058823527, 0.04140909090909097, 0.04710714285714293, 0.050735294117647024, 0.05828000000000007, 0.0637837837837838, 0.06991525423728819, 0.0782162162162163, 0.0852857142857144, 0.09342857142857147, 0.10082352941176478, 0.10952631578947374, 0.11889473684210528, 0.12592727272727275, 0.1396923076923081, 0.15197297297297316, 0.1671250000000001, 0.18040000000000006, 0.19529166666666672, 0.2152000000000002, 0.24573170731707336, 0.27256756756756767, 0.30372727272727296, 0.33666666666666717, 0.37011111111111133, 0.4072857142857139, 0.4364166666666669, 0.47321428571428586, 0.4975, 0.5445384615384619, 0.5774210526315788, 0.6123333333333353, 0.6513200000000001, 0.6879354838709678, 0.737]",4.8,25,-2.4,0.919,0.908
38,"[0.0, 0.004641056422569005, 0.007130513495720833, 0.007982060566161926, 0.009399416909621002, 0.011290166975881201, 0.013306500377928921, 0.015505102040816258, 0.017190980095741878, 0.019436845008273553, 0.021596762843068256, 0.024605800214822546, 0.028226572261557607, 0.0316968787515006, 0.034253968253967836, 0.03953988868274569, 0.0444921968787515, 0.04900142382534404, 0.05500827357970207, 0.060682294539437395, 0.06731156462585001, 0.07372350230414734, 0.08108740017746228, 0.08872942725477276, 0.09704816326530595, 0.10181010031131091, 0.11142636514065057, 0.12031918367346933, 0.131021978021978, 0.14060326530612233, 0.1529897959183672, 0.16613367346938776, 0.18115467239527366, 0.1988174006444681, 0.22004081632653047, 0.2500549450549448, 0.28126275510204096, 0.3102632236568097, 0.3385761381475662, 0.36768027210884396, 0.399491944146079, 0.4266287920573633, 0.4511857142857142, 0.487876999448428, 0.5215102040816325, 0.5536166180758019, 0.5919353741496599, 0.6355816326530608, 0.6633545189504374, 0.707]",4.8,25,-2.4,0.889,0.878
39,"[0.002, 0.003143432020695608, 0.0038995400977292457, 0.006163081448795749, 0.007211231938030762, 0.008778638462684386, 0.010418524332810075, 0.011604968944099405, 0.014183204316209246, 0.015981246552675223, 0.01854487601492213, 0.020884753901560717, 0.023452967393854114, 0.0270165002171081, 0.030294930875576095, 0.03512189740761177, 0.03933657770800632, 0.04373634859349147, 0.04759563360227814, 0.05455822328931583, 0.05977978933508887, 0.06653753026634383, 0.0727768268597762, 0.08146064139941703, 0.08863265306122455, 0.09444276841171254, 0.10237925170068068, 0.11164465786314536, 0.12054826254826252, 0.1310176503033647, 0.14375170068027207, 0.1545993555316866, 0.16739020408163266, 0.18647095761381466, 0.20511918367346943, 0.2248742857142858, 0.25317795918367375, 0.2833416721527322, 0.31249659863945606, 0.3409719387755104, 0.36886734693877554, 0.40909003601440563, 0.4287142857142856, 0.46563183673469405, 0.5005528756957328, 0.5376275510204084, 0.5735209452201933, 0.6045850340136053, 0.6444601711652401, 0.689]",4.8,25,-2.4,0.863,0.853
40,"[0.003, 0.004003818301514166, 0.004685055957866998, 0.005894102522898902, 0.007512570245489498, 0.009453720882292276, 0.011050566893424034, 0.01254440154440152, 0.015018652622339257, 0.016842737094837943, 0.018987567440769407, 0.021393586005830946, 0.024237304224015023, 0.02832940500143723, 0.03145714285714293, 0.03532342502218271, 0.04015273206056615, 0.04414577259475216, 0.0496550362080316, 0.055637650978758856, 0.060441079657669566, 0.06744401544401551, 0.07395432458697761, 0.07993391642371248, 0.08746712018140604, 0.09272421400992825, 0.10281551020408172, 0.10917996289424892, 0.11961142857142863, 0.12845591066615325, 0.13979855167873606, 0.15156122448979603, 0.16390125082290982, 0.18038122448979596, 0.20129737609329462, 0.22077976190476198, 0.24901275510204088, 0.2792759183673472, 0.30136458907887487, 0.3292267573696147, 0.3606669387755102, 0.3965569453587886, 0.4126677740863789, 0.4541207482993201, 0.48535662400553437, 0.5138203086112495, 0.5554353741496602, 0.5824726530612244, 0.6229154518950447, 0.662]",4.8,25,-2.4,0.838,0.827
41,"[0.002, 0.003346712018140606, 0.004441982507288609, 0.00571163732668638, 0.00732025117739401, 0.008735185640521259, 0.010913206661975011, 0.012362244897959156, 0.014323914181057029, 0.016078011849901194, 0.018353262431733294, 0.021314995563442612, 0.02379105928085519, 0.027311389071757626, 0.031077142857142838, 0.03534013605442166, 0.039412575841147185, 0.04333701047986762, 0.048746938775510146, 0.05448479800083293, 0.06044357743097227, 0.0652239382239382, 0.07206552094522015, 0.07752478134110782, 0.08470408163265301, 0.08971793002915436, 0.09911638168781017, 0.10632605600379662, 0.11555952380952357, 0.1260592495062538, 0.13754788069073756, 0.14901484230055648, 0.15924244897959156, 0.1739705215419501, 0.19159183673469338, 0.21117050691244232, 0.24194557823129223, 0.26442700156985866, 0.28928670980587334, 0.3177929171668667, 0.3417454350161117, 0.3751139455782314, 0.4017944250871081, 0.4330310204081629, 0.4713183673469386, 0.4985995587424158, 0.526516156462585, 0.5702636734693876, 0.5982414965986392, 0.646]",4.8,25,-2.4,0.817,0.807
42,"[0.002, 0.0032814833250373616, 0.004322820037105754, 0.005126844583987481, 0.0067434850863421925, 0.008223797993773796, 0.009162527661667063, 0.010878306878306893, 0.013091326530612167, 0.015383129251700677, 0.01716475340136055, 0.02025197278911567, 0.023456538170823868, 0.02546248037676611, 0.028921282798833832, 0.03302498958767182, 0.03671461487820934, 0.041026184058529105, 0.046675444371296906, 0.05103443877551024, 0.05584693877551017, 0.06171428571428574, 0.06919970845481047, 0.07391755102040817, 0.08074897959183673, 0.08822646477946017, 0.09622975641869652, 0.10286696900982634, 0.11133179723502304, 0.11824489795918572, 0.12974186431329285, 0.14260932944606433, 0.15152337063857793, 0.16539115646258512, 0.1814310204081632, 0.2040488721804511, 0.23018753447324897, 0.25235190292333165, 0.27822909809084917, 0.30736374549819984, 0.33425117739403476, 0.3612557022809125, 0.3896689895470383, 0.416392719249862, 0.44857253171538913, 0.4763738775510207, 0.5103752834467121, 0.5534263038548761, 0.5789344333478073, 0.624]",4.8,25,-2.4,0.8,0.79
43,"[0.002, 0.003515606242496994, 0.004523301858056634, 0.005489795918367341, 0.007082519964507502, 0.008479105928085524, 0.010085666824869487, 0.011488571428571383, 0.01403388151377056, 0.015104441776710753, 0.01783939662821648, 0.02076549508692365, 0.022991441737985518, 0.0259644502962475, 0.03028571428571436, 0.03294767137624278, 0.03799886621315189, 0.04061643118785967, 0.04719079259610815, 0.05190056448111169, 0.05684601113172537, 0.06232571428571427, 0.06917387755102032, 0.07493424036281159, 0.07910079133694302, 0.08586339697169187, 0.09420871985157704, 0.09963265306122451, 0.11017784256559768, 0.11872869147659064, 0.12915986394557818, 0.13840876350540215, 0.1494227405247816, 0.16252081632653068, 0.17680653061224502, 0.19929081632653078, 0.22068400263331148, 0.2400221088435374, 0.2647232453957192, 0.2936775510204082, 0.32270408163265357, 0.34906566104702774, 0.3740228571428572, 0.403514739229025, 0.439668759811617, 0.45983491253644326, 0.5041360544217702, 0.5246751020408162, 0.5646962505932606, 0.608]",4.8,25,-2.4,0.779,0.77
44,"[0.002, 0.0029290310718881815, 0.0037107828205908966, 0.004595993953136768, 0.0063219954648525934, 0.007648323615160336, 0.009179876601803494, 0.011345238095238078, 0.013130900845186508, 0.014969387755102025, 0.016876808905380365, 0.01959449866903288, 0.022350412505427703, 0.025423673469387793, 0.028914285714285712, 0.03227189952904238, 0.03612771560237007, 0.042041632653061274, 0.045827458256029706, 0.05100816326530617, 0.05603813104189042, 0.0620628571428571, 0.06722775510204093, 0.07267694311767266, 0.07754195011337933, 0.08409369202226354, 0.09153481392557021, 0.0991466540104414, 0.10721282798833827, 0.11339246467817968, 0.12523157017909212, 0.1345043731778426, 0.14392565597667645, 0.15679162191192275, 0.17151360544217734, 0.1878606271777005, 0.21551855287569555, 0.23138386783284742, 0.26006530612244944, 0.2840430839002267, 0.3128163265306134, 0.3387216326530612, 0.36426190476190534, 0.39329061224489836, 0.41965398886827476, 0.461119533527697, 0.490382384532761, 0.5175965463108325, 0.5536258503401358, 0.598]",4.8,25,-2.4,0.761,0.752
45,"[0.003, 0.004378747361013388, 0.0054775510204081715, 0.006474732750242908, 0.0075317784256559535, 0.009254220206601162, 0.010830417881438315, 0.012380952380952418, 0.014440597667638453, 0.016727187426694785, 0.018655762304921976, 0.022173226433430546, 0.023762755102040824, 0.02762804476629357, 0.030791208791208773, 0.03466775510204083, 0.03745138055222097, 0.04347521865889217, 0.047636202307009747, 0.052561224489795895, 0.05817917166866747, 0.06300386100386102, 0.06904408163265302, 0.07335953640715544, 0.07900081632653064, 0.08427918367346943, 0.09149048772051195, 0.09697795918367345, 0.10647428571428566, 0.11529805410536308, 0.12388126159554731, 0.1347891156462589, 0.14493551020408144, 0.15835016111707834, 0.1716654010441386, 0.19225396825396826, 0.2078435374149668, 0.23126844583987435, 0.2508037676609109, 0.2805443758898909, 0.30594727891156437, 0.33639763001974987, 0.35241142857142865, 0.38844979591836765, 0.412622448979592, 0.44467573696145124, 0.47384353741496604, 0.4969232653061224, 0.5336552875695734, 0.576]",4.8,25,-2.4,0.74,0.729
46,"[0.003, 0.003727841501564139, 0.004960439560439545, 0.005730397422126746, 0.006939075630252104, 0.008579693034238474, 0.009917107583774242, 0.011869565217391263, 0.013559907834101367, 0.014832512315270942, 0.017662857142857074, 0.02134879406307977, 0.02266095238095239, 0.026474164133738546, 0.030265060240963874, 0.03321065375302648, 0.03723809523809502, 0.04192857142857164, 0.045874285714285624, 0.049530997304582235, 0.05468339768339772, 0.061499999999999944, 0.06666820276497697, 0.07131688311688313, 0.07559006211180123, 0.0822440476190476, 0.08754658385093186, 0.09808571428571429, 0.10289361702127664, 0.11068894009216587, 0.11886857142857142, 0.13026190476190497, 0.13905042016806735, 0.15135164835164838, 0.1635178571428572, 0.17962903225806465, 0.20330158730158757, 0.22431168831168813, 0.24600680272108866, 0.267517142857143, 0.2885654761904761, 0.3192421307506054, 0.3399000000000003, 0.37197802197802193, 0.3984362934362933, 0.42593877551020426, 0.44890476190476175, 0.4885238095238088, 0.5123963133640554, 0.552]",4.8,25,-2.4,0.716,0.707
47,"[0.003, 0.003740217891667938, 0.004760689990281812, 0.005932701652089393, 0.007206385780118482, 0.00905903006363836, 0.010628665259207111, 0.011642163661581157, 0.014530612244897994, 0.0158510438658222, 0.018572416063199516, 0.02069511440940017, 0.02343648479800085, 0.027393145937620336, 0.03002795031055897, 0.034081188997338065, 0.03822152133580705, 0.04287755102040843, 0.0454432653061226, 0.05088775510204093, 0.05487959183673478, 0.0609815668202766, 0.06634443981674307, 0.06962343647136283, 0.07716141001855296, 0.08245706584520601, 0.08900488646162694, 0.09559353741496614, 0.10203007518796998, 0.11016260697827514, 0.1194457572502686, 0.12736627282491944, 0.1358690080683437, 0.14765646258503415, 0.1642666227781435, 0.17678857142857146, 0.19918850698174026, 0.2161757600999584, 0.23658588435374175, 0.2580808163265312, 0.2880504833512355, 0.3086596800882517, 0.33387301587301615, 0.35760884353741523, 0.3853029827315543, 0.41158722843976303, 0.44240816326530613, 0.47418367346938795, 0.5060297848869277, 0.539]",4.8,25,-2.4,0.702,0.692
48,"[0.003, 0.0033084772370486565, 0.004621442943374532, 0.006001836734693894, 0.006982448979591832, 0.008512784424114465, 0.010317784256559786, 0.01133882783882787, 0.01403388151377056, 0.014985932236972466, 0.017342330480579364, 0.01993346938775511, 0.023157863145258115, 0.025921282798833906, 0.028992063492063232, 0.03220600693107428, 0.036634508348793796, 0.04042006802721074, 0.044684081632652986, 0.04965666266506587, 0.05393105350248195, 0.05874369747899158, 0.06449194414607945, 0.06818367346938774, 0.07451066790352505, 0.07962569573283858, 0.08693294460641388, 0.09247071872227151, 0.09887142857142835, 0.10812925170068013, 0.11549628942486084, 0.12340876350540214, 0.1350383673469388, 0.1443877551020408, 0.15764653061224496, 0.17516602316602314, 0.19167638483965005, 0.2084066326530611, 0.2270326530612247, 0.2479355102040816, 0.27647495361781077, 0.2954888682745825, 0.3222471042471043, 0.3441651205936918, 0.37209620991253645, 0.4010188775510204, 0.4284693877551025, 0.4499175510204081, 0.4840494092373794, 0.525]",4.8,25,-2.4,0.684,0.676
49,"[0.003, 0.004323615160349843, 0.0050894357743096925, 0.0065373614012534135, 0.008036359371334722, 0.00927736549165113, 0.011157565728994252, 0.012586734693877524, 0.01375711766187957, 0.01660683048729697, 0.018096326530612244, 0.02149111257406191, 0.024287244897959172, 0.027565503620803188, 0.029818532818532795, 0.0339504373177842, 0.037381500987491746, 0.041667544437129674, 0.04506938775510203, 0.0497155102040816, 0.053745825602968395, 0.059819875776397344, 0.06198447829836158, 0.06767346938775486, 0.0741658163265304, 0.078475268073331, 0.08629421768707482, 0.09059183673469397, 0.09819047619047588, 0.10592734693877541, 0.11403601440576233, 0.12209733124018819, 0.12927854384997242, 0.1388367346938775, 0.15502769679300318, 0.1683664596273294, 0.1855391156462587, 0.20173791621911896, 0.22361619486504264, 0.2425468187274911, 0.26719119226638005, 0.29423912206391994, 0.31303296703296674, 0.34030612244897984, 0.35899341672152735, 0.38625990396158466, 0.4161174510620574, 0.4493242630385481, 0.4683583673469387, 0.507]",4.8,25,-2.4,0.667,0.658
50,"[0.002, 0.0032247772348376123, 0.003907300948548423, 0.006018490617723617, 0.006668949458978208, 0.007732182103610664, 0.009656462585033984, 0.010957482993197295, 0.012383469387755077, 0.013953116381687811, 0.01689685603971318, 0.019197870452528843, 0.021559423769507723, 0.025699168556311335, 0.027401098901098868, 0.031099355531686385, 0.035490996398559516, 0.03847224489795915, 0.04280972388955591, 0.046787414965986346, 0.05206215213358075, 0.0555939849624061, 0.06106020408163276, 0.06453276047261002, 0.07040761169332603, 0.07591326530612252, 0.0824967776584318, 0.08807591836734688, 0.09244239631336415, 0.10098639455782318, 0.10750392464678175, 0.11578673469387758, 0.12475725026852859, 0.13496249310535044, 0.14381369321922327, 0.1640368663594471, 0.17581243926141893, 0.19299829931972784, 0.2088589981447126, 0.23055763927192474, 0.2561445578231295, 0.2779710884353747, 0.29964976958525386, 0.32269073783359487, 0.3481852433281005, 0.3728688046647231, 0.400040816326532, 0.43646258503401336, 0.45180408163265323, 0.494]",4.8,25,-2.4,0.652,0.644
51,"[0.002, 0.0033567848191908335, 0.004307196562835689, 0.00557921589688507, 0.006673894557823122, 0.007553960567277781, 0.008677551020408182, 0.01022119815668203, 0.01153764172335605, 0.013668178382464147, 0.016341496598639448, 0.018496326530612388, 0.02078717201166181, 0.02379919825072893, 0.026946731234866867, 0.02897103357472025, 0.03335818408996265, 0.036886713869221203, 0.041284897959183726, 0.044453943739658115, 0.04945780474351913, 0.054142857142857145, 0.058008435374149764, 0.06289959183673473, 0.06819360176503039, 0.07239314593762039, 0.07889115646258539, 0.08410269914417377, 0.09035562310030412, 0.09741187384044558, 0.10381869957285238, 0.11346338535414188, 0.11974204081632667, 0.12987090650213579, 0.13988637617209054, 0.15626447876447888, 0.16840104413858573, 0.18528147862918765, 0.2030096670247054, 0.2230413678985107, 0.24432823129251732, 0.26903749406739463, 0.2859206349206352, 0.30926350540216097, 0.33636326530612287, 0.36063265306122433, 0.39061381475667195, 0.420226638023631, 0.44439332096474965, 0.481]",4.8,25,-2.4,0.642,0.633
52,"[0.003, 0.0038669690098261738, 0.005022778143515482, 0.00619886621315192, 0.0072760334903192005, 0.008364345738295318, 0.009811152630066105, 0.011714285714285733, 0.014124018838304572, 0.015591836734693922, 0.017927744070601277, 0.021260282574568322, 0.023421282798833862, 0.025529984301412845, 0.028528875379939228, 0.032499670836076355, 0.03540188383045528, 0.03974443413729127, 0.043232060566161995, 0.0473608163265307, 0.051130466472303265, 0.05625046382189241, 0.05974814471243044, 0.06420408163265309, 0.06882653061224497, 0.07520671494404219, 0.07977795918367356, 0.08439089481946623, 0.09145864661654138, 0.09928956488255677, 0.10522740524781335, 0.11305102040816312, 0.12063422291993738, 0.13094524639123956, 0.13998420013166563, 0.1540514285714285, 0.16970686456400821, 0.18170283723245428, 0.19796905859117853, 0.22097488226059708, 0.24052178709321578, 0.2634978134110788, 0.2809248120300755, 0.30446683673469405, 0.3284863945578234, 0.3580494092373799, 0.38055167873601053, 0.40778911564625886, 0.4324472789115647, 0.466]",4.8,25,-2.4,0.626,0.618
53,"[0.003, 0.0037934970598408804, 0.004721513605442179, 0.005743310657596384, 0.00671243042671615, 0.007898803659394802, 0.009233829124870295, 0.011827493261455668, 0.012899608328179789, 0.014815419501133825, 0.01755365371955236, 0.019516303072953375, 0.022189139941690982, 0.025335600907029493, 0.028874285714285804, 0.031024489795918292, 0.034725623582766464, 0.03840456182472986, 0.04153851217906524, 0.04535354141656673, 0.0498971742543172, 0.054082949308755936, 0.0568522448979592, 0.0627658431793772, 0.06700734693877558, 0.0740326530612245, 0.07785392051557471, 0.08310955961331914, 0.08877443609022555, 0.09490670553935869, 0.1019993416721527, 0.10948859543817528, 0.11720748299319753, 0.1254035250463823, 0.13458673469387752, 0.1458110599078341, 0.16419623233909045, 0.1744693877551039, 0.1915600907029486, 0.2098911564625874, 0.23414665401044152, 0.24692638483965026, 0.27524710424710436, 0.2959581095596133, 0.31499257884972187, 0.3394618291761151, 0.36490010741138557, 0.3952969058591179, 0.41696670247046214, 0.454]",4.8,25,-2.4,0.614,0.604
54,"[0.003, 0.004186275852622914, 0.004808793315984082, 0.005469089825711286, 0.006500510204081595, 0.00831820883693279, 0.00945980841316116, 0.01088380952380946, 0.012954437588989016, 0.014722634508348768, 0.017388775510204, 0.02009701726844578, 0.02172470690403822, 0.02530237401082879, 0.028492346938775497, 0.03206287920573627, 0.035346938775509915, 0.0375703544575725, 0.04177873254564975, 0.046326296035655544, 0.04937446606549593, 0.05322119815668193, 0.057257392753019526, 0.061734693877550956, 0.06539104674127706, 0.06979755102040812, 0.07643877551020316, 0.08218367346938742, 0.08815714285714285, 0.09341632653061217, 0.09948760932944602, 0.10631486880466469, 0.113767454350161, 0.12161026991441731, 0.13067561761546714, 0.145714285714286, 0.1587195335276967, 0.16882993197278892, 0.1879151450053701, 0.2051288936627283, 0.22278911564625833, 0.2379693877551018, 0.26434285714285627, 0.28797959183673105, 0.30822835079977884, 0.3301632653061221, 0.35668411712511083, 0.3862595918367344, 0.40803767660910506, 0.443]",4.8,25,-2.4,0.598,0.589
55,"[0.002, 0.0027167783143791776, 0.003835234093637436, 0.0050929992250064535, 0.0056872901059157755, 0.006684458398744157, 0.008578231292517047, 0.009721220527045785, 0.011004964147821334, 0.013323897300855847, 0.015160631994733404, 0.017857617465590902, 0.02040915878546543, 0.02287972210160657, 0.024844642857142864, 0.029117625231910894, 0.030731731402238352, 0.03443615160349858, 0.038436345966958316, 0.042562468889995035, 0.046410564225690315, 0.04980124223602483, 0.0530629251700679, 0.05772021066491114, 0.06244437129690584, 0.06825986394557856, 0.07219758812615976, 0.07636734693877568, 0.08365838509316775, 0.09005180533751964, 0.09504125054277035, 0.10148457522543902, 0.1092630998345284, 0.11752634076886569, 0.12551020408163266, 0.1383771428571429, 0.15022771213748665, 0.16223747680890527, 0.17717687074829927, 0.19477080062794402, 0.21265306122448935, 0.22773852040816345, 0.2541507936507938, 0.26980102040816345, 0.29435762876579213, 0.31786848072562507, 0.34665224489795926, 0.3744013605442189, 0.39417224489795955, 0.429]",4.8,25,-2.4,0.586,0.577
56,"[0.002, 0.0034825543120474115, 0.004371656737229056, 0.004942578273545441, 0.006180697278911637, 0.00804591836734691, 0.008965102040816322, 0.011272237196765482, 0.012613183204316187, 0.013728316326530586, 0.01680685131195336, 0.01838389409817985, 0.02089884649511978, 0.02392419825072857, 0.026694980694980514, 0.029631261595547277, 0.033343389529724925, 0.036338404452690175, 0.04022122448979599, 0.0434179591836735, 0.04701669758812621, 0.05042285714285698, 0.0545078492935635, 0.05926830732292906, 0.0615083202511774, 0.0687406188281764, 0.07220991253644313, 0.07744897959183672, 0.08187707641196018, 0.08749365692222813, 0.09451700680272054, 0.0997089151450053, 0.10598608534322813, 0.11437755102040816, 0.12607482993197228, 0.13723809523809535, 0.1459429771908763, 0.15799918367346935, 0.17613404452690165, 0.18934891375905213, 0.20537454981992784, 0.22477121374865724, 0.2442200772200771, 0.26561224489795904, 0.2826467817896387, 0.3065830903790085, 0.33248657357679895, 0.36481405895691577, 0.3824032653061224, 0.415]",4.8,25,-2.4,0.568,0.559
57,"[0.003, 0.0037042386185243505, 0.004632167152575283, 0.005369835739173703, 0.005928073668491782, 0.007548642758074037, 0.008734474434935238, 0.010272577996715987, 0.012210361067503905, 0.01406028257456824, 0.016385273028130174, 0.01832361516034982, 0.020656062424970006, 0.021873888016745127, 0.025798469387755082, 0.02884693877551027, 0.03231728917982284, 0.035070465922217936, 0.038525221409318446, 0.04174919441460792, 0.0457110633727175, 0.048654377880184375, 0.051640816326530614, 0.05660236998025013, 0.06006542617046826, 0.06506462585034008, 0.06954154518950437, 0.07620158267388595, 0.08030102040816325, 0.08585234093637462, 0.09223055708770002, 0.09737056928034375, 0.10462545018007213, 0.11221535982814192, 0.12094693877551196, 0.13063736263736236, 0.14154810495626852, 0.15415846338535416, 0.16930298273155453, 0.18165306122449001, 0.1980800627943491, 0.2124922847187655, 0.235098901098901, 0.2567959183673462, 0.27332653061224493, 0.2935863945578236, 0.32221116201582667, 0.3510783232211803, 0.36924149659863936, 0.402]",4.8,25,-2.4,0.56,0.551
58,"[0.002, 0.003333133253301314, 0.0042922975641869875, 0.00487715602369982, 0.006183673469387757, 0.00782530612244904, 0.008827458256029699, 0.01048629148629148, 0.01228037676609107, 0.014139676649880757, 0.015767074829931994, 0.018406521229181412, 0.020106122448979642, 0.02343830455259027, 0.02512698412698441, 0.028413858566682514, 0.03218692694469094, 0.035132323897300956, 0.03698084772370484, 0.040992002206287896, 0.04471537900874641, 0.04873089700996684, 0.0524073469387755, 0.055738775510204085, 0.06069183673469386, 0.0645679793043978, 0.06844217687074812, 0.07266608022519352, 0.07870285714285692, 0.08343367346938776, 0.08979914070891502, 0.09429446064139935, 0.10219183673469368, 0.10861698250728856, 0.11887589630446793, 0.12674603174603138, 0.1371793002915454, 0.14848913759052, 0.16032458697764806, 0.17724829931972771, 0.19108489795918368, 0.2065953022718521, 0.22707142857142873, 0.24913697682462818, 0.2685262390670552, 0.28196777658431776, 0.30803357472021065, 0.3373819241982508, 0.3570634307777164, 0.389]",4.8,25,-2.4,0.543,0.535
59,"[0.002, 0.0031020408163265284, 0.004111501554264113, 0.004713609947290173, 0.005437371278786722, 0.006680272108843581, 0.008270243581303507, 0.009023166023166069, 0.011646987366375138, 0.012827909542195245, 0.015575177009579298, 0.016898744113029825, 0.01940712556208921, 0.021638775510204163, 0.024531561461794037, 0.027089532587228408, 0.030373349339735962, 0.03316548358473824, 0.03679414374445424, 0.03961516034985424, 0.04346734693877549, 0.045826530612244856, 0.05020013166556951, 0.05378709321566465, 0.056875728862973755, 0.062375818251829106, 0.06562705727452271, 0.07212331741207113, 0.07565413533834607, 0.08146189087880046, 0.08651967930029147, 0.09234049409237387, 0.09755969387755095, 0.10396249310534997, 0.11482294539437386, 0.12279365079365137, 0.13085932944606407, 0.14162448979591838, 0.15464965986394502, 0.1696513605442172, 0.1815093877551018, 0.19744042132982229, 0.2162176870748299, 0.2348921282798833, 0.25572476558190815, 0.27317896389324936, 0.29406997084547826, 0.32532784726793945, 0.3464542462146148, 0.378]",4.8,25,-2.4,0.532,0.524
60,"[0.003, 0.003657262905162079, 0.004528092718568936, 0.005422836903356372, 0.0062753664846220145, 0.007570507902409073, 0.008914684670860862, 0.009900153609831059, 0.011794844253490838, 0.013671614100185529, 0.01601415404871623, 0.01739810290313311, 0.01879072985126259, 0.022532783326096352, 0.025489795918367326, 0.02760394327222417, 0.030471033574720217, 0.03309863945578264, 0.037262620837808756, 0.04097469387755089, 0.04395850340136046, 0.04621428571428574, 0.04993877551020409, 0.05333215025140487, 0.057575139146567644, 0.062362244897959156, 0.06594260204081637, 0.07066173469387742, 0.07472142857142854, 0.07965306122448958, 0.08584217687074809, 0.09065843179377013, 0.09797632653061218, 0.10519183673469389, 0.11072084548104956, 0.12023376623376589, 0.12953532182103558, 0.13782018753447306, 0.14965877551020404, 0.16296343537414956, 0.17675072886297377, 0.19114965986394603, 0.21017293233082718, 0.22866690962099126, 0.2473423005565863, 0.26924635568513083, 0.2868269387755094, 0.3220489795918366, 0.33619525648097054, 0.369]",4.8,25,-2.4,0.521,0.513
61,"[0.003, 0.0036172399029541836, 0.00439447779111643, 0.0054328931572629365, 0.006494583018392555, 0.007901457725947506, 0.009315379760151466, 0.010590733590733547, 0.011786262892253697, 0.013776305327325803, 0.01555527210884357, 0.018085411942554787, 0.020493018259935557, 0.022733938019652348, 0.024948571428571497, 0.026999670836076354, 0.030749835418038177, 0.03357661708751292, 0.0358812615955474, 0.039551853394419044, 0.04245602526724978, 0.04621428571428582, 0.04970845481049564, 0.05176549165120598, 0.05595298833819245, 0.06055763927192501, 0.0640579328505595, 0.06978684807256266, 0.07410084033613452, 0.07830775510204091, 0.08257557938429608, 0.08918967587034816, 0.09487463556851308, 0.10092877967513536, 0.11000081632653064, 0.11621428571428694, 0.1262311086596803, 0.1350680272108844, 0.14617346938775555, 0.16022878625134276, 0.17230758017492714, 0.1836462585034017, 0.20255299539170513, 0.2232563265306122, 0.23655874241588543, 0.2565337519623238, 0.2779163923633971, 0.3057575510204083, 0.3213854875283454, 0.355]",4.8,25,-2.4,0.51,0.501
62,"[0.0, 0.00324562682215744, 0.003884110787172033, 0.004636202307009741, 0.005528344671201793, 0.006474129045557611, 0.007672550101121538, 0.009187074829931998, 0.010479591836734673, 0.012266472303207005, 0.0143426555807508, 0.016454394002498988, 0.018260893546607846, 0.020658968850698074, 0.023894957983193188, 0.025434544549527125, 0.028721574344023296, 0.031306597057427665, 0.034323229291716634, 0.03805431204739955, 0.04127337446606547, 0.04298547215496365, 0.04734230055658623, 0.05038435374149652, 0.055112609329446, 0.0576201582673885, 0.06248326530612243, 0.06666173469387743, 0.07103498542274041, 0.07551224489795909, 0.08047027506654834, 0.085875850340136, 0.09098090849242917, 0.09829178157749593, 0.10466015971606031, 0.11292165898617483, 0.12131632653061195, 0.1301521335807048, 0.14128176431863057, 0.1499268707482991, 0.16755143690129093, 0.17702896642527988, 0.19414935064935077, 0.2099869387755101, 0.23268489795918382, 0.25108049886621286, 0.26791346938775473, 0.2927148372862655, 0.3066971691902567, 0.343]",4.8,25,-2.4,0.495,0.487
63,"[0.002, 0.0027835276967929957, 0.004176114890400618, 0.005302554588268888, 0.005916226630512359, 0.00716446578631454, 0.008052721088435367, 0.009880952380952405, 0.011028130170987287, 0.013399889685603943, 0.014655510204081618, 0.01575079045702786, 0.0191185474189676, 0.0211126530612245, 0.022964285714285704, 0.026358869701726847, 0.027921632653061197, 0.0313069387755101, 0.03481076066790355, 0.03723209961950877, 0.0401266139108705, 0.04267511520737324, 0.046409587090650205, 0.05031131096506401, 0.05416489795918382, 0.0571712511091394, 0.061292517006803014, 0.06553551020408184, 0.06927162977867211, 0.07310349854227415, 0.07789087880049987, 0.08346382189239339, 0.08865816326530632, 0.09467213842058575, 0.10208807733619775, 0.10940476190476281, 0.11532798833819256, 0.1262478134110787, 0.1362823129251704, 0.14672684458398785, 0.15871626069782754, 0.16893061224489803, 0.18511969111969123, 0.20347807207989582, 0.21982944606413998, 0.2384726100966705, 0.2585874241588528, 0.28433838051349575, 0.2989395918367348, 0.335]",4.8,25,-2.4,0.484,0.476
64,"[0.002, 0.002964648154343696, 0.003929296308687392, 0.004439763001975, 0.004914307658547309, 0.006662678864649346, 0.007700874635568521, 0.009104022191400836, 0.01102721088435379, 0.012117978620019463, 0.0129586005830904, 0.015659973666886127, 0.01693310657596372, 0.01958530612244906, 0.021437317784256605, 0.025304392943618144, 0.027780508121615963, 0.030324875896304428, 0.03301582673885888, 0.035601632653061314, 0.03854310703873393, 0.041102857142857184, 0.04511284513805518, 0.047512809379070826, 0.05090597667638489, 0.05492803437164334, 0.059056122448979516, 0.06293782629330823, 0.06742857142857149, 0.0714703153988869, 0.07592397959183676, 0.08123469387755095, 0.08682877053260324, 0.092384110787172, 0.10000107411385611, 0.10510714285714347, 0.11318221574344059, 0.1200680272108844, 0.12917346938775565, 0.1409144173798552, 0.15237458854509559, 0.16631020408163297, 0.17885714285714327, 0.19777632653061225, 0.21565387755102092, 0.23353375196232382, 0.24674758324382387, 0.27575755102040833, 0.28789877551020426, 0.323]",4.8,25,-2.4,0.472,0.465
65,"[0.003, 0.0037961073318216283, 0.004361351320189119, 0.004847111726046369, 0.006110787172011697, 0.007178856635822036, 0.008537231108659777, 0.00979146141215109, 0.011094140882159325, 0.012745408163265403, 0.014026980283639022, 0.016895984200131664, 0.018088874259381115, 0.02095710826703571, 0.022754658385093225, 0.025549819927971215, 0.0286971243042673, 0.031236734693877617, 0.033736961451247355, 0.03664638932496073, 0.039448979591837255, 0.041671159029649664, 0.04501039661147479, 0.04930562468890004, 0.05302904238618527, 0.05551020408163266, 0.060193252811328604, 0.061928979591836776, 0.06811969111969114, 0.0722852800694746, 0.07462585034013637, 0.08007636603028319, 0.08582202183198867, 0.09104353741496625, 0.09788775510204079, 0.10392063492063522, 0.11134122448979654, 0.118731778425656, 0.12924803767660922, 0.13933908948194706, 0.15104466692337326, 0.16077306122449012, 0.17435714285714413, 0.18672244897959187, 0.20774758324382434, 0.22284640171858222, 0.23862933080208834, 0.2627659063625451, 0.27472773654916516, 0.31]",4.8,25,-2.4,0.465,0.458
66,"[0.002, 0.00329292619303362, 0.004393527107812876, 0.005, 0.005512263621044788, 0.007052666227781419, 0.007977177967961432, 0.01017050691244242, 0.011220918367346944, 0.012630072718742696, 0.01408678622964343, 0.016392290249433127, 0.018564046895353938, 0.020286043449637973, 0.02318285714285718, 0.02474829931972797, 0.027416909620991435, 0.03103517151541471, 0.032738775510204134, 0.035600765306122474, 0.038448979591837254, 0.040849489795918376, 0.04406341107871724, 0.047438046647230406, 0.050426770708283365, 0.05474829931972839, 0.059061953352769675, 0.061882798833819405, 0.06532804232804237, 0.06917632653061224, 0.07262135007849299, 0.07910760667903538, 0.08445387755102049, 0.0888592910848554, 0.09548979591836725, 0.1019675324675326, 0.10759603841536633, 0.1155660264105642, 0.12446064139941689, 0.13297157434402365, 0.14702518454190194, 0.15288653061224505, 0.17040659340659445, 0.1836248037676609, 0.20059183673469436, 0.21364326530612238, 0.23279269602577887, 0.25620408163265357, 0.2722657226155768, 0.299]",4.8,25,-2.4,0.453,0.445
67,"[0.003, 0.00387648809523811, 0.004708683473389356, 0.0055497835497835424, 0.006327036599763872, 0.007102425876010829, 0.009254564983888294, 0.009887218045112778, 0.011269541778975803, 0.013455782312925182, 0.014960714285714313, 0.017225563909774443, 0.01873938223938223, 0.021251815980629543, 0.023691358024691373, 0.025778571428571404, 0.02883673469387763, 0.0309746543778802, 0.03382324455205812, 0.03581904761904759, 0.03867714285714288, 0.04164150943396227, 0.04346103896103897, 0.04723920265780729, 0.049658986175115195, 0.0545142857142858, 0.058185410334346516, 0.06192142857142863, 0.06500000000000024, 0.06952073732718907, 0.07403383458646623, 0.0784420485175203, 0.08176036866359453, 0.08834065934065957, 0.09347428571428566, 0.09994000000000014, 0.1062619047619046, 0.11516558441558448, 0.12247619047618963, 0.13160504201680684, 0.14096345514950148, 0.15495238095238237, 0.16529411764705892, 0.17934126984126994, 0.19173724489795915, 0.20983428571428586, 0.22263095238095193, 0.2504395604395605, 0.26307722007722, 0.29]",4.8,25,-2.4,0.441,0.434
68,"[0.002, 0.0029111327070510612, 0.0038222654141021693, 0.004474699468828639, 0.005138355342136873, 0.006404561824729926, 0.007524278676988052, 0.008399234693877558, 0.00972370486656214, 0.011678440607012066, 0.012678004535147374, 0.015108988276161552, 0.016650360144057626, 0.018538926681783884, 0.02113080895008612, 0.02330466472303202, 0.02630530612244906, 0.028021608643457447, 0.031272996154983725, 0.03273344439816747, 0.03563132209405503, 0.03932467532467524, 0.04178999341672171, 0.04549506254114547, 0.048539775093710914, 0.05092912801484229, 0.05410047095761373, 0.057872553102873744, 0.06266857142857143, 0.06599795918367352, 0.07114122448979589, 0.07348653061224489, 0.07791314665401045, 0.08407596371882091, 0.0900775510204079, 0.09648247978436666, 0.1033469387755103, 0.10874438775510202, 0.11853432282003702, 0.1263172541743967, 0.13475843398583884, 0.14554557823129283, 0.1595037593984966, 0.17303231292516966, 0.18803767660910506, 0.20143197278911493, 0.21632057823129208, 0.2435591836734691, 0.2565107556536128, 0.281]",4.8,25,-2.4,0.436,0.428
69,"[0.0, 0.0036201360544217626, 0.004591617292078082, 0.0055990870032223, 0.006697905477980631, 0.00775688775510202, 0.008604351174432005, 0.009903726708074522, 0.011375332741792346, 0.012528798185941038, 0.013955861414333153, 0.016576830732292856, 0.01877237048665616, 0.02041771602257925, 0.022472663139329718, 0.025130466472303103, 0.028090636254501804, 0.029866938775510048, 0.03241036955322661, 0.03498775510204077, 0.036855942376950765, 0.04035428571428567, 0.043274973147153374, 0.04556059975010405, 0.049154359925788454, 0.05269608383894087, 0.055454317111459886, 0.060067419825072826, 0.06184555984555987, 0.06605685131195303, 0.06989256834809392, 0.07479081632653052, 0.07898880842659607, 0.08560558100791316, 0.08944096209912532, 0.09497376093294464, 0.10252623906705548, 0.1097830290010744, 0.11576967930029029, 0.12477210884353716, 0.13315743440233221, 0.14252244897959138, 0.15459428571428546, 0.17086155543298395, 0.18601603498542263, 0.19768206229860386, 0.20864455782312888, 0.23299843014128657, 0.2466603498542272, 0.273]",4.8,25,-2.4,0.427,0.42
70,"[0.003, 0.003514006844974011, 0.004062641723356053, 0.005224489795918378, 0.006441476590636254, 0.0075527840765936246, 0.00850032916392362, 0.009558241758241779, 0.010915946039432717, 0.012437114380635949, 0.015089532587228472, 0.016404709576138127, 0.0177868075801749, 0.019994826099453945, 0.02254479418886193, 0.02442502218278618, 0.027709857527916878, 0.030039929015084267, 0.032116797488226115, 0.03407859313938347, 0.03643039358600578, 0.03895238095238098, 0.042854384997242166, 0.04519517625231896, 0.04816524028966428, 0.05127510204081622, 0.055521370812475976, 0.057419387755101976, 0.06119269102990032, 0.06421844293272867, 0.06969224489795908, 0.07248259303721495, 0.07694934402332353, 0.08349416909620973, 0.08806693877551028, 0.09386198547215474, 0.09922740524781334, 0.10543755102040821, 0.11339375750300121, 0.12126530612244879, 0.12965632653061215, 0.13989258861439333, 0.1493436293436292, 0.16170578231292498, 0.1719192949907237, 0.18859404302261434, 0.20583066740209588, 0.22659863945578204, 0.23765426170468162, 0.264]",4.8,25,-2.4,0.412,0.406
71,"[0.0, 0.0034018838304552806, 0.0046653061224490025, 0.0056707482993197155, 0.006564406407724372, 0.007743075801749349, 0.009131850493006225, 0.010073593073593092, 0.011399611273080647, 0.012963848396501441, 0.014684489795918368, 0.0168689278528313, 0.018124549819927987, 0.021090379008746395, 0.022107816711590355, 0.02448979591836739, 0.027105685131195358, 0.029492909028018016, 0.030884814942926338, 0.03405768707482995, 0.03619460641399413, 0.038644314868804736, 0.04198576174655924, 0.04520671494404218, 0.04857250268528494, 0.050031212484993995, 0.05381577495863212, 0.05676503033645891, 0.05967857142857127, 0.06285273028130185, 0.06778451380552225, 0.07086660751257032, 0.07707673469387763, 0.08102515424774583, 0.08597300855826197, 0.0905212355212355, 0.09583600583090378, 0.1030212244897959, 0.10927551020408119, 0.11870243581303473, 0.12331591836734683, 0.13616326530612263, 0.14558241758241863, 0.15853721488595443, 0.16794241982507319, 0.18702685284640214, 0.20427210884353758, 0.2157503924646782, 0.2276751020408165, 0.258]",4.8,25,-2.4,0.407,0.4
72,"[0.0, 0.006050497121925662, 0.007033141461712891, 0.00769928484214198, 0.00842755102040818, 0.00943112244897957, 0.011071152785438456, 0.01254464285714284, 0.014339038841342938, 0.015617730963353098, 0.01751384839650148, 0.019292378175760037, 0.022040451895043726, 0.023440074211502772, 0.0249428571428572, 0.027641632653061222, 0.030376888417704747, 0.032099183673469395, 0.035029199372056466, 0.03641793618855992, 0.03898979591836741, 0.041532687651331786, 0.043866326530612246, 0.04772876892692562, 0.05115733270052208, 0.054329611089718864, 0.056277080062794395, 0.05957694429123003, 0.06239751552795029, 0.06708714837286268, 0.06947539015606252, 0.07382507288629725, 0.07879259610821064, 0.08310997732426323, 0.0866399416909619, 0.09199539170506926, 0.09939183673469404, 0.10424897959183729, 0.11166693877551022, 0.11802494331065844, 0.12734204081632683, 0.13297959183673472, 0.14485714285714274, 0.1540193340494094, 0.16779277864992143, 0.17981525241675658, 0.19450834879406326, 0.21256916099773276, 0.22167939433838046, 0.244]",4.8,25,-2.4,0.394,0.387
73,"[0.002, 0.003066227781435148, 0.004063759665356847, 0.004577005957662588, 0.005274162495186802, 0.006833269156719373, 0.007609883622870649, 0.008674829931972779, 0.010119827747612792, 0.010877925482119473, 0.013583163265306163, 0.01531271902700476, 0.016729591836734933, 0.01888037676609111, 0.019804915514592954, 0.023104812295288515, 0.024297719087635138, 0.02715352504638224, 0.02847278911564626, 0.0308835534213686, 0.03350612244897971, 0.03598847926267278, 0.03944955446967524, 0.04228525046382195, 0.04398430141287283, 0.04808875177978174, 0.05140306122448989, 0.05439089481946622, 0.05702304147465457, 0.05968861092824237, 0.06430320699708456, 0.06816291940505016, 0.07181742967457248, 0.07670730397422137, 0.0806698250728864, 0.08465250965250967, 0.09107102040816348, 0.09660442900564488, 0.10275145772594749, 0.11045063430777707, 0.11901391465677186, 0.1276283566058005, 0.1355946843853821, 0.1472670068027211, 0.156910518053375, 0.17234379905808464, 0.1816723356009069, 0.2066987755102044, 0.2123359497645215, 0.241]",4.8,25,-2.4,0.386,0.38
74,"[0.003, 0.003471264367816095, 0.0039425287356321895, 0.0048622754491018, 0.005844311377245501, 0.006958333333333308, 0.00833898305084742, 0.009387387387387367, 0.01024999999999998, 0.011563380281690116, 0.013416666666666641, 0.015083333333333322, 0.016864864864864812, 0.018635416666666647, 0.020516129032258027, 0.02255263157894731, 0.02391549295774643, 0.026712499999999948, 0.029138461538461488, 0.031159999999999972, 0.03359999999999986, 0.03543396226415088, 0.03785714285714272, 0.041773584905660244, 0.04455172413793087, 0.047590909090909135, 0.050499999999999726, 0.05291176470588236, 0.05731818181818179, 0.060107142857142914, 0.06392, 0.06706000000000004, 0.07094594594594583, 0.07659259259259255, 0.08022580645161238, 0.0838709677419355, 0.08999999999999907, 0.09490000000000005, 0.10224999999999944, 0.10771428571428567, 0.11613636363636334, 0.12566666666666593, 0.13281818181818145, 0.14431818181818185, 0.15091836734693861, 0.16864516129032225, 0.1759183673469386, 0.19974999999999982, 0.2061578947368422, 0.231]",4.8,25,-2.4,0.384,0.377
75,"[0.002, 0.003310072416063215, 0.004427210884353766, 0.005204644616467272, 0.005764813511611543, 0.006620032223415693, 0.007688775510204094, 0.009379591836734726, 0.010539941690962123, 0.012081356867071152, 0.013152240206427395, 0.01467903525046383, 0.017017644557823116, 0.017863732993197285, 0.02100207039337468, 0.022334252619966834, 0.024783673469387677, 0.025913449717236303, 0.02879098090849243, 0.030495210329029594, 0.033223032069970806, 0.035450549450549346, 0.03845780474351898, 0.040653061224489785, 0.04449770928779676, 0.047282713085234025, 0.04954971775944416, 0.05263914656771792, 0.05518877551020401, 0.057762755102040826, 0.062454810495626706, 0.06533918367346947, 0.06893842960913185, 0.07445068027210831, 0.07995408163265265, 0.08402255639097726, 0.08920574760516449, 0.09425330132052825, 0.09896088435374094, 0.10531972789115633, 0.11358092074038909, 0.12213561553653711, 0.12993714285714256, 0.13995421952564802, 0.15230934479054778, 0.1642585034013602, 0.17760341974627686, 0.19518204081632623, 0.20290580847723733, 0.226]",4.8,25,-2.4,0.371,0.365
76,"[0.003, 0.003587034813925571, 0.004246598639455785, 0.00509881847475839, 0.006149301825993602, 0.0071997851772288134, 0.008250268528464026, 0.0095079365079365, 0.01113649330700026, 0.011994952819837637, 0.013405976676384847, 0.01545719586535915, 0.01680937907077726, 0.019148469387755145, 0.020377880184331894, 0.022953258722844, 0.02560636457973023, 0.026733596664472233, 0.028445200302343203, 0.031225655976676498, 0.033612244897959394, 0.03628571428571428, 0.03897584339858403, 0.04084121453459448, 0.0446432653061225, 0.04667527010804322, 0.049766293614219935, 0.05196725201708595, 0.05568725868725877, 0.059006470881035444, 0.061715323417502646, 0.06395315398886833, 0.06985273028130211, 0.07376897959183656, 0.07824768089053816, 0.08313824884792657, 0.08744515306122433, 0.09162329931972807, 0.09818367346938779, 0.10440171858216996, 0.10895710826703571, 0.11843171114599696, 0.12591244239631363, 0.1374199785177228, 0.14354535147392317, 0.1582522448979598, 0.16741496598639433, 0.1891461224489798, 0.19355102040816327, 0.217]",4.8,25,-2.4,0.357,0.352
77,"[0.003, 0.0033911891679748885, 0.0037823783359497774, 0.004542887831824447, 0.005766456958723335, 0.0063719589530727575, 0.00683166147815059, 0.007592775041050868, 0.009106958446028983, 0.010590748299319717, 0.012031574894108629, 0.013566807855217597, 0.015197540554683421, 0.01676634735526868, 0.01901680672268911, 0.020468071099407556, 0.023086434573829525, 0.024442411447337532, 0.027064489795918377, 0.029484993997599063, 0.030926938775510265, 0.03350579150579152, 0.03656089532587228, 0.03828897959183674, 0.041464017185821905, 0.043923883066740194, 0.047349125364431484, 0.05029509100937678, 0.05297448979591847, 0.05511784068466101, 0.05932694710537273, 0.06275320360702426, 0.06692453725676316, 0.07112489795918389, 0.07486788399570384, 0.07869387755102052, 0.08426122448979619, 0.08889941690962085, 0.09383673469387778, 0.10007803121248497, 0.10699234693877548, 0.11458055853920526, 0.1231428571428574, 0.13208760577401724, 0.1388897300855827, 0.1537224489795918, 0.1681559183673468, 0.18142176870748192, 0.18986656200941948, 0.215]",4.8,25,-2.4,0.353,0.348
78,"[0.003, 0.003562230526013225, 0.004193152670904433, 0.005065685290509691, 0.005938217910114902, 0.006699845976126311, 0.007690941124651296, 0.008839671120246641, 0.010352154195011388, 0.011478458049886696, 0.013122229536976084, 0.013980689049813502, 0.016334211103796323, 0.017888682745825692, 0.019392857142857274, 0.021791383219954732, 0.02296469939327085, 0.026062873634302187, 0.02686930529787678, 0.030011661807580213, 0.03114938775510203, 0.03372981366459628, 0.03623684966944535, 0.0386158892128281, 0.04232163265306125, 0.04383487940630799, 0.04676813375952792, 0.050183673469388, 0.05261224489795963, 0.05626815377313728, 0.058850044365572354, 0.06171209912536445, 0.06715102040816334, 0.06980345368916802, 0.07438123582766447, 0.07909966777408657, 0.08279008746355684, 0.08749319727891171, 0.09467660910518064, 0.09970884353741538, 0.10474860853432312, 0.11180558539205165, 0.12217857142857146, 0.12983805134957216, 0.13941342988808428, 0.15129478458049958, 0.1659514091350827, 0.17712059369202227, 0.1866181698485845, 0.21]",4.8,25,-2.4,0.348,0.342
79,"[0.002, 0.00278765555002486, 0.0035753111000497626, 0.004279729937087586, 0.004886757710603019, 0.005965786314525752, 0.007081954041459095, 0.00771766029246341, 0.008897551020408135, 0.010738212526389755, 0.011797091250293216, 0.012600777453838662, 0.015308328736900136, 0.016476629361421927, 0.01872448979591841, 0.020177748518762292, 0.021875150060023975, 0.023598447829836108, 0.026060121345835647, 0.027919183673469367, 0.030221350078492908, 0.032453781512604946, 0.03541292517006802, 0.03669744897959178, 0.0397298919567827, 0.04325239483548515, 0.04582653061224489, 0.047816734693877504, 0.051299450549450565, 0.053664911125740365, 0.05671099407504937, 0.05968942961800108, 0.06457770800627964, 0.06804015799868325, 0.07220998925886139, 0.07544239631336415, 0.08037074829931949, 0.08482235621521333, 0.09040986394557782, 0.09596938775510204, 0.10136734693877551, 0.1087543731778424, 0.11730952380952353, 0.12471598639455725, 0.13604748021657637, 0.1444662480376765, 0.1521863945578228, 0.16950235478806916, 0.18240283939662807, 0.2]",4.8,25,-2.4,0.341,0.335
80,"[0.002, 0.0028101733155573684, 0.0036203466311147815, 0.004419967987194879, 0.005172975641869664, 0.005823074391046741, 0.006428273499180679, 0.007038095238095246, 0.008381632653061251, 0.009988868274582596, 0.011841895378841246, 0.013026044703595741, 0.013793780369290586, 0.015901909150757114, 0.017773109243697526, 0.020359045313040496, 0.021822998430141384, 0.023586848072562377, 0.025896903589021834, 0.02784278155706732, 0.029600724160632003, 0.03241496598639459, 0.03391937515747041, 0.036443577430972346, 0.039316141001855445, 0.04168612244897965, 0.04483342526199691, 0.046570479354532526, 0.05013961038961039, 0.05255473098330249, 0.05661974177426071, 0.05925294624892201, 0.06321598639455828, 0.06668934240362856, 0.07028243440233237, 0.07438265306122448, 0.07896326530612265, 0.08328618889416255, 0.08901205936920221, 0.09409042386185243, 0.09876138147566733, 0.10560680272108842, 0.11445238095238089, 0.12223316326530628, 0.12883452840595677, 0.1389897959183674, 0.15433024118738406, 0.16698273155416024, 0.17211078717201037, 0.196]",4.8,25,-2.4,0.33,0.325
81,"[0.002, 0.002556586270871985, 0.003261026991441737, 0.00454476629361422, 0.0053190518443402245, 0.005813411078717211, 0.006943828960155489, 0.008259600614439309, 0.009214693877551028, 0.010701330967169444, 0.01208479943701617, 0.013315597667638493, 0.01444204081632652, 0.01684620991253641, 0.01794107142857147, 0.01899836734693884, 0.0213262585034014, 0.023413565426170502, 0.026009464655427444, 0.027458975426905497, 0.02978937235271472, 0.032602040816326665, 0.03398693877551025, 0.03638435374149682, 0.03947659063625454, 0.042055918367346935, 0.044222179437812856, 0.046603388525221404, 0.04939382239382241, 0.053125933300149385, 0.0554661123708743, 0.0575803016858921, 0.06309457441513201, 0.06621823568136942, 0.07000218658892136, 0.07353896103896111, 0.0774455140546785, 0.08215940430226149, 0.0882052821128449, 0.09203752468729437, 0.09771333649738963, 0.10383090379008754, 0.11202304147465428, 0.11977806122449017, 0.12904638218923928, 0.13860544217687124, 0.15273795918367325, 0.1635042791310074, 0.1715926530612244, 0.191]",4.8,25,-2.4,0.328,0.323
82,"[0.003, 0.0034280138284822253, 0.003856027656964426, 0.004618804664723065, 0.005544777911164462, 0.006466266506602645, 0.007749072356215157, 0.008782392026578077, 0.010124759337697293, 0.011354875283446704, 0.012263185793798015, 0.013539795918367391, 0.015331519274376423, 0.017198217217921655, 0.018504201680672277, 0.020608022519352582, 0.022032653061224504, 0.02406150027578599, 0.02636577708006274, 0.028289702087731662, 0.03050278293135435, 0.032112956810631255, 0.03364812376563527, 0.036798551678736045, 0.0385703544575725, 0.041587540279269704, 0.04455320699708448, 0.04735875402792695, 0.04910357142857143, 0.052597667638483996, 0.05579991126885531, 0.05935797021511293, 0.062240485383342814, 0.0656226862838159, 0.0695762876579203, 0.073017857142857, 0.07739625850340198, 0.08148326530612243, 0.0880065832784726, 0.09151380552220947, 0.09720244897959214, 0.10306938775510213, 0.11036293436293439, 0.11732389730085571, 0.12564364207221387, 0.13644897959183722, 0.14722712310730754, 0.1569338775510207, 0.16866718995290472, 0.185]",4.8,25,-2.4,0.316,0.312
83,"[0.003, 0.003520613614573345, 0.004079262672811056, 0.0050801843317972335, 0.006039783001808346, 0.006530741410488269, 0.007081632653061292, 0.008928571428571489, 0.009631961259079919, 0.010620779220779232, 0.012350340136054423, 0.01370824949698196, 0.015088669950738999, 0.016871921182266048, 0.018535211267605645, 0.020188571428571476, 0.021725274725274756, 0.0240285714285714, 0.025750503018108682, 0.026880252100840347, 0.030119691119691136, 0.03195744680851065, 0.03373727422003289, 0.035607973421926925, 0.03903647416413372, 0.04121832884097049, 0.04373732718894019, 0.046185714285714344, 0.04860714285714297, 0.05142091836734697, 0.05535944700460849, 0.05762126245847184, 0.05998701298701304, 0.06507428571428571, 0.06795626822157452, 0.0705744680851064, 0.07558285714285731, 0.0807142857142853, 0.08366820276497691, 0.08872811059907847, 0.09438248847926267, 0.09940476190476207, 0.10660000000000071, 0.11517492711370281, 0.12148571428571461, 0.12771428571428578, 0.1421658163265307, 0.1541362126245847, 0.15849624060150386, 0.179]",4.8,25,-2.4,0.307,0.303
84,"[0.003, 0.003518477661334787, 0.004076494933637784, 0.005149707435421692, 0.006147581254724116, 0.006858087679516229, 0.007818775510204042, 0.008568854568854575, 0.009515670553935844, 0.010885932944606434, 0.012421968787515029, 0.014312221440300204, 0.01558520408163265, 0.017643434732383417, 0.01902539682539683, 0.019878004535147386, 0.021528312733544157, 0.023979591836734728, 0.025839569160997715, 0.027944842801985746, 0.029810495626822125, 0.031819407008086296, 0.033744500397561675, 0.036390512961941526, 0.03847128618889419, 0.04113336497389652, 0.043437129690585934, 0.04593211162015828, 0.048312668463611846, 0.05241367898510758, 0.054550445530324856, 0.05686734693877554, 0.06062936142198844, 0.06408769994484285, 0.06682891880156319, 0.07093050193050203, 0.07530565862708723, 0.07938647959183684, 0.08413292884721466, 0.08927332361516052, 0.0933127057274523, 0.09768244897959177, 0.10496911196911214, 0.11139957035445774, 0.11927158555729997, 0.13043440233236148, 0.13771183673469387, 0.15106649111257456, 0.15882122448979635, 0.172]",4.8,25,-2.4,0.309,0.304
85,"[0.002, 0.0027847400266639254, 0.003569480053327895, 0.0044461379488504515, 0.005434513045724624, 0.006211444071299426, 0.006705631619736512, 0.007631428571428585, 0.00856812439261423, 0.009808264046359339, 0.011276077097505671, 0.011999055177626658, 0.01417171006333572, 0.01575085034013605, 0.01681274131274134, 0.019299067775258263, 0.020244897959183685, 0.023005170068027263, 0.02410204081632665, 0.026218564845292967, 0.027871548619447812, 0.030469387755102082, 0.032228926353149966, 0.035139120436907215, 0.0372929171668668, 0.04018001046572475, 0.04145556287030937, 0.043702420503085, 0.04688921282798846, 0.05010292812777279, 0.05166033309875678, 0.05495260039499685, 0.059391465677180004, 0.061692346938775476, 0.06451762523191112, 0.06840816326530617, 0.07277437641723387, 0.07611675367821542, 0.08068541562966647, 0.08587841333716581, 0.0889622892635314, 0.09608979591836742, 0.10412781954887221, 0.10781750392464685, 0.11638556851311954, 0.1248775510204083, 0.13569608383894116, 0.14719346938775515, 0.15368602825745725, 0.169]",4.8,25,-2.4,0.297,0.294
86,"[0.003, 0.0034587559574728094, 0.003917511914945645, 0.004479669730487635, 0.005121568051681114, 0.006223902510644534, 0.007202441690962117, 0.007886479591836734, 0.009300968872397475, 0.010848690991548225, 0.011768027210884359, 0.01328125733051842, 0.015063654033041786, 0.01597570456754134, 0.017525714285714342, 0.01964648526077098, 0.02202896642527982, 0.02322789115646262, 0.024356278104462132, 0.026796867584242875, 0.029602040816326638, 0.03081755593803786, 0.03281251700680271, 0.03528951919750956, 0.03716790352504631, 0.0400816326530612, 0.04169054560599739, 0.04451058914131692, 0.047212624584717554, 0.04897170686456398, 0.05255078310393923, 0.0549989258861439, 0.059477324263038533, 0.06210994075049396, 0.06402400960384129, 0.06880184331797207, 0.07253291639236341, 0.07634364713627383, 0.08022376093294445, 0.08367193877551024, 0.08883673469387753, 0.09322040816326545, 0.10049539170506912, 0.10545306122448965, 0.1140426716141002, 0.12379591836734621, 0.13236983573917363, 0.1430934479054778, 0.14684633853541376, 0.165]",4.8,25,-2.4,0.291,0.287
87,"[0.002, 0.003055633212188976, 0.004082044939187787, 0.0048604411461554585, 0.005345600535296105, 0.0057667001226720405, 0.00673908272986622, 0.008148617511520765, 0.008770078999341702, 0.009606887755102092, 0.011721216788602367, 0.012749177090190947, 0.013790216086434602, 0.016132377275234432, 0.0172073732718894, 0.019595335276967926, 0.020551020408163263, 0.0218350340136055, 0.024136514065085473, 0.025263265306122468, 0.028504489795918384, 0.03032872503840248, 0.03198595567259163, 0.03393092621664052, 0.03595918367346945, 0.03955136630923557, 0.04145291369559874, 0.04293097238895564, 0.045903361344537874, 0.04898931000971824, 0.052128068618751855, 0.05393877551020403, 0.057558367346938755, 0.060250728862973786, 0.06370408163265298, 0.06724571428571424, 0.07014219881501002, 0.07427712137486558, 0.07901920768307308, 0.08411858797573092, 0.08583865999229881, 0.09263401360544225, 0.09855612244897972, 0.1046482277121375, 0.11179426365140642, 0.12076417233560101, 0.1295239332096475, 0.14127510204081625, 0.14820730397422122, 0.162]",4.8,25,-2.4,0.283,0.279
88,"[0.002, 0.003148669594420063, 0.0036327822268147855, 0.004297893350888819, 0.005531599736668925, 0.006289323046291707, 0.0067557242409158925, 0.007587557603686711, 0.008909256559766805, 0.010280148423005578, 0.011358232613433716, 0.012259693877550982, 0.01411656866136288, 0.015594325535092135, 0.017392026578073143, 0.01862156714537667, 0.019996450754214804, 0.022405023547880747, 0.023640954686959578, 0.02547482993197278, 0.02783591836734701, 0.028922779922779942, 0.03179358600583102, 0.03373163265306131, 0.035731692677070805, 0.038563834836260184, 0.040055957867017905, 0.04314818101153507, 0.04552100840336139, 0.04770821842250428, 0.0506209912536445, 0.053775510204081965, 0.056223129251700976, 0.06002326530612251, 0.06278406846609588, 0.0654675324675326, 0.06987540279269656, 0.07312197437114393, 0.07787711680416855, 0.08306952611553102, 0.08596289424860891, 0.09085487528344682, 0.096594684385382, 0.10323547880690706, 0.10992408163265303, 0.1187638483965017, 0.127370612244898, 0.13689115646258534, 0.14390040816326552, 0.159]",4.8,25,-2.4,0.281,0.277
89,"[0.0, 0.003611734693877541, 0.005084548104956281, 0.005417000728862983, 0.005749453352769686, 0.006352825745682965, 0.007971817298347927, 0.009225077081192183, 0.009760828072236105, 0.010698720166032525, 0.012303307529908538, 0.013507623739150881, 0.015159822965330768, 0.01695426604376689, 0.018379509379509416, 0.02024198250728884, 0.02159384110787172, 0.022783232211803756, 0.024527562749237675, 0.02678689167974883, 0.02778256487780304, 0.030588744588744644, 0.032042791310072406, 0.034275918367347044, 0.03604774740084721, 0.03861445118587978, 0.04158010204081649, 0.043680549770928875, 0.04650310559006212, 0.04832339089481955, 0.05016163265306127, 0.05375951461665767, 0.05575051020408176, 0.059418159100374755, 0.061734308817866956, 0.06636866359447027, 0.06953206997084552, 0.07344727891156472, 0.07735673469387767, 0.0813745885450953, 0.0841820408163265, 0.0908023630504838, 0.09523552123552118, 0.10154227405247812, 0.10736632653061237, 0.11501883830455185, 0.12152276295133453, 0.13296489795918393, 0.1389638932496077, 0.154]",4.8,25,-2.4,0.27,0.268
90,"[0.002, 0.0027462419113987056, 0.003492483822797411, 0.004197333772218598, 0.004814186965108651, 0.005769050066069627, 0.006869622669211587, 0.007518681318681358, 0.008154648526077142, 0.009010465724751443, 0.010971742543171088, 0.012064525810324115, 0.013459912536443203, 0.015327130852340963, 0.016158730158730223, 0.01770397856112146, 0.019159955874241626, 0.02035374149659876, 0.02224237843285472, 0.02424679639297592, 0.026825445071645748, 0.028007142857142984, 0.030131554160125643, 0.03215510204081632, 0.03510895325872288, 0.036720166032514816, 0.038968367346938836, 0.04136516034985428, 0.04313289036544848, 0.04616020408163275, 0.048891711786755554, 0.05179114198871042, 0.05437205651491378, 0.05731397174254328, 0.060094752186588905, 0.06410285714285717, 0.06686074429771965, 0.07122806122448984, 0.07443849972421412, 0.07820888355342151, 0.08147732426303854, 0.08692346938775551, 0.09241244239631331, 0.09802040816326453, 0.10395325872284385, 0.11189115646258539, 0.11834371643394218, 0.13033673469387766, 0.1364204081632655, 0.151]",4.8,25,-2.4,0.265,0.262
91,"[0.002, 0.0028783767842397233, 0.0037567535684794465, 0.004384187241330108, 0.004915513058370194, 0.005687074829931983, 0.006704925579254281, 0.007847475832438252, 0.008587827988338192, 0.009402923331494749, 0.010815279958137062, 0.012437875150060016, 0.013674198250728848, 0.015241606319947377, 0.01639915966386557, 0.017226059654631143, 0.018828176431863172, 0.020843682153712642, 0.022781053162005616, 0.02471924986210707, 0.025923828686404173, 0.02808294930875586, 0.030082581869957336, 0.033204656510491565, 0.0342747916067836, 0.0362889366272825, 0.03878625134264242, 0.04094777911164469, 0.04344700460829497, 0.04585669920141968, 0.04844291230005536, 0.052173140223831724, 0.05418367346938788, 0.05737306122449005, 0.05888685474189679, 0.06389010989011039, 0.06722448979591882, 0.07049959183673504, 0.07359601113172548, 0.07812090874085484, 0.08209863945578263, 0.08586297376093313, 0.09236474164133743, 0.09824489795918369, 0.10256743566992026, 0.11121088435374138, 0.11832356813693219, 0.12675340136054414, 0.13384772370486694, 0.146]",4.8,25,-2.4,0.255,0.252
92,"[0.003, 0.0034804476629361376, 0.003960895325872304, 0.004373815099810425, 0.0047807516449202645, 0.005528414442700177, 0.0066900208902458454, 0.007862767154105724, 0.008517756708982818, 0.009304011259676264, 0.011010204081632599, 0.012162801484230112, 0.013737895158063236, 0.015171221030785158, 0.01652186588921283, 0.017531675170068015, 0.01918040816326526, 0.020870638578011858, 0.022530612244897972, 0.02442527010804322, 0.025599792459356664, 0.02737451737451738, 0.030166326530612103, 0.0319795918367347, 0.0344632653061224, 0.03602443230813451, 0.037743440233236406, 0.04014756671899531, 0.041685064935064874, 0.044768707482992894, 0.04578582400702212, 0.05076584317937713, 0.052767916468913274, 0.05515918367346902, 0.058132928847214646, 0.06075765306122454, 0.06413404452690166, 0.0679334049409234, 0.07166693877551045, 0.07361849229487698, 0.07692501186521118, 0.08298354180381833, 0.0877012987012985, 0.0924942486085343, 0.09622108843537411, 0.10400644468313615, 0.10994169096209847, 0.11967346938775565, 0.12501711652402897, 0.138]",4.8,25,-2.4,0.255,0.252
93,"[0.0, 0.0033317972350229907, 0.00408953722334004, 0.004616700201207222, 0.005291836734693863, 0.0063612244897958935, 0.007271557271557276, 0.007945945945945913, 0.008614795918367314, 0.009704761904761884, 0.011243697478991534, 0.012300366300366307, 0.013285714285714267, 0.014652509652509704, 0.01624271844660194, 0.016969486823855736, 0.01890857142857141, 0.020642857142857116, 0.022051020408163216, 0.02441399416909617, 0.026252976190476174, 0.027812499999999973, 0.03060714285714254, 0.03177112135176651, 0.03360219780219771, 0.03586554621848737, 0.03809652509652493, 0.03993778801843319, 0.04244117647058814, 0.045092857142857004, 0.047714285714285785, 0.050551307847082505, 0.0531793313069908, 0.05630501930501933, 0.057722689075630294, 0.06087755102040809, 0.06478316326530607, 0.06827976190476161, 0.07185714285714298, 0.074569573283859, 0.07945142857142856, 0.08372571428571406, 0.08816216216216201, 0.09272402597402592, 0.09944239631336395, 0.10462030075187971, 0.1127922077922077, 0.12288095238095212, 0.12847252747252758, 0.138]",4.8,25,-2.4,0.25,0.247
94,"[0.003, 0.0033708830066680145, 0.003741766013336029, 0.004175039246467817, 0.004751334379905793, 0.005595690024261415, 0.006643499357785038, 0.007696177062374225, 0.009111394557823128, 0.010254057528523224, 0.010843965932829821, 0.011810324129651838, 0.013738581146744403, 0.015243764172335604, 0.016142857142857164, 0.01770365646258501, 0.01882018753447327, 0.02067139398132135, 0.02263325330132051, 0.024289511153298554, 0.025837119753561844, 0.027791505791505834, 0.029748932130991973, 0.03162124849939982, 0.033370486656200814, 0.03587836734693864, 0.03779554730983294, 0.03988927485887964, 0.041489795918367246, 0.044342136854741754, 0.0474919825072886, 0.04978070500927644, 0.05244775510204076, 0.05583236151603485, 0.05789146567717998, 0.06155714285714276, 0.06392122448979597, 0.0678791836734693, 0.07164405762304916, 0.07620408163265299, 0.07921521335807036, 0.08265224489795907, 0.08886285714285717, 0.09320191055145453, 0.09743179377013972, 0.10561054421768697, 0.11140195208518174, 0.12111385606874332, 0.126904081632653, 0.139]",4.8,25,-2.4,0.246,0.243
95,"[0.002, 0.0027742543171114797, 0.0035485086342229135, 0.004160558100791342, 0.004545710120783018, 0.004930862140774693, 0.006290391156462549, 0.007267281105990777, 0.007754312047399612, 0.008779336734693858, 0.01025996860282577, 0.011385743029606236, 0.012393550012597659, 0.013850559578670164, 0.015369047619047626, 0.01619334049409248, 0.017905792620078347, 0.02011514235323758, 0.021136297376093384, 0.023448194662480455, 0.02587183673469388, 0.02726850258175562, 0.0285575664227956, 0.031219023323615144, 0.03282480784521603, 0.03497564186965114, 0.036481049562682374, 0.03883422291993723, 0.040749128919860655, 0.043267006802721365, 0.04549637919684048, 0.048077988338192774, 0.05160349854227391, 0.05439717425431716, 0.05674802165764263, 0.05940571428571433, 0.06310070984915711, 0.06573969179508563, 0.07017870932156663, 0.07262456680785516, 0.07578120550545794, 0.08128326530612244, 0.08722556390977444, 0.09151020408163299, 0.09642204081632677, 0.10367006802721174, 0.11030743910467403, 0.1186954474097327, 0.1242127551020408, 0.135]",4.8,25,-2.4,0.245,0.241
96,"[0.0, 0.0031176698527512264, 0.003589770085249304, 0.004150392464678185, 0.00514561914991563, 0.005706460027620078, 0.006271381835176818, 0.0068407851690294764, 0.00788817675830666, 0.009170384432842873, 0.010313857801184987, 0.010915404871626054, 0.013039661147477918, 0.014213458356315507, 0.014885456885456881, 0.017261674161189903, 0.017893808370805956, 0.019694662480376785, 0.021521193092621654, 0.022809671694764815, 0.025397031539888697, 0.026575396825396797, 0.028492217225873407, 0.03028681742967459, 0.03263403666551356, 0.03435349854227406, 0.03730330752990852, 0.03832510678690084, 0.04154227405247814, 0.04360341974627671, 0.04623510204081632, 0.04922048104956273, 0.0508361831218975, 0.05380972388955578, 0.05600644468313616, 0.058654986522911, 0.06218992086630584, 0.065299843014129, 0.06890527531767413, 0.07218027210884287, 0.07657387755101983, 0.07997764820213726, 0.0846020408163266, 0.0912013237727523, 0.0946929356357927, 0.10218169848584568, 0.10720897959183653, 0.1161876234364713, 0.12190136054421744, 0.134]",4.8,25,-2.4,0.233,0.232
97,"[0.0, 0.003178302900107419, 0.003732545649838888, 0.004255992329817838, 0.004750719079578149, 0.005562637362637393, 0.006595864661654162, 0.007565789473684232, 0.008363520408163275, 0.00906841046277668, 0.01108716707021795, 0.012213517665130588, 0.013010781671159051, 0.014478330658105968, 0.016461538461538725, 0.017860829493087583, 0.018811981566820284, 0.019953917050691255, 0.021521008403361457, 0.023971428571428602, 0.02542680776014113, 0.027400000000000143, 0.029366576819407107, 0.03189495798319332, 0.03283503401360546, 0.03451868131868133, 0.036913265306122586, 0.03859907834101368, 0.041227272727272626, 0.04359758551307839, 0.045336405529953924, 0.048623552123552134, 0.0522393822393823, 0.054627551020408185, 0.057331797235023185, 0.0595945945945946, 0.062336134453781694, 0.06546543778801843, 0.06886872586872606, 0.07135562310030406, 0.07534219269103033, 0.08069047619047624, 0.08475000000000016, 0.08916785714285717, 0.09473109243697501, 0.10160571428571441, 0.10780730897009987, 0.1152337662337664, 0.1205314285714289, 0.132]",4.8,25,-2.4,0.235,0.232
98,"[0.0, 0.0031530612244897917, 0.0037577353522053776, 0.004237771298995788, 0.004634488716121358, 0.005065532879818599, 0.005898639455782302, 0.0069614181438999116, 0.008051847766133461, 0.009065085493656921, 0.010089167974882216, 0.011239022881880013, 0.01257570004746078, 0.013675413022351807, 0.014481962481962466, 0.01584620991253642, 0.017812827988338196, 0.01940816326530608, 0.020755102040816365, 0.021870957613814777, 0.024346485260770986, 0.025876373626373617, 0.028350019252984263, 0.02982715535193667, 0.030886802721088465, 0.03414175399889683, 0.03533733493397368, 0.03728383045525902, 0.0398202764976959, 0.042206279434850814, 0.0438352769679298, 0.04673337722185622, 0.049805544859453134, 0.05256029684601111, 0.055160791589363115, 0.058225563909774444, 0.06125602968460111, 0.06396487897484582, 0.06769202226345108, 0.06984059569773854, 0.07395091009376728, 0.07858754027926994, 0.08296571428571439, 0.08839104674127697, 0.09310006583278461, 0.09784013605442175, 0.10326201448321275, 0.11292326530612205, 0.1171942067149439, 0.129]",4.8,25,-2.4,0.224,0.222
99,"[0.0, 0.0017651415404872086, 0.0032774476879359245, 0.0042009816584861895, 0.005075667189952923, 0.005636891679748825, 0.006306608357628795, 0.007175170068027211, 0.008034013605442196, 0.00870956160241877, 0.011040357716120146, 0.011860123824810822, 0.012720359572400409, 0.01379789335088876, 0.015342857142857163, 0.017172642029784864, 0.018756195335276976, 0.019706025267249776, 0.020652233866519563, 0.02368441289559303, 0.024691671263099867, 0.027001930501930504, 0.027987865416436865, 0.030355729984301475, 0.03188170183327567, 0.03388066413005884, 0.03564417379855167, 0.03746246355685134, 0.04049769585253459, 0.04252154195011347, 0.04399546485260774, 0.047596683673469434, 0.04988546438983794, 0.0524726793943384, 0.05455572998430187, 0.05689537223340044, 0.059732327713694196, 0.06352226345083481, 0.06633706385780117, 0.06852215032354414, 0.07352797893350896, 0.07906287920573628, 0.08208294930875623, 0.086, 0.09043690129112851, 0.09667573696145139, 0.10293943383805133, 0.10951360544217621, 0.11408163265306145, 0.126]",4.8,25,-2.4,0.218,0.216
100,"[0.0, 0.003099222952779442, 0.0034076509264793797, 0.003716078900179317, 0.004094470046082934, 0.005283410138248838, 0.006263835263835263, 0.006927927927927935, 0.00793877551020411, 0.008991836734693923, 0.010138996138996183, 0.011747448979591851, 0.013034013605442206, 0.01373605442176874, 0.015137931034482842, 0.016832512315270994, 0.018037593984962484, 0.01965162907268175, 0.020944862155388513, 0.022599647266313975, 0.024032142857142925, 0.026478260869565267, 0.028876010781671235, 0.0297572964669739, 0.032047619047619144, 0.03402142857142851, 0.03565229110512137, 0.0374495798319328, 0.03976595744680848, 0.04228957528957528, 0.04489714285714299, 0.046941690962099186, 0.04969102990033249, 0.05262755102040813, 0.05442857142857163, 0.05809333333333335, 0.06022619047619061, 0.06319428571428574, 0.06749501661129582, 0.07003234501347716, 0.0739732142857145, 0.0784478764478764, 0.0827368421052633, 0.08821658986175118, 0.09022959183673497, 0.09748847926267293, 0.10418857142857203, 0.11117250673854451, 0.11536679536679585, 0.125]",4.8,25,-2.4,0.229,0.225
