0,1,2,3,4
0.21352959,0.1762776,0.18845913,0.21419351,0.20754017
0.21361613,0.16552407,0.18986319,0.21636313,0.21463351
0.21518195,0.1561607,0.19133383,0.21644671,0.22087683
0.21688585,0.15256776,0.18939263,0.21948847,0.2216653
0.21690276,0.15351929,0.18962725,0.21810624,0.22184443
0.21210013,0.17364544,0.18970287,0.21453108,0.21002047
0.21180207,0.1702745,0.1893324,0.21504034,0.21355069
0.21536742,0.15645766,0.19060631,0.21541916,0.22214949
0.21238078,0.16880238,0.18949325,0.21397026,0.21535333
0.21584031,0.15139414,0.19014364,0.21728304,0.22533886
0.21213782,0.16749987,0.19115323,0.21541315,0.2137959
0.21368228,0.1683028,0.18777601,0.2174465,0.21279235
0.21363002,0.16359957,0.18970077,0.21499178,0.21807785
0.21286099,0.16858609,0.18897393,0.21270159,0.21687742
0.21728532,0.1490937,0.18803121,0.22072902,0.22486073
0.21524759,0.16389534,0.1918353,0.21164995,0.21737179
0.21367076,0.16364463,0.18946803,0.2187706,0.21444602
0.21294096,0.16819502,0.1877101,0.21643244,0.21472144
0.21246187,0.16794907,0.18978435,0.21349204,0.2163127
0.21157667,0.17217273,0.19021752,0.21134585,0.21468724
0.2133783,0.16286494,0.19236065,0.21355882,0.2178373
0.21221468,0.16969275,0.18980423,0.21336326,0.21492507
0.2138918,0.1673994,0.18876165,0.2124603,0.21748683
0.2158434,0.15675442,0.18972228,0.21590152,0.22177838
0.21459587,0.15969522,0.18946794,0.21420906,0.22203188
0.2124253,0.17009492,0.1902703,0.213713,0.21349646
0.21247737,0.17236488,0.18970048,0.21034312,0.21511415
0.21230812,0.16934048,0.19000539,0.21024433,0.21810168
0.21638152,0.15286106,0.19053395,0.215516,0.22470751
0.21221027,0.16911374,0.18893598,0.21284086,0.21689917
0.21141346,0.1772203,0.19138893,0.20737065,0.21260668
0.21123333,0.17539942,0.18807529,0.21248738,0.21280456
0.21395919,0.16509695,0.18749726,0.21574707,0.21769951
0.21054642,0.177533,0.18734832,0.21252725,0.21204501
0.21248285,0.17073484,0.18946108,0.21092604,0.2163952
0.21130116,0.17542918,0.19151834,0.20857374,0.21317753
0.20978759,0.18051139,0.1893558,0.20981118,0.21053404
0.20899369,0.18536422,0.18946843,0.2068023,0.20937133
0.21204597,0.17714031,0.18845303,0.20875163,0.21360911
0.2137703,0.16854218,0.18765062,0.21397,0.21606691
0.2096189,0.18656121,0.19064574,0.20522848,0.2079457
0.21034415,0.18044789,0.18765879,0.21126625,0.21028295
0.21131332,0.17739639,0.18735373,0.2125698,0.21136673
0.2127768,0.17326039,0.18692929,0.21136262,0.21567088
0.21490741,0.16781537,0.18561272,0.21580242,0.21586204
0.21113077,0.17750028,0.18839708,0.21211874,0.21085319
0.21074408,0.18360595,0.18663384,0.21050724,0.20850891
0.20905732,0.18989865,0.18641871,0.20850727,0.20611808
0.2121861,0.17975603,0.18759702,0.20901997,0.2114409
0.20923819,0.18794721,0.18676805,0.20799574,0.2080508
0.20812875,0.19182235,0.18899584,0.20758978,0.20346326
0.20727727,0.1963079,0.18763842,0.20527884,0.20349754
0.20816424,0.19293638,0.18669711,0.20728253,0.20491974
0.20766106,0.1947867,0.18759185,0.20579988,0.20416054
0.20991507,0.19051678,0.18447782,0.2092757,0.20581466
0.21001698,0.19021134,0.18669418,0.20931947,0.20375805
0.20727177,0.19263472,0.18832548,0.20776415,0.20400383
0.20665406,0.19673233,0.1855019,0.20802784,0.20308387
0.20677939,0.1986037,0.18671377,0.20621985,0.20168325
0.20648162,0.19817172,0.18689631,0.20652826,0.20192206
0.20725778,0.1943695,0.18912885,0.2068413,0.20240262
0.20702127,0.19697629,0.18611674,0.2088713,0.2010144
0.20713134,0.19654424,0.18594673,0.20908722,0.20129046
0.2085756,0.19414157,0.18423916,0.2103373,0.20270637
0.20848903,0.19527574,0.18576683,0.2077326,0.20273578
0.20728622,0.19957042,0.18680482,0.20747949,0.19885907
0.2060862,0.20086712,0.18664144,0.20645878,0.1999465
0.20588076,0.20128915,0.18559599,0.20794167,0.19929245
0.2049885,0.20485188,0.18514821,0.20609301,0.19891843
0.20703918,0.20164676,0.18516366,0.20590621,0.2002442
0.20748909,0.1966446,0.18631385,0.20979208,0.19976039
0.20510094,0.2037064,0.1859476,0.20718914,0.19805591
0.20622,0.20285775,0.1868027,0.20431025,0.19980936
0.2058575,0.2049744,0.18339807,0.20846848,0.19730154
0.20551707,0.20306684,0.18535385,0.20656446,0.1994978
0.20483133,0.2057431,0.18641336,0.20725633,0.19575584
0.20263022,0.2096091,0.18607435,0.20567457,0.19601175
0.20397069,0.20790297,0.18628466,0.20443122,0.19741048
0.20370756,0.20909393,0.18427244,0.20672874,0.19619733
0.2033392,0.20733775,0.18389809,0.20852292,0.19690202
0.20540558,0.20708422,0.18592879,0.2065424,0.195039
0.20379525,0.20923288,0.18465447,0.20657852,0.19573882
0.20317031,0.2086497,0.18511437,0.2067097,0.19635595
0.20329985,0.20818211,0.18684982,0.20419382,0.19747445
0.20390823,0.20716475,0.1847285,0.20728031,0.19691822
0.20442066,0.20954771,0.18694568,0.2047783,0.19430764
0.20231116,0.20954867,0.18618657,0.20644341,0.19551016
0.20414108,0.20605223,0.18414234,0.20936023,0.19630413
0.20818628,0.2070077,0.18571942,0.20725058,0.19183601
0.20248668,0.21181585,0.1853804,0.2044325,0.19588451
0.20260185,0.20913382,0.18584934,0.20816462,0.19425039
0.20693848,0.20808963,0.18549375,0.20793559,0.19154252
0.20102146,0.21356225,0.18701221,0.20273654,0.19566756
0.2093479,0.20663035,0.18453129,0.2080544,0.19143604
0.20445675,0.20966493,0.1830755,0.2066712,0.19613168
0.202921,0.21351081,0.18665369,0.20434947,0.19256496
0.2027799,0.2127741,0.18790495,0.20409743,0.1924436
0.20098045,0.21454416,0.18568748,0.20390484,0.19488302
0.20624076,0.2092881,0.18451199,0.20822237,0.19173683
0.20713265,0.2116899,0.18302713,0.20741202,0.19073832
0.20224684,0.21317372,0.18534909,0.20695823,0.19227214
0.20381472,0.20998044,0.1870604,0.2069634,0.19218102
0.20285454,0.21557803,0.18774754,0.20150107,0.19231884
0.20757537,0.20844762,0.18557034,0.20659162,0.19181511
0.2065395,0.21176325,0.18335634,0.20757617,0.19076477
0.20132215,0.2134922,0.1856105,0.20738223,0.19219288
0.20137772,0.21173486,0.18740544,0.2060865,0.1933955
0.20513073,0.21242693,0.18549657,0.2053358,0.19160992
0.20578848,0.21117248,0.18179202,0.2106921,0.19055493
0.20443925,0.21251409,0.1831959,0.20865256,0.1911982
0.2008631,0.21240757,0.1872946,0.20615493,0.19327983
0.19994752,0.21605532,0.18733937,0.20369825,0.19295953
0.2047715,0.21121384,0.18502161,0.20721483,0.1917782
0.20402691,0.21420376,0.18431345,0.20603417,0.1914217
0.20651868,0.21183895,0.18493804,0.20510156,0.19160278
0.20039286,0.21453834,0.18839921,0.20300572,0.19366392
0.20134255,0.21065241,0.18777844,0.20619307,0.19403349
0.20465884,0.21209404,0.18550956,0.20569108,0.19204645
0.2049129,0.20934281,0.1863814,0.2060044,0.19335851
0.20170987,0.21695794,0.18617938,0.20297655,0.19217622
0.1992848,0.21371293,0.18814518,0.20465508,0.19420208
0.20039982,0.21098709,0.18787034,0.20632738,0.19441539
0.20093326,0.21257141,0.18745115,0.20509918,0.19394499
0.20185485,0.21391284,0.18630606,0.20513983,0.19278643
0.20172389,0.21601413,0.18492678,0.20520613,0.19212909
0.20101999,0.21026002,0.18684703,0.20912054,0.19275245
0.19947635,0.21317603,0.18710233,0.20624949,0.19399583
0.2031115,0.21317889,0.18524747,0.20575646,0.19270575
0.20207885,0.2151979,0.18580778,0.20417377,0.19274166
0.20261712,0.2122852,0.1849804,0.20733675,0.19278055
0.19984427,0.21070799,0.18834421,0.20722495,0.19387855
0.19931185,0.2117885,0.18784541,0.20570609,0.19534816
0.20182753,0.21459584,0.18536831,0.20503148,0.19317682
0.20435795,0.21299452,0.18346162,0.2069433,0.19224261
0.20317318,0.21243747,0.18443865,0.20718154,0.19276917
0.19867082,0.21214342,0.1878278,0.20751923,0.19383872
0.19846596,0.21293944,0.18839994,0.20484619,0.1953485
0.19916025,0.21868749,0.18826774,0.19998455,0.19389996
0.20218556,0.2125275,0.18638682,0.20517299,0.19372714
0.20496592,0.21000585,0.18408999,0.20831254,0.19262573
0.19925614,0.21023956,0.18791287,0.20863768,0.19395374
0.19983496,0.2130181,0.18829957,0.20413412,0.19471322
0.20101872,0.21469434,0.18624447,0.20462236,0.19342013
0.20367062,0.21217114,0.18537238,0.20595,0.19283587
0.20345767,0.21326394,0.18392786,0.20692652,0.19242401
0.19865173,0.21227884,0.18711561,0.20820926,0.19374456
0.1993667,0.2097752,0.18845777,0.20632489,0.19607541
0.20180409,0.21148121,0.1872137,0.20491369,0.19458729
0.20261854,0.2159899,0.1853926,0.20344916,0.19254977
0.20700891,0.2091974,0.1823755,0.20970327,0.1917149
0.19804598,0.2089066,0.18997863,0.20714171,0.19592708
0.20052096,0.21192105,0.1872842,0.20562893,0.19464487
0.19991116,0.21305323,0.1878221,0.20426326,0.19495024
0.19988792,0.21688826,0.18597437,0.20386192,0.19338754
0.20427422,0.21144289,0.18398967,0.20754977,0.19274344
0.20030753,0.20899227,0.18535924,0.2118816,0.19345939
0.19941342,0.21273763,0.18686236,0.20611212,0.19487451
0.20244573,0.21163385,0.18572064,0.20631121,0.19388859
0.20443563,0.21004081,0.18286386,0.21011683,0.1925429
0.20155044,0.21177062,0.18653044,0.20605093,0.19409762
0.19820355,0.2100326,0.18995872,0.20584705,0.19595808
0.19961181,0.21193951,0.18806855,0.2048312,0.19554886
0.19996953,0.21434279,0.18640183,0.20507807,0.19420776
0.20447737,0.20931247,0.18520962,0.20727074,0.1937298
0.20491743,0.21195996,0.18228115,0.2085952,0.1922463
0.19817814,0.21021122,0.18713684,0.20937565,0.19509816
0.19885767,0.21308444,0.18768911,0.20502621,0.19534257
0.2012657,0.2112687,0.18546078,0.20780624,0.1941986
0.205511,0.21206635,0.18158671,0.20965469,0.19118127
0.20600006,0.20913205,0.18303913,0.20961542,0.19221328
0.19818313,0.20833904,0.18772209,0.21026427,0.19549151
0.19956857,0.21283264,0.18753526,0.2048665,0.19519705
0.20146643,0.21105106,0.18754429,0.2047614,0.19517684
0.20345584,0.21231543,0.18483612,0.20627378,0.19311886
0.2027468,0.21620123,0.18288165,0.20641172,0.19175862
0.1972956,0.20925713,0.18900299,0.20821142,0.19623283
0.19975011,0.21068573,0.18780385,0.20636496,0.19539532
0.20105676,0.21357977,0.18577658,0.20585006,0.19373685
0.20342487,0.21263905,0.18494095,0.2061443,0.19285081
0.20545182,0.21323434,0.18178858,0.20832291,0.19120237
0.19813439,0.20932502,0.1875132,0.20979278,0.19523464
0.20138825,0.21102463,0.18507436,0.20864123,0.1938715
0.2061303,0.20943505,0.1834705,0.2083049,0.19265926
0.20558167,0.21235481,0.18185087,0.20902896,0.1911837
0.2024113,0.21348882,0.1849014,0.20628798,0.1929105
0.19744425,0.20870912,0.18797785,0.21006738,0.19580144
0.20214885,0.21064688,0.18615215,0.20692922,0.1941229
0.20639628,0.20622201,0.18410556,0.2104989,0.19277728
0.20484127,0.21051922,0.1840424,0.20819242,0.19240472
0.20712894,0.20928021,0.18218258,0.20965736,0.19175093
0.19534442,0.21038884,0.1896045,0.2077791,0.19688316
0.20183402,0.21054037,0.18630649,0.2069722,0.19434693
0.20513599,0.21087548,0.18342648,0.20865466,0.19190739
0.20552763,0.2083791,0.18438143,0.20879884,0.192913
0.20442791,0.2147693,0.18287252,0.20673399,0.19119626
0.19816838,0.20875938,0.18692182,0.21152705,0.1946234
0.20095235,0.21146563,0.18502572,0.20911752,0.19343878
0.20401439,0.21022752,0.1844696,0.208517,0.19277146
0.20816006,0.20910792,0.18219618,0.20980452,0.19073132
0.20845258,0.20985822,0.1818364,0.20944786,0.1904049
0.1990701,0.20683353,0.18841772,0.21010631,0.19557235
0.20317844,0.20732813,0.18721157,0.20809351,0.19418839
0.20669144,0.21167971,0.18210469,0.20870773,0.19081642
0.20751384,0.20943353,0.1837356,0.20804836,0.19126865
0.20689653,0.21233127,0.1829903,0.20730829,0.1904736
0.19714992,0.20761031,0.18847692,0.2108342,0.19592863
0.2024548,0.21155535,0.18720765,0.20510706,0.19367513
0.20857058,0.20748185,0.18347098,0.2090892,0.19138739
0.21083623,0.20905061,0.18025197,0.21084924,0.18901193
0.21028565,0.20791045,0.18191642,0.21006799,0.18981951
0.19794902,0.20922044,0.18739147,0.21022545,0.19521357
0.20526616,0.20655508,0.18517679,0.20981817,0.19318381
0.20483235,0.21192063,0.18483952,0.2067411,0.1916664
0.20984858,0.20737438,0.18306288,0.208859,0.19085513
0.20971787,0.21032934,0.18067801,0.210071,0.18920383
0.19838557,0.20822823,0.18734579,0.21091622,0.1951242
0.20515521,0.21060777,0.18583575,0.20576242,0.19263884
0.20848194,0.21030007,0.18297613,0.20795186,0.19028996
0.2107182,0.20822495,0.18284911,0.20777237,0.19043538
0.20910756,0.2124238,0.18162797,0.20784697,0.18899374
0.19818397,0.20583819,0.18719652,0.2129284,0.19585294
0.2140616,0.16084968,0.21757583,0.21793252,0.18958038
0.2143895,0.149557,0.19713843,0.21661176,0.2223033
0.21288724,0.15467286,0.19610186,0.21359788,0.22274013
0.21820569,0.13342962,0.19513665,0.22442882,0.22879921
0.21740898,0.13391848,0.19675136,0.22010319,0.231818
0.21396017,0.15673772,0.19320971,0.220366,0.2157264
0.21562162,0.14615898,0.19439298,0.22014901,0.22367744
0.21510808,0.1496972,0.1933496,0.21833481,0.2235103
0.21712527,0.14201057,0.1939869,0.2198862,0.22699106
0.21580654,0.14404435,0.19535439,0.2171689,0.22762583
0.21299598,0.16478258,0.19217092,0.21731038,0.21274011
0.21491207,0.15594324,0.19233389,0.21665108,0.2201597
0.21465743,0.15466611,0.19125533,0.21903275,0.2203884
0.21596816,0.14657702,0.19270122,0.21868064,0.22607292
0.21664949,0.1454271,0.1934627,0.2180222,0.22643852
0.2133675,0.16934118,0.19163828,0.21449786,0.21115519
0.21531643,0.15560846,0.18997213,0.22216138,0.2169416
0.21372096,0.15963121,0.19199911,0.21560475,0.21904391
0.2133862,0.16025336,0.19210297,0.21338147,0.22087601
0.21455207,0.1536498,0.19336337,0.21404989,0.22438487
0.21451572,0.15378259,0.19457687,0.21683982,0.22028503
0.21368699,0.16265328,0.19069278,0.21696642,0.21600053
0.21716215,0.14496544,0.19227163,0.22018628,0.22541451
0.21360588,0.16033013,0.19146305,0.21484096,0.21975997
0.21422584,0.15678088,0.19072042,0.21607324,0.22219959
0.21273391,0.16251597,0.19337739,0.21440925,0.21696351
0.21324109,0.16240992,0.19012845,0.21717718,0.21704334
0.2146508,0.15875353,0.19127864,0.21579655,0.21952045
0.21257268,0.16424559,0.19067618,0.214299,0.21820655
0.21537517,0.15553634,0.19134155,0.2159708,0.22177616
0.21294992,0.16213334,0.19029024,0.21879353,0.21583298
0.2143285,0.15801297,0.19097549,0.21828789,0.21839513
0.2165128,0.15092659,0.19060816,0.21954915,0.22240332
0.21424763,0.15973775,0.19086766,0.21429938,0.22084755
0.21217942,0.16914527,0.19100985,0.21050416,0.21716125
0.2133086,0.16612694,0.1910468,0.21413489,0.21538278
0.21238962,0.16793983,0.19027445,0.2147623,0.2146338
0.21355912,0.16395406,0.19033557,0.21458508,0.21756619
0.21185797,0.16789018,0.18951449,0.21395248,0.2167849
0.21412101,0.1627154,0.1895741,0.21461822,0.21897128
0.21376446,0.15774164,0.19194637,0.21771753,0.21883005
0.21300147,0.16789593,0.18937388,0.21549155,0.21423715
0.21060573,0.17604445,0.18888868,0.2132254,0.21123572
0.21504845,0.16158533,0.18917266,0.21659093,0.21760258
0.2155994,0.15968497,0.18785223,0.21778458,0.21907881
0.21158539,0.16970038,0.19119187,0.21380435,0.21371803
0.21276036,0.16927971,0.18895872,0.21450174,0.21449943
0.21097936,0.17501679,0.188453,0.21320832,0.21234252
0.21097477,0.1765067,0.18950099,0.2117905,0.21122709
0.2123756,0.17259146,0.1873273,0.21363841,0.21406725
0.20859078,0.18435094,0.19006018,0.2102734,0.2067247
0.21240692,0.17377493,0.1867452,0.21654503,0.21052791
0.21317054,0.1732112,0.18719162,0.21340095,0.21302572
0.21235207,0.17237893,0.18779626,0.21518768,0.21228506
0.21120255,0.17639326,0.1892286,0.21109165,0.21208397
0.21261731,0.16815434,0.19011314,0.21554641,0.21356882
0.20792145,0.18330139,0.18840191,0.21398921,0.20638604
0.21192029,0.17368531,0.18791011,0.21558985,0.21089447
0.21107376,0.18015088,0.18585521,0.21456687,0.20835333
0.21255375,0.17455442,0.18745443,0.21348387,0.2119535
0.20976342,0.17844537,0.18987978,0.21236034,0.20955107
0.21057269,0.18114045,0.18707696,0.21385972,0.20735015
0.21093105,0.18094689,0.18612126,0.21424554,0.20775525
0.21277538,0.17480442,0.18431826,0.21748653,0.21061537
0.21140197,0.18106513,0.18582906,0.21312127,0.20858255
0.20929053,0.18051587,0.18860371,0.21333899,0.20825088
0.2096161,0.18701835,0.18633334,0.21140926,0.20562299
0.20940843,0.18494868,0.18502443,0.21459167,0.20602676
0.20922206,0.18361637,0.18564561,0.21562245,0.20589344
0.20930043,0.18651392,0.18460304,0.21413955,0.2054431
0.20735314,0.1884228,0.1892621,0.21041209,0.20454982
0.20444743,0.1961456,0.18843846,0.20929998,0.20166853
0.20927703,0.1858163,0.18608095,0.21348009,0.20534565
0.2079099,0.19185059,0.18415332,0.21367343,0.20241277
0.20841111,0.19081718,0.1870386,0.20972261,0.20401055
0.2071103,0.19124642,0.18800323,0.2116353,0.20200478
0.20954324,0.18960546,0.18407422,0.21410355,0.20267354
0.20780517,0.19380076,0.1843433,0.21263641,0.20141439
0.20891058,0.18953852,0.18464577,0.21427275,0.20263234
0.20759597,0.19331345,0.1855078,0.21157125,0.20201153
0.20740527,0.19235626,0.18544048,0.21450874,0.20028923
0.20872211,0.19101904,0.18522638,0.21356471,0.20146775
0.20721664,0.19376257,0.18405789,0.2136863,0.2012766
0.20525411,0.19541495,0.18648775,0.21127538,0.20156775
0.21041994,0.18989849,0.1843074,0.21195768,0.20341648
0.20737174,0.19553003,0.1850855,0.21245444,0.19955829
0.20377065,0.20107377,0.18735643,0.20915827,0.19864088
0.20468202,0.19813448,0.18715823,0.20980558,0.20021963
0.20377544,0.20209177,0.18729545,0.2078733,0.19896404
0.20707539,0.19786529,0.18469928,0.20974176,0.20061827
0.2085179,0.19094606,0.18547481,0.21389887,0.20116232
0.20767643,0.19580567,0.18447474,0.21225457,0.19978863
0.2076326,0.19374807,0.1851498,0.21272661,0.20074295
0.20455083,0.19977047,0.18626775,0.21024078,0.19917019
0.20717293,0.1962593,0.18409112,0.21205105,0.20042558
0.20514123,0.20269793,0.18665738,0.20898254,0.19652088
0.20531178,0.19783492,0.18506135,0.21319278,0.19859914
0.20642227,0.19634037,0.18509452,0.21240474,0.19973807
0.2031068,0.20563437,0.18647295,0.20716801,0.19761789
0.21366908,0.19670115,0.1859312,0.21135834,0.19234021
0.20438343,0.20267689,0.18650524,0.21040256,0.19603191
0.20309016,0.20321599,0.1871692,0.20920812,0.19731651
0.20858648,0.20166506,0.18749522,0.20929417,0.1929591
0.21185884,0.19902477,0.1857104,0.211558,0.19184797
0.20936316,0.20503196,0.18500789,0.20917405,0.19142294
0.20335996,0.20327006,0.18758743,0.21020819,0.19557434
0.20810314,0.20428893,0.18746538,0.20827106,0.1918715
0.20791596,0.20683841,0.18660049,0.20697285,0.19167231
0.20865461,0.20522673,0.18669184,0.20769592,0.1917309
0.20735419,0.20471227,0.18773267,0.207328,0.19287282
0.20538144,0.19930506,0.18468595,0.21458066,0.19604689
0.2077098,0.20684287,0.185877,0.20829219,0.19127819
0.21168606,0.19957691,0.18554164,0.21072851,0.19246687
0.20863873,0.20301382,0.18617545,0.20975271,0.1924193
0.2092918,0.20473923,0.18514009,0.20951052,0.19131833
0.20325157,0.20229688,0.18757479,0.21088713,0.19598964
0.20625736,0.20545909,0.1866486,0.20975874,0.19187614
0.2087416,0.20453386,0.18446188,0.21104991,0.1912127
0.20738535,0.20559773,0.18505536,0.21017893,0.19178264
0.20771311,0.20480461,0.18570809,0.20927799,0.19249618
0.20165218,0.2066326,0.18722174,0.21027881,0.19421472
0.2097405,0.20089835,0.18573388,0.21164055,0.1919867
0.20904286,0.20398517,0.18452214,0.21073046,0.19171935
0.20778002,0.2063581,0.18584616,0.2079007,0.192115
0.21003036,0.2020703,0.1860779,0.20923546,0.19258599
0.20194246,0.20926355,0.18689898,0.20867732,0.1932177
0.20358296,0.20646374,0.18956855,0.20626725,0.19411752
0.20740686,0.20585065,0.18630254,0.20804429,0.19239569
0.206433,0.20578922,0.1852101,0.21010567,0.19246203
0.20527643,0.20712352,0.18784532,0.20643169,0.193323
0.20101444,0.2060206,0.1883706,0.20967753,0.19491684
0.2042353,0.20816346,0.18578568,0.20981485,0.19200075
0.2092525,0.20187494,0.18432619,0.2127822,0.19176413
0.20794949,0.20568916,0.18469268,0.20982794,0.19184071
0.20664072,0.20869578,0.1839296,0.2098348,0.19089912
0.20048738,0.20894812,0.18623623,0.21120316,0.19312511
0.20122422,0.20884457,0.18817554,0.20826167,0.19349402
0.20458275,0.20630805,0.18695757,0.20866615,0.19348548
0.20435818,0.20714507,0.18608677,0.20930287,0.19310708
0.20844959,0.20674157,0.18254554,0.2113031,0.19096023
0.20083886,0.20985712,0.1867027,0.21119769,0.19140367
0.20363271,0.2069259,0.18706729,0.20923977,0.1931343
0.20480375,0.2082233,0.18610397,0.20805627,0.19281271
0.20677847,0.20932783,0.18431441,0.20809661,0.19148265
0.20727599,0.20549001,0.18501724,0.20987183,0.19234496
0.20281237,0.20714015,0.18726681,0.21066481,0.19211586
0.20353283,0.20811461,0.18636243,0.20906785,0.19292228
0.20818037,0.20323063,0.18587695,0.20967768,0.19303438
0.20792411,0.20178114,0.18520485,0.21163772,0.19345221
0.20560116,0.20775698,0.18472978,0.20969689,0.19221522
0.19977747,0.20814914,0.18848836,0.21023233,0.19335267
0.2033773,0.2075649,0.18656458,0.20904517,0.193448
0.20510289,0.2078011,0.18558621,0.20882891,0.19268088
0.20641834,0.20698273,0.18436046,0.21012487,0.19211361
0.20811,0.20438072,0.18498336,0.20976335,0.19276257
0.20075385,0.20775048,0.1871107,0.21141255,0.19297238
0.20446713,0.20557283,0.18798275,0.20774186,0.19423541
0.20547616,0.20542255,0.1870799,0.20837289,0.1936485
0.20795242,0.20567401,0.1862808,0.20706931,0.1930235
0.2078441,0.20624895,0.18351412,0.2105412,0.19185163
0.20239003,0.20578521,0.1845037,0.21545216,0.19186889
0.20250349,0.2071222,0.18854214,0.20718645,0.19464569
0.20803899,0.20550258,0.18438348,0.20991448,0.19216044
0.21109255,0.20152546,0.18510172,0.21001354,0.19226672
0.20999207,0.20446345,0.18395475,0.20976228,0.19182748
0.20159078,0.20449896,0.18670878,0.21379326,0.1934082
0.20844525,0.20279457,0.18417329,0.21192634,0.19266056
0.21045525,0.20166554,0.18491974,0.21054004,0.19241941
0.21125574,0.20217665,0.18281552,0.21207383,0.19167826
0.2104877,0.20451933,0.18545926,0.20704114,0.19249254
0.20265722,0.20377943,0.18838744,0.2115564,0.19361952
0.20332444,0.20575094,0.1888593,0.20716363,0.19490175
0.20663528,0.20631583,0.18493465,0.20946749,0.19264682
0.2120602,0.20044786,0.18558979,0.208929,0.19297309
0.20883822,0.20386755,0.18499434,0.20995624,0.19234371
0.2004758,0.20696479,0.18792678,0.21136025,0.19327237
0.20607227,0.20472562,0.1870562,0.20889828,0.19324763
0.20811765,0.20306994,0.18676089,0.20850334,0.19354826
0.21081747,0.20177168,0.18495663,0.21025454,0.19219966
0.21919478,0.19140804,0.18190596,0.21623152,0.1912597
0.20243679,0.20570055,0.1853738,0.21446225,0.1920266
0.20476656,0.20628564,0.1871557,0.20832837,0.19346373
0.2110062,0.2038272,0.18270808,0.21175632,0.19070217
0.21249633,0.19984296,0.18460546,0.21058814,0.19246706
0.21063644,0.20488624,0.18206358,0.21217133,0.19024238
0.20061505,0.2042443,0.18825883,0.21295333,0.19392852
0.20838664,0.20431165,0.18386985,0.2116022,0.19182967
0.21437438,0.19973862,0.18314359,0.21145038,0.19129305
0.21470281,0.19864039,0.18209925,0.2138682,0.19068937
0.21248925,0.20178129,0.18432467,0.20985286,0.19155194
0.20082359,0.20719798,0.18550105,0.21441238,0.19206502
0.2107707,0.19760022,0.18561773,0.21259244,0.19341893
0.21763216,0.19748612,0.1813928,0.21295343,0.1905355
0.21418196,0.19738413,0.18573257,0.21008576,0.1926156
0.21543089,0.20056681,0.18273431,0.21067315,0.19059485
0.20295744,0.20224501,0.18624957,0.21584596,0.19270207
0.2128593,0.19764489,0.18552092,0.21157865,0.19239622
0.22237366,0.19055508,0.1826446,0.21299638,0.19143024
0.21290267,0.20385723,0.1847999,0.20767167,0.19076851
0.21515751,0.20259257,0.18183386,0.21082138,0.18959466
0.20386201,0.20421381,0.18572123,0.2137175,0.19248539
0.21393064,0.19849473,0.18448283,0.21173424,0.19135754
0.22059835,0.19268125,0.1820182,0.21407995,0.19062221
0.22648156,0.1902563,0.17995894,0.21405739,0.18924582
0.22344561,0.19233836,0.18169904,0.21260417,0.18991286
0.20017526,0.20609581,0.18756835,0.21278502,0.19337557
0.20565884,0.20499443,0.19464225,0.20318064,0.19152382
0.20164935,0.20582226,0.19526961,0.20333378,0.19392496
0.20118302,0.20575425,0.19498806,0.20287898,0.19519565
0.2030615,0.20677741,0.1921405,0.20386963,0.19415097
0.20066257,0.20942031,0.19550365,0.19943848,0.19497497
0.20608303,0.20382915,0.19301847,0.20534989,0.19171946
0.20107299,0.2061106,0.19353771,0.20516326,0.19411546
0.20066056,0.209141,0.1959363,0.1992706,0.19499151
0.20154212,0.20908155,0.19458553,0.20047809,0.19431275
0.2013916,0.20649488,0.19332166,0.20348042,0.19531141
0.20648316,0.20536233,0.19262068,0.20419668,0.19133706
0.2032111,0.20441689,0.1937235,0.20391053,0.19473806
0.20170969,0.20670909,0.19360603,0.20332046,0.1946547
0.20117044,0.21084273,0.1946106,0.19925621,0.19412003
0.20164393,0.2097219,0.19329177,0.2012188,0.19412361
0.2049494,0.20465645,0.19444382,0.20391957,0.19203077
0.20135443,0.20708485,0.19366774,0.204088,0.193805
0.2005715,0.20899157,0.19515783,0.20091037,0.19436875
0.20293078,0.20874326,0.19291437,0.20127945,0.19413215
0.2004163,0.20857848,0.19437528,0.20165585,0.19497414
0.20513189,0.20870876,0.1942683,0.20113812,0.19075295
0.20174557,0.20931259,0.19466247,0.20044655,0.19383278
0.20085578,0.20977919,0.1930559,0.2021688,0.19414033
0.20126252,0.20955908,0.1922968,0.20315544,0.19372612
0.20153132,0.21062681,0.19204785,0.20214391,0.19365008
0.20477352,0.20550643,0.19314441,0.20482597,0.1917496
0.20027031,0.21017312,0.19433102,0.20153554,0.19368999
0.19984056,0.21058953,0.19327278,0.20256841,0.1937287
0.1995111,0.21201374,0.1951687,0.1992693,0.1940372
0.19995904,0.20910844,0.19291857,0.20362522,0.19438875
0.20390902,0.2099389,0.19414544,0.20077915,0.19122753
0.19981666,0.21059503,0.19594938,0.1993762,0.19426274
0.19879931,0.21056634,0.19649291,0.19988325,0.19425817
0.19980678,0.2120839,0.19335419,0.20075557,0.19399953
0.20070522,0.20841675,0.1913807,0.20523423,0.19426312
0.20379393,0.20519511,0.19281216,0.20647271,0.1917261
0.19952136,0.20969391,0.19407102,0.20318331,0.19353035
0.1994712,0.2106297,0.1924917,0.20343362,0.19397378
0.1996779,0.21005534,0.19388917,0.20204492,0.19433267
0.19946009,0.21079154,0.19390495,0.20101728,0.1948262
0.20222911,0.2077422,0.19287544,0.20554847,0.1916047
0.19901516,0.21078262,0.19526261,0.20015952,0.19478005
0.19924767,0.21161425,0.19361842,0.20115341,0.19436622
0.19882144,0.21383414,0.19349602,0.200195,0.19365342
0.1994615,0.21278587,0.19375703,0.20004103,0.19395459
0.20238209,0.20843026,0.19404109,0.20333898,0.1918076
0.19867831,0.20740722,0.19313093,0.20617472,0.19460887
0.19854806,0.21042149,0.19613989,0.19980012,0.19509046
0.19954152,0.21338011,0.19400443,0.1992864,0.1937875
0.19770055,0.21261123,0.19523,0.19948743,0.1949708
0.20224792,0.20746818,0.19421533,0.20420358,0.19186503
0.1970822,0.20938021,0.19389668,0.20457177,0.19506912
0.19696347,0.21168801,0.19509263,0.20111616,0.19513965
0.19656141,0.2118555,0.19617423,0.19965719,0.19575164
0.19683884,0.21061319,0.19473298,0.20262513,0.19518982
0.20261572,0.20922725,0.19163443,0.20533314,0.19118944
0.19896916,0.2088184,0.19523336,0.20158961,0.1953895
0.19653167,0.2097087,0.1955466,0.20281796,0.19539501
0.19780873,0.21110769,0.1943431,0.20140585,0.19533461
0.197558,0.21189605,0.19482085,0.20088588,0.19483924
0.19950679,0.20811273,0.19591995,0.20262063,0.1938399
0.19887395,0.20796452,0.19379395,0.20432936,0.19503821
0.19720794,0.20919214,0.19417654,0.2040439,0.1953795
0.1988667,0.2120904,0.19355644,0.20132208,0.19416437
0.19727264,0.21056965,0.19315425,0.20356958,0.19543391
0.19950818,0.20832591,0.1959019,0.20274462,0.1935194
0.1968134,0.2096072,0.19589983,0.20154089,0.19613865
0.19661653,0.21111292,0.19777943,0.19770563,0.19678545
0.19630885,0.2108281,0.19836506,0.19722563,0.19727238
0.19616428,0.21232927,0.1955239,0.19965975,0.1963228
0.20107102,0.20794128,0.19382137,0.20435147,0.19281486
0.19668765,0.2071415,0.19665714,0.20231085,0.19720286
0.1963898,0.20788778,0.1961577,0.20254439,0.19702034
0.1982729,0.2089829,0.1939292,0.20326903,0.19554596
0.1967634,0.21043983,0.19646607,0.19953221,0.19679849
0.20034918,0.2071016,0.19483328,0.20468034,0.19303563
0.19689395,0.20781475,0.19671778,0.20183317,0.19674031
0.1964985,0.20908271,0.19710937,0.20038395,0.19692548
0.198136,0.21002176,0.19377296,0.2032023,0.19486699
0.19818777,0.20875435,0.193724,0.20324631,0.19608763
0.20188586,0.20709229,0.1946656,0.20301394,0.19334233
0.19634238,0.20956756,0.19707932,0.20008267,0.19692808
0.19683643,0.20912613,0.19542204,0.20212993,0.1964855
0.19769308,0.20888063,0.19577907,0.20202044,0.19562678
0.1975117,0.20866066,0.19430047,0.20463602,0.1948911
0.2001455,0.2057876,0.19404913,0.20582423,0.19419348
0.19580394,0.20531638,0.19781917,0.2033986,0.1976619
0.19845314,0.20786719,0.1938982,0.20453632,0.19524515
0.1982761,0.20879601,0.19552866,0.20208961,0.19530967
0.19547611,0.21084918,0.2000861,0.19576758,0.19782102
0.20091751,0.20654105,0.1936917,0.20534775,0.19350202
0.19716927,0.20537718,0.1967007,0.20370649,0.19704635
0.19666609,0.20751342,0.1974335,0.20134659,0.19704036
0.19874728,0.20932385,0.19486707,0.20182836,0.19523343
0.19405824,0.2110296,0.20069982,0.19609746,0.19811484
0.19909962,0.20890401,0.19800542,0.19892596,0.195065
0.19550303,0.20666263,0.19766226,0.20297755,0.19719455
0.19488488,0.20915948,0.19903539,0.1988996,0.19802065
0.1985387,0.20913057,0.1944339,0.20283645,0.1950604
0.19654326,0.20971316,0.19698822,0.20006016,0.19669516
0.19825205,0.20494819,0.19561297,0.20546445,0.19572236
0.19606057,0.20598315,0.19633447,0.2042696,0.1973522
0.198197,0.20912902,0.19583303,0.20125495,0.195586
0.1957109,0.20655414,0.19620973,0.20383637,0.19768886
0.19891356,0.2089772,0.19606656,0.20058925,0.1954534
0.19899234,0.20822315,0.19744991,0.1999931,0.19534147
0.19664574,0.20530143,0.19631891,0.20420508,0.19752881
0.19648398,0.20722714,0.19693464,0.20222856,0.19712566
0.19707133,0.20757557,0.19673985,0.20155665,0.19705659
0.19421545,0.20967081,0.19896287,0.19968204,0.19746882
0.19886218,0.20669053,0.19434942,0.20538715,0.19471075
0.19561073,0.20481344,0.19807698,0.20344406,0.19805478
0.1959772,0.20444235,0.19842738,0.20266102,0.19849205
0.19762716,0.20872566,0.1952684,0.20189217,0.1964866
0.1963141,0.20783705,0.1973941,0.20089413,0.19756064
0.19754887,0.2057552,0.19646886,0.20412001,0.19610702
0.19508791,0.2056521,0.19907208,0.20129345,0.19889447
0.196482,0.20646556,0.19826588,0.20115645,0.19763008
0.19588797,0.20765188,0.19728105,0.20153719,0.19764185
0.19677758,0.2094705,0.19731165,0.19912261,0.19731767
0.1976755,0.20628971,0.19566534,0.20500834,0.19536111
0.1939252,0.20499568,0.20070232,0.20056736,0.19980943
0.19595887,0.20760469,0.19696765,0.20187095,0.19759785
0.19514899,0.20664026,0.19930384,0.2001349,0.19877207
0.19712318,0.20835553,0.1968303,0.20143305,0.19625792
0.19732097,0.20561217,0.1963816,0.20485069,0.19583464
0.19429292,0.2028208,0.19896208,0.20444945,0.19947478
0.19665256,0.2091406,0.19603866,0.20137723,0.19679092
0.1966391,0.20725398,0.196496,0.20235904,0.19725189
0.19425926,0.20810908,0.19955848,0.19965902,0.19841415
0.19780828,0.2059278,0.19542937,0.20536666,0.19546792
0.19606844,0.20498598,0.19744173,0.20321399,0.19828987
0.19516182,0.20538588,0.19857621,0.20193863,0.19893745
0.19608214,0.20802744,0.19668245,0.20217699,0.19703096
0.19577478,0.20759907,0.19807817,0.20097062,0.19757736
0.19734141,0.20630525,0.19596091,0.2043236,0.19606881
0.19422394,0.20568758,0.19799624,0.20298585,0.1991064
0.19541001,0.20526639,0.19617553,0.20568173,0.19746637
0.19565739,0.20448852,0.19770305,0.20366894,0.19848211
0.19560081,0.20759575,0.19712521,0.20222601,0.19745219
0.19652282,0.20698203,0.19602333,0.2046035,0.19586831
0.19317043,0.20452446,0.20041774,0.20101641,0.20087093
0.1959445,0.205674,0.19632462,0.20421353,0.19784343
0.19577694,0.2061383,0.19772515,0.20232557,0.19803406
0.19600788,0.20498526,0.1976189,0.20307855,0.19830942
0.195865,0.20550421,0.19841939,0.20276669,0.19744469
0.19418688,0.20354772,0.19932689,0.2032723,0.1996662
0.19446829,0.20450994,0.19917424,0.20244467,0.1994029
0.19548784,0.2068879,0.19763006,0.20200919,0.19798504
0.19539689,0.20776513,0.19963586,0.19836654,0.19883557
0.19602913,0.2045686,0.19669373,0.20544179,0.19726671
0.19404139,0.20504253,0.19837613,0.20338373,0.19915621
0.19700982,0.20363513,0.19564624,0.20608813,0.19762067
0.19634761,0.2031285,0.1984817,0.2031824,0.1988598
0.19550417,0.206701,0.19770788,0.20225891,0.19782807
0.19687629,0.20502365,0.19562493,0.20708734,0.19538778
0.19308303,0.20373417,0.20135503,0.20123434,0.20059341
0.19494326,0.20617709,0.19783653,0.20264259,0.19840051
0.19531704,0.20424284,0.19750376,0.20439965,0.19853672
0.19435245,0.20595765,0.20026305,0.200342,0.19908488
0.19600636,0.20469104,0.19696054,0.20508908,0.197253
0.19451904,0.20296605,0.20078123,0.20235279,0.19938089
0.194869,0.20499283,0.19973613,0.2006646,0.19973744
0.19289121,0.20714569,0.19944112,0.20117989,0.19934207
0.1951838,0.20584169,0.19880906,0.20222284,0.19794263
0.1959652,0.20546415,0.19789347,0.20309763,0.1975795
0.19491027,0.20537373,0.19796583,0.20312254,0.19862764
0.19428036,0.20682514,0.19984144,0.19970247,0.19935063
0.19711716,0.20490839,0.19702695,0.20317908,0.19776838
0.19464035,0.20520331,0.2005076,0.20003435,0.19961442
0.19556282,0.20502289,0.19907612,0.20231806,0.19802015
0.19431561,0.20260002,0.19917944,0.20406307,0.19984183
0.19557922,0.20356558,0.19851792,0.20351063,0.19882667
0.19693114,0.20242816,0.19788411,0.20398459,0.19877204
0.19480698,0.20730828,0.19806878,0.20201468,0.19780128
0.19651984,0.20409378,0.19609378,0.20679457,0.19649805
0.1939507,0.20524576,0.2009013,0.19962211,0.20028009
0.19448623,0.2027457,0.2007496,0.20211162,0.19990684
0.19358246,0.20641273,0.19998062,0.20074818,0.19927604
0.19608408,0.20447788,0.19826442,0.2028422,0.19833142
0.19617118,0.20400777,0.19832368,0.2042997,0.19719766
0.19561549,0.20364772,0.19834483,0.20400149,0.19839045
0.19605757,0.20317169,0.1991111,0.20235151,0.19930813
0.19416888,0.2049266,0.19872792,0.20279425,0.19938236
0.19499332,0.20457922,0.19954668,0.201539,0.1993418
0.19559115,0.20421639,0.1969637,0.20629883,0.19692992
0.1942348,0.20334964,0.19873706,0.20397867,0.19969986
0.19577418,0.20156498,0.19739342,0.20608556,0.19918187
0.19422933,0.20603938,0.19853067,0.20202893,0.19917169
0.19643638,0.20055072,0.20050222,0.20413232,0.19837835
0.19565858,0.203255,0.1965674,0.20878345,0.1957356
0.19396003,0.19978616,0.19977014,0.20658256,0.19990116
0.19338891,0.2042359,0.19771545,0.20560807,0.19905168
0.19581337,0.20163122,0.19762911,0.20579107,0.1991352
0.19578083,0.20397146,0.19708453,0.20526189,0.19790134
0.19604471,0.20477408,0.1974442,0.20552048,0.19621654
0.1935506,0.20245212,0.20096093,0.20259629,0.20044008
0.19610815,0.20243767,0.1992497,0.20282081,0.19938368
0.19530262,0.20117885,0.19758388,0.20706777,0.19886689
0.19660385,0.20215379,0.19850962,0.20435356,0.1983792
0.19549702,0.2034529,0.19897757,0.20443138,0.19764113
0.19341037,0.20361194,0.19994228,0.20356865,0.19946681
0.19421536,0.20442832,0.19966556,0.20216373,0.19952701
0.19592083,0.20331578,0.20097308,0.2007536,0.1990367
0.19466771,0.20447405,0.19915634,0.20242299,0.19927889
0.19394875,0.20293216,0.19872391,0.20668897,0.1977062
0.19475222,0.20012203,0.19944416,0.20597501,0.19970664
0.19670698,0.20023371,0.1979879,0.20629072,0.19878069
0.19518568,0.20341572,0.19856574,0.2042957,0.19853719
0.19552948,0.20116565,0.19905959,0.20443727,0.19980802
0.19599342,0.20284708,0.1967763,0.2083991,0.19598407
0.19477378,0.20177077,0.19924437,0.20447752,0.19973357
0.19283593,0.20355879,0.20145732,0.20206799,0.20008
0.19330233,0.20374888,0.19957323,0.2043207,0.1990548
0.19745779,0.2052729,0.19827515,0.20119424,0.19779992
0.19735889,0.20276837,0.19805543,0.20550516,0.19631213
0.19468331,0.20103973,0.20126332,0.20206526,0.20094837
0.19496627,0.20397803,0.19852173,0.20355538,0.19897863
0.19359194,0.20332561,0.2008051,0.20261063,0.19966674
0.19754176,0.20003411,0.19885653,0.20427144,0.19929619
0.19492705,0.20424372,0.1984837,0.20546311,0.19688243
0.19416387,0.20211321,0.1994762,0.20420745,0.2000393
0.19359796,0.20327991,0.20071436,0.20209555,0.20031218
0.19560522,0.20263597,0.19969608,0.203402,0.19866078
0.19425336,0.20228882,0.19961925,0.20384704,0.19999154
0.19468074,0.20501083,0.20059766,0.20120455,0.19850622
0.19477755,0.20045511,0.20105246,0.20255907,0.2011558
0.19309235,0.20464899,0.20062831,0.20195043,0.1996799
0.1942265,0.20308372,0.20097828,0.20145938,0.20025215
0.19557826,0.19860028,0.19950113,0.20568912,0.20063119
0.19671215,0.20430616,0.19674876,0.20582682,0.19640608
0.19530977,0.20255813,0.20142403,0.2003765,0.20033155
0.19726375,0.19956946,0.19790123,0.20618942,0.19907615
0.19419348,0.20466131,0.2003184,0.201414,0.19941278
0.19587488,0.20241241,0.19909434,0.2037475,0.19887087
0.1950575,0.20196772,0.19913085,0.20540324,0.19844069
0.19664504,0.20085996,0.19734064,0.20680887,0.1983455
0.19529752,0.20342958,0.1983242,0.20375305,0.19919565
0.194808,0.20169298,0.19942217,0.20390978,0.20016703
0.19599497,0.20237653,0.19924246,0.20314108,0.199245
0.1956503,0.20350604,0.19801004,0.2056812,0.19715247
0.19574137,0.2000275,0.198919,0.20558564,0.19972654
0.19438438,0.20093681,0.20001365,0.2042815,0.2003837
0.1952259,0.20232423,0.20071179,0.20149086,0.20024726
0.1946683,0.2008946,0.20120768,0.20246239,0.20076707
0.19363824,0.20303611,0.2001353,0.20438157,0.1988088
0.19378398,0.19960344,0.20193209,0.20262028,0.20206018
0.19360892,0.20025972,0.20131241,0.20351177,0.20130716
0.19662192,0.20161761,0.19791688,0.20506528,0.19877836
0.19507606,0.20176187,0.2004884,0.20251969,0.20015402
0.19286916,0.20325498,0.19947734,0.20585614,0.19854239
0.19361447,0.20145144,0.20039003,0.20326924,0.2012748
0.19535387,0.19862488,0.19883141,0.20716265,0.20002721
0.19437099,0.20060569,0.20083825,0.20389682,0.20028825
0.19421558,0.204539,0.19917199,0.2027384,0.19933502
0.19551991,0.20140448,0.19769117,0.20778126,0.19760314
0.19379884,0.19751826,0.2009565,0.20598492,0.20174147
0.19500664,0.20109315,0.20082538,0.20262064,0.2004542
0.19476655,0.20422255,0.19918612,0.20253411,0.19929066
0.19423674,0.20160508,0.2005662,0.20384389,0.19974808
0.1948032,0.2022231,0.1984506,0.2063975,0.19812562
0.19102475,0.20340577,0.20377299,0.19938599,0.20241049
0.19385883,0.20349532,0.19988242,0.2026184,0.20014502
0.19321291,0.20344251,0.20129274,0.2007275,0.20132433
0.19582973,0.19975652,0.20030253,0.20372505,0.2003862
0.19442648,0.20188291,0.19963065,0.20569268,0.19836733
0.19536129,0.1999662,0.20013253,0.20366213,0.20087779
0.19609424,0.20033677,0.19923328,0.20440932,0.19992638
0.19619244,0.20163265,0.19968659,0.20260097,0.19988738
0.1976825,0.19998968,0.19953601,0.20315273,0.19963908
0.19473816,0.20216756,0.19753346,0.20812961,0.1974312
0.19367705,0.19927323,0.20273136,0.20272015,0.20159821
0.19428429,0.20007871,0.20130342,0.2033566,0.20097695
0.19400495,0.2020341,0.19964299,0.20452824,0.19978973
0.1953998,0.20279452,0.2003511,0.20163797,0.19981658
0.19458097,0.20438366,0.19836953,0.20589826,0.19676761
0.19345509,0.20244852,0.20147954,0.20223537,0.20038149
0.19292699,0.20291579,0.20123173,0.20245121,0.20047434
0.19477502,0.2021521,0.20192225,0.20092683,0.20022379
0.1968729,0.19858155,0.2004725,0.20386627,0.20020682
0.19311589,0.20261134,0.19995007,0.20581876,0.19850396
0.19695157,0.19881621,0.1999601,0.20424534,0.20002674
0.19506516,0.20040157,0.20156683,0.20246844,0.20049798
0.1956668,0.20200297,0.19932368,0.20363604,0.19937047
0.19697602,0.20114306,0.19941787,0.20344707,0.19901597
0.19372779,0.20273167,0.19926412,0.20620196,0.19807445
0.19487675,0.2003013,0.20030662,0.20408338,0.20043191
0.19506781,0.20291202,0.20039222,0.20194188,0.1996861
0.19653232,0.20007436,0.19918427,0.20491382,0.1992952
0.19511223,0.20128065,0.20137063,0.20178978,0.20044675
0.19335699,0.20106402,0.19971438,0.20699777,0.19886684
0.19531493,0.20040548,0.20218413,0.20158407,0.20051137
0.19439389,0.2005818,0.20087357,0.20375216,0.20039856
0.19648111,0.20244664,0.19786412,0.20465532,0.19855283
0.19550055,0.20404164,0.20052241,0.20096013,0.19897524
0.19320111,0.20232205,0.19817634,0.20869474,0.19760574
0.19571683,0.19941448,0.19932882,0.20570317,0.19983673
0.19459544,0.20319517,0.20132807,0.20091465,0.19996665
0.196514,0.19652705,0.20011882,0.20683508,0.20000511
0.1993518,0.19810577,0.1998742,0.20337476,0.19929346
0.19407584,0.20351183,0.19819352,0.20712219,0.19709659
0.1961482,0.19882789,0.19927467,0.20610681,0.19964243
0.19659822,0.2004551,0.19904979,0.2057057,0.19819121
0.19290054,0.2030072,0.20277895,0.20019525,0.20111808
0.19699174,0.19757898,0.2012137,0.20436946,0.19984612
0.19290818,0.20102024,0.20027989,0.20734164,0.19845003
0.19454077,0.1997255,0.20126007,0.20390348,0.2005702
0.19530311,0.19886124,0.20308915,0.20139258,0.20135391
0.19860648,0.19820096,0.1982607,0.20642896,0.19850288
0.19893324,0.19942488,0.19866689,0.20427278,0.19870219
0.19696914,0.19901517,0.19757062,0.209937,0.19650802
0.19645959,0.1988808,0.20213173,0.20170349,0.2008244
0.19924925,0.19734722,0.20015128,0.2035436,0.19970866
0.19791494,0.19698343,0.20170246,0.20326383,0.20013534
0.20155777,0.19538474,0.19662781,0.20873159,0.1976981
0.19438864,0.20120643,0.1995649,0.20723175,0.19760829
0.19640577,0.19808966,0.20052822,0.20412429,0.2008521
0.19422096,0.2017329,0.2023226,0.20124397,0.20047958
0.2017129,0.19478771,0.19865063,0.20607115,0.19877759
0.2026436,0.19237664,0.19901079,0.20716938,0.1987996
0.19340812,0.20162116,0.20035718,0.20662123,0.19799232
0.19731827,0.19679289,0.20050985,0.20548788,0.19989112
0.19869079,0.19485125,0.20212673,0.20334606,0.20098518
0.19770607,0.199021,0.20047098,0.20332819,0.19947378
0.19976604,0.19598405,0.19934271,0.20574562,0.19916157
0.19409207,0.20141874,0.19815747,0.20923686,0.19709487
0.19824979,0.1938094,0.20157975,0.20532532,0.20103571
0.19847319,0.1973886,0.20125811,0.20284718,0.20003295
0.19484821,0.19954997,0.20453426,0.19961174,0.20145583
0.19978887,0.19640125,0.19924589,0.20550108,0.19906294
0.19352943,0.20049833,0.19902076,0.20920153,0.19774991
0.19897443,0.19526279,0.2006645,0.20516299,0.19993527
0.20320106,0.1939716,0.19771153,0.2068836,0.19823223
0.19755642,0.19632727,0.20066723,0.20521551,0.20023355
0.20249394,0.19533457,0.19832163,0.20539097,0.19845894
0.19370723,0.20139275,0.19834846,0.20910999,0.19744158
0.19540659,0.19952576,0.2023558,0.20187947,0.20083237
0.19673367,0.19704002,0.2038369,0.20096654,0.20142287
0.1973459,0.20200603,0.20035942,0.20133705,0.19895162
0.19984677,0.19825456,0.1995277,0.20385918,0.1985118
0.1928519,0.20292549,0.19869423,0.20828074,0.19724767
0.19867826,0.19677775,0.20136587,0.20268406,0.200494
0.20200711,0.19467826,0.19884576,0.20591003,0.19855878
0.2017524,0.1963054,0.1988736,0.20463714,0.19843148
0.2011294,0.19592428,0.19933541,0.20456682,0.19904406
0.19391823,0.2022891,0.1983923,0.20904243,0.19635794
0.19759174,0.19751523,0.20104335,0.20410752,0.19974218
0.19948818,0.1963965,0.20167,0.20210391,0.20034139
0.20284191,0.19447024,0.20028447,0.20333734,0.19906603
0.20087183,0.19477081,0.20090485,0.20363185,0.19982067
0.19509056,0.19936658,0.19592221,0.21402682,0.19559385
0.1984477,0.19691129,0.20095398,0.20366457,0.20002253
0.1970799,0.20063996,0.19962473,0.20367374,0.19898169
0.19630253,0.20209628,0.20078452,0.20154724,0.1992694
0.20279463,0.19645245,0.1979944,0.20543918,0.19731936
0.19440724,0.2002774,0.19763179,0.21154009,0.19614352
0.1986816,0.19763106,0.19947317,0.20492242,0.19929177
0.20201445,0.1948328,0.19860141,0.20642957,0.19812174
0.20284927,0.19797853,0.19900417,0.20268182,0.1974862
0.20016512,0.19795547,0.19900538,0.20402914,0.19884484
0.19531062,0.20019977,0.19689673,0.2115868,0.19600609
0.19891107,0.19611864,0.20070477,0.20429394,0.19997157
0.20204909,0.19591656,0.19938336,0.20458308,0.1980679
0.19911487,0.20231998,0.19643953,0.20530792,0.1968177
0.20111312,0.20195843,0.1957658,0.20520544,0.19595717
0.19486365,0.20060249,0.19650096,0.2120129,0.19602
0.19948368,0.20043543,0.19723077,0.2051807,0.19766942
0.20061453,0.20383346,0.19637643,0.20283076,0.1963448
0.19769542,0.20488165,0.19761775,0.20284142,0.19696373
0.20334622,0.2025574,0.19444968,0.2050024,0.19464426
0.1928554,0.2016668,0.19822775,0.2098784,0.19737165
0.19838783,0.2032456,0.19789092,0.20293516,0.1975405
0.1988292,0.20611939,0.19678535,0.20196396,0.1963021
0.20127709,0.20404765,0.19508955,0.20440526,0.19518048
0.2005472,0.20741,0.19503853,0.20234789,0.19465636
0.1941033,0.20009623,0.193472,0.21707349,0.19525495
0.2130424,0.18714228,0.20479436,0.19138315,0.20363782
0.2059379,0.20028995,0.20361724,0.19168265,0.19847223
0.2054756,0.20233618,0.20350988,0.19011262,0.19856572
0.20722735,0.20503405,0.20015809,0.19052517,0.19705538
0.20634952,0.19843192,0.20143934,0.1935106,0.20026858
0.21212102,0.19192784,0.2020552,0.19293502,0.20096087
0.20584531,0.20269342,0.20211183,0.19125973,0.19808973
0.20461321,0.20396419,0.20482644,0.18738432,0.19921184
0.20605619,0.20518108,0.2029048,0.18697287,0.19888504
0.20585486,0.20262246,0.20230192,0.18968292,0.19953784
0.21001768,0.19363116,0.20376569,0.19161074,0.2009747
0.20501496,0.19987215,0.20284466,0.19226238,0.20000581
0.20561726,0.20046908,0.20105894,0.192679,0.2001757
0.20593475,0.20338495,0.19908749,0.19298644,0.19860637
0.2041591,0.20066474,0.20209335,0.1924416,0.20064116
0.20802745,0.20027545,0.20503783,0.1883281,0.19833118
0.20392294,0.20149735,0.20298477,0.19235319,0.19924179
0.20420256,0.20092773,0.20300756,0.1916105,0.20025165
0.20551796,0.19844922,0.2007751,0.19456469,0.20069303
0.20513347,0.20153682,0.20012733,0.19390042,0.19930197
0.20869073,0.1946179,0.20049962,0.19703649,0.19915526
0.20324285,0.20174219,0.20157011,0.19441566,0.19902918
0.20355901,0.19798276,0.20304665,0.19355305,0.20185854
0.20408837,0.20233083,0.20280144,0.19058603,0.20019332
0.20485319,0.20008361,0.20050165,0.19359353,0.200968
0.2078245,0.19736192,0.20280644,0.19247597,0.19953114
0.20425665,0.20334049,0.20334528,0.190002,0.19905563
0.20310017,0.19863512,0.20349987,0.19294965,0.20181517
0.20370245,0.20273791,0.20269398,0.19083737,0.2000283
0.20392871,0.2023451,0.2024384,0.19091266,0.20037508
0.20932582,0.19547099,0.20142001,0.19417195,0.19961125
0.20385133,0.20144843,0.20377842,0.1909962,0.19992566
0.20336683,0.20312501,0.2051,0.18737866,0.20102954
0.20298119,0.20418216,0.2057828,0.18654709,0.20050676
0.205038,0.20079018,0.20337854,0.1890451,0.20174818
0.20836817,0.19626614,0.20278202,0.19187099,0.20071267
0.20412847,0.20217486,0.2056111,0.18777847,0.20030706
0.20570947,0.19638672,0.20344335,0.19144791,0.20301253
0.2038949,0.19790016,0.20499116,0.18984595,0.20336781
0.2030014,0.19965884,0.20503746,0.18948862,0.2028137
0.20766775,0.19689776,0.20437653,0.19007984,0.20097813
0.20383775,0.19904453,0.20615958,0.18901317,0.20194496
0.20382833,0.1947914,0.20494723,0.1930174,0.20341562
0.20458053,0.19567084,0.20334907,0.19308726,0.20331226
0.20387964,0.19863124,0.20292386,0.19295065,0.2016146
0.20899488,0.19066264,0.20336254,0.19441389,0.20256607
0.20280564,0.20276397,0.20168747,0.19380295,0.19893996
0.20210692,0.20137565,0.20241582,0.19412948,0.19997215
0.202546,0.20181839,0.20097484,0.1945118,0.20014897
0.20192938,0.20444414,0.20386808,0.18908153,0.20067689
0.20868278,0.19149475,0.2048238,0.19152889,0.20346975
0.20204313,0.20086308,0.20432612,0.1917724,0.20099527
0.20277776,0.20452341,0.20475861,0.18744966,0.20049053
0.20363677,0.20198639,0.20211501,0.19070695,0.20155486
0.20337829,0.20154433,0.20265189,0.19047008,0.20195542
0.20843887,0.19245377,0.20310296,0.19386509,0.20213926
0.20469363,0.19802235,0.20435381,0.19031914,0.20261112
0.2040141,0.1972427,0.20473069,0.19066533,0.2033472
0.2032741,0.20021571,0.20392789,0.19036983,0.20221245
0.20431174,0.19831505,0.20523,0.18853399,0.20360923
0.20803733,0.19107631,0.2030934,0.19540314,0.20238982
0.2032674,0.20262183,0.20288493,0.1910905,0.20013534
0.20349996,0.20497857,0.20221822,0.18944022,0.19986303
0.20396733,0.2012954,0.20234732,0.19062097,0.20176895
0.2035583,0.20090422,0.20343468,0.1899622,0.20214061
0.2088141,0.18973558,0.20541453,0.19035658,0.20567916
0.20345983,0.20199448,0.20547538,0.18733892,0.20173143
0.20466527,0.19863814,0.20126276,0.19259085,0.20284297
0.20501903,0.19881967,0.20202799,0.19051342,0.20361987
0.20283136,0.200078,0.20495947,0.18844606,0.20368513
0.2105685,0.18770176,0.20092437,0.19676606,0.20403929
0.2036037,0.19971779,0.20503442,0.18909295,0.20255111
0.20289266,0.19787829,0.20641662,0.18897367,0.20383877
0.2051548,0.19396761,0.20269679,0.19265467,0.2055262
0.20545611,0.19222552,0.20382467,0.19165806,0.20683566
0.21094467,0.18200947,0.2039002,0.19476028,0.20838538
0.20424663,0.19576639,0.20426972,0.19230588,0.20341136
0.20408338,0.20059402,0.20308506,0.19072273,0.20151477
0.20421766,0.19779931,0.20207877,0.19296668,0.2029376
0.2040784,0.1971582,0.20256387,0.19284704,0.2033525
0.20881884,0.19195889,0.20307785,0.19302939,0.20311503
0.20215066,0.20241204,0.20284447,0.19204922,0.20054361
0.20330648,0.19649465,0.20075333,0.19702752,0.20241797
0.20260462,0.20290193,0.20300132,0.1904318,0.20106032
0.20363122,0.19832271,0.20206463,0.19288003,0.20310138
0.20861702,0.19194984,0.20261729,0.19390014,0.20291576
0.20403394,0.20111452,0.2032973,0.18958211,0.20197214
0.20369568,0.19637923,0.20331381,0.19257441,0.20403688
0.20480005,0.19687264,0.2023457,0.19194043,0.20404121
0.20581628,0.19639389,0.20188907,0.19185449,0.20404626
0.20956175,0.1922177,0.20222485,0.19293708,0.20305867
0.20277321,0.19921932,0.2043562,0.19075029,0.20290099
0.20263055,0.19915767,0.20635788,0.18804742,0.20380649
0.20425734,0.1951602,0.20329277,0.19230175,0.20498791
0.20372394,0.19669585,0.20279092,0.1920732,0.20471616
0.20888573,0.18775882,0.20341192,0.19406196,0.20588154
0.20135146,0.20379409,0.20431663,0.18943977,0.20109808
0.2023587,0.2001877,0.20326163,0.19130367,0.20288831
0.20282309,0.20003437,0.20412639,0.18949218,0.20352395
0.20267703,0.19815929,0.20472048,0.19054784,0.20389543
0.20653741,0.19531094,0.20471874,0.19058834,0.20284456
0.20110309,0.19957279,0.20652533,0.18914407,0.20365469
0.20234942,0.20017952,0.20586573,0.18786435,0.203741
0.20322582,0.1979444,0.2044798,0.18999727,0.20435268
0.20293076,0.19901298,0.2023075,0.19215694,0.20359178
0.20849095,0.18805262,0.20502391,0.19194531,0.20648721
0.20150213,0.2005382,0.20429814,0.19141011,0.20225143
0.20180884,0.20114078,0.20263624,0.19250627,0.20190787
0.20324662,0.1974128,0.2043691,0.19024871,0.20472276
0.20212948,0.19480665,0.20349617,0.19378783,0.20577984
0.2073791,0.19343814,0.20101319,0.1957948,0.20237471
0.2023642,0.1993644,0.2055383,0.18933307,0.20340008
0.20295218,0.19430742,0.20413965,0.1925792,0.20602156
0.2010386,0.20166668,0.20728368,0.18600893,0.20400208
0.20262934,0.19994421,0.2029086,0.19136176,0.20315608
0.20785972,0.194566,0.20168264,0.19433506,0.20155655
0.20212486,0.19944625,0.20395178,0.19222403,0.2022531
0.20392358,0.19505239,0.20156111,0.19485272,0.20461023
0.20391077,0.19686458,0.2040121,0.19009525,0.20511729
0.20179181,0.19960223,0.20433967,0.19046971,0.20379658
0.2082605,0.19482395,0.20309076,0.19139688,0.20242791
0.2021999,0.20281379,0.20348296,0.1892625,0.20224088
0.20136006,0.20282148,0.20659438,0.18616071,0.20306334
0.20158543,0.20010401,0.20368804,0.19060916,0.20401333
0.20195103,0.19779487,0.20476136,0.19047542,0.2050173
0.20685953,0.18868956,0.20626432,0.19178632,0.20640029
0.20257013,0.19652195,0.20605895,0.18947367,0.2053753
0.20224364,0.19964458,0.20417762,0.18999992,0.20393422
0.2015537,0.20017219,0.20526186,0.18903139,0.20398085
0.20164244,0.20308211,0.20041528,0.19405797,0.2008022
0.20676681,0.19710535,0.2009819,0.19520167,0.19994427
0.20096156,0.20260651,0.20375031,0.19143541,0.20124617
0.20079044,0.19946001,0.20618579,0.18921241,0.20435137
0.20196879,0.20027632,0.20383963,0.1906356,0.20327964
0.20170392,0.20364775,0.20370646,0.18897432,0.20196755
0.20686771,0.19551511,0.2031354,0.19211912,0.20236263
0.20188686,0.196058,0.20540693,0.1918202,0.20482795
0.20162967,0.1987489,0.20361081,0.19182041,0.2041902
0.20100385,0.20459217,0.20535314,0.18631163,0.20273924
0.20270868,0.19942273,0.20236894,0.19131725,0.20418245
0.20596701,0.19229876,0.20601998,0.18986855,0.2058457
0.1993409,0.20016326,0.20673744,0.1895366,0.20422181
0.20122786,0.1996163,0.20512749,0.19024129,0.20378709
0.20047702,0.20249477,0.20680521,0.18597722,0.20424578
0.20035744,0.20285805,0.20458712,0.18881303,0.20338437
0.20687328,0.1974952,0.2023476,0.19133,0.20195393
0.20103595,0.20184654,0.2045277,0.18989663,0.20269318
0.20011021,0.20122415,0.20492092,0.1900582,0.20368655
0.20172185,0.19998208,0.20353615,0.19067156,0.20408842
0.20076326,0.19785388,0.20361267,0.1929728,0.2047974
0.20577647,0.19400786,0.20409942,0.19252609,0.20359021
0.19992714,0.20241955,0.20548357,0.18982543,0.20234433
0.20031399,0.2033483,0.203114,0.19093625,0.2022875
0.20088941,0.20018491,0.20361605,0.19136652,0.20394316
0.20210446,0.19954616,0.20197356,0.1925592,0.2038166
0.20675814,0.19408055,0.20413403,0.19151685,0.2035104
0.20000537,0.20217918,0.20632318,0.18804446,0.2034478
0.1997163,0.20225899,0.20708422,0.18662006,0.20432045
0.2013808,0.2019999,0.20377016,0.18898806,0.20386107
0.20196956,0.20185821,0.20214769,0.19011618,0.20390838
0.20625347,0.19395657,0.2021709,0.19447905,0.20314005
0.20079648,0.19961028,0.20286775,0.19379042,0.20293505
0.20149599,0.2004608,0.20263232,0.19201997,0.20339093
0.20088464,0.19851322,0.20416683,0.19183674,0.20459858
0.19994931,0.19952124,0.2059394,0.18964648,0.20494357
0.20597848,0.19334812,0.20364027,0.1930849,0.20394824
0.20001122,0.20075908,0.20615779,0.18907374,0.20399812
0.2009147,0.20093794,0.2064472,0.18769519,0.204005
0.20005122,0.19677849,0.20814894,0.18908726,0.20593412
0.20004866,0.20174114,0.20568863,0.18877196,0.2037496
0.20396265,0.19786683,0.2034294,0.19313964,0.2016015
0.2012044,0.19845702,0.20554942,0.19101998,0.20376918
0.19947843,0.20387235,0.20674175,0.18671925,0.20318826
0.20030555,0.20022136,0.20456283,0.1906752,0.20423502
0.20011424,0.20060432,0.20395987,0.19141181,0.20390977
0.20638523,0.19419809,0.20411831,0.19106638,0.20423198
0.20031117,0.20196813,0.20551486,0.18918438,0.20302144
0.19899818,0.20493644,0.2039018,0.1897214,0.20244215
0.20003064,0.20041747,0.20447417,0.1906059,0.20447181
0.19905382,0.20323312,0.20483592,0.18921782,0.2036593
0.20587212,0.19360122,0.20288914,0.19337772,0.20425975
0.19950964,0.2016463,0.20610932,0.18922375,0.203511
0.20047934,0.20146716,0.20474957,0.18961042,0.20369351
0.20000443,0.19773425,0.20620741,0.18988699,0.20616691
0.20134807,0.19547173,0.2048452,0.19249459,0.20584041
0.2045566,0.19776072,0.2026681,0.19321941,0.2017952
0.20015198,0.19901808,0.20558242,0.19118744,0.20406006
0.19971427,0.19753526,0.20543808,0.19253616,0.20477626
0.19833332,0.20351776,0.20522527,0.1896337,0.20328991
0.19940747,0.20272985,0.20183918,0.19355337,0.20247012
0.20431538,0.19507036,0.20576513,0.1908247,0.20402445
0.19973178,0.20056939,0.20519966,0.19096053,0.20353864
0.19916461,0.19991961,0.2041628,0.19328976,0.20346323
0.19736002,0.2005314,0.20761845,0.18976276,0.2047274
0.19878687,0.20161933,0.20511548,0.1901357,0.20434254
0.20411015,0.19856346,0.20620243,0.18823712,0.20288686
0.20041102,0.20123136,0.20399033,0.19105817,0.20330915
0.19813508,0.20365551,0.20585923,0.188893,0.20345719
0.19940563,0.20321037,0.20307058,0.19091935,0.20339409
0.19990323,0.20078696,0.2036075,0.19259882,0.20310345
0.2038546,0.19877058,0.20557635,0.18923752,0.20256093
0.19825971,0.20032237,0.20815337,0.1886665,0.20459804
0.19859886,0.19902481,0.2061954,0.19109632,0.20508462
0.2003642,0.19770235,0.20604452,0.1896824,0.20620655
0.1985495,0.20187412,0.2043942,0.19131984,0.20386232
0.20454632,0.19056027,0.20553227,0.19332585,0.20603527
0.19925584,0.20004733,0.20665415,0.18978971,0.20425293
0.19779229,0.19934385,0.20752577,0.1898435,0.20549457
0.19713569,0.20325525,0.20416865,0.19253129,0.20290911
0.1986166,0.20162009,0.20531067,0.19049552,0.20395711
0.20248404,0.19719091,0.20481245,0.1933978,0.20211482
0.19827889,0.19974469,0.20636767,0.19186772,0.20374103
0.19702443,0.20321034,0.20782076,0.18780553,0.20413898
0.19829686,0.19842349,0.20608687,0.19213875,0.205054
0.197616,0.20189069,0.20641221,0.18969434,0.20438676
0.20437142,0.19603893,0.20379163,0.19207396,0.20372403
0.19763696,0.20168296,0.20587623,0.19127035,0.2035335
0.19806515,0.20139809,0.20599547,0.19008215,0.20445916
0.19920425,0.20077452,0.2043713,0.19145767,0.20419227
0.19901532,0.20252496,0.20438142,0.1900509,0.20402737
0.20448498,0.19831873,0.20378074,0.1911787,0.20223683
0.19936082,0.19847901,0.20830175,0.18781933,0.20603913
0.19743921,0.20180313,0.20851147,0.18729381,0.20495237
0.19780232,0.19824152,0.20573533,0.19243374,0.20578708
0.19714373,0.20232277,0.20587067,0.19055998,0.20410287
0.20295312,0.19276439,0.20637959,0.1930807,0.20482224
0.19604248,0.20152034,0.2068988,0.1917101,0.2038283
0.19846642,0.19901562,0.20656456,0.19069274,0.2052607
0.19789621,0.2029885,0.20375349,0.1925002,0.20286158
0.19789891,0.2004676,0.20623846,0.19082692,0.20456809
0.20245093,0.1993368,0.20611936,0.18947382,0.20261908
0.19657677,0.20390056,0.20714651,0.18853895,0.2038372
0.19887742,0.19869561,0.2070961,0.19009972,0.20523116
0.19679882,0.20180053,0.20417102,0.19374956,0.2034801
0.19695458,0.20074537,0.20601317,0.19146109,0.20482582
0.20318745,0.19841269,0.20358065,0.19265468,0.20216453
0.19883066,0.1963621,0.20631024,0.19291443,0.2055826
0.19770564,0.20067768,0.20711373,0.1891303,0.20537262
0.19698907,0.1987933,0.20604192,0.19340523,0.20477045
0.19525309,0.20357506,0.20579961,0.19174492,0.20362733
0.2031858,0.19784535,0.20194446,0.19607027,0.20095417
0.19663519,0.20010744,0.20770366,0.19099079,0.20456293
0.19793586,0.19759235,0.2064306,0.19190395,0.20613725
0.19755246,0.20141995,0.20361851,0.19400078,0.20340827
0.19787818,0.20150144,0.20558915,0.19058642,0.20444481
0.20196716,0.19837496,0.20219462,0.19569135,0.20177189
0.19622684,0.19866945,0.20947632,0.19030839,0.20531903
0.19608453,0.203823,0.205743,0.19094557,0.20340385
0.19594102,0.20236112,0.20679235,0.19011647,0.20478907
0.1971065,0.20229736,0.20524138,0.19107716,0.20427759
0.20176823,0.19905227,0.20426984,0.19253835,0.20237125
0.19562005,0.20251825,0.20533092,0.19336827,0.20316255
0.19703485,0.20283431,0.2070053,0.18873143,0.20439413
0.19737633,0.20335035,0.20718819,0.19055213,0.20153299
0.2008375,0.19987957,0.20258597,0.1969789,0.19971804
0.1997987,0.19881907,0.20254421,0.1984427,0.20039535
0.19554766,0.20237145,0.20713383,0.19059807,0.204349
0.19829924,0.20076928,0.2075693,0.19072254,0.2026396
0.1965175,0.20361097,0.20551275,0.19051799,0.20384078
0.1955463,0.2024909,0.20916577,0.18706952,0.20572759
0.20081726,0.19623142,0.20358285,0.19723687,0.2021316
0.19759342,0.20145771,0.20869029,0.1895946,0.20266396
0.1977889,0.20075257,0.20973296,0.18858373,0.20314182
0.1978142,0.2007472,0.20620587,0.19286822,0.20236446
0.1983623,0.20096609,0.20801975,0.18976238,0.20288949
0.19913943,0.19915554,0.20413941,0.19576259,0.20180304
0.19772913,0.1984691,0.2108032,0.18924424,0.2037543
0.19683968,0.20099668,0.20962887,0.1886843,0.20385046
0.1986487,0.1994422,0.20843893,0.19077587,0.2026943
0.19591288,0.20511517,0.20757063,0.18971306,0.20168832
0.19901864,0.19947821,0.20626016,0.19312099,0.202122
0.19600515,0.20156339,0.2091255,0.18966621,0.20363976
0.19794711,0.19976458,0.20755275,0.19139296,0.2033426
0.19761063,0.20174024,0.20781241,0.18995044,0.20288624
0.19844992,0.19877575,0.20618246,0.19377328,0.20281854
0.19809808,0.20141302,0.20424238,0.19539459,0.20085195
0.19573896,0.1995148,0.21083364,0.1890272,0.20488538
0.19691195,0.20156494,0.20981386,0.1876471,0.20406216
0.19796127,0.19931558,0.20921974,0.18917893,0.2043245
0.19718766,0.2005245,0.2080298,0.19021446,0.20404358
0.19850257,0.19996426,0.20439169,0.19597319,0.20116833
0.19746567,0.19676259,0.20921768,0.19222747,0.2043266
0.19915362,0.19815294,0.20919946,0.18933427,0.20415968
0.19535816,0.20114848,0.21007095,0.18861626,0.20480613
0.19833036,0.19736129,0.21259242,0.18663022,0.20508571
0.19843435,0.20322035,0.20377006,0.19429258,0.2002827
0.19345604,0.20024745,0.21122284,0.19027193,0.20480174
0.19693306,0.19722256,0.21068718,0.19076908,0.20438811
0.19760689,0.1992268,0.20830868,0.19113609,0.20372154
0.19613703,0.2015571,0.20672657,0.19251356,0.20306577
0.19634897,0.20045818,0.20639461,0.19488971,0.20190853
0.19634418,0.19592164,0.20724387,0.19633856,0.20415178
0.19682299,0.19923298,0.20969123,0.1898834,0.20436946
0.19811314,0.19864877,0.20798604,0.19150276,0.20374933
0.19826059,0.19748662,0.20963758,0.19025843,0.20435677
0.19625345,0.19871022,0.20644782,0.1967321,0.20185637
0.19625625,0.20033057,0.2091397,0.19005138,0.20422207
0.1958059,0.19848762,0.21130097,0.18913184,0.20527367
0.19635361,0.20298517,0.20855315,0.18840511,0.20370296
0.19687733,0.1984875,0.20937374,0.19101621,0.20424522
0.1964718,0.19945183,0.20557813,0.19638766,0.20211057
0.1971202,0.19583015,0.2094686,0.19295397,0.20462708
0.196765,0.1984297,0.2091533,0.19139238,0.20425962
0.19583443,0.19975936,0.21075685,0.18861572,0.20503363
0.19780606,0.2016467,0.20728149,0.19035167,0.20291407
0.19611625,0.20097235,0.20753472,0.19349638,0.20188029
0.19766551,0.19672231,0.21044636,0.19055633,0.20460942
0.19818489,0.19569804,0.21015476,0.1911821,0.20478015
0.20002507,0.19748297,0.20683673,0.19287156,0.20278369
0.19675642,0.20059653,0.20883335,0.19018596,0.2036277
0.19727845,0.19867124,0.2050284,0.19669972,0.2023222
0.19748467,0.19645593,0.20938796,0.1933493,0.20332211
0.19935253,0.19516645,0.20775415,0.19428682,0.20344004
0.19654629,0.19742747,0.20851938,0.1935289,0.20397796
0.20051157,0.19668521,0.20631708,0.19373903,0.20274712
0.19553013,0.2019342,0.20321774,0.19897382,0.20034415
0.19697355,0.1963865,0.21046703,0.19123054,0.20494239
0.19782448,0.19711092,0.20966405,0.19089109,0.2045094
0.20041838,0.19610073,0.20617916,0.19472381,0.2025779
0.19848321,0.19813791,0.20855299,0.19125135,0.20357451
0.19701687,0.20065324,0.20567636,0.19464315,0.20201036
0.19745779,0.19811583,0.20891863,0.19135138,0.20415634
0.19668718,0.20087665,0.20954084,0.18949693,0.20339838
0.19817135,0.19839248,0.2084846,0.19108652,0.20386511
0.19768247,0.19786175,0.2090404,0.19104771,0.20436764
0.19623445,0.19821335,0.20577559,0.19792935,0.20184724
0.19810715,0.1958638,0.21029578,0.19105092,0.20468237
0.19715188,0.19817209,0.2097952,0.19049071,0.20439011
0.19818254,0.19805704,0.21019451,0.18941511,0.2041508
0.20076753,0.19306421,0.20861498,0.19343938,0.20411395
0.19568242,0.19960849,0.2069869,0.19522305,0.20249917
0.19711784,0.19708334,0.21108332,0.19029647,0.20441903
0.19952346,0.19464102,0.21097288,0.19016239,0.20470022
0.19789287,0.1964886,0.21079637,0.18978457,0.20503756
0.1973117,0.19937506,0.20849502,0.19125599,0.20356219
0.19749251,0.19681266,0.20671071,0.19646958,0.20251454
0.1974338,0.1935207,0.21015647,0.19374749,0.20514153
0.19791357,0.19650525,0.20868826,0.19297619,0.20391673
0.1980173,0.19965863,0.20747277,0.19196433,0.20288698
0.19638173,0.1974301,0.20984577,0.19189136,0.20445104
0.19594619,0.20046435,0.20511729,0.1969221,0.20155008
0.19543883,0.20008592,0.21122208,0.1886496,0.20460355
0.19798131,0.19636455,0.2091754,0.19241047,0.20406826
0.19730212,0.19541743,0.2098265,0.19273256,0.20472139
0.2007761,0.1949382,0.20822558,0.19260564,0.20345452
0.19618349,0.20046793,0.20441382,0.19745365,0.20148112
0.19569217,0.19703841,0.21162635,0.19037092,0.20527218
0.19634254,0.19771987,0.21045287,0.1907159,0.20476884
0.20004587,0.19384256,0.20932807,0.192498,0.20428547
0.1983012,0.19887856,0.20756662,0.19233786,0.20291576
0.19560936,0.1991116,0.2053857,0.19774304,0.20215032
0.19712861,0.19500689,0.21085976,0.19266671,0.20433806
0.19938295,0.19277467,0.21130794,0.1917827,0.20475176
0.19837436,0.1976579,0.20802596,0.19286264,0.20307912
0.19672683,0.19698554,0.21023704,0.19151421,0.20453636
0.1937187,0.20101833,0.20452724,0.20049116,0.20024455
0.1959253,0.19735385,0.20996682,0.1923029,0.20445108
0.19992861,0.19395828,0.20779616,0.1948673,0.2034496
0.19657904,0.19766638,0.20975795,0.19135799,0.20463867
0.19603914,0.20076197,0.2096303,0.1898048,0.20376377
0.19413261,0.20110722,0.20665988,0.19607124,0.20202902
0.20041096,0.19358045,0.20806801,0.19488382,0.20305678
0.19884893,0.19660947,0.20796295,0.19324327,0.20333539
0.19593629,0.19876862,0.21005948,0.19146857,0.20376705
0.20437393,0.18870614,0.20657122,0.19693941,0.2034093
0.19527754,0.1986409,0.20538433,0.19850421,0.20219302
0.19645841,0.19515921,0.21088196,0.19247597,0.20502442
0.1986236,0.19624747,0.20821342,0.19381851,0.203097
0.19904009,0.19533955,0.21005085,0.19164889,0.20392062
0.19970953,0.19318826,0.20954324,0.19378959,0.20376939
0.19640435,0.19620152,0.20653741,0.19789307,0.2029636
0.19734375,0.19600095,0.20811978,0.1951158,0.20341974
0.1981013,0.19434556,0.20860606,0.19508503,0.20386207
0.19908787,0.19516374,0.20764089,0.1950206,0.20308691
0.19837384,0.19415738,0.20792286,0.19595507,0.20359084
0.19400987,0.20087707,0.20558225,0.19801103,0.20151979
0.19493815,0.19774051,0.20966758,0.1935699,0.20408383
0.19729023,0.19341013,0.20996232,0.19480702,0.20453027
0.2020848,0.19204447,0.20625234,0.19708073,0.20253764
0.19836512,0.19368778,0.20930979,0.1945352,0.20410213
0.19481716,0.19615328,0.20450431,0.20242204,0.20210323
0.19612657,0.19598375,0.20969877,0.19403769,0.2041532
0.19797204,0.19288868,0.21059093,0.19371034,0.20483798
0.1974442,0.1975228,0.20767026,0.19402792,0.20333481
0.1986501,0.19643795,0.20788887,0.19415462,0.20286848
0.19458233,0.20041333,0.20397767,0.19970046,0.20132619
0.19620067,0.19593142,0.20966579,0.19398908,0.20421304
0.19875094,0.19269638,0.20724481,0.1986117,0.20269613
0.19862637,0.19426587,0.20630199,0.1983545,0.20245118
0.19730729,0.1928242,0.20896234,0.19629017,0.20461603
0.19314422,0.20016785,0.20708928,0.19712694,0.2024717
0.1960772,0.19703509,0.2086392,0.19416887,0.20407964
0.20072377,0.19326633,0.20413136,0.19979429,0.20208423
0.19916692,0.19401748,0.20539185,0.19866592,0.20275778
0.19840911,0.19278052,0.20891982,0.19653022,0.20336032
0.1941787,0.19920266,0.204998,0.20045592,0.20116471
0.19690403,0.19324851,0.20829639,0.1973747,0.20417635
0.19700031,0.19415261,0.20929118,0.19511826,0.20443769
0.2024757,0.18825135,0.20918928,0.19645639,0.20362733
0.19890848,0.19230731,0.21063614,0.19368403,0.20446405
0.19361469,0.19835974,0.2067927,0.19867317,0.20255971
0.19634958,0.1918615,0.21010703,0.19687496,0.20480695
0.19703545,0.1931225,0.20788598,0.1979817,0.20397437
0.1955595,0.19646215,0.20970558,0.19392104,0.20435171
0.19854183,0.19262964,0.20842755,0.19682771,0.20357323
0.19238247,0.19937874,0.20632121,0.20038721,0.20153038
0.19651067,0.19346647,0.20989543,0.19567393,0.20445345
0.19569324,0.19700062,0.20828347,0.1957966,0.20322607
0.19559415,0.19678459,0.2091545,0.19487114,0.20359558
0.19733304,0.19416487,0.20747699,0.19793183,0.20309328
0.19271277,0.20046231,0.20412838,0.20175588,0.20094068
0.19726905,0.18981297,0.21249588,0.19441222,0.2060099
0.19683444,0.19446978,0.20734046,0.19845991,0.20289542
0.19571671,0.19682875,0.20629081,0.19859329,0.20257044
0.20003064,0.19195123,0.20647238,0.19889762,0.20264815
0.19357364,0.19981949,0.20633164,0.20024846,0.20002677
0.19641607,0.19657329,0.2073518,0.19640903,0.20324983
0.19578582,0.19462581,0.20795058,0.19761182,0.20402597
0.19816425,0.19227277,0.208978,0.19664691,0.20393807
0.20190346,0.18822108,0.20670834,0.20063035,0.20253682
0.19161326,0.20021082,0.20477428,0.20267141,0.20073025
0.1987,0.18951058,0.21033491,0.1970882,0.2043663
0.19647454,0.1955578,0.20874357,0.19552372,0.20370036
0.19811375,0.19410367,0.20611364,0.19949977,0.2021692
0.1977173,0.19398502,0.20638578,0.19937843,0.20253354
0.19619155,0.19497876,0.20690176,0.20271847,0.19920945
0.19729255,0.19036354,0.20847929,0.19922297,0.20464167
0.19487719,0.19554617,0.20864965,0.19708802,0.203839
0.19947478,0.19106334,0.20729545,0.19931366,0.20285276
0.197178,0.19491006,0.20761585,0.19682738,0.20346865
0.19451106,0.19720654,0.20622219,0.20251359,0.19954659
0.19606541,0.19540675,0.20828843,0.19693464,0.20330477
0.19826302,0.19257426,0.20736788,0.19876753,0.20302728
0.1964925,0.19339909,0.20929652,0.19732909,0.20348279
0.20134264,0.1894275,0.20805053,0.19831643,0.20286293
0.19161864,0.19795574,0.20791258,0.20011947,0.20239355
0.19625205,0.19022232,0.21051306,0.19756559,0.205447
0.1962078,0.19379432,0.2091749,0.19689536,0.2039276
0.19871278,0.19503015,0.20675097,0.19689782,0.20260826
0.19619387,0.1961214,0.20790406,0.19687793,0.20290275
0.19418924,0.19852015,0.20543018,0.2026764,0.19918403
0.19684708,0.19113895,0.20870428,0.19864361,0.20466608
0.19735153,0.19184898,0.20833321,0.1981601,0.20430614
0.19782004,0.19186436,0.20919812,0.19757196,0.20354556
0.19594353,0.19315079,0.20731393,0.20018524,0.2034065
0.19393134,0.19862746,0.20218088,0.20767239,0.19758797
0.19547567,0.192477,0.20986553,0.19805717,0.20412466
0.19747049,0.19138333,0.20823161,0.19895478,0.20395978
0.19909723,0.19213042,0.20679486,0.19923712,0.20274034
0.19665402,0.19751664,0.20555487,0.19883725,0.20143723
0.19325095,0.19737127,0.20622046,0.20332342,0.1998339
0.1978745,0.19040456,0.20827639,0.19953151,0.20391306
0.19739293,0.18974663,0.2073481,0.20160057,0.20391181
0.19595437,0.19379961,0.20731929,0.19978188,0.20314482
0.19752835,0.19284378,0.20287457,0.20500174,0.20175156
0.19428785,0.1980936,0.20435145,0.2044938,0.19877325
0.19540831,0.19122425,0.20943668,0.19855817,0.20537257
0.19570376,0.19676974,0.20630163,0.19874993,0.20247494
0.19474922,0.19655874,0.20644155,0.19959451,0.20265602
0.19641837,0.19543394,0.20599438,0.20002481,0.20212846
0.19397473,0.19675423,0.20596449,0.20383526,0.19947125
0.19636486,0.18918295,0.20909886,0.200359,0.20499429
0.19472158,0.19586524,0.20643643,0.20032692,0.20264979
0.19371752,0.19613625,0.20748909,0.19844657,0.2042106
0.19582093,0.19546461,0.2067651,0.19935377,0.20259558
0.19302103,0.19755036,0.2047263,0.20557836,0.19912396
0.19680667,0.19120702,0.20760763,0.20127709,0.20310158
0.19640459,0.19582567,0.20689802,0.19831721,0.2025545
0.19839524,0.1946541,0.20568669,0.19954476,0.20171918
0.19637862,0.1955412,0.20576216,0.20014162,0.20217642
0.1927355,0.19574773,0.20719303,0.20383576,0.20048802
0.19568712,0.19263068,0.20720384,0.20054646,0.2039319
0.19387859,0.19788215,0.20844468,0.1964077,0.20338684
0.19460225,0.19627535,0.20719597,0.19910875,0.20281766
0.1964087,0.19546519,0.20562437,0.2004342,0.20206748
0.1923499,0.19666968,0.20627217,0.2047624,0.19994587
0.19570178,0.19280614,0.20778464,0.19987133,0.20383608
0.19601835,0.19323651,0.20682397,0.20085017,0.20307095
0.19531626,0.19476637,0.20694269,0.2002472,0.2027275
0.19733083,0.19419767,0.2054948,0.20125216,0.2017245
0.19230773,0.19389716,0.20741849,0.20544146,0.20093518
0.19358592,0.19391783,0.20922036,0.19878945,0.20448647
0.19471042,0.19857843,0.2050094,0.20023783,0.20146392
0.1958525,0.19874215,0.2034623,0.201331,0.20061202
0.196148,0.19753654,0.20272623,0.20351592,0.20007333
0.19280076,0.19524328,0.20581283,0.20649534,0.19964778
0.19459286,0.19218136,0.20827116,0.20063142,0.20432319
0.19343556,0.19952606,0.2047841,0.20064507,0.20160921
0.19530192,0.19917677,0.20304671,0.20278831,0.19968632
0.19610547,0.19898203,0.20139407,0.20390204,0.1996164
0.19214647,0.1972256,0.20563452,0.2054795,0.19951391
0.1933984,0.1964443,0.20533918,0.20239393,0.20242417
0.19642201,0.19845755,0.20272134,0.20252003,0.19987911
0.19456407,0.2004692,0.20303807,0.20157449,0.2003542
0.1960445,0.19984347,0.20213489,0.20236261,0.19961452
0.19243328,0.19470723,0.20529038,0.20774679,0.19982234
0.19383708,0.19701962,0.20635422,0.20033562,0.20245348
0.19274847,0.19971888,0.20424365,0.20172654,0.20156245
0.19454901,0.19974901,0.20226115,0.20341453,0.20002635
0.19525665,0.2007469,0.20168452,0.2032356,0.19907632
0.19269694,0.19426043,0.20518051,0.20835719,0.19950491
0.19564085,0.1951378,0.20478153,0.20336598,0.20107381
0.19223729,0.200623,0.2053153,0.20034152,0.20148289
0.1961071,0.1992986,0.20257655,0.20242864,0.19958909
0.19400907,0.20269392,0.20195276,0.2021758,0.19916841
0.19182096,0.19339405,0.20713101,0.20695893,0.20069504
0.19472854,0.1973401,0.2037793,0.20294566,0.20120642
0.19574222,0.19974881,0.20304944,0.20192282,0.1995367
0.19463263,0.20174101,0.20194435,0.20229794,0.1993841
0.19384736,0.2036183,0.20107023,0.20310776,0.1983564
0.19307198,0.18982647,0.20615219,0.21023588,0.20071353
0.1939825,0.19927976,0.20423207,0.2013093,0.2011964
0.19476119,0.20376255,0.20137663,0.20141661,0.19868293
0.19519654,0.20482105,0.19992682,0.2023248,0.19773078
0.19364533,0.20694709,0.20026048,0.20169109,0.19745602
0.19278142,0.19411926,0.20465542,0.20945424,0.19898961
0.1932564,0.2011071,0.20394471,0.20129903,0.20039274
0.19431941,0.20343749,0.20082535,0.20340954,0.1980082
0.19526523,0.20496841,0.19878414,0.20421273,0.19676946
0.19519785,0.20577535,0.19829164,0.20437531,0.19635984
0.19373202,0.18913412,0.20627972,0.21034057,0.20051356
0.19523908,0.20018098,0.20217422,0.20285706,0.19954863
0.19504564,0.205027,0.1992072,0.20333758,0.19738258
0.19565788,0.2065447,0.19763555,0.20383324,0.19632868
0.19483069,0.20798874,0.19759692,0.20419478,0.19538885
0.19373113,0.19423245,0.20326029,0.21034576,0.19843037
0.1939297,0.203875,0.20132618,0.20178184,0.19908728
0.19411206,0.20687622,0.19938603,0.2026039,0.19702181
0.19413936,0.20664427,0.19795717,0.20504665,0.19621255
0.19372979,0.20986086,0.19767216,0.20302485,0.19571236
0.19353037,0.19292437,0.20349896,0.21125032,0.198796
0.19355583,0.20456977,0.2010743,0.20266637,0.19813372
0.19398074,0.2083979,0.19756018,0.20393273,0.19612847
0.1943397,0.20968223,0.19640888,0.20473678,0.19483238
0.19543909,0.21186282,0.19420996,0.2050815,0.19340669
0.19334422,0.19108991,0.20541109,0.21106872,0.19908601
0.19317378,0.20610584,0.20034552,0.20245667,0.19791819
0.19431446,0.2105274,0.19677599,0.20327689,0.19510525
0.19396132,0.2123745,0.19409728,0.2060532,0.19351375
0.19538416,0.21423104,0.1919721,0.20645943,0.19195326
0.19416802,0.19195357,0.20325257,0.21192123,0.19870462
0.19420543,0.20829967,0.19695543,0.20439546,0.19614401
0.1953608,0.21197386,0.1930529,0.20682456,0.19278793
0.19570798,0.21489346,0.19187832,0.20587625,0.19164398
0.19576223,0.21663705,0.19044071,0.20669691,0.19046311
0.19462232,0.19293699,0.20133707,0.21354896,0.1975546
0.1942227,0.21105103,0.19557695,0.20417611,0.19497323
0.19497797,0.21482834,0.19230644,0.20601216,0.19187513
0.19626845,0.2180166,0.18944772,0.20639755,0.18986967
0.1956885,0.21837707,0.18838514,0.20867696,0.18887234
0.19356546,0.18952116,0.20413819,0.21309036,0.19968484
0.19499391,0.21240367,0.1939299,0.20507082,0.1936017
0.1958541,0.21733393,0.18998834,0.20656227,0.1902614
0.19562297,0.22001895,0.18963501,0.2054004,0.18932268
0.19709602,0.22133726,0.18740344,0.20721152,0.18695177
0.19267087,0.18983595,0.20412718,0.21365415,0.1997119
0.21117386,0.19353767,0.20414276,0.19148277,0.19966294
0.20742956,0.19753163,0.20135464,0.19570337,0.19798082
0.2058265,0.20260063,0.2026154,0.19128649,0.197671
0.20575586,0.20227705,0.20252734,0.19119969,0.1982401
0.20713095,0.19899456,0.19932479,0.19556628,0.19898345
0.2110506,0.20085298,0.19731148,0.1970226,0.1937623
0.2070443,0.2032945,0.2003834,0.19277245,0.19650538
0.20599948,0.20281158,0.20100047,0.19263788,0.1975506
0.2057551,0.20067114,0.19975846,0.19613233,0.19768298
0.20499158,0.20845844,0.19698776,0.19490197,0.19466026
0.21128152,0.19931868,0.20121434,0.18932705,0.1988584
0.20329379,0.20542671,0.20277287,0.19146007,0.1970466
0.2055176,0.2044453,0.20149681,0.19180495,0.19673532
0.20470685,0.2013148,0.19847459,0.19823863,0.19726512
0.20561865,0.20289086,0.19864713,0.19450887,0.19833446
0.210667,0.19377732,0.20112821,0.19393401,0.20049345
0.20397821,0.20393398,0.19934762,0.19591156,0.19682862
0.20459947,0.20716995,0.2013628,0.19049715,0.19637063
0.2028153,0.20746581,0.20342182,0.18947506,0.196822
0.20442116,0.20166427,0.19947658,0.19584192,0.19859608
0.20721923,0.2043781,0.19624592,0.1985037,0.19365303
0.20381932,0.20492272,0.20058303,0.19393897,0.19673598
0.2038722,0.20267296,0.20062803,0.19484304,0.19798377
0.20593253,0.19941458,0.2022766,0.19257024,0.19980599
0.20078504,0.21011187,0.19804175,0.19630581,0.19475552
0.2071978,0.19656502,0.20205116,0.19450378,0.1996822
0.20371689,0.20076856,0.20082642,0.19614214,0.19854598
0.20216537,0.20398627,0.20192996,0.19366907,0.19824931
0.20365828,0.20484549,0.19972698,0.19420193,0.1975673
0.20457865,0.21002324,0.20167094,0.18754894,0.19617823
0.20733845,0.20180948,0.20136836,0.19241159,0.19707213
0.2017608,0.20283058,0.20255797,0.1943477,0.19850299
0.20300205,0.2072724,0.2031903,0.18974888,0.19678643
0.20428583,0.20296314,0.19943282,0.19514519,0.19817303
0.2042194,0.20322952,0.198751,0.19528519,0.19851483
0.2072199,0.20006509,0.20176849,0.1924679,0.19847862
0.20129439,0.205786,0.20349273,0.19164889,0.197778
0.2031528,0.20367001,0.20139103,0.19315948,0.19862668
0.20306414,0.20574339,0.20119794,0.19214603,0.19784851
0.20378456,0.20026872,0.20546673,0.1897478,0.20073223
0.20861489,0.20157003,0.20068714,0.19187187,0.19725609
0.20196453,0.20512712,0.20147613,0.19398223,0.19745004
0.20483397,0.19705896,0.20275135,0.19345534,0.20190042
0.20007887,0.21383272,0.19825596,0.19412129,0.19371122
0.20407097,0.2067448,0.19966951,0.19245508,0.19705965
0.20656192,0.20411782,0.20198786,0.19064182,0.19669056
0.2024518,0.20485555,0.20221293,0.19310096,0.19737874
0.20096324,0.21092597,0.20095551,0.19083868,0.19631663
0.2040374,0.2024435,0.19850796,0.19718419,0.19782694
0.20166932,0.20590746,0.2018073,0.19140352,0.19921237
0.20692205,0.20045704,0.20066431,0.19430421,0.19765234
0.20180458,0.20491053,0.20191257,0.19346799,0.19790438
0.2029812,0.20964767,0.20090473,0.18909311,0.1973733
0.20232253,0.20774214,0.20093945,0.19155367,0.19744216
0.20193955,0.205504,0.20241688,0.1915585,0.1985811
0.20716119,0.19896963,0.19972643,0.19649774,0.19764498
0.20250109,0.2075607,0.2021343,0.19034795,0.19745593
0.20163445,0.20568849,0.20183304,0.19274397,0.19810006
0.20180301,0.20132378,0.20309736,0.1931384,0.20063744
0.20138387,0.20837538,0.19865505,0.19573067,0.19585499
0.20552546,0.20028153,0.20182234,0.19431551,0.1980552
0.20111348,0.20356739,0.20284134,0.19355781,0.19891998
0.20140788,0.20228834,0.20680694,0.18903719,0.20045961
0.20065556,0.20778957,0.20015645,0.19444783,0.19695058
0.2038209,0.20382987,0.19985417,0.19402657,0.19846849
0.20752497,0.20013206,0.2002489,0.19423467,0.19785938
0.19920775,0.20727803,0.19906549,0.19888477,0.19556394
0.20003352,0.2070756,0.20558281,0.18813543,0.19917265
0.20368858,0.20556346,0.20124978,0.19006991,0.19942828
0.20263836,0.20509711,0.20173831,0.19153464,0.19899155
0.20695217,0.19838764,0.20174177,0.19409041,0.19882803
0.20382676,0.20690076,0.20202,0.18915945,0.19809303
0.2017004,0.20303205,0.2013562,0.19454956,0.1993618
0.20104866,0.20478038,0.20263116,0.1920565,0.19948328
0.20191811,0.20306812,0.20331533,0.19149588,0.20020255
0.20589343,0.20436215,0.20228216,0.19015299,0.19730924
0.20132521,0.20429552,0.20486315,0.19003041,0.19948572
0.20385379,0.19983926,0.20492995,0.1891405,0.20223643
0.20139247,0.2068016,0.19911167,0.19667985,0.19601437
0.2029735,0.2050687,0.20297654,0.18921895,0.19976227
0.20679446,0.19955282,0.2005503,0.19525287,0.19784956
0.20052058,0.20762363,0.19947243,0.19680692,0.19557643
0.20231903,0.2035344,0.20263028,0.19192953,0.19958673
0.20082884,0.2058189,0.20485708,0.18891495,0.1995802
0.20133285,0.20313917,0.20358843,0.19143836,0.2005012
0.20501238,0.20223041,0.2008975,0.19429806,0.19756164
0.20328759,0.20446117,0.20281635,0.18954092,0.19989403
0.19992605,0.20599636,0.20622286,0.18748452,0.20037019
0.20266819,0.20222624,0.20233111,0.1920147,0.2007598
0.20099708,0.20282349,0.2057406,0.18905012,0.2013887
0.20489448,0.20053911,0.20432831,0.19084539,0.19939268
0.2009172,0.2036534,0.2050671,0.1901163,0.20024604
0.20470802,0.19373162,0.20585176,0.19141954,0.20428899
0.2022417,0.20216906,0.20222744,0.19296922,0.20039262
0.20102192,0.20268334,0.20279011,0.19316639,0.2003382
0.2050969,0.19868904,0.20529936,0.19001405,0.20090061
0.19900936,0.20827614,0.20248531,0.19271329,0.19751592
0.20058331,0.20269717,0.20323811,0.1935493,0.1999321
0.20088921,0.20523664,0.20151228,0.19344568,0.19891617
0.20239867,0.20067261,0.20416407,0.19078536,0.20197925
0.20504643,0.20092373,0.20244034,0.19412155,0.19746794
0.20223983,0.20358038,0.20043838,0.19512816,0.19861324
0.20038979,0.20455103,0.20405713,0.19131038,0.1996917
0.20168221,0.20406403,0.2018773,0.1930952,0.19928123
0.20140006,0.2044202,0.20509824,0.18760474,0.20147677
0.20596811,0.19438589,0.20470913,0.1926341,0.20230275
0.20340928,0.19667806,0.20683776,0.18973005,0.20334485
0.2020671,0.20041041,0.2037738,0.19213839,0.20161028
0.20169507,0.19938362,0.2050619,0.19117926,0.20268016
0.20265055,0.20290563,0.2028077,0.19076368,0.20087247
0.20693797,0.19742367,0.20207135,0.19447115,0.19909586
0.2025258,0.20210452,0.20566879,0.18868689,0.201014
0.20245501,0.20091376,0.2062763,0.18810272,0.20225224
0.20077296,0.20145111,0.20645897,0.18888716,0.20242982
0.19964665,0.20685776,0.20377848,0.19037315,0.199344
0.20554398,0.20063813,0.20467702,0.18792291,0.20121796
0.2015108,0.20417258,0.20633988,0.18737407,0.20060267
0.20280948,0.19927707,0.20438486,0.19173996,0.20178862
0.2003104,0.20556265,0.20718333,0.18617487,0.20076868
0.20172274,0.20329365,0.20254552,0.19065768,0.20178042
0.20525989,0.19832543,0.20306319,0.19277269,0.20057876
0.20073707,0.20133926,0.20662913,0.18940037,0.20189416
0.20136186,0.20190082,0.20622301,0.18863812,0.20187621
0.20109734,0.20277928,0.20505626,0.18920143,0.20186564
0.20019083,0.20143253,0.2079087,0.18709448,0.20337342
0.20268342,0.20221385,0.20120384,0.19673415,0.19716476
0.20211682,0.20252937,0.20464271,0.19037394,0.20033717
0.20167376,0.20240818,0.20421147,0.19028464,0.20142193
0.19788584,0.20478192,0.20252027,0.19560462,0.19920734
0.2016862,0.1987658,0.20341107,0.19343224,0.2027047
0.20678534,0.19505961,0.20369118,0.19278975,0.20167412
0.19910413,0.20236304,0.2071968,0.1893254,0.20201065
0.20122978,0.1990108,0.20445919,0.19344468,0.20185553
0.20291476,0.20402667,0.20134468,0.18992315,0.20179075
0.20062928,0.2006093,0.20369591,0.19265173,0.20241378
0.20581053,0.19612844,0.2026032,0.19376847,0.2016893
0.20059337,0.20033884,0.20449188,0.19238222,0.20219366
0.20151429,0.20262367,0.20312504,0.19117635,0.20156066
0.20002493,0.20411855,0.2058632,0.18852288,0.20147048
0.20164648,0.20172666,0.20271347,0.19318323,0.20073016
0.2043923,0.19872683,0.20512989,0.19088537,0.20086564
0.20016094,0.20675674,0.20655319,0.18668124,0.1998479
0.19951239,0.20787075,0.19889727,0.19651236,0.19720721
0.20160961,0.20428789,0.20310949,0.19063444,0.20035858
0.20217977,0.204836,0.20324624,0.18830805,0.20142995
0.20426999,0.19992504,0.20517986,0.19024117,0.20038398
0.20035848,0.19938098,0.20456189,0.19465196,0.20104665
0.19990714,0.2030848,0.2045292,0.1906054,0.20187344
0.20030302,0.20201026,0.20581684,0.18979667,0.20207322
0.20190546,0.20197672,0.20177208,0.19316742,0.20117836
0.20630196,0.19547257,0.20231952,0.1944373,0.20146868
0.20109935,0.20147693,0.20538494,0.19044167,0.20159712
0.20121093,0.20037141,0.20450553,0.19196796,0.20194417
0.19921035,0.20342718,0.20470232,0.19167465,0.20098546
0.19938019,0.20378058,0.20399208,0.19133303,0.20151414
0.20338778,0.19779937,0.20614643,0.19070715,0.20195924
0.19913848,0.20590833,0.20041934,0.19700928,0.19752459
0.19986449,0.20529583,0.2024315,0.19276708,0.19964106
0.20065439,0.20631504,0.2046302,0.18786928,0.20053113
0.19976789,0.2012423,0.20470774,0.19225992,0.20202218
0.2042785,0.1976161,0.20451571,0.19203638,0.20155324
0.2009902,0.20437422,0.20528911,0.18768051,0.20166597
0.20083164,0.1995485,0.20525947,0.19099429,0.20336607
0.2004228,0.19968297,0.20679148,0.189194,0.20390874
0.19968495,0.2021455,0.20598531,0.18933178,0.2028525
0.2043988,0.19911389,0.20464659,0.19115289,0.20068784
0.199369,0.20262115,0.20639837,0.1897653,0.20184617
0.20101357,0.19771731,0.20830147,0.18749231,0.20547532
0.19826233,0.20516557,0.20178556,0.19510375,0.19968283
0.19926144,0.20046608,0.20599724,0.19072098,0.20355426
0.2040032,0.19557321,0.20490645,0.19321266,0.20230444
0.19726638,0.20361796,0.20322101,0.19626884,0.1996258
0.19946906,0.19894944,0.20375623,0.19495912,0.20286614
0.20071624,0.20206599,0.20332485,0.19109915,0.20279372
0.200192,0.20271197,0.20522836,0.18857245,0.2032952
0.2027111,0.20084701,0.20344962,0.19330698,0.19968535
0.20088406,0.20375475,0.20318636,0.19101071,0.20116411
0.19892558,0.20289393,0.20590815,0.18978594,0.20248641
0.19947658,0.20198548,0.20685433,0.18878497,0.20289864
0.2001038,0.20231622,0.20542562,0.18949485,0.20265955
0.20473939,0.19639145,0.20273621,0.1943282,0.20180479
0.19906422,0.20454857,0.20717908,0.18763828,0.20156978
0.19975677,0.2014943,0.2030258,0.19465846,0.20106474
0.19998622,0.20200719,0.20433243,0.19191486,0.20175934
0.19879164,0.20232058,0.20422551,0.19225003,0.20241223
0.20698832,0.18775769,0.20854425,0.18901433,0.20769541
0.19942394,0.20335916,0.20376824,0.19252425,0.20092443
0.19738397,0.20385365,0.20613204,0.19079532,0.20183498
0.19806343,0.20501912,0.20470744,0.19089182,0.20131819
0.1986672,0.20071566,0.20603468,0.19174132,0.2028411
0.2006097,0.2031376,0.20864856,0.18696138,0.20064276
0.19935437,0.20309731,0.20596506,0.19001782,0.2015654
0.19921482,0.19906764,0.20768373,0.18982244,0.20421138
0.1990717,0.2007113,0.20778611,0.18848033,0.20395057
0.20087276,0.20319018,0.2054197,0.1868183,0.20369908
0.20221573,0.19701397,0.20539707,0.19346215,0.20191109
0.19737253,0.202523,0.2077368,0.18961883,0.20274884
0.19911194,0.20042495,0.20748164,0.18945073,0.20353074
0.19914088,0.20271243,0.20529191,0.19030295,0.20255187
0.19923408,0.20150171,0.20486556,0.19099328,0.20340537
0.20233405,0.19835012,0.20520918,0.19286378,0.2012429
0.19509965,0.2044913,0.20666236,0.19269164,0.20105503
0.19986196,0.2016935,0.2048272,0.1910721,0.2025452
0.19752581,0.20282625,0.2069933,0.18944225,0.20321237
0.2005385,0.19595265,0.20773949,0.19033445,0.20543489
0.202444,0.20056282,0.20201437,0.19564638,0.19933245
0.19788255,0.20139098,0.20806943,0.18967412,0.2029829
0.19695722,0.19919172,0.20781818,0.19159065,0.2044422
0.19725336,0.2039225,0.20584309,0.19047399,0.20250708
0.19820322,0.19970654,0.20516993,0.19350232,0.203418
0.20117024,0.20077632,0.20136182,0.19667798,0.20001365
0.19641009,0.20187972,0.20931022,0.18898773,0.20341226
0.19770047,0.20155017,0.2071046,0.1901499,0.20349485
0.19934736,0.20482597,0.20417216,0.1901781,0.20147642
0.19780725,0.20292471,0.20301747,0.19459578,0.20165479
0.20224632,0.1978641,0.20544589,0.1925583,0.20188536
0.19774206,0.20116939,0.20687912,0.19170728,0.20250216
0.19763066,0.20238228,0.20598365,0.19096906,0.20303436
0.19783925,0.20183374,0.20812458,0.18832631,0.20387608
0.19776574,0.20176925,0.20449683,0.19301243,0.20295575
0.2015351,0.1921797,0.21033593,0.18899052,0.20695879
0.19697121,0.20090444,0.20756349,0.19159867,0.20296216
0.19700767,0.20082115,0.2072208,0.19189842,0.20305195
0.19735207,0.20266709,0.2054792,0.19187978,0.2026219
0.19899075,0.20059875,0.20688038,0.18954337,0.20398678
0.2004754,0.2023458,0.20331833,0.19481558,0.19904488
0.19814715,0.2007642,0.20602149,0.19320899,0.20185824
0.19783337,0.20155026,0.20600663,0.19186072,0.20274903
0.19751602,0.2042865,0.20441164,0.19522227,0.19856358
0.19647339,0.20311788,0.2076007,0.18953103,0.20327699
0.20133868,0.19705327,0.20413397,0.1957754,0.20169868
0.19686209,0.20232938,0.20714995,0.19096,0.2026986
0.19686113,0.20250459,0.20628077,0.19146276,0.20289077
0.1949413,0.20566563,0.21108603,0.18465212,0.20365494
0.19623479,0.20398149,0.2056753,0.19088528,0.20322315
0.20246093,0.19804913,0.20353101,0.19508429,0.20087464
0.19746077,0.2017147,0.2058355,0.19263561,0.20235339
0.19637425,0.20520383,0.2059997,0.18997979,0.2024424
0.19680327,0.20271653,0.20588394,0.19224988,0.20234632
0.19692957,0.20180206,0.20671467,0.19109616,0.20345755
0.20161192,0.19782825,0.20337825,0.19569534,0.20148621
0.19574355,0.20066364,0.20845965,0.19152755,0.20360564
0.20079553,0.19951332,0.20582654,0.19376488,0.20009977
0.19780232,0.2029414,0.20454158,0.19242105,0.2022936
0.1967106,0.20447,0.20645668,0.18972413,0.20263857
0.20074457,0.19860484,0.2054415,0.19346686,0.20174219
0.1962105,0.20205571,0.20888016,0.18902476,0.20382884
0.19689772,0.20144337,0.20526059,0.194019,0.20237936
0.19766909,0.19615841,0.21088868,0.18851268,0.20677114
0.19637454,0.20609507,0.20293349,0.19615358,0.19844331
0.2003516,0.19945768,0.20349836,0.1962433,0.20044903
0.19850004,0.19986627,0.20898798,0.19156715,0.20107852
0.19873536,0.19844393,0.20860204,0.18961181,0.20460686
0.1981451,0.2014212,0.20465152,0.19627951,0.19950268
0.1960405,0.20286353,0.20517062,0.1933405,0.20258485
0.20054667,0.19704564,0.20653073,0.19370784,0.20216906
0.19606034,0.20126733,0.20840092,0.19110925,0.20316216
0.19564283,0.20389114,0.20534103,0.19349308,0.20163195
0.19934992,0.19586891,0.20668289,0.19610792,0.20199038
0.19804779,0.20463851,0.20434794,0.19012378,0.20284204
0.20070426,0.19941598,0.20425358,0.19450662,0.20111956
0.19666733,0.20133393,0.2069095,0.19223319,0.20285606
0.19580795,0.20252948,0.20990224,0.18777859,0.20398176
0.19751057,0.2021956,0.2061118,0.19037999,0.20380205
0.19652353,0.20464267,0.20560071,0.1909641,0.20226894
0.19991377,0.20127152,0.20513624,0.19275635,0.2009221
0.1977288,0.20261331,0.20604424,0.19087406,0.20273957
0.1999452,0.20287427,0.2046108,0.19261396,0.19995579
0.19939804,0.20239924,0.20681103,0.19190952,0.19948219
0.20256668,0.19822447,0.20510663,0.1941492,0.19995302
0.19987987,0.1986218,0.20702538,0.19271821,0.20175473
0.19847026,0.20026706,0.20903836,0.19079939,0.20142488
0.19820128,0.20068212,0.2089601,0.19087887,0.20127758
0.20162256,0.19959621,0.20419009,0.1953256,0.19926557
0.19849254,0.19560477,0.20913202,0.19030353,0.20646714
0.19903024,0.19768268,0.2070892,0.19434842,0.20184946
0.19825168,0.1979615,0.20932245,0.1929053,0.2015591
0.19910346,0.20097102,0.2083521,0.19140173,0.2001717
0.20306773,0.19289915,0.21239732,0.18799423,0.20364158
0.1979279,0.20112725,0.203215,0.19906358,0.19866624
0.20061016,0.19866489,0.20436619,0.19549344,0.20086531
0.19827698,0.20148626,0.20825975,0.19172502,0.20025198
0.20164895,0.19564922,0.21230316,0.18720073,0.20319796
0.19804995,0.20380771,0.20395705,0.19578105,0.19840424
0.19967681,0.20121919,0.20466068,0.19511019,0.19933316
0.1987518,0.20266902,0.20500527,0.19338727,0.20018664
0.19641526,0.2005389,0.20966747,0.1884578,0.20492052
0.19648142,0.20294963,0.20473118,0.19596471,0.19987305
0.1974495,0.20120004,0.20702188,0.19281133,0.20151728
0.19948578,0.19894767,0.20734009,0.19312806,0.20109843
0.1988819,0.19722565,0.20623973,0.19627103,0.20138167
0.19637865,0.20109579,0.20475633,0.1982589,0.19951034
0.19933212,0.20088056,0.20540975,0.19518588,0.19919166
0.19569956,0.20680602,0.2109832,0.18513606,0.20137511
0.19943786,0.200974,0.20548825,0.1945713,0.19952853
0.19876972,0.19769163,0.20539238,0.19673035,0.20141591
0.19859286,0.1965606,0.20763275,0.19597948,0.20123436
0.19961128,0.20075351,0.20791139,0.1908681,0.2008557
0.20071381,0.2000288,0.20685863,0.19159363,0.20080508
0.2015261,0.19615342,0.20867224,0.19198242,0.20166577
0.19913442,0.19735435,0.20600177,0.1959183,0.20159116
0.1970342,0.20298862,0.20960206,0.18900394,0.20137118
0.19931892,0.2019257,0.20511684,0.19302528,0.20061329
0.20101207,0.19571348,0.20727584,0.19430447,0.20169412
0.19854577,0.20019597,0.20729133,0.19283693,0.20113
0.19755971,0.20188403,0.2087725,0.1904104,0.20137337
0.20010623,0.20088243,0.20517251,0.19381702,0.20002179
0.20031613,0.19898474,0.2067974,0.19268233,0.20121935
0.2002052,0.2012494,0.20520772,0.19304217,0.2002955
0.19923772,0.19742134,0.20770426,0.1934531,0.20218357
0.19827375,0.20238571,0.20450795,0.1946143,0.20021828
0.19734138,0.19998509,0.2071628,0.19455934,0.20095138
0.20008807,0.19825262,0.20530488,0.19626409,0.20009035
0.19824599,0.19829263,0.20828074,0.19376329,0.20141737
0.20042433,0.1990426,0.20438066,0.19688378,0.19926858
0.19706134,0.20126408,0.20681946,0.19365266,0.20120245
0.19753276,0.19682902,0.21032931,0.1929361,0.20237282
0.20066802,0.19550727,0.20766066,0.1947323,0.20143177
0.20060846,0.19788128,0.20852555,0.19126049,0.20172425
0.19993517,0.19796118,0.2078477,0.19287266,0.20138328
0.19715294,0.20094426,0.20518309,0.19580089,0.20091882
0.19604193,0.19988911,0.20778345,0.19471449,0.20157099
0.19907732,0.19764425,0.20819423,0.19364168,0.20144252
0.20011978,0.19694677,0.21220365,0.18767421,0.20305562
0.19740422,0.20012362,0.20836249,0.19169001,0.20241965
0.1968408,0.19945888,0.20589307,0.1969457,0.20086157
0.19725676,0.19600412,0.20992564,0.1942396,0.2025739
0.1972101,0.19937721,0.20766108,0.19376926,0.20198232
0.19956517,0.19393755,0.21010913,0.19347154,0.20291664
0.20085098,0.19605295,0.20738836,0.19406483,0.20164292
0.19699045,0.20185597,0.20419987,0.19760756,0.19934618
0.19677994,0.19660755,0.210261,0.19333716,0.20301434
0.20100904,0.19454427,0.20862396,0.19359326,0.20222947
0.19948038,0.1967906,0.2082536,0.19466777,0.2008076
0.19945495,0.19620727,0.20902145,0.1928903,0.202426
0.19853845,0.19903243,0.20358826,0.19844502,0.20039588
0.19757584,0.19663794,0.20916395,0.19464758,0.20197465
0.19709073,0.19974141,0.20798138,0.19330911,0.20187739
0.20245573,0.19322114,0.20975257,0.1924075,0.20216307
0.20381403,0.19119751,0.20537661,0.19838913,0.20122272
0.1971912,0.20189512,0.20536049,0.1948473,0.2007059
0.19759497,0.1950141,0.20955326,0.19516158,0.20267612
0.19904386,0.19613403,0.20762785,0.19561689,0.20157743
0.20154215,0.19116707,0.21179625,0.19206738,0.20342717
0.2009242,0.19295767,0.2076276,0.19682796,0.20166253
0.19616258,0.2000063,0.2063903,0.19657262,0.20086814
0.195982,0.19647597,0.20717001,0.19878475,0.20158735
0.20291042,0.18972291,0.20729499,0.1984553,0.20161638
0.20238297,0.19004877,0.21206059,0.19186708,0.20364057
0.19851837,0.19537047,0.2102118,0.1931732,0.20272616
0.19688787,0.19894709,0.20678106,0.19556355,0.20182043
0.19857448,0.19524369,0.21021023,0.19325612,0.20271549
0.1984222,0.19667317,0.2082548,0.19472472,0.20192514
0.20057671,0.1919381,0.2113424,0.19248004,0.20366278
0.20228192,0.19053827,0.20663399,0.19824874,0.20229708
0.19717838,0.20001237,0.20575732,0.1960146,0.20103735
0.19538721,0.19862203,0.20838925,0.19529271,0.20230879
0.19918393,0.19394532,0.2083189,0.19627436,0.2022775
0.2006238,0.19439103,0.20979261,0.1925551,0.20263742
0.19845444,0.19719253,0.20715453,0.1957367,0.20146179
0.19553654,0.19944307,0.20324562,0.20139158,0.2003832
0.19722848,0.19585429,0.20720528,0.19804941,0.20166257
0.2003839,0.1921975,0.20779753,0.19794506,0.201676
0.19879009,0.19349195,0.21034949,0.19416513,0.20320334
0.1990881,0.19688602,0.20686147,0.19569401,0.20147035
0.19563748,0.20111513,0.20554002,0.19673416,0.20097324
0.19633152,0.19823639,0.20919202,0.19414796,0.20209208
0.20227632,0.19012237,0.20743407,0.19806036,0.20210688
0.1999785,0.19283447,0.20778124,0.19678405,0.20262171
0.19902219,0.19538341,0.20835486,0.19476362,0.2024759
0.19725643,0.20199732,0.20195897,0.1993873,0.19939998
0.19602548,0.19792235,0.20986544,0.1930441,0.20314261
0.19706291,0.19925325,0.20820428,0.19349433,0.20198523
0.20072298,0.191344,0.20826064,0.19722539,0.20244694
0.19774388,0.19788139,0.20808251,0.1943151,0.2019771
0.19421715,0.20099081,0.20311514,0.20184334,0.19983351
0.19675982,0.19450356,0.20964028,0.19595355,0.20314282
0.19625862,0.19765079,0.20628974,0.19807263,0.20172822
0.19943218,0.19240154,0.20870562,0.19683948,0.20262115
0.19822684,0.19433561,0.20831393,0.1961391,0.20298454
0.19664818,0.20211112,0.20340814,0.19792789,0.19990465
0.19660755,0.19655304,0.20903955,0.1947336,0.20306621
0.1971538,0.1973036,0.20859861,0.19425873,0.20268525
0.19698289,0.19571786,0.2103241,0.19347388,0.20350124
0.19691753,0.19440179,0.21060356,0.19405562,0.20402147
0.19380742,0.19700173,0.20458372,0.20305988,0.20154722
0.19667047,0.1999595,0.20717262,0.19415402,0.20204334
0.19800663,0.19542727,0.2083637,0.19537076,0.20283166
0.19804187,0.19402432,0.21001919,0.19440694,0.20350765
0.19687308,0.19602917,0.20815541,0.19621456,0.20272782
0.19307686,0.20224357,0.2067702,0.19676606,0.2011433
0.1953917,0.20157823,0.20964126,0.19003868,0.20335014
0.19433792,0.19863047,0.21068837,0.19197614,0.20436709
0.19763279,0.19601813,0.20777269,0.19532172,0.20325464
0.19874194,0.19034466,0.20963354,0.19789933,0.20338051
0.19427797,0.19781965,0.20607856,0.20051025,0.20131356
0.19131583,0.19188029,0.21161784,0.19738257,0.20780349
0.19669966,0.19415797,0.20998111,0.19490738,0.20425384
0.19686234,0.19407883,0.20834693,0.19696926,0.20374265
0.19728,0.19189358,0.21030352,0.19598934,0.20453358
0.19347449,0.19977915,0.20550056,0.2008797,0.20036606
0.19395852,0.19428656,0.2074564,0.20076449,0.20353405
0.19390988,0.19058226,0.21150872,0.19661482,0.20738426
0.19721816,0.19647552,0.20918202,0.19373615,0.20338812
0.19823906,0.19147396,0.21147099,0.19439399,0.204422
0.19394237,0.19870767,0.2046534,0.20214225,0.20055428
0.19579619,0.18848439,0.21011224,0.20046037,0.20514677
0.19775786,0.18928483,0.20904364,0.19962518,0.2042885
0.19553705,0.19518916,0.20866305,0.19709504,0.2035157
0.19634248,0.19263346,0.21066499,0.19584338,0.20451573
0.19278122,0.19876936,0.20633806,0.20080279,0.20130856
0.19506426,0.19214287,0.21112587,0.19599535,0.2056716
0.19917585,0.18881226,0.21496318,0.19075486,0.2062938
0.20059179,0.18649007,0.20919783,0.19950207,0.20421821
0.19546005,0.19316235,0.20842801,0.1990795,0.20387007
0.19542326,0.19705817,0.20459612,0.2045742,0.19834827
0.19522808,0.19368903,0.21025053,0.19658257,0.2042498
0.19286035,0.19394109,0.21270029,0.1935909,0.20690735
0.19770071,0.19000624,0.21129635,0.19539744,0.20559926
0.1959208,0.19311437,0.20973206,0.19667742,0.20455538
0.19151628,0.20021299,0.2069308,0.20041406,0.20092586
0.1969302,0.18950108,0.2092806,0.19915001,0.2051381
0.19693168,0.19182833,0.20979568,0.19722323,0.20422108
0.1955075,0.19157858,0.21069,0.19717042,0.20505352
0.19585545,0.19325744,0.20766926,0.19997816,0.2032397
0.19395642,0.19835898,0.20569092,0.20290315,0.19909053
0.1954483,0.18690577,0.21068975,0.20025212,0.20670412
0.19143036,0.19209701,0.21757552,0.18985523,0.20904188
0.19693348,0.19681999,0.20875078,0.19430351,0.2031922
0.19906554,0.19251584,0.20720771,0.19806477,0.20314614
0.19252917,0.19909799,0.20677575,0.20181948,0.19977759
0.19488214,0.18980204,0.21281078,0.19621624,0.20628881
0.19483931,0.19046095,0.20874539,0.20120926,0.20474511
0.19278611,0.19651015,0.20825313,0.19866358,0.20378703
0.1934348,0.19525248,0.20911105,0.19850188,0.20369977
0.19527608,0.19575344,0.20660453,0.20308647,0.19927946
0.19499582,0.19232056,0.21002762,0.19782646,0.20482957
0.19617069,0.19165255,0.2101508,0.19789058,0.20413536
0.19698374,0.1927549,0.2089964,0.19728065,0.20398428
0.1976747,0.19193631,0.21440895,0.1902914,0.2056886
0.19302008,0.1964451,0.2067407,0.20380367,0.19999047
0.19583282,0.19024082,0.21061622,0.19821735,0.2050928
0.19509512,0.1914553,0.21008116,0.19796333,0.20540506
0.19528218,0.19106743,0.21014969,0.19831441,0.20518628
0.19728273,0.19066723,0.20883495,0.19950648,0.20370859
0.1931534,0.19649756,0.20705386,0.203821,0.19947414
0.19557838,0.18900551,0.21087012,0.19881175,0.20573425
0.18961197,0.19262898,0.21559496,0.19235381,0.2098103
0.19659235,0.19531284,0.2097466,0.19468278,0.20366547
0.19726327,0.19592388,0.20628229,0.19818673,0.20234388
0.194326,0.19594775,0.20625688,0.20420076,0.19926862
0.19569659,0.18738337,0.21224372,0.19821249,0.20646384
0.19532211,0.1950461,0.2086295,0.19761796,0.20338431
0.194488,0.19507301,0.20477289,0.20345071,0.2022154
0.1938994,0.19638154,0.20426281,0.2036829,0.20177336
0.19291815,0.19654498,0.20583023,0.20613661,0.19857004
0.26076233,0.13659456,0.19126457,0.21982008,0.19155839
0.19750646,0.19310874,0.20642562,0.20158812,0.20137106
0.19770582,0.19599564,0.2048508,0.20068589,0.20076187
0.19266072,0.19822253,0.20835157,0.19702044,0.20374468
0.19344115,0.19712546,0.20333737,0.20769992,0.1983961
0.19407906,0.18956703,0.21161674,0.19887865,0.20585854
0.19495685,0.1939597,0.20818272,0.19943006,0.20347063
0.19032617,0.19918051,0.21228963,0.19181094,0.2063927
0.19430667,0.20209527,0.2052587,0.19712201,0.20121734
0.19541788,0.19621433,0.20524296,0.20457974,0.19854508
0.19448824,0.19131133,0.21034525,0.19985965,0.20399553
0.19700156,0.19278325,0.2065189,0.20121439,0.20248188
0.19569935,0.19611438,0.20595919,0.20013775,0.20208931
0.19849932,0.1907732,0.20978509,0.19795364,0.2029887
0.1933377,0.19408315,0.20700526,0.20567048,0.19990349
0.19359522,0.18969566,0.20755158,0.20475611,0.20440148
0.19504233,0.19460684,0.20706858,0.20045836,0.20282388
0.19538164,0.19444789,0.20639984,0.20213827,0.20163232
0.19527689,0.19800135,0.20479007,0.20075619,0.2011755
0.19431052,0.19487678,0.20556857,0.20583588,0.19940825
0.19485405,0.19611585,0.2057671,0.20072117,0.2025418
0.19502127,0.19350448,0.20626704,0.20322286,0.20198433
0.19427527,0.1983124,0.20600517,0.19976336,0.20164374
0.19478278,0.19679888,0.20476453,0.20168424,0.20196953
0.19410798,0.19057396,0.20728588,0.20839645,0.19963576
0.1923172,0.19436277,0.20533986,0.20543975,0.20254041
0.19263199,0.196606,0.20558865,0.20310648,0.20206685
0.19469245,0.19687393,0.20528328,0.20173226,0.20141807
0.1961369,0.19593678,0.20417081,0.20286103,0.20089447
0.19257152,0.19257732,0.20586234,0.20949416,0.19949469
0.19338906,0.1941913,0.20787273,0.20078637,0.20376053
0.19460142,0.1964973,0.20461129,0.20277727,0.20151278
0.19379424,0.19861361,0.20436625,0.20218258,0.20104334
0.19351119,0.1995996,0.20400256,0.20220073,0.20068598
0.19090699,0.19356562,0.20253329,0.21464445,0.19834965
0.19503435,0.1909092,0.20509914,0.20559332,0.203364
0.19378339,0.19388396,0.20353994,0.2056857,0.20310703
0.19357161,0.19984154,0.20397277,0.20189855,0.20071557
0.19659367,0.19817562,0.20210819,0.20411797,0.19900459
0.19215374,0.1926591,0.2059899,0.20866813,0.20052914
0.19246887,0.19337152,0.20697927,0.20300739,0.20417292
0.19442296,0.19805293,0.20387626,0.20286147,0.20078641
0.19375145,0.2007107,0.20283668,0.20298259,0.19971856
0.19306237,0.20371456,0.20162633,0.20260707,0.19898966
0.1928771,0.19258714,0.20425439,0.21111749,0.1991639
0.19325009,0.19673412,0.2055429,0.20210136,0.20237151
0.19431916,0.20042834,0.20184612,0.20363852,0.19976783
0.19423155,0.2023056,0.1998955,0.20561516,0.19795218
0.19322795,0.20469157,0.1995618,0.20473203,0.19778667
0.19085632,0.19342184,0.20490713,0.2106465,0.20016822
0.19319154,0.20119211,0.20179512,0.2037183,0.20010296
0.19327967,0.20768571,0.19746496,0.20447285,0.19709681
0.19426182,0.20982574,0.19665489,0.20351222,0.19574536
0.19316922,0.20911296,0.19530095,0.2070761,0.19534077
0.19142757,0.19084321,0.20550363,0.2116291,0.20059656
0.19268383,0.2004646,0.20213866,0.20461215,0.20010076
0.19174464,0.20234373,0.19789016,0.21000049,0.19802096
0.19116615,0.20527487,0.19688094,0.20948116,0.19719692
0.19430323,0.20563315,0.19996808,0.20349854,0.19659694
0.19182059,0.19236748,0.20271133,0.21393226,0.19916834
0.19235991,0.20623705,0.20030633,0.20252967,0.19856708
0.19547567,0.2147689,0.19377144,0.20217393,0.19381008
0.19498754,0.21675764,0.19238912,0.202994,0.1928717
0.19520038,0.21849585,0.19145688,0.20290518,0.19194166
0.19200288,0.19044104,0.20251575,0.2163775,0.19866282
0.19391729,0.20863631,0.1959156,0.20534784,0.19618297
0.19361064,0.21236558,0.19468357,0.2040841,0.1952561
0.19269376,0.21293673,0.19395754,0.20577748,0.19463448
0.19347185,0.2138153,0.19124062,0.20984617,0.19162609
0.1906529,0.19054542,0.20595996,0.21170045,0.20114127
0.1926953,0.20980202,0.19575901,0.20580001,0.19594365
0.19392216,0.21253207,0.19390163,0.20642298,0.19322108
0.19364706,0.21668132,0.19115382,0.20639081,0.192127
0.19220105,0.21831429,0.18686423,0.21212584,0.19049461
0.19316596,0.1879947,0.20313877,0.21670018,0.19900037
0.1925377,0.20893954,0.19483536,0.20822294,0.19546446
0.19509313,0.21693516,0.18878949,0.2091229,0.19005935
0.19602323,0.22091527,0.18636477,0.20811132,0.18858546
0.19761221,0.22633314,0.18636572,0.20137575,0.18831316
0.19033594,0.19715828,0.19858184,0.21643981,0.19748406
0.21810742,0.11103807,0.27131796,0.19781224,0.20172435
0.21547574,0.13331261,0.20970759,0.20051211,0.24099194
0.2152385,0.13593844,0.2083124,0.20028473,0.24022591
0.21577999,0.1322227,0.20649168,0.20289864,0.24260703
0.21586113,0.12837392,0.2067246,0.20426226,0.24477808
0.21753517,0.10993692,0.2709294,0.19862315,0.20297533
0.2149123,0.13925524,0.20575978,0.20227687,0.2377958
0.2145149,0.13933541,0.20603889,0.20177987,0.23833093
0.21491697,0.13630311,0.20507619,0.20257813,0.24112558
0.08005339,0.1652209,0.197688,0.00074154494,0.55629617
0.21851453,0.09864055,0.27828604,0.20128869,0.2032702
0.21584654,0.13067165,0.20510791,0.20555833,0.24281561
0.21674421,0.12218381,0.20680086,0.20541808,0.24885306
0.21460898,0.13352787,0.20617896,0.20210348,0.24358068
0.21423934,0.1412094,0.20394507,0.20069544,0.23991075
0.21767117,0.11602474,0.21463141,0.20005938,0.2516133
0.21634777,0.13080345,0.20484698,0.20328684,0.24471498
0.21445978,0.13880631,0.20515616,0.20114727,0.24043047
0.21554501,0.13138814,0.20289078,0.20634091,0.24383512
0.21412306,0.14141032,0.20299762,0.20228198,0.239187
0.21761186,0.11651139,0.2138169,0.19894658,0.25311324
0.21419984,0.14443894,0.20274998,0.20387623,0.23473501
0.21364748,0.14978313,0.20269406,0.19935115,0.23452416
0.2144584,0.14084868,0.2033584,0.20194454,0.23938999
0.21232063,0.15015835,0.2025556,0.20117995,0.23378548
0.21750866,0.12502167,0.21046755,0.20003948,0.24696265
0.21340284,0.14739673,0.20256737,0.20284586,0.23378721
0.21411303,0.14402199,0.2017985,0.20268306,0.23738343
0.2133763,0.15055498,0.200742,0.20263739,0.23268932
0.21299501,0.14760318,0.20133477,0.20307995,0.23498704
0.21691163,0.1314058,0.20902795,0.19848591,0.24416873
0.21548586,0.13644095,0.20139843,0.20693327,0.23974147
0.21292137,0.15271178,0.20060126,0.2013882,0.23237742
0.21169017,0.15774961,0.19928962,0.20210955,0.22916104
0.2118179,0.15552306,0.20047434,0.20075035,0.23143438
0.21695581,0.12672123,0.20833497,0.20209871,0.24588929
0.21271086,0.15912445,0.19839095,0.20270456,0.2270692
0.21101342,0.16107504,0.20061716,0.19892977,0.22836462
0.21198015,0.1561911,0.20118105,0.20011094,0.23053674
0.21250463,0.15471998,0.19959077,0.2006433,0.23254135
0.21627674,0.13443148,0.20753752,0.19828175,0.24347255
0.21367393,0.15462233,0.19985525,0.20228812,0.22956036
0.21161836,0.15762244,0.1995487,0.20148201,0.22972849
0.21271196,0.15478554,0.19956996,0.20164363,0.23128891
0.21329819,0.15144047,0.19901718,0.2038364,0.2324078
0.2170071,0.1348153,0.20543018,0.19977161,0.24297582
0.21103999,0.16571847,0.20004267,0.19783351,0.22536537
0.21214212,0.15232934,0.19874388,0.20552188,0.23126274
0.21187776,0.15776014,0.19891116,0.20108825,0.23036268
0.21229541,0.15550572,0.19911301,0.2018037,0.23128217
0.21417812,0.14571904,0.20481843,0.20002468,0.23525973
0.21121937,0.16368252,0.19821018,0.20122288,0.22566508
0.2103989,0.16573274,0.20016082,0.19831379,0.22539377
0.21071139,0.16017796,0.20034361,0.20030667,0.22846036
0.21287395,0.15290089,0.19778304,0.2040409,0.23240124
0.21432592,0.14638971,0.20466779,0.19781339,0.23680317
0.21006602,0.1671119,0.19877575,0.20012705,0.22391924
0.21142383,0.16607034,0.1977539,0.19990951,0.2248424
0.21230957,0.15776053,0.19836658,0.20220962,0.22935371
0.21134953,0.15976287,0.19894585,0.20115848,0.22878328
0.21531226,0.14438152,0.20212778,0.20075688,0.23742157
0.21135831,0.16019116,0.19822563,0.20343699,0.22678792
0.21017586,0.16802363,0.19883451,0.19971211,0.22325388
0.20982338,0.16783158,0.1976056,0.20111804,0.22362141
0.21172987,0.16131203,0.19752364,0.2014008,0.22803368
0.21169387,0.1570875,0.2034449,0.19790313,0.22987059
0.211428,0.16141793,0.19777238,0.20193717,0.22744453
0.21045542,0.1632387,0.19818182,0.20277947,0.22534457
0.21091093,0.16432558,0.19866681,0.19979492,0.22630182
0.21038648,0.16790289,0.19680399,0.20088768,0.224019
0.21389589,0.15491463,0.20107582,0.19884901,0.23126465
0.21041481,0.16647841,0.19817643,0.20199108,0.22293927
0.21132538,0.16618982,0.196392,0.2024917,0.2236011
0.20882697,0.1730253,0.19715272,0.2010843,0.21991073
0.20949565,0.17149493,0.1963126,0.20131476,0.22138205
0.21343964,0.15545723,0.20186576,0.19800512,0.23123224
0.20937635,0.17521149,0.19724062,0.1996539,0.2185176
0.21210709,0.16494441,0.19496417,0.20381746,0.22416687
0.2109257,0.16693233,0.19497426,0.204368,0.22279967
0.20984536,0.16991803,0.19701466,0.20006125,0.22316071
0.21332869,0.15783577,0.19958726,0.20085754,0.22839075
0.21102645,0.16919829,0.19527021,0.20340092,0.22110413
0.20916104,0.16937414,0.19783862,0.2013246,0.22230162
0.2092823,0.17337294,0.19597636,0.20038775,0.22098066
0.21158539,0.16494562,0.196045,0.2011857,0.22623827
0.21221513,0.16104542,0.19972768,0.19924405,0.22776774
0.20937452,0.17180549,0.19576731,0.20276217,0.22029051
0.21068275,0.16536146,0.19648191,0.2030883,0.22438562
0.21077554,0.16535276,0.1950942,0.20379789,0.22497958
0.20893481,0.17599463,0.19532745,0.20090263,0.21884048
0.21065743,0.1686859,0.20046306,0.1971473,0.22304632
0.20734829,0.1793888,0.19717297,0.20092092,0.21516901
0.20855604,0.17707567,0.1964683,0.1993567,0.21854329
0.2094598,0.1750183,0.19537796,0.20171711,0.21842687
0.2081522,0.1753542,0.19690269,0.20076293,0.21882798
0.21208476,0.16126831,0.1992608,0.199573,0.22781317
0.2096612,0.1720064,0.19490232,0.20459457,0.2188355
0.208166,0.17537615,0.19502284,0.20213486,0.21930018
0.211461,0.16469587,0.19453791,0.20474827,0.22455691
0.20847398,0.17553313,0.19649974,0.1998245,0.21966869
0.2119329,0.1621725,0.19821589,0.20089725,0.22678149
0.20883818,0.17864454,0.19616997,0.19954257,0.21680474
0.2084126,0.17604148,0.19600132,0.20197937,0.21756518
0.20831324,0.18113124,0.19502525,0.19978571,0.21574457
0.20930502,0.17592068,0.19437078,0.20239626,0.21800725
0.21197554,0.16529442,0.19778013,0.199152,0.22579792
0.20851469,0.17400834,0.19588685,0.20381418,0.21777588
0.20764533,0.17782022,0.1957066,0.2022735,0.21655433
0.20977731,0.17343818,0.1950796,0.20238142,0.2193235
0.20793933,0.17765099,0.1956627,0.20223863,0.21650836
0.20981576,0.16999486,0.1984617,0.19949841,0.22222929
0.20828372,0.17619482,0.19606243,0.20179275,0.21766633
0.20707478,0.17672968,0.19711247,0.20147975,0.21760333
0.20773225,0.17991959,0.1960964,0.19917381,0.217078
0.20631723,0.18487392,0.19638267,0.19814938,0.21427676
0.2120141,0.16598722,0.19750421,0.19926646,0.22522803
0.2082952,0.17682946,0.19518548,0.20258977,0.2171001
0.2083078,0.1785793,0.19551173,0.20161775,0.21598339
0.20617363,0.1819742,0.19658396,0.20017895,0.21508926
0.20852293,0.17575423,0.19410352,0.20407401,0.2175453
0.20968919,0.16646346,0.19806331,0.20148398,0.22430007
0.20638463,0.1833386,0.19667137,0.20009981,0.21350557
0.20762143,0.18085587,0.19466405,0.20172793,0.21513072
0.20702542,0.18146148,0.19559643,0.20049596,0.21542071
0.20843588,0.17593826,0.19563468,0.2013332,0.21865794
0.20810379,0.17747515,0.19963251,0.1961963,0.21859224
0.20711142,0.1839907,0.19471484,0.2014964,0.21268666
0.20754844,0.17959367,0.19533212,0.20275116,0.21477461
0.20748378,0.17906111,0.19430183,0.20337059,0.21578264
0.20828663,0.17909801,0.19397202,0.20308088,0.21556246
0.2101409,0.16933966,0.19796759,0.199909,0.22264284
0.20640598,0.18274803,0.19540273,0.20250551,0.2129377
0.20655471,0.18211357,0.19542645,0.20138344,0.21452183
0.20593801,0.18374138,0.19631636,0.2011987,0.21280554
0.20795928,0.17810564,0.19515055,0.20294759,0.21583693
0.20917575,0.17904691,0.19588186,0.19932297,0.21657252
0.20656909,0.18571086,0.19604166,0.19949017,0.21218818
0.20537211,0.1883482,0.19703765,0.1974484,0.21179368
0.20760326,0.18306279,0.19319294,0.20334812,0.21279287
0.20562029,0.18674473,0.19568568,0.19898207,0.21296722
0.20922086,0.17476298,0.19804703,0.19931182,0.21865734
0.20614803,0.18337367,0.19625647,0.20154844,0.21267338
0.20607054,0.18603921,0.19546156,0.20089418,0.2115345
0.20840546,0.17779888,0.1942854,0.20424297,0.2152673
0.20694745,0.18195096,0.19596343,0.2008711,0.2142671
0.20930749,0.17665236,0.1965281,0.19914572,0.21836635
0.20583749,0.18447112,0.19694465,0.19959815,0.21314856
0.20700544,0.18149078,0.19545484,0.20295355,0.21309538
0.20631166,0.18260662,0.19480027,0.20274147,0.21353994
0.20586492,0.18638267,0.19523664,0.20069365,0.21182217
0.20692623,0.18331407,0.19901495,0.19616483,0.21457995
0.2048564,0.18753697,0.19514088,0.20189232,0.21057343
0.20630899,0.18369131,0.1964449,0.20030239,0.21325237
0.20520233,0.18627803,0.1976033,0.19778097,0.21313535
0.20788324,0.18048517,0.19352785,0.20336959,0.21473409
0.20773001,0.17978057,0.19789311,0.19926861,0.21532768
0.20560491,0.18716145,0.19617303,0.20029654,0.21076411
0.2067591,0.18255965,0.19660792,0.20051423,0.21355912
0.2058961,0.18428189,0.19624394,0.20010728,0.21347077
0.20558843,0.18722352,0.19581069,0.20003107,0.2113463
0.20902805,0.17502742,0.19732,0.19936617,0.21925834
0.20569137,0.18524396,0.19689056,0.2010315,0.21114263
0.20596191,0.1863286,0.1955384,0.20057407,0.21159703
0.20696628,0.18223082,0.1945229,0.20367199,0.21260804
0.20639783,0.18298538,0.19451576,0.20287378,0.21322726
0.20797366,0.17741503,0.19611177,0.20197718,0.21652235
0.20559683,0.18633044,0.19515747,0.20265393,0.2102613
0.20628986,0.18531765,0.19677283,0.200158,0.21146172
0.20547825,0.18536294,0.19490485,0.20229016,0.2119638
0.2070019,0.17973523,0.19472726,0.20367171,0.21486387
0.2078811,0.17790687,0.19666322,0.20107086,0.21647799
0.20474055,0.18797374,0.19765642,0.19930011,0.21032916
0.2049219,0.18779339,0.1965408,0.19964953,0.21109441
0.20541981,0.18689261,0.19649772,0.19954027,0.21164957
0.20668724,0.18739013,0.19434266,0.20050922,0.21107073
0.20628878,0.18191607,0.19845401,0.1983262,0.21501495
0.20320308,0.19257058,0.19729395,0.19936289,0.20756951
0.20356384,0.19117849,0.19714709,0.1988036,0.20930701
0.20523433,0.18480632,0.19567773,0.20302804,0.21125357
0.20671849,0.18443246,0.19369796,0.2028939,0.21225724
0.20688343,0.1812602,0.19861683,0.19806725,0.21517235
0.20422573,0.18737033,0.19647701,0.20173705,0.21018988
0.20668206,0.18327475,0.1958003,0.20245291,0.21178997
0.2073815,0.18250488,0.19370872,0.2036119,0.21279302
0.20477134,0.18645926,0.19637233,0.20065735,0.21173972
0.20795408,0.18126169,0.19659632,0.20001692,0.21417098
0.20410162,0.19167705,0.19718911,0.1986297,0.20840253
0.20711242,0.18396874,0.19408108,0.20386738,0.21097037
0.20434965,0.18692996,0.19553801,0.20280501,0.21037738
0.20512743,0.18596648,0.19530179,0.2028369,0.21076739
0.20757389,0.1791427,0.19702715,0.200955,0.21530125
0.20422196,0.19078255,0.19646242,0.19978458,0.20874847
0.20344849,0.18994746,0.19755079,0.19991636,0.20913687
0.20580043,0.18612307,0.19394438,0.20316146,0.21097067
0.20460027,0.1896904,0.19502532,0.20102522,0.2096588
0.20807132,0.18024305,0.19573244,0.20096537,0.2149878
0.2047757,0.18841417,0.19514523,0.20278986,0.20887502
0.20660985,0.18662533,0.19352901,0.20359401,0.20964183
0.20552464,0.18668303,0.19491678,0.20238853,0.2104871
0.20673645,0.18046731,0.1948186,0.20482385,0.21315378
0.20809798,0.17802006,0.1958787,0.20294774,0.21505556
0.20410967,0.1864873,0.19672184,0.20374432,0.20893687
0.20423093,0.18915933,0.19540149,0.20238344,0.20882481
0.2034405,0.191121,0.19743438,0.19903043,0.20897369
0.20429438,0.1923114,0.194106,0.20232995,0.20695825
0.20669739,0.18378723,0.19695178,0.19986768,0.21269593
0.20362054,0.19092491,0.19558063,0.20228983,0.2075841
0.20366165,0.19059229,0.19751492,0.1999229,0.20830823
0.20367843,0.1956518,0.19546229,0.1982926,0.20691492
0.20315807,0.19046873,0.19618323,0.2016413,0.20854864
0.20685677,0.18867572,0.19655322,0.19938715,0.20852719
0.20416474,0.18994609,0.19655931,0.2006464,0.20868346
0.20620975,0.18838875,0.19450404,0.20129654,0.20960088
0.20482457,0.1889346,0.19561717,0.20195061,0.20867309
0.20452638,0.18884358,0.19623666,0.20091,0.20948341
0.20725492,0.1817832,0.1942335,0.20414434,0.21258399
0.2038663,0.18995297,0.19667941,0.20134242,0.2081589
0.20267712,0.19386806,0.19599135,0.20063941,0.20682403
0.20069696,0.19497943,0.19767533,0.19982705,0.20682123
0.20414032,0.19159703,0.19391768,0.2025115,0.20783344
0.2071073,0.18442294,0.19516243,0.20196857,0.21133876
0.20289014,0.19265454,0.19647986,0.20071515,0.2072603
0.20485799,0.18629847,0.19571051,0.2031524,0.20998064
0.20235586,0.19790545,0.19532785,0.19942574,0.20498513
0.20594889,0.18791564,0.19328228,0.20424852,0.2086047
0.20783614,0.17536633,0.1980261,0.19918859,0.21958283
0.20367335,0.19296162,0.19666277,0.19998285,0.2067194
0.20506302,0.1900072,0.1947218,0.20195228,0.20825572
0.20442337,0.19109342,0.19475956,0.20234731,0.20737629
0.20220153,0.19561984,0.1974735,0.19847845,0.20622665
0.20627363,0.18409234,0.19805306,0.19960518,0.21197577
0.20105271,0.19635378,0.19911376,0.19788714,0.20559263
0.2020336,0.19380511,0.19690391,0.20050764,0.20674971
0.20345329,0.19328065,0.1947942,0.20171987,0.20675197
0.20456296,0.18956898,0.19534193,0.2019454,0.20858075
0.20545925,0.18725644,0.19749376,0.19947685,0.21031368
0.20270854,0.1909594,0.19749966,0.20194699,0.20688541
0.20494267,0.19017981,0.19507933,0.20162576,0.20817243
0.20386776,0.1926586,0.19581844,0.20032164,0.20733353
0.2025057,0.19429263,0.19758825,0.19827352,0.20733988
0.20709515,0.18466921,0.19513696,0.202117,0.21098165
0.20314942,0.19232999,0.19856334,0.19869046,0.20726678
0.20396987,0.190829,0.19557014,0.20168479,0.2079462
0.20332575,0.19214444,0.19696593,0.20015603,0.20740783
0.20660636,0.18175693,0.19388956,0.20700115,0.21074598
0.20740381,0.18311812,0.19438481,0.20397408,0.21111915
0.20305291,0.1930098,0.19710983,0.20028512,0.20654231
0.20281665,0.19115686,0.19773413,0.19982857,0.20846382
0.2057724,0.1946933,0.19421735,0.19920962,0.20610735
0.20239466,0.19407474,0.19632919,0.19956616,0.20763528
0.20487006,0.1875412,0.19848858,0.19904946,0.21005064
0.2025422,0.19432099,0.1978194,0.19957909,0.20573832
0.20266476,0.19334574,0.19652365,0.20067975,0.2067861
0.20218663,0.1944156,0.1964827,0.2003759,0.20653915
0.20245866,0.19275388,0.19626972,0.20098275,0.20753495
0.20398155,0.18940003,0.19805746,0.19934799,0.20921293
0.20309289,0.191583,0.19807906,0.20038909,0.20685594
0.203517,0.19288017,0.19567132,0.20138723,0.20654428
0.2041719,0.18965258,0.196431,0.20156382,0.20818073
0.20283736,0.19206889,0.19667059,0.2011179,0.20730525
0.204178,0.18825799,0.19924393,0.19825405,0.21006602
0.20361461,0.19190565,0.19578761,0.20181616,0.20687596
0.2025023,0.1915048,0.19821374,0.20017025,0.20760888
0.20353973,0.19039948,0.19672328,0.20190072,0.2074368
0.2032553,0.19362275,0.19568834,0.20047542,0.20695816
0.20633194,0.18429525,0.19727091,0.20112833,0.21097359
0.20161648,0.19529897,0.19823085,0.19878007,0.20607361
0.20216548,0.19350335,0.1989325,0.19853172,0.20686695
0.20312205,0.19089545,0.19681787,0.20118777,0.20797686
0.20247959,0.1935049,0.19705124,0.20021483,0.2067495
0.20485991,0.18944718,0.19748719,0.19987644,0.20832926
0.20138025,0.19409457,0.19839199,0.19985287,0.20628028
0.20354974,0.18963335,0.19517171,0.20400587,0.20763934
0.20178734,0.19441496,0.19716983,0.20030294,0.20632492
0.20402426,0.18845169,0.19693775,0.2025595,0.20802683
0.20326357,0.18998197,0.19930203,0.19767188,0.20978056
0.20124325,0.19403015,0.19968247,0.19849463,0.2065495
0.20182765,0.19496578,0.19736189,0.20003508,0.20580962
0.2017428,0.1943741,0.19841895,0.19933398,0.20613015
0.20291956,0.19527173,0.19587734,0.19980223,0.2061291
0.20448808,0.1898388,0.19927911,0.19756866,0.20882535
0.20087554,0.19548707,0.19871038,0.19908346,0.20584357
0.20230255,0.1971693,0.19734415,0.19769096,0.205493
0.20285773,0.19364043,0.19591615,0.2010375,0.20654818
0.20428613,0.18996169,0.19532679,0.20326251,0.20716289
0.2030173,0.18917166,0.19897647,0.20086987,0.20796472
0.20173436,0.19354326,0.19789691,0.20089348,0.20593196
0.20184086,0.19592655,0.1970764,0.1995413,0.20561492
0.20170145,0.19514632,0.19744769,0.19996543,0.20573914
0.20243786,0.19341095,0.19676243,0.20039152,0.20699722
0.20395914,0.19013843,0.1975234,0.20021795,0.2081611
0.19945924,0.19685704,0.20037855,0.19804141,0.20526378
0.2010506,0.19376704,0.1974043,0.20158896,0.20618913
0.20309557,0.19094376,0.19703004,0.20220624,0.20672439
0.20221639,0.19411351,0.19571483,0.20175,0.20620526
0.20581622,0.1865322,0.19759339,0.20123324,0.20882492
0.20309885,0.19212824,0.1968542,0.20171621,0.20620248
0.2036699,0.19136232,0.1965125,0.20179155,0.2066637
0.20341608,0.19140102,0.19577497,0.20205691,0.20735103
0.202715,0.19238825,0.19642185,0.20188324,0.2065917
0.20461968,0.19193311,0.19652319,0.20016958,0.2067544
0.20088708,0.1973402,0.19942231,0.19738254,0.20496787
0.20119299,0.19595863,0.19675158,0.2009922,0.2051046
0.2024571,0.19552065,0.19698505,0.1993737,0.2056635
0.20377392,0.19207197,0.19662847,0.20043209,0.20709357
0.20410436,0.18964157,0.19789778,0.20009533,0.20826095
0.2026781,0.19251132,0.19763297,0.20112525,0.20605236
0.20208253,0.19527952,0.19743727,0.20023431,0.20496638
0.20141193,0.19579187,0.19749583,0.19948488,0.20581546
0.20289601,0.19076173,0.19643015,0.2033342,0.20657791
0.20439878,0.19157259,0.1975672,0.1994137,0.20704776
0.2007926,0.19470587,0.20034766,0.19812703,0.20602684
0.2031447,0.19407533,0.19617537,0.2015062,0.20509838
0.20525861,0.1863759,0.19607745,0.20380817,0.20847991
0.20220967,0.19599874,0.19649324,0.20001912,0.20527926
0.20437256,0.18837185,0.19869587,0.19996287,0.20859683
0.20125219,0.19497564,0.19921222,0.19919915,0.20536079
0.2013723,0.1926035,0.1989045,0.20037992,0.20673977
0.20323512,0.19550352,0.19614007,0.19991463,0.20520663
0.2014395,0.19557314,0.19734599,0.19986752,0.20577388
0.20411687,0.19254681,0.19804727,0.19815655,0.20713249
0.20077182,0.19635147,0.19940616,0.19819139,0.20527919
0.20049272,0.19899835,0.19802524,0.19815479,0.20432886
0.20043662,0.19595721,0.19910808,0.19838877,0.20610932
0.20190775,0.19356243,0.19772746,0.20037307,0.20642929
0.2052101,0.18782201,0.19703056,0.20109217,0.20884515
0.2006058,0.19483225,0.19914511,0.20003484,0.20538202
0.20304722,0.19230977,0.19656588,0.20176685,0.20631026
0.20183606,0.19518663,0.19796288,0.19960077,0.20541368
0.20146136,0.1961992,0.19622622,0.20103143,0.20508179
0.20348307,0.19255517,0.19942462,0.19719024,0.20734689
0.20161495,0.19494596,0.19754596,0.20112711,0.20476602
0.2036237,0.18863511,0.19703925,0.20323226,0.20746973
0.20139766,0.19896086,0.19735658,0.19820412,0.20408073
0.20156915,0.19697192,0.19745994,0.19884492,0.20515408
0.2034869,0.19144864,0.19935574,0.19867457,0.20703408
0.20000176,0.19818029,0.1994468,0.19834337,0.20402783
0.20247446,0.19452015,0.19761863,0.19913274,0.206254
0.2019811,0.19514558,0.19793679,0.19867812,0.20625842
0.2015625,0.19512123,0.19731887,0.20058598,0.20541146
0.2039485,0.18920381,0.19880442,0.19996625,0.20807704
0.20097072,0.1935623,0.1994063,0.20059262,0.20546807
0.2021901,0.19420098,0.19797349,0.19963641,0.20599902
0.20126854,0.19429329,0.1979928,0.20081607,0.20562932
0.20341672,0.18997791,0.19744626,0.20185393,0.20730515
0.20388027,0.19072182,0.19750911,0.20023489,0.20765394
0.20042834,0.19453599,0.20114961,0.19822873,0.20565742
0.20243254,0.19214272,0.19762571,0.20193096,0.20586805
0.20183001,0.19302015,0.19882686,0.19965222,0.20667075
0.2021331,0.19266705,0.19592191,0.20341331,0.20586464
0.20240046,0.19136743,0.19933543,0.19968377,0.20721292
0.2003661,0.19631742,0.19891094,0.19945551,0.20494998
0.20128739,0.19612293,0.19939685,0.19824433,0.20494851
0.20337906,0.19146883,0.19539234,0.2037521,0.20600769
0.20401403,0.18957901,0.19575319,0.20342466,0.20722908
0.20422104,0.1888716,0.19908126,0.19923384,0.20859228
0.19903903,0.19731237,0.20114371,0.19700813,0.20549676
0.20092285,0.19725445,0.19861187,0.19836913,0.2048417
0.20085818,0.19627282,0.1974665,0.20018627,0.2052162
0.20142643,0.19414076,0.19804919,0.20033266,0.206051
0.20379065,0.18815733,0.19688332,0.20327714,0.20789155
0.19994748,0.19526477,0.20029762,0.19896142,0.20552868
0.2001132,0.19682741,0.1985287,0.19971053,0.20482014
0.20115659,0.1941088,0.19845298,0.20038179,0.20589985
0.20781723,0.19364697,0.1987785,0.20047897,0.19927834
0.20373963,0.19100887,0.1985539,0.19946377,0.2072338
0.19889364,0.19749895,0.19919826,0.20019999,0.20420915
0.20188293,0.19403751,0.19868168,0.19997707,0.20542078
0.20141616,0.19619629,0.19776992,0.19942863,0.20518897
0.20194322,0.19255295,0.196564,0.2032524,0.2056874
0.2028617,0.19224034,0.1989485,0.19999295,0.20595649
0.2003088,0.19434114,0.1986813,0.201457,0.20521174
0.20117845,0.1955918,0.19761753,0.20083073,0.20478146
0.20009676,0.19706522,0.19877344,0.19862337,0.2054412
0.20229034,0.19159025,0.19787261,0.20172645,0.20652035
0.20289944,0.19168627,0.19929765,0.19967577,0.20644087
0.20058125,0.19405213,0.2001271,0.19917315,0.20606633
0.20077668,0.19491147,0.19847979,0.20015882,0.20567325
0.21021059,0.19003676,0.19834663,0.20258515,0.19882089
0.20198123,0.19568641,0.19665524,0.20043068,0.20524648
0.20221148,0.19039941,0.2008519,0.19864775,0.20788947
0.20698789,0.19232576,0.2000124,0.20094824,0.19972572
0.20111483,0.19507286,0.1991584,0.19945809,0.20519578
0.21010694,0.1905021,0.19856238,0.20143715,0.19939145
0.20271719,0.19100635,0.19687165,0.20267011,0.20673473
0.20394011,0.18777181,0.19831483,0.20126545,0.2087078
0.20000891,0.19609734,0.19935322,0.20017202,0.20436853
0.20150141,0.19403343,0.20013902,0.19857936,0.20574677
0.20172222,0.19438452,0.1981922,0.19995075,0.20575029
0.2002163,0.19675517,0.19897228,0.19893637,0.2051198
0.20286773,0.1910705,0.19872065,0.20037574,0.20696534
0.19925821,0.19630365,0.20115535,0.19840084,0.204882
0.20241828,0.1930204,0.19652304,0.20300089,0.20503739
0.2081277,0.1925739,0.19880502,0.20114122,0.19935216
0.20169385,0.19637384,0.19672638,0.20092517,0.20428076
0.20295192,0.1893379,0.19971126,0.20015447,0.20784447
0.20371737,0.19559684,0.20187075,0.19870903,0.20010605
0.20136924,0.19416402,0.19846195,0.20094326,0.20506148
0.19944039,0.1990637,0.19781238,0.19965208,0.20403147
0.20072773,0.196646,0.1976857,0.20019726,0.20474333
0.20327576,0.18855546,0.19991596,0.20011605,0.20813677
0.2001615,0.19542179,0.19964363,0.19985805,0.20491508
0.20904125,0.19161439,0.1991423,0.20062011,0.19958197
0.19888413,0.19836953,0.19871631,0.1995824,0.20444764
0.2074544,0.1939487,0.19891723,0.20065124,0.1990284
0.20271309,0.1917549,0.19832775,0.20110147,0.20610277
0.19842525,0.19771042,0.20079052,0.19849348,0.20458037
0.1990276,0.1976479,0.19872479,0.20031053,0.20428921
0.19882768,0.19774945,0.19936785,0.19908121,0.20497382
0.20812474,0.19223608,0.19881009,0.20127514,0.19955394
0.20358242,0.18932979,0.19880961,0.20064288,0.20763528
0.20470783,0.19526653,0.20188288,0.1982016,0.19994116
0.20971836,0.19170977,0.19763891,0.20215529,0.19877766
0.21056335,0.19097221,0.19871224,0.20054547,0.19920674
0.20107302,0.19519821,0.19706154,0.20193332,0.2047339
0.2022836,0.19334005,0.20017515,0.19839483,0.20580637
0.20602502,0.19182189,0.20165616,0.2008048,0.19969214
0.2073666,0.19359638,0.19965822,0.20000891,0.19936989
0.19921392,0.19860174,0.19845009,0.19968604,0.20404822
0.20782293,0.19362456,0.19896579,0.20037293,0.19921379
0.20264332,0.18898852,0.19877505,0.2020016,0.20759149
0.19913471,0.19734204,0.2003196,0.19881685,0.20438685
0.20895445,0.19340722,0.19618887,0.20310648,0.19834293
0.20459469,0.19811246,0.1999863,0.19804946,0.19925705
0.20632516,0.19613741,0.19935937,0.19896539,0.19921269
0.2022569,0.1889647,0.19993792,0.20100856,0.20783192
0.20963901,0.19016844,0.19830833,0.20276807,0.1991161
0.20505889,0.19659834,0.19912474,0.20031007,0.19890791
0.20885992,0.19226049,0.1988019,0.2010603,0.1990174
0.20815283,0.19483487,0.1974807,0.20120959,0.19832201
0.20224153,0.19185968,0.19901685,0.1999339,0.20694804
0.20612575,0.1928321,0.20109025,0.19987641,0.20007543
0.20830458,0.19191357,0.19906594,0.20183496,0.19888093
0.20631003,0.19650513,0.19823411,0.2003425,0.19860823
0.20991081,0.1915345,0.19688556,0.20292242,0.1987467
0.20089005,0.1924566,0.19958732,0.20030895,0.20675707
0.20591249,0.19556801,0.19927639,0.20031665,0.19892646
0.19996998,0.19822891,0.19881731,0.19900648,0.20397732
0.20720321,0.19388686,0.19658199,0.20422883,0.1980991
0.2088415,0.1914741,0.19802366,0.20277037,0.19889037
0.20161034,0.19025521,0.1995465,0.20072646,0.20786148
0.2034532,0.19598745,0.2013716,0.19935958,0.1998282
0.20499769,0.19595845,0.20023042,0.19940528,0.19940817
0.20748591,0.19335252,0.19887953,0.20111974,0.19916229
0.21076101,0.19052474,0.1977469,0.20226192,0.19870542
0.20127131,0.191555,0.19977383,0.20065428,0.20674561
0.20809655,0.19009875,0.20051813,0.20085295,0.20043363
0.20315607,0.19788843,0.20081325,0.19854264,0.19959961
0.21329176,0.1857936,0.19742353,0.20431739,0.19917376
0.21435025,0.18656348,0.19486068,0.2064468,0.1977788
0.20226644,0.19161086,0.19782141,0.20251207,0.20578921
0.20661393,0.19419712,0.198042,0.2027915,0.19835544
0.20489497,0.19699737,0.19872503,0.20057924,0.19880338
0.20769176,0.1932881,0.19857721,0.20124412,0.19919878
0.20578499,0.19428575,0.19970801,0.20055556,0.1996657
0.20235698,0.19167393,0.19797756,0.20211829,0.20587324
0.20667827,0.19313325,0.19977453,0.20139667,0.19901732
0.20809403,0.1937357,0.19780837,0.20206158,0.19830035
0.20472541,0.19561689,0.2015243,0.19810957,0.20002386
0.20527229,0.19675837,0.19879895,0.20040458,0.19876581
0.20252948,0.19065659,0.19752128,0.20282441,0.20646822
0.2066393,0.191014,0.20192939,0.20012662,0.20029065
0.20739518,0.1930531,0.20006132,0.20013136,0.19935907
0.2098059,0.19023858,0.19973557,0.20070465,0.19951528
0.20869114,0.1915817,0.19786763,0.20271689,0.19914271
0.2009415,0.19444193,0.19778728,0.2022461,0.20458323
0.20363449,0.19679655,0.19979525,0.20052396,0.19924979
0.20475623,0.19394967,0.20150621,0.19957076,0.20021714
0.20705634,0.19410536,0.19869913,0.20129532,0.19884388
0.20834833,0.19098368,0.19857141,0.20288761,0.19920893
0.20064977,0.19237913,0.20041244,0.20115513,0.20540352
0.20269574,0.1951751,0.20261598,0.19872694,0.20078626
0.20767248,0.19234082,0.1981887,0.2027033,0.19909467
0.21023822,0.18962689,0.19855654,0.20309,0.19848837
0.21146087,0.18648952,0.19914609,0.20317556,0.19972797
0.2020369,0.19083184,0.19793327,0.2029289,0.20626906
0.20403013,0.19644725,0.2003784,0.19958967,0.19955453
0.2070935,0.19081834,0.20060624,0.2010974,0.2003845
0.20617706,0.19400957,0.19950359,0.20093238,0.19937739
0.20735681,0.1927312,0.19995189,0.20067883,0.19928125
0.19951957,0.19565311,0.20063381,0.19911502,0.20507851
0.20481066,0.19410892,0.20171809,0.19942375,0.19993858
0.20569837,0.19640285,0.19855821,0.20079213,0.1985484
0.20761034,0.19176508,0.19969799,0.20166318,0.19926341
0.20845672,0.19194731,0.19777977,0.2032197,0.19859649
0.20013186,0.18920226,0.20009227,0.20367116,0.20690244
0.20726493,0.18971448,0.2020438,0.20072804,0.20024878
0.20885497,0.19033502,0.20040599,0.20076384,0.19964017
0.20618063,0.19564204,0.19903804,0.2004023,0.19873703
0.20761168,0.19174491,0.19944671,0.2019823,0.19921441
0.20084515,0.1910242,0.19883044,0.2031715,0.20612873
0.20595378,0.19418259,0.2010276,0.19927886,0.19955714
0.20796555,0.19284321,0.19886291,0.20152335,0.19880496
0.20584004,0.19301233,0.20204528,0.19884089,0.20026146
0.21071273,0.1861215,0.20104238,0.20153964,0.2005838
0.20161006,0.19052078,0.1976473,0.20410396,0.20611787
0.20474397,0.19331928,0.20183754,0.19981612,0.2002831
0.20863487,0.18867078,0.19944069,0.20358567,0.199668
0.20942652,0.1882637,0.20032518,0.20170847,0.2002761
0.20906901,0.19046205,0.19778208,0.20415328,0.19853356
0.20134515,0.18805434,0.1988183,0.20445642,0.20732574
0.20897783,0.18725313,0.20220204,0.20073584,0.20083116
0.20729126,0.19132282,0.20164856,0.19949497,0.20024237
0.20784546,0.19180088,0.19985527,0.20134076,0.19915766
0.20754716,0.19279458,0.20022847,0.20003016,0.19939964
0.20175773,0.18927228,0.19877608,0.20426656,0.20592734
0.40527958,0.40162292,1.498493e-06,0.19023786,0.0028580907
0.19934112,0.19562533,0.19561543,0.20412572,0.2052924
0.20629491,0.19711266,0.19870828,0.19889562,0.19898856
0.20557378,0.19662383,0.19887376,0.20000239,0.19892624
0.20049153,0.19311845,0.19826837,0.20188224,0.20623936
0.20205942,0.2003698,0.20099875,0.19740795,0.1991641
0.20351967,0.19707559,0.20094469,0.1985252,0.19993481
0.20369764,0.19648476,0.201934,0.19730507,0.20057859
0.20548026,0.19580692,0.19898523,0.20079729,0.19893026
0.19953552,0.19439337,0.19943862,0.20194869,0.20468383
0.20505285,0.19077681,0.20149837,0.20154968,0.20112228
0.2062093,0.19394049,0.19966458,0.20061491,0.19957076
0.21015097,0.18668638,0.20059878,0.20176095,0.20080289
0.20885465,0.19055703,0.19865428,0.20246051,0.19947359
0.20052695,0.1963369,0.19694711,0.20287706,0.203312
0.20289122,0.19325577,0.20292842,0.1996487,0.20127589
0.2027736,0.19681439,0.20262316,0.19722724,0.20056166
0.20830068,0.19054571,0.20008463,0.20093569,0.20013326
0.2083853,0.1885926,0.2013061,0.20126724,0.20044872
0.1988458,0.19399066,0.19965227,0.20345637,0.2040549
0.20239352,0.19546615,0.2034106,0.19744259,0.20128717
0.2064079,0.19010453,0.2030558,0.19888982,0.20154192
0.20516057,0.19314407,0.20061839,0.2011018,0.19997518
0.20741874,0.18994081,0.20114528,0.20131598,0.20017919
0.19725333,0.19696632,0.20133682,0.20130871,0.20313485
0.20364168,0.19094725,0.204939,0.19804315,0.20242892
0.20431545,0.19409451,0.20155379,0.19956714,0.20046908
0.20928463,0.18874446,0.20147757,0.20005661,0.20043677
0.21207269,0.1836082,0.20271868,0.20006302,0.20153745
0.19907543,0.19338635,0.19949104,0.20376486,0.20428234
0.20489815,0.19219911,0.20324294,0.19845545,0.20120427
0.20301162,0.19442932,0.20471482,0.19589314,0.2019511
0.20646067,0.19088839,0.20122594,0.20097095,0.20045403
0.20834947,0.18920414,0.20064202,0.20138599,0.20041835
0.19772053,0.19310889,0.20208713,0.2022932,0.20479025
0.20791514,0.1861054,0.20394197,0.1997874,0.20225012
0.20544869,0.19082904,0.20185955,0.200823,0.20103978
0.20800367,0.18791024,0.20197564,0.20130119,0.2008093
0.21276134,0.18411106,0.20105866,0.20172486,0.20034412
0.19574438,0.19641206,0.2027439,0.20153262,0.2035671
0.2051109,0.18987751,0.20240936,0.20158723,0.20101508
0.21193916,0.18381283,0.20136446,0.20191619,0.2009674
0.2122698,0.1829435,0.20221302,0.20127578,0.20129791
0.21495232,0.17957021,0.20177029,0.20210323,0.20160396
0.19755419,0.19276686,0.20171383,0.20322518,0.20473993
0.20804998,0.18875077,0.20311707,0.19886462,0.20121753
0.21075219,0.1843149,0.20216134,0.20148844,0.20128311
0.21300995,0.18253414,0.19979382,0.20441201,0.20025009
0.20887072,0.1875987,0.20158629,0.20124558,0.2006987
0.19689286,0.19322743,0.20261456,0.20261581,0.20464937
0.20756103,0.18484889,0.20583569,0.1990118,0.20274255
0.21034448,0.18492249,0.20192014,0.20165296,0.20115994
0.21038486,0.1860046,0.2023752,0.2004052,0.20083012
0.21403289,0.18289855,0.20082562,0.2020045,0.2002385
0.19838817,0.19437693,0.19914097,0.204977,0.20311688
0.20726453,0.18767135,0.20229572,0.20182076,0.20094764
0.21033047,0.18382268,0.20182797,0.20284608,0.20117283
0.2094163,0.1870024,0.20399465,0.19830227,0.20128438
0.2170864,0.17703737,0.20067583,0.20432605,0.20087436
0.19762845,0.19188316,0.20133024,0.20444123,0.20471694
0.20562224,0.18885936,0.2034729,0.20009708,0.20194843
0.20966657,0.18462132,0.20360306,0.20028043,0.20182863
0.21796648,0.17583954,0.20152694,0.20425239,0.20041466
0.21281992,0.18401095,0.1998467,0.20365883,0.19966356
0.1963503,0.19469373,0.20133859,0.20358573,0.20403166
0.20857179,0.18435234,0.20489742,0.19985814,0.20232034
0.21593826,0.17702198,0.20263429,0.20287424,0.20153125
0.21000543,0.18645558,0.20101808,0.20218162,0.20033929
0.21257147,0.18469462,0.20014477,0.2026266,0.19996254
0.19699776,0.1910038,0.20151056,0.20557776,0.20491008
0.20903099,0.18423152,0.20380509,0.20079653,0.20213588
0.21321164,0.18194214,0.20036548,0.20390719,0.20057353
0.21196406,0.18395832,0.2011103,0.20271079,0.20025654
0.21244694,0.18412122,0.20131157,0.20182541,0.20029485
0.1968272,0.19257309,0.19983512,0.20643668,0.20432793
0.2076352,0.18770918,0.20198558,0.20168753,0.2009825
0.20906372,0.18586065,0.20235147,0.202158,0.20056619
0.20885304,0.18834636,0.20214863,0.20024648,0.2004055
0.21072274,0.18516812,0.20216604,0.20125103,0.20069207
0.196186,0.19505173,0.20208836,0.20341055,0.20326339
0.20695283,0.18722208,0.2028417,0.20159769,0.20138572
0.21045151,0.18474443,0.20220394,0.20156197,0.2010381
0.21363221,0.18175301,0.20126717,0.20300539,0.20034224
0.21389055,0.1813572,0.20228778,0.201722,0.20074247
0.19609585,0.19333196,0.2009263,0.20617147,0.20347442
0.20832156,0.18367499,0.2035053,0.202458,0.20204015
0.21022198,0.18388614,0.2033718,0.20143145,0.20108864
0.2125832,0.18197003,0.2022025,0.20209916,0.20114511
0.2172144,0.17658758,0.20225938,0.20305818,0.20088048
0.19624864,0.19404772,0.20019838,0.20682792,0.20267732
0.20943788,0.18380347,0.20394242,0.20075692,0.20205933
0.21196,0.1825191,0.20318697,0.20069352,0.20164041
0.20798913,0.18953928,0.20045274,0.20246042,0.19955842
0.20586258,0.19110692,0.20123854,0.20158748,0.20020445
0.19562009,0.19407377,0.20009965,0.20743008,0.2027764
0.21007283,0.18122286,0.2047536,0.20157897,0.20237175
0.21041143,0.18645722,0.20030236,0.20292006,0.1999089
0.21191058,0.18505381,0.199696,0.20355944,0.19978012
0.20971452,0.18860245,0.20010607,0.20252378,0.19905315
0.19589585,0.1918522,0.20096235,0.20771326,0.20357634
0.20785183,0.18303046,0.20595478,0.19992684,0.2032361
0.21087493,0.18470289,0.20040397,0.20416228,0.19985597
0.2100989,0.18631682,0.20208621,0.20168772,0.19981031
0.21339734,0.18389298,0.19980666,0.20347959,0.19942346
0.19527583,0.19262598,0.2014954,0.2070846,0.20351817
0.20449756,0.18924354,0.20391218,0.20081592,0.2015308
0.20671663,0.1885953,0.20276076,0.2013234,0.20060395
0.20790331,0.18918881,0.20172645,0.2012325,0.19994894
0.20985332,0.18560101,0.2015774,0.20280048,0.20016776
0.19625585,0.1922987,0.19898373,0.20968756,0.2027742
0.20597352,0.18864897,0.20261481,0.20141865,0.2013441
0.20988949,0.18563934,0.20080979,0.203483,0.20017838
0.21051729,0.18364713,0.20107432,0.20481786,0.19994347
0.21058705,0.18563168,0.20025975,0.20418599,0.19933553
0.19492823,0.19263174,0.2009748,0.20821512,0.20325014
0.20712076,0.1865819,0.20310977,0.20217398,0.20101361
0.20994249,0.18455134,0.20214415,0.2025452,0.20081681
0.21098758,0.18459623,0.20032552,0.20421767,0.19987302
0.21249476,0.18254833,0.20159477,0.20344125,0.19992092
0.19512263,0.19231774,0.19992411,0.21031334,0.20232216
0.20674314,0.18593405,0.20462151,0.2005867,0.20211454
0.20766214,0.18672119,0.20310037,0.20197,0.20054626
0.21344523,0.17967531,0.20177914,0.2048279,0.20027241
0.21036002,0.18583836,0.2022012,0.20148571,0.2001147
0.19323996,0.1936088,0.20138066,0.20945527,0.20231533
0.20862675,0.18430586,0.20353693,0.20232414,0.2012063
0.20988727,0.18351877,0.20326129,0.20238641,0.20094624
0.20847408,0.19045068,0.19832991,0.20478292,0.19796242
0.20819889,0.1913686,0.19860473,0.20404044,0.19778731
0.19549227,0.19123249,0.19976315,0.21078523,0.20272686
0.20395738,0.18860662,0.20572191,0.19917463,0.20253947
0.20703274,0.18987334,0.1995563,0.20453776,0.19899985
0.21026522,0.188066,0.19803089,0.20593852,0.19769937
0.21073055,0.1869528,0.19839412,0.20594952,0.19797301
0.19984214,0.19138405,0.20170502,0.20915289,0.1979159
0.20262505,0.19351916,0.20323487,0.20048109,0.20013982
0.2068628,0.18926606,0.20083126,0.20360519,0.19943464
0.20900044,0.1880936,0.19889978,0.20564103,0.19836515
0.2084749,0.18871194,0.19849858,0.2060607,0.1982539
0.19307819,0.1940724,0.20051545,0.21002452,0.2023094
0.20301576,0.19125758,0.20297274,0.20223543,0.2005185
0.20662196,0.19144033,0.20037474,0.20288163,0.19868134
0.208433,0.19087519,0.19984242,0.20309839,0.19775102
0.21100895,0.18795602,0.19696938,0.20704623,0.19701937
0.1996176,0.1908041,0.19951284,0.21331291,0.1967526
0.20473091,0.18952106,0.20241721,0.2031768,0.20015399
0.20672138,0.19035985,0.19971167,0.204819,0.19838811
0.20909558,0.18938844,0.19834721,0.20578574,0.19738303
0.21010211,0.18927652,0.19748922,0.2062192,0.19691296
0.20305921,0.18638927,0.19948956,0.21417807,0.19688389
0.20578358,0.18953428,0.20142967,0.20380464,0.19944781
0.20948392,0.1869996,0.19904333,0.20619242,0.1982808
0.20914565,0.18862468,0.19886138,0.20580435,0.19756396
0.20600411,0.19346638,0.19989167,0.20297164,0.19766615
0.20004694,0.18898313,0.20057993,0.21321787,0.19717214
0.20557895,0.19004282,0.20205566,0.20328058,0.19904196
0.20995608,0.18722469,0.198957,0.20595819,0.19790399
0.20681536,0.19195868,0.19832402,0.20581935,0.19708255
0.21147712,0.18757996,0.19661064,0.20832382,0.19600849
0.19920702,0.19104105,0.20022255,0.21284412,0.19668527
0.20486374,0.19056651,0.20110564,0.2044561,0.19900799
0.20532766,0.19314562,0.19996668,0.20403396,0.19752608
0.208707,0.19119176,0.1972148,0.2062744,0.19661206
0.20650123,0.19419208,0.19715025,0.20629649,0.19585995
0.2020049,0.18450016,0.20129764,0.21426678,0.19793051
0.20579489,0.19103053,0.20031537,0.20448072,0.19837847
0.20886523,0.19007991,0.19740264,0.2070785,0.1965737
0.21096583,0.18911183,0.19617721,0.20793311,0.19581206
0.20774263,0.19354357,0.19648588,0.2069115,0.19531642
0.20208934,0.18445812,0.20073298,0.21560983,0.19710971
0.20588669,0.19024988,0.20113057,0.20454614,0.19818673
0.20692089,0.19287132,0.19831257,0.2055899,0.1963053
0.20814025,0.1935232,0.1967358,0.20620714,0.19539359
0.20868653,0.1927493,0.19591662,0.2077683,0.19487926
0.19958746,0.18933329,0.19919917,0.21569729,0.19618285
0.20550482,0.19178766,0.20022115,0.20467243,0.19781393
0.20998225,0.18892291,0.19641195,0.20918137,0.19550152
0.20872803,0.19423005,0.195901,0.20649037,0.19465058
0.20821132,0.19588692,0.19483645,0.20731209,0.19375323
0.2009521,0.18516232,0.20006382,0.21639559,0.19742619
0.20836893,0.18853645,0.1978055,0.20862694,0.19666226
0.20622347,0.19355647,0.19752462,0.20695174,0.1957437
0.20664325,0.19641607,0.19506837,0.20763654,0.19423576
0.2066447,0.19935848,0.19452201,0.20660755,0.19286726
0.20069402,0.18575886,0.1995256,0.21736117,0.19666034
0.20756091,0.19146448,0.19753039,0.20730095,0.19614328
0.20519397,0.19772334,0.19547495,0.20730992,0.19429776
0.20724413,0.1971435,0.19269386,0.21022417,0.19269438
0.20749727,0.1975488,0.19229868,0.21058452,0.19207074
0.2057977,0.18056841,0.1984632,0.21877757,0.1963931
0.20528027,0.195099,0.19771476,0.20630631,0.1955996
0.20358557,0.20068823,0.19501877,0.2071855,0.19352195
0.20594388,0.2010208,0.19228971,0.208933,0.19181257
0.20314877,0.20242815,0.19213144,0.21008033,0.19221132
0.20585148,0.18008548,0.19688609,0.22177188,0.19540507
0.2068441,0.19239782,0.19620557,0.20975223,0.19480027
0.20357326,0.20230033,0.19437942,0.20664847,0.19309855
0.20420215,0.20322895,0.19196685,0.20948005,0.19112198
0.2051267,0.20458922,0.18905552,0.21126086,0.18996772
0.20098837,0.18605664,0.19866043,0.2185068,0.19578773
0.20279388,0.19992743,0.19576755,0.20733227,0.19417885
0.20442663,0.2023075,0.19180068,0.20993865,0.19152655
0.20167008,0.20777597,0.1920354,0.20777836,0.19074021
0.20545599,0.20413478,0.18938927,0.21151075,0.18950917
0.2026986,0.18207078,0.20090717,0.21726196,0.19706154
0.20226899,0.20234257,0.19496356,0.2070453,0.19337955
0.20529744,0.20357479,0.19057183,0.21039382,0.19016212
0.20680423,0.20208083,0.18911284,0.21281661,0.1891855
0.20366152,0.20903201,0.18778522,0.21128275,0.18823847
0.20426716,0.18015006,0.19838911,0.22135998,0.19583367
0.20295806,0.20223051,0.19347322,0.20919591,0.1921423
0.20458144,0.20546864,0.18924254,0.21144705,0.18926035
0.20412746,0.20772752,0.18804209,0.21176077,0.18834218
0.2051277,0.20954196,0.18669511,0.21146305,0.18717223
0.20569834,0.177634,0.1991599,0.22111769,0.19639002
0.20102736,0.20600116,0.19330503,0.20814335,0.19152308
0.20365056,0.2064574,0.1890787,0.2116267,0.18918662
0.20623873,0.20487684,0.1878603,0.21267748,0.18834665
0.20310238,0.21231736,0.18588427,0.21223675,0.18645924
0.20457043,0.17892562,0.1999468,0.21948957,0.19706757
0.2044243,0.20205215,0.19147195,0.21106209,0.19098952
0.20400861,0.20864962,0.18772304,0.21178691,0.18783182
0.20352025,0.21089977,0.18695892,0.21149053,0.1871305
0.20294958,0.21356738,0.18514195,0.21275307,0.18558805
0.20388985,0.17914122,0.19762443,0.22374481,0.1955997
0.20114441,0.20536926,0.19123948,0.21172853,0.19051825
0.20336977,0.20937839,0.18779266,0.21149385,0.1879653
0.20219782,0.21408796,0.18611135,0.21167424,0.18592861
0.20412,0.21375373,0.18448518,0.212667,0.1849741
0.20293824,0.1817672,0.19592103,0.22494128,0.19443223
0.2022281,0.20620611,0.18967593,0.21254137,0.18934849
0.2015066,0.2129961,0.18786077,0.21109894,0.1865376
0.20134246,0.21692218,0.18538997,0.21094972,0.18539566
0.20344013,0.21458773,0.18357241,0.21421684,0.1841829
0.20554139,0.17770669,0.19747207,0.22362012,0.19565976
0.20350176,0.20621684,0.18839148,0.21355838,0.18833153
0.20162849,0.21494858,0.18560494,0.21214806,0.18566994
0.20322698,0.21704638,0.1817137,0.21459024,0.18342267
0.20284127,0.21735282,0.18240479,0.21399939,0.18340178
0.2083795,0.17352623,0.19675934,0.2260548,0.19528013
0.20093654,0.21280149,0.18846864,0.21023698,0.18755633
0.20369482,0.21495798,0.18292613,0.21404478,0.1843763
0.20201679,0.22090736,0.18294577,0.21094757,0.18318257
0.20483814,0.21633849,0.18035935,0.21616569,0.18229835
0.21050827,0.1701617,0.19853641,0.22453716,0.19625644
0.20176418,0.21446958,0.18601763,0.21179923,0.1859494
0.20131652,0.2173095,0.18349145,0.21374628,0.18413626
0.20157674,0.22090016,0.18132575,0.21356933,0.18262807
0.20236808,0.21974224,0.18067011,0.2153769,0.18184265
0.20864183,0.1745442,0.19567494,0.22696345,0.19417559
0.20209415,0.21429047,0.18387334,0.21508546,0.18465656
0.2015851,0.21929805,0.18226391,0.21402447,0.1828285
0.20318872,0.22079065,0.1804669,0.21485826,0.18069547
0.20107432,0.22443104,0.18022497,0.21347243,0.18079731
0.21085083,0.17193301,0.19522421,0.2278128,0.19417918
0.20230524,0.21571937,0.18443914,0.21283029,0.18470594
0.20160429,0.22106506,0.18200147,0.21255708,0.1827721
0.2018363,0.22268824,0.1802888,0.21436426,0.18082239
0.20232765,0.22525853,0.17890394,0.21378866,0.17972124
0.2090892,0.17269321,0.1969947,0.22643316,0.19478971
0.20170444,0.21883778,0.18234077,0.21394159,0.18317541
0.2021394,0.21992747,0.1805951,0.21564159,0.1816964
0.2035264,0.22122374,0.1778572,0.21775375,0.17963892
0.20396876,0.22260869,0.17906418,0.21459506,0.17976329
0.21278754,0.16696179,0.19756545,0.22732572,0.19535953
0.200963,0.21969229,0.18324697,0.21267293,0.18342477
0.20343672,0.22021817,0.17809227,0.21885593,0.1793969
0.20222744,0.2242526,0.17707361,0.21778314,0.17866322
0.20052533,0.22477603,0.17665987,0.21785487,0.1801839
0.21426252,0.16707873,0.19464952,0.23016872,0.19384053
0.2023748,0.21942107,0.18070912,0.2162566,0.18123838
0.20189816,0.22340658,0.17945695,0.21537979,0.1798585
0.20082861,0.22448443,0.17706236,0.21572831,0.18189622
0.20311067,0.22487876,0.1737683,0.21953131,0.17871094
0.20933533,0.1700143,0.19629854,0.22931372,0.19503808
0.2020272,0.21931356,0.18122314,0.21560253,0.18183355
0.20056486,0.22572742,0.1786428,0.21367134,0.18139358
0.202144,0.22437891,0.17514852,0.21829341,0.18003517
0.20121673,0.22595331,0.17417021,0.21964553,0.1790142
0.21449931,0.16566111,0.19337705,0.23356101,0.19290157
0.20310411,0.21683234,0.17983392,0.21915717,0.18107246
0.20158432,0.22386871,0.17638625,0.21796621,0.18019444
0.20192766,0.22577073,0.17468737,0.21817802,0.17943622
0.20267487,0.22782204,0.1722274,0.21955429,0.17772138
0.21440113,0.16491659,0.1959013,0.23048122,0.19429976
0.19991973,0.2243697,0.17900942,0.2150352,0.18166597
0.20269983,0.22607227,0.17476526,0.21766023,0.17880243
0.20264722,0.22861421,0.17278789,0.21844995,0.17750077
0.20280002,0.22825019,0.17251012,0.21870437,0.17773534
0.2202962,0.1572013,0.19616339,0.23191917,0.1944199
0.20203462,0.22529556,0.17764239,0.21442655,0.18060085
0.20177203,0.23004262,0.17501757,0.21497758,0.17819017
0.201973,0.22960281,0.17202343,0.21975884,0.17664194
0.20372503,0.22850418,0.17202282,0.21843316,0.1773148
0.21792582,0.15999097,0.19618808,0.23156944,0.1943257
0.20172226,0.22672212,0.17658897,0.21599245,0.17897421
0.202604,0.22927345,0.17435853,0.21590105,0.17786293
0.20340346,0.22819002,0.17287895,0.21785216,0.1776754
0.20550226,0.23093563,0.16929363,0.21975477,0.17451367
0.22155884,0.1546462,0.19610885,0.23323764,0.19444847
0.20184235,0.22695373,0.17559107,0.21754168,0.17807117
0.20393264,0.23152216,0.17118424,0.217939,0.17542201
0.20596394,0.23191977,0.1685961,0.2190178,0.17450234
0.20752856,0.23534495,0.16762425,0.21627258,0.17322965
0.22372842,0.15277049,0.19436727,0.23589624,0.19323759
0.20407473,0.22747208,0.17519088,0.21459928,0.17866302
0.20631953,0.23296005,0.16948779,0.21727304,0.17395957
0.20608805,0.23342007,0.1693029,0.21722294,0.17396605
0.20661926,0.23417588,0.16641802,0.22010635,0.17268053
0.22647318,0.15100104,0.19363785,0.23616055,0.19272736
0.2048275,0.23268239,0.1723811,0.2144648,0.17564419
0.20603274,0.233504,0.16999319,0.21743587,0.17303418
0.20610791,0.23558162,0.16722077,0.21911643,0.1719733
0.20848112,0.23223308,0.16806374,0.21753776,0.17368427
0.22075936,0.15610404,0.19246091,0.23834945,0.19232629
0.21244693,0.19172457,0.2015145,0.19565043,0.19866356
0.20766374,0.20013605,0.19920298,0.19698049,0.19601679
0.20781033,0.19883804,0.19760264,0.1990272,0.19672178
0.20657308,0.19814266,0.19944307,0.19757225,0.19826894
0.2064043,0.20093024,0.19945788,0.19555335,0.19765423
0.21051794,0.19432619,0.20054995,0.1962632,0.19834271
0.20634344,0.20100304,0.19819883,0.1981656,0.19628912
0.20659332,0.20354973,0.19835843,0.19511604,0.19638246
0.20696878,0.1988186,0.20018499,0.19519623,0.19883145
0.20567894,0.20371246,0.19936429,0.19435711,0.1968872
0.20966978,0.1940862,0.2003943,0.1974996,0.19835013
0.20726115,0.20223744,0.19761653,0.19678214,0.19610272
0.20773056,0.19835001,0.19663328,0.19995293,0.19733316
0.2059122,0.20184727,0.19822508,0.19706047,0.196955
0.20465793,0.20737617,0.20055945,0.19120601,0.19620053
0.20884012,0.19703478,0.20066747,0.19549647,0.19796115
0.20574626,0.20327762,0.19816448,0.19676402,0.19604762
0.2065,0.20283712,0.1972847,0.19703172,0.19634648
0.206161,0.20539775,0.19765367,0.19452119,0.19626637
0.20543845,0.20357837,0.1978859,0.19625549,0.1968418
0.21073113,0.19397822,0.1997686,0.19626576,0.19925629
0.20455238,0.20405348,0.19896702,0.19634546,0.19608167
0.20577084,0.20533648,0.19793086,0.1951852,0.19577663
0.20589769,0.20403668,0.19836035,0.19505018,0.19665508
0.205287,0.20201004,0.1978711,0.19775671,0.19707519
0.20980011,0.19654173,0.19858977,0.19726732,0.19780107
0.20805402,0.20124158,0.19777812,0.19574958,0.19717667
0.20413724,0.20695283,0.19900256,0.19421802,0.19568937
0.20387726,0.20343612,0.19955786,0.19529295,0.1978358
0.20468575,0.20367254,0.19856833,0.1954186,0.19765478
0.210343,0.19831671,0.19874455,0.19534296,0.19725275
0.20356715,0.2019559,0.2013637,0.19456844,0.19854483
0.20528555,0.20456769,0.19824153,0.19504987,0.1968554
0.20470901,0.20292985,0.19879462,0.19534738,0.19821914
0.20688492,0.20002808,0.19725081,0.196875,0.1989612
0.21067344,0.19477735,0.1997655,0.19566134,0.19912235
0.20532787,0.20162264,0.1993712,0.19641353,0.1972647
0.20389952,0.2024733,0.20066632,0.19447133,0.19848953
0.20504734,0.20117311,0.19804156,0.19696,0.19877802
0.20376644,0.2047964,0.19999231,0.19405901,0.19738582
0.20999451,0.19643222,0.19977057,0.19516522,0.19863753
0.20376782,0.20382209,0.19975907,0.1954772,0.19717377
0.20422757,0.20185913,0.20029834,0.19511151,0.19850342
0.20553727,0.20213917,0.19884549,0.19539796,0.19808011
0.20411022,0.20257795,0.20016551,0.19391268,0.1992336
0.21039376,0.1918724,0.20103364,0.19636878,0.2003314
0.20423622,0.20359847,0.19911437,0.19638617,0.19666477
0.2042386,0.20572491,0.20066164,0.19151597,0.19785887
0.20462137,0.20399664,0.19843614,0.19542487,0.19752097
0.20358531,0.2049833,0.19992699,0.19324121,0.1982632
0.20911905,0.19666034,0.20079494,0.19425157,0.19917406
0.20440155,0.20207016,0.20020512,0.19553375,0.19778942
0.20507608,0.20227851,0.2016726,0.19178507,0.19918776
0.20429853,0.20317815,0.19901524,0.19516638,0.1983417
0.20497671,0.20357938,0.1992907,0.19346988,0.19868337
0.21031672,0.1929117,0.20032762,0.19652879,0.19991517
0.20352203,0.20436239,0.20008904,0.1942748,0.19775175
0.20445494,0.20272096,0.20138432,0.19241187,0.19902793
0.20484672,0.20293035,0.19940431,0.1943471,0.19847153
0.20387189,0.20155182,0.20269254,0.1911486,0.20073517
0.2092385,0.19487251,0.20123908,0.19519396,0.19945598
0.20438099,0.2028636,0.20060308,0.19348179,0.19867052
0.2046415,0.20238408,0.20044714,0.1929236,0.19960366
0.2030577,0.20211829,0.20154667,0.1935212,0.19975616
0.20509365,0.20005974,0.19931147,0.19536929,0.2001659
0.20928687,0.19133724,0.20091462,0.19674328,0.201718
0.20305885,0.20161891,0.20309317,0.19231218,0.19991684
0.20597535,0.19660899,0.20123951,0.19428428,0.20189187
0.20503454,0.19880424,0.20177251,0.19258517,0.20180354
0.20633367,0.19872716,0.20024721,0.19316193,0.20153002
0.20838296,0.1908022,0.20410556,0.19384202,0.20286727
0.20326908,0.2021666,0.20344037,0.1913284,0.19979556
0.20405771,0.19900334,0.2028715,0.19250123,0.20156625
0.20464651,0.19832593,0.20126536,0.19332959,0.20243263
0.20476504,0.19832179,0.20146076,0.1929037,0.20254873
0.20966177,0.1911663,0.20138687,0.1958722,0.20191287
0.2046492,0.19695525,0.2020923,0.19452092,0.20178235
0.20486921,0.19671743,0.20174682,0.19450009,0.20216644
0.20326293,0.19971049,0.20311958,0.19153668,0.20237038
0.20604391,0.19709313,0.20100474,0.19284265,0.20301557
0.21006744,0.1929467,0.20294452,0.19218345,0.20185791
0.20323794,0.20105721,0.20369598,0.19141856,0.20059034
0.20430492,0.19597702,0.20314571,0.19318691,0.20338546
0.20485494,0.19778103,0.20175739,0.19275501,0.20285167
0.2037959,0.20149639,0.20351142,0.18875548,0.20244077
0.2076797,0.1890635,0.20490256,0.19350411,0.20485012
0.20348549,0.19925736,0.20239289,0.19398911,0.20087516
0.2050027,0.19636355,0.20264019,0.19317791,0.20281564
0.2055721,0.19254838,0.2021162,0.19377825,0.20598507
0.20612895,0.1928306,0.20099793,0.19453065,0.20551187
0.2094354,0.19011587,0.20304692,0.1938457,0.20355612
0.20415162,0.19737798,0.20194156,0.19489065,0.2016382
0.20348027,0.19639817,0.20442241,0.19188447,0.20381469
0.20575872,0.19337513,0.20037855,0.19613741,0.20435013
0.20421997,0.19643596,0.20241037,0.19207291,0.2048608
0.20874377,0.18743627,0.20246218,0.19565107,0.20570669
0.2035807,0.20000708,0.20311694,0.19247612,0.20081918
0.2029816,0.19671121,0.20427617,0.19191737,0.20411357
0.20464307,0.19651923,0.20134415,0.19394597,0.20354758
0.20316513,0.19791764,0.20425761,0.19088069,0.20377892
0.2092466,0.18767996,0.20315422,0.19487666,0.20504254
0.20343426,0.19794692,0.20504324,0.19052362,0.20305195
0.20426828,0.19501585,0.20267601,0.19362083,0.20441902
0.20325936,0.19709127,0.20252743,0.19316022,0.2039617
0.20360485,0.19572976,0.20360802,0.19183874,0.20521864
0.2088917,0.18687591,0.20292023,0.19634625,0.20496593
0.2038999,0.19217643,0.20379432,0.19566007,0.2044693
0.20337906,0.19741563,0.20399405,0.19123763,0.20397356
0.204152,0.19633071,0.20216483,0.19296856,0.2043839
0.20372725,0.19937502,0.20399012,0.18952261,0.20338503
0.2083669,0.18866889,0.20463751,0.19308612,0.20524056
0.20131119,0.19990724,0.20563655,0.19091183,0.20223323
0.20310928,0.19722778,0.20342745,0.19192633,0.20430914
0.2034939,0.2004881,0.20411012,0.18775402,0.20415388
0.20302191,0.19692095,0.20436096,0.19046462,0.20523153
0.20832698,0.18925758,0.20233834,0.19611888,0.20395823
0.20179577,0.20170861,0.20605251,0.18841194,0.20203121
0.20468011,0.19643268,0.20244238,0.19253431,0.20391047
0.20145842,0.19766127,0.20622432,0.18984796,0.20480801
0.20385885,0.19526576,0.20275253,0.19285226,0.20527063
0.20906645,0.18826333,0.20241041,0.195673,0.20458686
0.20284621,0.19431354,0.2039278,0.19501881,0.20389362
0.20323098,0.19757535,0.20331407,0.19242585,0.20345376
0.20178062,0.19671799,0.2062601,0.19027655,0.20496473
0.20401724,0.1916544,0.20417424,0.19245279,0.20770137
0.20783034,0.1854647,0.20399038,0.19596806,0.20674655
0.20320944,0.19620755,0.20390952,0.19344331,0.2032302
0.20359857,0.19672418,0.20309427,0.19232427,0.20425871
0.2029283,0.19420382,0.20469362,0.19183014,0.20634416
0.20349997,0.19446681,0.20333236,0.19246796,0.20623286
0.20875229,0.18803972,0.20122069,0.19686139,0.20512588
0.20333557,0.1961672,0.20364812,0.19379877,0.20305035
0.202692,0.19575845,0.20515814,0.19105019,0.20534123
0.20320465,0.19597962,0.20347404,0.19223031,0.20511135
0.20138833,0.19909991,0.2043286,0.19089389,0.20428924
0.20648274,0.19287428,0.20204923,0.1957489,0.20284484
0.20195197,0.1990452,0.20454541,0.19135673,0.20310074
0.20124471,0.19709755,0.20537156,0.19155994,0.20472623
0.2018401,0.19894429,0.20524201,0.18913117,0.20484243
0.20190513,0.19945993,0.20355988,0.19133817,0.20373689
0.20662047,0.19548814,0.20301898,0.19248964,0.2023828
0.2019691,0.19641788,0.20503037,0.1927925,0.20379013
0.2023842,0.19654168,0.20243852,0.19530214,0.20333345
0.20064156,0.20042756,0.20607176,0.18869744,0.20416169
0.2011549,0.20066597,0.20376721,0.19080749,0.20360446
0.20735127,0.19128753,0.20079869,0.19736369,0.2031988
0.20131677,0.19880916,0.20411679,0.1934238,0.20233347
0.20249131,0.1998198,0.20224264,0.19291687,0.20252937
0.2000177,0.20129237,0.20504446,0.19030665,0.20333888
0.20294523,0.2014368,0.20363618,0.18907969,0.20290212
0.20661794,0.19452581,0.20256694,0.19465265,0.20163663
0.20079947,0.20143862,0.20390686,0.19280939,0.20104565
0.20037737,0.19875222,0.20510192,0.19185312,0.20391539
0.2009935,0.19868188,0.20427799,0.19227123,0.2037754
0.19976345,0.19970414,0.20565736,0.19136304,0.20351201
0.2068246,0.19057736,0.20172372,0.19685943,0.20401493
0.20061739,0.19990411,0.20505448,0.19173235,0.20269169
0.20072132,0.19993317,0.20405918,0.19222723,0.2030591
0.20168538,0.19948599,0.20198932,0.19398549,0.20285377
0.20070098,0.20115304,0.20214544,0.19403654,0.20196405
0.20744173,0.19461544,0.20064726,0.19491789,0.2023777
0.19945523,0.2006097,0.20461027,0.19398291,0.20134188
0.19752376,0.20168093,0.20687841,0.19099574,0.20292114
0.20133106,0.19939277,0.2040716,0.19198997,0.20321465
0.20132707,0.1999215,0.2018111,0.19403353,0.2029068
0.20471156,0.19759236,0.20378925,0.19272652,0.20118025
0.2005015,0.20136206,0.2040765,0.19251479,0.20154513
0.20135733,0.19984972,0.20381455,0.1921858,0.20279253
0.19840017,0.2037521,0.2047026,0.19085865,0.20228651
0.19996278,0.20060995,0.20480624,0.19190265,0.2027184
0.20373003,0.19934106,0.2029759,0.19315238,0.20080066
0.19919309,0.20064221,0.20560436,0.19195646,0.20260386
0.20120573,0.20049304,0.20340718,0.192476,0.20241803
0.20128287,0.20080955,0.20286757,0.19209339,0.20294662
0.20075582,0.20218043,0.20302589,0.19205725,0.20198062
0.20399356,0.19855957,0.20394516,0.19232664,0.20117505
0.19888048,0.20250042,0.2046659,0.19237158,0.20158163
0.20015062,0.20095249,0.20394672,0.19270757,0.20224258
0.1992495,0.20284668,0.20478788,0.19079044,0.20232551
0.19933785,0.2022461,0.20408614,0.19185068,0.20247924
0.20555098,0.19555323,0.2025894,0.19376424,0.20254214
0.1987944,0.20047848,0.20573759,0.19274215,0.20224743
0.19930089,0.20221467,0.20525707,0.19071166,0.20251574
0.19904567,0.20307975,0.204426,0.19103576,0.20241281
0.19878478,0.20187747,0.2060129,0.19019759,0.20312724
0.2047957,0.1966544,0.20301378,0.19364354,0.20189254
0.19826381,0.2009951,0.20623666,0.19146061,0.20304377
0.19995335,0.20096727,0.20300026,0.19410568,0.2019735
0.19897345,0.20033124,0.20540059,0.19169784,0.20359685
0.19941343,0.20124517,0.20484251,0.19119856,0.20330028
0.20459498,0.19602986,0.20366171,0.19346064,0.20225284
0.1990483,0.20182371,0.20531544,0.1914142,0.20239839
0.20027453,0.19921029,0.20515634,0.19169256,0.20366633
0.20047845,0.20100248,0.20465443,0.19061282,0.20325181
0.19796406,0.20087029,0.20670533,0.19070497,0.2037553
0.20258301,0.19802569,0.20476897,0.19237678,0.20224553
0.19849735,0.20018479,0.2061157,0.19205555,0.20314665
0.20073211,0.19935954,0.20292312,0.19396837,0.20301682
0.19948776,0.20061046,0.20528834,0.19101351,0.20359994
0.199288,0.20013304,0.20614782,0.19089021,0.20354092
0.20620848,0.19437012,0.20345044,0.19231129,0.2036597
0.20047496,0.19911121,0.20532265,0.19158947,0.20350169
0.19954704,0.197487,0.20561835,0.19238213,0.20496553
0.19970466,0.1995365,0.20517674,0.19149517,0.20408696
0.19806157,0.19939896,0.20738322,0.18977056,0.20538566
0.20651598,0.19154021,0.20125964,0.19662945,0.20405467
0.19891444,0.19898401,0.20694031,0.19080621,0.20435508
0.19972044,0.19935913,0.20541163,0.19121459,0.20429417
0.20093885,0.1980882,0.20408112,0.19247174,0.20442009
0.20094503,0.19513349,0.20467123,0.19410773,0.20514251
0.20501958,0.18983208,0.20374629,0.19565806,0.20574397
0.199981,0.19915426,0.20554261,0.19127738,0.20404471
0.19840048,0.19653004,0.20786206,0.19136359,0.20584378
0.20021117,0.19704215,0.20531552,0.19230324,0.20512792
0.20016892,0.19756189,0.2041117,0.19418472,0.2039728
0.2051884,0.19412838,0.2038945,0.19201472,0.204774
0.19994117,0.19487125,0.20751217,0.19182587,0.20584956
0.19975634,0.19720636,0.20706056,0.19022687,0.20574981
0.20106448,0.19500338,0.20570222,0.19140363,0.20682631
0.20226602,0.19428627,0.20451733,0.19277549,0.20615485
0.20485169,0.19268696,0.20411311,0.1933493,0.20499893
0.19915324,0.19942191,0.20660496,0.19068356,0.20413633
0.19877154,0.19692065,0.20739795,0.19153179,0.20537809
0.19902784,0.19955955,0.20751481,0.18870872,0.20518911
0.19855735,0.19884425,0.20791917,0.18917722,0.20550205
0.20460983,0.19116278,0.20526774,0.19338802,0.20557165
0.1993139,0.19657113,0.20894502,0.19007905,0.20509091
0.19911565,0.19790907,0.20692898,0.1913523,0.20469399
0.2006738,0.19783686,0.20526288,0.19176146,0.20446497
0.19985436,0.19760999,0.20647125,0.19073148,0.20533295
0.20494896,0.18883975,0.20377465,0.19581473,0.20662197
0.19690567,0.1990382,0.20838964,0.19123809,0.20442842
0.19929516,0.19550529,0.20754243,0.19229755,0.20535955
0.19812012,0.19703585,0.20805202,0.19173983,0.2050522
0.19659303,0.20273821,0.20820868,0.18908876,0.20337132
0.20298965,0.1953918,0.2054623,0.19315813,0.2029981
0.19875732,0.19909869,0.2066203,0.19130935,0.20421436
0.19892915,0.19519426,0.20913878,0.19103377,0.20570405
0.19759448,0.19890027,0.20927465,0.18886247,0.20536815
0.19828483,0.19803245,0.20746423,0.1908194,0.20539911
0.20467427,0.19218251,0.2038923,0.1954513,0.20379959
0.19697852,0.19941711,0.20937133,0.18981954,0.20441347
0.19751316,0.20163678,0.20853019,0.18823539,0.20408446
0.19644503,0.19792971,0.20995617,0.18991086,0.20575823
0.19708343,0.20096691,0.20898865,0.18807179,0.20488924
0.20398803,0.19310248,0.20335914,0.19654074,0.20300962
0.19754498,0.19929004,0.21051712,0.18788691,0.20476094
0.20113434,0.1985108,0.20840843,0.19075292,0.20119354
0.19726692,0.20008184,0.20809415,0.1899655,0.20459159
0.20023909,0.19875996,0.21093966,0.1877256,0.20233573
0.20149067,0.19875939,0.20464101,0.19430903,0.20079991
0.19637261,0.19984733,0.20883329,0.19085623,0.20409048
0.2013367,0.19636743,0.20907485,0.19110271,0.20211829
0.2040615,0.19420364,0.20768528,0.19268174,0.20136783
0.20057313,0.19632277,0.21160808,0.18844226,0.20305376
0.20199534,0.1963791,0.20556794,0.19329585,0.20276174
0.19947396,0.19637667,0.21117781,0.190959,0.20201257
0.2004822,0.19609042,0.21194914,0.18823951,0.20323871
0.20083442,0.19484425,0.21102355,0.1899407,0.20335706
0.20304877,0.19573677,0.20869446,0.19073488,0.20178513
0.20165187,0.1964704,0.20280941,0.19748743,0.20158091
0.1976157,0.19663475,0.21346128,0.18796971,0.20431855
0.19959074,0.19859016,0.21143422,0.18773937,0.20264553
0.20159529,0.1932674,0.21271716,0.18819365,0.20422654
0.20057037,0.1960155,0.21081135,0.18956761,0.20303518
0.20054837,0.197295,0.20363362,0.19741902,0.201104
0.19911209,0.19656745,0.21125916,0.19003706,0.20302428
0.19834338,0.1965891,0.2120992,0.18889028,0.20407805
0.20032446,0.19333674,0.21353458,0.1882785,0.20452568
0.20255922,0.19326581,0.21043503,0.19044794,0.20329201
0.2008134,0.1985354,0.20475982,0.19463314,0.20125826
0.19799218,0.19567263,0.21281669,0.18959272,0.20392576
0.20355253,0.18975295,0.21092689,0.19184728,0.20392038
0.20078558,0.19695231,0.21084763,0.18834047,0.20307396
0.20264816,0.19090152,0.21208377,0.1895368,0.20482978
0.20003445,0.19914976,0.20352754,0.19702639,0.20026186
0.19842693,0.1937806,0.21388604,0.18887869,0.20502777
0.1993683,0.19530362,0.21086201,0.1907069,0.20375918
0.2007904,0.19217692,0.21386068,0.1878618,0.20531018
0.20347372,0.19209777,0.21016796,0.19082554,0.20343499
0.20118731,0.1992691,0.20234333,0.19737388,0.19982639
0.19989848,0.19090573,0.2132031,0.19057448,0.20541812
0.20280072,0.18863718,0.21317096,0.19031852,0.2050726
0.20345896,0.18933988,0.21271275,0.1893917,0.20509674
0.20410158,0.18657167,0.21341756,0.19013385,0.2057753
0.19863541,0.1989411,0.20546253,0.19601913,0.20094179
0.19949716,0.19110917,0.21348329,0.19030869,0.20560172
0.19876538,0.19312572,0.21430497,0.18756294,0.206241
0.20387968,0.18646762,0.21351466,0.19016401,0.20597403
0.20334108,0.19020769,0.21147732,0.19006534,0.20490858
0.19905955,0.1985868,0.20625937,0.19523865,0.20085561
0.19841248,0.19294143,0.21417923,0.1888495,0.20561732
0.19917992,0.19380705,0.21361497,0.18761869,0.20577937
0.20247096,0.18781504,0.21390125,0.18960471,0.20620802
0.20373574,0.18611482,0.21322778,0.19054751,0.20637415
0.19879706,0.20081449,0.20434669,0.19658913,0.19945264
0.19731383,0.19190392,0.21625304,0.18721566,0.20731352
0.20357628,0.18685375,0.21263938,0.19176291,0.20516768
0.20320831,0.18651292,0.21305983,0.1910871,0.20613188
0.20824061,0.18169631,0.21184017,0.19253625,0.20568661
0.19889876,0.19761518,0.20372942,0.19945033,0.20030633
0.19958775,0.18953715,0.21447413,0.19008489,0.20631608
0.2025811,0.18614352,0.21519808,0.18900314,0.20707412
0.20188719,0.1910157,0.21267089,0.1891966,0.20522963
0.20420931,0.18972066,0.21049272,0.19121277,0.20436458
0.19721054,0.1994373,0.20491682,0.19803247,0.20040292
0.20187828,0.18603098,0.21453248,0.19157985,0.20597845
0.2024379,0.1883866,0.21195596,0.19172141,0.20549813
0.20325026,0.18839554,0.21167608,0.19152819,0.20514993
0.20512682,0.1865876,0.21240678,0.19061673,0.20526206
0.19624034,0.19622912,0.2061174,0.19953503,0.20187812
0.2005281,0.18834348,0.21322477,0.19192483,0.2059788
0.20091368,0.18922645,0.21401216,0.1890781,0.2067696
0.20446156,0.18657592,0.21275827,0.19025856,0.20594567
0.2077889,0.182705,0.21189922,0.19204308,0.20556377
0.19659828,0.19682992,0.2065481,0.19853033,0.20149341
0.19989094,0.18861027,0.21479177,0.18954094,0.20716614
0.20442721,0.1854023,0.21374759,0.18990992,0.20651297
0.20264947,0.19137092,0.21055953,0.19049433,0.20492575
0.20282196,0.1907727,0.21078895,0.19090718,0.20470919
0.19584905,0.1989776,0.2060613,0.19856891,0.20054314
0.20144722,0.1853474,0.21496391,0.19050041,0.20774105
0.20355779,0.18770306,0.21125147,0.19240777,0.20507994
0.20064951,0.19153365,0.21211872,0.19021134,0.20548676
0.20587815,0.1864813,0.208996,0.19433935,0.2043052
0.19511208,0.19644347,0.20669757,0.19992751,0.20181939
0.19881757,0.19131494,0.21394224,0.18979335,0.20613194
0.202759,0.18704605,0.21229085,0.1925951,0.20530897
0.20459807,0.18754122,0.21071438,0.19259974,0.20454654
0.20395732,0.18977712,0.21059576,0.1912844,0.20438536
0.19492652,0.19687507,0.20548217,0.20235066,0.20036565
0.20209645,0.18729416,0.21156794,0.19326127,0.20578022
0.20646271,0.18506816,0.20989406,0.1937499,0.20482518
0.2059473,0.187442,0.20917264,0.19301954,0.20441854
0.20693965,0.18703818,0.20872653,0.193715,0.20358062
0.19539951,0.19865453,0.2071207,0.19786964,0.20095566
0.20060451,0.18792838,0.2128432,0.19225259,0.20637134
0.20076627,0.19081978,0.21180107,0.19132768,0.20528519
0.20373179,0.18914248,0.21048741,0.19319813,0.20344019
0.20703499,0.18966977,0.20718378,0.19344178,0.20266971
0.19417828,0.19594206,0.20707735,0.20112328,0.20167904
0.20164639,0.18687202,0.21196735,0.19325007,0.20626417
0.2034783,0.1886672,0.2102909,0.19257443,0.20498917
0.20535511,0.18947567,0.20767263,0.1943377,0.20315887
0.2051585,0.18924809,0.20875543,0.19403043,0.20280749
0.19763638,0.19509824,0.20604096,0.20225468,0.19896969
0.20154287,0.18898338,0.2115885,0.19255106,0.20533416
0.20470968,0.18823725,0.2096032,0.19313765,0.20431216
0.20582242,0.18858834,0.20716254,0.19543147,0.20299523
0.20295462,0.19443417,0.20765066,0.19252639,0.20243417
0.19674858,0.19545947,0.2069681,0.20156108,0.1992628
0.20143345,0.18895154,0.21237808,0.19159856,0.20563838
0.2045535,0.18939392,0.2079753,0.19516,0.20291731
0.2036084,0.19267064,0.20689484,0.19474287,0.20208326
0.20321488,0.19546945,0.2060242,0.1937781,0.20151336
0.1965968,0.19302778,0.20641749,0.20468749,0.19927046
0.20017198,0.19065723,0.21089628,0.19289093,0.20538358
0.20125203,0.19691734,0.20783478,0.19148847,0.20250738
0.20124018,0.19773087,0.20623688,0.19304933,0.20174275
0.20378967,0.19804095,0.20307688,0.19612856,0.19896396
0.1971105,0.19425541,0.20755528,0.20190136,0.19917743
0.20008406,0.19287702,0.21046567,0.19192612,0.20464712
0.20044395,0.2006426,0.2061008,0.19177766,0.20103498
0.20035233,0.20433138,0.20267527,0.19370441,0.19893661
0.20077245,0.20641164,0.20043059,0.19416901,0.19821632
0.195345,0.19553569,0.20621386,0.2037341,0.19917133
0.20061594,0.19288552,0.20791247,0.19505991,0.20352615
0.20082895,0.20311834,0.20273212,0.19389759,0.199423
0.20162536,0.20713255,0.19970144,0.19467784,0.19686279
0.20027159,0.21160062,0.1985865,0.19375052,0.1957908
0.19614749,0.19418652,0.20865716,0.2004688,0.20054007
0.19940086,0.19768059,0.20682037,0.19371775,0.20238045
0.20150056,0.20521465,0.20016615,0.1952886,0.19783002
0.19980843,0.21146993,0.1991761,0.19328667,0.19625884
0.2019867,0.21118021,0.19613741,0.19657147,0.1941242
0.19509579,0.19498053,0.20737459,0.20206714,0.20048192
0.19890712,0.20250826,0.20411031,0.19373667,0.20073761
0.19990598,0.20960201,0.20043068,0.19299927,0.19706205
0.20072313,0.212685,0.19816491,0.1934621,0.19496484
0.20161317,0.215072,0.19570418,0.1945866,0.19302402
0.19638367,0.1927393,0.20797157,0.20206353,0.20084198
0.1995577,0.20490627,0.20235933,0.19382703,0.19934964
0.20151366,0.21335568,0.19714886,0.19345202,0.19452976
0.20097673,0.21619613,0.1960569,0.19334944,0.19342078
0.20188066,0.21737559,0.19327034,0.19595428,0.19151908
0.19552614,0.19190942,0.20889111,0.20194775,0.20172563
0.19908437,0.20891087,0.20124546,0.19272573,0.1980336
0.20122,0.21637952,0.19555618,0.19346507,0.19337921
0.20229566,0.21785101,0.1934615,0.19445291,0.19193895
0.204088,0.21985018,0.19029467,0.1971707,0.18859646
0.19590913,0.18955189,0.20890883,0.20333226,0.20229788
0.2000713,0.21230328,0.19943096,0.1920268,0.19616768
0.20343633,0.21879058,0.19302072,0.19365603,0.19109634
0.20382962,0.22277029,0.19062744,0.19379257,0.18898007
0.20602246,0.2236839,0.18727733,0.19661428,0.18640208
0.19627263,0.18756847,0.20913479,0.20405981,0.20296434
0.19992419,0.21474653,0.197292,0.19368154,0.19435574
0.20378734,0.2217885,0.19127434,0.1942149,0.18893495
0.20594606,0.22647253,0.18686399,0.19427964,0.18643782
0.20536846,0.22785221,0.18591191,0.19517367,0.18569377
0.19599502,0.18983817,0.20793006,0.20428827,0.20194843
0.2124631,0.22142689,0.17041317,0.21562408,0.1800728
0.20710783,0.2200131,0.17392462,0.21464331,0.1843111
0.20668095,0.22016944,0.17611761,0.21080816,0.18622391
0.20901419,0.21713926,0.17307429,0.21451268,0.18625958
0.20856906,0.2150188,0.17317428,0.21610722,0.18713062
0.20962568,0.22204256,0.17336062,0.21341346,0.1815577
0.20520897,0.21930762,0.17563942,0.21410805,0.185736
0.20691691,0.21849059,0.1746889,0.21350193,0.1864016
0.20513034,0.2200184,0.17671047,0.21098365,0.18715717
0.20681007,0.21892497,0.17385754,0.2134575,0.18694991
0.20981602,0.2173764,0.17252792,0.21745303,0.18282668
0.20534404,0.22056165,0.17524245,0.21328199,0.18556985
0.2050639,0.21919599,0.1739807,0.21583243,0.185927
0.20624718,0.21674173,0.17404783,0.21554278,0.18742052
0.20772883,0.21760741,0.17258018,0.21511538,0.18696822
0.2074824,0.21893394,0.17481895,0.2146079,0.18415686
0.20509799,0.2216261,0.17469954,0.2141242,0.1844522
0.20534137,0.21849658,0.17468481,0.21470179,0.18677543
0.20372036,0.22032394,0.17532067,0.21427771,0.18635738
0.20565094,0.2168195,0.17382978,0.21669395,0.18700579
0.20877416,0.21947291,0.17509335,0.21316828,0.18349124
0.20334446,0.2203297,0.17508228,0.21539101,0.18585256
0.2047205,0.22089551,0.17428344,0.21413995,0.18596056
0.20351733,0.22113125,0.17634204,0.21233132,0.18667805
0.20306523,0.21846643,0.17707422,0.21348307,0.18791106
0.2073861,0.22022305,0.17547315,0.21304412,0.18387355
0.20481281,0.21960825,0.1758886,0.213711,0.1859793
0.20353526,0.22025535,0.1756705,0.21393353,0.18660535
0.4320529,0.1886484,0.0030436455,0.35181522,0.024439784
0.20273876,0.21940383,0.1766642,0.2134298,0.18776336
0.2057808,0.2199965,0.17806171,0.21078551,0.18537547
0.20147006,0.21862128,0.1782923,0.21367338,0.18794298
0.20220909,0.22076304,0.17962219,0.20911448,0.18829124
0.20346865,0.22045025,0.17657621,0.21195689,0.187548
0.20234968,0.22015914,0.17805725,0.2111306,0.18830329
0.2073523,0.21950045,0.17656136,0.21216832,0.18441759
0.20305258,0.2182856,0.1785593,0.21236509,0.18773745
0.20237291,0.220273,0.17934006,0.20969301,0.18832105
0.203241,0.21802755,0.17915633,0.21041459,0.18916054
0.20265366,0.22113524,0.17804109,0.21027711,0.1878929
0.20509876,0.21857384,0.17998874,0.20941071,0.18692796
0.20216417,0.21868992,0.18025179,0.21037355,0.18852055
0.20069036,0.22077532,0.18058051,0.20877947,0.18917437
0.20149186,0.21948478,0.18110597,0.20816833,0.18974908
0.20256498,0.22226492,0.18011793,0.20645146,0.18860069
0.20518428,0.21943715,0.17930998,0.2097715,0.18629713
0.20258611,0.21867289,0.18085515,0.20883995,0.18904589
0.20314229,0.21767949,0.18014732,0.2096438,0.18938711
0.20296684,0.21719834,0.18058251,0.20911796,0.19013435
0.2016193,0.2202697,0.18106031,0.20702493,0.19002575
0.2090226,0.101234786,0.209452,0.18282059,0.29747
0.20500958,0.22143668,0.17823528,0.20610586,0.18921264
0.20308267,0.2176192,0.17869008,0.20995007,0.19065797
0.20300187,0.21956474,0.1801609,0.20645633,0.19081615
0.20117438,0.21904947,0.1826044,0.20585112,0.19132066
0.20400232,0.2193324,0.17971982,0.20893611,0.18800935
0.201346,0.21872869,0.1818625,0.20727925,0.19078358
0.20212953,0.218299,0.17996813,0.20931901,0.19028437
0.20135559,0.21848482,0.18251942,0.20639612,0.19124408
0.2008635,0.21887343,0.1825064,0.20605223,0.19170444
0.20476267,0.2167569,0.18061349,0.20964758,0.18821935
0.20131786,0.21580145,0.18317814,0.2074488,0.19225377
0.20091403,0.2192934,0.18511596,0.2022522,0.19242445
0.20260715,0.21906687,0.18048412,0.20748714,0.1903547
0.20220773,0.2204849,0.18099983,0.20576912,0.19053847
0.20440538,0.21798676,0.18212743,0.20654635,0.18893409
0.20035638,0.21820349,0.18363154,0.20578861,0.19202
0.20260344,0.21844555,0.18153654,0.20642434,0.19099015
0.20144211,0.21952717,0.18297565,0.2043997,0.19165537
0.2019766,0.21918072,0.1829232,0.20423357,0.19168591
0.2041109,0.21795145,0.18274839,0.20618309,0.18900621
0.19972655,0.21688296,0.18518269,0.20547909,0.1927287
0.20109336,0.21694535,0.18327412,0.20650382,0.19218339
0.20018825,0.21797681,0.18374017,0.20560868,0.19248612
0.199918,0.2179187,0.18422118,0.20510699,0.19283509
0.20344125,0.21462466,0.18178916,0.21057466,0.1895703
0.20030311,0.21581753,0.18260169,0.20927344,0.19200425
0.20011309,0.21590859,0.1843613,0.20625953,0.19335748
0.20146269,0.21698476,0.18243776,0.20757227,0.1915425
0.2005782,0.21863511,0.18277088,0.20610236,0.19191343
0.20374398,0.21393438,0.18305023,0.20870784,0.1905636
0.20038123,0.21552907,0.18497658,0.20628856,0.19282457
0.20111927,0.21657212,0.18376057,0.20592704,0.19262104
0.20081082,0.217684,0.18414047,0.20465322,0.19271153
0.20048529,0.21879217,0.18349098,0.2047562,0.19247541
0.20283885,0.21586373,0.18536337,0.204546,0.19138804
0.1997145,0.21530789,0.18606023,0.20517401,0.19374333
0.20012799,0.2168148,0.18596543,0.20348898,0.19360282
0.19998308,0.21594441,0.1851819,0.20531265,0.19357792
0.2010348,0.21746041,0.18309827,0.20627792,0.19212858
0.20357148,0.21594691,0.18271579,0.2080592,0.1897066
0.20063934,0.2147921,0.18514085,0.20627041,0.19315735
0.20195016,0.21655619,0.18287487,0.20630464,0.19231416
0.20069973,0.21757351,0.1848044,0.20395716,0.19296518
0.1999304,0.2174996,0.1836057,0.20575677,0.19320752
0.20161065,0.2157225,0.18589564,0.20503247,0.19173874
0.20056206,0.21628773,0.184168,0.20639142,0.19259082
0.19979154,0.21632537,0.1860524,0.20486663,0.19296402
0.20030479,0.21791925,0.18399948,0.20495473,0.19282177
0.1996544,0.21926516,0.18352686,0.20501098,0.19254261
0.20201364,0.21415381,0.18426868,0.20787701,0.19168684
0.19927855,0.21593232,0.18565181,0.20554702,0.19359028
0.20168516,0.21548468,0.18442419,0.206677,0.19172889
0.2038409,0.21436201,0.18487069,0.20530322,0.19162323
0.20376919,0.21429977,0.18129428,0.21001793,0.19061881
0.20161477,0.21542706,0.18455757,0.20674884,0.19165179
0.19977537,0.21604422,0.18595617,0.20462483,0.19359942
0.2023331,0.21609057,0.18325928,0.20718879,0.19112825
0.20173353,0.21561797,0.18494476,0.20546071,0.19224298
0.20215514,0.2147456,0.18510829,0.20581555,0.19217542
0.20126754,0.21370988,0.18461013,0.20883061,0.19158183
0.20081098,0.21342897,0.18671805,0.20580508,0.19323693
0.20011188,0.21647698,0.18695699,0.2029615,0.19349268
0.20138511,0.21683185,0.18431698,0.20560402,0.19186203
0.2016995,0.21626686,0.18376297,0.20645666,0.19181405
0.2011668,0.21498954,0.18342261,0.20918548,0.1912356
0.19954585,0.2145754,0.18713866,0.20528595,0.19345415
0.20236601,0.21553674,0.18480268,0.20543998,0.19185458
0.20213808,0.21372099,0.18454488,0.20684002,0.192756
0.20137656,0.21575132,0.18534356,0.20453784,0.19299072
0.19758718,0.21483089,0.18822134,0.20499155,0.19436906
0.19843772,0.21689507,0.18943766,0.20098473,0.19424483
0.20093708,0.21788135,0.18596593,0.20276995,0.1924457
0.20108962,0.21398841,0.18444534,0.20702383,0.19345285
0.20158893,0.21514082,0.18546788,0.20513356,0.19266884
0.20305271,0.21757042,0.18462802,0.20371228,0.19103654
0.20361401,0.20744142,0.18091252,0.21674487,0.1912872
0.20120601,0.21230249,0.18571071,0.20704435,0.19373639
0.20039403,0.21953647,0.1858374,0.20193128,0.19230083
0.2019407,0.21354955,0.18329231,0.20886211,0.19235532
0.19841644,0.21360426,0.1861956,0.20839562,0.1933881
0.19971932,0.21447276,0.18705995,0.20489305,0.19385488
0.20214002,0.21459478,0.18472978,0.2060802,0.1924552
0.20387323,0.21233305,0.1837512,0.20789091,0.19215164
0.20388478,0.21154042,0.18259284,0.21058182,0.19140016
0.19875358,0.2136432,0.18572131,0.20847002,0.19341196
0.20113274,0.21460484,0.1850595,0.2065394,0.1926635
0.2016865,0.21429613,0.18436389,0.20755647,0.19209701
0.20061845,0.21566324,0.18510456,0.20596406,0.19264965
0.20264676,0.21227877,0.18464737,0.20807092,0.1923562
0.20120905,0.21450616,0.18547498,0.20622592,0.19258389
0.20118734,0.21195382,0.18749838,0.20526211,0.19409835
0.2028272,0.21304427,0.18518853,0.20650883,0.19243115
0.2034279,0.21243349,0.18399794,0.2083932,0.19174744
0.20490113,0.21363097,0.18369389,0.20658979,0.19118422
0.19989665,0.21317725,0.18643454,0.20691489,0.19357671
0.20115893,0.2127151,0.18572864,0.20721264,0.19318466
0.2015767,0.21403007,0.18513644,0.20672819,0.19252862
0.20176443,0.21287793,0.18661061,0.20530835,0.19343871
0.20448768,0.21112368,0.18490873,0.20667651,0.19280341
0.20015673,0.21489643,0.18506353,0.20753777,0.19234553
0.20352443,0.20998925,0.18521056,0.20834316,0.19293262
0.20344089,0.21164386,0.1856173,0.20658205,0.19271591
0.20535451,0.2084048,0.18480758,0.20840468,0.19302845
0.20233321,0.21466385,0.18443584,0.20649011,0.19207694
0.19976719,0.2128391,0.18470947,0.20964222,0.19304202
0.2016643,0.21274118,0.18486232,0.20835386,0.19237831
0.20315352,0.21046293,0.18672498,0.20601273,0.19364586
0.2039778,0.21362194,0.18447624,0.20601673,0.19190733
0.20355602,0.21232246,0.18438096,0.20756724,0.19217333
0.20009585,0.21170887,0.18667874,0.20939264,0.19212392
0.20086814,0.21468748,0.18525107,0.20670742,0.19248591
0.20396218,0.21080525,0.18332842,0.20978661,0.19211751
0.20663819,0.20885116,0.18230097,0.21044573,0.19176397
0.20360099,0.21288879,0.18450253,0.20686413,0.19214357
0.20029071,0.21416868,0.18550421,0.20722726,0.19280913
0.20097257,0.21233903,0.18744722,0.20537741,0.19386373
0.20423754,0.20905396,0.18480855,0.20903254,0.1928674
0.20565829,0.21375513,0.18247841,0.20740567,0.19070247
0.20519532,0.21133517,0.18252929,0.20949246,0.19144778
0.19921638,0.21348783,0.1863795,0.20722933,0.19368698
0.20212404,0.21257833,0.1850567,0.20741941,0.19282152
0.20332785,0.21235463,0.18364935,0.2089368,0.19173141
0.20197867,0.2136469,0.18551092,0.20584944,0.19301407
0.20630494,0.20886122,0.18392697,0.20848398,0.19242291
0.19890483,0.21223865,0.18775015,0.20684965,0.19425675
0.20135911,0.21126825,0.18705592,0.20623918,0.19407755
0.20544365,0.20828915,0.18464899,0.20893031,0.19268791
0.20207293,0.2129171,0.18731064,0.20416835,0.19353092
0.20239362,0.2144447,0.1842122,0.20688193,0.19206753
0.2008715,0.2114189,0.18799654,0.20709115,0.1926219
0.20315875,0.21198575,0.18363017,0.20912965,0.19209568
0.20101929,0.21412705,0.18496521,0.20713225,0.19275624
0.20470135,0.2119587,0.18331063,0.20850235,0.191527
0.20263743,0.21152373,0.18577781,0.20730421,0.1927568
0.19876148,0.21491708,0.18602474,0.20721555,0.19308114
0.20110354,0.21234787,0.18674764,0.20589364,0.19390732
0.2030536,0.21018696,0.18629508,0.20757273,0.1928917
0.20243137,0.2138223,0.18409517,0.20769261,0.19195852
0.20186292,0.21368411,0.1855498,0.20616142,0.19274174
0.20012152,0.21224113,0.18855199,0.20668605,0.19239934
0.20008866,0.21054852,0.1882011,0.20673941,0.19442227
0.20410337,0.21210997,0.18366286,0.20797923,0.19214457
0.20261782,0.21175817,0.1846954,0.20799446,0.19293416
0.20464791,0.20970544,0.18421094,0.20861869,0.19281703
0.19777466,0.21384852,0.18637362,0.2085788,0.19342442
0.2016966,0.21116091,0.18712279,0.20598659,0.19403307
0.20422979,0.2076748,0.18534112,0.2092879,0.19346637
0.20245856,0.21226966,0.18417113,0.2084541,0.19264649
0.20412579,0.2102075,0.18474676,0.20810531,0.19281466
0.2003588,0.21258545,0.18614438,0.20877667,0.19213471
0.20293301,0.21186444,0.18521215,0.20705794,0.19293243
0.20597798,0.20877945,0.18381448,0.20911096,0.1923171
0.20577669,0.20734109,0.18541093,0.20821224,0.1932591
0.20244075,0.21266776,0.18425135,0.20789123,0.19274892
0.20095184,0.21255603,0.18674043,0.20761232,0.19213942
0.20258763,0.2108151,0.18388964,0.21019444,0.19251323
0.2049112,0.20894097,0.18234502,0.21233414,0.19146872
0.20590724,0.20899579,0.18401907,0.20861162,0.19246626
0.20333178,0.20942189,0.18589363,0.20767693,0.19367582
0.19874577,0.21467517,0.18729919,0.20720932,0.19207053
0.20535532,0.2073111,0.18414913,0.2101954,0.19298907
0.20471685,0.20766057,0.18505147,0.20921692,0.19335417
0.20165063,0.21313938,0.18409002,0.20864299,0.19247699
0.2042054,0.21108195,0.18363892,0.20867974,0.192394
0.19897714,0.21212468,0.18673547,0.20951936,0.19264339
0.20303005,0.2071103,0.18698075,0.20882967,0.19404918
0.20197198,0.21232101,0.18558937,0.20719771,0.19291992
0.2059748,0.2059882,0.18289468,0.2126159,0.19252637
0.20416036,0.20807475,0.18478847,0.20985961,0.1931168
0.20036723,0.21152318,0.1853391,0.21092604,0.19184452
0.2031779,0.20759875,0.18515351,0.21038121,0.19368859
0.20356451,0.20683298,0.18545315,0.21000335,0.194146
0.20247109,0.21242161,0.18264973,0.21066634,0.19179119
0.20273128,0.20952836,0.18523522,0.20931582,0.1931893
0.19858852,0.21052794,0.18840702,0.20856895,0.19390757
0.20019665,0.21031193,0.1885277,0.20602441,0.1949393
0.20257841,0.21061075,0.18488283,0.20885381,0.19307418
0.20723279,0.20392808,0.18318021,0.21267569,0.19298318
0.20292862,0.2079622,0.18638366,0.20859772,0.19412778
0.19819835,0.21236648,0.1853792,0.21165355,0.19240236
0.20406248,0.20743337,0.1839837,0.21144526,0.19307518
0.2032007,0.20812014,0.18551247,0.20969722,0.1934695
0.20387892,0.20875193,0.18358675,0.21151191,0.19227046
0.20533969,0.20919831,0.18266049,0.21095492,0.19184661
0.19924037,0.21107306,0.18700153,0.2098893,0.19279577
0.20147406,0.21040641,0.18634744,0.20802106,0.1937511
0.20254384,0.20944223,0.1845019,0.21013303,0.193379
0.20595437,0.20506741,0.18390611,0.21184133,0.19323075
0.20370808,0.2097298,0.18370411,0.21038812,0.19246985
0.19763294,0.21003792,0.18883656,0.20915338,0.19433919
0.20149732,0.20889053,0.18623349,0.20919219,0.19418648
0.20195407,0.20707294,0.18655875,0.20998777,0.19442645
0.20356101,0.20884882,0.18336335,0.2114776,0.19274925
0.20359361,0.2071362,0.18418139,0.21186987,0.19321892
0.19827913,0.210966,0.18707983,0.21067092,0.19300413
0.20281476,0.20511864,0.18638162,0.21097398,0.19471098
0.19995941,0.21159357,0.18609293,0.20836252,0.1939916
0.202331,0.21117619,0.18292332,0.21132268,0.19224681
0.2051211,0.20740779,0.18293755,0.21233988,0.19219366
0.19824257,0.21102597,0.18689607,0.2101889,0.19364646
0.20332402,0.20525995,0.1852408,0.21260986,0.19356537
0.20362335,0.20664391,0.18581638,0.21003701,0.19387935
0.2043468,0.20818807,0.18358268,0.211146,0.19273643
0.20591053,0.20434587,0.18472393,0.21167439,0.19334528
0.19818532,0.21287271,0.1867831,0.20963985,0.19251904
0.20051819,0.21171859,0.18438868,0.21045437,0.19292021
0.20282745,0.20942396,0.18390493,0.21092488,0.19291878
0.20412566,0.20957485,0.18350433,0.21076362,0.19203159
0.20432231,0.20793128,0.18326485,0.21191302,0.19256857
0.19795418,0.21124293,0.18772177,0.20984466,0.19323646
0.20091791,0.20928383,0.18621467,0.20954923,0.19403437
0.20421538,0.20428261,0.18564753,0.21185687,0.19399759
0.20302254,0.20906472,0.1835721,0.21178192,0.19255872
0.20566106,0.20419455,0.18494973,0.211685,0.19350965
0.20020132,0.20792006,0.18652838,0.21269637,0.19265392
0.20126872,0.20735867,0.187174,0.20946419,0.1947344
0.2073999,0.20504892,0.18183905,0.21418503,0.1915271
0.20353486,0.21019597,0.1823689,0.21226765,0.19163261
0.20232777,0.21139728,0.18358481,0.21076532,0.19192478
0.19797334,0.20939724,0.18793383,0.21077524,0.1939203
0.20058317,0.21013218,0.18546915,0.21003461,0.1937809
0.20141481,0.2079779,0.186173,0.210438,0.19399627
0.20341662,0.20914991,0.18233734,0.21311884,0.19197729
0.20263825,0.20997356,0.18470886,0.20990327,0.19277608
0.19935775,0.20934033,0.18545447,0.21419187,0.19165555
0.20347978,0.2041632,0.18488358,0.21395318,0.1935202
0.20335878,0.20945986,0.18317412,0.21163917,0.19236809
0.20363362,0.20716621,0.18386877,0.2125842,0.19274716
0.20263857,0.20829777,0.18559861,0.2098875,0.19357756
0.1980819,0.21165656,0.18594173,0.21219543,0.1921244
0.19977497,0.21254127,0.18553676,0.20892677,0.19322026
0.20309085,0.20859042,0.18437497,0.21160322,0.19234048
0.20361409,0.20980224,0.18242683,0.21266147,0.19149537
0.20514967,0.20515652,0.18190576,0.21622568,0.19156237
0.19659904,0.21118662,0.18736243,0.2112534,0.19359846
0.2021115,0.20631406,0.18532719,0.21251892,0.19372833
0.20081201,0.20813565,0.18614121,0.21058391,0.19432722
0.20236269,0.21038094,0.18295889,0.21199383,0.19230366
0.20440376,0.20753014,0.18358098,0.21201749,0.19246762
0.19687971,0.20875107,0.18809174,0.2124788,0.19379863
0.20203298,0.20518799,0.18578039,0.21259616,0.1944025
0.20260982,0.20909412,0.18389471,0.21180008,0.19260125
0.20297752,0.20773329,0.1854375,0.21021888,0.19363277
0.2034416,0.20937666,0.18332765,0.21221408,0.19163997
0.19857655,0.20690475,0.18670994,0.21435723,0.19345154
0.20149241,0.20768546,0.18392354,0.21347338,0.19342522
0.20291308,0.20687132,0.18523055,0.21215314,0.19283195
0.20343806,0.21073341,0.18263865,0.21148866,0.1917012
0.20247893,0.21117091,0.18363832,0.21041968,0.19229211
0.19751954,0.21003051,0.18576454,0.2139432,0.19274221
0.20543718,0.20413175,0.1824657,0.21634413,0.19162121
0.20301193,0.21009819,0.18233065,0.21300603,0.19155319
0.20311472,0.20948265,0.18282793,0.21259756,0.19197716
0.20292199,0.20879507,0.18364081,0.21208857,0.19255355
0.19641963,0.21088241,0.18774775,0.21122634,0.1937239
0.2022733,0.20906623,0.1834208,0.21291845,0.19232124
0.20225115,0.2079454,0.18366906,0.21353127,0.19260308
0.20404993,0.2072267,0.18422818,0.21192096,0.19257422
0.20520417,0.2081086,0.1810032,0.21502165,0.19066235
0.19838336,0.20741214,0.1868649,0.21371758,0.193622
0.20179579,0.20719956,0.18416953,0.2137694,0.19306572
0.20167446,0.21035106,0.18268675,0.21354233,0.1917454
0.20600171,0.20505206,0.1823657,0.2149323,0.19164824
0.20147632,0.20947583,0.18547909,0.2102306,0.19333817
0.1983122,0.20858788,0.18533768,0.21595977,0.19180244
0.20188032,0.20855862,0.18275906,0.21497096,0.19183107
0.20329742,0.20729385,0.18261275,0.21481657,0.19197942
0.2062203,0.20429927,0.18327545,0.21413964,0.19206534
0.20190741,0.2103928,0.18243377,0.2141036,0.19116244
0.1976998,0.20858209,0.18524298,0.21579146,0.19268368
0.1996755,0.20877372,0.1864254,0.21071331,0.19441207
0.20265566,0.20646484,0.18432133,0.2136266,0.19293153
0.20218033,0.20974465,0.18316694,0.21292602,0.19198209
0.20319937,0.20815979,0.18372893,0.21277711,0.19213477
0.1967299,0.20906582,0.18737724,0.2138398,0.19298723
0.19968097,0.20712894,0.18634936,0.21234092,0.19449982
0.204657,0.20872909,0.18148538,0.2146554,0.19047311
0.20505992,0.20604946,0.18218376,0.2151587,0.19154814
0.20231533,0.20659037,0.18499978,0.21318062,0.19291392
0.19671637,0.21067305,0.18513456,0.21486542,0.1926106
0.20228423,0.20649692,0.18358795,0.21474284,0.19288807
0.20151107,0.20901422,0.18339399,0.21436496,0.19171575
0.20240629,0.2078749,0.18508784,0.2120252,0.19260578
0.20111406,0.21025166,0.18297811,0.21412417,0.19153197
0.1954271,0.21157691,0.18763809,0.21165577,0.19370216
0.19859299,0.20945235,0.18660365,0.21107806,0.19427298
0.20120206,0.20817329,0.18498477,0.21281196,0.19282788
0.20324613,0.2082796,0.18261577,0.21446219,0.19139631
0.20005432,0.20942664,0.18435842,0.2133126,0.19284803
0.19643584,0.20869,0.18668413,0.21479967,0.19339031
0.20049872,0.20864886,0.18405181,0.21420605,0.1925946
0.20104921,0.21018289,0.18354325,0.21342945,0.19179524
0.2009888,0.20789278,0.18496573,0.21342905,0.19272369
0.2060728,0.20485295,0.18353051,0.21332599,0.19221772
0.19552292,0.2073394,0.18841071,0.21405031,0.1946767
0.1994531,0.20925583,0.18480194,0.21311656,0.19337252
0.20181535,0.20805426,0.1831786,0.2152448,0.19170702
0.20231129,0.20645687,0.185425,0.21255814,0.19324864
0.20264268,0.20892145,0.18281175,0.21438837,0.19123577
0.19644707,0.20960635,0.18729313,0.21345523,0.19319822
0.2007908,0.20623174,0.18558174,0.21364425,0.19375145
0.2012764,0.20801248,0.18486631,0.21283296,0.1930119
0.20495452,0.20306733,0.18386126,0.21570463,0.19241226
0.20124686,0.207148,0.18375525,0.21559311,0.19225678
0.1947685,0.20838761,0.1882361,0.21427393,0.1943338
0.19879016,0.20699145,0.18609464,0.21343751,0.19468626
0.20019044,0.20739181,0.1851177,0.21394688,0.19335318
0.1996342,0.21148735,0.18307774,0.21447419,0.19132656
0.2017378,0.20836549,0.1839379,0.21400616,0.19195263
0.1958089,0.20549066,0.1879868,0.21653645,0.19417718
0.19840144,0.21057184,0.18449377,0.21356818,0.19296479
0.20007601,0.21080329,0.1839346,0.21338685,0.19179924
0.2003789,0.20839284,0.18244588,0.21685593,0.19192642
0.20546028,0.20247164,0.18187068,0.2186641,0.19153328
0.19559398,0.208824,0.18700567,0.2153409,0.19323546
0.19896013,0.20652539,0.18517014,0.2157098,0.1936345
0.19981752,0.20826626,0.18437771,0.21487576,0.19266275
0.20239644,0.20515904,0.18335097,0.21707128,0.19202228
0.20258237,0.20853361,0.18079469,0.21782328,0.190266
0.19544923,0.2088742,0.18531357,0.21812263,0.19224039
0.2003968,0.2056845,0.18483436,0.21543571,0.19364862
0.20052055,0.20777299,0.18477108,0.21365768,0.19327776
0.19958249,0.2116423,0.18327366,0.21401998,0.1914816
0.20064564,0.20886557,0.18231428,0.21665812,0.19151641
0.19281487,0.2095232,0.18792358,0.21547046,0.19426788
0.19864976,0.21004479,0.18399721,0.21473253,0.19257574
0.19728133,0.21404882,0.18370083,0.21262684,0.19234218
0.19762824,0.21163058,0.18514666,0.21246466,0.19312988
0.19887158,0.21288003,0.18253285,0.21487236,0.19084322
0.19566725,0.207024,0.18763518,0.21551004,0.19416353
0.19690241,0.21089628,0.1852055,0.21339047,0.19360533
0.19983503,0.20974362,0.18363151,0.21457583,0.19221404
0.20208995,0.20741357,0.18291058,0.21542487,0.19216105
0.1980626,0.21284333,0.18189768,0.21617348,0.1910229
0.19425097,0.2093295,0.18716429,0.2153312,0.19392401
0.19771999,0.20987347,0.184981,0.21362777,0.19379775
0.19909115,0.20938465,0.18382376,0.2152557,0.19244473
0.19964406,0.21106456,0.18172424,0.2162039,0.19136323
0.19973905,0.20936042,0.18278037,0.21671239,0.19140778
0.19375367,0.20935726,0.18716441,0.21561545,0.19410919
0.1981489,0.20790146,0.18540844,0.2148745,0.19366668
0.19932789,0.21065983,0.18235567,0.21661,0.19104658
0.20013656,0.20910372,0.18260208,0.21696047,0.19119717
0.20205484,0.20570837,0.18336779,0.21685393,0.19201505
0.19421275,0.20527719,0.18774407,0.21858399,0.19418201
0.19937734,0.20803022,0.18299462,0.21746157,0.19213623
0.19832623,0.21069314,0.1840046,0.21512358,0.19185247
0.19787669,0.21316646,0.18383063,0.2135169,0.1916093
0.19997786,0.20951506,0.18309414,0.21661262,0.1908003
0.1942364,0.20785092,0.1863195,0.21839394,0.19319928
0.19552405,0.21052189,0.18653047,0.21306773,0.1943559
0.19677038,0.21102953,0.1841107,0.21549468,0.19259468
0.19947179,0.21205221,0.18051918,0.21805795,0.18989888
0.19807933,0.21176113,0.18205297,0.21681535,0.19129121
0.19465043,0.2063282,0.18734547,0.2176117,0.19406421
0.19744809,0.21061668,0.18280084,0.21689282,0.19224152
0.19877382,0.20829862,0.1830931,0.21746172,0.19237281
0.19964741,0.20881738,0.18208493,0.21798605,0.19146428
0.198598,0.20820625,0.18331872,0.2177221,0.19215496
0.19348161,0.20809157,0.18618816,0.21897025,0.19326837
0.19410352,0.21283957,0.18614596,0.21254925,0.19436167
0.19713041,0.21130809,0.18435054,0.2147065,0.19250448
0.20009993,0.20711659,0.18319273,0.21773112,0.19185962
0.1993149,0.21263145,0.18111688,0.21676937,0.19016737
0.19327404,0.20666598,0.18783158,0.21842217,0.19380622
0.19605847,0.20981555,0.18617152,0.2140538,0.19390064
0.19810264,0.20820789,0.18394597,0.21696445,0.19277908
0.19773033,0.2112583,0.18186472,0.21836786,0.1907788
0.19821,0.20945033,0.18334824,0.2173014,0.19169006
0.19338553,0.20578936,0.18792215,0.21840663,0.19449632
0.19833198,0.20880993,0.1835388,0.21720774,0.19211157
0.19744803,0.2106312,0.18294327,0.2177854,0.19119208
0.1995342,0.20674577,0.18334696,0.21856613,0.19180696
0.19715126,0.21110892,0.18183531,0.21922432,0.19068018
0.19324674,0.20633115,0.18554972,0.22187231,0.1930001
0.19621813,0.20611611,0.18584625,0.21787415,0.19394536
0.19730695,0.20888706,0.18509454,0.21586554,0.19284594
0.19825697,0.21186745,0.18186116,0.21759544,0.19041902
0.19732927,0.20814906,0.18473296,0.21799175,0.19179691
0.19253723,0.20496333,0.18797995,0.22038518,0.19413432
0.19392554,0.21239363,0.18469653,0.21611784,0.19286644
0.1975032,0.21106392,0.18170042,0.2192278,0.19050467
0.19917043,0.20672806,0.18203145,0.22169752,0.19037256
0.19625954,0.21142542,0.18439531,0.21605211,0.19186759
0.19312468,0.20630279,0.18551977,0.22240171,0.192651
0.19481622,0.20992497,0.18437518,0.21815583,0.19272777
0.19565228,0.2094023,0.18330877,0.21995889,0.1916778
0.19768366,0.20883694,0.1827846,0.21957026,0.19112457
0.19868,0.21153544,0.18046872,0.22030519,0.18901068
0.19179969,0.20599289,0.18823965,0.21958,0.19438778
0.19670905,0.20945907,0.18237777,0.21973237,0.19172174
0.19642457,0.21052308,0.18287241,0.21828353,0.19189641
0.19707409,0.21157792,0.18173258,0.21920498,0.19041042
0.19721647,0.21089603,0.18150693,0.22019012,0.19019045
0.19020917,0.20554419,0.18599088,0.22317967,0.19507605
0.19315216,0.20847887,0.18593583,0.217861,0.1945722
0.19622332,0.20843814,0.18336254,0.21995795,0.19201808
0.19520022,0.21184374,0.18349999,0.21838689,0.19106914
0.19561844,0.21165228,0.1830649,0.2180214,0.19164301
0.19118233,0.20523544,0.18706846,0.22201718,0.19449653
0.19520001,0.2105748,0.183462,0.21846451,0.19229867
0.1963287,0.21055147,0.182629,0.21909204,0.19139874
0.19624546,0.21023552,0.18304324,0.2190742,0.19140159
0.19574064,0.20986573,0.1832024,0.21954283,0.1916484
0.1918563,0.20637901,0.18626268,0.22219671,0.19330537
0.19372603,0.20925452,0.18523547,0.21827991,0.19350408
0.19541715,0.2103995,0.18366617,0.21884322,0.19167398
0.19681191,0.2109336,0.18136863,0.22128206,0.18960378
0.19584124,0.2114141,0.18182813,0.2207221,0.19019443
0.19235697,0.20336464,0.18753308,0.22259596,0.19414936
0.19411424,0.21082112,0.18203269,0.22178736,0.19124456
0.19778699,0.20696755,0.18185231,0.22225711,0.19113603
0.19729003,0.20941776,0.18015982,0.2236438,0.1894886
0.19698426,0.20942876,0.18123773,0.2222009,0.19014834
0.1903294,0.20403904,0.18759617,0.22325724,0.19477813
0.1932011,0.21112053,0.18447565,0.21814305,0.19305964
0.19404541,0.21214437,0.1828965,0.21956587,0.19134782
0.19667074,0.21005529,0.18168382,0.22129518,0.19029498
0.19585785,0.21322317,0.1803118,0.22154938,0.18905783
0.19252917,0.20371538,0.18466778,0.22674564,0.19234204
0.19303484,0.21039897,0.1830239,0.22146812,0.19207413
0.1981545,0.20654038,0.18197885,0.22230755,0.19101875
0.19463538,0.21423988,0.18161103,0.21965228,0.18986145
0.19694246,0.20883429,0.18039335,0.22436348,0.18946642
0.18999429,0.20433524,0.18827167,0.22311212,0.19428667
0.19367044,0.20928545,0.18416764,0.22080483,0.19207165
0.19507374,0.2092953,0.18296494,0.2216499,0.19101611
0.19679517,0.208743,0.18122242,0.22355302,0.18968643
0.19882601,0.2076028,0.18078476,0.22347274,0.18931365
0.1888191,0.20549713,0.18593478,0.22648412,0.1932649
0.19426104,0.20752238,0.18434928,0.22161983,0.19224744
0.19519714,0.20926067,0.1815887,0.2233256,0.19062796
0.19439264,0.20987953,0.18323344,0.22111553,0.19137888
0.1956751,0.21105622,0.18041599,0.22371334,0.18913934
0.19000123,0.2046957,0.18754292,0.22397682,0.19378334
0.19285019,0.21038648,0.18406123,0.22022666,0.19247542
0.193346,0.21251103,0.18284068,0.22007525,0.19122702
0.19476405,0.21197508,0.18173699,0.22184747,0.1896764
0.19696061,0.20976894,0.18175717,0.22171463,0.18979868
0.19064675,0.2048911,0.18493985,0.22726633,0.19225596
0.19313447,0.2067707,0.18537232,0.22151937,0.19320314
0.19403964,0.21006696,0.18336244,0.22134705,0.19118392
0.19603641,0.20757821,0.18269503,0.22328758,0.19040275
0.1945979,0.20871119,0.1833068,0.22244301,0.19094105
0.19021025,0.2041114,0.18442404,0.22941677,0.1918376
0.19509903,0.20650642,0.18460305,0.22190395,0.19188759
0.19435555,0.20879075,0.1841859,0.220758,0.19190978
0.19376299,0.21334398,0.18192178,0.22110294,0.18986832
0.19542469,0.21212591,0.1803439,0.2235557,0.1885498
0.18981281,0.20288888,0.18671554,0.22716817,0.1934146
0.19141883,0.2093642,0.18450525,0.22195084,0.19276087
0.19335467,0.21163645,0.18174809,0.22279981,0.19046094
0.19403769,0.2098202,0.18303199,0.22262773,0.19048236
0.19480197,0.20997547,0.18290672,0.2222366,0.19007926
0.18973167,0.20327412,0.18671827,0.22689612,0.19337986
0.19289297,0.20840354,0.1853856,0.22027372,0.19304419
0.19463943,0.21069455,0.18300365,0.22097437,0.19068803
0.19512492,0.21038893,0.18200159,0.22250658,0.18997796
0.1957578,0.20853022,0.18251619,0.22331856,0.18987726
0.18910807,0.20351687,0.18524753,0.22940432,0.19272323
0.1932472,0.20927943,0.18205227,0.22462906,0.19079201
0.19537397,0.20798704,0.18252221,0.22366711,0.19044967
0.195143,0.20851757,0.18316498,0.2227144,0.19046003
0.19512306,0.20759606,0.18284681,0.22415873,0.19027536
0.18919073,0.20402059,0.18540841,0.22902375,0.19235653
0.19254465,0.20889826,0.18358003,0.22371882,0.19125824
0.19262782,0.20973155,0.18436246,0.22143152,0.19184667
0.19446369,0.21251978,0.18096852,0.22307897,0.18896908
0.19648099,0.21016558,0.17854178,0.22743043,0.18738121
0.18832189,0.20547365,0.18568465,0.22810099,0.19241884
0.1925264,0.20917419,0.184557,0.22214857,0.19159377
0.19437939,0.20890822,0.18121032,0.22587188,0.18963021
0.1955417,0.20826593,0.18140443,0.22580394,0.18898402
0.196064,0.20831186,0.18033606,0.22734092,0.18794715
0.18988246,0.20198593,0.18411157,0.23233429,0.19168578
0.19291456,0.21006444,0.1826828,0.22367975,0.19065851
0.1943859,0.2099712,0.1816822,0.22409816,0.1898625
0.19459896,0.20833433,0.1818371,0.2255859,0.18964376
0.19421647,0.21002564,0.18176015,0.22514671,0.18885107
0.18945011,0.20297836,0.18492496,0.2312159,0.19143064
0.19256379,0.2084041,0.18366897,0.22409628,0.19126686
0.19401489,0.2088926,0.18258259,0.2244123,0.19009766
0.19511025,0.20860717,0.18184787,0.22516204,0.18927264
0.19366847,0.20863636,0.18255135,0.22551642,0.18962741
0.18847752,0.20299008,0.18538047,0.23105974,0.19209215
0.19225228,0.20794575,0.18428355,0.22387996,0.19163845
0.19416782,0.20816419,0.1838498,0.22313163,0.19068657
0.19471875,0.2108344,0.17948619,0.22720806,0.18775263
0.19421647,0.2106945,0.17978059,0.22745006,0.18785833
0.18916564,0.20147093,0.18637724,0.2303831,0.19260308
0.19300605,0.20686632,0.18411328,0.22497176,0.19104259
0.19355853,0.21048231,0.18131034,0.22550313,0.18914565
0.19246665,0.21151014,0.18106183,0.22586466,0.18909669
0.19387753,0.2117223,0.17956801,0.22735366,0.18747853
0.18801604,0.20496099,0.18587227,0.22922541,0.19192526
0.19352643,0.20655937,0.18259092,0.22661777,0.19070546
0.19334266,0.21031646,0.18085812,0.22653794,0.1889448
0.19322857,0.21014087,0.18209496,0.22523671,0.18929888
0.19557673,0.20700611,0.18087818,0.2287806,0.18775837
0.18789871,0.20219988,0.18479215,0.2331545,0.19195472
0.19291358,0.20855893,0.18146941,0.22694154,0.19011655
0.19399579,0.20591374,0.18148904,0.22911768,0.18948373
0.19421248,0.20991153,0.181355,0.22569604,0.18882494
0.19479379,0.20966543,0.17897807,0.22953863,0.18702409
0.19042817,0.1989573,0.18519466,0.2333648,0.19205509
0.19147436,0.20989579,0.1824362,0.22600485,0.19018881
0.1931946,0.21013054,0.18214184,0.22512814,0.18940489
0.1952032,0.20803413,0.17933066,0.22971995,0.1877121
0.19518486,0.20802568,0.1795796,0.22999853,0.18721129
0.1873436,0.20208214,0.18659675,0.23147392,0.19250359
0.19211489,0.20863491,0.18126945,0.22832304,0.18965769
0.19277154,0.20822154,0.18144591,0.22828245,0.1892786
0.19282022,0.20995823,0.18134786,0.22739615,0.18847756
0.19310464,0.21258625,0.17880148,0.22949429,0.1860134
0.18799523,0.2022961,0.18380585,0.23518732,0.19071549
0.19310822,0.20588185,0.18120265,0.23080626,0.18900104
0.19269711,0.20903511,0.17843325,0.23280065,0.18703386
0.19284539,0.21253365,0.17770971,0.23079732,0.18611391
0.19438821,0.21012415,0.17754287,0.23257016,0.18537463
0.18843721,0.20033042,0.18426107,0.23592265,0.1910486
0.19156727,0.20649433,0.18270318,0.22874703,0.19048816
0.19224532,0.21087496,0.17916028,0.23054597,0.18717346
0.1929174,0.21055542,0.17837614,0.23139407,0.18675703
0.1917483,0.21232958,0.17887355,0.2303145,0.18673402
0.19017012,0.1989523,0.18294118,0.23857914,0.18935728
0.19149749,0.20900032,0.17972481,0.23161112,0.18816628
0.1932145,0.21013792,0.17869265,0.23081352,0.18714139
0.19313861,0.21041209,0.17936774,0.23007995,0.18700166
0.19273604,0.20977254,0.17790776,0.23331389,0.18626978
0.1900453,0.19787624,0.18364851,0.2378649,0.19056506
0.19098438,0.20836633,0.18067738,0.2312381,0.1887338
0.19397053,0.20793417,0.1792901,0.2316466,0.18715861
0.19349237,0.20815034,0.17986797,0.23105896,0.18743032
0.19403116,0.20951101,0.17797884,0.23244326,0.18603577
0.1901163,0.19695282,0.18438034,0.2377222,0.19082832
0.19062041,0.20764422,0.18129255,0.23128498,0.18915786
0.19262192,0.20866546,0.18042079,0.2304489,0.18784295
0.19391161,0.20807564,0.17916773,0.23216483,0.18668017
0.19277875,0.2104739,0.17704724,0.2353936,0.1843065
0.19067371,0.1964652,0.18358727,0.23917957,0.19009429
0.19029257,0.20782095,0.1821328,0.23020504,0.18954863
0.19289777,0.20790562,0.1788216,0.23351811,0.1868569
0.19402285,0.20722523,0.17913751,0.2330708,0.18654358
0.19273002,0.20845282,0.17897274,0.23347098,0.18637347
0.18785831,0.19954272,0.18367706,0.23866072,0.19026119
0.19161002,0.20734686,0.18127687,0.23099378,0.18877245
0.19185689,0.21189448,0.1779704,0.23264897,0.18562928
0.19214523,0.21182854,0.1770533,0.23414367,0.18482919
0.19095328,0.21374048,0.1776267,0.23247391,0.18520564
0.19002818,0.19743674,0.18330485,0.23962829,0.18960193
0.1907023,0.20988055,0.17996429,0.23250854,0.18694428
0.19163053,0.2115812,0.17769217,0.23336421,0.18573189
0.19415477,0.21043396,0.17601104,0.23537299,0.18402724
0.19351248,0.21215907,0.17565905,0.23511915,0.18355025
0.19005314,0.1948221,0.18395278,0.24070285,0.19046916
0.19128144,0.21028948,0.1782538,0.23364402,0.18653128
0.1895862,0.21113694,0.17928204,0.23316069,0.18683408
0.19254239,0.21016733,0.17616443,0.23634015,0.18478574
0.19227302,0.21284302,0.17600994,0.23497325,0.18390077
0.19038883,0.19547366,0.18245178,0.2420865,0.1895992
0.19120184,0.21022469,0.1783717,0.23379178,0.18640997
0.19147797,0.2108033,0.17799214,0.23429641,0.18543021
0.19365054,0.20966999,0.17586753,0.2371362,0.18367566
0.19187497,0.2133825,0.17613107,0.23458019,0.18403131
0.18926726,0.19763708,0.1822915,0.2419272,0.18887699
0.20756553,0.19081177,0.20361581,0.21485278,0.18315412
0.2040343,0.1983461,0.19880375,0.21421346,0.18460238
0.20485784,0.19395296,0.20193043,0.21389428,0.18536445
0.20605084,0.19507088,0.20106068,0.21324936,0.18456827
0.20623556,0.18910223,0.20289391,0.21627575,0.18549253
0.20648588,0.19427487,0.20297481,0.21271898,0.18354543
0.20496503,0.19400948,0.19972208,0.21652803,0.18477535
0.20409685,0.19588535,0.19088271,0.21559861,0.1935365
0.20470051,0.19435553,0.19178088,0.21395873,0.19520436
0.20519476,0.19229478,0.19096951,0.2154643,0.19607663
0.20651771,0.19307098,0.19998342,0.21740079,0.18302713
0.2047393,0.19527562,0.18882625,0.218357,0.19280185
0.20405702,0.19305561,0.19101329,0.21646862,0.19540542
0.20548168,0.19338267,0.18877545,0.21693602,0.19542415
0.20391178,0.19681141,0.1892528,0.2152853,0.19473875
0.20625907,0.19287638,0.2009098,0.21556714,0.1843876
0.20219748,0.19964556,0.18904272,0.21684605,0.19226816
0.20274393,0.19761762,0.189106,0.21690285,0.19362958
0.20353511,0.2004402,0.1880838,0.21514033,0.19280055
0.20335159,0.19516811,0.18931004,0.21687894,0.19529136
0.2061147,0.19388734,0.19155028,0.21488874,0.19355892
0.2016297,0.20474851,0.18778387,0.21586359,0.18997437
0.20277096,0.2003711,0.18884684,0.21532002,0.19269107
0.20481649,0.19275789,0.18881093,0.21833853,0.19527614
0.20392612,0.19391687,0.19033882,0.21526378,0.19655441
0.20482717,0.19952597,0.19148445,0.21212204,0.19204038
0.20405531,0.19367717,0.1914872,0.21541983,0.1953605
0.20523018,0.19296335,0.19022907,0.21473666,0.19684076
0.20297831,0.19645175,0.1921568,0.21130566,0.19710746
0.20411746,0.1901152,0.19103914,0.21604547,0.19868271
0.20426694,0.1978596,0.19205505,0.2129141,0.19290435
0.20368683,0.1939608,0.19001375,0.21692023,0.19541839
0.20354067,0.20028505,0.18959524,0.21190076,0.19467832
0.2037075,0.20004398,0.18870775,0.21260777,0.19493297
0.20268428,0.2017153,0.19110638,0.20890339,0.19559059
0.20399012,0.19753659,0.19002248,0.2157846,0.19266625
0.20150383,0.2033638,0.18842722,0.21461049,0.19209462
0.20196676,0.20000485,0.18959317,0.21451007,0.19392517
0.20416325,0.19374005,0.1892043,0.21650063,0.19639176
0.20359868,0.19883923,0.18908548,0.21255495,0.19592166
0.20326813,0.20085412,0.19228336,0.21068123,0.19291319
0.20163698,0.20080145,0.19190186,0.21132703,0.1943326
0.20075205,0.20340069,0.1899765,0.21235162,0.19351913
0.20140366,0.20540036,0.1879826,0.21289752,0.19231582
0.20262352,0.1997038,0.19025151,0.2126798,0.19474137
0.20371065,0.198756,0.19341196,0.2103736,0.19374779
0.20122276,0.20219553,0.19122452,0.21128333,0.19407386
0.20281322,0.19972676,0.19279669,0.20892277,0.19574061
0.20326039,0.19881369,0.19114521,0.21025215,0.1965286
0.2036257,0.20018965,0.19040349,0.20960516,0.196176
0.20322815,0.20143916,0.19288352,0.20970726,0.19274189
0.20191361,0.20023108,0.19301012,0.20964758,0.19519758
0.20337442,0.20294037,0.18992616,0.20984788,0.19391118
0.20315886,0.20259157,0.18917108,0.21095705,0.19412142
0.20262189,0.20133063,0.19197482,0.20823102,0.19584166
0.20370674,0.20111066,0.19325909,0.2085524,0.19337115
0.2013312,0.20161535,0.19408053,0.20756248,0.19541043
0.20381956,0.19905782,0.19157892,0.20985,0.1956937
0.20302972,0.20086665,0.19139418,0.20859411,0.19611537
0.20436236,0.19874027,0.18999085,0.21069662,0.19620994
0.20423011,0.19867608,0.19230914,0.21238677,0.1923979
0.20219499,0.20244436,0.19389315,0.20625727,0.19521025
0.20144325,0.20338218,0.19464445,0.20466763,0.19586249
0.20456089,0.19821918,0.19335343,0.2059544,0.19791214
0.20449226,0.19659986,0.19506814,0.2044483,0.19939142
0.20450303,0.20138736,0.1944482,0.20636964,0.19329171
0.20351712,0.1997295,0.19382554,0.20659609,0.19633174
0.2039106,0.19796938,0.1931754,0.20735215,0.19759245
0.2048855,0.19917324,0.19296615,0.20459898,0.19837618
0.20529616,0.19531311,0.19365157,0.20465642,0.2010827
0.20529726,0.19968504,0.19547111,0.20472313,0.19482347
0.20286678,0.20007485,0.1949778,0.20553344,0.19654717
0.20434876,0.19673139,0.19469142,0.20495743,0.19927105
0.20358612,0.20168985,0.1942777,0.20247912,0.19796722
0.20491283,0.1963301,0.19554909,0.20295691,0.20025104
0.20566347,0.19529082,0.1959258,0.20657426,0.19654563
0.20397705,0.19932875,0.19513719,0.20431405,0.19724298
0.20535241,0.1930358,0.19448616,0.20600012,0.20112549
0.20657666,0.18959169,0.19452019,0.20492758,0.20438392
0.20712718,0.18793926,0.19452898,0.20513353,0.20527107
0.20779756,0.19518057,0.19342935,0.2073105,0.19628203
0.20411372,0.19921942,0.19519565,0.20353271,0.19793855
0.20514297,0.19108221,0.19748576,0.20317432,0.20311476
0.2056641,0.18939875,0.19742113,0.2023031,0.20521292
0.20604458,0.18781304,0.19512446,0.20643815,0.20457973
0.20864673,0.18422322,0.19465005,0.21149507,0.20098491
0.20425025,0.19667538,0.19434196,0.20647603,0.19825636
0.20563632,0.18896303,0.1975048,0.20266046,0.20523542
0.2052721,0.1901171,0.19912857,0.1990254,0.20645681
0.20667139,0.18164277,0.19782625,0.20437199,0.20948757
0.2078372,0.18336602,0.19990611,0.2048524,0.2040383
0.20549372,0.19019394,0.19785386,0.20350553,0.20295295
0.20696186,0.18549448,0.1961701,0.20475547,0.20661807
0.20577173,0.185697,0.19813414,0.2021079,0.20828925
0.20828022,0.17798685,0.19942354,0.20110472,0.21320471
0.20720136,0.18497322,0.19677603,0.20826903,0.20278034
0.20285663,0.19445305,0.19925176,0.20081167,0.20262688
0.20769711,0.18325563,0.19724138,0.20282522,0.20898065
0.20951676,0.17189753,0.19847982,0.204277,0.21582893
0.20915967,0.17333314,0.19844435,0.20369992,0.2153629
0.20905092,0.18013322,0.19791105,0.2068609,0.20604387
0.20521247,0.19172654,0.19731164,0.2018726,0.2038768
0.20741934,0.18044668,0.197703,0.2035383,0.21089266
0.20695432,0.17989622,0.19921647,0.20186125,0.21207178
0.20768227,0.17675324,0.1999802,0.20011814,0.21546616
0.20795646,0.18120542,0.19951844,0.20395726,0.20736241
0.20618942,0.18704657,0.1987135,0.20072258,0.2073279
0.20803319,0.17820042,0.20001027,0.20079586,0.21296023
0.20808685,0.17572567,0.20054698,0.19985312,0.21578744
0.20886868,0.17098251,0.19956335,0.20046726,0.2201182
0.20862444,0.18052672,0.19902158,0.20459974,0.2072275
0.20769837,0.18201022,0.19941409,0.20024247,0.21063483
0.207284,0.18035677,0.19980374,0.1994109,0.2131446
0.20920286,0.17023642,0.20008472,0.20148699,0.21898901
0.2083228,0.17816001,0.20058462,0.19638915,0.21654342
0.20791404,0.1835115,0.20064467,0.20075025,0.20717952
0.20481758,0.18873677,0.19971587,0.19929835,0.20743142
0.2057456,0.181925,0.20175353,0.19712305,0.21345283
0.20768748,0.17494056,0.20151666,0.19767836,0.21817695
0.20891556,0.17346124,0.19989078,0.19813862,0.21959381
0.20937502,0.17581247,0.19928259,0.20447402,0.21105589
0.2072568,0.18353552,0.199953,0.19859979,0.21065491
0.20833062,0.17694111,0.20167279,0.19705537,0.21600015
0.2096968,0.1695259,0.20011963,0.20023419,0.22042343
0.20933348,0.17224832,0.20062624,0.19802007,0.21977188
0.20796573,0.17868431,0.20109473,0.20223121,0.21002404
0.20471545,0.1881193,0.20272899,0.19471407,0.2097222
0.20770946,0.17487036,0.20208986,0.1972313,0.21809906
0.20861648,0.17089269,0.20193298,0.19942904,0.21912885
0.20836341,0.17071491,0.2021614,0.19797294,0.2207873
0.20855716,0.18033329,0.2003741,0.20188408,0.20885138
0.20574601,0.18521848,0.20218337,0.19652191,0.21033023
0.20964776,0.16684234,0.20151244,0.20267273,0.21932471
0.21008335,0.1635703,0.20321377,0.19999269,0.22313984
0.2093134,0.17252207,0.20104972,0.19823465,0.21888015
0.20962878,0.17615665,0.19975483,0.20417286,0.21028686
0.20758785,0.18017927,0.20139304,0.19844772,0.21239215
0.20851672,0.17247398,0.20317656,0.1969928,0.21883997
0.20951758,0.16602004,0.20461544,0.19725835,0.22258861
0.20929912,0.17045353,0.20243232,0.19702779,0.2207872
0.20804417,0.17588645,0.20180091,0.20301664,0.2112518
0.20744279,0.17891024,0.20239116,0.19813934,0.21311648
0.20847747,0.17205092,0.20296583,0.1965627,0.21994308
0.21102338,0.16508082,0.20198694,0.19953166,0.22237721
0.20975824,0.17388475,0.2012282,0.19643515,0.21869364
0.20684263,0.18197869,0.20252234,0.19919538,0.20946093
0.20557518,0.1848744,0.20274134,0.1949673,0.21184182
0.20996833,0.17133367,0.20212114,0.1983812,0.21819566
0.2088731,0.17215388,0.20353438,0.19650051,0.21893819
0.20701545,0.17931883,0.20362028,0.1946201,0.21542531
0.20845808,0.17900203,0.20068382,0.20265523,0.20920087
0.2062223,0.18522726,0.20243241,0.19538653,0.21073152
0.20710306,0.17817175,0.2044509,0.1950169,0.21525736
0.2231004,0.17271483,0.20334725,0.1969234,0.20391418
0.22006784,0.1784179,0.20315097,0.19509585,0.20326741
0.20642243,0.18259957,0.20088048,0.20250653,0.20759098
0.20628679,0.1824462,0.20399493,0.19580758,0.21146452
0.22683147,0.16820423,0.20432468,0.19633543,0.20430417
0.22932029,0.16705933,0.20394318,0.19477987,0.2048973
0.2242469,0.17566669,0.20378658,0.1928786,0.20342125
0.2071015,0.18230277,0.19936953,0.20383789,0.20738831
0.21735214,0.18111601,0.20428106,0.19493194,0.20231883
0.22579652,0.16998951,0.20680383,0.19252239,0.20488775
0.23085195,0.16651884,0.20427303,0.19373384,0.20462237
0.22961828,0.17145629,0.2039702,0.19104297,0.20391227
0.20489481,0.18518941,0.20201176,0.20140596,0.20649803
0.21794675,0.17952263,0.20651841,0.1925883,0.20342387
0.23580049,0.1605436,0.20569932,0.19308448,0.2048721
0.2323821,0.16678813,0.20531046,0.19096574,0.20455354
0.24345537,0.1560386,0.20384853,0.19239393,0.20426363
0.20326498,0.18646383,0.20247369,0.20247906,0.2053184
0.21833374,0.18054222,0.20957668,0.18667848,0.20486884
0.22509763,0.17644165,0.20579295,0.18887071,0.20379703
0.24071388,0.15899673,0.20500696,0.19110018,0.20418228
0.24401185,0.1572808,0.20496653,0.18947208,0.20426877
0.20448676,0.18680756,0.20453966,0.1980624,0.2061036
0.22133195,0.17787217,0.20733579,0.18998918,0.20347089
0.23912041,0.1633253,0.20410042,0.19016404,0.2032898
0.2387564,0.16648714,0.20129393,0.19105957,0.20240293
0.23974262,0.1668875,0.19918276,0.1935438,0.20064332
0.20395486,0.19206443,0.20009875,0.20121104,0.20267092
0.22308408,0.176983,0.20802455,0.18774275,0.20416567
0.22905633,0.1769835,0.20301464,0.18896227,0.20198324
0.23536558,0.17379183,0.19981632,0.1899954,0.20103091
0.23854376,0.17096947,0.19959274,0.19010893,0.20078507
0.20270978,0.19141568,0.20373063,0.19817422,0.20396969
0.2193806,0.18526177,0.20534378,0.18766555,0.20234829
0.23368433,0.1731134,0.20274976,0.18847631,0.20197615
0.2396479,0.16758104,0.20108654,0.19047594,0.2012086
0.2398032,0.16944529,0.19965968,0.19165534,0.19943647
0.20291321,0.19174457,0.20260443,0.19983028,0.20290758
0.22034648,0.18662773,0.20567155,0.18553786,0.20181634
0.22924201,0.18137771,0.20178348,0.1872701,0.20032671
0.23060441,0.18105216,0.20069492,0.18769675,0.19995174
0.23581967,0.17807712,0.19922407,0.18775724,0.1991219
0.20285018,0.19561718,0.20384532,0.19499446,0.20269285
0.21952838,0.18599735,0.20547338,0.1870883,0.20191261
0.22024488,0.19064303,0.20457566,0.18453158,0.20000488
0.22650084,0.19007988,0.19932954,0.1860211,0.19806859
0.23030785,0.18599966,0.19825502,0.18823224,0.19720528
0.20361243,0.19295767,0.20371762,0.19633676,0.20337552
0.21954918,0.18705702,0.206984,0.18487252,0.2015373
0.21908467,0.19417848,0.20228225,0.18564606,0.19880855
0.22582045,0.19294962,0.1985675,0.18563208,0.19703035
0.22825536,0.1914726,0.19681826,0.18732569,0.19612806
0.20494907,0.19115956,0.20578897,0.19605464,0.20204778
0.21657912,0.19411334,0.20508379,0.18413723,0.20008652
0.21959558,0.20064639,0.20062678,0.18252246,0.19660881
0.22275573,0.2026976,0.19625568,0.18415442,0.1941365
0.22573242,0.20122512,0.19296221,0.18730795,0.19277233
0.20620531,0.1924723,0.20344609,0.19733632,0.20054
0.20404974,0.20703179,0.19961199,0.19401267,0.19529381
0.19859944,0.20871556,0.20151182,0.192816,0.19835718
0.19870168,0.21277343,0.20127872,0.18863153,0.19861467
0.19787084,0.2093256,0.20275487,0.18998939,0.20005926
0.19957754,0.21251151,0.20062788,0.18931793,0.19796517
0.20435181,0.20647907,0.19983523,0.1946213,0.1947126
0.19782278,0.20969021,0.20157501,0.19286303,0.19804895
0.20132522,0.2048023,0.20400861,0.19013011,0.1997338
0.19442494,0.21150774,0.19582416,0.20196572,0.19627744
0.19689442,0.20944661,0.20420009,0.18937749,0.20008141
0.20165986,0.20793092,0.20249204,0.19252887,0.1953883
0.1987274,0.21012951,0.20195761,0.19117276,0.19801268
0.19826674,0.20588396,0.19861849,0.1981227,0.1991081
0.19725446,0.21323198,0.19940399,0.1918704,0.19823918
0.19716698,0.20872307,0.20160425,0.19343685,0.19906887
0.20190108,0.20761071,0.2039905,0.19031186,0.19618583
0.19753803,0.21167503,0.19929047,0.19338258,0.1981139
0.19806373,0.2073703,0.20146431,0.19355626,0.19954541
0.19868845,0.21150152,0.20341885,0.18716319,0.19922803
0.19782457,0.21184053,0.19914079,0.19453207,0.19666204
0.20224021,0.20638192,0.2025611,0.19272567,0.19609109
0.19973227,0.207808,0.20640205,0.18656164,0.19949602
0.19441725,0.20995925,0.1981561,0.19968235,0.19778508
0.19695677,0.21064712,0.20117554,0.19213569,0.19908488
0.19743478,0.21040523,0.20131022,0.19234908,0.19850068
0.20080209,0.20711833,0.20332703,0.19242337,0.19632913
0.1968395,0.20453492,0.20142606,0.19669884,0.20050068
0.1975632,0.2145132,0.20067844,0.18846379,0.19878137
0.19809169,0.20864162,0.19912024,0.19544213,0.19870433
0.19887532,0.21057492,0.20297231,0.18859328,0.19898419
0.20093076,0.20779085,0.19936775,0.19617346,0.19573717
0.1981342,0.21035227,0.20237105,0.1896806,0.19946185
0.1977546,0.20850603,0.20089397,0.19326662,0.19957876
0.19792134,0.21014012,0.20126446,0.19333947,0.1973346
0.19798145,0.20936245,0.20188126,0.19159366,0.19918118
0.20113891,0.20760539,0.20547757,0.18905394,0.19672419
0.1986666,0.20977715,0.20061852,0.193756,0.19718173
0.19643167,0.2113203,0.19999686,0.19365227,0.1985989
0.1989928,0.20994267,0.201621,0.1912545,0.19818904
0.19609605,0.21090677,0.2035253,0.18989593,0.19957599
0.19801529,0.20842196,0.19587792,0.20467044,0.19301443
0.1958996,0.19940878,0.20142548,0.1993995,0.2038666
0.1992733,0.21351951,0.19868773,0.19071595,0.19780351
0.19508247,0.20657282,0.20139298,0.1956275,0.2013242
0.19753021,0.21007332,0.20026578,0.19356962,0.19856101
0.20145297,0.20944734,0.20122477,0.1925227,0.1953522
0.19621602,0.2067831,0.20520103,0.19001274,0.20178708
0.19648509,0.20733266,0.2015455,0.19340362,0.20123309
0.19582978,0.21146789,0.20510852,0.18700118,0.2005926
0.19748917,0.21098968,0.20203324,0.19058362,0.19890426
0.20086858,0.20745273,0.20339043,0.19153461,0.19675365
0.19691707,0.21067934,0.19908468,0.19620715,0.19711176
0.1972507,0.21054403,0.2004976,0.19260769,0.19910003
0.19681469,0.2085987,0.2035843,0.19054565,0.20045668
0.1968407,0.21143599,0.20223081,0.19031113,0.19918136
0.19818631,0.20814525,0.19731867,0.20248114,0.19386858
0.19579332,0.19824725,0.20406209,0.19764395,0.2042534
0.19666407,0.21025881,0.20078346,0.19344458,0.19884908
0.19697435,0.20953119,0.20277393,0.19109192,0.19962859
0.19703765,0.21053457,0.2029398,0.18951987,0.19996813
0.20037392,0.209041,0.19989668,0.19543566,0.19525275
0.19578753,0.20622228,0.20476797,0.19088422,0.20233801
0.19844286,0.21044604,0.19924423,0.19341895,0.19844793
0.19773205,0.20959659,0.20118804,0.1926747,0.19880864
0.19666936,0.21247044,0.20172898,0.1899893,0.19914195
0.20125106,0.2073239,0.2010458,0.19426645,0.1961128
0.19649969,0.21082519,0.19579908,0.20028144,0.19659461
0.19771375,0.20944107,0.20342323,0.18977639,0.1996456
0.19557332,0.20954639,0.20329067,0.1906276,0.20096199
0.19772407,0.20719157,0.20746453,0.18609504,0.20152475
0.19690433,0.20818898,0.20034418,0.19885208,0.19571042
0.19573602,0.2076919,0.20358635,0.19184539,0.20114031
0.19811153,0.20863484,0.20147853,0.19306695,0.19870818
0.19489473,0.20878099,0.20435402,0.1905259,0.20144439
0.1967485,0.20801322,0.2024315,0.19237755,0.20042923
0.20305271,0.20845999,0.20372902,0.18883568,0.19592261
0.19584236,0.2075999,0.20373163,0.19148141,0.20134473
0.20210923,0.199987,0.18946436,0.2060522,0.20238723
0.1978646,0.21534482,0.20043737,0.1886675,0.19768576
0.19676232,0.21171127,0.20115973,0.1909712,0.19939551
0.20078118,0.20693581,0.20506345,0.19006643,0.19715314
0.19692019,0.2093996,0.20318781,0.19024937,0.20024304
0.19607575,0.21038033,0.20231494,0.19164895,0.19958003
0.19747536,0.20982628,0.2019964,0.19111411,0.19958785
0.1983678,0.20812754,0.20650385,0.18580262,0.20119819
0.20057897,0.20886014,0.19791234,0.19840047,0.19424805
0.19428985,0.20723201,0.20638624,0.18917462,0.2029173
0.19646303,0.20925872,0.20512414,0.18808153,0.2010726
0.19392814,0.2098514,0.19751477,0.19999951,0.1987062
0.19550803,0.21001033,0.20342608,0.1902444,0.20081112
0.20152484,0.20506419,0.20358038,0.19335125,0.19647932
0.19558069,0.20869887,0.20492247,0.18975218,0.20104577
0.19544415,0.20285736,0.2004055,0.19932483,0.20196813
0.19768192,0.2146792,0.20044664,0.18808651,0.19910571
0.19580819,0.21144667,0.20113012,0.191908,0.199707
0.20061408,0.20457721,0.20605324,0.1900637,0.19869179
0.19729866,0.20865813,0.20216417,0.19202308,0.19985601
0.19686879,0.20811296,0.20139721,0.19354995,0.20007116
0.19698884,0.20969416,0.2006878,0.19323574,0.19939342
0.19749598,0.20580378,0.21054606,0.18327796,0.2028762
0.1998557,0.20511192,0.20389654,0.19385995,0.19727588
0.19631815,0.20780315,0.20314993,0.19165082,0.20107798
0.19622612,0.20696712,0.20540729,0.19093253,0.20046695
0.19335012,0.21066187,0.19961546,0.19646926,0.19990326
0.19457112,0.2093286,0.20469114,0.19019821,0.2012109
0.20083195,0.20715235,0.202318,0.1933741,0.19632365
0.19609077,0.20831323,0.20341425,0.19135517,0.2008266
0.19655927,0.20254193,0.20183916,0.19673328,0.2023264
0.1969075,0.21293342,0.20065115,0.18937738,0.20013055
0.19503985,0.21073984,0.20381582,0.18956986,0.20083462
0.2005324,0.20575601,0.20265383,0.1942442,0.19681352
0.1959269,0.21091579,0.20217715,0.19052072,0.20045944
0.19610839,0.20828184,0.20157939,0.193484,0.20054634
0.19537638,0.20865962,0.20196012,0.1939643,0.20003958
0.1975447,0.20512944,0.20702149,0.18830736,0.201997
0.19825862,0.20511179,0.20489247,0.193586,0.19815117
0.19390632,0.20652507,0.20480576,0.19223496,0.20252788
0.19762243,0.20503859,0.20543747,0.1899857,0.20191583
0.19303632,0.21205732,0.2000151,0.19506082,0.19983041
0.19688915,0.21008193,0.20136556,0.1918181,0.19984527
0.200574,0.20646866,0.20249997,0.1940129,0.19644447
0.19319221,0.20828836,0.20170331,0.19597599,0.20084013
0.19627665,0.20693864,0.20219266,0.19375876,0.20083329
0.19648011,0.21280079,0.2037924,0.18625782,0.20066886
0.19716495,0.20882168,0.20357448,0.1905049,0.19993398
0.20021756,0.20040429,0.20100686,0.19965109,0.19872016
0.19535469,0.21142818,0.20392752,0.18793292,0.20135668
0.19550467,0.208621,0.20370625,0.19130807,0.20086
0.1942463,0.20973665,0.20250283,0.19286422,0.20064998
0.19704583,0.21090935,0.20343024,0.18907498,0.19953963
0.19969764,0.20608978,0.20304373,0.19381319,0.19735564
0.19447304,0.20625341,0.20364526,0.19369222,0.20193608
0.1974686,0.20622543,0.20577411,0.18883207,0.20169982
0.19488627,0.21106514,0.19762167,0.19794226,0.19848469
0.19671512,0.20956972,0.20154296,0.19206728,0.20010489
0.19827141,0.20649797,0.20607993,0.19081222,0.1983385
0.19529971,0.20895477,0.19651094,0.2018128,0.19742174
0.1943978,0.207551,0.20344707,0.19254333,0.20206074
0.1953599,0.20738274,0.20420168,0.19139765,0.20165803
0.1951163,0.20875995,0.20474546,0.18934502,0.2020333
0.19682865,0.20637257,0.19746041,0.20430763,0.19503076
0.19568431,0.20143422,0.21077448,0.18508115,0.20702583
0.19519015,0.21006508,0.20222028,0.19153172,0.20099282
0.1968497,0.20958576,0.20197944,0.19109184,0.20049325
0.19617672,0.20959489,0.20254491,0.19112808,0.20055538
0.20193043,0.20936584,0.20186417,0.1911968,0.19564277
0.1950151,0.20698257,0.20383798,0.19244125,0.20172311
0.19666585,0.20926002,0.2021426,0.19153765,0.20039389
0.19571242,0.20835179,0.20144847,0.1940755,0.20041184
0.19473478,0.20772064,0.2037149,0.19177301,0.20205663
0.20028296,0.20659754,0.2045882,0.19140281,0.19712847
0.19835238,0.20583177,0.20613211,0.18878622,0.20089753
0.19368401,0.20948811,0.20022802,0.19690458,0.1996953
0.19654302,0.20769525,0.20237371,0.19276704,0.20062102
0.1951598,0.20885862,0.2044613,0.18980594,0.20171438
0.20047088,0.20599198,0.20401558,0.19403844,0.19548312
0.1934705,0.20628864,0.20635526,0.19134815,0.20253745
0.19658992,0.2057356,0.20345779,0.19316468,0.20105207
0.19645162,0.20757447,0.20079538,0.19498992,0.20018859
0.19695583,0.21008956,0.2018394,0.19122155,0.1998937
0.19909763,0.2095056,0.20494644,0.18885724,0.19759311
0.19540109,0.20950453,0.20239854,0.19199942,0.2006964
0.1935117,0.2067815,0.20528856,0.19202709,0.20239113
0.19606644,0.20801672,0.20196548,0.19404215,0.19990921
0.19561417,0.20849742,0.2039352,0.19108559,0.20086764
0.19890618,0.2089006,0.20519277,0.18877088,0.19822952
0.19522524,0.20840694,0.20421842,0.1904148,0.2017346
0.19445427,0.2082479,0.20647746,0.18787573,0.20294465
0.19542086,0.20576233,0.20307213,0.19394733,0.20179735
0.19701001,0.21171843,0.20042513,0.19075222,0.20009422
0.19846682,0.2039073,0.20456526,0.19431734,0.19874328
0.19620927,0.20589519,0.20789438,0.1871858,0.20281535
0.19658993,0.21045153,0.20451532,0.18764497,0.20079824
0.19400693,0.20879169,0.20674802,0.18763196,0.20282142
0.19616519,0.20916827,0.20251971,0.19134471,0.2008021
0.19884618,0.2061343,0.20553808,0.1914003,0.19808115
0.195207,0.20635185,0.20588706,0.1902748,0.20227928
0.19562314,0.20732565,0.2048652,0.19032887,0.20185713
0.19532008,0.20662743,0.20442419,0.19212368,0.2015046
0.1950262,0.20958528,0.20290248,0.19163492,0.2008511
0.19844258,0.20488429,0.20560385,0.19215445,0.1989148
0.1951325,0.20764813,0.20463625,0.19067332,0.2019098
0.19508253,0.20731732,0.20470896,0.19102554,0.20186564
0.19567429,0.20731376,0.20474306,0.19084156,0.20142736
0.19429359,0.20839158,0.20605013,0.18866694,0.20259781
0.19781795,0.20459345,0.20765302,0.19041653,0.19951904
0.19441263,0.20500751,0.20423181,0.19421771,0.20213032
0.19463386,0.20733587,0.20487083,0.19088817,0.2022713
0.19434129,0.21127976,0.20497905,0.18749696,0.20190299
0.19596387,0.20891607,0.20354864,0.18958685,0.20198455
0.19864978,0.20389353,0.20507544,0.19380237,0.19857892
0.19565798,0.2071913,0.20313227,0.19258682,0.20143163
0.19599316,0.20634359,0.20356937,0.19255807,0.20153582
0.19590616,0.20828268,0.20293684,0.19168915,0.2011852
0.19501267,0.20811075,0.20297596,0.19254515,0.20135552
0.19881903,0.20448038,0.20575768,0.1925302,0.19841275
0.1945891,0.20813979,0.20470288,0.19148557,0.20108266
0.19625768,0.208488,0.20122848,0.19405723,0.19996862
0.19506364,0.20855767,0.20231986,0.19352499,0.20053387
0.19593516,0.20897308,0.20261055,0.19209905,0.20038214
0.19855313,0.20528923,0.20673227,0.19030114,0.19912423
0.19576034,0.20717412,0.20320536,0.192289,0.20157121
0.19564173,0.20665666,0.20492218,0.19119567,0.20158377
0.19444491,0.20868486,0.2041189,0.191473,0.20127833
0.1954672,0.20876214,0.20474589,0.18918967,0.20183507
0.19890569,0.20385765,0.20493816,0.19370025,0.19859822
0.19461347,0.20656575,0.20677963,0.18849756,0.20354359
0.19376317,0.20694815,0.2053264,0.19145302,0.2025093
0.19730814,0.20719555,0.20143026,0.19375491,0.20031114
0.19467963,0.20913574,0.20462763,0.18993895,0.20161803
0.19765104,0.20599374,0.20593108,0.19204468,0.19837947
0.19484285,0.2071512,0.2031708,0.19407153,0.20076361
0.19420098,0.20698495,0.20215945,0.19492248,0.20173217
0.1964437,0.20776588,0.20261122,0.1928793,0.20029986
0.19516678,0.20852588,0.20482361,0.18930665,0.20217706
0.19887899,0.20430215,0.20564324,0.19266494,0.1985107
0.19390926,0.20609978,0.20674373,0.1897846,0.20346266
0.1950433,0.20534597,0.20436063,0.19298746,0.20226264
0.19485092,0.20842387,0.20521495,0.1897358,0.20177443
0.19399165,0.20716265,0.20539026,0.19110228,0.20235318
0.19877069,0.20461707,0.20706433,0.19037494,0.19917297
0.19608328,0.20645508,0.20296259,0.19371454,0.20078453
0.19484006,0.2078747,0.20375437,0.19188982,0.20164108
0.19419636,0.20703597,0.2053454,0.19136696,0.20205532
0.19570059,0.2088703,0.20359913,0.19069171,0.20113826
0.19840069,0.2041491,0.2075919,0.19006667,0.19979164
0.19459952,0.20611525,0.20634511,0.18940029,0.20353983
0.19577874,0.20654078,0.20459428,0.19137351,0.20171273
0.19442685,0.2079837,0.20497559,0.19101734,0.2015965
0.19517188,0.20893554,0.20450594,0.18983677,0.20154984
0.1996985,0.20709318,0.20146571,0.1958729,0.1958697
0.1918879,0.20579058,0.20733635,0.19097091,0.20401426
0.1926399,0.2078431,0.20629558,0.1899403,0.20328115
0.1939991,0.20725086,0.20201851,0.19662158,0.20010991
0.19338773,0.20614481,0.20568553,0.19198468,0.20279728
0.19755468,0.2042506,0.2085067,0.19020964,0.19947837
0.19486284,0.20729685,0.20540275,0.1903265,0.20211107
0.19519706,0.20825987,0.20509307,0.18933061,0.20211945
0.19431676,0.20842698,0.20398709,0.19175684,0.20151234
0.1946433,0.20891789,0.20274286,0.1931019,0.2005941
0.19930941,0.20530592,0.20424621,0.19303882,0.19809958
0.1955829,0.20601223,0.20512821,0.19157709,0.20169957
0.19630994,0.21032812,0.2033622,0.18935153,0.2006482
0.1950944,0.20984821,0.20513365,0.18769178,0.20223196
0.19500232,0.20802042,0.20377547,0.19195901,0.20124283
0.19925387,0.20448495,0.20686506,0.19022,0.1991761
0.19480357,0.20526175,0.2066828,0.19028403,0.20296784
0.193523,0.20644262,0.20614251,0.19115086,0.20274103
0.19567646,0.20677425,0.2042326,0.19214213,0.2011745
0.19439155,0.20799676,0.20462011,0.19111228,0.2018793
0.19797033,0.20339414,0.20615852,0.19342382,0.19905323
0.1949039,0.20595416,0.20407853,0.19393909,0.20112428
0.1948429,0.20879038,0.2027687,0.19301502,0.200583
0.19526578,0.20716713,0.20227057,0.19401506,0.2012815
0.19610497,0.20885167,0.20301847,0.19166948,0.2003554
0.19786018,0.2060048,0.20687039,0.19063798,0.19862664
0.19481148,0.20560947,0.20618309,0.19076104,0.2026349
0.19404402,0.20547538,0.2052629,0.19249222,0.20272546
0.19468501,0.2088333,0.20407294,0.19032049,0.20208827
0.19442847,0.20863594,0.2056484,0.18915217,0.20213498
0.19859709,0.20489582,0.20739998,0.18995139,0.1991557
0.19504078,0.20765384,0.20734441,0.18688469,0.20307627
0.19578212,0.21029013,0.20138788,0.1923092,0.20023069
0.195591,0.20930937,0.20280379,0.19096886,0.201327
0.19492069,0.20810811,0.20451443,0.19054164,0.20191516
0.19732155,0.20352477,0.20771582,0.19172679,0.1997111
0.19494538,0.20481455,0.20553555,0.19133472,0.20336983
0.19379163,0.20580249,0.20561974,0.1920066,0.20277953
0.19492437,0.20697175,0.20395169,0.1923856,0.20176658
0.19567709,0.20704532,0.20320345,0.19275743,0.20131674
0.19868328,0.20433824,0.20618816,0.19215162,0.19863869
0.19446811,0.20623568,0.20579134,0.19089633,0.20260856
0.19356781,0.20809108,0.20394972,0.19307698,0.20131442
0.19486223,0.20660967,0.20289408,0.19461896,0.20101504
0.19424942,0.20771323,0.20465443,0.19210856,0.2012744
0.19810475,0.20413113,0.20509474,0.19439448,0.19827488
0.19527392,0.20567852,0.2037519,0.19380885,0.2014868
0.19466917,0.20747295,0.20457608,0.19135146,0.20193031
0.19648789,0.20867267,0.20281355,0.19158354,0.20044236
0.19435823,0.2075538,0.20516045,0.19092393,0.20200361
0.19773914,0.20534849,0.20634532,0.19176938,0.19879766
0.19261912,0.2043966,0.20633736,0.19280402,0.20384285
0.19544475,0.209118,0.2044351,0.18924713,0.20175502
0.19549528,0.20749675,0.2046606,0.19006802,0.20227931
0.19457564,0.2075668,0.2043768,0.19096005,0.20252071
0.19801943,0.20304996,0.20734657,0.1921116,0.19947243
0.19440167,0.20610632,0.2061103,0.19010676,0.20327494
0.19472538,0.20706359,0.20412996,0.19179678,0.20228432
0.19449827,0.20844325,0.20483729,0.19013365,0.20208754
0.19532394,0.20971961,0.2030926,0.1911776,0.20068622
0.19716702,0.20430899,0.20744577,0.19226138,0.1988168
0.19362882,0.20679368,0.20738436,0.18941484,0.20277826
0.1945644,0.20623584,0.20572974,0.19059344,0.20287655
0.19433863,0.20812908,0.20497304,0.19074851,0.20181075
0.19451542,0.20789015,0.20723933,0.18740676,0.20294836
0.19756228,0.20313022,0.20725714,0.19210081,0.19994955
0.19466373,0.20576441,0.20757261,0.18824981,0.20374945
0.19398946,0.20666586,0.2072435,0.18885055,0.20325065
0.19607182,0.20868985,0.20358895,0.19097246,0.20067689
0.19420734,0.20859885,0.20536307,0.18958102,0.20224977
0.19809672,0.20353876,0.20607573,0.19293588,0.19935289
0.19340065,0.20389247,0.20479092,0.19493823,0.20297775
0.19369675,0.20688741,0.20645636,0.18969813,0.20326139
0.19405513,0.20716394,0.20513546,0.19023722,0.20340826
0.19575453,0.20687427,0.20333943,0.19310096,0.20093085
0.19703853,0.20277023,0.2063423,0.19388,0.19996896
0.19466096,0.20761622,0.20657131,0.18817854,0.202973
0.19495976,0.20669504,0.20309672,0.19369222,0.20155625
0.193375,0.20736971,0.20678753,0.18929248,0.20317529
0.19369765,0.20848382,0.20430811,0.19130626,0.2022042
0.20033337,0.20529136,0.20476454,0.19238405,0.19722666
0.19466645,0.20410664,0.20378187,0.19532779,0.20211726
0.1942138,0.206589,0.20666234,0.1898767,0.20265812
0.1940948,0.20915256,0.20537423,0.18916602,0.20221233
0.19278984,0.2073639,0.20679751,0.18965179,0.20339695
0.19983047,0.20318127,0.20586729,0.19229491,0.19882604
0.19514072,0.20721067,0.20579642,0.18956687,0.2022853
0.19478302,0.20575565,0.2058887,0.19180149,0.20177117
0.1939018,0.20670006,0.20558693,0.19083287,0.20297836
0.19357584,0.20753035,0.20528996,0.19087596,0.20272788
0.1981052,0.20380911,0.20770371,0.19036835,0.20001367
0.19404642,0.2059824,0.20656376,0.1900813,0.2033261
0.1944798,0.20750664,0.20623997,0.18883988,0.20293373
0.19589953,0.20758861,0.203086,0.19154277,0.20188309
0.194412,0.20849241,0.20549285,0.1891309,0.20247181
0.19670513,0.20254499,0.20872135,0.19151753,0.20051105
0.19350874,0.20568362,0.2069001,0.19004664,0.20386092
0.19414572,0.20520656,0.2051431,0.19320063,0.20230399
0.19497894,0.20705616,0.2055209,0.1903823,0.20206174
0.19474036,0.208087,0.20436119,0.190526,0.20228545
0.19794017,0.20464565,0.20736305,0.19100887,0.19904222
0.19271857,0.20628366,0.20508623,0.19349569,0.20241587
0.19497785,0.20564695,0.20613217,0.19031419,0.2029288
0.19457498,0.20794617,0.20622906,0.18894356,0.2023062
0.19439064,0.20672488,0.20728649,0.18867107,0.20292687
0.19756189,0.20370406,0.208928,0.18918353,0.20062257
0.19529651,0.20649828,0.20374723,0.19327956,0.2011784
0.19396316,0.20681731,0.20545274,0.19036934,0.20339741
0.19468689,0.20843305,0.2063383,0.188153,0.20238873
0.19634154,0.20901446,0.20354567,0.18989754,0.20120075
0.19809902,0.20346217,0.20516989,0.19421762,0.19905135
0.19473988,0.20509185,0.20556559,0.19164902,0.2029537
0.19440952,0.20555879,0.20525269,0.19165103,0.203128
0.1960313,0.2064471,0.20224364,0.19387576,0.2014022
0.19423272,0.2075187,0.20622043,0.18890835,0.20311984
0.1954613,0.2033139,0.21017455,0.1901373,0.20091292
0.19530787,0.20571806,0.20541596,0.191137,0.2024211
0.19325888,0.20599769,0.20814405,0.18895878,0.20364058
0.19382977,0.20713955,0.2051775,0.19141643,0.20243675
0.19375344,0.20729391,0.20335218,0.19423346,0.20136698
0.19700405,0.20249076,0.21003279,0.18985774,0.20061466
0.19471748,0.2055045,0.20623918,0.19059403,0.20294482
0.19451399,0.20501457,0.20610474,0.19160087,0.20276582
0.19548097,0.20828755,0.2050189,0.1905055,0.20070703
0.19505818,0.20603375,0.20603918,0.19052328,0.20234561
0.19760199,0.20417957,0.2064483,0.19288537,0.19888476
0.1936244,0.20502985,0.2073707,0.18979985,0.2041752
0.19504766,0.20759356,0.20503931,0.19034667,0.20197281
0.19540314,0.20706224,0.20491046,0.19067365,0.20195054
0.19451636,0.20594768,0.20532836,0.1908247,0.2033829
0.19686247,0.20393884,0.20748582,0.1924361,0.19927679
0.19525841,0.20558324,0.20521948,0.1919981,0.20194076
0.1949192,0.20724949,0.20530364,0.19000997,0.20251772
0.19349916,0.20905265,0.2078334,0.1860903,0.2035245
0.19566981,0.20626245,0.2047537,0.19035698,0.20295708
0.1960731,0.2012073,0.20844418,0.19325152,0.2010239
0.19450304,0.20662221,0.20598546,0.19077039,0.20211893
0.19295043,0.20497832,0.2057677,0.1930943,0.20320922
0.19556144,0.20851405,0.20496108,0.18906921,0.20189421
0.1947796,0.2070726,0.2052569,0.19019486,0.20269606
0.19722512,0.20452628,0.20328987,0.19689064,0.1980681
0.19420011,0.20481426,0.20540465,0.1922467,0.2033343
0.19334608,0.20632738,0.20646249,0.19071126,0.20315276
0.19438398,0.20587502,0.20136976,0.19723867,0.20113258
0.19429651,0.20772001,0.20389266,0.19301552,0.20107529
0.1995293,0.20350765,0.20648053,0.19127528,0.19920725
0.19321443,0.20387872,0.20827223,0.18996836,0.20466629
0.19360937,0.20662375,0.20955646,0.18568178,0.20452861
0.19524947,0.20763089,0.20512958,0.19001527,0.20197476
0.19559167,0.20729104,0.20389953,0.19165239,0.20156536
0.1975913,0.20369908,0.20439751,0.1956651,0.19864696
0.19398488,0.20547244,0.20631473,0.1908555,0.20337245
0.19434753,0.20651415,0.20502156,0.19146062,0.20265615
0.19371639,0.20767581,0.2054165,0.19058678,0.20260453
0.19419196,0.20846213,0.20514627,0.19060151,0.2015981
0.19874811,0.20519702,0.20470773,0.1929795,0.19836766
0.19277687,0.20451297,0.20865352,0.18923496,0.20482174
0.19455375,0.20565061,0.20537366,0.19179182,0.20263015
0.19486208,0.20567286,0.2038535,0.19308488,0.20252672
0.19431248,0.20600834,0.20524043,0.19085835,0.20358044
0.19680327,0.20296156,0.20732924,0.19232719,0.20057872
0.19407949,0.20749065,0.20676482,0.18867496,0.20299011
0.19321875,0.20602027,0.20767131,0.18943302,0.20365669
0.194018,0.20528118,0.20617391,0.19086403,0.2036629
0.19417945,0.2069596,0.2037363,0.19266136,0.20246331
0.19687545,0.20353076,0.2094697,0.19005205,0.20007204
0.19455665,0.20607959,0.20393509,0.19391349,0.20151523
0.19431394,0.20557237,0.20562798,0.19151714,0.20296855
0.19371215,0.20534238,0.20520465,0.19265693,0.20308392
0.1935151,0.20632006,0.20879772,0.18746455,0.20390257
0.1967725,0.20152824,0.20725395,0.19438893,0.20005642
0.19326194,0.20470889,0.2086904,0.18837045,0.20496832
0.19477867,0.20637779,0.20485824,0.19155726,0.20242803
0.19438474,0.20590955,0.20484038,0.19254152,0.2023238
0.19322991,0.2073088,0.20591992,0.19030674,0.20323461
0.19670184,0.20538677,0.20963429,0.18753405,0.20074308
0.19423857,0.20492725,0.20668624,0.19057682,0.20357111
0.19583508,0.20712689,0.20420538,0.19101965,0.20181303
0.19374424,0.20675416,0.20572628,0.19113818,0.20263718
0.1940105,0.2059249,0.20446143,0.19257922,0.20302396
0.19634044,0.20313916,0.20886263,0.19127911,0.20037864
0.19398701,0.20410025,0.20485702,0.19371949,0.2033362
0.19485813,0.20570293,0.20573394,0.19083856,0.20286645
0.19299386,0.20465904,0.20728394,0.19162123,0.2034419
0.19375306,0.20666482,0.20639946,0.19060309,0.20257954
0.19780622,0.20156871,0.20785473,0.19288117,0.19988918
0.19420706,0.2050441,0.20603323,0.19252618,0.20218942
0.19283469,0.20513615,0.20738222,0.19094601,0.20370094
0.19421054,0.20712686,0.20502566,0.19115329,0.20248367
0.19381066,0.20604818,0.20700584,0.19013344,0.20300186
0.19599776,0.20166898,0.20833486,0.19322383,0.20077455
0.19341215,0.20438017,0.20702375,0.19082685,0.20435706
0.19489793,0.20724782,0.20535599,0.1901215,0.20237675
0.19452272,0.20573619,0.20420194,0.19328709,0.20225206
0.19390483,0.20725425,0.205888,0.18971097,0.20324191
0.19614697,0.2046879,0.20922814,0.18862627,0.20131074
0.19346079,0.20518278,0.20668858,0.19091845,0.2037494
0.1936565,0.20708229,0.2056546,0.19076876,0.20283781
0.19460323,0.20590466,0.20383903,0.19366874,0.20198432
0.19400954,0.20627499,0.2061406,0.19030711,0.20326781
0.19696061,0.20197389,0.20989303,0.19060498,0.20056748
0.19413495,0.2026932,0.20708936,0.1916523,0.20443022
0.19351892,0.20363054,0.2076046,0.19083503,0.20441094
0.19405665,0.20446335,0.20444685,0.19435742,0.20267573
0.19247043,0.20534508,0.20705448,0.19108987,0.20404015
0.19490741,0.20436595,0.20691,0.19444166,0.19937493
0.19210465,0.2039973,0.20592053,0.19409795,0.20387955
0.19358414,0.2065378,0.20230033,0.19612812,0.20144959
0.1920555,0.20627393,0.20722245,0.19107331,0.20337483
0.1938099,0.20668112,0.2069995,0.18973576,0.20277373
0.19861317,0.20200062,0.20509014,0.19510311,0.19919299
0.19232464,0.20422985,0.20961557,0.18866639,0.20516357
0.1934496,0.20508401,0.20567942,0.1924497,0.20333728
0.19288185,0.20704931,0.20733933,0.18870245,0.20402706
0.19426481,0.20584434,0.20446928,0.19310796,0.20231359
0.19559991,0.20350777,0.21049944,0.1894059,0.20098698
0.19315834,0.2055355,0.20700267,0.1909556,0.20334786
0.19359002,0.20727222,0.20559624,0.19075981,0.20278172
0.19285811,0.20706633,0.20548132,0.19156437,0.20302986
0.1938118,0.20664236,0.20440073,0.19228302,0.20286214
0.19568543,0.20231853,0.21016286,0.18986182,0.20197132
0.19456974,0.20442112,0.20618464,0.1909039,0.20392057
0.19388337,0.20464462,0.20652653,0.19078393,0.20416154
0.19405255,0.20386165,0.20684335,0.19151972,0.20372275
0.194901,0.2061324,0.20480336,0.19272187,0.20144132
0.19542958,0.20163168,0.20972377,0.19199455,0.20122044
0.19362263,0.20438056,0.20528725,0.19369462,0.20301493
0.19263658,0.20492955,0.20654376,0.19249715,0.20339298
0.19256963,0.20498303,0.20521623,0.19409925,0.20313188
0.19385125,0.20572345,0.20509985,0.1919721,0.20335338
0.19683614,0.2022273,0.20958364,0.19054368,0.20080921
0.1936863,0.20245855,0.20613803,0.1945345,0.2031826
0.19386864,0.20565575,0.20654452,0.19100693,0.20292416
0.19433425,0.20698711,0.20450808,0.19227481,0.20189573
0.19252776,0.20659257,0.20714001,0.19039021,0.20334941
0.19677344,0.20166734,0.2077315,0.19347326,0.2003545
0.19281161,0.20518622,0.20638336,0.19205877,0.20356
0.19491297,0.20583642,0.20376134,0.19361965,0.2018696
0.1946497,0.2073508,0.20492408,0.19191937,0.20115604
0.1955209,0.2079978,0.2042309,0.19059981,0.2016506
0.1957731,0.20234296,0.20899726,0.19178809,0.20109859
0.19230674,0.20343147,0.20993212,0.18777196,0.20655769
0.1949082,0.20505922,0.20435578,0.19275232,0.2029245
0.19459207,0.20483269,0.20438133,0.1932942,0.20289971
0.19330363,0.20526318,0.20739855,0.18998447,0.20405018
0.19492452,0.20076562,0.2095011,0.19279471,0.20201401
0.19338809,0.20313405,0.20797572,0.19070104,0.2048011
0.19414489,0.20514856,0.20543838,0.19243954,0.2028286
0.1922841,0.20725986,0.20688456,0.19077307,0.20279843
0.19330327,0.2055608,0.20478567,0.19325368,0.20309655
0.19501907,0.20263113,0.20912445,0.19230843,0.20091689
0.19375783,0.20586377,0.20379774,0.19469118,0.20188946
0.1925496,0.20421639,0.20693842,0.19250157,0.20379403
0.19316919,0.20432186,0.20724866,0.19188826,0.20337203
0.19430712,0.20765772,0.20620218,0.18921883,0.20261414
0.196354,0.20068689,0.21016376,0.19187137,0.20092396
0.19327326,0.2044336,0.20819034,0.18974152,0.20436129
0.1916822,0.20529574,0.20887844,0.18896925,0.20517443
0.19254662,0.20565096,0.20827532,0.18902875,0.20449837
0.19470176,0.20813233,0.20403205,0.19125888,0.20187496
0.19611448,0.20194206,0.20883295,0.19200812,0.20110238
0.19286881,0.20250595,0.20952572,0.18987213,0.20522735
0.19273826,0.20462824,0.20984207,0.18694374,0.20584768
0.19182529,0.2031686,0.20857225,0.19072999,0.20570393
0.19283928,0.20544976,0.20806366,0.18905593,0.20459135
0.19632697,0.20066056,0.20861962,0.19355573,0.2008371
0.19382861,0.20505117,0.20515344,0.19287582,0.2030909
0.1934275,0.2054276,0.20545721,0.19337116,0.20231652
0.19304533,0.20354958,0.20572008,0.19500728,0.20267771
0.19359711,0.20560189,0.20522924,0.19288279,0.20268899
0.19499111,0.20137085,0.20941603,0.19354229,0.20067972
0.19369577,0.20516275,0.20763119,0.18947463,0.20403565
0.19367526,0.20565866,0.206093,0.19137718,0.20319591
0.19130088,0.2066673,0.20829804,0.18957615,0.20415759
0.19448183,0.20357881,0.20587394,0.19363545,0.20242997
0.19430302,0.20182271,0.21152984,0.18948947,0.20285493
0.19266602,0.20316228,0.20852679,0.1902042,0.2054407
0.19471663,0.20345205,0.20470195,0.19415598,0.20297335
0.19227584,0.20423076,0.20715055,0.19167985,0.20466302
0.19312468,0.20564064,0.20544969,0.1925618,0.20322317
0.19466805,0.20238045,0.21086635,0.19003646,0.20204866
0.19443038,0.20244199,0.20457022,0.1953683,0.20318912
0.19287339,0.20439237,0.20704761,0.19156393,0.20412274
0.19337584,0.20583881,0.20683219,0.19023597,0.20371717
0.19300851,0.20775136,0.20762333,0.18779877,0.20381804
0.19466835,0.20103602,0.21030495,0.19117743,0.20281324
0.19340295,0.20366792,0.20773226,0.19101231,0.20418456
0.19402567,0.20545022,0.2053968,0.1925742,0.20255317
0.19336712,0.20458119,0.20493814,0.19376262,0.20335095
0.19249213,0.20381773,0.20584342,0.19407775,0.20376894
0.19516155,0.2015111,0.20701824,0.19670026,0.19960889
0.19366267,0.20443717,0.2058643,0.19325511,0.20278074
0.19307964,0.20432462,0.20686793,0.19132072,0.2044071
0.1917855,0.20469634,0.20764354,0.19129497,0.2045797
0.19241442,0.20567727,0.20539829,0.19358604,0.20292397
0.19530647,0.20119475,0.20612343,0.19727933,0.20009598
0.19227073,0.20456222,0.2106233,0.18702759,0.20551614
0.19128458,0.20381784,0.20908059,0.1905706,0.20524642
0.19238606,0.20423527,0.20726211,0.19201139,0.20410518
0.19267337,0.20659703,0.20556547,0.19213463,0.20302948
0.1970151,0.2041273,0.20890763,0.18987617,0.20007376
0.19410281,0.20438965,0.20581943,0.19237757,0.20331053
0.19241118,0.20401026,0.2075503,0.19121724,0.20481098
0.19268681,0.2069764,0.2057194,0.19136178,0.20325565
0.19438072,0.20826782,0.2044064,0.19048779,0.20245728
0.19567367,0.20088553,0.2099038,0.19118096,0.20235606
0.19407992,0.20312572,0.20827529,0.1890641,0.20545493
0.19120386,0.203666,0.20935,0.19060919,0.20517096
0.19422166,0.20412949,0.2052707,0.19318932,0.20318884
0.19297883,0.20421875,0.20559041,0.19362028,0.20359175
0.19287689,0.20190895,0.20718274,0.19682764,0.20120382
0.19289765,0.20370205,0.20581199,0.193325,0.2042633
0.19273007,0.20506871,0.20520201,0.19377959,0.20321964
0.193653,0.20507021,0.20413798,0.19480687,0.20233195
0.19379424,0.20576179,0.20462522,0.19382481,0.20199396
0.19660167,0.20142749,0.21072297,0.19015169,0.20109616
0.19186202,0.20344433,0.20996787,0.1891383,0.20558754
0.1931807,0.2050779,0.2083657,0.18942736,0.20394836
0.19288565,0.20541565,0.20786396,0.18981175,0.20402296
0.1920384,0.2057344,0.20759958,0.19089755,0.20373003
0.19768487,0.20299397,0.20726754,0.19215399,0.19989961
0.19324255,0.20423624,0.20759942,0.19027384,0.20464796
0.19245383,0.20409058,0.20820703,0.19108886,0.20415977
0.19404073,0.20470716,0.2071796,0.19117837,0.20289417
0.1932359,0.20371164,0.20674996,0.1924686,0.20383391
0.1963931,0.20530225,0.20782141,0.19067329,0.19980994
0.19279821,0.20574285,0.2061571,0.19176537,0.20353645
0.1929536,0.2027457,0.20618248,0.19382896,0.20428924
0.19228832,0.20473242,0.20764369,0.19130318,0.20403238
0.19459921,0.20558526,0.20386322,0.19410829,0.20184407
0.19513173,0.20143723,0.20711109,0.19562735,0.20069262
0.19322896,0.20395786,0.20554748,0.19383523,0.20343046
0.1919861,0.2031587,0.20739768,0.19342804,0.20402947
0.1930632,0.2055805,0.20541592,0.1935571,0.20238325
0.19425456,0.20635855,0.20530334,0.19167791,0.20240568
0.19548324,0.20095092,0.20946635,0.1927732,0.2013263
0.19082741,0.20394155,0.2086933,0.19147637,0.20506136
0.1922979,0.20483628,0.20725428,0.19156705,0.2040445
0.19282836,0.20414712,0.20694976,0.19303834,0.20303638
0.19325379,0.20398615,0.2052141,0.19504796,0.20249796
0.19560935,0.20265754,0.20787284,0.19345343,0.20040688
0.19219372,0.20346355,0.2084347,0.19045903,0.205449
0.1939406,0.20552826,0.204602,0.19390155,0.20202756
0.19324194,0.20574266,0.20438048,0.19432469,0.20231023
0.19255464,0.20513831,0.20730914,0.19076501,0.20423292
0.19459255,0.20296392,0.20925246,0.19168739,0.2015037
0.19157347,0.20632775,0.20876987,0.18812709,0.2052018
0.1929684,0.20273894,0.20671333,0.1931171,0.20446222
0.1926065,0.20202279,0.20566991,0.19587988,0.20382093
0.19468968,0.20422108,0.20389216,0.19569767,0.20149943
0.19635724,0.200378,0.2070743,0.19597131,0.20021917
0.19124624,0.20290613,0.20698984,0.19403203,0.20482577
0.19149552,0.20402247,0.20713824,0.19273551,0.20460825
0.19119003,0.2043429,0.20587316,0.1948135,0.20378038
0.1909403,0.20393762,0.20856981,0.19153331,0.20501898
0.19525112,0.20159975,0.21044433,0.19171272,0.20099208
0.19392155,0.20367944,0.20706756,0.19156198,0.20376946
0.19156902,0.20451061,0.20848665,0.19037713,0.20505655
0.19297509,0.20602687,0.2040742,0.19435382,0.20257
0.19259049,0.20596549,0.20488606,0.19354272,0.20301524
0.19561957,0.20111549,0.21025011,0.19146654,0.2015483
0.19231449,0.20215537,0.20989501,0.18886715,0.20676799
0.1919224,0.20403019,0.20837756,0.19020559,0.20546423
0.19333227,0.2034723,0.20534232,0.19397047,0.20388263
0.19151962,0.2036554,0.20829163,0.19118078,0.2053526
0.19583215,0.20227847,0.20917441,0.19199677,0.20071818
0.19282433,0.20354983,0.20604241,0.19383012,0.2037533
0.19082004,0.20403065,0.20655264,0.19384207,0.20475462
0.19290839,0.20424582,0.20328628,0.19665504,0.20290448
0.19378713,0.20372836,0.20538741,0.19419418,0.20290293
0.19445455,0.20132577,0.20984596,0.19299337,0.20138036
0.19202472,0.2037031,0.20798954,0.19154216,0.20474048
0.19132769,0.2040016,0.20717655,0.19274382,0.20475033
0.19310792,0.20579952,0.20614704,0.19178814,0.2031574
0.1916364,0.2050776,0.20645559,0.19331029,0.20352013
0.19521002,0.20097394,0.20899011,0.19422857,0.20059738
0.19172403,0.20280215,0.20878547,0.19114134,0.20554699
0.19195624,0.20658585,0.20893185,0.18788151,0.20464455
0.19198656,0.2064638,0.20945013,0.18722117,0.20487833
0.19153911,0.2025024,0.20914523,0.19076303,0.20605023
0.19555111,0.20147319,0.20863143,0.19330579,0.20103854
0.19160958,0.20243707,0.2102372,0.1900622,0.20565394
0.19186299,0.20328765,0.20852228,0.19153276,0.20479435
0.19289349,0.2055442,0.20685016,0.19144915,0.20326303
0.19223401,0.2060677,0.20678031,0.19184165,0.20307632
0.1943869,0.2004196,0.21004197,0.1940539,0.2010976
0.1905073,0.20116958,0.20896292,0.19355857,0.2058016
0.19212596,0.20130353,0.20655783,0.1955457,0.20446694
0.19100513,0.202773,0.2084018,0.19322781,0.20459224
0.1935506,0.20540874,0.2067717,0.19139247,0.20287646
0.19664194,0.20140068,0.20786664,0.19336657,0.20072418
0.19115709,0.20195508,0.20960578,0.19106367,0.20621838
0.19226696,0.20242544,0.20685346,0.19380097,0.20465307
0.19241032,0.20599243,0.20677383,0.19134314,0.20348026
0.19244507,0.20583534,0.20550302,0.19320786,0.20300873
0.19348712,0.20262916,0.2116979,0.19020782,0.20197791
0.19161539,0.20235828,0.20838994,0.19295143,0.20468502
0.19246419,0.20428026,0.20633042,0.19308574,0.20383935
0.19233403,0.20469475,0.20568457,0.19365875,0.20362791
0.1926598,0.20458044,0.20633021,0.19205295,0.20437665
0.19500767,0.20055841,0.20982708,0.19270852,0.20189828
0.19248235,0.20257165,0.2075038,0.19345638,0.20398584
0.19148867,0.20243621,0.20756833,0.19376664,0.20474014
0.19128215,0.20267603,0.20758042,0.1934493,0.2050121
0.192016,0.20335974,0.20666966,0.19441807,0.20353651
0.19399604,0.2014348,0.20774807,0.1973467,0.19947438
0.1911834,0.20252737,0.20780653,0.19313681,0.20534591
0.1927643,0.20192409,0.2069153,0.19381793,0.20457838
0.19122638,0.20477208,0.20763874,0.19194134,0.20442145
0.19073288,0.20268877,0.20898809,0.19268169,0.20490861
0.19447996,0.2019924,0.2101535,0.19211432,0.20125979
0.19210163,0.20132238,0.2096124,0.19091542,0.20604816
0.19366847,0.20456444,0.20501684,0.19383259,0.20291764
0.19146986,0.20463881,0.2055475,0.19442034,0.20392348
0.19168848,0.20492835,0.20744672,0.19239971,0.20353673
0.19393979,0.20049709,0.2073728,0.1971584,0.20103192
0.19098823,0.2039818,0.21005791,0.18892775,0.20604427
0.19104336,0.20202588,0.20849213,0.19334292,0.20509562
0.19206841,0.2035735,0.20555599,0.19510245,0.20369962
0.19345324,0.20555075,0.20411849,0.1949163,0.20196125
0.19666108,0.20202537,0.20758437,0.19313765,0.2005915
0.19057569,0.20161355,0.2112733,0.18938951,0.20714794
0.19049452,0.20207529,0.209524,0.19196376,0.20594245
0.19227865,0.20387019,0.20679902,0.1941878,0.20286438
0.19158258,0.20370239,0.20794788,0.19203465,0.20473245
0.19127971,0.20135143,0.21038395,0.19461723,0.20236762
0.19197902,0.20172113,0.20720091,0.19466282,0.20443611
0.19141443,0.20517454,0.20536749,0.19464499,0.20339857
0.19148356,0.20315488,0.20666842,0.19473116,0.20396201
0.19215587,0.20328678,0.20641702,0.19445595,0.20368433
0.19447774,0.20022774,0.21003054,0.19359164,0.2016724
0.19257419,0.20305319,0.20872042,0.19140549,0.20424674
0.19106013,0.20388053,0.20848514,0.19180885,0.20476532
0.19255862,0.20323421,0.20570198,0.19533697,0.20316829
0.19145747,0.20284274,0.20868453,0.19266179,0.20435344
0.19463132,0.2014855,0.20925803,0.19311523,0.20150994
0.19209316,0.20222586,0.20765185,0.19373137,0.2042977
0.19202936,0.20351951,0.20602019,0.19439498,0.20403601
0.19133219,0.2026866,0.20704718,0.19437669,0.20455734
0.19194104,0.2052604,0.2057819,0.19371451,0.20330212
0.19471213,0.19952965,0.20965125,0.19345213,0.20265484
0.19211085,0.2014086,0.20776874,0.19304411,0.20566778
0.19232863,0.20153393,0.20716074,0.1942337,0.20474297
0.19148538,0.20401189,0.207171,0.1930176,0.2043141
0.19111107,0.20219867,0.20862947,0.1933131,0.20474765
0.19409676,0.19930509,0.20990032,0.19509454,0.2016033
0.19181965,0.20101541,0.20670404,0.19666195,0.20379895
0.1915376,0.20177639,0.20915523,0.19285126,0.20467955
0.19109692,0.20349705,0.20814262,0.19321802,0.20404541
0.19211668,0.20355016,0.20601416,0.19535045,0.20296857
0.19396007,0.2001701,0.20998864,0.1939283,0.20195289
0.18994689,0.20018154,0.21019447,0.19343656,0.20624052
0.19264281,0.20408328,0.20644344,0.19364862,0.20318185
0.19262324,0.20460907,0.20470323,0.19536753,0.20269693
0.19280021,0.2050767,0.20586103,0.19363455,0.20262751
0.19306265,0.20212945,0.20997685,0.19301404,0.20181699
0.19130075,0.204007,0.21042003,0.18846752,0.20580469
0.19190381,0.20394185,0.20578034,0.19400656,0.20436744
0.19146515,0.20295233,0.20722565,0.19375077,0.20460613
0.19114436,0.20355365,0.20627017,0.19534013,0.20369169
0.19368753,0.20019792,0.20853421,0.19620466,0.20137566
0.19128746,0.20122725,0.20910195,0.193034,0.20534936
0.19213885,0.20295629,0.20594837,0.19573595,0.20322053
0.19151519,0.20386897,0.20576875,0.19551554,0.20333152
0.19136414,0.20376478,0.20675796,0.19436072,0.20375237
0.1931299,0.20045304,0.20894402,0.19605619,0.20141688
0.18989491,0.20157681,0.21055502,0.19203402,0.2059393
0.21060276,0.21399166,0.20620994,0.16451864,0.204677
0.19154434,0.20088136,0.21002638,0.1915114,0.20603654
0.19165726,0.20067145,0.20947093,0.1934639,0.20473647
0.19398282,0.20076929,0.20816182,0.19656159,0.2005245
0.19135207,0.20152433,0.20825712,0.19416897,0.20469749
0.19164535,0.2039926,0.2096063,0.1895796,0.20517609
0.1910923,0.20322374,0.20961522,0.19110833,0.2049604
0.1913177,0.20287079,0.20838904,0.19267593,0.20474656
0.19303234,0.20004037,0.20955735,0.19559509,0.20177488
0.1901738,0.20334138,0.21103172,0.18946075,0.20599236
0.19251324,0.20486665,0.20792098,0.19040734,0.2042918
0.19233197,0.202513,0.20628552,0.19494908,0.20392048
0.19233602,0.20357311,0.20623432,0.19433264,0.20352389
0.19459593,0.20099269,0.21121079,0.19165383,0.20154673
0.19040139,0.20166518,0.21037021,0.19024734,0.20731588
0.1912435,0.20105092,0.20963274,0.19188946,0.20618339
0.19215055,0.2001714,0.20742202,0.19461235,0.20564373
0.1903421,0.2001908,0.20805295,0.19587798,0.20553619
0.19476768,0.20136163,0.20878406,0.19468072,0.20040593
0.19089729,0.19941843,0.20963472,0.19447406,0.20557553
0.19078809,0.20113276,0.20759916,0.19565824,0.20482175
0.19117111,0.20383291,0.20570065,0.19615518,0.20314015
0.19193926,0.20308177,0.20463304,0.19758739,0.20275852
0.19254717,0.20050287,0.21039459,0.19502473,0.20153064
0.19089898,0.20008753,0.2072157,0.19685107,0.20494674
0.19315806,0.20141599,0.2071901,0.19473381,0.20350203
0.19190104,0.20227388,0.20690696,0.19509552,0.20382257
0.19059466,0.20376879,0.207824,0.193635,0.20417753
0.19376507,0.20029023,0.20979509,0.19480544,0.20134418
0.19100817,0.20242272,0.20829108,0.19309792,0.20518006
0.19159447,0.20363115,0.20769626,0.19328508,0.20379306
0.19152462,0.20377487,0.20632407,0.19455552,0.20382091
0.19238247,0.20430288,0.20548385,0.19453602,0.20329475
0.19483522,0.20066038,0.2081543,0.19529201,0.20105812
0.19315793,0.20221928,0.20614477,0.19451228,0.20396577
0.19128308,0.20118234,0.2076871,0.19462793,0.20521958
0.19249783,0.20112506,0.20601374,0.19630162,0.20406178
0.19101891,0.1990341,0.20774311,0.19734241,0.20486146
0.19106059,0.20028308,0.20841254,0.1992483,0.2009955
0.19175434,0.20194359,0.20771788,0.19388139,0.20470278
0.19161768,0.20182654,0.20768295,0.19535035,0.20352252
0.19196798,0.20151746,0.20455842,0.19963904,0.20231712
0.19046985,0.19998357,0.20766228,0.19807036,0.20381394
0.19504738,0.20171702,0.20822531,0.19463864,0.20037167
0.19202325,0.19884741,0.20785195,0.19704397,0.20423341
0.19193172,0.2009763,0.20858142,0.19451205,0.2039985
0.19217364,0.19910671,0.20747599,0.19714858,0.2040951
0.1917292,0.19994217,0.20769334,0.19598524,0.20465007
0.19490185,0.20085388,0.20747404,0.19656914,0.2002011
0.19089699,0.19952253,0.20899735,0.19535434,0.20522878
0.1895812,0.2001542,0.21062063,0.19346797,0.206176
0.19107756,0.2014737,0.20830157,0.19397128,0.20517589
0.19184929,0.20457548,0.20821454,0.19081536,0.20454535
0.19387996,0.20142925,0.20855725,0.19497292,0.20116061
0.1896524,0.20008191,0.20931679,0.19516924,0.20577967
0.1903043,0.199259,0.20747173,0.19791701,0.20504797
0.19175246,0.19849703,0.20770836,0.19631147,0.20573066
0.19057722,0.20014946,0.20746352,0.19661583,0.20519398
0.19289854,0.20140727,0.2066717,0.19932961,0.19969286
0.18929985,0.20391744,0.20877947,0.19254619,0.20545699
0.19059107,0.20271794,0.20833907,0.19382319,0.20452873
0.19151703,0.20045844,0.20804086,0.19544002,0.20454368
0.19011223,0.20234136,0.20789555,0.19520733,0.20444353
0.1935753,0.20201081,0.2100505,0.19317636,0.20118706
0.19085959,0.2016241,0.21061718,0.19080913,0.20608996
0.1927302,0.19962776,0.20620704,0.19788377,0.20355126
0.19173266,0.20196243,0.206536,0.19616947,0.20359941
0.19272672,0.20221591,0.20526737,0.19692853,0.20286141
0.1930737,0.20260343,0.20907256,0.19417408,0.20107621
0.19122687,0.20074995,0.20789824,0.19569695,0.20442797
0.19010073,0.20228514,0.20983176,0.19269376,0.20508863
0.19141741,0.2019504,0.20892774,0.19292066,0.2047838
0.19163245,0.20423855,0.20680015,0.19381738,0.20351148
0.19302346,0.1987837,0.21007164,0.19519877,0.20292243
0.19000542,0.19930702,0.21095717,0.19199315,0.20773724
0.18964837,0.19939713,0.20981829,0.19565527,0.2054809
0.19101053,0.20190565,0.20823953,0.19437788,0.20446646
0.1915635,0.20368609,0.20517693,0.19647342,0.20310006
0.19350818,0.20103468,0.20824042,0.19749908,0.19971763
0.18943557,0.19920762,0.20602982,0.19971621,0.20561072
0.1900243,0.19902241,0.20681445,0.19925436,0.20488447
0.19181745,0.2029786,0.20610887,0.19546385,0.20363125
0.19191083,0.20251735,0.20449969,0.19837376,0.2026984
0.19390897,0.19925703,0.20888536,0.1963108,0.20163786
0.19007252,0.19919902,0.20809549,0.19724813,0.20538482
0.1913725,0.1997844,0.20788632,0.19609752,0.20485924
0.19164631,0.20056602,0.20700337,0.1970106,0.20377368
0.19057111,0.2005826,0.2063969,0.19827917,0.20417023
0.19382647,0.20066056,0.20544168,0.20016761,0.1999037
0.19039175,0.19860245,0.20941937,0.19599797,0.2055884
0.19398874,0.20135686,0.20488757,0.19647244,0.2032944
0.19050968,0.20120065,0.20842662,0.19479775,0.2050653
0.19028097,0.19956966,0.20847279,0.19638705,0.20528953
0.19195867,0.19873285,0.21212092,0.19505611,0.20213144
0.1901719,0.19950378,0.20925927,0.19538815,0.2056769
0.19034714,0.1989595,0.2086356,0.19696647,0.20509131
0.19071838,0.20151292,0.20548427,0.19901046,0.20327394
0.19056149,0.19781794,0.20858964,0.19763926,0.2053917
0.19299631,0.19948708,0.21185623,0.19348727,0.20217313
0.18964867,0.19723982,0.21332301,0.19254594,0.20724255
0.1905391,0.1985448,0.2099499,0.19552475,0.20544143
0.19268845,0.20030512,0.20880388,0.19427076,0.20393178
0.19088817,0.20001867,0.20793584,0.1969511,0.20420623
0.19275653,0.20018774,0.20901255,0.19638906,0.2016541
0.19102573,0.20029971,0.20907617,0.19439523,0.20520315
0.19101459,0.20085232,0.2085656,0.19457822,0.20498931
0.19174343,0.20073068,0.20662811,0.19679168,0.2041061
0.1917305,0.20122585,0.20649216,0.1970492,0.2035023
0.19322953,0.20075892,0.20833443,0.19625686,0.20142029
0.1912399,0.20208836,0.2079916,0.19392116,0.20475897
0.19061056,0.20059268,0.20830643,0.19457293,0.20591743
0.19129947,0.19954598,0.207042,0.19710201,0.20501053
0.19008993,0.20066959,0.20907782,0.19521998,0.20494272
0.19303793,0.199632,0.20740853,0.19930047,0.2006211
0.19058253,0.19835688,0.20909281,0.1963856,0.20558216
0.19014055,0.19896413,0.20860206,0.19709866,0.20519459
0.19053489,0.20123023,0.20530626,0.1994455,0.20348313
0.18982542,0.20049585,0.20701383,0.19833985,0.20432508
0.1943229,0.19990858,0.20658395,0.1990495,0.20013502
0.19017492,0.19753702,0.21070746,0.19506544,0.20651521
0.19128188,0.19897117,0.20853935,0.196152,0.20505561
0.19004741,0.19712043,0.21078023,0.19657841,0.20547351
0.18946859,0.1998873,0.20995402,0.1946536,0.20603648
0.19310093,0.20104164,0.20795536,0.19724056,0.20066151
0.1910549,0.19842301,0.20836209,0.19668071,0.20547931
0.19135176,0.2010308,0.20785114,0.19538221,0.2043841
0.19146048,0.20055392,0.20835638,0.19508876,0.20454046
0.19038634,0.19771771,0.20895277,0.19695026,0.20599292
0.19371282,0.2004219,0.20728905,0.19797716,0.20059913
0.18932591,0.198359,0.21014105,0.19596262,0.20621142
0.19083612,0.2013366,0.20775776,0.19667064,0.2033989
0.18985777,0.2010293,0.20594381,0.19963565,0.20353344
0.189899,0.19861841,0.20689537,0.20081855,0.20376866
0.19290039,0.20027612,0.20734257,0.19898656,0.20049433
0.1901367,0.19871365,0.20834626,0.19758102,0.20522238
0.18907642,0.19768658,0.21064572,0.19640885,0.2061824
0.19188102,0.19816649,0.20704228,0.19923408,0.20367612
0.1901726,0.20071736,0.20831807,0.19666183,0.20413014
0.19280112,0.19891247,0.20544988,0.20271176,0.20012479
0.19151513,0.19507232,0.21120134,0.19549596,0.20671526
0.19153696,0.19874443,0.20956115,0.19412263,0.20603482
0.18957686,0.19826522,0.21074715,0.19430734,0.20710342
0.19156317,0.19764365,0.20663412,0.20035975,0.20379925
0.19103241,0.20102616,0.20679216,0.20043457,0.20071474
0.18988115,0.19593556,0.2118454,0.19510396,0.2072339
0.1913219,0.1958901,0.20962702,0.19752908,0.20563194
0.18890528,0.20017397,0.20787965,0.19852087,0.20452023
0.19010541,0.19682641,0.20814925,0.20003109,0.20488787
0.19230832,0.20039715,0.20794807,0.19848275,0.20086367
0.19053277,0.19797108,0.21032162,0.19542733,0.20574722
0.19033808,0.19895075,0.20867735,0.1969519,0.2050819
0.1902333,0.19909517,0.20842932,0.19729303,0.20494922
0.19088478,0.19999163,0.20764363,0.19721177,0.20426819
0.19281392,0.20259424,0.20647363,0.19832505,0.19979315
0.19135414,0.19654061,0.20757945,0.1995336,0.20499222
0.1903005,0.19895303,0.20888926,0.1964387,0.20541853
0.1917136,0.1992412,0.20665707,0.19830449,0.20408362
0.18972175,0.19784003,0.20761432,0.19933285,0.20549105
0.19296032,0.19928019,0.20749824,0.20033288,0.19992839
0.18981713,0.19685975,0.21003018,0.1970404,0.20625252
0.19170831,0.1968145,0.20894423,0.19739132,0.20514157
0.18900625,0.19646946,0.20961459,0.19849831,0.20641147
0.19103742,0.19857757,0.20603919,0.20073715,0.20360868
0.19367927,0.19815813,0.2083115,0.20012085,0.19973023
0.18962222,0.19687226,0.2099839,0.19681142,0.2067102
0.19197607,0.19660108,0.2084285,0.198552,0.20444235
0.19049338,0.19778176,0.20865028,0.19785693,0.20521764
0.18984902,0.19767633,0.20955539,0.19751191,0.20540735
0.19317472,0.20109615,0.20595922,0.20023571,0.19953422
0.19087847,0.19810846,0.208435,0.19701089,0.20556715
0.19157684,0.19425546,0.20778804,0.20210344,0.20427622
0.19198729,0.19651826,0.20843118,0.19803467,0.2050286
0.18992561,0.19709857,0.2103942,0.19595966,0.20662196
0.19266896,0.1980886,0.20547555,0.2047779,0.19898903
0.18998626,0.19735542,0.20801069,0.19974026,0.20490737
0.19040987,0.19784582,0.20607276,0.20163721,0.20403437
0.19192721,0.19596124,0.20893829,0.19786502,0.20530821
0.19105652,0.19638751,0.20915505,0.19822693,0.20517398
0.19371045,0.1989693,0.20792624,0.20027953,0.19911443
0.1897571,0.19565676,0.21036412,0.19773763,0.20648436
0.1926257,0.19569863,0.20870773,0.19803776,0.20493014
0.1911859,0.19426407,0.21010596,0.19886304,0.20558102
0.18918768,0.19633509,0.21043155,0.19766885,0.20637688
0.19298184,0.2007622,0.20799887,0.19712654,0.20113057
0.18952008,0.19603208,0.21173158,0.19512498,0.20759134
0.19247293,0.19369756,0.20830286,0.19957863,0.20594802
0.19104308,0.19458275,0.20954235,0.19915739,0.20567442
0.19077756,0.19629702,0.20963144,0.19752745,0.20576654
0.1931461,0.19594988,0.20885825,0.20144916,0.20059657
0.19110833,0.19325833,0.20990042,0.2002092,0.20552374
0.19118516,0.19621062,0.21246134,0.19418244,0.2059604
0.19105366,0.19906658,0.20967649,0.19539496,0.20480832
0.19133313,0.19858025,0.20694512,0.19955261,0.20358884
0.19153018,0.19884026,0.20783189,0.20052016,0.2012775
0.19177216,0.19344927,0.21033995,0.19851798,0.20592065
0.19337119,0.19172986,0.20820785,0.20119953,0.2054916
0.19057816,0.20053759,0.20647393,0.1986717,0.20373864
0.19203494,0.19900595,0.20619708,0.19969352,0.20306854
0.1913401,0.19857566,0.20942967,0.19853224,0.20212232
0.19005556,0.19406442,0.21059464,0.1988725,0.20641288
0.1908249,0.19524135,0.20898536,0.20063026,0.20431809
0.1909774,0.19684991,0.20573787,0.20320463,0.20323022
0.1912458,0.19625662,0.20679982,0.20179573,0.20390202
0.19181865,0.19857134,0.20812412,0.20036563,0.20112023
0.19111265,0.19508909,0.21080162,0.19714874,0.20584795
0.18945475,0.19691814,0.2102149,0.19778897,0.2056233
0.1920352,0.19705327,0.20762788,0.19935083,0.20393279
0.19228554,0.19840153,0.20705372,0.19918305,0.20307621
0.1947631,0.19810064,0.20605147,0.20230782,0.19877698
0.1912496,0.19698028,0.20943044,0.19603801,0.20630166
0.19006048,0.19774379,0.21002981,0.19578902,0.20637691
0.1905709,0.19508234,0.20851113,0.20070815,0.20512749
0.19343185,0.1960737,0.20438607,0.20416422,0.20194411
0.19040988,0.19888847,0.2083028,0.20136899,0.20102988
0.19150876,0.19465162,0.21023127,0.19841501,0.20519331
0.19450547,0.19094016,0.20881914,0.20189431,0.20384097
0.19466372,0.19478413,0.20886119,0.19792712,0.20376387
0.19296424,0.19647329,0.20690307,0.20001896,0.20364049
0.1921834,0.19845954,0.20652789,0.20333222,0.19949695
0.18989462,0.19584823,0.21042927,0.19742642,0.20640151
0.482637,0.22485128,0.00033678667,0.23493987,0.057235096
0.19172607,0.19812654,0.20588897,0.20086206,0.20339637
0.19208069,0.19929111,0.20613448,0.19861482,0.20387888
0.19252583,0.19775224,0.2082569,0.20136055,0.20010452
0.19129886,0.19344682,0.20944647,0.19973616,0.2060717
0.19101474,0.19515036,0.20936349,0.19949223,0.2049792
0.19106162,0.19823806,0.2046715,0.2034183,0.20261051
0.19159937,0.19562982,0.2053461,0.20460649,0.20281824
0.19163048,0.200071,0.20668891,0.20116252,0.2004471
0.19148253,0.19317934,0.2103188,0.19935396,0.20566538
0.19163458,0.19372009,0.20831364,0.20143242,0.20489928
0.1935557,0.19275488,0.20672227,0.20307644,0.2038907
0.19236454,0.19513585,0.20684032,0.20187593,0.2037833
0.1941175,0.19785012,0.20763496,0.20118713,0.19921029
0.1889817,0.1945718,0.21093124,0.19910204,0.20641325
0.19325668,0.19385614,0.20831694,0.20009148,0.20447876
0.19128583,0.19461468,0.20937681,0.19944608,0.20527661
0.19196995,0.1936078,0.207238,0.20383212,0.2033521
0.19285515,0.1956923,0.21024333,0.20069608,0.20051318
0.19021648,0.19341208,0.20884201,0.2020465,0.20548287
0.19127552,0.19343115,0.21042874,0.19896172,0.20590284
0.19192606,0.19327839,0.20782286,0.20232005,0.20465262
0.19340467,0.19334924,0.20640165,0.20335554,0.20348889
0.19235423,0.19722885,0.20912278,0.20103304,0.20026115
0.19762655,0.209521,0.19412063,0.20301543,0.19571637
0.19160427,0.20572002,0.20185497,0.20160684,0.1992139
0.19092566,0.2010056,0.20655352,0.19855228,0.20296298
0.19018649,0.1997691,0.20750056,0.19797961,0.2045642
0.19154054,0.20115736,0.20721097,0.19940528,0.20068584
0.19037217,0.19879678,0.20864904,0.19767915,0.20450291
0.18933955,0.1974629,0.20764598,0.2008493,0.20470223
0.19240515,0.19402447,0.20974031,0.19825846,0.20557164
0.19137287,0.19806255,0.20692052,0.19954403,0.20410001
0.19285053,0.2003077,0.20746307,0.19797094,0.20140778
0.18999037,0.19634867,0.21084368,0.19592477,0.2068925
0.19021359,0.1971712,0.20859575,0.19870014,0.20531939
0.1910479,0.19431642,0.20740302,0.20251183,0.20472082
0.19036299,0.19554922,0.20807737,0.2003128,0.20569758
0.1922974,0.20046966,0.20586792,0.20220296,0.19916204
0.18935712,0.19634037,0.20723872,0.20125274,0.20581105
0.19045141,0.19449642,0.20871162,0.20091079,0.20542978
0.1915553,0.19427702,0.20970422,0.19912554,0.20533793
0.19199087,0.19450484,0.20838283,0.20015508,0.20496643
0.19368568,0.19863512,0.20565635,0.2033124,0.19871041
0.19052115,0.1941218,0.21069326,0.19767988,0.20698391
0.19039644,0.19678357,0.20835464,0.1983586,0.20610675
0.19092266,0.19409108,0.20804474,0.19989084,0.20705064
0.18983237,0.19448806,0.2089872,0.20130393,0.20538844
0.19360064,0.19696376,0.2069288,0.20285463,0.19965221
0.19210076,0.19031435,0.20640555,0.20565309,0.20552622
0.19087687,0.19187276,0.21075438,0.19964288,0.20685309
0.19196545,0.19461353,0.20719159,0.2024697,0.20375971
0.1896086,0.19749573,0.20623985,0.2023978,0.20425797
0.19240136,0.19609307,0.20761737,0.20378157,0.20010662
0.19056773,0.19873445,0.20639592,0.19958141,0.2047205
0.18924448,0.2003388,0.20727769,0.19730692,0.20583212
0.18974885,0.19700882,0.20605645,0.20229262,0.20489322
0.19095904,0.1967045,0.20417939,0.20510183,0.20305526
0.19122052,0.19613732,0.20894733,0.20268129,0.20101352
0.18971755,0.19565235,0.2074583,0.20188385,0.20528798
0.19219021,0.19500473,0.20791201,0.20030732,0.20458573
0.19071555,0.19722663,0.20651221,0.20206054,0.20348504
0.19040269,0.19766468,0.2050484,0.20348793,0.20339634
0.19229868,0.19594733,0.20684442,0.20522808,0.19968146
0.19010887,0.19628532,0.20779312,0.20071657,0.20509613
0.18956198,0.19933078,0.20721735,0.19863327,0.2052566
0.1902608,0.19672768,0.20626312,0.20219377,0.20455469
0.19189554,0.1953493,0.20447968,0.20565858,0.20261687
0.19169262,0.19431077,0.21067238,0.20172799,0.20159625
0.19074959,0.19447875,0.20738012,0.2015985,0.20579307
0.18949032,0.19721341,0.20630535,0.20304175,0.20394917
0.18981232,0.19903062,0.20691387,0.20028238,0.20396079
0.19239198,0.19643128,0.20314233,0.20617512,0.2018593
0.19093753,0.19601364,0.20792754,0.2044725,0.20064877
0.18915981,0.1965525,0.20695992,0.2024982,0.2048296
0.18975563,0.1968354,0.20741007,0.2015378,0.2044611
0.18941697,0.19631796,0.20557117,0.20393275,0.20476113
0.1928656,0.19290678,0.20368226,0.20866993,0.2018754
0.19126295,0.19396147,0.20989092,0.20301516,0.20186947
0.18989024,0.19310299,0.20828874,0.20295413,0.2057639
0.190054,0.19552492,0.20538616,0.205051,0.20398392
0.19003955,0.19629566,0.2045738,0.20571929,0.2033717
0.19122715,0.1972097,0.20323403,0.2062338,0.2020953
0.19186395,0.19627576,0.20614088,0.20588708,0.19983236
0.1899434,0.19898483,0.20548867,0.20108703,0.20449604
0.18960945,0.19693185,0.2053965,0.2043025,0.20375967
0.19161028,0.1963937,0.20308231,0.20667979,0.20223391
0.19160523,0.19615863,0.20336656,0.20797516,0.20089442
0.19130225,0.19631995,0.20652655,0.20565328,0.20019796
0.19273417,0.19425258,0.20689528,0.2023038,0.20381421
0.18995799,0.197275,0.20446406,0.20513263,0.2031703
0.19149323,0.19508475,0.20493689,0.20652798,0.20195715
0.1899097,0.19753094,0.20452796,0.20509762,0.20293379
0.19153588,0.19463828,0.20612906,0.20621203,0.20148474
0.18968107,0.19441125,0.20753877,0.20383206,0.2045369
0.19050041,0.19624175,0.20378725,0.20650555,0.20296505
0.18923005,0.19936627,0.20414834,0.20450658,0.20274876
0.19290006,0.19351073,0.20224941,0.21056162,0.20077819
0.19278733,0.19487129,0.2055262,0.2077373,0.19907789
0.18838593,0.19506103,0.20786889,0.20283209,0.20585203
0.19176172,0.19584775,0.20387317,0.20606394,0.20245343
0.1916737,0.19759567,0.2021396,0.20692992,0.20166111
0.19061658,0.19668469,0.20276892,0.20772645,0.20220341
0.19150718,0.19309887,0.20590109,0.20899096,0.2005019
0.19048133,0.19640188,0.20439716,0.2054335,0.20328614
0.18945709,0.19702367,0.2027017,0.20816734,0.2026502
0.1908527,0.19492257,0.20655197,0.20416173,0.20351106
0.19159007,0.19683431,0.20374165,0.20566173,0.20217225
0.19201623,0.19303407,0.20695385,0.20691523,0.20108066
0.19024451,0.19533058,0.20393911,0.20659593,0.20388986
0.18970627,0.20050576,0.20297182,0.20421198,0.20260416
0.18896373,0.19734469,0.20481212,0.20489123,0.20398824
0.19061545,0.1958161,0.20350604,0.20709357,0.20296884
0.1906927,0.19397132,0.20758565,0.20735341,0.20039691
0.19112085,0.19331534,0.20509796,0.2066674,0.20379847
0.19137526,0.19335109,0.20617001,0.20535523,0.20374842
0.19331226,0.19447188,0.20270297,0.20847312,0.20103975
0.19023101,0.198247,0.203348,0.20636491,0.20180902
0.19191083,0.19354379,0.20811202,0.20518032,0.20125303
0.19133584,0.1938195,0.20427005,0.20671186,0.20386274
0.18915293,0.19783084,0.20498568,0.20342195,0.20460859
0.19117054,0.19475743,0.20375654,0.20828007,0.2020354
0.19024496,0.19641995,0.20171884,0.21034011,0.20127614
0.18980187,0.19362624,0.20807378,0.2073013,0.20119675
0.19024861,0.19490965,0.2051627,0.2053883,0.20429076
0.19223017,0.19360034,0.20225741,0.2100148,0.20189726
0.19141638,0.19747303,0.20189397,0.20779862,0.201418
0.18918979,0.20086057,0.20254205,0.2052661,0.20214154
0.18992037,0.19254027,0.20826924,0.20668463,0.20258549
0.1895459,0.19415733,0.20593417,0.20613934,0.20422323
0.19022918,0.19528094,0.20518826,0.2067513,0.2025503
0.19096163,0.19576403,0.20264614,0.20905165,0.20157653
0.19151135,0.19476937,0.20158501,0.21176283,0.20037138
0.19079354,0.19176161,0.20666991,0.20949928,0.2012756
0.19015943,0.19619942,0.20403762,0.20604748,0.20355603
0.18963788,0.19688632,0.20345676,0.20732689,0.20269212
0.19077173,0.19492856,0.20124243,0.21150018,0.20155711
0.18908189,0.20142882,0.2026519,0.2050636,0.20177378
0.1901823,0.19493245,0.2048533,0.2096362,0.20039573
0.19178823,0.19352375,0.20308079,0.20900103,0.2026062
0.18866423,0.19672751,0.20208554,0.21015994,0.20236272
0.19157277,0.1962567,0.20171925,0.20900005,0.20145124
0.18917288,0.19824314,0.20145813,0.21032624,0.20079958
0.19089991,0.19298261,0.20591204,0.209553,0.2006525
0.18973128,0.19820577,0.202813,0.20586158,0.20338833
0.18886785,0.20081395,0.20311964,0.20486976,0.20232882
0.19104084,0.1959688,0.20091726,0.21163188,0.20044121
0.18826169,0.20085649,0.20188937,0.20670387,0.20228858
0.19100668,0.18910326,0.21004443,0.20770225,0.2021434
0.1897947,0.19475536,0.20579761,0.2057694,0.20388292
0.18975335,0.19779342,0.20387076,0.20598967,0.20259275
0.19015546,0.19781253,0.20076922,0.21003555,0.2012272
0.19174612,0.19790842,0.19913338,0.2114644,0.19974771
0.18917695,0.19351664,0.20793381,0.20577943,0.20359315
0.18885612,0.19391632,0.20419823,0.2084546,0.20457475
0.18891543,0.197854,0.20280768,0.20828266,0.20214023
0.19018328,0.19782837,0.19965872,0.21210583,0.20022377
0.19016811,0.1970745,0.2024606,0.2091074,0.2011894
0.19183856,0.18837346,0.20784254,0.20969063,0.20225479
0.18906642,0.19805038,0.2034469,0.20605999,0.20337634
0.19031487,0.19938675,0.20146945,0.20668432,0.20214461
0.19232342,0.20125417,0.19813243,0.2091764,0.19911368
0.18829988,0.2027288,0.20081523,0.20704676,0.20110935
0.19190922,0.18687533,0.2102268,0.20840116,0.20258746
0.18984453,0.19685498,0.2040217,0.2058479,0.20343079
0.19045465,0.19580293,0.19897273,0.21429926,0.20047043
0.19195811,0.19611457,0.20188951,0.21013682,0.199901
0.19375122,0.19887696,0.19989198,0.20864403,0.1988358
0.19127242,0.18891673,0.20908242,0.20911267,0.20161574
0.18997139,0.19669057,0.20452759,0.20560974,0.20320071
0.19031656,0.19984503,0.2014197,0.20729108,0.20112763
0.19145879,0.20090953,0.19989577,0.20694226,0.20079365
0.19059236,0.19822198,0.19919321,0.21156473,0.20042773
0.19428158,0.18437569,0.20869547,0.21135502,0.20129228
0.19009022,0.1970302,0.20359983,0.20655604,0.20272373
0.19173981,0.19581735,0.2008029,0.2109082,0.20073171
0.19032452,0.19900037,0.20101057,0.20941657,0.20024799
0.19009042,0.19879727,0.19927219,0.21222451,0.19961555
0.19173598,0.19014674,0.20776342,0.20877998,0.20157382
0.19105451,0.19624002,0.20240518,0.20818558,0.20211469
0.19180192,0.19770913,0.20081533,0.20905946,0.20061415
0.19150615,0.19847126,0.19925188,0.21100956,0.19976114
0.18999533,0.19883126,0.19989589,0.21088578,0.20039177
0.19375542,0.18582675,0.20778172,0.21113491,0.2015012
0.19045922,0.1961986,0.20221284,0.20929492,0.20183444
0.18945979,0.19932666,0.20186742,0.20805848,0.20128767
0.1906342,0.20145485,0.19949387,0.20927624,0.19914083
0.19184858,0.20022155,0.19777463,0.21184929,0.19830596
0.19074243,0.19219956,0.2067544,0.20871654,0.201587
0.18975219,0.19584098,0.20417403,0.20725526,0.20297748
0.18902627,0.19816777,0.2006477,0.21146074,0.2006975
0.19192971,0.19674164,0.19935906,0.21346907,0.19850054
0.19280666,0.19664975,0.19827056,0.213902,0.19837102
0.1918015,0.1873271,0.20903617,0.20945112,0.20238408
0.18910126,0.19964528,0.20300302,0.20619267,0.20205776
0.19153708,0.19958808,0.19927445,0.20996095,0.19963945
0.19249803,0.19872893,0.19783232,0.21336563,0.19757508
0.19142292,0.2002814,0.19817212,0.21173733,0.19838622
0.18992832,0.18923329,0.20636669,0.21286927,0.2016024
0.18936543,0.19602083,0.20325513,0.20909144,0.20226717
0.1890154,0.1991597,0.20084037,0.21107419,0.19991033
0.19038442,0.19866303,0.19898744,0.21319471,0.19877037
0.19233309,0.19906417,0.19809315,0.21347937,0.1970303
0.19442293,0.18438296,0.20868766,0.21022676,0.20227964
0.19047047,0.19734956,0.20054641,0.21025425,0.20137928
0.19028766,0.20035417,0.19894163,0.2111441,0.19927244
0.19286118,0.20026954,0.19579135,0.21404994,0.19702803
0.19183917,0.19859616,0.1965978,0.21533732,0.19762951
0.19331215,0.17923304,0.21136984,0.21285418,0.20323078
0.19121976,0.19746068,0.19912355,0.21214773,0.20004828
0.19248505,0.19771919,0.19672008,0.2149176,0.19815807
0.19432358,0.19645225,0.19850583,0.21300401,0.19771439
0.19198263,0.20035085,0.19813795,0.21158008,0.19794852
0.19583628,0.18087259,0.20840059,0.21373244,0.20115809
0.19112565,0.1990715,0.20045237,0.20948794,0.19986254
0.19216588,0.20151892,0.19749016,0.21112016,0.19770482
0.1919656,0.20311618,0.19760604,0.21029788,0.19701432
0.19091536,0.2013098,0.19706139,0.21248206,0.19823134
0.19137116,0.18435031,0.20960414,0.21155186,0.20312253
0.18951647,0.19759081,0.20139916,0.21035257,0.20114093
0.191627,0.19767782,0.200076,0.21131533,0.19930384
0.19226265,0.2003051,0.19717903,0.21290825,0.19734493
0.1918493,0.20016843,0.19593243,0.2156524,0.19639736
0.19290052,0.18307361,0.20907736,0.21227483,0.2026737
0.19149047,0.19720061,0.19998482,0.21125111,0.20007297
0.19007462,0.2016623,0.19898601,0.20927164,0.20000538
0.18986617,0.20150594,0.1978721,0.21284515,0.19791067
0.18935789,0.20221832,0.1970265,0.21377034,0.19762698
0.19547862,0.17822245,0.21051389,0.21287234,0.20291264
0.19091511,0.19876434,0.19859615,0.21265914,0.19906528
0.1913207,0.20027281,0.19779179,0.21359906,0.19701566
0.19121405,0.2026707,0.19623525,0.2131607,0.19671926
0.19104728,0.20525904,0.1944588,0.21388607,0.1953488
0.19221754,0.18592286,0.20635892,0.21358839,0.2019123
0.19158487,0.19830157,0.19835414,0.21364136,0.19811803
0.19042777,0.19992368,0.19810596,0.21345368,0.1980889
0.19009633,0.20307796,0.19751377,0.212113,0.197199
0.19197296,0.20031564,0.19794619,0.21304105,0.19672415
0.19628282,0.17400087,0.21202508,0.21380362,0.20388764
0.1908585,0.20049593,0.19857043,0.21143697,0.19863816
0.19146907,0.20090175,0.19597743,0.21513373,0.19651802
0.19078857,0.20280027,0.19643559,0.21355185,0.19642378
0.19103116,0.20138867,0.19493039,0.21569075,0.19695905
0.1971025,0.17504568,0.21073695,0.21381828,0.2032966
0.19029737,0.19746116,0.1983918,0.21493691,0.19891278
0.19181754,0.19897921,0.19977333,0.211478,0.19795197
0.189343,0.20427896,0.19588864,0.21428911,0.19620034
0.19202346,0.20392925,0.19321363,0.2164259,0.19440782
0.19315915,0.18189043,0.20950761,0.21273774,0.20270504
0.19050442,0.20515238,0.19757701,0.2089798,0.19778636
0.19031814,0.20094451,0.19674158,0.21302575,0.19897003
0.19207409,0.20065424,0.19423048,0.21787952,0.19516163
0.19075567,0.20368823,0.19379738,0.21655008,0.19520864
0.19553487,0.17641482,0.21044365,0.21406828,0.20353839
0.18971956,0.20162085,0.1990202,0.21103281,0.19860663
0.19005078,0.20638439,0.1948647,0.21311837,0.1955818
0.19226551,0.20624797,0.19221619,0.21563517,0.19363518
0.19081591,0.20526426,0.19277555,0.21675266,0.19439167
0.19305836,0.17967595,0.20895849,0.213943,0.20436415
0.1898803,0.19784527,0.19788665,0.21518047,0.19920735
0.19153333,0.20006125,0.19586283,0.21608989,0.19645269
0.18957625,0.2036767,0.1930833,0.2184232,0.19524057
0.19188695,0.20052753,0.1941375,0.21910566,0.19434234
0.19762763,0.1730777,0.20930046,0.21610585,0.20388833
0.18972856,0.2021086,0.19663167,0.21357773,0.19795345
0.19102184,0.20562154,0.19298342,0.2156178,0.1947554
0.18948384,0.20796506,0.19257377,0.21604618,0.19393115
0.1895869,0.2080062,0.19278063,0.21473022,0.19489604
0.19841982,0.1720512,0.21043874,0.21489027,0.20419991
0.18898511,0.20263906,0.19695053,0.21373093,0.19769433
0.1897913,0.2027838,0.19348145,0.21864958,0.19529386
0.19143079,0.20595822,0.19296801,0.21568948,0.19395348
0.18994436,0.20608182,0.19192964,0.21865472,0.19338949
0.2005284,0.16900635,0.2113641,0.21574584,0.20335534
0.19184723,0.20090984,0.19542411,0.21487255,0.19694628
0.18981843,0.20761913,0.1918497,0.2164708,0.19424196
0.18948734,0.20540665,0.19289565,0.21657698,0.19563338
0.18987575,0.2055148,0.1913131,0.22000712,0.19328924
0.19805923,0.17176777,0.21367042,0.21100478,0.2054978
0.1907829,0.20259784,0.19410542,0.21614243,0.1963714
0.18883097,0.20755239,0.19441935,0.2143706,0.19482668
0.1906117,0.20859645,0.18952173,0.21884999,0.19242011
0.1899962,0.20990615,0.18924168,0.2195279,0.19132806
0.1934642,0.18047537,0.20965444,0.21229216,0.20411383
0.1897745,0.20294732,0.19484709,0.2161799,0.19625118
0.18930171,0.2089889,0.19229545,0.21513541,0.19427852
0.1900189,0.20693761,0.19092315,0.21894589,0.19317447
0.19105719,0.20570368,0.19023341,0.22052035,0.19248538
0.20312046,0.16453621,0.21260482,0.2142327,0.20550579
0.18873534,0.2053502,0.19524564,0.21384779,0.19682099
0.1896811,0.20699558,0.19146852,0.2191669,0.19268787
0.18943077,0.20876332,0.19025144,0.21887274,0.19268169
0.18923822,0.2100959,0.19019945,0.21711507,0.19335134
0.20110504,0.16675466,0.21218452,0.21454069,0.20541503
0.19100365,0.2013709,0.19471958,0.21672125,0.19618465
0.18939395,0.20645043,0.19231638,0.2175818,0.19425742
0.18847974,0.20918837,0.19063672,0.21883906,0.19285606
0.19020444,0.21008304,0.18846089,0.21989432,0.19135731
0.19665778,0.17810373,0.21019337,0.2114046,0.20364052
0.1886979,0.20499794,0.19411471,0.21458727,0.19760221
0.1890281,0.20850255,0.19056283,0.21846855,0.19343802
0.18943098,0.20605206,0.19008942,0.22141011,0.1930174
0.18978684,0.2106675,0.1883093,0.21996565,0.19127072
0.2000695,0.16773604,0.21205373,0.2151719,0.20496882
0.18886699,0.20622823,0.19308525,0.21608323,0.1957363
0.18969698,0.21191208,0.1886623,0.21768463,0.192044
0.1899873,0.21337542,0.18794991,0.21785197,0.19083537
0.19038366,0.21096735,0.18665215,0.22175997,0.19023691
0.19953956,0.16655107,0.21090798,0.21769845,0.20530298
0.18853539,0.20456493,0.1931096,0.21858793,0.19520213
0.1891765,0.20863956,0.1917548,0.21683834,0.1935908
0.19078359,0.21126725,0.1870075,0.220653,0.19028863
0.19058543,0.21454313,0.18608123,0.21907821,0.18971199
0.19685781,0.17230394,0.2107603,0.21565618,0.20442173
0.18845499,0.20725937,0.19271754,0.21515244,0.19641568
0.1908557,0.20843159,0.18865977,0.22050329,0.19154967
0.1889949,0.21009605,0.18809554,0.22067858,0.19213495
0.18978591,0.20970091,0.18811637,0.22124411,0.19115266
0.20300832,0.16443181,0.21069157,0.21722019,0.2046481
0.19037554,0.20886812,0.19057101,0.2168473,0.19333799
0.1906651,0.21331635,0.185781,0.22008094,0.19015658
0.19012712,0.21419857,0.18734623,0.21755892,0.19076912
0.18936536,0.21146326,0.18608676,0.2223435,0.1907411
0.1995691,0.16718267,0.21187952,0.21652128,0.2048474
0.18872635,0.20835888,0.19135454,0.2175804,0.19397983
0.18770331,0.2115948,0.18777283,0.22149357,0.19143553
0.18885978,0.21461356,0.18577851,0.22115624,0.18959188
0.18937117,0.21351065,0.18445323,0.22386332,0.1888016
0.1966578,0.17218441,0.21018411,0.21558005,0.20539363
0.18934122,0.20685118,0.18912645,0.22255744,0.19212373
0.19034047,0.21330671,0.18705733,0.21850313,0.19079237
0.18970042,0.21206644,0.18543412,0.22335137,0.1894476
0.19017328,0.21169087,0.18602507,0.22269519,0.18941559
0.20374297,0.16229215,0.21056682,0.21836208,0.20503598
0.19143908,0.21024281,0.18668117,0.22153106,0.19010589
0.18965326,0.21283133,0.18600146,0.22173421,0.18977977
0.18958235,0.21543632,0.18457407,0.22135098,0.18905628
0.18988961,0.21501914,0.18318127,0.22426245,0.18764752
0.20268023,0.16355619,0.21159084,0.21697384,0.20519891
0.18920141,0.20937657,0.18844613,0.22085328,0.1921226
0.19042893,0.21451858,0.18556939,0.22023198,0.18925112
0.19071649,0.21596411,0.18360017,0.22202066,0.18769854
0.18817264,0.2163709,0.18402599,0.2229144,0.18851613
0.20065697,0.16713873,0.20578215,0.22510628,0.20131586
0.18896714,0.20977059,0.1881072,0.22082883,0.19232625
0.18806979,0.21018922,0.18451613,0.22659597,0.19062893
0.18854038,0.21204324,0.18729822,0.2221338,0.18998438
0.18925501,0.2156379,0.18251291,0.22502524,0.1875689
0.20664908,0.1575256,0.21099411,0.22072485,0.20410642
0.21289107,0.19400865,0.19368824,0.2195337,0.1798784
0.20935102,0.20653133,0.18141891,0.2125515,0.1901472
0.20994587,0.19636822,0.18251902,0.21621726,0.19494958
0.21008357,0.1974639,0.18244235,0.21424414,0.19576606
0.20849624,0.2008951,0.18194248,0.21424517,0.19442098
0.21106376,0.20598607,0.18024263,0.21496211,0.18774544
0.20859285,0.20400475,0.18109539,0.21437845,0.19192857
0.20900345,0.19949454,0.18176249,0.2152413,0.19449821
0.20964763,0.19923748,0.18023488,0.21633373,0.19454633
0.2090502,0.19908914,0.180677,0.21603991,0.19514379
0.2101394,0.20654698,0.17979941,0.21593015,0.18758407
0.20710842,0.21137455,0.18027198,0.21233256,0.18891251
0.20759079,0.2052432,0.18139084,0.21366626,0.1921089
0.20840007,0.19983998,0.18015788,0.21805747,0.19354463
0.20756876,0.20147352,0.18222874,0.21372105,0.19500792
0.20883912,0.20865762,0.18028875,0.21487659,0.1873379
0.20511352,0.2131425,0.18211141,0.21021217,0.18942034
0.20730044,0.2067937,0.17958748,0.21540312,0.19091521
0.20855096,0.20275912,0.18014564,0.21540372,0.19314063
0.20663469,0.20410386,0.18149877,0.21411335,0.19364932
0.20992121,0.2115354,0.17910427,0.21354567,0.18589345
0.2066997,0.20512505,0.18093413,0.21576174,0.19147938
0.20511621,0.20952474,0.18125792,0.21325207,0.19084905
0.20492414,0.2103049,0.18198729,0.2116294,0.19115424
0.2081778,0.20197797,0.17809108,0.21902508,0.19272807
0.20777382,0.21169432,0.18116012,0.21234092,0.1870308
0.20529595,0.21170442,0.17937115,0.21478495,0.18884352
0.20455465,0.2109435,0.18153803,0.21277747,0.19018637
0.20863573,0.19960764,0.17918336,0.21850316,0.1940701
0.20604515,0.2107817,0.18021199,0.21215644,0.19080466
0.20859276,0.21361384,0.17974906,0.21207431,0.18597004
0.20597297,0.20787881,0.17926142,0.2168953,0.18999153
0.20843953,0.20421751,0.17888334,0.21657155,0.19188803
0.20727158,0.20526265,0.1801311,0.21519591,0.19213884
0.20571256,0.20681523,0.18127733,0.21404803,0.19214684
0.20722869,0.21021949,0.18017411,0.21516415,0.18721353
0.20574735,0.20754482,0.1808896,0.2152044,0.19061387
0.20325935,0.21434544,0.18389209,0.20830187,0.19020125
0.20682351,0.20427085,0.18073066,0.21398304,0.19419192
0.20623173,0.20525554,0.18082738,0.21463425,0.19305111
0.2071892,0.21357758,0.1815104,0.21055329,0.18716955
0.20624627,0.20665471,0.1804852,0.216204,0.19040981
0.2049793,0.20674466,0.18091156,0.21557346,0.19179097
0.20558295,0.20779702,0.18312305,0.21063347,0.19286354
0.20453554,0.2070031,0.18092439,0.21522723,0.19230977
0.20891762,0.20731604,0.17960767,0.21628591,0.18787271
0.20762782,0.20611489,0.17863435,0.21693729,0.1906857
0.20374478,0.21148495,0.1836625,0.20929107,0.19181664
0.20551957,0.20989764,0.18247178,0.20978084,0.19233017
0.20770006,0.1976883,0.18109794,0.2178914,0.19562235
0.20797263,0.20663732,0.18067051,0.21556972,0.18914986
0.20453782,0.2079891,0.18064502,0.21607307,0.19075498
0.20422006,0.20796353,0.18244304,0.21362028,0.19175315
0.20701185,0.20435534,0.1803449,0.21494819,0.1933397
0.20492321,0.20798948,0.1812359,0.21358156,0.19226977
0.20706214,0.21141596,0.18252736,0.21035254,0.18864201
0.20338854,0.21302254,0.18316999,0.210043,0.19037594
0.20601796,0.2053366,0.1813268,0.21429442,0.19302426
0.20604376,0.20275982,0.18161926,0.21512583,0.19445135
0.20492403,0.21014488,0.18205364,0.21020603,0.19267139
0.20710665,0.21168256,0.18164481,0.21119136,0.18837458
0.20332375,0.21218304,0.18248267,0.21148022,0.19053033
0.20415844,0.20766199,0.18402755,0.21092807,0.19322397
0.20413306,0.20740356,0.18231626,0.21279436,0.19335277
0.20364359,0.20708428,0.18307011,0.21277069,0.19343138
0.20742196,0.20631775,0.18115251,0.21524124,0.18986654
0.20443626,0.20778847,0.18270157,0.2125648,0.19250892
0.2052529,0.20558542,0.18299378,0.21200073,0.19416718
0.20646964,0.19868916,0.18216676,0.21672624,0.19594817
0.20532912,0.20578502,0.18168013,0.21337995,0.19382577
0.20682961,0.2112606,0.18164104,0.21105441,0.18921432
0.20478967,0.20692462,0.18099862,0.21555968,0.19172737
0.20653072,0.20386578,0.18102637,0.21485256,0.19372462
0.20429863,0.20595536,0.1827062,0.21238829,0.19465154
0.20482782,0.20197034,0.1831585,0.21394658,0.19609675
0.20624973,0.20772994,0.18364324,0.2111785,0.1911986
0.20292915,0.20955321,0.18359667,0.211425,0.192496
0.20451117,0.20687647,0.18394679,0.2104047,0.1942609
0.2043151,0.20835346,0.18090002,0.21388192,0.19254948
0.20679478,0.2020638,0.18136306,0.2144662,0.19531217
0.20637317,0.20792237,0.18288028,0.21217565,0.19064859
0.20347418,0.20594923,0.18259901,0.21477233,0.19320528
0.2050969,0.20636956,0.1824196,0.21239468,0.19371921
0.2045335,0.20518187,0.18383968,0.21118814,0.1952568
0.2069893,0.20354716,0.18003072,0.2153662,0.19406661
0.20554194,0.21072797,0.18220986,0.21177515,0.1897451
0.20396186,0.20996222,0.18281755,0.21094644,0.19231193
0.20384593,0.20933126,0.1820911,0.21173781,0.19299383
0.20334804,0.20895647,0.18370466,0.21027805,0.19371282
0.20480078,0.20530862,0.18285792,0.21216384,0.19486885
0.20449643,0.2092058,0.18464299,0.21022816,0.19142663
0.20290503,0.20804946,0.18382631,0.21213764,0.19308154
0.20279764,0.20956288,0.18511602,0.20853123,0.19399218
0.20294411,0.21084538,0.18237062,0.211065,0.1927749
0.2025624,0.21121795,0.18399559,0.2086452,0.19357882
0.20513394,0.20721339,0.18231155,0.2139889,0.19135225
0.20317073,0.20975238,0.18280324,0.21143484,0.19283882
0.20552392,0.20511408,0.1814181,0.21392123,0.19402264
0.20422503,0.20299485,0.18320768,0.21431604,0.19525641
0.2024107,0.2072429,0.18543518,0.20914406,0.1957672
0.20434539,0.21300055,0.18372633,0.20874298,0.19018477
0.20039512,0.21162055,0.18626761,0.2084475,0.1932692
0.20114295,0.20883042,0.18534292,0.21041347,0.19427024
0.20250815,0.20924288,0.18302944,0.21202947,0.19319007
0.20253886,0.2096099,0.18327355,0.21070506,0.19387266
0.204993,0.20953305,0.18315023,0.21131095,0.19101274
0.20172185,0.21104366,0.18345226,0.21117614,0.19260608
0.20358968,0.2063328,0.18189175,0.21396151,0.19422424
0.20486484,0.20381327,0.1830189,0.21258608,0.19571695
0.20282857,0.20625187,0.18408792,0.21151909,0.19531253
0.20402364,0.21154644,0.18303254,0.21099535,0.19040202
0.20241897,0.20746048,0.18322904,0.21335568,0.19353585
0.20127729,0.21077518,0.18452135,0.21011887,0.1933073
0.20247273,0.21084018,0.18236051,0.21115069,0.19317585
0.20393036,0.20729356,0.18157545,0.21329455,0.19390608
0.20588772,0.20932159,0.18345569,0.20991865,0.19141634
0.20228232,0.20908433,0.18203868,0.21402527,0.19256942
0.20135142,0.21343793,0.185622,0.20603837,0.19355029
0.20104536,0.21076472,0.18442851,0.20976806,0.19399336
0.20378494,0.20869383,0.18131414,0.21276757,0.19343954
0.20308347,0.21390235,0.18364175,0.209299,0.19007337
0.20094277,0.21068019,0.18468311,0.21024331,0.1934506
0.20124982,0.20940371,0.18476883,0.21020456,0.19437309
0.20263234,0.21023732,0.1827558,0.21071818,0.1936563
0.20077531,0.21232247,0.18374895,0.2099663,0.19318701
0.20133232,0.21135993,0.1835766,0.2124399,0.19129129
0.20163952,0.20987436,0.18336307,0.21207374,0.19304928
0.20248005,0.20882851,0.18184394,0.21350992,0.1933376
0.2007909,0.21053874,0.18499932,0.20931362,0.1943574
0.19929162,0.21595794,0.18483159,0.20717382,0.19274506
0.201797,0.21343377,0.18428767,0.20998944,0.19049215
0.20210604,0.21206856,0.18485661,0.2107705,0.19019829
0.19987719,0.21159998,0.18603678,0.2081027,0.19438334
0.20192492,0.2128377,0.18261404,0.20996025,0.19266313
0.20632794,0.20834182,0.18314986,0.21227436,0.189906
0.20228437,0.21397685,0.18262908,0.21113521,0.18997446
0.20544423,0.20913394,0.18234901,0.21365307,0.18941972
0.20488733,0.21059325,0.1830343,0.21173711,0.189748
0.20471288,0.20748343,0.18415946,0.21280418,0.19084002
0.20795797,0.20872587,0.18152119,0.21300925,0.18878573
0.2017254,0.21231543,0.18527505,0.20910029,0.19158389
0.20483008,0.20832148,0.18476988,0.21159738,0.19048117
0.20087613,0.21562575,0.18349722,0.20752841,0.1924725
0.20820537,0.2079781,0.18117918,0.21354938,0.18908793
0.20654604,0.2083532,0.18308385,0.21203303,0.18998384
0.20132129,0.21364543,0.18323359,0.21129204,0.19050764
0.20312797,0.21109071,0.1828948,0.2132497,0.18963684
0.20205319,0.21282351,0.18596636,0.20827487,0.19088201
0.20188423,0.21476606,0.1844318,0.20897658,0.18994132
0.20646176,0.21033022,0.18236394,0.21163942,0.18920462
0.2001903,0.2141613,0.18619363,0.20772842,0.19172637
0.20723376,0.20524515,0.18344723,0.2137599,0.19031395
0.2036285,0.21204497,0.18392858,0.21063338,0.18976459
0.20513311,0.2110237,0.18368165,0.20966849,0.19049306
0.2072089,0.20757419,0.18306248,0.21164182,0.19051257
0.20016958,0.21376082,0.18522261,0.2090758,0.19177122
0.2067102,0.20673686,0.18348838,0.2131108,0.18995374
0.2028443,0.20820546,0.18441343,0.21298642,0.1915504
0.20339406,0.21433364,0.18509938,0.2065817,0.19059119
0.2064324,0.20920564,0.18265302,0.21156017,0.19014876
0.19919798,0.21602197,0.18581694,0.20749825,0.19146484
0.2051596,0.20877731,0.18225251,0.21400432,0.18980627
0.20319095,0.21090464,0.18438509,0.21082915,0.19069016
0.20684703,0.20928304,0.18141632,0.21272157,0.18973204
0.20602843,0.2081768,0.18210812,0.21362127,0.19006535
0.20060676,0.21464118,0.18370506,0.21045008,0.1905969
0.20208406,0.21306013,0.18394706,0.210961,0.18994775
0.20527886,0.21057652,0.1838065,0.20982085,0.19051729
0.20413288,0.210155,0.18553953,0.20851709,0.1916555
0.20357195,0.21298276,0.18262972,0.2107432,0.19007234
0.19978018,0.21238382,0.18487233,0.21105117,0.19191253
0.20192458,0.21229231,0.18657197,0.20722029,0.1919909
0.20387195,0.20926012,0.18596834,0.20890665,0.19199292
0.20876494,0.2063766,0.18200503,0.21298249,0.18987095
0.20521615,0.20842572,0.18419039,0.21054025,0.19162749
0.19947232,0.21223384,0.1856274,0.21046835,0.19219808
0.20282319,0.20946306,0.1854391,0.21017289,0.19210175
0.2012856,0.21247423,0.18811752,0.20553951,0.19258314
0.20476875,0.20930077,0.18322012,0.21176974,0.19094057
0.20987633,0.20462419,0.18212579,0.21249767,0.190876
0.19922662,0.214461,0.18640353,0.20745492,0.19245392
0.20242235,0.2108355,0.18560632,0.20903929,0.19209653
0.20311408,0.20906237,0.18574113,0.20930713,0.19277528
0.20320885,0.21143104,0.1855468,0.20808242,0.19173087
0.20946486,0.20456153,0.18181446,0.2135236,0.19063552
0.19868587,0.21245806,0.18494383,0.21216638,0.19174583
0.2032438,0.21113119,0.18516992,0.2086719,0.19178322
0.20368877,0.20844813,0.18503587,0.21052364,0.19230361
0.2062208,0.20793249,0.1822388,0.21283174,0.19077618
0.20708418,0.20592858,0.1820197,0.21371478,0.19125275
0.19942607,0.21187674,0.18377069,0.21356496,0.19136158
0.20040087,0.21328707,0.18607543,0.2076103,0.19262631
0.20224148,0.21138564,0.1861812,0.20777588,0.19241579
0.20597824,0.20704854,0.1853696,0.20922689,0.19237676
0.20385338,0.21182752,0.18395375,0.20916766,0.19119772
0.20040144,0.21071947,0.18589483,0.21168883,0.19129547
0.204053,0.20817494,0.18647283,0.20825067,0.19304857
0.204267,0.21034917,0.18528537,0.20861791,0.19148056
0.20596606,0.20753619,0.18432418,0.21003285,0.19214073
0.2069429,0.20480947,0.18504722,0.21045613,0.19274428
0.19860522,0.21205099,0.18654181,0.20975584,0.19304612
0.20233351,0.2080311,0.18533352,0.21128505,0.19301681
0.20337832,0.20772575,0.18660808,0.2091902,0.19309767
0.20391424,0.21090811,0.18496025,0.207979,0.19223839
0.20762156,0.20764804,0.1843483,0.20898177,0.19140033
0.20187019,0.21069875,0.1834856,0.21363436,0.19031106
0.20169063,0.21038951,0.18686394,0.20812799,0.19292794
0.20391558,0.20695588,0.18452351,0.2116324,0.19297263
0.20157677,0.21240225,0.18533276,0.20843282,0.19225538
0.20579386,0.2071985,0.18375179,0.21141975,0.19183613
0.19547875,0.21471585,0.1884187,0.20764099,0.19374572
0.2022314,0.21074004,0.18545799,0.20888904,0.19268152
0.20381086,0.20801508,0.18630737,0.20949458,0.19237211
0.20470212,0.20672452,0.18627651,0.20907886,0.193218
0.20569918,0.20743614,0.18371,0.21131863,0.19183607
0.19716787,0.21052079,0.18805623,0.21074685,0.19350821
0.20046769,0.211035,0.18685405,0.20846248,0.1931808
0.20294955,0.20936547,0.18497714,0.21010973,0.1925981
0.20808342,0.20228606,0.18485934,0.21201636,0.19275486
0.2078371,0.20675012,0.18327032,0.21101823,0.19112423
0.1992696,0.21063031,0.18744384,0.21039215,0.19226405
0.20286697,0.20726451,0.18758024,0.20776716,0.19452113
0.20487733,0.20685558,0.18408282,0.21195361,0.19223073
0.20428087,0.20833991,0.18593228,0.20834976,0.19309714
0.21046592,0.19937398,0.18419912,0.21307188,0.1928891
0.20239393,0.2075823,0.18346664,0.21536762,0.19118953
0.20407481,0.20406978,0.18690789,0.21092337,0.19402415
0.20752783,0.20370343,0.18593274,0.2092975,0.19353847
0.20670101,0.20536059,0.18449599,0.21078476,0.19265759
0.21034819,0.20189865,0.18293238,0.21285723,0.19196352
0.19970754,0.21074967,0.1849786,0.21256737,0.19199684
0.20300156,0.20653921,0.18683836,0.21010889,0.19351198
0.20416786,0.20765743,0.18688336,0.20762576,0.19366556
0.20403455,0.20867257,0.18586613,0.20876667,0.19266006
0.20649815,0.20604196,0.18515505,0.20959646,0.1927084
0.19796175,0.21437521,0.18885987,0.206269,0.19253415
0.20500623,0.20586503,0.18623911,0.20987701,0.19301261
0.20497094,0.20640443,0.18636367,0.20912683,0.19313414
0.20420414,0.21186614,0.18640953,0.20528276,0.19223742
0.2095467,0.20253277,0.18423808,0.2111266,0.19255589
0.1987104,0.20984323,0.1886736,0.2090109,0.19376189
0.20237364,0.20802554,0.18709488,0.20818089,0.19432507
0.20545313,0.2065419,0.18605913,0.20846976,0.1934761
0.20469107,0.2102608,0.18534638,0.20739576,0.19230597
0.20953861,0.20344716,0.18439595,0.21026374,0.19235452
0.19787419,0.21046446,0.18984017,0.20731948,0.19450167
0.2020153,0.20873527,0.18794496,0.20664126,0.19466327
0.20536144,0.20405418,0.18599226,0.21068709,0.19390501
0.20819806,0.2032318,0.1838086,0.21193185,0.19282968
0.20884944,0.19982135,0.18532741,0.21269654,0.19330527
0.19868316,0.20817716,0.1888109,0.21023129,0.1940975
0.20197205,0.20715615,0.18947737,0.2063932,0.19500121
0.20907284,0.1997056,0.18624663,0.21147805,0.1934969
0.20876358,0.20472991,0.18465951,0.20945127,0.19239573
0.20883103,0.20128414,0.18599653,0.21021461,0.19367369
0.19822669,0.20968683,0.18968497,0.20807418,0.19432732
0.2010203,0.20401321,0.18813182,0.21062247,0.19621219
0.20708036,0.20066334,0.1865213,0.21139003,0.194345
0.21078241,0.20039432,0.18396293,0.2123703,0.19249004
0.20757374,0.20415814,0.18665841,0.20766114,0.1939486
0.19957389,0.20495744,0.18746379,0.21408015,0.19392473
0.2022279,0.20469822,0.18885808,0.2086811,0.19553468
0.21304785,0.19700551,0.18466403,0.21172458,0.19355805
0.20709446,0.20410967,0.18565255,0.2097139,0.19342941
0.20262463,0.20702189,0.1865982,0.21025912,0.19349614
0.19730547,0.20732221,0.18991064,0.21024023,0.19522148
0.2013409,0.20418204,0.19060567,0.20730649,0.19656493
0.20649378,0.20661491,0.18547472,0.2086241,0.19279249
0.21558225,0.19711907,0.18389505,0.21150844,0.19189522
0.20563762,0.20929989,0.1841632,0.20865466,0.19224462
0.20090443,0.20371483,0.18675661,0.21448168,0.19414243
0.20475683,0.20236416,0.18881218,0.20846373,0.19560304
0.20156462,0.21112536,0.18834673,0.20492387,0.19403937
0.20639989,0.205538,0.18680154,0.20718852,0.19407207
0.21455105,0.19998614,0.18434484,0.20893125,0.1921867
0.19692288,0.2052159,0.18992557,0.21187626,0.1960594
0.20392743,0.20352176,0.18880285,0.20795675,0.1957912
0.21461491,0.19853322,0.18207452,0.21369371,0.19108362
0.20505565,0.20489499,0.1868838,0.20863536,0.19453022
0.21832973,0.1921588,0.18485686,0.2120201,0.19263452
0.19875082,0.2096618,0.19107673,0.2060438,0.1944668
0.3588338,0.21238041,0.009657725,0.23682185,0.18230623
0.2218729,0.19049405,0.17909329,0.21802439,0.19051538
0.20933916,0.20544788,0.1865135,0.20618936,0.1925101
0.21320626,0.2012225,0.18195885,0.21229914,0.19131327
0.19984867,0.20628193,0.18923523,0.21090715,0.19372699
0.20642848,0.20573194,0.1861528,0.2084853,0.19320153
0.21493126,0.19771019,0.18121777,0.21500269,0.19113812
0.21826588,0.19557752,0.182765,0.21193942,0.1914522
0.21481271,0.19636847,0.18556476,0.20986463,0.19338943
0.1988986,0.20487939,0.18781406,0.21360585,0.1948021
0.20225452,0.20682262,0.18823898,0.2078438,0.19484007
0.21263756,0.20075686,0.18459307,0.21006688,0.19194558
0.2188833,0.19477731,0.18337254,0.21158388,0.19138296
0.21147984,0.20210694,0.18567027,0.20776838,0.19297457
0.20493488,0.19804059,0.1839235,0.21999544,0.1931056
0.2014055,0.20926209,0.19017877,0.2039332,0.19522047
0.20968305,0.20741855,0.18584229,0.2056764,0.19137971
0.21203102,0.20066103,0.1853744,0.20918311,0.19275045
0.21763662,0.19562203,0.18371111,0.21082105,0.19220923
0.19920725,0.20509225,0.18964344,0.21092044,0.19513655
0.20426942,0.20561561,0.18856843,0.2065576,0.19498897
0.21378198,0.2011699,0.18434726,0.20932756,0.19137329
0.21174376,0.20063722,0.18663877,0.20828965,0.19269061
0.21601197,0.1976641,0.18541093,0.20872648,0.19218653
0.20089014,0.20726871,0.18715706,0.211443,0.1932411
0.21334684,0.19714583,0.18657354,0.20957828,0.19335552
0.21239464,0.20320982,0.18614642,0.20628136,0.19196773
0.21827038,0.19320564,0.18416128,0.21199991,0.19236282
0.21541789,0.1976699,0.18575968,0.20924547,0.19190702
0.20046939,0.20666353,0.18746223,0.2118892,0.1935156
0.20924121,0.2006151,0.18810402,0.20803976,0.1939999
0.21525659,0.20177433,0.18401262,0.20791069,0.19104578
0.21549663,0.19852683,0.18498315,0.2091011,0.19189228
0.22454211,0.190741,0.18260509,0.21110773,0.19100408
0.19917944,0.20758246,0.18809411,0.2112872,0.19385675
0.21170524,0.2023947,0.18711214,0.20606603,0.19272192
0.21624684,0.19856517,0.18436617,0.2100761,0.19074577
0.22284892,0.19367024,0.1828128,0.21020588,0.19046213
0.22392482,0.1894265,0.18315242,0.21233027,0.19116601
0.20673934,0.1988282,0.18471129,0.2181763,0.19154486
0.21053596,0.19751361,0.18768856,0.21110012,0.19316174
0.21619871,0.19729002,0.18644215,0.20769608,0.19237307
0.22787127,0.18604918,0.18134478,0.21515451,0.18958023
0.22907695,0.18879396,0.1801346,0.21288586,0.18910867
0.20431353,0.19524154,0.18572906,0.22154579,0.1931701
0.21936439,0.19655277,0.18339173,0.21048376,0.19020733
0.22106813,0.19522463,0.1844597,0.20862043,0.19062711
0.21698904,0.20156398,0.18304066,0.20875722,0.1896491
0.22537135,0.19266413,0.17965564,0.21353407,0.18877484
0.20087844,0.20310213,0.18840185,0.21349013,0.19412746
0.21588826,0.20150766,0.18333256,0.20899905,0.19027248
0.21999887,0.19847456,0.18341847,0.20858338,0.18952473
0.21875581,0.19892761,0.18549104,0.20727114,0.18955436
0.2323848,0.1879883,0.17699447,0.215595,0.18703741
0.20567979,0.20339741,0.18566446,0.2136578,0.19160053
0.20894006,0.19455072,0.19048217,0.21256252,0.19346455
0.20662007,0.19254585,0.1910887,0.21253674,0.19720864
0.20709336,0.19314982,0.18964541,0.21265043,0.19746098
0.20800129,0.19264172,0.19030434,0.21106571,0.19798695
0.20779985,0.18846712,0.18983637,0.21395287,0.1999438
0.20847242,0.19969305,0.19041413,0.20899028,0.19243011
0.20658323,0.20024028,0.18850946,0.21022499,0.19444206
0.20612814,0.19613029,0.18917367,0.21192907,0.19663887
0.20585705,0.19610672,0.19008712,0.21083373,0.19711538
0.20797554,0.19070733,0.18760714,0.21479522,0.19891478
0.20907378,0.19644506,0.1898525,0.21079372,0.1938349
0.2048974,0.20324308,0.19007401,0.20761931,0.1941662
0.20471185,0.19989589,0.1900809,0.2098739,0.19543746
0.2035267,0.20495582,0.1901788,0.2067231,0.19461551
0.20613876,0.19783217,0.1881147,0.21188894,0.19602548
0.20622909,0.20441604,0.19060452,0.20725226,0.19149809
0.20429449,0.20640992,0.18923862,0.2078856,0.19217135
0.20492183,0.20063445,0.18874502,0.21103466,0.19466405
0.20634283,0.19703245,0.18661457,0.21432362,0.19568655
0.20578204,0.19761732,0.1873315,0.21333978,0.19592938
0.20761028,0.2035466,0.18822983,0.20996432,0.19064899
0.20400734,0.20503265,0.18847387,0.21009913,0.19238698
0.2060645,0.2015656,0.18834983,0.20931593,0.19470413
0.20427321,0.20495093,0.18872546,0.20796679,0.1940836
0.20548284,0.20113245,0.18810204,0.21044014,0.19484253
0.20791502,0.2060263,0.18834093,0.20752527,0.19019242
0.20361023,0.20403926,0.18780716,0.21213438,0.19240898
0.20335953,0.20693588,0.18940143,0.20677802,0.19352514
0.2038408,0.20253173,0.18903089,0.20985338,0.19474325
0.20495285,0.20157556,0.1867353,0.21244119,0.19429506
0.20602714,0.20460622,0.18859114,0.20954044,0.19123504
0.20492189,0.2012704,0.1869705,0.21345645,0.19338077
0.20513667,0.20131269,0.18807673,0.21212502,0.19334893
0.20452331,0.20149478,0.1865578,0.21325316,0.19417098
0.20407388,0.20334607,0.18737744,0.21138926,0.19381338
0.20583582,0.20734435,0.18796931,0.2092948,0.1895557
0.2033868,0.20691685,0.18904822,0.208734,0.19191414
0.20191741,0.20851988,0.18843968,0.20871425,0.1924088
0.2029878,0.20566961,0.18776342,0.21062885,0.1929503
0.20363149,0.2065847,0.18789099,0.2091652,0.19272766
0.20500027,0.20624357,0.18727824,0.21172757,0.18975037
0.20247267,0.207996,0.18870091,0.20920745,0.19162297
0.20438762,0.20330612,0.18695523,0.21195264,0.19339837
0.20293249,0.20759726,0.18798955,0.20870404,0.19277665
0.20194241,0.20647047,0.18942945,0.20850372,0.19365396
0.204954,0.20687744,0.18847886,0.20963919,0.1900505
0.20264988,0.20721577,0.18874195,0.20920588,0.19218656
0.20229082,0.20669301,0.18812549,0.2094448,0.19344586
0.20300168,0.20925935,0.1872982,0.20892301,0.19151779
0.20251402,0.209459,0.18793856,0.20791034,0.1921781
0.20447768,0.21244681,0.18925373,0.20473433,0.18908745
0.20173614,0.21204731,0.18800074,0.2078745,0.19034132
0.20170946,0.21090557,0.18760625,0.20887092,0.19090779
0.20107917,0.2098835,0.1864525,0.2109174,0.19166742
0.20109567,0.2113907,0.18763538,0.2086599,0.19121836
0.20338021,0.20927365,0.18737777,0.21051058,0.18945776
0.20181897,0.20990255,0.18723571,0.21029097,0.19075182
0.20280723,0.20756637,0.18624006,0.21143486,0.19195145
0.2007997,0.20891643,0.1878893,0.20949729,0.19289732
0.2028263,0.20940301,0.18726538,0.2085417,0.1919636
0.2041984,0.2097089,0.18638206,0.21051663,0.18919404
0.20142853,0.20942365,0.18807048,0.20944735,0.19162999
0.1977337,0.21310607,0.19082433,0.20601587,0.19232002
0.19983697,0.21474193,0.18988791,0.20384248,0.19169071
0.1985239,0.21421798,0.1904406,0.20478444,0.1920331
0.20388979,0.20925118,0.18710078,0.21005367,0.18970458
0.1999685,0.2113306,0.18751864,0.21050788,0.1906744
0.1994808,0.21021613,0.18799347,0.2103091,0.19200052
0.20104697,0.21115407,0.18728665,0.20895335,0.19155896
0.19864854,0.21509208,0.18926513,0.20528579,0.19170848
0.2034475,0.21174043,0.18638572,0.20981005,0.18861634
0.19863307,0.2117395,0.18911147,0.20913675,0.1913792
0.19918966,0.21111539,0.18773916,0.2102119,0.19174391
0.19940177,0.2132395,0.18967737,0.20536196,0.1923194
0.19922853,0.21021104,0.18858431,0.20934139,0.19263473
0.20157158,0.21314238,0.18986015,0.20541492,0.19001094
0.19984385,0.21007934,0.18946841,0.20857659,0.1920318
0.20055966,0.20946662,0.1884922,0.20908588,0.19239563
0.20006913,0.21235679,0.18827668,0.20738542,0.19191204
0.19988509,0.21146002,0.18862943,0.207578,0.19244747
0.2036807,0.2086809,0.18538374,0.21318437,0.18907031
0.19838385,0.21437205,0.18968987,0.20626786,0.19128636
0.20062733,0.2109401,0.18618473,0.21105042,0.19119743
0.19927359,0.20958929,0.18749195,0.21083666,0.19280851
0.19896697,0.21071328,0.18873246,0.20829743,0.19328983
0.20146887,0.21247911,0.18901089,0.20700063,0.19004042
0.19961262,0.21024491,0.18873754,0.2091153,0.19228967
0.19916953,0.21076201,0.189117,0.20809078,0.19286066
0.20076771,0.21063958,0.18541418,0.21149531,0.19168319
0.1988067,0.21271195,0.18892384,0.20702438,0.19253315
0.20103657,0.21320933,0.18827365,0.20767888,0.18980154
0.19813173,0.21094286,0.18905126,0.20926638,0.19260783
0.1994339,0.21038438,0.18809797,0.20930916,0.19277453
0.19904551,0.21069355,0.1896044,0.20747411,0.19318241
0.19869724,0.2101809,0.18840457,0.20930086,0.19341642
0.2007737,0.2131959,0.18969257,0.20612675,0.19021106
0.19688001,0.21005476,0.18869035,0.21194784,0.19242702
0.19777071,0.21162361,0.18962136,0.20800982,0.19297448
0.19785313,0.21376327,0.18971725,0.20628841,0.19237794
0.19871567,0.21094821,0.18763013,0.20986216,0.1928439
0.20123994,0.2133259,0.18758655,0.20781258,0.19003507
0.1987095,0.21200554,0.18889351,0.20821503,0.19217637
0.19744998,0.21330693,0.19012676,0.206235,0.1928813
0.19649178,0.21278295,0.19219325,0.20416853,0.19436353
0.1981392,0.21322931,0.1883459,0.20780593,0.19247964
0.20091696,0.20984177,0.18922652,0.20901231,0.19100241
0.19754454,0.21281832,0.18887255,0.20838438,0.19238022
0.19863445,0.21428712,0.18899056,0.20584841,0.1922395
0.196577,0.21283545,0.1910492,0.20559588,0.19394246
0.19528365,0.2141498,0.19289748,0.20318909,0.19447999
0.19936772,0.21235326,0.18914075,0.20801151,0.19112682
0.19591644,0.21236648,0.19183618,0.20579924,0.19408166
0.19693156,0.21105206,0.19008124,0.20827314,0.193662
0.1960158,0.21325645,0.18992297,0.2072203,0.19358447
0.19737083,0.21241312,0.1885582,0.20856106,0.19309674
0.19999197,0.21386756,0.1891013,0.20630467,0.19073449
0.19683878,0.21059182,0.18940458,0.21004614,0.19311869
0.19616313,0.2126773,0.1910132,0.20633654,0.19380982
0.19711976,0.21411267,0.18911263,0.20714638,0.19250855
0.19739608,0.21400762,0.18895438,0.20699513,0.19264683
0.19915166,0.2123792,0.18857045,0.20870486,0.19119382
0.19623677,0.21463086,0.19118068,0.20497145,0.19298024
0.19643521,0.21489897,0.19002175,0.20535779,0.19328631
0.19570677,0.21401802,0.19052765,0.20606305,0.19368453
0.19506146,0.21311721,0.1909556,0.20636131,0.19450442
0.20014095,0.2105305,0.18606369,0.21269932,0.19056553
0.19327535,0.21124035,0.19225831,0.20795561,0.19527036
0.19521172,0.21431845,0.19124101,0.20470795,0.19452088
0.19894277,0.21100616,0.19001397,0.20777279,0.19226432
0.19709687,0.21076666,0.18801133,0.21072398,0.19340114
0.1986534,0.21203017,0.19056815,0.20634964,0.19239862
0.1970361,0.21156146,0.18853347,0.2096526,0.19321638
0.1962138,0.21254036,0.18885243,0.20889372,0.19349967
0.19487469,0.21362889,0.19150355,0.20544446,0.19454837
0.19728583,0.21142589,0.18988732,0.20868525,0.19271573
0.1928185,0.18173309,0.20078799,0.22551844,0.19914198
0.19506246,0.21033478,0.19205381,0.20749176,0.1950572
0.19614646,0.20981012,0.19159767,0.20835514,0.19409059
0.19534172,0.21349686,0.1904537,0.20665906,0.1940487
0.1961757,0.21234371,0.18974802,0.20745474,0.19427785
0.19700354,0.20909274,0.18997058,0.21056113,0.19337204
0.19457261,0.2090961,0.19401045,0.206946,0.19537485
0.1970962,0.21090838,0.19055636,0.2083449,0.19309412
0.19600292,0.21325321,0.19128966,0.20497881,0.19447541
0.19590908,0.21411593,0.19367157,0.20122859,0.19507486
0.19858867,0.21151422,0.1900258,0.20703337,0.19283798
0.1954298,0.21177022,0.1920672,0.20645568,0.19427706
0.19572015,0.21282724,0.19325766,0.20401579,0.19417916
0.194779,0.21340124,0.19446972,0.202444,0.19490607
0.19526538,0.2118344,0.19291446,0.20522392,0.19476183
0.1975769,0.21389042,0.19077879,0.20476468,0.19298919
0.1949686,0.20928603,0.19309631,0.20729771,0.19535135
0.1944851,0.21061054,0.19412304,0.20493975,0.19584155
0.19580162,0.2119481,0.1911251,0.20690222,0.194223
0.19577739,0.21208356,0.19216485,0.20554258,0.19443163
0.19526325,0.20971383,0.19195952,0.20842938,0.19463404
0.19429073,0.2109636,0.19419707,0.20501576,0.1955328
0.19436388,0.212256,0.19402845,0.20400815,0.19534352
0.19777808,0.20988245,0.19060785,0.20830522,0.19342639
0.19616823,0.20964618,0.19212778,0.20717493,0.19488291
0.19672027,0.20696785,0.191041,0.21152961,0.19374132
0.19539349,0.20762408,0.19181186,0.21037613,0.19479446
0.1952303,0.2093064,0.19271977,0.20746343,0.1952801
0.19430828,0.21246856,0.19285764,0.2056991,0.19466643
0.19587573,0.21326075,0.19288638,0.20395552,0.19402161
0.19482984,0.20897382,0.19237512,0.20896488,0.19485636
0.19597371,0.20782034,0.19136357,0.21077289,0.19406949
0.19679572,0.20836289,0.19024685,0.21053666,0.1940578
0.19689216,0.2106029,0.1916873,0.20687678,0.1939409
0.19734119,0.20933264,0.19084844,0.20813201,0.19434574
0.19700892,0.20841303,0.18909867,0.21256548,0.19291389
0.19594398,0.20805477,0.19239347,0.20901528,0.19459252
0.19531405,0.20920996,0.19378605,0.20706223,0.1946277
0.19619268,0.20960888,0.18963581,0.21077009,0.19379248
0.19482867,0.21226664,0.19191875,0.20633745,0.19464849
0.19620197,0.21005842,0.1911013,0.2092129,0.19342542
0.19485883,0.2106903,0.19200256,0.20760557,0.19484267
0.196294,0.20963469,0.19110812,0.2089538,0.19400947
0.19371767,0.21176545,0.19357844,0.20531164,0.19562677
0.19457118,0.21245727,0.19453953,0.20322312,0.19520888
0.1952987,0.20810577,0.19260879,0.20861192,0.19537482
0.19663061,0.20751235,0.19243386,0.20847218,0.194951
0.19491734,0.21016797,0.19380696,0.20559078,0.19551694
0.19452643,0.21305297,0.19365938,0.2040565,0.19470473
0.19774035,0.20832326,0.19041672,0.20985818,0.19366147
0.19598325,0.20982487,0.19325545,0.20593531,0.1950011
0.193743,0.21030423,0.19224389,0.20833893,0.1953699
0.19555591,0.210941,0.19355546,0.20557345,0.19437419
0.19778731,0.20715101,0.19263257,0.20814784,0.1942813
0.19567624,0.20926291,0.19302657,0.20694694,0.19508734
0.19516158,0.20804244,0.1936538,0.2076102,0.19553195
0.19452399,0.21001919,0.19456336,0.20539008,0.19550334
0.19876574,0.204842,0.1913715,0.21057591,0.19444482
0.19649988,0.20952682,0.19139403,0.20864438,0.19393486
0.19731472,0.21018977,0.1921493,0.20600149,0.19434471
0.19498454,0.21201098,0.19560064,0.2023926,0.19501124
0.1947254,0.21092558,0.19496566,0.20347895,0.19590442
0.19727744,0.20946294,0.19325228,0.20563819,0.19436912
0.19689481,0.2083109,0.19338982,0.20639475,0.19500971
0.19575079,0.20845796,0.193739,0.20624657,0.19580565
0.19365211,0.21018733,0.1943082,0.20579119,0.1960612
0.196481,0.20666055,0.19497356,0.20623846,0.19564645
0.19347355,0.20524484,0.19523287,0.2095889,0.1964599
0.19278818,0.21161193,0.19625555,0.20278051,0.19656383
0.19562075,0.20717362,0.19282919,0.20859659,0.19577982
0.19436774,0.2077829,0.191648,0.21103553,0.19516584
0.19393292,0.2068517,0.19443156,0.20807469,0.19670914
0.19460975,0.2083632,0.1959837,0.20498118,0.19606212
0.19669312,0.21273512,0.19438308,0.2014496,0.19473909
0.19578466,0.20959365,0.19368696,0.20590237,0.19503239
0.19591655,0.20886682,0.1917102,0.2091531,0.19435334
0.19885515,0.20466529,0.1907379,0.21171014,0.19403149
0.19714734,0.2084955,0.19126837,0.2088814,0.1942074
0.19856806,0.20421907,0.19248144,0.21042687,0.19430462
0.19360834,0.21217749,0.19732991,0.1997381,0.19714615
0.1944457,0.20674744,0.19397962,0.20979781,0.19502942
0.19502735,0.20453738,0.194355,0.20944522,0.19663502
0.1941548,0.20834485,0.19577041,0.20472132,0.19700864
0.19865975,0.20867474,0.19093318,0.20746316,0.19426915
0.19333343,0.21029845,0.1954722,0.20411369,0.19678226
0.19432127,0.20809032,0.19217812,0.2099912,0.19541909
0.19482577,0.20793323,0.19378169,0.20752151,0.1959378
0.19803199,0.20666379,0.19123626,0.20921794,0.19485001
0.19587693,0.2085118,0.19389252,0.20620003,0.19551872
0.19506098,0.2104962,0.19569896,0.2022747,0.19646916
0.1963394,0.2067418,0.19375825,0.20826809,0.19489247
0.19358009,0.20676877,0.19631058,0.20552656,0.19781403
0.20005885,0.2035436,0.19276431,0.20827441,0.1953588
0.19534248,0.20939271,0.19359437,0.2058233,0.19584712
0.1988499,0.20625085,0.19153038,0.20838042,0.19498841
0.19494113,0.20812961,0.1932022,0.20764232,0.19608471
0.19586805,0.20655264,0.19591106,0.20529073,0.19637753
0.19881822,0.20408313,0.19268073,0.2092807,0.19513723
0.19838814,0.20461139,0.19247966,0.20913348,0.19538729
0.19604589,0.20934527,0.19276115,0.20674667,0.19510104
0.19737743,0.20610271,0.19279525,0.20963459,0.19409004
0.19418776,0.20996965,0.19540404,0.20400818,0.19643033
0.19381043,0.20791689,0.19383387,0.20746028,0.19697851
0.1974909,0.20483233,0.19261217,0.208778,0.19628663
0.20229329,0.19996615,0.19073169,0.21221994,0.19478896
0.19476877,0.20350708,0.1920808,0.2143583,0.19528508
0.19553584,0.2047676,0.19599076,0.20656201,0.1971438
0.19588211,0.20728002,0.19600981,0.20421673,0.19661129
0.19194412,0.20993121,0.19568971,0.20491737,0.19751757
0.20016329,0.20695172,0.19143143,0.20724314,0.19421043
0.19326346,0.20799787,0.19649605,0.20589754,0.19634509
0.19835566,0.2057386,0.19275226,0.20802027,0.19513318
0.19375351,0.20959765,0.19644491,0.20277035,0.19743356
0.19966303,0.2004556,0.19034472,0.21350345,0.1960332
0.19567838,0.20610297,0.19502297,0.20572887,0.1974668
0.19803114,0.20211665,0.18887709,0.2172578,0.1937173
0.19545984,0.2066424,0.19336905,0.20822486,0.19630387
0.20141484,0.20434809,0.1902137,0.21032554,0.19369781
0.20331591,0.19919759,0.18818165,0.2150197,0.19428518
0.20182987,0.20222631,0.19085084,0.2113754,0.19371761
0.1956654,0.20678276,0.1948216,0.20735957,0.19537072
0.1968063,0.20542721,0.19420391,0.20706022,0.19650237
0.20233804,0.19929703,0.19113389,0.21167822,0.19555281
0.19852683,0.20701851,0.19220877,0.2076896,0.1945563
0.20096824,0.2026863,0.19036861,0.21188164,0.19409521
0.19500837,0.20716904,0.19505303,0.20704703,0.19572255
0.19691561,0.20545015,0.19357823,0.2075355,0.19652052
0.19835399,0.20461671,0.19255173,0.20910987,0.19536774
0.1958087,0.20691487,0.19399413,0.20699579,0.19628654
0.19144168,0.21203783,0.19966315,0.19854254,0.1983148
0.19050913,0.20780382,0.19898733,0.20421691,0.1984828
0.19548331,0.2084103,0.19324379,0.20671837,0.1961442
0.19806692,0.20450965,0.19560723,0.20569795,0.19611827
0.19467972,0.2081004,0.19361514,0.20694028,0.19666451
0.19844945,0.2069004,0.19151795,0.20810656,0.19502564
0.19145882,0.20658715,0.19546078,0.20890574,0.19758749
0.19414206,0.20657557,0.19626689,0.2057045,0.19731095
0.19402249,0.20876811,0.19441171,0.20583925,0.1969584
0.19684455,0.20612074,0.1941793,0.20697209,0.19588333
0.20067027,0.20769626,0.19292316,0.20403741,0.19467288
0.19585493,0.20808491,0.19480374,0.20686215,0.19439425
0.19408312,0.20551895,0.19712466,0.20495273,0.1983205
0.19638763,0.20560603,0.19402494,0.20717365,0.19680771
0.19610533,0.21179944,0.19376108,0.20302287,0.19531123
0.19673601,0.20757724,0.19330767,0.20720288,0.1951762
0.19475733,0.2075346,0.19614443,0.20566489,0.19589877
0.19955485,0.20461988,0.19162616,0.20903935,0.1951598
0.19708605,0.20814922,0.1929451,0.20668419,0.19513541
0.19392343,0.21181178,0.19487451,0.20278959,0.1966007
0.20343482,0.1999539,0.18963102,0.21235326,0.19462702
0.19324385,0.20636444,0.1966987,0.20636402,0.197329
0.19460915,0.2056341,0.19679661,0.20501538,0.1979448
0.20110926,0.20150459,0.19167383,0.2106846,0.19502774
0.19489709,0.2038527,0.19410439,0.21000852,0.19713734
0.19834189,0.20368965,0.19342758,0.20761447,0.1969264
0.19398858,0.20828232,0.19524176,0.20721842,0.19526888
0.19377705,0.20700796,0.19838028,0.20222571,0.19860902
0.1932313,0.20730074,0.1969475,0.20404404,0.19847639
0.19413999,0.20858677,0.19475348,0.20607382,0.19644596
0.19113562,0.20953862,0.19723994,0.2046132,0.19747259
0.1934186,0.20764713,0.19679257,0.20489651,0.19724517
0.19511786,0.20606017,0.1945706,0.20767686,0.19657452
0.20578657,0.19960381,0.18694337,0.21464668,0.19301957
0.20155805,0.20358883,0.19089416,0.20938228,0.19457662
0.19516115,0.20545402,0.19644596,0.20594756,0.19699131
0.19658095,0.20554335,0.19158432,0.2120084,0.19428298
0.19528474,0.20178698,0.19623272,0.2088315,0.19786406
0.19493172,0.20623767,0.19749177,0.20373212,0.19760677
0.20134248,0.19581735,0.19178928,0.2143195,0.1967314
0.19858444,0.20457223,0.19164568,0.21068235,0.19451526
0.19470806,0.20723972,0.19667573,0.20598565,0.1953908
0.19263317,0.2062202,0.1980488,0.20545985,0.197638
0.19745469,0.20375074,0.1919569,0.21127337,0.19556431
0.194106,0.20938033,0.19493353,0.20501535,0.1965648
0.2023613,0.19981137,0.1890474,0.21431902,0.19446094
0.1962259,0.20617247,0.19514392,0.20677295,0.19568478
0.19624831,0.20004585,0.19529034,0.21072373,0.19769177
0.19436064,0.20871316,0.1973066,0.20249557,0.19712397
0.19803646,0.20045331,0.19496305,0.20985651,0.1966907
0.20654356,0.19965442,0.18910891,0.21234138,0.19235174
0.19559433,0.20676826,0.19498573,0.20720182,0.19544984
0.19430517,0.20757404,0.19501153,0.20590846,0.1972008
0.18997453,0.21022753,0.19835608,0.20303504,0.19840682
0.19439831,0.2068998,0.19496281,0.20697492,0.19676411
0.20219895,0.19794461,0.19030218,0.21417318,0.19538108
0.19480357,0.20351872,0.19439983,0.21106623,0.19621164
0.19511014,0.20605692,0.19591035,0.20508897,0.19783361
0.19323328,0.20650508,0.19727662,0.20542158,0.19756345
0.19447097,0.20427985,0.19649978,0.20654538,0.19820404
0.19844331,0.21035062,0.19288225,0.20398298,0.19434088
0.19312665,0.20721962,0.19695109,0.20642193,0.19628076
0.19533004,0.20642902,0.19407235,0.20713027,0.19703832
0.19684789,0.20675711,0.19246992,0.20815529,0.19576974
0.19476925,0.20657168,0.19394791,0.20780598,0.19690521
0.1986496,0.20404623,0.19325642,0.2084612,0.19558653
0.19359334,0.20461978,0.19617404,0.20892031,0.19669254
0.19405806,0.20504348,0.19738717,0.20494117,0.19857018
0.19921665,0.20095788,0.1929066,0.21021657,0.19670232
0.19565023,0.20649248,0.19590475,0.20501852,0.19693398
0.19958721,0.20300962,0.19040965,0.2116812,0.19531229
0.19434701,0.20315737,0.19425106,0.21270977,0.19553477
0.19596165,0.20465238,0.19555807,0.20671874,0.1971092
0.19467899,0.20937693,0.19801497,0.20121354,0.19671553
0.1977258,0.2057568,0.19553456,0.20431414,0.19666873
0.19745502,0.20181008,0.19428377,0.20963489,0.19681624
0.19467069,0.20173794,0.1939171,0.21305753,0.19661674
0.19964725,0.20058534,0.19353878,0.21093597,0.19529267
0.20183405,0.2001766,0.19136015,0.21169017,0.19493905
0.20316468,0.20054446,0.19145806,0.21050227,0.19433048
0.20005839,0.1989472,0.19381653,0.21145248,0.19572538
0.19581892,0.20062745,0.19171154,0.21565393,0.19618818
0.19649796,0.20512131,0.19369073,0.20875621,0.19593379
0.1928649,0.206221,0.1991441,0.20347475,0.19829524
0.20155664,0.1983695,0.1890931,0.21611838,0.19486243
0.19696255,0.20636544,0.19440266,0.20644937,0.19581999
0.19811721,0.20462961,0.19186682,0.21245405,0.1929323
0.19352031,0.20425308,0.19702812,0.20665233,0.19854619
0.19632953,0.20561726,0.19465417,0.20698902,0.19641002
0.19802082,0.20478083,0.19483657,0.20633577,0.19602606
0.19873874,0.20230557,0.19132206,0.2124194,0.1952142
0.18951844,0.20734166,0.20077151,0.20450349,0.19786489
0.20219207,0.20042388,0.1928627,0.20973675,0.19478457
0.20049101,0.20280421,0.19139065,0.21056539,0.19474877
0.19883932,0.20423041,0.19515647,0.20582502,0.19594876
0.20140952,0.20003547,0.19357514,0.20875552,0.19622439
0.197347,0.20291033,0.19147508,0.21416344,0.19410414
0.19430783,0.2062217,0.19728938,0.20478208,0.19739904
0.19598034,0.20632394,0.19395414,0.20718066,0.19656093
0.20349276,0.19833444,0.19195363,0.21161689,0.1946023
0.19017322,0.21135792,0.20146066,0.19753736,0.19947085
0.19508195,0.20367345,0.19528562,0.2094455,0.1965135
0.19546412,0.20524165,0.19472107,0.2081814,0.19639179
0.19776186,0.20371187,0.19218019,0.21080981,0.19553626
0.19607319,0.20601615,0.19623725,0.20542833,0.19624506
0.19966526,0.20364429,0.19538462,0.2059301,0.19537574
0.19388835,0.20687722,0.197375,0.2054715,0.19638795
0.19389161,0.20258231,0.19516475,0.21078318,0.19757809
0.1956537,0.20902091,0.19539191,0.2042709,0.19566253
0.20337802,0.20294732,0.19146943,0.20889975,0.19330552
0.20268486,0.1989683,0.19286588,0.2103963,0.19508465
0.19573866,0.20361409,0.1935398,0.21191366,0.1951938
0.19841725,0.19852999,0.19450346,0.21042982,0.19811948
0.19820893,0.2036584,0.194903,0.20689192,0.19633774
0.19837569,0.19905698,0.19387999,0.21118528,0.19750208
0.1949692,0.20594934,0.19544482,0.20732263,0.19631399
0.18750481,0.20501019,0.19591478,0.21349353,0.1980767
0.19682103,0.20627859,0.1965637,0.20359945,0.19673719
0.20267683,0.19840346,0.19310102,0.21056949,0.19524917
0.19850297,0.20099232,0.19458851,0.20904106,0.19687511
0.19658335,0.20423649,0.19524413,0.20730503,0.19663098
0.19239585,0.20819739,0.19728152,0.20482576,0.19729951
0.19243182,0.20518777,0.19848293,0.20505573,0.19884175
0.19546092,0.20503406,0.19418782,0.20884179,0.19647542
0.19942388,0.2039213,0.19280803,0.2085254,0.1953214
0.19711351,0.20566997,0.19571945,0.20532519,0.1961719
0.19318567,0.20448798,0.19428381,0.21227308,0.19576947
0.19809131,0.20333597,0.19436304,0.20848452,0.19572519
0.19919458,0.20428798,0.19662945,0.2038442,0.19604383
0.19759919,0.20243928,0.19266847,0.21119481,0.19609827
0.19583449,0.20376742,0.19500776,0.20893046,0.19645981
0.19105,0.20730707,0.19747572,0.20776743,0.1963998
0.20157634,0.19454025,0.19409089,0.2130019,0.19679059
0.20217577,0.19744214,0.1936085,0.21163867,0.19513495
0.19574137,0.20263562,0.19708414,0.2068402,0.19769868
0.19701722,0.20206477,0.19758047,0.20587254,0.19746497
0.19719309,0.20202293,0.19534947,0.21092506,0.19450945
0.206646,0.1937441,0.19198465,0.2129592,0.19466604
0.20404936,0.19142513,0.19263148,0.21615507,0.19573893
0.19273715,0.20624526,0.1974739,0.2053038,0.19823991
0.21173893,0.19025156,0.1885618,0.21491331,0.19453445
0.19488631,0.20499018,0.19425152,0.21062839,0.19524361
0.19540301,0.20148215,0.19582479,0.209957,0.19733304
0.20168969,0.2008072,0.1919252,0.21094897,0.19462892
0.22067593,0.18203485,0.18608636,0.21930744,0.19189546
0.20139341,0.2028627,0.19477999,0.20609275,0.19487117
0.19234084,0.20618795,0.19627205,0.20859952,0.1965996
0.20015305,0.1981639,0.19269168,0.21296784,0.1960235
0.2128663,0.18855217,0.19130607,0.2126788,0.1945967
0.20103501,0.19867301,0.19234405,0.212696,0.19525194
0.19365709,0.20844752,0.19772166,0.20302862,0.19714513
0.1960507,0.20263292,0.19204953,0.21464352,0.19462328
0.19570385,0.2053188,0.19649293,0.20611252,0.1963719
0.21629773,0.18346342,0.19013315,0.2164605,0.19364516
0.1972669,0.20523451,0.19450253,0.2075865,0.19540955
0.20670046,0.19552357,0.19064368,0.21306504,0.19406721
0.19415526,0.20085402,0.19492492,0.21357156,0.1964943
0.20046706,0.19966058,0.1959747,0.20711942,0.19677822
0.1990954,0.19637991,0.19608796,0.21160606,0.19683066
0.1998408,0.2040284,0.19645044,0.20437442,0.1953059
0.21113577,0.18616025,0.19065693,0.21692494,0.19512208
0.1955619,0.20429575,0.19508615,0.2096204,0.1954358
0.2025652,0.19309603,0.1953527,0.21221817,0.1967679
0.20798896,0.19313177,0.19051981,0.21430272,0.19405675
0.19824289,0.20117828,0.19710013,0.207626,0.1958527
0.20386422,0.19255435,0.19290529,0.21442264,0.19625346
0.19309457,0.20522098,0.19680133,0.20914592,0.19573721
0.1992642,0.20168783,0.19642797,0.20673747,0.19588248
0.21296424,0.18430918,0.19040158,0.2172257,0.19509928
0.20862347,0.19240266,0.19144519,0.21403235,0.19349636
0.19825794,0.20004661,0.19494615,0.2106406,0.1961087
0.19130334,0.20355506,0.19733801,0.21159327,0.19621032
0.19515687,0.20784317,0.19723147,0.2031364,0.19663206
0.20552899,0.19395521,0.19330584,0.2122084,0.19500156
0.20910546,0.187212,0.19220717,0.21583098,0.1956444
0.20127496,0.20216857,0.1968636,0.20361868,0.1960742
0.19548003,0.20535389,0.19483232,0.20944409,0.19488966
0.19886331,0.20098887,0.1977931,0.20548593,0.19686875
0.2044314,0.1961917,0.19155346,0.21259014,0.19523329
0.1905706,0.20749706,0.20017946,0.20289062,0.19886227
0.19960506,0.19996259,0.19537745,0.20923126,0.19582362
0.19578588,0.20077689,0.19238494,0.21666317,0.19438915
0.19454373,0.20210148,0.19999817,0.20516618,0.19819047
0.20219171,0.1981363,0.19684236,0.20658107,0.19624855
0.19848531,0.20177898,0.19992317,0.20294715,0.1968654
0.19228506,0.20968816,0.19909911,0.20138434,0.1975433
0.19711813,0.20304057,0.19246759,0.21300663,0.19436708
0.2003414,0.19411695,0.19736153,0.2101203,0.1980598
0.33492643,0.07267157,0.16974466,0.24049671,0.18216066
0.21132159,0.1915724,0.19183882,0.21223667,0.19303048
0.21142049,0.19445588,0.19315849,0.20788284,0.19308233
0.19467108,0.20288824,0.19360657,0.21364962,0.19518454
0.19977047,0.19804214,0.19721623,0.20728628,0.19768485
0.2028802,0.1928182,0.19470686,0.2134188,0.19617595
0.20299484,0.19964662,0.19354197,0.2091257,0.19469091
0.2043611,0.19615413,0.1931907,0.21153706,0.19475695
0.19248143,0.1992431,0.19412442,0.21864972,0.19550137
0.2102839,0.19554326,0.17695205,0.2264679,0.19075285
0.20830108,0.18994786,0.1805609,0.22425014,0.19694002
0.20866404,0.18865533,0.18145406,0.2216796,0.19954695
0.20911987,0.18852086,0.1815475,0.22072285,0.20008892
0.20754285,0.18988365,0.18250796,0.2200374,0.20002817
0.20723122,0.20009682,0.1792177,0.2219507,0.19150357
0.20834182,0.19116905,0.17943498,0.2236263,0.19742781
0.20962791,0.18383452,0.18045923,0.22545229,0.20062605
0.20778647,0.19187254,0.18089412,0.21991502,0.19953187
0.20876127,0.18678366,0.18040748,0.22291312,0.20113446
0.20718625,0.1999941,0.17787825,0.22323953,0.19170189
0.20800595,0.19101009,0.17913425,0.22488014,0.19696957
0.20775735,0.19296458,0.17914021,0.22319432,0.19694352
0.20831391,0.18830293,0.18065752,0.22216564,0.20055996
0.20686369,0.19234823,0.18099031,0.22112176,0.19867602
0.20607269,0.20422289,0.18030974,0.21803993,0.19135477
0.20628068,0.19929671,0.17821343,0.22249469,0.19371442
0.20704901,0.19486372,0.18075474,0.21964101,0.19769149
0.20694709,0.19454178,0.1793074,0.22177221,0.1974315
0.20601508,0.1952168,0.17972638,0.22172809,0.19731373
0.20624755,0.20212756,0.17895761,0.2207051,0.1919622
0.20440306,0.20176099,0.18015794,0.21933442,0.19434358
0.2074891,0.1922658,0.17946367,0.22287454,0.19790691
0.20715201,0.19845924,0.1785746,0.22022912,0.19558507
0.20633851,0.19722904,0.17878897,0.22142199,0.19622152
0.20561172,0.2054534,0.17868972,0.21978092,0.19046424
0.20567271,0.19985645,0.1789426,0.22167923,0.19384903
0.20531076,0.19815415,0.17870149,0.22247933,0.19535427
0.20774263,0.1940542,0.17981136,0.22038206,0.19800973
0.20780519,0.19330347,0.17788003,0.2233563,0.197655
0.20500709,0.20779331,0.17941019,0.217138,0.19065142
0.20386574,0.20492189,0.18008554,0.21765608,0.19347078
0.20503391,0.19669795,0.18007998,0.22200295,0.19618523
0.2058783,0.19729681,0.1798979,0.22003345,0.19689356
0.20465377,0.20175782,0.18109587,0.21675225,0.19574025
0.20538029,0.20412983,0.17916848,0.22053383,0.19078755
0.20443892,0.2011944,0.179523,0.22143394,0.19340977
0.2033563,0.2060462,0.17998666,0.21728347,0.19332737
0.20940597,0.19125229,0.17755848,0.22412314,0.1976601
0.20647138,0.19684021,0.17916991,0.22115184,0.19636664
0.20460188,0.20489067,0.17802116,0.2222274,0.1902589
0.204654,0.20218593,0.18038738,0.21852793,0.19424473
0.20643283,0.19767095,0.17950287,0.22054568,0.19584763
0.20624116,0.1970913,0.18106082,0.21900898,0.19659775
0.2046746,0.20204812,0.17880252,0.21954559,0.1949292
0.20512699,0.20626691,0.17879462,0.21936831,0.19044322
0.20385674,0.20384231,0.17834328,0.22171372,0.192244
0.2050295,0.20226826,0.17926548,0.21885253,0.19458422
0.20522858,0.20126022,0.18053322,0.21752477,0.19545321
0.20529066,0.19901131,0.18169424,0.21728493,0.19671886
0.2055978,0.2040432,0.18005902,0.21835461,0.1919454
0.20301522,0.20623408,0.18152696,0.21595645,0.19326727
0.20521773,0.19804052,0.1801559,0.22108248,0.19550337
0.20443578,0.20326151,0.17995867,0.21775575,0.19458823
0.20503932,0.19936657,0.1796362,0.22001605,0.19594182
0.20259435,0.21119481,0.18070859,0.21580783,0.18969442
0.20144863,0.21067889,0.18227577,0.21340609,0.1921906
0.20373696,0.20159286,0.17990749,0.2203939,0.19436881
0.20584616,0.19910648,0.18087591,0.21843237,0.19573906
0.20664522,0.19831602,0.18085511,0.21782173,0.19636191
0.20385431,0.20911275,0.18183617,0.21425898,0.19093782
0.20233278,0.20692894,0.18103199,0.21708182,0.1926245
0.20601572,0.19801375,0.18119435,0.21863362,0.19614257
0.2054787,0.2026559,0.18049951,0.21626024,0.19510563
0.20523478,0.20061709,0.18076366,0.21759216,0.19579229
0.20300955,0.2079153,0.1822927,0.21526445,0.19151795
0.20127043,0.21036427,0.18323961,0.21225543,0.19287027
0.2046797,0.19910927,0.18128797,0.21888825,0.19603477
0.21676089,0.18893713,0.1793711,0.22578512,0.18914573
0.20387581,0.20210436,0.18063726,0.21803585,0.1953467
0.20423193,0.20426574,0.18199024,0.21651605,0.19299605
0.21025404,0.1995888,0.18138885,0.21977127,0.18899705
0.20219502,0.20680405,0.18056291,0.21694058,0.1934974
0.20152788,0.20455174,0.18320432,0.21510158,0.19561447
0.2037517,0.20120682,0.18187578,0.21701448,0.19615123
0.20107141,0.21072811,0.18487734,0.21147925,0.19184391
0.205466,0.19671988,0.18083164,0.22056778,0.19641463
0.2035981,0.20310278,0.18217586,0.21624893,0.19487436
0.20316488,0.2050077,0.18168238,0.21457204,0.19557302
0.20183808,0.21003248,0.18386938,0.20950054,0.19475955
0.20434318,0.20456967,0.18099535,0.2181211,0.19197072
0.20277719,0.2074618,0.18121296,0.21583337,0.1927147
0.2029239,0.20494686,0.18203664,0.21498676,0.19510584
0.20382698,0.20267525,0.18161294,0.21619697,0.19568789
0.2053568,0.2003581,0.18231392,0.21549058,0.1964806
0.20160954,0.20921913,0.18449728,0.21258213,0.19209196
0.20981266,0.20086518,0.18236127,0.21753441,0.18942642
0.20399223,0.20167673,0.18188983,0.2167078,0.19573338
0.20358773,0.20570649,0.18130435,0.21458158,0.19481988
0.20500967,0.20000935,0.18148923,0.21719646,0.19629528
0.20337725,0.2094836,0.18308046,0.21261002,0.19144867
0.20065601,0.20984282,0.1833905,0.21298552,0.19312517
0.20157018,0.20824482,0.18276778,0.21352582,0.19389142
0.21526396,0.19419453,0.18046132,0.22022854,0.1898517
0.21154831,0.19940495,0.18275727,0.216033,0.19025645
0.2020487,0.20781407,0.1844256,0.21286298,0.19284867
0.2059524,0.20487815,0.18354985,0.21543004,0.19018959
0.20708582,0.20508432,0.18340531,0.21427967,0.19014487
0.20310003,0.20575953,0.18290429,0.2134375,0.19479871
0.20357145,0.20378898,0.1825416,0.21391876,0.19617923
0.20205806,0.21052611,0.18300551,0.21269153,0.19171879
0.20152587,0.20812361,0.18278944,0.2139534,0.19360764
0.20102489,0.20814762,0.1826386,0.21398912,0.1941998
0.20761615,0.20505033,0.18356112,0.2136137,0.19015867
0.20689748,0.2053834,0.18431528,0.21247542,0.19092841
0.20149206,0.20928976,0.18416558,0.21284914,0.19220343
0.20467512,0.2063778,0.18569097,0.21225655,0.19099954
0.2087703,0.20242496,0.18277568,0.21568796,0.19034109
0.20986979,0.20325835,0.1811617,0.21644382,0.18926637
0.20995769,0.20224859,0.1829335,0.21473531,0.19012487
0.20094916,0.20899136,0.18543933,0.21168959,0.19293053
0.20467682,0.20796156,0.18421347,0.21273904,0.19040911
0.20764157,0.20681056,0.18295136,0.21306781,0.18952867
0.20832229,0.20366034,0.18394212,0.21323976,0.19083546
0.21073419,0.20302194,0.18012609,0.21678786,0.18932989
0.20398681,0.20661122,0.18168955,0.21593612,0.19177637
0.20137092,0.2079942,0.18341999,0.21365322,0.19356164
0.20750952,0.20689818,0.18112902,0.21544331,0.18901998
0.20795831,0.20552203,0.18259715,0.21389411,0.1900284
0.20882356,0.20193285,0.1825666,0.21582487,0.19085212
0.20048858,0.21050148,0.18491478,0.21166292,0.19243222
0.20479098,0.20709199,0.18538935,0.21199611,0.1907316
0.20538229,0.2072714,0.18504705,0.21117602,0.19112326
0.20808773,0.20579281,0.18234293,0.21402588,0.18975061
0.20870268,0.20226039,0.1824673,0.21601193,0.19055773
0.201617,0.20773716,0.18506868,0.21280095,0.19277625
0.20674649,0.2071676,0.1825734,0.21398973,0.1895228
0.20519555,0.20854929,0.1840331,0.21183695,0.19038513
0.21005696,0.20150132,0.18233177,0.21537001,0.19073994
0.20436914,0.20719486,0.18544182,0.21150458,0.19148959
0.20089293,0.20597196,0.1854511,0.21457218,0.19311185
0.20092297,0.21061262,0.18671378,0.21006802,0.19168256
0.20593664,0.20460966,0.18367966,0.21463387,0.19114016
0.20495078,0.2083939,0.18379238,0.21265358,0.19020933
0.20591128,0.2056787,0.18314718,0.21467319,0.19058967
0.20144713,0.20951311,0.18443406,0.21280193,0.19180375
0.20394859,0.2071768,0.1841358,0.21385589,0.1908829
0.20468661,0.20966482,0.18425885,0.210831,0.19055869
0.20737864,0.20272012,0.18355897,0.21460098,0.19174132
0.20595987,0.20823517,0.18362975,0.21158591,0.19058934
0.20077838,0.20811412,0.18521382,0.21326832,0.19262536
0.20507316,0.2051323,0.18515067,0.21320099,0.19144286
0.2024329,0.21224809,0.18485971,0.2097277,0.19073157
0.20916776,0.20201579,0.1827432,0.21538119,0.19069205
0.20464204,0.20919165,0.18275599,0.21327403,0.19013627
0.19985972,0.21012165,0.18548939,0.21229231,0.19223692
0.20204216,0.2085944,0.186248,0.21099086,0.19212459
0.20732118,0.20269915,0.18354817,0.21529678,0.19113475
0.20380342,0.20904347,0.18472575,0.21073984,0.19168748
0.20592935,0.20483705,0.18420339,0.21333657,0.19169362
0.19930159,0.208333,0.1867911,0.21212718,0.19344714
0.20147789,0.2092574,0.18611354,0.21099098,0.19216022
0.20367005,0.20563585,0.18521333,0.21323457,0.1922462
0.20539385,0.20685875,0.182837,0.21396662,0.19094378
0.20322047,0.20855047,0.18447189,0.2124017,0.19135547
0.19878106,0.21093825,0.18474148,0.2136736,0.19186564
0.19996199,0.21125896,0.1859353,0.2109265,0.19191721
0.20701422,0.20457326,0.18279254,0.21479486,0.19082516
0.20378487,0.2098054,0.18307112,0.2123929,0.19094576
0.20413439,0.20957147,0.18468882,0.21037881,0.19122653
0.1985555,0.21084535,0.18574853,0.21225692,0.19259372
0.20170413,0.20789015,0.18665847,0.21109809,0.1926492
0.20312402,0.20986117,0.18387653,0.21197702,0.19116125
0.20784146,0.20384279,0.18342488,0.21353325,0.19135758
0.20810428,0.20476092,0.1807504,0.21611845,0.19026594
0.19949643,0.20932478,0.18441126,0.21508533,0.1916822
0.20315,0.2086071,0.18608555,0.2100435,0.1921138
0.2038055,0.2054772,0.18637478,0.21145418,0.19288832
0.20371673,0.20820667,0.18522015,0.21062934,0.19222707
0.20577963,0.20483018,0.18412812,0.2131975,0.1920646
0.19671623,0.21242656,0.18887389,0.20815054,0.1938328
0.19985287,0.210253,0.18614332,0.2108825,0.1928683
0.20333928,0.20853491,0.18476224,0.2113052,0.19205837
0.20690301,0.20604073,0.18356207,0.21239868,0.19109552
0.20507914,0.20563534,0.18436763,0.21302052,0.1918974
0.19629946,0.21025813,0.19059066,0.20810886,0.19474293
0.1998793,0.21129967,0.18571669,0.21086045,0.19224389
0.19996338,0.20947944,0.18717806,0.21067743,0.1927017
0.20235269,0.21047887,0.18455265,0.21122047,0.1913953
0.20405798,0.20845264,0.1848514,0.2108719,0.19176607
0.19755574,0.21006063,0.18766923,0.21104416,0.19367021
0.19976853,0.20791869,0.1887074,0.20931476,0.19429062
0.2014856,0.20912895,0.18650655,0.2098721,0.19300677
0.20523761,0.20714614,0.1823985,0.21427839,0.19093938
0.20577817,0.20803654,0.18398309,0.2108847,0.19131747
0.19738087,0.21033195,0.18785036,0.21079668,0.19364013
0.19979219,0.20859192,0.18844375,0.20878485,0.1943873
0.20123713,0.2094285,0.18679224,0.21010116,0.19244094
0.20304441,0.20575178,0.1862759,0.21167032,0.19325761
0.20673738,0.20513484,0.18186365,0.21567644,0.1905877
0.19904464,0.20757015,0.1883567,0.2117995,0.19322902
0.19993314,0.20855929,0.188247,0.2090799,0.19418062
0.20313074,0.2083605,0.18356374,0.21332736,0.19161767
0.2065996,0.2039245,0.1833628,0.21415813,0.19195494
0.20393597,0.2105362,0.1845722,0.2095429,0.19141272
0.19952436,0.20807277,0.18712272,0.21309628,0.19218385
0.19910806,0.2089381,0.18892421,0.20916276,0.19386683
0.19938351,0.21094765,0.18979023,0.20534302,0.19453566
0.20265752,0.20912424,0.18541119,0.21052109,0.19228591
0.20420769,0.20600663,0.18470204,0.21276458,0.19231905
0.19800389,0.20965888,0.1875367,0.2124211,0.19237942
0.20083171,0.20852312,0.18868722,0.2077346,0.1942234
0.20272617,0.20765384,0.1855392,0.21114756,0.19293325
0.20242381,0.20787305,0.1869043,0.20952567,0.19327313
0.20409837,0.20996684,0.18496099,0.20912814,0.19184566
0.19754818,0.20937951,0.19105265,0.2084905,0.19352914
0.2010844,0.20694819,0.18731444,0.21088032,0.19377261
0.20340188,0.2043573,0.1872599,0.2110952,0.1938857
0.20354174,0.20776328,0.18539765,0.2106441,0.19265321
0.20500346,0.20423768,0.1864752,0.21116589,0.19311783
0.19860888,0.20914488,0.18758844,0.21222721,0.19243057
0.1995703,0.2113583,0.18788375,0.2079629,0.19322474
0.205458,0.20426694,0.18436377,0.21390072,0.19201057
0.20612265,0.20219119,0.18591939,0.21242394,0.19334282
0.20561832,0.20659082,0.18450284,0.21163467,0.19165336
0.19808511,0.20716585,0.18985717,0.21144472,0.19344716
0.20195852,0.20531027,0.18823461,0.21018857,0.19430804
0.20340224,0.20881322,0.1861134,0.20955884,0.19211231
0.20736443,0.20179807,0.18520997,0.21322533,0.19240217
0.2080607,0.20108335,0.18582885,0.21213068,0.19289647
0.19900034,0.20731239,0.18772942,0.21355157,0.19240627
0.19832893,0.20905225,0.19020925,0.2070974,0.19531213
0.20508018,0.20484072,0.18813765,0.20856443,0.19337705
0.20665996,0.20564593,0.18459368,0.21124361,0.19185682
0.2136001,0.19744875,0.18336302,0.21398441,0.19160368
0.19809404,0.21065237,0.18815258,0.21009287,0.19300812
0.20435697,0.20596823,0.18612824,0.21062064,0.19292594
0.20267345,0.20927896,0.18900762,0.20548014,0.19355986
0.20524175,0.20809904,0.18440142,0.21051751,0.1917403
0.20842479,0.2025855,0.18449639,0.21286978,0.19162357
0.19866988,0.2079554,0.18913637,0.21113198,0.1931064
0.19680768,0.21075982,0.19033577,0.20718743,0.19490933
0.20680062,0.20364423,0.18393086,0.21404234,0.19158188
0.20702858,0.20292373,0.18648003,0.21068524,0.1928824
0.21060474,0.20030193,0.18210141,0.21596444,0.19102745
0.19723354,0.20981643,0.19049336,0.20863575,0.19382091
0.2007366,0.20971702,0.18840961,0.20782992,0.19330685
0.20501769,0.205481,0.1848738,0.21214317,0.19248435
0.20624423,0.20342436,0.18674672,0.21049711,0.1930876
0.20643997,0.20534694,0.18382709,0.21281588,0.19157009
0.19856288,0.20948613,0.18916741,0.20962909,0.19315447
0.20324561,0.20478994,0.18902193,0.20875831,0.19418423
0.20451465,0.20656203,0.18541162,0.21143417,0.19207749
0.20587882,0.20426351,0.18585241,0.21117964,0.19282559
0.2071678,0.2037965,0.18464293,0.21270181,0.19169094
0.19925909,0.20516512,0.18876931,0.21375847,0.19304802
0.20381126,0.20327392,0.18748166,0.21179636,0.19363679
0.20630501,0.20479764,0.18462966,0.21276776,0.1914999
0.21302702,0.19702327,0.18344623,0.21445903,0.19204445
0.2051667,0.2065177,0.18467115,0.2117405,0.191904
0.20107117,0.2051234,0.18714549,0.21399412,0.19266586
0.20131359,0.20619504,0.18908067,0.20909294,0.19431773
0.21294977,0.19395523,0.18418062,0.21588582,0.19302858
0.20855181,0.20323823,0.18505988,0.2112719,0.1918782
0.20259592,0.20953451,0.18945,0.20498125,0.1934383
0.19447553,0.20776442,0.19266099,0.20934933,0.19574973
0.20274848,0.20616369,0.18784906,0.20975477,0.19348401
0.2051341,0.20492461,0.18685481,0.21008171,0.19300476
0.20944776,0.19818562,0.18631384,0.21270522,0.1933476
0.20468852,0.205446,0.18610008,0.21157509,0.1921903
0.19922417,0.20797384,0.18854181,0.2119288,0.19233139
0.2018247,0.20592178,0.18725273,0.21157625,0.19342454
0.20858166,0.2007674,0.18518999,0.21310969,0.19235124
0.20709291,0.20191987,0.18638085,0.21120527,0.1934011
0.20571114,0.20651735,0.18449812,0.21145779,0.19181563
0.19694635,0.20718448,0.19272026,0.20841801,0.19473085
0.20397826,0.20419237,0.18892534,0.20880784,0.1940962
0.20918638,0.20137998,0.18321133,0.21460329,0.191619
0.20709509,0.20078914,0.18652286,0.21260412,0.19298877
0.20763132,0.20003164,0.18705252,0.21134923,0.19393529
0.19983253,0.20478699,0.18908432,0.21309319,0.19320296
0.20348857,0.20505942,0.18859698,0.20884147,0.1940136
0.2034167,0.20632818,0.18807873,0.20852447,0.19365187
0.20475,0.2040433,0.18892142,0.20809105,0.19419421
0.2066461,0.20395319,0.18642667,0.2103876,0.19258644
0.19761044,0.2064478,0.18947238,0.2127475,0.1937219
0.1993814,0.21014862,0.18971585,0.20676306,0.19399104
0.20954022,0.198544,0.18487357,0.2143499,0.19269237
0.21121407,0.19610615,0.1871857,0.2124212,0.19307289
0.21120697,0.20002489,0.18381922,0.21372719,0.19122168
0.20061125,0.20570123,0.1880915,0.21309601,0.19250004
0.20735848,0.19849677,0.1878625,0.21236399,0.19391827
0.20891768,0.19867896,0.18713798,0.21164271,0.19362272
0.20878199,0.20279878,0.18643516,0.20972499,0.19225907
0.20845662,0.20043953,0.18774709,0.20999289,0.19336388
0.19731572,0.20473257,0.19080493,0.21284884,0.19429791
0.20197803,0.20413525,0.18955064,0.209898,0.19443803
0.21051116,0.1961069,0.18577439,0.21474893,0.1928586
0.20824695,0.20154092,0.18494824,0.21347907,0.19178484
0.20753355,0.19945648,0.18644807,0.21359274,0.19296919
0.19935974,0.20322204,0.19029684,0.21312821,0.19399317
0.20492896,0.20296945,0.1868611,0.2121639,0.19307663
0.20753421,0.20175728,0.18665494,0.21102504,0.19302851
0.21083952,0.19752501,0.18684705,0.21130192,0.19348654
0.20893921,0.20175238,0.18572673,0.21112747,0.19245419
0.20036466,0.20323458,0.18929459,0.21451145,0.19259469
0.2051258,0.20263635,0.18728073,0.21172623,0.1932309
0.20671262,0.203065,0.18655835,0.2111475,0.19251655
0.20890187,0.19912273,0.18791671,0.21078749,0.19327118
0.21034467,0.19912271,0.1857025,0.21266632,0.19216377
0.20104122,0.20107552,0.18807125,0.21705599,0.19275603
0.21000178,0.1962674,0.18477143,0.21669404,0.19226533
0.2071892,0.20020019,0.18709461,0.21266404,0.1928519
0.20598695,0.20297234,0.18847276,0.20883642,0.19373158
0.20859846,0.20113724,0.18511486,0.21343432,0.19171512
0.19850415,0.20391294,0.1898743,0.21402684,0.19368178
0.20388879,0.20405754,0.18748431,0.21160692,0.19296245
0.21389626,0.19516326,0.1856817,0.21348281,0.19177598
0.20683585,0.20200829,0.18625931,0.21280934,0.19208723
0.21620944,0.1926309,0.18497823,0.2142071,0.19197428
0.1989345,0.20737772,0.1890584,0.21196519,0.19266424
0.21777335,0.18713965,0.18524587,0.21697052,0.19287059
0.2092213,0.20221853,0.18635507,0.20990875,0.19229636
0.21512346,0.19191903,0.18652044,0.21374615,0.19269091
0.21381122,0.19512129,0.1856927,0.21305177,0.19232297
0.20208855,0.19987069,0.18752272,0.2179836,0.19253443
0.20117399,0.20183203,0.19187057,0.20964105,0.19548234
0.20829555,0.19966654,0.18800314,0.21111017,0.19292462
0.21985944,0.18740988,0.18252195,0.2196888,0.19051991
0.20972316,0.19900043,0.18589005,0.21296708,0.19241926
0.20384014,0.19532767,0.18768561,0.22007164,0.19307491
0.2059374,0.20134702,0.19087674,0.20767571,0.19416314
0.22075461,0.18405887,0.18451098,0.21818896,0.19248657
0.2136215,0.19466987,0.18654326,0.21229695,0.19286846
0.21065168,0.19625787,0.1887112,0.21109301,0.19328627
0.20053463,0.20256457,0.18971491,0.21468483,0.19250104
0.20838653,0.19661947,0.18980715,0.21119325,0.19399358
0.20945047,0.19465327,0.1883126,0.21374674,0.19383691
0.21827684,0.18937737,0.18421012,0.21707426,0.19106144
0.21409059,0.19557182,0.18599659,0.21244858,0.19189242
0.2003862,0.20094994,0.1895405,0.2156522,0.19347118
0.21042296,0.19540659,0.18859291,0.21207097,0.19350657
0.21583778,0.19037683,0.18662587,0.21480663,0.1923529
0.21159026,0.19874448,0.18632133,0.21144237,0.19190158
0.21347994,0.19427003,0.18730205,0.21235767,0.19259033
0.2021352,0.20078005,0.1881879,0.21706218,0.19183472
0.20985182,0.19628963,0.18750161,0.21327701,0.1930799
0.2170592,0.1877209,0.18608029,0.2172161,0.19192356
0.2193298,0.1858579,0.18690056,0.21492973,0.19298199
0.21403171,0.19371101,0.18616927,0.21404482,0.19204319
0.20144325,0.20076926,0.1872545,0.21841589,0.19211705
0.20638992,0.20208679,0.18817915,0.21075352,0.19259064
0.21457337,0.1929621,0.18662542,0.21388227,0.19195688
0.21998577,0.18748708,0.18702422,0.21356857,0.19193433
0.22107483,0.18824394,0.1830178,0.21679096,0.19087246
0.2014584,0.20015445,0.18806835,0.21800752,0.19231132
0.20863877,0.19731238,0.1873096,0.21383384,0.1929054
0.22401415,0.18096128,0.18511903,0.21757959,0.19232595
0.22687742,0.18179904,0.18375385,0.21716833,0.19040139
0.21744065,0.19077557,0.18673794,0.21274841,0.19229743
0.19684128,0.20552854,0.19094633,0.21298704,0.19369684
0.21183655,0.19091734,0.19036295,0.21251918,0.19436398
0.21845405,0.18675394,0.18615958,0.21694908,0.19168337
0.21567255,0.19416371,0.18621962,0.21312189,0.1908222
0.22798114,0.1788996,0.18330239,0.21867917,0.19113769
0.1967025,0.2051552,0.1907181,0.21451001,0.19291423
0.22625253,0.17570338,0.18507646,0.2211318,0.19183585
0.21136616,0.20045388,0.18748641,0.20912346,0.1915701
0.23562467,0.17379318,0.18183565,0.2186275,0.19011897
0.23234588,0.17239861,0.18371746,0.22006728,0.1914708
0.20005375,0.20521447,0.18770283,0.21576485,0.19126406
0.20442119,0.19743943,0.19234763,0.21087562,0.19491613
0.22267929,0.18177678,0.18583171,0.21734647,0.19236578
0.22277921,0.18493378,0.18395095,0.2185938,0.18974225
0.22540191,0.1828192,0.18420939,0.2169877,0.19058178
0.19885369,0.19888239,0.18961857,0.2190116,0.19363375
0.21439758,0.18875724,0.18773064,0.21599759,0.19311696
0.21377644,0.19416821,0.18844923,0.21203138,0.19157477
0.22525737,0.18268397,0.18685286,0.21377756,0.19142821
0.21347612,0.1972725,0.18700768,0.2115844,0.19065937
0.19823132,0.20720787,0.1892006,0.21356727,0.19179295
0.21036904,0.19592544,0.18832718,0.2128423,0.19253601
0.22225906,0.18409702,0.18455593,0.21829595,0.19079201
0.22208239,0.18523312,0.18495625,0.21691422,0.19081399
0.21859747,0.19032118,0.18757854,0.21170501,0.19179778
0.19840716,0.20147334,0.19069603,0.21641028,0.19301318
0.21811868,0.1839284,0.18840455,0.21623999,0.19330841
0.21835573,0.18860199,0.18702407,0.21474479,0.19127344
0.222363,0.18120657,0.18788336,0.2158492,0.19269785
0.2166847,0.19202961,0.18621406,0.21437313,0.19069852
0.19834095,0.20102353,0.18844105,0.21984135,0.19235313
0.22441037,0.17835405,0.18554617,0.22051276,0.19117665
0.21386194,0.19093865,0.18816105,0.21564396,0.19139443
0.22198123,0.18608384,0.1867134,0.21432942,0.19089215
0.2263599,0.1812998,0.18529628,0.21689045,0.19015357
0.20260434,0.19420555,0.18691044,0.22366461,0.19261508
0.20904665,0.19563556,0.18988606,0.21209815,0.19333361
0.21597037,0.1911657,0.18827131,0.21261844,0.19197415
0.21689247,0.19233811,0.18565238,0.21497267,0.19014442
0.22286607,0.18627426,0.18205337,0.21992688,0.18887937
0.19769455,0.20271386,0.18549283,0.22237636,0.19172236
0.2126825,0.18764652,0.20522296,0.19076702,0.203681
0.20688832,0.20727015,0.20313856,0.18622126,0.19648172
0.20505992,0.20747095,0.20348623,0.18692385,0.19705907
0.2065989,0.20528828,0.20237742,0.18883,0.1969054
0.20763329,0.20645541,0.19892018,0.19090196,0.19608913
0.20923388,0.19701266,0.20513815,0.18869886,0.19991648
0.20713705,0.2078912,0.20104696,0.1888747,0.19505008
0.20767571,0.20689543,0.20133197,0.1866498,0.19744709
0.2047461,0.2105127,0.20021744,0.18909445,0.19542927
0.20499453,0.20821695,0.20235737,0.18820843,0.19622271
0.20925191,0.20091735,0.200657,0.19197622,0.19719753
0.20379569,0.20806107,0.20092629,0.19118893,0.196028
0.2051357,0.20606405,0.20041016,0.19184604,0.19654402
0.20693772,0.20667146,0.19935119,0.19021666,0.19682296
0.20315823,0.21115206,0.20208304,0.18716113,0.19644558
0.2075798,0.20537487,0.19772941,0.19463761,0.19467829
0.20347972,0.20862146,0.19956413,0.19309443,0.19524023
0.20403184,0.20703153,0.19976993,0.19242416,0.19674256
0.20394012,0.21031651,0.20121516,0.18867207,0.19585612
0.20375268,0.2091942,0.1995798,0.19120863,0.1962647
0.20810525,0.20396309,0.19990133,0.1914109,0.19661939
0.20305339,0.20876183,0.19746244,0.19605732,0.19466503
0.20307174,0.21004039,0.20045897,0.19064,0.1957889
0.20461172,0.20461248,0.19763586,0.1964201,0.1967198
0.2022778,0.2091389,0.20234606,0.18885821,0.19737898
0.20648032,0.20531017,0.20237218,0.1888812,0.19695617
0.20216283,0.21077646,0.1978503,0.19483612,0.19437428
0.2009769,0.21033314,0.20031188,0.19270705,0.19567102
0.20249441,0.20897055,0.20249327,0.18805058,0.19799119
0.20342115,0.21160524,0.20095141,0.1879408,0.19608141
0.20699197,0.20708343,0.20008112,0.19064394,0.19519953
0.20284681,0.21150754,0.19921353,0.19170336,0.19472873
0.20197548,0.21130995,0.20000553,0.19115357,0.19555543
0.20339766,0.20744477,0.20237052,0.18911596,0.19767107
0.2034111,0.21102835,0.19850112,0.19099206,0.1960674
0.20704113,0.20330305,0.20030338,0.19191672,0.19743568
0.20302069,0.20696636,0.19783992,0.19653471,0.19563834
0.20211846,0.21102962,0.19879746,0.19320114,0.19485335
0.20069547,0.20976238,0.20211352,0.19029234,0.19713628
0.20302428,0.21092728,0.19868055,0.19173135,0.19563656
0.20369513,0.20793346,0.20092982,0.1915147,0.19592692
0.20070426,0.21134476,0.20279361,0.18867163,0.19648573
0.20093426,0.21252118,0.20013656,0.19016053,0.19624747
0.20215282,0.20976505,0.19889387,0.19341882,0.19576943
0.20276427,0.2116529,0.19799297,0.19166134,0.19592853
0.20323019,0.2090806,0.20270637,0.18921188,0.19577092
0.20414463,0.20888416,0.1978675,0.19444162,0.19466208
0.19989327,0.21248165,0.202913,0.18765822,0.19705385
0.20065996,0.21244383,0.2030562,0.18670495,0.19713505
0.20194207,0.21070047,0.19881256,0.19182849,0.19671641
0.20459239,0.20635614,0.20017233,0.19290641,0.19597273
0.19927357,0.21079135,0.20319322,0.19014563,0.19659626
0.200143,0.20962732,0.20048197,0.1935131,0.19623463
0.20188609,0.20677997,0.19825396,0.19615431,0.19692567
0.19966672,0.21075344,0.2033581,0.18841818,0.19780357
0.20664796,0.2069144,0.19915113,0.19258967,0.1946968
0.20168063,0.21158732,0.19990452,0.1923724,0.19445515
0.20178576,0.21033478,0.20107073,0.1913692,0.19543949
0.2026788,0.20943242,0.20008299,0.190717,0.1970888
0.2011667,0.20851892,0.20147541,0.1911734,0.19766557
0.20470619,0.20598054,0.19989099,0.19425136,0.19517092
0.20064273,0.20982595,0.20071729,0.19231117,0.19650285
0.20031805,0.2113687,0.20109029,0.19090529,0.19631764
0.20070858,0.21105236,0.20171598,0.19009699,0.19642606
0.19951186,0.21287723,0.20331398,0.18665549,0.19764145
0.20449811,0.20292988,0.20063868,0.19504134,0.1968919
0.20099045,0.20642272,0.19940093,0.19608991,0.19709598
0.20041662,0.211726,0.19910432,0.19351359,0.19523944
0.19920945,0.21144757,0.201793,0.19086312,0.19668686
0.19945247,0.21177639,0.20202175,0.1887715,0.19797789
0.20271277,0.20434956,0.202062,0.1934033,0.19747232
0.19957967,0.20800583,0.2014918,0.19310169,0.19782104
0.20061328,0.2092591,0.20163827,0.19084558,0.19764374
0.19990647,0.20893802,0.20041308,0.19382256,0.19691986
0.2005556,0.20790717,0.20091948,0.19227208,0.19834566
0.20506683,0.20777076,0.20113924,0.18989933,0.19612382
0.19882864,0.20862806,0.20172222,0.19347973,0.19734135
0.20088024,0.20941822,0.20155413,0.1908505,0.19729696
0.20085657,0.21055236,0.19895774,0.19298434,0.196649
0.19973533,0.20857556,0.20261443,0.19026485,0.19880979
0.202483,0.20644219,0.20352246,0.19039561,0.19715676
0.19935708,0.20888655,0.20112877,0.19328143,0.19734614
0.20323779,0.19718125,0.19923808,0.19325034,0.20709255
0.20143165,0.2091666,0.1985294,0.19368963,0.19718271
0.20093727,0.21193932,0.19993484,0.19044709,0.19674143
0.20540899,0.20572938,0.19945037,0.19301605,0.19639517
0.19908188,0.21062186,0.19941942,0.19437137,0.19650543
0.19907755,0.21065012,0.2022244,0.19062234,0.19742559
0.20033053,0.20798518,0.20093773,0.19217402,0.19857256
0.19976686,0.2124968,0.20158692,0.18904306,0.19710638
0.2022853,0.20450926,0.2030982,0.19238344,0.19772384
0.19741972,0.21015218,0.20067325,0.19471635,0.19703852
0.19978493,0.20919187,0.19963953,0.19478703,0.19659667
0.20003346,0.20829321,0.20212099,0.19080089,0.19875142
0.19960454,0.21187556,0.20297678,0.18753499,0.1980081
0.20174871,0.20687386,0.20475551,0.18861832,0.1980036
0.20013621,0.20831358,0.20110628,0.19284897,0.19759494
0.19875717,0.2098609,0.20313683,0.19017325,0.19807181
0.20029734,0.20973647,0.2021727,0.18998054,0.19781299
0.19843544,0.21113521,0.20346653,0.18792851,0.19903429
0.20454024,0.20890391,0.20165591,0.18869278,0.1962072
0.19722714,0.20885202,0.20555423,0.18843603,0.1999306
0.1987648,0.20974435,0.20356612,0.18906443,0.19886032
0.19909438,0.20774606,0.20183077,0.19285922,0.19846958
0.20036101,0.20733728,0.20211941,0.19110648,0.19907579
0.20308743,0.2082222,0.20369619,0.1877332,0.19726098
0.1989951,0.20811406,0.20349588,0.19033693,0.19905809
0.19776088,0.20862873,0.2032275,0.19127397,0.19910896
0.1989806,0.20827995,0.20301893,0.19041012,0.19931039
0.19714266,0.20981175,0.20491457,0.18869683,0.19943419
0.20321599,0.20597695,0.20231792,0.19102253,0.19746661
0.19977845,0.2069101,0.203011,0.19146524,0.19883516
0.19808601,0.20881496,0.20451121,0.18906029,0.1995275
0.19872071,0.207816,0.20239657,0.19156574,0.19950098
0.19973868,0.20826645,0.2036321,0.18920329,0.19915953
0.2022767,0.2061762,0.20453121,0.18873605,0.1982798
0.19959576,0.20567966,0.20272982,0.19218764,0.19980712
0.19903152,0.20863387,0.20378856,0.18875153,0.19979453
0.19866596,0.20583114,0.20369424,0.1914567,0.2003519
0.19895138,0.20828956,0.20360646,0.1895392,0.19961342
0.20230788,0.20568883,0.20426416,0.18921784,0.19852132
0.19830173,0.20834689,0.20519648,0.1882997,0.1998552
0.19967265,0.20720083,0.20307261,0.19041122,0.19964267
0.20054562,0.20848931,0.20236583,0.18943648,0.1991628
0.1996927,0.207723,0.20422511,0.18801512,0.20034403
0.20295401,0.2046027,0.20326874,0.19068094,0.19849361
0.1999138,0.20716521,0.20296517,0.19037615,0.19957969
0.19964771,0.2074626,0.20393123,0.18918172,0.19977677
0.19884215,0.20857221,0.20288257,0.19033721,0.19936584
0.19923942,0.21014519,0.2038994,0.186931,0.19978498
0.20437863,0.20479243,0.20190682,0.19107255,0.19784957
0.19905153,0.20544882,0.20488384,0.19003022,0.20058562
0.19995503,0.20633465,0.20419906,0.18938394,0.20012736
0.19945973,0.20634519,0.20404519,0.18937236,0.20077756
0.2009309,0.20777887,0.20249094,0.18914703,0.19965224
0.20252731,0.20475717,0.20400585,0.18971315,0.19899654
0.1988337,0.20721701,0.20603804,0.18729311,0.20061809
0.19863214,0.20724827,0.20556043,0.18803859,0.20052055
0.19981389,0.20641248,0.20338783,0.1896047,0.20078112
0.19902931,0.20769224,0.20474213,0.18785264,0.20068362
0.20194003,0.2040959,0.20532402,0.18898422,0.19965583
0.19895312,0.20669147,0.20513818,0.1882995,0.20091778
0.19972236,0.20514698,0.2053321,0.18897001,0.20082852
0.19974642,0.20656358,0.20318711,0.18978363,0.20071924
0.1986138,0.20802669,0.20481934,0.18746257,0.2010776
0.20295388,0.20623444,0.20478247,0.18740983,0.1986194
0.19948994,0.20664197,0.20365971,0.19010542,0.20010294
0.19866277,0.20571889,0.20402439,0.18998533,0.20160858
0.19992657,0.2087201,0.20326905,0.18825158,0.1998327
0.1994705,0.2084635,0.20339003,0.1888061,0.19986986
0.20268105,0.20439358,0.20490745,0.18845955,0.19955839
0.19838949,0.20778522,0.20645857,0.1868713,0.2004954
0.19804819,0.20987855,0.2060902,0.1856923,0.20029077
0.19818336,0.20672774,0.20593931,0.18720771,0.20194182
0.19842075,0.20906846,0.20519494,0.18649924,0.2008166
0.20285729,0.20562851,0.2044854,0.1884216,0.19860719
0.19953327,0.2077196,0.20411555,0.1881132,0.2005184
0.19976392,0.20560074,0.20271124,0.19099489,0.20092925
0.19869645,0.20779438,0.2054038,0.18683018,0.20127517
0.19980772,0.21097788,0.20389389,0.18509914,0.20022142
0.20262882,0.20349318,0.20662451,0.18704958,0.20020388
0.19978559,0.2067856,0.20620553,0.18643647,0.20078684
0.19815336,0.20691754,0.20652601,0.18703793,0.20136517
0.20061843,0.20792787,0.20447956,0.1862363,0.2007379
0.1979929,0.20866744,0.20531732,0.18643098,0.2015914
0.20309718,0.20194177,0.20299412,0.19187766,0.20008925
0.19912449,0.20716615,0.20524693,0.18771556,0.2007469
0.19986634,0.2060773,0.20431228,0.18861388,0.20113023
0.20156875,0.20685737,0.20213643,0.18906212,0.20037532
0.19890001,0.20817159,0.20454657,0.18762623,0.20075564
0.2024977,0.20453864,0.20677972,0.18576409,0.20041987
0.19696587,0.206598,0.20937605,0.18472077,0.20233934
0.1973948,0.20504877,0.20649841,0.1886097,0.20244831
0.19716865,0.20651937,0.20670763,0.18715015,0.20245421
0.20001885,0.2031446,0.20129195,0.19411135,0.20143327
0.20202377,0.20390245,0.20613602,0.18764554,0.20029217
0.19866703,0.20626907,0.20641954,0.18732302,0.20132136
0.19811857,0.20823897,0.20603281,0.18652612,0.2010835
0.19974601,0.20626055,0.2036809,0.18930057,0.20101194
0.19941002,0.20907372,0.20278579,0.18850702,0.20022343
0.20172529,0.20318887,0.20461866,0.19034117,0.200126
0.19776863,0.20778014,0.20620877,0.18712278,0.20111974
0.19896767,0.20806299,0.20514736,0.18731579,0.20050618
0.19874752,0.20690094,0.20476624,0.18850683,0.20107844
0.19916305,0.21066502,0.20482904,0.18451615,0.2008267
0.20189677,0.20413575,0.20568807,0.18786941,0.20041
0.19743477,0.20807281,0.20829165,0.18434425,0.20185655
0.19800939,0.20751745,0.2049593,0.1882282,0.20128562
0.19848211,0.2085052,0.20491192,0.186973,0.20112777
0.19961983,0.20945404,0.20267273,0.1875615,0.2006919
0.20273781,0.20492887,0.20532604,0.1867641,0.20024315
0.1989217,0.20961262,0.2043033,0.18651335,0.20064901
0.19782458,0.2074587,0.20515509,0.18830596,0.20125566
0.200137,0.20646644,0.20293273,0.18955114,0.20091274
0.19932085,0.20809872,0.20325603,0.18808712,0.20123728
0.2021241,0.20571747,0.20358036,0.18924215,0.1993359
0.19777523,0.2075755,0.20449962,0.18895431,0.20119533
0.19859946,0.20374572,0.20356862,0.19239849,0.20168771
0.19889249,0.2074626,0.20427714,0.18809891,0.20126888
0.19901109,0.20670083,0.20374222,0.18911225,0.2014336
0.20015232,0.20602927,0.20674472,0.18656093,0.20051274
0.1976616,0.20506263,0.20680434,0.18860684,0.20186462
0.1984011,0.20687245,0.20456153,0.18940438,0.20076056
0.2001178,0.20527306,0.2019413,0.19130671,0.20136109
0.19914073,0.20630865,0.20378163,0.18910268,0.20166631
0.20116909,0.20548709,0.2048463,0.1891468,0.19935074
0.19865383,0.20507775,0.20336658,0.19173595,0.20116581
0.19788057,0.20714936,0.20394705,0.18963788,0.20138514
0.19978517,0.20533633,0.20326714,0.18962897,0.20198236
0.19795373,0.20712832,0.20468463,0.18842027,0.20181306
0.2009015,0.20425047,0.20601778,0.18822403,0.20060624
0.19733106,0.20523816,0.20671341,0.18826066,0.20245668
0.19847761,0.20712359,0.20493339,0.18827458,0.20119083
0.19839099,0.20441955,0.20420687,0.19044587,0.20253669
0.19793159,0.2051975,0.20491442,0.18929896,0.20265757
0.20208043,0.2026252,0.20409752,0.1913153,0.19988152
0.19831562,0.20629835,0.20527782,0.18814237,0.20196585
0.19783759,0.205958,0.2062453,0.1882292,0.20172995
0.19724579,0.20847341,0.20467505,0.1885094,0.20109634
0.19832495,0.20716834,0.2050126,0.18773521,0.20175894
0.20146918,0.20148887,0.20566672,0.19019473,0.20118047
0.19733666,0.20396629,0.2068996,0.18910599,0.20269145
0.19853103,0.20426063,0.20564532,0.189147,0.20241603
0.19814149,0.20599966,0.20409676,0.19022289,0.20153919
0.19722873,0.20777693,0.2052309,0.18778601,0.20197743
0.20298578,0.20302722,0.20415676,0.18953489,0.20029534
0.19666676,0.20558253,0.20744346,0.18783928,0.20246795
0.19719799,0.20381582,0.20642483,0.18965164,0.20290977
0.19965851,0.2030017,0.20219857,0.19352514,0.20161603
0.1997764,0.2063137,0.20371732,0.1888353,0.20135728
0.2011274,0.20344283,0.2070393,0.18770298,0.20068753
0.19738539,0.20644243,0.20648366,0.18758516,0.20210333
0.19864517,0.20358157,0.20502765,0.1903243,0.20242131
0.19825727,0.20745286,0.20566228,0.18736087,0.20126672
0.19953153,0.20576847,0.20505482,0.1879051,0.20174012
0.20295124,0.20370422,0.20376569,0.19009182,0.19948706
0.19950111,0.2064147,0.20408674,0.18919273,0.20080476
0.19825803,0.20472993,0.20389247,0.19136216,0.20175743
0.19760475,0.20575196,0.20624077,0.18771884,0.20268369
0.19815275,0.20677082,0.2030928,0.19061089,0.20137276
0.20062397,0.20499253,0.20606439,0.18805072,0.20026836
0.19940303,0.20368007,0.2046204,0.19020188,0.2020946
0.19777243,0.20339689,0.20622483,0.1895631,0.20304279
0.19757748,0.2072114,0.2042984,0.18967295,0.20123976
0.1965477,0.20731531,0.2052526,0.18879955,0.20208481
0.2000866,0.20536959,0.20605357,0.18866985,0.1998204
0.19713663,0.20669474,0.20716846,0.18681437,0.20218582
0.19798788,0.20546743,0.20414504,0.19109243,0.20130719
0.19818196,0.20427611,0.20467402,0.19050716,0.20236072
0.19786766,0.2060638,0.20476708,0.18898933,0.20231217
0.20274214,0.203198,0.20260891,0.19216835,0.19928259
0.20056312,0.20483162,0.20458981,0.18847246,0.201543
0.19922145,0.2058201,0.20351098,0.19025196,0.20119551
0.19666456,0.20850469,0.20510717,0.18830569,0.2014179
0.19895054,0.20958316,0.2026903,0.18803433,0.20074168
0.20271966,0.2031582,0.20269528,0.19197875,0.1994481
0.19632296,0.20941372,0.20605423,0.18726943,0.20093969
0.199236,0.20688227,0.20499691,0.18745604,0.2014288
0.19930457,0.20560716,0.202824,0.19099428,0.20127
0.19705842,0.20844296,0.20453514,0.18857796,0.2013855
0.20037808,0.20471855,0.20526135,0.18980576,0.19983628
0.19897157,0.20775715,0.20344223,0.18938753,0.20044146
0.19800048,0.20857407,0.2038258,0.1889172,0.20068248
0.19752346,0.20834202,0.20433125,0.18853232,0.20127097
0.1964384,0.20903482,0.20537312,0.18759389,0.2015598
0.2009156,0.20711352,0.20609166,0.18681382,0.1990654
0.19708087,0.20669879,0.20445088,0.19013959,0.20162986
0.1968402,0.20604387,0.2047188,0.1906653,0.2017318
0.19756982,0.20928985,0.20279752,0.190084,0.20025876
0.19598562,0.21058013,0.2047786,0.18745431,0.20120136
0.20287359,0.20379746,0.2037001,0.19049422,0.19913459
0.19542834,0.20844057,0.20693895,0.18760233,0.20158984
0.19793437,0.20778477,0.20337673,0.1904859,0.20041826
0.19694121,0.20993628,0.20505707,0.18724173,0.20082366
0.19743764,0.20858233,0.20346132,0.18971471,0.20080401
0.20048536,0.20540865,0.2037711,0.19111924,0.19921565
0.19523755,0.20774892,0.20653644,0.18801837,0.20245875
0.19812176,0.20757563,0.20330127,0.19045174,0.20054962
0.19636172,0.2099051,0.20473038,0.18788034,0.20112248
0.19678499,0.20758228,0.20548894,0.18937391,0.20076987
0.19830725,0.20540272,0.20767869,0.18820798,0.20040339
0.1949688,0.20685355,0.20772943,0.18835132,0.20209688
0.1958282,0.20644026,0.20689912,0.18959434,0.2012381
0.19584098,0.20883258,0.2073668,0.1868318,0.20112784
0.19685492,0.20984186,0.20548801,0.1877267,0.20008847
0.19900554,0.20595741,0.20627005,0.18881072,0.19995625
0.19706441,0.20718682,0.20564577,0.18948483,0.20061813
0.19656612,0.20879233,0.20628373,0.18794067,0.20041715
0.19631669,0.20856883,0.20586939,0.18906574,0.2001794
0.19763651,0.20827584,0.20357452,0.19097805,0.19953509
0.19819364,0.20545602,0.20618357,0.18966025,0.20050654
0.19595388,0.20640843,0.20644955,0.18953943,0.20164868
0.19669278,0.20544796,0.20573479,0.19118315,0.20094132
0.19597726,0.2064987,0.20640711,0.18991984,0.20119707
0.19589505,0.20858745,0.20534948,0.18925323,0.20091474
0.19939825,0.20764852,0.20347816,0.19030644,0.19916867
0.19613105,0.20678186,0.20681041,0.18824935,0.20202738
0.1964501,0.2038441,0.20711999,0.19066954,0.20191629
0.1954701,0.2074624,0.20710453,0.18830967,0.20165332
0.19692689,0.20673347,0.20513405,0.1901806,0.201025
0.20010722,0.20399454,0.20334917,0.1927801,0.199769
0.19516405,0.20275229,0.20818025,0.19039544,0.20350793
0.19721086,0.20385464,0.20519255,0.19243829,0.20130368
0.1958826,0.20517547,0.20670632,0.19024071,0.2019949
0.19374353,0.20578608,0.20948388,0.18725248,0.20373404
0.19644846,0.20451781,0.20807642,0.18947446,0.2014828
0.1943529,0.20042929,0.20940408,0.19123806,0.20457567
0.19487719,0.202959,0.2101319,0.18870918,0.20332271
0.19527358,0.2033162,0.20932823,0.18920462,0.20287734
0.1965083,0.20247461,0.2071238,0.1912814,0.20261195
0.19688128,0.20251216,0.20539255,0.19579342,0.19942059
0.1944225,0.20334738,0.20616502,0.19350839,0.20255665
0.1937509,0.20393114,0.20670363,0.19297224,0.20264207
0.19637059,0.20415911,0.20855905,0.18771768,0.20319362
0.19575566,0.20283814,0.20750616,0.19094118,0.20295891
0.1966115,0.20220114,0.2067341,0.19344884,0.20100446
0.1946431,0.2020583,0.21083134,0.1878105,0.20465678
0.1966227,0.2033456,0.20908847,0.18760297,0.20334028
0.19448313,0.20235898,0.20909108,0.18986583,0.20420097
0.19626883,0.20035331,0.20869565,0.19118945,0.20349276
0.19699053,0.20437635,0.20663366,0.19141933,0.20058016
0.19308794,0.20305763,0.21031946,0.18865772,0.20487729
0.19430728,0.20154229,0.20977338,0.18925998,0.20511709
0.1944488,0.20326816,0.20950331,0.18888427,0.2038955
0.19444445,0.20185958,0.20892057,0.18981692,0.20495854
0.19592555,0.20382193,0.20698194,0.1909442,0.2023264
0.19388215,0.20067245,0.20972796,0.18993469,0.20578279
0.19457838,0.20006402,0.21032323,0.18952648,0.20550784
0.19374894,0.20068096,0.21127932,0.1886371,0.20565371
0.1945188,0.20321228,0.20985709,0.18761967,0.20479216
0.19530377,0.20236818,0.2047166,0.19723992,0.20037158
0.19424734,0.20181432,0.20729546,0.19219014,0.20445272
0.19468863,0.20018445,0.20760418,0.19337763,0.20414506
0.19491541,0.1993407,0.21132246,0.1888974,0.20552401
0.19409394,0.20094185,0.20953576,0.19003646,0.20539199
0.19651389,0.20076935,0.20584668,0.19577418,0.20109585
0.1927788,0.19874571,0.21142426,0.18998942,0.20706183
0.19241433,0.19997689,0.21183273,0.18854079,0.20723523
0.19446325,0.20420933,0.20767285,0.18940826,0.20424633
0.1943429,0.20346871,0.20773222,0.19044957,0.20400658
0.19474143,0.20286281,0.20652702,0.19320424,0.2026645
0.1929074,0.19686556,0.21172704,0.19027469,0.2082253
0.19471274,0.19872601,0.20926593,0.19185957,0.20543572
0.19222662,0.20156544,0.2105906,0.18963581,0.20598155
0.19194381,0.20218049,0.20761569,0.19439948,0.20386052
0.19715449,0.20116489,0.20431082,0.19703458,0.20033522
0.19321091,0.19762808,0.21343955,0.18797821,0.20774321
0.19372883,0.20102087,0.20899425,0.19098243,0.20527358
0.1948314,0.19865577,0.20934775,0.19211955,0.2050455
0.19580713,0.200634,0.20717949,0.19238336,0.20399602
0.19431604,0.20149365,0.20633197,0.19658001,0.20127836
0.19219981,0.19727172,0.21342883,0.18845853,0.20864116
0.1946685,0.1992322,0.20775045,0.19350637,0.20484243
0.1940854,0.20096879,0.2069506,0.1941385,0.2038567
0.19086376,0.20277068,0.20747663,0.19442323,0.20446572
0.19562757,0.20071544,0.20494865,0.19812201,0.20058636
0.19151421,0.19892904,0.21046034,0.19173521,0.20736118
0.19452459,0.19700941,0.20960139,0.19270062,0.20616396
0.19436589,0.19798253,0.20700277,0.19606799,0.2045808
0.19260554,0.20015906,0.20831229,0.19322681,0.20569628
0.19594198,0.20202148,0.20533381,0.19614752,0.20055522
0.19136333,0.19905338,0.21234669,0.1895597,0.2076769
0.19302647,0.19664943,0.2106546,0.19336885,0.20630069
0.19349238,0.20196384,0.20625597,0.19389392,0.20439392
0.19057539,0.20206068,0.20636095,0.19673261,0.20427035
0.1942735,0.20298538,0.20491453,0.197912,0.19991462
0.19142863,0.19690056,0.21297412,0.19085827,0.20783842
0.19263247,0.20018902,0.20893897,0.19287786,0.20536171
0.19276673,0.20180286,0.20869096,0.19139339,0.20534605
0.19456892,0.20209283,0.20718814,0.19249266,0.20365745
0.19469276,0.20346399,0.20146064,0.20297387,0.19740877
0.19274597,0.19617695,0.20860194,0.19651783,0.2059573
0.1929034,0.19776045,0.20954391,0.1939043,0.20588793
0.19318867,0.19785003,0.20911157,0.19455671,0.20529301
0.19473687,0.19745287,0.20896447,0.19435884,0.20448698
0.19524445,0.2016675,0.20316957,0.2006114,0.1993071
0.19336836,0.19867408,0.2088321,0.19343372,0.20569173
0.19354337,0.195869,0.20831034,0.19691503,0.20536228
0.19264735,0.20181845,0.2065106,0.1949298,0.20409374
0.19590318,0.20036948,0.20400785,0.19776173,0.2019578
0.1950824,0.20181398,0.20685637,0.19625643,0.19999081
0.19380763,0.19509543,0.21182573,0.19271846,0.2065528
0.1921041,0.20053826,0.20691209,0.19614266,0.20430292
0.19410788,0.2017627,0.20625752,0.19497657,0.20289537
0.19335356,0.20215812,0.2062141,0.1952379,0.20303631
0.19429228,0.19991483,0.20479602,0.19992907,0.2010678
0.1931663,0.19705309,0.20797905,0.19631836,0.2054832
0.19310942,0.2011191,0.20619862,0.19591796,0.20365487
0.19185723,0.20122686,0.20534432,0.19965161,0.20191997
0.19186349,0.20324014,0.20705128,0.19419774,0.20364735
0.19454025,0.20176202,0.20515284,0.19891201,0.19963284
0.1938054,0.19665751,0.2078119,0.19664599,0.2050792
0.1942827,0.1993373,0.20582263,0.19678612,0.20377126
0.1933325,0.20329387,0.20362538,0.19715233,0.2025959
0.19218172,0.20171115,0.20553476,0.19755425,0.20301811
0.19342244,0.19897617,0.20577677,0.2012661,0.20055848
0.18989936,0.19994119,0.20869467,0.19564594,0.20581885
0.1927919,0.1990699,0.2059498,0.19865625,0.20353217
0.19554125,0.19928099,0.20616968,0.19627123,0.20273687
0.1931457,0.20220654,0.20509654,0.19682716,0.20272405
0.19398627,0.20053191,0.2037699,0.2019726,0.19973932
0.19320014,0.2003548,0.20585497,0.19719194,0.20339811
0.19284078,0.2036046,0.20585288,0.19350375,0.20419799
0.19293858,0.20270869,0.20585169,0.19495663,0.20354441
0.19330195,0.20342831,0.20376945,0.19823599,0.20126435
0.1922324,0.19813152,0.20568019,0.20260864,0.20134726
0.19191654,0.19987723,0.20723376,0.19666518,0.20430729
0.19208072,0.20356183,0.20559587,0.19592384,0.20283777
0.19426969,0.20541783,0.20266965,0.19691549,0.20072731
0.19532914,0.20920797,0.20066991,0.19575663,0.19903637
0.19256853,0.19761348,0.20343481,0.20624365,0.20013954
0.19246472,0.20081301,0.20596012,0.19662012,0.20414203
0.19382533,0.2031528,0.20318104,0.19847572,0.20136513
0.19516759,0.20256202,0.20100209,0.20168452,0.19958377
0.19503985,0.20770767,0.20215885,0.19638126,0.19871236
0.19061714,0.19968115,0.2042587,0.20513465,0.2003084
0.19325742,0.20067565,0.20477176,0.19830602,0.20298913
0.19402297,0.20564105,0.20119081,0.19899175,0.20015346
0.19337422,0.2054622,0.20191662,0.19931287,0.19993412
0.19524255,0.2083443,0.19866802,0.20007764,0.19766752
0.19166149,0.19820395,0.205389,0.20385402,0.20089157
0.19362468,0.20583186,0.20305839,0.19626711,0.20121795
0.19441572,0.20958711,0.19885279,0.19910616,0.19803824
0.19520323,0.21100448,0.19760749,0.19967641,0.19650845
0.19667073,0.21691777,0.19380836,0.19888033,0.19372284
0.19112474,0.19836944,0.20114751,0.21100071,0.19835754
0.19374879,0.20474204,0.20023863,0.2012122,0.20005831
0.19511588,0.2091211,0.19846992,0.200099,0.19719404
0.1963078,0.21449646,0.19380389,0.20061812,0.1947737
0.1960615,0.21666302,0.19431113,0.19859986,0.19436446
0.19183613,0.20151745,0.2033706,0.20472734,0.19854847
0.19447039,0.20873103,0.20002851,0.19648181,0.20028824
0.19495077,0.21185093,0.19593094,0.2012209,0.19604647
0.19463477,0.21363899,0.1935414,0.20304847,0.19513635
0.19634111,0.21833336,0.19110517,0.20189777,0.19232257
0.18984383,0.19879773,0.20538044,0.20455255,0.20142551
0.19432326,0.2120033,0.19712682,0.19909744,0.1974492
0.19560863,0.2170957,0.19131884,0.20265083,0.19332601
0.19702409,0.21583451,0.19350606,0.19960432,0.19403096
0.19702272,0.21775468,0.19004136,0.20387688,0.19130433
0.19118653,0.19358043,0.20541836,0.2075252,0.20228949
0.196444,0.21411675,0.19446656,0.19964157,0.19533108
0.19639729,0.21906272,0.19153957,0.20026763,0.1927328
0.19879948,0.22113818,0.18614416,0.20471054,0.18920763
0.19920748,0.22080484,0.18713956,0.2027604,0.19008777
0.18936314,0.19557248,0.20631069,0.2059591,0.2027946
0.19649766,0.21597739,0.19304587,0.1999143,0.19456479
0.19860065,0.22072631,0.19029026,0.19940507,0.19097772
0.19886768,0.22394946,0.18733372,0.19989944,0.18994969
0.19937469,0.22601874,0.18240294,0.2059553,0.18624835
0.1903396,0.19877437,0.19999562,0.2116078,0.19928262
0.21101137,0.19017053,0.20392743,0.19415347,0.20073721
0.20748332,0.20387009,0.1997046,0.192361,0.19658102
0.20716234,0.20368813,0.20190708,0.19005486,0.19718762
0.20721573,0.20336224,0.2004094,0.19157748,0.19743514
0.20542373,0.20054673,0.20131226,0.19324982,0.19946748
0.21115404,0.18881288,0.2031926,0.19392589,0.20291464
0.2059382,0.2012446,0.19938068,0.19596954,0.19746695
0.20348296,0.20144781,0.2037816,0.19152752,0.19976008
0.20432638,0.2012417,0.20338345,0.19086732,0.20018113
0.20406774,0.20556489,0.19987825,0.19326948,0.19721965
0.20881824,0.19577236,0.2024561,0.19294515,0.20000818
0.20537192,0.19998975,0.2018581,0.19352002,0.19926023
0.20265263,0.2042204,0.20376852,0.19030078,0.19905762
0.20471516,0.2034906,0.20092429,0.19187124,0.19899869
0.20429575,0.20409635,0.20037872,0.19284394,0.19838524
0.2090896,0.19226335,0.20384078,0.19183727,0.20296898
0.20173883,0.20608883,0.20320688,0.19111222,0.19785328
0.20437433,0.20109688,0.2000844,0.19556256,0.1988819
0.20625879,0.19666032,0.19826801,0.19896187,0.19985104
0.20543012,0.19974422,0.1990524,0.1967327,0.19904055
0.21024205,0.19030121,0.20215842,0.19477373,0.20252463
0.20376001,0.20235248,0.20166725,0.193429,0.19879122
0.20278287,0.20325445,0.20140468,0.19359751,0.19896053
0.20259538,0.20549566,0.20230891,0.19078915,0.19881092
0.20300937,0.20655619,0.20084083,0.19194981,0.19764383
0.20830989,0.19695307,0.20050088,0.19509326,0.19914287
0.20425327,0.20189236,0.2008255,0.19463554,0.19839334
0.20419133,0.20231757,0.19926801,0.1956216,0.19860145
0.20186998,0.20199874,0.20210895,0.19462088,0.19940148
0.20265295,0.20310217,0.19936591,0.19602272,0.19885625
0.2066052,0.19664334,0.20371687,0.19151953,0.20151502
0.20163903,0.20230831,0.20323208,0.19300553,0.19981506
0.20239928,0.2037374,0.2023518,0.19214845,0.1993631
0.20439398,0.20190594,0.19978106,0.19511248,0.19880651
0.20430401,0.20236926,0.20182897,0.19162054,0.19987722
0.20684,0.19937415,0.2012155,0.1941404,0.19842991
0.20268238,0.20286009,0.20168044,0.1938805,0.1988966
0.20168027,0.20330374,0.20475711,0.18966478,0.20059407
0.20229156,0.20255595,0.2034431,0.19119793,0.20051143
0.20327708,0.20304619,0.2009388,0.19316491,0.19957298
0.20751572,0.19642648,0.2018029,0.19361086,0.20064405
0.20290485,0.20237479,0.20345064,0.19120647,0.2000633
0.20196079,0.20295376,0.2040577,0.19108005,0.19994769
0.20362419,0.20146592,0.20186879,0.1925204,0.20052066
0.2028518,0.20010352,0.20101982,0.19529623,0.20072861
0.20822512,0.19623254,0.20158294,0.1943261,0.19963332
0.20467837,0.19910182,0.2003388,0.19576558,0.20011541
0.20391579,0.20005672,0.20105669,0.19444428,0.20052652
0.20306405,0.19956641,0.20280802,0.19374865,0.20081289
0.20278738,0.2029161,0.20208737,0.1928333,0.19937584
0.20609383,0.19610919,0.20075703,0.19710776,0.19993225
0.20107189,0.20283677,0.20403728,0.19253764,0.19951639
0.20154133,0.20261623,0.20346269,0.19260968,0.19977006
0.20187528,0.20226502,0.20115972,0.195143,0.19955698
0.2024478,0.20279188,0.20094195,0.19443822,0.19938022
0.20618583,0.19805968,0.2022238,0.19320698,0.20032375
0.20211937,0.20424138,0.2026271,0.19239403,0.19861814
0.20350882,0.20280291,0.20317516,0.19126631,0.19924682
0.20336068,0.2048646,0.20156145,0.1917082,0.19850504
0.20232397,0.20509207,0.20107716,0.1928795,0.19862728
0.20574674,0.19842663,0.20231114,0.19384517,0.19967034
0.20255525,0.20298503,0.1999275,0.19655508,0.19797716
0.20320196,0.20216332,0.1998785,0.19639222,0.19836403
0.20170657,0.20145269,0.20071612,0.19667695,0.19944769
0.20176391,0.20255895,0.2009302,0.19529372,0.19945319
0.20656702,0.19712943,0.20217907,0.19425301,0.19987144
0.20170939,0.2038278,0.19890323,0.1982749,0.1972847
0.19811006,0.20687048,0.20405859,0.19201107,0.1989498
0.20099373,0.20720117,0.20017876,0.19474295,0.19688344
0.20233397,0.20456277,0.19661307,0.199119,0.1973712
0.20564748,0.19839092,0.20253947,0.19364963,0.1997725
0.20004232,0.20301782,0.2051818,0.19228977,0.19946828
0.19961901,0.20311299,0.20299043,0.19392402,0.20035356
0.2012936,0.20514041,0.20138994,0.19287317,0.1993029
0.20066439,0.20677118,0.20216297,0.19155377,0.19884767
0.20499623,0.1983544,0.20424555,0.19199933,0.20040448
0.20263569,0.20474666,0.20338047,0.19024107,0.19899611
0.20269923,0.20242824,0.2015993,0.19351725,0.199756
0.20118818,0.20308544,0.20414704,0.19105467,0.2005247
0.20263803,0.20260195,0.20140041,0.19327469,0.20008491
0.20647402,0.19600444,0.20252584,0.19487984,0.20011581
0.19975065,0.20343375,0.20525394,0.19126087,0.20030074
0.20064756,0.20293081,0.20324303,0.19281015,0.20036843
0.19789827,0.20656794,0.20680532,0.18749563,0.20123288
0.20165694,0.20365818,0.2042736,0.18964702,0.20076428
0.20567018,0.2025949,0.20371689,0.1890064,0.1990116
0.20006233,0.20310484,0.20533949,0.19039458,0.20109877
0.20021959,0.20350087,0.20308737,0.19245215,0.20074005
0.19969092,0.20359512,0.2051868,0.18993314,0.20159405
0.20413156,0.20169559,0.20182708,0.19159141,0.20075434
0.20646311,0.19662656,0.20298032,0.19311096,0.20081903
0.20132521,0.1995097,0.20374058,0.19376203,0.20166247
0.20072724,0.20233744,0.20578323,0.18945497,0.20169717
0.20066738,0.20249216,0.20391397,0.19174905,0.20117748
0.20011133,0.20178023,0.20611538,0.18970278,0.20229028
0.20555244,0.19439398,0.20505239,0.1922079,0.20279332
0.19973256,0.20009552,0.20860106,0.18895587,0.20261502
0.20193811,0.2020949,0.2054767,0.18882443,0.2016659
0.20164219,0.20101357,0.20220682,0.19423625,0.20090118
0.19866438,0.20226246,0.20561409,0.19081853,0.2026405
0.20512131,0.19972804,0.20128325,0.19492285,0.19894452
0.20010568,0.20125814,0.20505086,0.1922601,0.20132521
0.2008711,0.20043103,0.20304634,0.19415091,0.20150061
0.2005048,0.20033786,0.20572823,0.19100697,0.20242214
0.19966696,0.20475483,0.20554203,0.18833064,0.20170557
0.20685951,0.1988377,0.20168008,0.19345358,0.19916914
0.2005479,0.20374778,0.20642069,0.1881119,0.20117173
0.19949785,0.20377764,0.20597894,0.18880023,0.20194533
0.20250818,0.2014309,0.2029012,0.19153233,0.20162734
0.19999303,0.20050378,0.20613131,0.19030254,0.20306936
0.20504183,0.19724162,0.20360482,0.1940143,0.20009741
0.20034741,0.20186622,0.2059909,0.19014187,0.2016536
0.20087089,0.20125273,0.20470141,0.1905626,0.20261239
0.20304339,0.19694795,0.2014592,0.1954984,0.20305106
0.19871901,0.2041523,0.20659578,0.18843974,0.20209317
0.2043337,0.19785853,0.2066593,0.18950294,0.20164554
0.20060572,0.1994721,0.20640422,0.19122459,0.20229334
0.19889605,0.20336251,0.2051348,0.19167583,0.20093079
0.20105353,0.20143534,0.20473886,0.19017038,0.20260188
0.2029083,0.19394566,0.20284288,0.1957943,0.20450884
0.20538704,0.19553165,0.2033535,0.19362025,0.20210752
0.19852877,0.20024031,0.20869744,0.189785,0.20274845
0.19962697,0.2024104,0.20632057,0.189062,0.20258008
0.20059961,0.20032786,0.20380808,0.19226994,0.20299454
0.20168369,0.19842422,0.20389879,0.19210297,0.20389034
0.2042839,0.19629385,0.2038293,0.19408447,0.20150852
0.20102213,0.20094489,0.2052897,0.1906294,0.20211387
0.2021713,0.20046502,0.20478204,0.18985428,0.2027274
0.20091549,0.20102665,0.20539643,0.18961385,0.20304754
0.20013712,0.20007223,0.20819035,0.1867066,0.20489366
0.20591705,0.19494458,0.2065803,0.18913563,0.2034225
0.20002554,0.19819447,0.20664753,0.19225593,0.20287658
0.20074321,0.19986628,0.2067454,0.18920247,0.2034426
0.20137967,0.199544,0.20499499,0.19071983,0.20336156
0.19938888,0.19968995,0.20657203,0.19003844,0.20431067
0.20445766,0.19474733,0.20472544,0.19351697,0.20255257
0.19858553,0.20059754,0.20763536,0.18996818,0.20321344
0.20071557,0.20096773,0.20604132,0.18889058,0.20338486
0.2013398,0.19717562,0.20645328,0.19018218,0.20484914
0.19987255,0.20233981,0.20562932,0.18857063,0.20358768
0.20518692,0.19866751,0.20382285,0.19115846,0.20116425
0.20184848,0.19581649,0.20602684,0.19171052,0.20459764
0.20158973,0.20004386,0.2049357,0.18986061,0.20357011
0.20051295,0.19691767,0.20728377,0.18950422,0.20578139
0.20024464,0.1974407,0.20732671,0.18960218,0.20538579
0.20426092,0.19363478,0.2050823,0.1946365,0.20238551
0.1984894,0.20230775,0.20825228,0.18773706,0.20321354
0.2018337,0.19792336,0.20573454,0.19026436,0.20424405
0.20031324,0.20065267,0.20709468,0.18729737,0.20464204
0.20011793,0.20289534,0.20636632,0.187236,0.20338441
0.20388207,0.19841069,0.20632948,0.18953478,0.20184298
0.19894592,0.20077196,0.2103187,0.18581837,0.20414509
0.20138963,0.19817208,0.20438111,0.1912135,0.20484371
0.2001327,0.19954318,0.2069302,0.18795688,0.20543708
0.20109192,0.19963126,0.20524657,0.18937524,0.20465502
0.20378493,0.19456297,0.20545444,0.19278084,0.20341684
0.19983141,0.19941987,0.2085883,0.18793285,0.20422763
0.20230906,0.193333,0.20698558,0.19067426,0.20669809
0.19957566,0.20111145,0.20704658,0.18818827,0.20407805
0.19730437,0.20264629,0.2076963,0.18850674,0.20384635
0.20477556,0.19279127,0.2068666,0.19013132,0.20543528
0.19740719,0.19987851,0.21125256,0.18665494,0.20480677
0.2004755,0.1983551,0.20744313,0.18948242,0.20424385
0.2015681,0.19980893,0.20606714,0.18665637,0.20589946
0.20120366,0.19489518,0.20665568,0.19020598,0.20703952
0.2039787,0.192792,0.20523447,0.19378068,0.20421413
0.20013538,0.19928376,0.20776981,0.18813603,0.20467503
0.1995561,0.1990019,0.20991167,0.18531814,0.20621216
0.20114423,0.19468343,0.20813021,0.18784875,0.20819339
0.20126611,0.19986084,0.20488176,0.18962875,0.2043625
0.20464443,0.19175509,0.20546713,0.19328043,0.20485297
0.20152895,0.19879234,0.20747703,0.18800007,0.20420162
0.2000115,0.19869378,0.20868517,0.1865094,0.20610012
0.1987542,0.2002999,0.2070973,0.18796618,0.20588237
0.19996144,0.19891472,0.20715778,0.1878076,0.20615844
0.20490946,0.19061898,0.2043325,0.19419177,0.2059473
0.19959988,0.19880658,0.2105762,0.18541956,0.20559779
0.20054097,0.19611596,0.20996438,0.1860228,0.20735587
0.19930486,0.1995542,0.20655729,0.18984617,0.20473751
0.20217222,0.194669,0.20659673,0.18905692,0.20750514
0.20600751,0.19084169,0.2040569,0.19424736,0.20484653
0.1993888,0.20047519,0.20885335,0.18594936,0.20533334
0.20241316,0.19526576,0.20505957,0.1908266,0.20643498
0.19935293,0.19696662,0.20849895,0.18778896,0.20739253
0.2027477,0.19328867,0.20445044,0.19149603,0.20801716
0.20642845,0.18515202,0.20739874,0.19113229,0.20988852
0.19914411,0.2007732,0.20839497,0.18726087,0.20442684
0.20080964,0.1975813,0.20785247,0.1875723,0.20618433
0.20196663,0.19217573,0.20473851,0.19320193,0.20791724
0.20026733,0.1973503,0.20784059,0.1873722,0.20716964
0.20402819,0.19312845,0.20519124,0.19180578,0.20584634
0.2024048,0.19390132,0.20638768,0.19078776,0.20651846
0.19878677,0.19912215,0.20943029,0.18632427,0.20633653
0.19883543,0.1987655,0.20851916,0.18766925,0.20621069
0.20121491,0.19603199,0.20701574,0.1881146,0.20762274
0.20750949,0.18974361,0.20284657,0.19268703,0.20721328
0.1999569,0.1992648,0.20854948,0.1871505,0.2050783
0.20030077,0.19503248,0.20755048,0.18995665,0.20715967
0.19948927,0.20127633,0.20745231,0.18683583,0.20494626
0.19971344,0.19687083,0.20991187,0.18589209,0.20761175
0.20239411,0.19680427,0.2043574,0.19351587,0.20292836
0.19932513,0.19688508,0.21020459,0.1871138,0.20647138
0.20198849,0.19739223,0.20370686,0.19085848,0.20605388
0.2007562,0.19558552,0.20624745,0.19069648,0.20671433
0.1975077,0.20324907,0.20858282,0.18526834,0.20539208
0.20288299,0.19320475,0.20752715,0.19070022,0.20568487
0.19910945,0.19878754,0.20937681,0.1873357,0.20539048
0.1988307,0.19955938,0.2081606,0.18772797,0.20572132
0.19921575,0.20303099,0.20818691,0.1849778,0.20458853
0.19960336,0.19806433,0.20800184,0.187044,0.20728649
0.20499614,0.18838829,0.20573874,0.19364946,0.20722738
0.19957538,0.19329262,0.21165638,0.18662363,0.20885195
0.20021336,0.19083585,0.2082979,0.19277295,0.2078799
0.1990783,0.19472562,0.20793013,0.19067782,0.2075881
0.19960977,0.19818175,0.20632768,0.18941936,0.20646147
0.20375702,0.19245219,0.20427172,0.19533247,0.20418666
0.19916597,0.19565791,0.20899825,0.18972977,0.20644811
0.19774844,0.19775881,0.20993008,0.18738198,0.20718068
0.20048502,0.19383214,0.20531629,0.19330959,0.20705697
0.20160949,0.19558017,0.20633635,0.18929075,0.20718323
0.20435594,0.19275613,0.2064044,0.19139841,0.20508511
0.19780841,0.19689648,0.21125486,0.18689339,0.20714688
0.1993318,0.1980218,0.20850918,0.18737037,0.20676687
0.19847521,0.1975178,0.20869693,0.18832554,0.20698453
0.20173985,0.19397101,0.20538364,0.19200777,0.20689777
0.20346856,0.19277023,0.20369017,0.19562405,0.20444699
0.19985713,0.1956227,0.20787092,0.19050421,0.20614506
0.20031668,0.1957111,0.20677897,0.19015539,0.20703784
0.20012105,0.19845429,0.20625901,0.18846774,0.20669791
0.19992496,0.19560422,0.20719278,0.18966201,0.20761602
0.20253082,0.19313194,0.20431624,0.19552056,0.2045004
0.20058012,0.19725266,0.20714416,0.19034988,0.20467319
0.20001471,0.19582327,0.2055204,0.1919975,0.20664407
0.19914772,0.1940698,0.20850107,0.18987066,0.20841068
0.19954033,0.19641228,0.2058731,0.19170716,0.2064671
0.20288631,0.18783416,0.20763473,0.19406338,0.20758139
0.19806905,0.19824389,0.2087217,0.18932152,0.20564388
0.19826323,0.1997497,0.20814198,0.18849291,0.2053522
0.20196578,0.19652556,0.20383412,0.19159792,0.20607659
0.19943988,0.19585842,0.20633462,0.19133526,0.20703179
0.20222004,0.19263633,0.2060109,0.19389051,0.20524225
0.19639611,0.19688773,0.21098776,0.18911575,0.20661263
0.20026973,0.19396149,0.20760125,0.19100702,0.20716053
0.20077606,0.19533896,0.20682393,0.19059262,0.20646848
0.19798888,0.19954027,0.20656857,0.19040969,0.20549257
0.20205146,0.19732988,0.20634808,0.1906357,0.20363489
0.19807519,0.19636355,0.21086057,0.18815634,0.20654437
0.19888844,0.19794182,0.20657535,0.19078633,0.20580804
0.19940819,0.1973835,0.20824826,0.18878974,0.20617029
0.19905114,0.19615331,0.20799342,0.19009027,0.20671186
0.19972067,0.19608063,0.2082023,0.19110769,0.20488873
0.19855805,0.19367208,0.21205457,0.1874169,0.20829844
0.19778696,0.19790094,0.20767003,0.19101268,0.20562941
0.20267476,0.19532767,0.20815648,0.19185443,0.2019867
0.19957098,0.19712342,0.20620312,0.19088499,0.20621747
0.19851878,0.21017183,0.19651861,0.19649018,0.19830059
0.19877163,0.20124757,0.2079748,0.18846865,0.20353732
0.19817029,0.19814476,0.20975871,0.18723962,0.20668662
0.19836184,0.1991506,0.20885074,0.18712501,0.20651178
0.1972646,0.19911118,0.20880124,0.18831274,0.2065102
0.20030965,0.19543442,0.20543882,0.19581822,0.20299888
0.1987478,0.19672081,0.21068166,0.18814331,0.20570642
0.1996281,0.19595945,0.20854253,0.1895374,0.20633252
0.19815908,0.19906007,0.20799911,0.18864761,0.20613413
0.20351203,0.19682288,0.20531608,0.19401895,0.20033002
0.20142211,0.19596052,0.20713374,0.19128972,0.2041939
0.2002086,0.19721182,0.21060844,0.18941832,0.20255281
0.19593287,0.20084418,0.20810114,0.19041903,0.20470281
0.19747923,0.19946297,0.20802702,0.18953699,0.20549381
0.1992352,0.19764514,0.20657295,0.19026652,0.20628017
0.202498,0.19633642,0.20470633,0.19234498,0.2041143
0.19755846,0.19856815,0.20946728,0.18862118,0.20578495
0.19689566,0.19782677,0.20848328,0.19016884,0.20662546
0.2006117,0.18975477,0.21091363,0.18843797,0.21028192
0.20189035,0.19832645,0.20895375,0.1882695,0.20255995
0.20176233,0.19617663,0.20481011,0.19339688,0.20385402
0.19695395,0.20059809,0.2100317,0.18727638,0.2051399
0.19646253,0.19945846,0.20881766,0.18933237,0.20592903
0.20537859,0.19267903,0.20686778,0.19307253,0.20200208
0.2038517,0.19527052,0.20820938,0.19082892,0.20183946
0.20001185,0.19684738,0.20606497,0.19318925,0.20388654
0.19982623,0.19867267,0.2097115,0.18989736,0.20189223
0.19749157,0.19928432,0.20922008,0.1882995,0.20570451
0.20385191,0.19246759,0.20833774,0.19291256,0.20243023
0.20233089,0.19715743,0.20696092,0.19228014,0.20127058
0.1969393,0.19953655,0.20904487,0.19098486,0.20349441
0.19465458,0.20032738,0.21088432,0.18847623,0.20565748
0.20117925,0.19902791,0.20738718,0.19136706,0.20103863
0.20165592,0.19803126,0.2086187,0.18969902,0.20199507
0.20285873,0.1976619,0.20612599,0.19293791,0.20041546
0.20007807,0.19635148,0.20731048,0.19217362,0.20408635
0.20130675,0.19537348,0.20988595,0.1908,0.20263381
0.20168976,0.19727266,0.2062798,0.19344978,0.20130804
0.20252869,0.19582799,0.20694242,0.19335192,0.20134893
0.20440206,0.19343084,0.20519178,0.19597015,0.20100516
0.19985639,0.19650266,0.2072148,0.19188187,0.20454426
0.20280868,0.19220392,0.20771135,0.19521853,0.20205751
0.20478761,0.19226097,0.20757534,0.19325826,0.20211776
0.20143256,0.19697285,0.20882791,0.19116446,0.2016022
0.20351094,0.19402045,0.20732456,0.19297168,0.20217241
0.19902337,0.19376515,0.20758331,0.19489622,0.20473194
0.19933042,0.1970332,0.21130309,0.18979296,0.20254034
0.20243062,0.19501647,0.20889045,0.1913741,0.20228839
0.20156264,0.19924162,0.2078495,0.19010556,0.20124069
0.20488195,0.19411312,0.20687176,0.19288477,0.20124835
0.19872396,0.19595075,0.20692879,0.1945253,0.2038712
0.2005409,0.19612812,0.20903748,0.19203913,0.20225438
0.20128016,0.19537845,0.20709911,0.19498497,0.20125729
0.19967441,0.19548506,0.21035512,0.19118175,0.20330368
0.20176405,0.1954029,0.20901291,0.19135295,0.20246713
0.19876304,0.19675907,0.20599101,0.19419599,0.2042909
0.19834603,0.19374771,0.21160305,0.19248596,0.20381725
0.20106138,0.19539768,0.21033016,0.19062899,0.20258176
0.19815633,0.19799584,0.20946386,0.19147563,0.20290835
0.20291027,0.19556133,0.20733686,0.19284166,0.20134985
0.19725966,0.19597083,0.2076195,0.19517022,0.20397978
0.20276234,0.19100879,0.20732518,0.19688705,0.20201664
0.2009571,0.19499743,0.20934846,0.19214079,0.20255621
0.20541233,0.1908628,0.20852076,0.19300298,0.20220116
0.20013297,0.19837031,0.207974,0.19171989,0.20180286
0.1966607,0.19534516,0.20815074,0.19434392,0.20549947
0.20121774,0.19315147,0.20942988,0.19347826,0.20272265
0.20320773,0.19268204,0.20754029,0.19433422,0.20223573
0.20345846,0.19365737,0.2084583,0.1919607,0.20246516
0.20311646,0.19591337,0.20742032,0.19258551,0.20096432
0.19812773,0.19428137,0.20549251,0.19827889,0.20381945
0.20403534,0.18947102,0.2091695,0.19501477,0.20230937
0.20416105,0.18916601,0.21003316,0.19376463,0.20287517
0.20019226,0.19723226,0.20775382,0.19350788,0.20131384
0.20410223,0.19247434,0.20582849,0.1963018,0.20129317
0.19719228,0.19541155,0.20575608,0.19819963,0.20344044
0.19826639,0.19674419,0.20868117,0.19403456,0.20227362
0.19890718,0.19624367,0.21056888,0.19115183,0.20312841
0.202737,0.19433172,0.20681146,0.19533479,0.20078501
0.20193484,0.1941213,0.20767468,0.19481409,0.20145507
0.19593611,0.19766204,0.20527314,0.19808492,0.2030438
0.20184976,0.19053732,0.20958686,0.19528207,0.20274396
0.20142943,0.19164816,0.21057273,0.19301574,0.20333394
0.20282184,0.19366638,0.20716615,0.19505425,0.2012914
0.20290253,0.19383754,0.20644183,0.19531778,0.20150036
0.19715472,0.19629437,0.20561771,0.19728084,0.20365237
0.20005032,0.19532996,0.207661,0.19541937,0.20153934
0.20040336,0.19451036,0.20836107,0.1946224,0.20210278
0.20283167,0.19340448,0.20727174,0.1951251,0.20136699
0.19901063,0.19585112,0.20862758,0.19434153,0.20216921
0.19607992,0.19821908,0.20606133,0.19699866,0.20264101
0.1980203,0.19610542,0.20886987,0.19446597,0.20253845
0.2020267,0.19449799,0.20648168,0.1958542,0.2011394
0.1997761,0.19497223,0.20901442,0.19395782,0.20227942
0.20099588,0.19404523,0.20865415,0.19373706,0.20256768
0.19746248,0.19749597,0.2068197,0.19523671,0.20298515
0.20182377,0.1912083,0.20845665,0.19586639,0.20264482
0.20495807,0.19140354,0.20443437,0.19838661,0.20081738
0.19902372,0.19559431,0.20973462,0.19285662,0.20279068
0.20305592,0.19271988,0.20771699,0.19485669,0.20165053
0.19634716,0.1970328,0.20540588,0.19838342,0.20283072
0.20038524,0.19253281,0.21053647,0.19315228,0.20339324
0.19909126,0.19311064,0.21107672,0.19368143,0.20303993
0.19891502,0.19511731,0.2110742,0.19160774,0.20328574
0.20046866,0.19494781,0.20852748,0.19408898,0.20196709
0.19608463,0.19753416,0.20708488,0.19622013,0.20307618
0.19724597,0.19582017,0.21049917,0.19320947,0.20322518
0.20066153,0.19495709,0.20864308,0.19349012,0.20224816
0.1993123,0.19576862,0.20968677,0.19223508,0.20299722
0.2013117,0.19183351,0.20924456,0.19449319,0.20311704
0.19485489,0.20173235,0.20727076,0.19459775,0.20154423
0.20186542,0.19290005,0.20717949,0.19622433,0.20183071
0.19732723,0.19615667,0.21142347,0.19175777,0.20333491
0.19856432,0.19515596,0.208681,0.19513278,0.20246595
0.199467,0.19437797,0.20829663,0.19579686,0.2020615
0.19535701,0.1999321,0.20519558,0.19817139,0.2013439
0.19745882,0.19385426,0.21117163,0.19401392,0.20350137
0.19827363,0.19399709,0.20924056,0.19520663,0.20328209
0.2038047,0.1911205,0.20814458,0.19503787,0.20189235
0.20068008,0.19201042,0.20954521,0.19468713,0.20307718
0.19463924,0.20261605,0.20679401,0.19498889,0.20096186
0.19661033,0.19581994,0.2093857,0.19482422,0.20335981
0.19755034,0.19437751,0.21046764,0.19380188,0.20380262
0.19857588,0.19241267,0.21105044,0.19404626,0.20391476
0.1982609,0.19713277,0.20939007,0.1925216,0.20269465
0.19608022,0.19913194,0.20506877,0.19867107,0.20104805
0.1946804,0.19764209,0.21241984,0.19053867,0.204719
0.19792314,0.19716603,0.20787674,0.19444232,0.20259179
0.19771641,0.19644378,0.2088205,0.1940911,0.20292817
0.20215294,0.18874918,0.21005268,0.19546053,0.20358469
0.19212115,0.19924212,0.20868288,0.19730577,0.20264812
0.19491516,0.19729409,0.21102531,0.19235326,0.20441218
0.1963972,0.19293274,0.21134345,0.19399175,0.20533486
0.19967133,0.19268307,0.20847803,0.1959409,0.2032266
0.2009828,0.19097634,0.20956206,0.19514313,0.20333563
0.19333835,0.19811143,0.20704916,0.19895977,0.20254126
0.19914371,0.18929303,0.21134812,0.19503546,0.20517969
0.1972094,0.19246571,0.21075034,0.19542812,0.20414637
0.19821472,0.1929428,0.21063645,0.19407293,0.20413315
0.19912608,0.19088691,0.21089175,0.19437788,0.20471731
0.19309019,0.19997868,0.20580585,0.19992933,0.20119588
0.19860306,0.1896996,0.21160896,0.1953003,0.2047881
0.19521719,0.1924712,0.21408716,0.19183819,0.20638627
0.19689834,0.19339146,0.210002,0.19524059,0.20446756
0.19892234,0.19310984,0.2106639,0.19348364,0.20382032
0.19227086,0.19888817,0.20652819,0.2006098,0.20170304
0.19654018,0.19295602,0.2109219,0.19478118,0.20480072
0.19636062,0.19271207,0.21138877,0.19460084,0.20493774
0.19737595,0.19235049,0.21111777,0.19404516,0.20511062
0.19629875,0.19245994,0.21303946,0.19269994,0.20550196
0.19359556,0.19845247,0.20603974,0.20184717,0.20006506
0.19621597,0.19143197,0.21287636,0.19354202,0.20593368
0.19722596,0.19095622,0.21193379,0.1943617,0.20552231
0.19873375,0.19183736,0.20915735,0.19620517,0.20406635
0.1981068,0.19132046,0.20983444,0.19653371,0.2042046
0.19355634,0.19823451,0.20687494,0.2011053,0.2002289
0.19848351,0.18627745,0.21444912,0.19402003,0.20676985
0.1975655,0.19178587,0.21001764,0.19597515,0.20465583
0.19731992,0.19436114,0.2108643,0.19309276,0.20436183
0.19871567,0.19210221,0.20972258,0.19531795,0.20414157
0.1941789,0.19862828,0.20563997,0.2022315,0.19932134
0.19635935,0.19092456,0.21328022,0.19441882,0.20501702
0.19760181,0.19098228,0.21183193,0.19470417,0.20487985
0.19788085,0.19296876,0.21128258,0.19319084,0.20467691
0.19962092,0.18919335,0.21063483,0.19649184,0.20405906
0.19233628,0.20034282,0.20503767,0.20160799,0.20067523
0.19544314,0.19137388,0.21391389,0.1932524,0.20601667
0.19695243,0.19227764,0.21296708,0.19251946,0.20528339
0.19950509,0.19017658,0.21084976,0.19488387,0.20458469
0.20127693,0.18906939,0.21064992,0.1950585,0.20394525
0.19500507,0.19813456,0.2044568,0.20350955,0.19889402
0.19383867,0.19147511,0.21451586,0.19345124,0.20671915
0.19698063,0.18986902,0.21302357,0.1940999,0.20602685
0.20090748,0.18815865,0.21082246,0.19546106,0.20465036
0.20493537,0.18496905,0.20977876,0.19683963,0.20347717
0.19518447,0.19473237,0.20429614,0.2066237,0.19916333
0.19667791,0.18719155,0.21333306,0.19624545,0.20655204
0.1960428,0.19089694,0.21342954,0.19371964,0.20591107
0.2018684,0.18489763,0.21071763,0.19827135,0.20424494
0.20293637,0.18555565,0.21035726,0.19694458,0.20420615
0.19257271,0.19777453,0.20729566,0.20199206,0.20036505
0.19688347,0.18670063,0.21277367,0.19763856,0.20600368
0.19992962,0.18531795,0.21257652,0.19702816,0.20514779
0.19908838,0.1870568,0.21219857,0.19629252,0.20536377
0.2005156,0.18674178,0.21116664,0.19750723,0.20406878
0.19297759,0.19573808,0.20513554,0.20647149,0.19967732
0.19526379,0.18806179,0.21391813,0.19620639,0.20654988
0.19703873,0.18891835,0.21287926,0.1949517,0.20621197
0.19715033,0.19369863,0.20947357,0.1963321,0.20334542
0.19624017,0.19385101,0.20942686,0.19674441,0.20373757
0.19484249,0.19589737,0.20519587,0.20459849,0.1994658
0.19811516,0.18490577,0.21319135,0.19721682,0.20657086
0.19709523,0.1915342,0.21187747,0.19539513,0.20409797
0.19953051,0.19054513,0.20934916,0.19747502,0.20310014
0.19775316,0.19132143,0.20922688,0.19857271,0.20312582
0.19440784,0.19376595,0.2053225,0.20680445,0.19969921
0.19551583,0.18961234,0.21196918,0.19710231,0.2058003
0.19587833,0.19141541,0.21091166,0.19734223,0.20445234
0.196279,0.19176589,0.21007037,0.19774592,0.20413883
0.19908746,0.1901024,0.20828672,0.19942275,0.20310067
0.19495097,0.19582869,0.20396188,0.20676567,0.19849272
0.19534126,0.1896532,0.21225135,0.19692509,0.20582904
0.19635898,0.19049901,0.21058056,0.19759761,0.20496385
0.19891943,0.18895783,0.20943463,0.19902119,0.20366696
0.19914535,0.18922831,0.20907304,0.1991227,0.2034306
0.19171134,0.19392042,0.20673111,0.20645759,0.20117955
0.19428524,0.19166958,0.21200505,0.19629662,0.20574348
0.19530639,0.19162276,0.21084133,0.19740589,0.20482364
0.1954925,0.19227223,0.21111338,0.19722904,0.20389284
0.19669801,0.19296387,0.2090187,0.198003,0.2033164
0.19246937,0.195013,0.2055787,0.20736064,0.19957832
0.19505498,0.18897782,0.21216847,0.19778968,0.20600908
0.19626422,0.19128901,0.20979762,0.19822995,0.20441921
0.19602802,0.1924125,0.21077913,0.19701745,0.20376296
0.1968111,0.19285198,0.208139,0.1992042,0.20299372
0.1922527,0.19647047,0.20285423,0.20932475,0.19909787
0.1937367,0.19242682,0.21192327,0.19605674,0.20585643
0.19542807,0.1918029,0.20947696,0.19900945,0.20428258
0.19871816,0.1902178,0.20767874,0.20074323,0.20264208
0.1948049,0.19328609,0.20911512,0.19936731,0.20342658
0.19111806,0.19603884,0.20518816,0.20758076,0.20007415
0.19321778,0.19065009,0.21077822,0.19937055,0.20598336
0.19608893,0.1928636,0.20851162,0.1990223,0.20351358
0.19389768,0.19487876,0.20934601,0.19818178,0.2036958
0.19496001,0.19565897,0.20790817,0.19856907,0.20290376
0.19108176,0.19613507,0.20285885,0.21043512,0.19948916
0.19440277,0.1906805,0.21001148,0.19930057,0.20560472
0.1919363,0.19368052,0.21114288,0.19829138,0.20494893
0.19393544,0.19579805,0.20880619,0.19816463,0.20329572
0.19494806,0.19404544,0.20761164,0.2003695,0.20302533
0.19120693,0.19309439,0.20528622,0.20956935,0.20084314
0.1933588,0.1912801,0.21038276,0.19977194,0.20520644
0.1941864,0.19375537,0.2083681,0.1998201,0.20387003
0.19441445,0.19453737,0.20804161,0.1999911,0.20301546
0.1948091,0.19739728,0.2067226,0.1988597,0.20221141
0.1922579,0.19467837,0.20359968,0.20995511,0.1995089
0.19296314,0.19179684,0.2102307,0.19961052,0.20539883
0.19640444,0.19230947,0.20646444,0.20209394,0.20272763
0.19363455,0.19730394,0.20802781,0.19865656,0.20237716
0.1969091,0.1953137,0.20485128,0.20188491,0.20104103
0.19112475,0.19722654,0.20307007,0.20891741,0.19966124
0.19395053,0.1926373,0.2087055,0.20035596,0.20435067
0.19567221,0.19475904,0.20677173,0.20066181,0.20213519
0.19533467,0.19693705,0.20535961,0.20097151,0.20139715
0.19658844,0.19623743,0.20405023,0.20283607,0.20028786
0.19179657,0.19519432,0.20347926,0.21001509,0.19951475
0.19322136,0.19407916,0.20919663,0.19933501,0.20416781
0.19258554,0.19800529,0.20697074,0.19990285,0.20253557
0.19249752,0.19981278,0.20695548,0.19900462,0.20172966
0.19376084,0.20175913,0.20450094,0.19949982,0.20047924
0.19114721,0.19416451,0.20470636,0.20923282,0.20074914
0.19220124,0.19653344,0.20847479,0.1989328,0.20385775
1.4581816e-05,0.99998534,3.4481875e-08,3.4481875e-08,3.4481875e-08
0.19071558,0.1949802,0.21036872,0.19769177,0.20624366
0.19352563,0.19689055,0.20445044,0.20352179,0.20161161
0.19074057,0.19525899,0.20272322,0.2118538,0.19942339
0.193816,0.19395621,0.20683868,0.20252806,0.20286104
0.19322075,0.1973616,0.20638965,0.20091864,0.20210937
0.19314626,0.20117167,0.20422493,0.20109363,0.2003635
0.19471823,0.20184965,0.20220253,0.20244896,0.19878066
0.190494,0.19526042,0.2036474,0.2106829,0.19991529
0.19475116,0.19503444,0.20576733,0.2022996,0.20214745
0.19364032,0.20208995,0.20313182,0.20153677,0.19960117
0.19230889,0.20441812,0.20262562,0.20161858,0.19902885
0.19408374,0.20491919,0.20018761,0.20344554,0.19736393
0.19228713,0.18895003,0.20373783,0.21479894,0.20022607
0.19338107,0.19850405,0.20448916,0.20268667,0.20093907
0.19454458,0.2038108,0.20075935,0.20266555,0.19821972
0.19392464,0.20726354,0.19982064,0.2018781,0.19711311
0.1931723,0.20789029,0.19890732,0.20353343,0.19649668
0.19152877,0.19216813,0.20473315,0.21073078,0.20083912
0.19259568,0.20332289,0.20240527,0.20209432,0.19958186
0.19409783,0.20612773,0.19844416,0.20454791,0.19678237
0.1938528,0.20917575,0.1977006,0.2036425,0.19562833
0.19523631,0.20939589,0.19672997,0.20517124,0.19346659
0.19067964,0.19308491,0.20270023,0.21411256,0.19942267
0.19339556,0.2059699,0.20059134,0.20178577,0.19825745
0.1935997,0.20875101,0.19758512,0.20483172,0.19523247
0.19407065,0.21302795,0.19534983,0.20336817,0.1941834
0.19457853,0.21386975,0.1944174,0.20442677,0.19270752
0.19011858,0.19235535,0.20411678,0.21306941,0.2003399
0.19523789,0.20651953,0.19786285,0.20537251,0.19500726
0.19441968,0.2126634,0.19563858,0.2030808,0.19419752
0.19410782,0.21451667,0.19474988,0.20373091,0.19289471
0.19613461,0.21528848,0.19142844,0.20712674,0.1900217
0.18996993,0.19475526,0.20194936,0.21406531,0.1992602
0.19508776,0.21023127,0.1958918,0.20500301,0.19378619
0.19544649,0.21346246,0.19348092,0.20536812,0.19224201
0.19633171,0.21711396,0.19221087,0.20394413,0.19039933
0.19617166,0.21961264,0.18995588,0.2051587,0.18910113
0.19050704,0.19115922,0.20355576,0.21445973,0.20031822
0.1943457,0.2133562,0.19563621,0.20285311,0.19380881
0.19711341,0.21643963,0.19090639,0.20593205,0.18960856
0.1982362,0.22000776,0.18987514,0.20347631,0.18840455
0.1979453,0.22180003,0.18867531,0.20353334,0.18804607
0.19072773,0.19114874,0.20146602,0.21718238,0.19947515
0.21198198,0.19223751,0.20341574,0.19159658,0.20076816
0.20576338,0.20231546,0.20181955,0.19288565,0.19721593
0.20563269,0.20501283,0.20235085,0.1897438,0.19725987
0.20504005,0.20528358,0.20274487,0.18927081,0.19766065
0.20564894,0.2006191,0.20235829,0.1918916,0.19948204
0.20911388,0.19657505,0.20344381,0.1910269,0.19984034
0.20415357,0.20229016,0.20444645,0.19046737,0.1986424
0.20552832,0.20270069,0.20112565,0.19258523,0.19806015
0.20615283,0.20068395,0.20172244,0.19237846,0.19906236
0.20545682,0.19913182,0.2004587,0.19567156,0.19928107
0.21047257,0.19507717,0.20011288,0.19507483,0.19926257
0.20512603,0.20463425,0.20075579,0.19203472,0.19744922
0.20282651,0.20514348,0.20363648,0.19006848,0.19832504
0.20294708,0.20343222,0.20299311,0.19143653,0.1991911
0.20582207,0.20348085,0.20135151,0.1910794,0.19826618
0.20896874,0.19947736,0.20239255,0.19066732,0.198494
0.20400365,0.20336743,0.2007578,0.1942461,0.19762503
0.20508657,0.20297813,0.20185265,0.19143742,0.19864523
0.20264235,0.20381239,0.20287646,0.19162838,0.19904043
0.20463803,0.20332418,0.20101732,0.19211029,0.19891019
0.20999546,0.1946599,0.20087752,0.19433476,0.20013241
0.20344874,0.20598304,0.20311627,0.1892498,0.1982022
0.20337468,0.20568942,0.20111896,0.19240263,0.1974143
0.20523462,0.2012914,0.201165,0.19316098,0.19914795
0.2024174,0.20566735,0.20050396,0.19353813,0.19787319
0.20841822,0.20308365,0.2025596,0.18835104,0.19758746
0.2030745,0.20735447,0.2021105,0.1903425,0.19711801
0.20415309,0.20663805,0.20189877,0.1894638,0.19784625
0.20180038,0.2065935,0.20381854,0.18897095,0.19881667
0.20409125,0.20632516,0.20059472,0.19119617,0.19779268
0.20744966,0.1984384,0.20317483,0.19225109,0.19868606
0.20262069,0.20422903,0.20124665,0.19359516,0.19830847
0.20281626,0.2056732,0.20155978,0.19194387,0.19800688
0.20247443,0.20620309,0.20238744,0.19033268,0.19860235
0.20250618,0.20290577,0.2028388,0.19183595,0.19991332
0.21009284,0.1986601,0.20166236,0.19066587,0.1989188
0.20376076,0.20192848,0.20167117,0.19382489,0.19881466
0.20060253,0.20723262,0.20400342,0.18929324,0.19886817
0.20246556,0.20745283,0.2019799,0.1903296,0.19777212
0.20402335,0.20303342,0.20180844,0.19148324,0.19965154
0.20982222,0.19591044,0.19992328,0.1947191,0.199625
0.20416301,0.20423822,0.20208076,0.1905892,0.19892886
0.20314239,0.20530677,0.20291577,0.18935163,0.19928344
0.20394391,0.20306753,0.20344418,0.18911669,0.2004277
0.20223902,0.20602383,0.20213027,0.19050871,0.19909813
0.2088715,0.1974081,0.2009622,0.19337146,0.19938675
0.20184553,0.20398976,0.20423578,0.19027826,0.19965062
0.20299171,0.20112291,0.20276271,0.19260877,0.2005139
0.20417592,0.20304947,0.20112267,0.19176139,0.19989054
0.20272924,0.20366384,0.2037475,0.18946084,0.2003986
0.20807256,0.1973695,0.20144977,0.19397013,0.19913806
0.20119388,0.20607264,0.20639423,0.18654762,0.19979163
0.2020167,0.2041233,0.20333974,0.18997476,0.2005455
0.20359424,0.20202288,0.20355412,0.18989286,0.20093596
0.20429242,0.2031211,0.20035464,0.1926054,0.19962645
0.20844913,0.1987894,0.20185895,0.19169375,0.19920875
0.20453596,0.2049872,0.20086625,0.1908351,0.19877547
0.20237872,0.20360193,0.20475627,0.18804274,0.20122035
0.20065892,0.2078632,0.2060408,0.18537337,0.2000637
0.20289873,0.20058924,0.20325641,0.19147345,0.20178215
0.20668216,0.19995284,0.20419686,0.18875778,0.20041034
0.20298214,0.20238504,0.20389874,0.19035123,0.20038283
0.2026935,0.20586157,0.20436664,0.18744674,0.19963156
0.20136356,0.20483361,0.20546798,0.1873889,0.20094596
0.20378453,0.2031959,0.20316423,0.18893468,0.20092066
0.20849237,0.1986066,0.20373005,0.18865895,0.20051202
0.20455189,0.2013007,0.20338269,0.19033459,0.20043012
0.20370953,0.20212649,0.20360479,0.18941765,0.20114157
0.20385037,0.19666079,0.20144446,0.19534628,0.20269805
0.20308402,0.20244974,0.20635836,0.18512414,0.20298372
0.20844617,0.19921516,0.20077664,0.19296461,0.19859748
0.20258667,0.20190182,0.20606577,0.18837665,0.20106912
0.20301999,0.20052306,0.20550922,0.18834032,0.20260742
0.20584044,0.19477789,0.20462105,0.18940663,0.20535399
0.20133115,0.20347399,0.2067172,0.18632361,0.20215407
0.20783733,0.19750114,0.20304558,0.19082022,0.20079575
0.20173492,0.2034695,0.20383821,0.19099845,0.1999589
0.20206514,0.20423247,0.20255461,0.19153336,0.1996144
0.20157382,0.20332569,0.20176895,0.19306523,0.20026636
0.20165645,0.20176224,0.2029419,0.19233273,0.20130669
0.20887105,0.1930348,0.20357808,0.19151479,0.20300122
0.20052022,0.20338754,0.20704754,0.18779822,0.20124647
0.20333356,0.2015003,0.20301291,0.1903953,0.20175786
0.20489556,0.20224625,0.20315863,0.18775351,0.2019461
0.20423822,0.19599919,0.2038293,0.19102997,0.20490333
0.20829676,0.19889912,0.2045903,0.18731157,0.20090224
0.20211671,0.19895463,0.20579806,0.1913172,0.2018134
0.20303039,0.20245579,0.20474012,0.18845257,0.20132115
0.20284542,0.20287138,0.2044802,0.1882749,0.20152806
0.20403984,0.20225027,0.20362362,0.18807217,0.2020141
0.20751636,0.19943471,0.20110367,0.1925846,0.19936068
0.20246506,0.2043044,0.20630875,0.18511525,0.20180656
0.20337039,0.20289643,0.20412204,0.18767257,0.20193852
0.20265967,0.20377938,0.20543875,0.18515253,0.20296964
0.20381969,0.20172805,0.20286866,0.18969075,0.20189281
0.20737788,0.19692534,0.204842,0.1891946,0.20166022
0.20082897,0.20271035,0.20762692,0.18643546,0.20239829
0.20428306,0.19836338,0.20259078,0.19203843,0.20272438
0.20306537,0.20168161,0.20581214,0.18600683,0.20343405
0.20412967,0.201106,0.20448938,0.18723786,0.20303716
0.20984423,0.19231492,0.20438465,0.1891642,0.204292
0.20352083,0.19739945,0.20674805,0.18839063,0.20394102
0.20331728,0.19619425,0.20570906,0.18974806,0.20503137
0.20344338,0.19942875,0.20553604,0.1876585,0.20393334
0.20227827,0.19614282,0.20538974,0.19078772,0.20540145
0.20747852,0.19700314,0.2027025,0.19278353,0.20003228
0.2006155,0.20201555,0.20748208,0.18736325,0.20252363
0.2033437,0.19888021,0.20544522,0.18802167,0.20430915
0.20160489,0.2012694,0.20674998,0.18600872,0.20436703
0.20309357,0.20060873,0.20348842,0.18929823,0.20351104
0.20638892,0.19569625,0.20471367,0.1909961,0.20220508
0.20112538,0.200736,0.20607138,0.18956588,0.20250133
0.20131734,0.20412143,0.20558764,0.18715067,0.2018229
0.20338506,0.19748625,0.20459285,0.19029135,0.20424454
0.20378555,0.19940178,0.20379822,0.18889599,0.20411846
0.20887661,0.19747755,0.20272373,0.18886685,0.20205526
0.20045118,0.20055829,0.2073642,0.18749402,0.20413229
0.2035004,0.19984372,0.20312236,0.19013226,0.20340127
0.20093846,0.20214695,0.20579734,0.1878564,0.20326084
0.20306101,0.19828704,0.20390436,0.18986517,0.2048824
0.20714128,0.19495846,0.20629665,0.18791848,0.20368513
0.2014534,0.19944848,0.20722057,0.18787345,0.20400412
0.20180672,0.19543415,0.20602845,0.19099094,0.20573975
0.2032913,0.19756913,0.20506983,0.18887155,0.20519821
0.2005325,0.20207837,0.20783246,0.18507735,0.20447932
0.20846899,0.18981695,0.20481864,0.1923203,0.2045751
0.20052454,0.20177019,0.20623618,0.18890151,0.20256759
0.2016213,0.20016496,0.20315112,0.19241758,0.20264508
0.2010052,0.20098229,0.20615591,0.18763152,0.20422506
0.20301686,0.1987724,0.2032638,0.19071072,0.20423621
0.20701303,0.19610074,0.20301315,0.19208908,0.20178401
0.20328943,0.19940081,0.20544629,0.18845785,0.2034056
0.202207,0.19903252,0.2054796,0.18868898,0.2045919
0.19933487,0.20250717,0.20813395,0.18547639,0.2045476
0.19931108,0.204819,0.20921324,0.18294437,0.20371228
0.2047517,0.19810155,0.206904,0.18803844,0.20220435
0.19961558,0.20464274,0.20858367,0.18421738,0.20294061
0.20074826,0.20141637,0.20678143,0.18694463,0.2041093
0.20219061,0.20160626,0.20697749,0.18460353,0.20462212
0.20172621,0.20078465,0.20531553,0.18743712,0.20473644
0.20613623,0.19525425,0.20574631,0.18894391,0.20391929
0.20106754,0.20123765,0.206456,0.18765043,0.20358838
0.20163812,0.20052385,0.20596717,0.18744734,0.20442352
0.20053427,0.20327112,0.20867752,0.1831853,0.2043318
0.2023182,0.19709349,0.20371793,0.19155817,0.20531219
0.20666158,0.19333167,0.20531128,0.19053686,0.2041586
0.20028614,0.19891001,0.2077843,0.18759248,0.20542711
0.20209771,0.19978683,0.20511201,0.18858418,0.20441929
0.20013317,0.19878282,0.20565578,0.19054697,0.20488125
0.20049624,0.20318848,0.20634018,0.18639904,0.20357604
0.20502558,0.19874004,0.20828706,0.18567625,0.20227106
0.19869404,0.20459642,0.20469691,0.19052635,0.20148627
0.20171505,0.20155509,0.20581682,0.18629578,0.20461725
0.20065798,0.19966403,0.20619369,0.18839096,0.20509335
0.19960849,0.20176098,0.20608671,0.18841784,0.20412602
0.20417805,0.19679421,0.2051524,0.19147931,0.202396
0.20114549,0.2001134,0.20552452,0.18967447,0.20354216
0.20187089,0.20199427,0.20474929,0.18784703,0.20353852
0.19953729,0.20427378,0.20740867,0.18532382,0.20345642
0.19985673,0.20214123,0.20614383,0.18782003,0.20403819
0.20563684,0.197655,0.20554772,0.18872482,0.20243561
0.19866256,0.20507628,0.20901045,0.18428558,0.20296514
0.19990766,0.20026898,0.20756829,0.18744501,0.20481004
0.20158486,0.2022348,0.20467259,0.18759371,0.20391405
0.19956018,0.20229585,0.20553601,0.18864202,0.20396589
0.2049563,0.19535294,0.20436956,0.19231115,0.20301002
0.20119834,0.20037462,0.20648444,0.18827099,0.20367157
0.19971494,0.20185758,0.20736335,0.18617469,0.20488943
0.20187365,0.1999665,0.20393445,0.1897816,0.2044438
0.20381686,0.19832937,0.20183444,0.19242547,0.20359387
0.20746516,0.1943928,0.20197526,0.19392833,0.20223847
0.19909711,0.1999861,0.20734157,0.18921268,0.20436256
0.20120437,0.19676308,0.20564169,0.19092439,0.20546645
0.20009482,0.20110098,0.20630628,0.18752952,0.20496844
0.20201941,0.19739491,0.20638847,0.18780887,0.20638832
0.20548014,0.1978498,0.20548092,0.18756504,0.2036241
0.19880588,0.20415404,0.2071851,0.18641311,0.20344186
0.20058492,0.19873737,0.20366709,0.19261992,0.2043907
0.20072326,0.19844957,0.2069554,0.18793742,0.20593436
0.19952689,0.20299949,0.20636481,0.18691778,0.20419104
0.20407072,0.19628797,0.20776425,0.18782233,0.2040547
0.19876686,0.20038368,0.20899436,0.18695623,0.20489883
0.19978586,0.1986141,0.2060652,0.19060908,0.20492576
0.19869082,0.20180152,0.20568565,0.19052657,0.20329544
0.19959912,0.20298621,0.20366547,0.19126014,0.20248906
0.20580328,0.1938475,0.20518647,0.1916942,0.20346856
0.19961967,0.20139591,0.2058006,0.18941823,0.20376556
0.19976914,0.20381644,0.2055507,0.1877746,0.20308913
0.19868882,0.20538753,0.20451277,0.18945849,0.20195235
0.1987164,0.20596583,0.20372836,0.18946902,0.20212033
0.20875277,0.20997691,0.19765724,0.18646242,0.19715066
0.1990269,0.19831936,0.21247092,0.18457334,0.20560944
0.2005911,0.19779871,0.21027373,0.18585707,0.20547943
0.20004916,0.20160563,0.20854802,0.1849954,0.20480174
0.1991537,0.19988388,0.21029095,0.1846535,0.20601797
0.2045142,0.19344293,0.20849204,0.18848172,0.20506912
0.2001719,0.19860679,0.20749085,0.18949844,0.20423199
0.1991535,0.20020989,0.20886013,0.18621144,0.20556507
0.20116375,0.20119953,0.20591804,0.18688539,0.20483328
0.19985324,0.19993408,0.20665391,0.18756142,0.20599736
0.20648146,0.19686091,0.2066276,0.18779384,0.20223616
0.19790646,0.19883423,0.20938964,0.18843178,0.20543788
0.20009233,0.19837566,0.208582,0.18734331,0.20560667
0.19979616,0.19839902,0.20730357,0.18894263,0.20555861
0.2014238,0.19826029,0.20555104,0.18903676,0.20572811
0.20397216,0.19578137,0.20799786,0.18833545,0.20391314
0.20127676,0.19635391,0.20556651,0.19175829,0.20504451
0.19872081,0.20220847,0.20886087,0.18573064,0.2044792
0.19921641,0.19861126,0.20780927,0.18883845,0.20552467
0.19833747,0.19916739,0.20584105,0.19129744,0.20535663
0.2028528,0.19522353,0.20777382,0.190012,0.20413785
0.19716327,0.20047744,0.21074304,0.18618593,0.20543037
0.20172817,0.19458732,0.20538126,0.19204165,0.2062616
0.1975391,0.19919871,0.21004836,0.18677089,0.20644292
0.19930625,0.19939722,0.20822349,0.1864931,0.20657994
0.2039755,0.19297884,0.20783989,0.19034706,0.2048587
0.19880114,0.19545546,0.20796861,0.19176948,0.20600529
0.19914405,0.199272,0.2065407,0.19026786,0.20477538
0.19760829,0.20142817,0.20828451,0.18771195,0.20496707
0.20031255,0.19545516,0.20736316,0.1900166,0.20685253
0.20314787,0.19514899,0.20708406,0.19127212,0.20334692
0.19824484,0.2007959,0.20810026,0.18847421,0.20438479
0.19826925,0.19950856,0.2084808,0.18852733,0.20521405
0.19829565,0.19951804,0.20777373,0.18859293,0.2058197
0.1986714,0.19973472,0.2083326,0.1880686,0.20519274
0.20417328,0.19661258,0.20708764,0.18835805,0.20376849
0.19891158,0.1997016,0.20842741,0.1878844,0.20507501
0.19747919,0.2008677,0.20668918,0.19095688,0.20400707
0.19763736,0.20348637,0.20619887,0.18954754,0.20312986
0.19649777,0.20084733,0.2084125,0.1886349,0.20560749
0.20217097,0.19830784,0.20683958,0.18990941,0.20277217
0.19676733,0.20176306,0.209173,0.1876532,0.20464338
0.19689476,0.20106553,0.20700611,0.19054292,0.20449069
0.19760987,0.20086616,0.20772639,0.1886165,0.2051811
0.19802079,0.19756226,0.20793729,0.18992734,0.20655231
0.20342185,0.19845316,0.20537575,0.19128504,0.20146419
0.1987215,0.19708693,0.20771603,0.19102141,0.20545413
0.19769587,0.19967175,0.21023536,0.18680021,0.20559679
0.19866778,0.2016012,0.2069434,0.18825318,0.20453447
0.19969432,0.19942114,0.20681451,0.18849061,0.2055794
0.20264299,0.19700673,0.20494746,0.19332454,0.2020783
0.19785443,0.20066898,0.20709889,0.1905002,0.20387746
0.19862838,0.1977412,0.2082004,0.189017,0.206413
0.19869861,0.200856,0.2081529,0.18667561,0.20561695
0.20045552,0.19673772,0.20610146,0.19040881,0.2062965
0.20160201,0.19906704,0.2067315,0.18999194,0.20260753
0.19761494,0.20398475,0.20886727,0.18523054,0.2043025
0.1989854,0.19841518,0.20764105,0.18884721,0.2061112
0.19770972,0.20222233,0.20623219,0.18908499,0.20475078
0.19854473,0.20155947,0.2061098,0.1893739,0.20441206
0.19951744,0.20246431,0.20752297,0.18919058,0.20130467
0.19826481,0.20122579,0.20607379,0.19080429,0.20363133
0.20223369,0.1974607,0.20632274,0.19248226,0.20150062
0.19721252,0.20237313,0.20651016,0.18939015,0.20451403
0.19848166,0.20003231,0.20473616,0.1916981,0.20505176
0.20211075,0.19950218,0.20542689,0.19130695,0.20165321
0.19690847,0.20047742,0.20706263,0.19128704,0.20426442
0.19588871,0.2032779,0.20706753,0.18902521,0.20474063
0.19728845,0.20303854,0.20794956,0.18659522,0.2051282
0.19712192,0.20167333,0.20459613,0.19215962,0.20444898
0.20074423,0.19917436,0.20625801,0.19206543,0.20175794
0.19552204,0.20387682,0.2081861,0.18825532,0.20415966
0.19788796,0.20431973,0.2060431,0.18774071,0.2040085
0.19831437,0.20467436,0.20804518,0.18661289,0.20235318
0.19570042,0.20649461,0.20638919,0.18763044,0.20378533
0.2011598,0.20057221,0.20372957,0.19339342,0.20114495
0.19818029,0.20120831,0.20930728,0.1886239,0.20268019
0.19596091,0.20460986,0.2080081,0.18730663,0.20411453
0.19777375,0.20305027,0.20835176,0.18834561,0.20247863
0.19988853,0.2024648,0.2067735,0.18964116,0.20123202
0.19975047,0.19961804,0.20289107,0.19673367,0.20100677
0.19998074,0.19678664,0.20782852,0.19273278,0.20267127
0.19848074,0.20130245,0.20842618,0.18905622,0.20273444
0.19878368,0.20381719,0.20502572,0.19166109,0.20071232
0.19703728,0.20455323,0.20812471,0.18835199,0.2019328
0.19945349,0.20054156,0.20643955,0.1915971,0.20196828
0.1982329,0.2011351,0.20800577,0.1902369,0.20238934
0.20050602,0.20056231,0.20605935,0.19172668,0.20114559
0.19659823,0.20389846,0.21028562,0.18617406,0.20304358
0.19882879,0.20380701,0.20750785,0.18780246,0.20205387
0.19893284,0.20305084,0.20714597,0.18926151,0.20160879
0.19549844,0.20223339,0.21180098,0.1866176,0.2038496
0.19662093,0.2035808,0.20967154,0.18684581,0.20328091
0.19686483,0.20374905,0.20776282,0.18900454,0.2026187
0.19663934,0.20501666,0.20895755,0.18683235,0.20255405
0.20001708,0.20480816,0.20294651,0.19213744,0.20009077
0.19792739,0.19961855,0.20960027,0.19014223,0.20271157
0.19786927,0.20138794,0.20859839,0.18929835,0.20284604
0.19765677,0.20686291,0.20674719,0.1871356,0.20159751
0.19457285,0.20585977,0.209622,0.18631922,0.20362614
0.19864334,0.20394479,0.20641741,0.18981399,0.20118052
0.19762844,0.20319286,0.20841691,0.18870676,0.20205505
0.19679534,0.20349605,0.20936859,0.18722163,0.20311838
0.19973408,0.19624577,0.20730865,0.1934709,0.20324059
0.19704099,0.20129754,0.20830768,0.19003129,0.20332249
0.19886166,0.19890502,0.20320594,0.19819279,0.20083459
0.19816488,0.20056261,0.20470944,0.19546363,0.20109949
0.20008637,0.20130914,0.20631562,0.19042714,0.20186172
0.19908112,0.1997144,0.20761618,0.1906985,0.20288983
0.2003999,0.20071018,0.2070409,0.19037032,0.20147868
0.1992729,0.2014756,0.20603555,0.19148037,0.2017356
0.19635579,0.20274764,0.20848235,0.18962507,0.20278919
0.19663583,0.20071343,0.20894168,0.19028805,0.20342094
0.19867113,0.20274483,0.20598786,0.19086032,0.20173584
0.19963388,0.20002797,0.2066359,0.19152233,0.20217991
0.19927327,0.2019511,0.20237197,0.19559903,0.20080464
0.2002517,0.1979618,0.20730953,0.19190238,0.20257458
0.19729361,0.20396213,0.20729634,0.18950881,0.20193912
0.19779442,0.20111835,0.20821436,0.18972696,0.20314588
0.19956441,0.19760485,0.20722091,0.1925329,0.20307691
0.19766694,0.20288591,0.20609318,0.19203426,0.20131971
0.19583929,0.20198028,0.20825869,0.19089977,0.20302193
0.19971529,0.20002747,0.205241,0.19341233,0.20160395
0.19741799,0.20226552,0.20677729,0.19111349,0.20242578
0.19867906,0.19893265,0.20648444,0.1933511,0.20255277
0.19791488,0.20145999,0.207245,0.1910808,0.20229933
0.19728523,0.1999566,0.20794103,0.19228339,0.20253375
0.19807476,0.20210843,0.20770946,0.1902705,0.20183681
0.20010693,0.19830015,0.20694412,0.19223352,0.20241529
0.19892654,0.20370074,0.20625582,0.18983275,0.2012842
0.19672723,0.20618063,0.20813556,0.18828525,0.20067133
0.19856288,0.19783415,0.2083671,0.1925244,0.20271146
0.19743687,0.20181903,0.21028097,0.18711723,0.20334592
0.19764295,0.20077375,0.20690449,0.19179265,0.2028862
0.19694072,0.19961248,0.20864369,0.19085419,0.20394893
0.19766788,0.2039838,0.20566651,0.19177914,0.20090267
0.19535807,0.20326272,0.2082701,0.18973272,0.2033764
0.19638152,0.20065457,0.20853448,0.19088696,0.20354246
0.19846477,0.19997266,0.20787336,0.19096057,0.20272866
0.19646746,0.20291126,0.20794153,0.19010352,0.20257626
0.19522838,0.2047937,0.20181574,0.19915861,0.19900358
0.19442382,0.19995448,0.20775017,0.1950197,0.20285179
0.19845334,0.19894628,0.20400052,0.1973495,0.20125039
0.19937895,0.19764556,0.20763876,0.19321549,0.20212124
0.19923225,0.19801176,0.20694476,0.19297151,0.20283967
0.19617276,0.2033054,0.20577586,0.1936952,0.20105079
0.19497152,0.19964355,0.2090136,0.19248049,0.20389089
0.19632158,0.20150405,0.20791258,0.19109324,0.20316857
0.19611914,0.1986848,0.20912778,0.19162081,0.20444745
0.19754739,0.20030865,0.20651965,0.19370702,0.20191729
0.19756338,0.20385812,0.20332032,0.19488268,0.20037553
0.19470097,0.20086361,0.2118287,0.18779658,0.2048102
0.19753197,0.19892389,0.20785345,0.19232841,0.20336223
0.1963166,0.20022036,0.20719385,0.19283924,0.20342994
0.1965768,0.20089284,0.20802243,0.19179633,0.20271161
0.19680391,0.2007502,0.20604081,0.19457038,0.20183468
0.1989842,0.19762366,0.20517875,0.19637218,0.20184124
0.19652201,0.19614795,0.20768191,0.19577588,0.20387223
0.198947,0.19602694,0.20506337,0.19783479,0.20212784
0.1966624,0.19795954,0.21098515,0.18989058,0.20450231
0.19522664,0.20229097,0.20457959,0.196393,0.20150979
0.19627716,0.197055,0.20930155,0.19295184,0.20441449
0.1962951,0.19921552,0.20982286,0.19033024,0.20433624
0.19511127,0.20094371,0.20786273,0.1928637,0.20321856
0.19806623,0.19927078,0.2058668,0.194033,0.20276318
0.19534944,0.20297985,0.20612279,0.19457911,0.20096883
0.19664644,0.20309205,0.20714346,0.19049631,0.20262171
0.19326176,0.1990487,0.21153957,0.18997002,0.20617995
0.19562297,0.20200257,0.20694466,0.19215026,0.20327953
0.19555576,0.20026414,0.2081322,0.19263464,0.20341326
0.19447671,0.20171198,0.20594057,0.19668941,0.20118135
0.1941157,0.19889055,0.20998596,0.19207038,0.20493735
0.19618993,0.19891797,0.20573144,0.19601277,0.20314792
0.1955487,0.20109102,0.20409085,0.19718051,0.20208895
0.19557184,0.19978365,0.20883785,0.19220981,0.20359689
0.19323824,0.20101872,0.20696026,0.196165,0.20261775
0.19530629,0.19692993,0.20915133,0.19406714,0.20454535
0.1974119,0.19671859,0.20749842,0.19448729,0.20388381
0.19634663,0.19703934,0.20917252,0.1931527,0.20428886
0.19651324,0.20004885,0.20624144,0.19446136,0.20273516
0.19564037,0.20034605,0.20342612,0.19971065,0.20087685
0.19640607,0.19473141,0.2102017,0.19370787,0.20495294
0.19720143,0.19860695,0.20630404,0.19453864,0.20334892
0.19650248,0.19998217,0.20824899,0.19179809,0.20346831
0.19591182,0.19592538,0.20843917,0.19485919,0.20486443
0.1950108,0.20129044,0.20584041,0.19669482,0.20116356
0.19571222,0.19808368,0.2083039,0.19374445,0.20415577
0.197793,0.1952094,0.2081233,0.1950348,0.2038395
0.1974635,0.19737808,0.20721135,0.19505236,0.20289475
0.19589216,0.19849484,0.20743668,0.19567296,0.2025034
0.1952783,0.19836822,0.20852013,0.19468476,0.20314856
0.19688626,0.1961523,0.20743935,0.1958842,0.20363793
0.1985521,0.1960417,0.2058348,0.19730175,0.20226963
0.19901487,0.196389,0.2092997,0.1922041,0.20309229
0.19647722,0.19915918,0.20877655,0.19227582,0.20331126
0.19493933,0.1990367,0.20447938,0.2004787,0.20106594
0.19736908,0.19460313,0.20786193,0.19689412,0.2032717
0.19518752,0.19801864,0.20855351,0.1943214,0.20391895
0.19602032,0.19693527,0.20906827,0.19391863,0.2040575
0.19979592,0.19262056,0.2079572,0.19655013,0.20307618
0.1929551,0.20128988,0.20552747,0.19909257,0.20113494
0.19532417,0.19759053,0.21031708,0.19217752,0.20459071
0.1989188,0.19278544,0.20814417,0.196453,0.20369858
0.19606692,0.20180956,0.20660396,0.19269727,0.20282231
0.19675982,0.1993221,0.20595261,0.1957131,0.20225236
0.19540627,0.19846667,0.20183107,0.20426959,0.20002641
0.19508599,0.19493413,0.20974961,0.19578129,0.20444898
0.19716519,0.19337125,0.20915213,0.19578294,0.20452847
0.19590026,0.1982861,0.20752954,0.19553386,0.20275024
0.20032568,0.19290172,0.20667998,0.197059,0.20303364
0.19400728,0.19798411,0.20720002,0.19813247,0.20267607
0.19749697,0.19130014,0.20877583,0.19799656,0.20443048
0.19692269,0.19624306,0.20807531,0.19524716,0.20351177
0.1975439,0.1947235,0.20798552,0.19629826,0.2034488
0.19774327,0.1957084,0.20989975,0.1927545,0.20389411
0.19375508,0.20045982,0.20567797,0.19887537,0.20123181
0.19836819,0.19318347,0.20946,0.19457382,0.20441453
0.19739346,0.19313298,0.20915787,0.19669725,0.2036184
0.19580321,0.19600233,0.20917757,0.19493656,0.20408034
0.19670747,0.19523166,0.20934802,0.19506614,0.20364669
0.19447964,0.1995013,0.20661439,0.19982629,0.19957839
0.19703633,0.19181843,0.20909938,0.19716392,0.20488194
0.19559428,0.19581705,0.209453,0.19454308,0.20459262
0.19626644,0.19694339,0.20975368,0.19259427,0.20444226
0.19988835,0.19526666,0.20706907,0.1950267,0.20274927
0.19556022,0.19837813,0.20516333,0.20080453,0.20009382
0.19462547,0.19579606,0.2096175,0.19507618,0.20488483
0.19600052,0.19396916,0.20930007,0.19638911,0.20434114
0.1965729,0.19837256,0.20772126,0.1948341,0.20249923
0.19789165,0.19571833,0.20740235,0.19635028,0.2026374
0.19469437,0.19896743,0.20415366,0.20378369,0.19840086
0.19593553,0.19052249,0.2095384,0.19923322,0.20477039
0.1973339,0.19417964,0.20723225,0.19812697,0.20312726
0.19596832,0.196067,0.20826858,0.19624245,0.20345363
0.19638571,0.196783,0.20657952,0.19717482,0.20307693
0.19567084,0.19724923,0.20522635,0.20242769,0.19942586
0.19766198,0.18862079,0.21190006,0.19647989,0.20533732
0.19818519,0.19355175,0.20979969,0.1946559,0.20380746
0.19602855,0.195408,0.20932867,0.19537447,0.20386034
0.1991561,0.19362389,0.20788544,0.1966296,0.20270497
0.1926108,0.1996124,0.20568629,0.20061614,0.20147435
0.19569366,0.19195224,0.21170227,0.19502337,0.20562842
0.1970016,0.19268717,0.20753893,0.19866799,0.20410432
0.19766542,0.19331715,0.20778345,0.19780351,0.20343046
0.2011127,0.19239248,0.2047551,0.19974552,0.20199418
0.19581634,0.20014714,0.20270519,0.20325322,0.1980781
0.19557007,0.19315472,0.2112417,0.19451444,0.20551907
0.19989112,0.19284944,0.20663199,0.1980585,0.20256895
0.1995588,0.1893948,0.20792009,0.20018162,0.2029447
0.199755,0.19130996,0.20827924,0.19749597,0.20315982
0.19376338,0.19858207,0.20679261,0.20075597,0.20010598
0.19579434,0.19323462,0.20943044,0.19688231,0.20465827
0.19864483,0.19052778,0.20946886,0.19711432,0.20424424
0.202133,0.1864066,0.2073566,0.20121345,0.20289038
0.19612512,0.1972481,0.2074894,0.19665772,0.20247963
0.19470425,0.19552343,0.2079197,0.20154239,0.20031023
0.1948185,0.19247314,0.20857678,0.1999149,0.20421667
0.19731796,0.19223495,0.2102961,0.1962421,0.20390889
0.19779418,0.19319116,0.20789462,0.19826059,0.20285945
0.19884428,0.19555725,0.20600727,0.19796045,0.20163077
0.19502595,0.19593745,0.20661847,0.2026633,0.19975482
0.1989254,0.18829463,0.20987245,0.19868337,0.20422412
0.19607529,0.19527353,0.2078328,0.19789733,0.20292105
0.19643195,0.19539781,0.20815241,0.1968654,0.20315246
0.19957629,0.19150473,0.20734751,0.19946328,0.2021082
0.19370818,0.1985689,0.20478114,0.2036988,0.19924302
0.19564638,0.19232862,0.20994878,0.19680373,0.20527251
0.19546875,0.19843136,0.20840888,0.19472447,0.20296656
0.19862644,0.1952881,0.20459704,0.19955657,0.20193183
0.19595376,0.19595401,0.20769973,0.19754176,0.20285071
0.19107369,0.20400032,0.20795164,0.19629212,0.20068222
0.19463924,0.192428,0.21172139,0.19506574,0.20614563
0.19674143,0.19329637,0.20638996,0.19997859,0.20359366
0.19373403,0.1945086,0.2104314,0.1968025,0.20452344
0.19703701,0.19446027,0.20791075,0.19769363,0.20289831
0.19307826,0.19638076,0.20601386,0.20444731,0.20007975
0.19424833,0.19158399,0.2111671,0.19726966,0.20573092
0.19522369,0.1960461,0.20668039,0.19901194,0.20303787
0.19760872,0.19454439,0.20578755,0.20011756,0.20194179
0.1950689,0.19489653,0.20702937,0.20021679,0.2027884
0.19394356,0.19813524,0.20387125,0.20567158,0.19837832
0.19712256,0.18920194,0.2111291,0.19767804,0.20486835
0.19907741,0.19131453,0.20969275,0.19621123,0.2037041
0.19918863,0.18972535,0.20953768,0.19767933,0.20386901
0.19573869,0.197405,0.20657979,0.19857624,0.20170024
0.19437116,0.19695474,0.20419073,0.20565021,0.19883315
0.19377501,0.1926309,0.21100314,0.1971858,0.2054051
0.19487894,0.19665426,0.2065548,0.19932023,0.20259179
0.19539241,0.19709302,0.20673549,0.19946559,0.20131345
0.19582044,0.19792216,0.20633388,0.19814956,0.20177399
0.19425838,0.19544917,0.20411356,0.2071109,0.19906805
0.19528626,0.18970169,0.21033163,0.19948556,0.20519479
0.19585556,0.19725448,0.20685449,0.19803624,0.20199922
0.19554791,0.19989635,0.20501252,0.19806856,0.20147467
0.19747804,0.19957225,0.20348796,0.19894604,0.20051569
0.194818,0.19637284,0.20289125,0.20769355,0.19822438
0.19694728,0.19554149,0.20648025,0.19916108,0.20186992
0.19594634,0.1989476,0.20577435,0.19792968,0.20140202
0.19408624,0.1983476,0.20725375,0.19701853,0.2032939
0.19444887,0.1984134,0.20481607,0.19993506,0.20238663
0.19271548,0.19500427,0.2054894,0.20681867,0.19997218
0.19188409,0.19730687,0.21008833,0.19461136,0.20610934
0.19437858,0.19468161,0.2072195,0.1998154,0.20390488
0.19759542,0.19511756,0.20401593,0.2015134,0.2017577
0.19515328,0.1977911,0.20583612,0.19966216,0.20155734
0.1914444,0.19283555,0.20743704,0.20731331,0.2009697
0.19582923,0.19212225,0.20766434,0.2002674,0.20411679
0.19405767,0.19676748,0.20621918,0.20029801,0.20265764
0.1935599,0.20072809,0.20338254,0.20101056,0.20131895
0.19419418,0.20107685,0.2044955,0.19969214,0.2005413
0.19419971,0.19048335,0.20536494,0.21021435,0.19973767
0.19399516,0.19680297,0.20837139,0.19777068,0.20305978
0.1955727,0.1976659,0.20830444,0.19622067,0.20223632
0.19508898,0.20226376,0.20459084,0.19742183,0.20063458
0.1952299,0.20248121,0.20219165,0.20086075,0.19923647
0.19288765,0.19362283,0.20440464,0.2096726,0.19941232
0.19827205,0.19552,0.2049417,0.200218,0.20104823
0.19414328,0.2017073,0.20429635,0.1991354,0.20071767
0.19461939,0.20345332,0.20210047,0.20051263,0.19931418
0.19461948,0.20499936,0.20075631,0.20124929,0.19837555
0.19242777,0.19552885,0.20311263,0.2106143,0.19831645
0.19301312,0.19904484,0.20705621,0.19822817,0.20265768
0.198352,0.20174201,0.20039499,0.20195216,0.19755882
0.19335014,0.20700122,0.20305794,0.1966028,0.1999879
0.19557612,0.20342754,0.19988033,0.20226349,0.19885251
0.1892797,0.19711648,0.2045819,0.2102661,0.19875582
0.19617532,0.19841248,0.20401114,0.2004937,0.20090736
0.19501999,0.20222029,0.20214817,0.20224975,0.1983618
0.1937636,0.20351386,0.20169218,0.20240541,0.19862491
0.19304267,0.20737371,0.19918604,0.20356749,0.19683006
0.19213519,0.1936419,0.20633136,0.20765929,0.20023228
0.19374578,0.19950736,0.20505427,0.20047495,0.20121765
0.19444147,0.20430708,0.20109701,0.20249763,0.19765684
0.19652203,0.20860444,0.19797239,0.20110953,0.19579162
0.19333859,0.21134669,0.19865389,0.200763,0.19589783
0.1914078,0.19200973,0.20453236,0.21202716,0.20002295
0.19255535,0.20322627,0.20400453,0.19959198,0.20062183
0.19431306,0.20744699,0.19904843,0.20218709,0.19700442
0.19567612,0.20991926,0.19591232,0.2035754,0.19491693
0.19417804,0.21362944,0.19564562,0.20189945,0.19464743
0.19163354,0.19693601,0.20112103,0.212303,0.19800638
0.19279099,0.2063291,0.20127764,0.20068674,0.19891547
0.19447161,0.21041274,0.19742146,0.2022912,0.19540301
0.19494532,0.21256264,0.19524413,0.2022098,0.19503807
0.19597723,0.21255252,0.19363387,0.20400435,0.19383208
0.19061196,0.1932561,0.20469922,0.212362,0.19907078
0.19414945,0.20419277,0.19849579,0.20575085,0.19741116
0.19503497,0.21225756,0.19502835,0.20355715,0.19412199
0.19504453,0.21550505,0.19203041,0.20499057,0.19242944
0.19679973,0.21285352,0.19113655,0.20826085,0.19094935
0.19073567,0.19689915,0.20189503,0.21258537,0.19788475
0.19492935,0.21068521,0.19650902,0.20238154,0.19549489
0.19594365,0.21648742,0.19308026,0.20237213,0.1921165
0.195499,0.21773823,0.1911395,0.20487022,0.19075303
0.19693056,0.22005849,0.1884682,0.20506105,0.18948172
0.19240151,0.19265091,0.20142075,0.21541397,0.19811286
0.19352986,0.21291317,0.19570088,0.20292681,0.19492927
0.19582371,0.21757449,0.19090953,0.20495434,0.19073796
0.19612578,0.21921669,0.18877465,0.20634659,0.1895363
0.19789928,0.22093417,0.18863204,0.20254172,0.18999282
0.19139414,0.1889063,0.20136161,0.21938813,0.19894986
0.19442642,0.21174921,0.19410722,0.2058508,0.19386639
0.19599341,0.2184812,0.18985812,0.20561379,0.19005351
0.1971804,0.22275022,0.18838893,0.20424968,0.18743072
0.1971379,0.22233671,0.18600336,0.20800966,0.18651235
0.19497807,0.18674654,0.20157672,0.21789585,0.19880278
0.19535968,0.21714272,0.19087522,0.2054606,0.1911618
0.19766074,0.22240683,0.18719518,0.20523581,0.18750146
0.19777544,0.22380525,0.1857992,0.20713705,0.18548302
0.19926628,0.22855689,0.1834253,0.20491305,0.18383846
0.19344133,0.19014177,0.20059207,0.21779402,0.1980308
0.19760399,0.21952423,0.18743306,0.20719007,0.18824866
0.19949177,0.22608344,0.18474773,0.2044518,0.18522528
0.19774766,0.2259387,0.1845454,0.20643832,0.18532991
0.1998274,0.22883914,0.18186462,0.20588505,0.18358381
0.1926771,0.18659797,0.20493232,0.21643472,0.19935797
0.1951391,0.2198573,0.18651703,0.2099121,0.18857446
0.19762458,0.22432439,0.18676825,0.20472439,0.18655835
0.20118171,0.22699918,0.1832942,0.20457691,0.18394798
0.19939795,0.22936863,0.18012501,0.20867601,0.18243246
0.1921356,0.18815237,0.20304717,0.21705398,0.19961092
0.19900148,0.2219015,0.18499026,0.20736872,0.18673807
0.19928476,0.22743176,0.18241033,0.20654109,0.1843321
0.20153639,0.23125559,0.17842184,0.20747696,0.18130921
0.20122202,0.23033908,0.17821583,0.20907468,0.18114838
0.19097151,0.19008015,0.20183611,0.21732385,0.19978838
0.20697819,0.20792313,0.18615344,0.21178666,0.18715857
0.20250154,0.20948558,0.18913072,0.20880274,0.19007944
0.20018163,0.21083516,0.1917941,0.20603916,0.19114995
0.20325497,0.2075738,0.18888092,0.20930085,0.19098948
0.20303383,0.21243109,0.19164266,0.20190282,0.19098955
0.20662706,0.20699866,0.18849315,0.20906451,0.18881664
0.20358728,0.2112632,0.1876484,0.20842202,0.18907912
0.20231114,0.20874923,0.1894272,0.20826066,0.19125178
0.20282431,0.2096681,0.1897944,0.20652626,0.19118693
0.20201325,0.20947425,0.19013971,0.2066811,0.19169168
0.20681538,0.21144846,0.18758097,0.20722297,0.18693222
0.20010337,0.21280415,0.19267792,0.20315948,0.19125506
0.20023799,0.21135148,0.19123557,0.20581636,0.19135857
0.2030181,0.21037172,0.18947653,0.20595565,0.19117795
0.2035647,0.20792913,0.18872102,0.20818946,0.19159567
0.20412017,0.21010444,0.18968853,0.20688218,0.18920468
0.2029864,0.21076338,0.18906379,0.20680772,0.19037871
0.20206904,0.21136385,0.19016497,0.2051817,0.19122039
0.20283136,0.21176127,0.18813473,0.20681511,0.19045758
0.20017445,0.21229832,0.19040784,0.20537661,0.19174278
0.20436881,0.21104415,0.18879406,0.20673987,0.1890531
0.20090538,0.21329565,0.19011936,0.2053371,0.19034252
0.20217405,0.21170369,0.1901334,0.20467,0.19131884
0.20086625,0.21278377,0.18899982,0.20664367,0.19070646
0.20062041,0.21103469,0.1904178,0.20607342,0.19185366
0.20631473,0.21141674,0.18782902,0.20626533,0.18817422
0.20224892,0.21084327,0.18842687,0.20766114,0.19081983
0.20204239,0.21031246,0.18826774,0.20816313,0.19121432
0.20054021,0.21429583,0.19001593,0.20390745,0.19124061
0.19959222,0.21083014,0.18935384,0.20805477,0.19216906
0.20381208,0.2109314,0.19104102,0.20411111,0.19010437
0.2009958,0.21376541,0.19075428,0.2037979,0.19068658
0.20015498,0.21370536,0.19132099,0.20334256,0.19147612
0.20051935,0.21084146,0.19024074,0.2061472,0.1922512
0.20117188,0.21181604,0.19036673,0.20452286,0.19212253
0.20404726,0.21239574,0.18936601,0.20443279,0.18975818
0.19915025,0.21347484,0.19098902,0.2044806,0.19190535
0.19967012,0.21365017,0.19142932,0.20313184,0.19211857
0.20291977,0.21152666,0.18786556,0.20626332,0.1914247
0.2010264,0.2122191,0.1907222,0.20399117,0.19204114
0.20372708,0.20896757,0.18777071,0.20972753,0.18980709
0.20194407,0.21145685,0.1892376,0.20616674,0.19119474
0.20160045,0.20821613,0.1888524,0.20906803,0.19226299
0.20046239,0.21090472,0.1889915,0.20766112,0.19198027
0.19992973,0.21116619,0.19147089,0.20460589,0.19282733
0.20264208,0.21273069,0.19023699,0.20410343,0.19028682
0.20032696,0.21070741,0.18948278,0.20776011,0.19172278
0.19900636,0.21457349,0.19098604,0.20342636,0.19200769
0.1991466,0.21196105,0.19083478,0.20570917,0.1923484
0.20039338,0.21467918,0.19031924,0.20284821,0.19176003
0.20484245,0.21066739,0.18836732,0.20640591,0.1897169
0.19910343,0.21228543,0.19285704,0.20271415,0.19303998
0.20140699,0.21203324,0.18975769,0.20459148,0.19221057
0.19934168,0.20670933,0.1885551,0.21176852,0.19362532
0.19886744,0.2148659,0.191116,0.20300932,0.19214134
0.20247546,0.2137083,0.19111101,0.20221075,0.19049448
0.19904083,0.21235706,0.19168329,0.20400302,0.19291577
0.19878015,0.21200913,0.1930067,0.2028536,0.19335048
0.19879347,0.21267553,0.19147497,0.20397507,0.19308093
0.19907461,0.20956251,0.18946421,0.20839083,0.1935078
0.20362242,0.20836584,0.18802723,0.20899619,0.1909883
0.19708504,0.21362776,0.19295835,0.20348431,0.19284454
0.19700356,0.21493636,0.19342569,0.20128468,0.19334975
0.19775937,0.21229948,0.19102967,0.2054073,0.19350415
0.19855702,0.21489191,0.19235623,0.20096564,0.19322915
0.20361072,0.21250933,0.18830355,0.2058951,0.1896813
0.19798443,0.21328987,0.19071758,0.20551975,0.19248839
0.19837533,0.21206246,0.18972598,0.20705213,0.19278404
0.19721244,0.21404867,0.1901829,0.20568325,0.19287276
0.1971496,0.21590011,0.19232269,0.2011238,0.1935038
0.20103647,0.21255481,0.18841465,0.2078699,0.1901242
0.19781227,0.21375868,0.19205369,0.20351167,0.19286366
0.19914067,0.21072583,0.188631,0.2087407,0.1927618
0.19819307,0.21446243,0.18994787,0.20490417,0.19249244
0.19819705,0.21064399,0.19140832,0.20559682,0.1941538
0.20313396,0.21104424,0.18753959,0.20814851,0.19013372
0.19833224,0.21186768,0.19090341,0.20551196,0.19338474
0.19899257,0.21181175,0.19043854,0.20562078,0.1931364
0.19954242,0.20889857,0.18977973,0.20789394,0.1938853
0.19756813,0.21049434,0.19037881,0.20715123,0.19440743
0.20134959,0.21051635,0.18806954,0.20890729,0.1911572
0.1960518,0.21380231,0.19306302,0.20305541,0.19402745
0.1975464,0.21317084,0.19288984,0.20198873,0.1944042
0.1965125,0.21257716,0.19356973,0.20225698,0.19508366
0.1989242,0.2108636,0.18903491,0.20753372,0.19364354
0.20203432,0.21319886,0.19044463,0.20315112,0.19117105
0.19872478,0.21220654,0.19063535,0.20509446,0.19333889
0.1981638,0.21358871,0.19172338,0.20282277,0.19370127
0.19664644,0.2114279,0.19314337,0.2036626,0.1951197
0.19700044,0.2125715,0.1915654,0.20400842,0.19485426
0.20076364,0.21511246,0.19108847,0.20154436,0.19149104
0.19886814,0.20989911,0.18856815,0.20940459,0.19326
0.19705041,0.2125637,0.19262993,0.20260032,0.19515571
0.1979232,0.21164005,0.18981922,0.20657347,0.19404408
0.19783539,0.21282439,0.19200692,0.20222844,0.19510485
0.19936764,0.21036829,0.19133265,0.20580791,0.19312349
0.19803166,0.210399,0.19115493,0.20627646,0.19413795
0.19648279,0.2102605,0.19259241,0.20507544,0.19558886
0.19746208,0.21095777,0.19065592,0.20604005,0.19488415
0.19636251,0.21129234,0.19317345,0.20353127,0.19564044
0.20002471,0.2084361,0.19030559,0.20822938,0.1930042
0.19637993,0.20987111,0.19339904,0.20454943,0.1958005
0.19764018,0.21221876,0.19184428,0.2033369,0.19495985
0.19706547,0.21230312,0.19300035,0.2020472,0.19558387
0.1952896,0.21250482,0.19205469,0.20423435,0.19591655
0.20039502,0.21146238,0.19116184,0.20399055,0.19299024
0.19484943,0.21007402,0.19376782,0.2053954,0.19591334
0.1949368,0.21494433,0.19406778,0.2010003,0.1950508
0.19561495,0.21010032,0.1931964,0.20444883,0.19663948
0.19647561,0.21389721,0.1934939,0.20077835,0.19535495
0.19962852,0.2074499,0.18690956,0.21389686,0.19211519
0.19622427,0.21130444,0.1935496,0.20312719,0.19579446
0.19737667,0.20864907,0.19328064,0.20576343,0.19493014
0.19551797,0.21120934,0.19545546,0.20036815,0.19744909
0.19403724,0.21425284,0.19612117,0.19818981,0.19739893
0.19872744,0.2116113,0.19433041,0.20149979,0.19383107
0.19414118,0.20971984,0.19625552,0.20199789,0.19788556
0.19460623,0.21102178,0.19542822,0.20107773,0.19786602
0.19461657,0.21167281,0.1957458,0.2006662,0.19729866
0.19740126,0.21093547,0.1945902,0.20193066,0.19514243
0.19951306,0.209393,0.19082274,0.2068129,0.19345832
0.19579445,0.20990752,0.19455975,0.2029134,0.19682488
0.19671205,0.20978306,0.19474752,0.202842,0.19591534
0.19445896,0.21288155,0.19573802,0.19928968,0.1976318
0.1947707,0.21197368,0.1955893,0.20016421,0.19750209
0.19960654,0.20968416,0.19225098,0.20478776,0.19367054
0.19596855,0.21041758,0.19289145,0.20389739,0.19682506
0.19675222,0.21066704,0.19490324,0.2015575,0.19612002
0.19741191,0.2112507,0.19344911,0.20223984,0.19564845
0.1948927,0.2120591,0.19636372,0.19976535,0.19691916
0.19736595,0.20985961,0.19384354,0.20379874,0.19513217
0.19590946,0.21018429,0.19637081,0.20026697,0.19726847
0.19639288,0.21031532,0.19621426,0.20035098,0.19672656
0.19604696,0.2118882,0.19559638,0.19991167,0.19655676
0.1961824,0.21117863,0.19592774,0.20008953,0.19662167
0.1985693,0.2091276,0.19287239,0.20445801,0.19497268
0.19596149,0.20919016,0.19676651,0.20074204,0.19733982
0.1961187,0.20750183,0.1966426,0.20190585,0.19783098
0.19519345,0.21178995,0.19771056,0.19828919,0.19701687
0.19552413,0.21056907,0.19482677,0.20232935,0.1967507
0.19686016,0.20847732,0.19406588,0.20483643,0.1957602
0.19498785,0.2072655,0.19337039,0.20788088,0.1964954
0.19337113,0.21018076,0.19832695,0.20032077,0.19780046
0.19749562,0.20973556,0.1920962,0.2053075,0.19536509
0.19697283,0.20764376,0.19333969,0.20521,0.19683374
0.19810084,0.20857039,0.19346729,0.20519744,0.19466408
0.19552314,0.20783193,0.19537574,0.20400688,0.19726226
0.19703388,0.20524086,0.1955179,0.20515287,0.19705452
0.1956347,0.20967063,0.19562127,0.20157671,0.1974967
0.19575511,0.21017595,0.19613358,0.20062764,0.19730774
0.19678847,0.20681678,0.1930011,0.20750766,0.19588603
0.19500825,0.20690508,0.19733304,0.20196058,0.19879308
0.19746462,0.20976633,0.19391294,0.2026605,0.19619565
0.19735347,0.21076518,0.19516595,0.19982135,0.196894
0.19843037,0.2065441,0.1956396,0.20269243,0.1966935
0.19766206,0.2097998,0.195373,0.20109022,0.19607492
0.19623716,0.205786,0.19663453,0.2028547,0.19848764
0.19543064,0.20869912,0.19632344,0.20122954,0.19831727
0.19724539,0.20819886,0.19703399,0.19930418,0.19821759
0.19666432,0.21069786,0.19628194,0.19875534,0.19760054
0.19700688,0.20691495,0.19422191,0.20584233,0.19601391
0.19461413,0.2059171,0.19730604,0.20332947,0.19883321
0.19768795,0.20677103,0.19542702,0.20290157,0.19721246
0.1949741,0.21028459,0.1957993,0.20174861,0.1971934
0.19599536,0.21082549,0.19801505,0.19750306,0.19766106
0.19834535,0.20764174,0.19171326,0.20726347,0.19503616
0.194711,0.20642193,0.19863278,0.20025563,0.19997866
0.19761474,0.20613915,0.1945965,0.20383355,0.19781601
0.19599529,0.20683742,0.19776069,0.2004483,0.19895831
0.1955203,0.20965992,0.19908445,0.19728285,0.19845249
0.19552502,0.20820872,0.19756956,0.20036705,0.19832964
0.19622122,0.20607375,0.19731675,0.20137405,0.19901423
0.19638072,0.20581906,0.19724126,0.20148101,0.19907793
0.19542457,0.20906748,0.1994064,0.1966786,0.19942297
0.1970096,0.2078201,0.19600342,0.20134589,0.197821
0.19723216,0.20777754,0.19483183,0.2040408,0.19611762
0.19688818,0.20553152,0.19888116,0.19934398,0.19935514
0.19616991,0.20549986,0.19785304,0.20139535,0.19908187
0.19896528,0.20536926,0.19450319,0.20374136,0.1974209
0.19738284,0.20870037,0.19638836,0.19993798,0.19759044
0.19552842,0.20658286,0.19595551,0.20408008,0.19785313
0.19632423,0.20496935,0.19758,0.2016832,0.19944327
0.19565147,0.20663476,0.19840246,0.19956988,0.19974144
0.19729856,0.21006253,0.19721155,0.19732279,0.19810456
0.19658867,0.20587388,0.19709986,0.20167406,0.19876352
0.19589956,0.20655078,0.19628993,0.20367688,0.19758284
0.19607791,0.20541048,0.19850576,0.20002218,0.19998367
0.19403137,0.20723046,0.1991563,0.19936863,0.20021322
0.19673719,0.20474437,0.1978737,0.20081246,0.19983229
0.19749863,0.20743072,0.19489138,0.20268635,0.19749296
0.1967649,0.20590188,0.1927198,0.20883057,0.19578281
0.19523533,0.20696267,0.19819707,0.19951217,0.20009272
0.19347496,0.20739271,0.19986337,0.19832678,0.20094214
0.19693209,0.20713986,0.19683944,0.19992591,0.19916272
0.1956229,0.20957659,0.19699103,0.1989122,0.1988973
0.19682659,0.20531479,0.19700435,0.20303668,0.1978176
0.19597386,0.20692788,0.19862518,0.1987136,0.19975951
0.19595443,0.20580383,0.19726588,0.2014002,0.19957568
0.19543616,0.2074325,0.19738059,0.20062238,0.19912837
0.1935268,0.2085472,0.19806445,0.19976361,0.20009793
0.19649756,0.20310733,0.1967054,0.2058492,0.19784051
0.19478188,0.20470561,0.2002447,0.19880204,0.2014658
0.19610219,0.20778267,0.1976886,0.19901372,0.19941281
0.19386092,0.20965339,0.1996182,0.19623043,0.20063704
0.19422294,0.20775071,0.19989707,0.197505,0.20062427
0.19704255,0.20407131,0.19420435,0.20764925,0.19703259
0.19402671,0.20455004,0.19998555,0.19973266,0.2017051
0.19727358,0.203469,0.19797671,0.20123252,0.20004822
0.19617401,0.20643525,0.19733438,0.2001209,0.19993544
0.1955281,0.20781724,0.19733916,0.19927412,0.20004137
0.1967767,0.20683786,0.1952445,0.2042163,0.19692469
0.19518961,0.20357941,0.19969611,0.20047653,0.20105837
0.19416158,0.20755321,0.20017135,0.19696374,0.20115009
0.19492146,0.20601168,0.19778167,0.20128535,0.19999982
0.19574374,0.2070631,0.19716191,0.20024036,0.19979084
0.19648685,0.20506951,0.19571796,0.20499343,0.19773221
0.19487652,0.20364234,0.1992564,0.2007352,0.20148946
0.19555464,0.20761234,0.19792648,0.19889466,0.20001188
0.19536832,0.2047432,0.19759959,0.20159958,0.2006893
0.19663757,0.20498218,0.19827238,0.19911511,0.20099275
0.19447449,0.2038985,0.19582504,0.20732066,0.19848134
0.19490808,0.20416081,0.19979547,0.1992416,0.20189402
0.19418563,0.20433201,0.2012098,0.19760719,0.20266533
0.19577703,0.20625502,0.19840075,0.19902521,0.20054197
0.19599247,0.20390674,0.19901076,0.19961652,0.20147347
0.19608854,0.20291911,0.19866168,0.20371869,0.19861192
0.19352996,0.20350397,0.20092976,0.19870728,0.20332906
0.19368342,0.20381238,0.20156835,0.19771095,0.20322493
0.1941127,0.20665053,0.20031533,0.19705538,0.20186605
0.19776663,0.2040338,0.19759518,0.19994739,0.200657
0.19436368,0.20390134,0.19917604,0.20313878,0.19942015
0.19342057,0.20344864,0.20085324,0.19953653,0.20274092
0.19629228,0.20314945,0.19856018,0.20047568,0.20152238
0.19403581,0.20601547,0.20176649,0.19572553,0.20245668
0.19483684,0.205891,0.1986097,0.19956137,0.20110112
0.19471575,0.20307602,0.19922513,0.20319958,0.19978353
0.19580565,0.20260586,0.19901921,0.20047227,0.20209704
0.1968793,0.2032751,0.19916315,0.19921571,0.20146671
0.19510701,0.20634471,0.19863877,0.19909582,0.2008137
0.19740057,0.2069747,0.19782375,0.19789587,0.19990513
0.19479306,0.20269564,0.19974636,0.2023057,0.20045923
0.19428532,0.2047171,0.20154484,0.19640711,0.20304562
0.19628495,0.20116222,0.20026928,0.20056972,0.20171382
0.19575635,0.20657627,0.1988543,0.19810258,0.2007105
0.19675265,0.20624644,0.19931072,0.19671068,0.20097944
0.19424857,0.20263569,0.19906856,0.20374526,0.2003019
0.19439583,0.2008548,0.20223312,0.19876347,0.20375277
0.1941735,0.20406069,0.20293778,0.19529366,0.20353436
0.19637066,0.20657803,0.1997063,0.19594124,0.20140372
0.19609195,0.20505959,0.20074405,0.19661635,0.20148806
0.19375144,0.20247315,0.19997858,0.20240533,0.20139152
0.19357847,0.20539655,0.20208818,0.19558837,0.20334844
0.19663721,0.20594136,0.19929819,0.19749741,0.20062585
0.19755664,0.20568448,0.1988714,0.19731152,0.20057595
0.19614163,0.20594986,0.19997086,0.19630286,0.20163478
0.19475733,0.20048584,0.20077327,0.20212951,0.20185405
0.19467473,0.20378806,0.2004615,0.19814007,0.20293568
0.19631392,0.20579383,0.19922289,0.19714487,0.20152445
0.19624348,0.20642094,0.20146227,0.19423717,0.20163612
0.19618529,0.20558082,0.20074044,0.19587904,0.20161442
0.19433343,0.20793015,0.20418309,0.1934558,0.20009752
0.19484577,0.20443723,0.20093223,0.19684477,0.20294003
0.19589236,0.2068033,0.1999581,0.19563589,0.20171036
0.19651434,0.20614007,0.19983168,0.19605486,0.20145904
0.19627354,0.20626353,0.20140909,0.19483693,0.20121692
0.19571114,0.20080143,0.19858009,0.20478584,0.2001215
0.1976685,0.20292446,0.1987088,0.19894086,0.20175739
0.19780098,0.20577909,0.19921958,0.19668208,0.20051831
0.1966901,0.20770262,0.19985458,0.19491053,0.2008422
0.19958143,0.20463759,0.19768739,0.19839102,0.19970262
0.1962459,0.20022161,0.20000885,0.20264092,0.20088269
0.19684464,0.20314413,0.20090662,0.19698976,0.20211485
0.19794534,0.20536524,0.20135532,0.19336511,0.20196892
0.20069414,0.20551056,0.19732486,0.19737957,0.19909091
0.19752686,0.20716363,0.2000016,0.19467133,0.20063655
0.19474153,0.20126642,0.199366,0.20409413,0.20053193
