0,1,2,3,4
0.20616488,0.20135075,0.19499047,0.2138254,0.1836685
0.21317591,0.19407897,0.20011027,0.20745869,0.18517616
0.21478333,0.19191302,0.2017829,0.20708697,0.18443385
0.21568997,0.19269067,0.20033032,0.20831086,0.18297814
0.2158029,0.19274649,0.20097248,0.20692247,0.18355568
0.20718215,0.20014395,0.19601302,0.21099961,0.18566124
0.21448545,0.19469787,0.19836852,0.20589788,0.18655026
0.21606334,0.19235544,0.20124769,0.2058515,0.18448204
0.21558225,0.1938991,0.19961822,0.20411302,0.18678741
0.21793287,0.19184671,0.20044705,0.20605429,0.18371908
0.209301,0.19836912,0.19650078,0.20998898,0.18584016
0.21383265,0.19610281,0.19828424,0.20633079,0.18544956
0.21637014,0.19336075,0.1997084,0.2047091,0.1858516
0.21591698,0.19505541,0.19907627,0.20470855,0.18524282
0.2180936,0.19364507,0.1986923,0.20723338,0.18233567
0.2048774,0.20129463,0.1976086,0.21231629,0.18390308
0.21328096,0.19470492,0.19884461,0.20599711,0.18717243
0.21467587,0.1965853,0.19742773,0.2059081,0.18540296
0.21597625,0.19404054,0.1992799,0.2036181,0.18708526
0.21540341,0.19445446,0.19987814,0.20204705,0.18821692
0.20864837,0.19783483,0.19884117,0.20851117,0.18616441
0.21428874,0.19537267,0.1993338,0.20372461,0.18728021
0.21505333,0.19613342,0.19932973,0.20428582,0.1851977
0.21631637,0.19357209,0.20078959,0.20350473,0.18581721
0.21611704,0.195331,0.20012887,0.20334236,0.1850807
0.20869246,0.19982603,0.19704032,0.20844826,0.18599299
0.21397045,0.19621448,0.19977728,0.20311914,0.18691866
0.21591458,0.1952749,0.19995247,0.20202592,0.18683219
0.21729147,0.19245753,0.20111921,0.20294143,0.18619035
0.21731023,0.19466776,0.1989671,0.2015104,0.18754452
0.20809059,0.19998406,0.19869876,0.20600414,0.18722244
0.21389978,0.1980487,0.19759391,0.20351702,0.18694061
0.21601343,0.19699316,0.19798064,0.2040129,0.1849999
0.21606754,0.19767074,0.19725528,0.2019663,0.18704009
0.21593446,0.19538261,0.20012604,0.20059097,0.18796591
0.2082704,0.19933946,0.19886535,0.20547527,0.18804951
0.21354164,0.1970972,0.19899853,0.20062734,0.18973523
0.21452746,0.19716506,0.19923934,0.19953173,0.18953641
0.21525018,0.19712377,0.1999396,0.20091876,0.18676768
0.21666029,0.19648263,0.19903962,0.20171511,0.18610233
0.20764084,0.20085332,0.1978138,0.20493452,0.18875745
0.21389775,0.19817968,0.19812602,0.20153807,0.1882585
0.21518072,0.19781998,0.19809876,0.20140244,0.18749811
0.21586962,0.19783643,0.19901428,0.20185849,0.1854212
0.21643814,0.19782862,0.19804572,0.20321433,0.18447316
0.20796871,0.2014334,0.19681807,0.20709185,0.18668798
0.21290699,0.19955769,0.19848408,0.20192115,0.18713012
0.214438,0.19995663,0.19736855,0.20072378,0.18751301
0.21479747,0.1974088,0.19912821,0.20034853,0.18831696
0.21531332,0.19934371,0.19765675,0.20029546,0.18739076
0.20613378,0.20220694,0.19698717,0.20498945,0.18968262
0.21222685,0.20067683,0.19804099,0.20008503,0.18897028
0.21376985,0.20024548,0.19778363,0.2001259,0.18807513
0.2136258,0.19977446,0.19901827,0.19865987,0.18892157
0.21427773,0.20077525,0.19788595,0.20125216,0.18580896
0.20627427,0.20273642,0.19642399,0.20741108,0.18715425
0.2119663,0.19960703,0.1985783,0.19922125,0.19062714
0.21351409,0.20112072,0.19676939,0.20039387,0.18820195
0.2121096,0.20088297,0.19896604,0.1990258,0.18901558
0.21278222,0.2002379,0.19829059,0.198597,0.19009231
0.2055125,0.20208515,0.1975073,0.20431796,0.19057713
0.2113697,0.2012076,0.19760022,0.20067711,0.18914539
0.21255676,0.20078124,0.19781862,0.19984823,0.18899515
0.21372874,0.20095171,0.19738255,0.20102786,0.18690914
0.21238644,0.20028454,0.19944793,0.1993185,0.18856259
0.20557706,0.20311357,0.19638608,0.20589635,0.18902697
0.21116252,0.20131023,0.19825165,0.19988447,0.18939108
0.21235031,0.20147444,0.19746043,0.19979848,0.18891633
0.21324027,0.20185001,0.19686738,0.19983938,0.18820296
0.2127729,0.20104538,0.19867402,0.19937842,0.18812934
0.20543857,0.20256616,0.19709666,0.2055975,0.18930107
0.21137546,0.20187587,0.19718245,0.200398,0.18916827
0.21117663,0.2007984,0.19986577,0.19850849,0.18965073
0.21249545,0.20247985,0.19709018,0.2012055,0.18672897
0.21338843,0.20090686,0.19793071,0.1991427,0.18863133
0.20505989,0.20350283,0.19591604,0.20508833,0.19043295
0.2106161,0.20279463,0.1966821,0.19992058,0.18998665
0.21159475,0.20179325,0.19803987,0.1988615,0.18971062
0.21353744,0.20244779,0.19632615,0.20011576,0.1875729
0.21303293,0.20235811,0.19624095,0.199668,0.1887
0.2034559,0.20361213,0.19723123,0.20560479,0.19009596
0.21051471,0.20296586,0.19716491,0.20085163,0.18850285
0.21258305,0.2022594,0.19652243,0.19965681,0.18897827
0.21172296,0.20138356,0.19879425,0.19766194,0.1904373
0.21319859,0.20194979,0.19750375,0.19908804,0.18825985
0.20360123,0.2035228,0.197585,0.20447855,0.19081242
0.20959066,0.20289819,0.19738685,0.19980513,0.19031918
0.2127879,0.20217723,0.19658747,0.2003891,0.18805832
0.21292491,0.20154053,0.19749376,0.19830404,0.18973672
0.21255377,0.20225899,0.19762178,0.19879992,0.18876556
0.20457909,0.20352352,0.19582267,0.20494777,0.19112693
0.20971946,0.20262499,0.19733055,0.20016555,0.1901594
0.21153474,0.20234947,0.19781794,0.19798392,0.19031397
0.21238379,0.20197709,0.19795366,0.19924171,0.18844377
0.21369074,0.20217983,0.19762829,0.19995408,0.18654703
0.202647,0.20391439,0.19722433,0.20519646,0.1910178
0.20871924,0.20310797,0.19792217,0.19838692,0.19186367
0.21216232,0.20277102,0.19700131,0.19892009,0.18914528
0.2122388,0.20260487,0.19678256,0.19934149,0.18903227
0.21215543,0.20307568,0.19750772,0.20030051,0.1869607
0.20298031,0.20403239,0.19609669,0.2063094,0.19058123
0.2095566,0.20276062,0.19688646,0.19955039,0.19124591
0.21015897,0.20280032,0.19884424,0.19775002,0.19044647
0.21262261,0.20174363,0.19861026,0.19819283,0.18883064
0.21351136,0.2026919,0.19676843,0.20002306,0.18700531
0.2030447,0.20409328,0.19567645,0.20637505,0.19081058
0.20826286,0.20357694,0.19677289,0.19962934,0.19175795
0.2109805,0.20279114,0.19817153,0.19945653,0.18860032
0.21342917,0.20352055,0.19516201,0.2015452,0.18634309
0.21422279,0.20308484,0.19486053,0.20023587,0.18759593
0.20230505,0.20383133,0.19720471,0.20484109,0.19181782
0.20808142,0.20432174,0.19655304,0.20026062,0.1907832
0.21209194,0.20296098,0.19654335,0.19989312,0.18851061
0.21249628,0.203348,0.19684781,0.19981876,0.18748914
0.2123555,0.20248312,0.19893275,0.1988301,0.18739854
0.2014289,0.20378186,0.19811623,0.20431162,0.19236135
0.20825313,0.20348985,0.19755429,0.19919465,0.19150807
0.21091914,0.20308372,0.19820654,0.19957055,0.18821996
0.21156695,0.20240408,0.1986123,0.19790392,0.18951276
0.21272601,0.20336513,0.19771607,0.19801429,0.1881785
0.20114736,0.20401226,0.1973951,0.20473966,0.19270559
0.20723073,0.20400572,0.19810963,0.19939311,0.19126084
0.21030103,0.2035798,0.19694781,0.19882661,0.19034478
0.2127884,0.20315923,0.19656259,0.19850974,0.18898003
0.21295285,0.20380877,0.19680132,0.19913913,0.18729796
0.20171629,0.2037951,0.19671327,0.20574681,0.19202852
0.20817746,0.20437248,0.19622208,0.20090428,0.19032371
0.21052967,0.20364287,0.19798835,0.19996582,0.18787333
0.21170384,0.2035828,0.19815223,0.19884926,0.18771194
0.21341713,0.20340525,0.19652234,0.19884634,0.18780896
0.20126192,0.20386389,0.19710128,0.20480683,0.19296606
0.20734179,0.20434919,0.19742113,0.19989891,0.19098903
0.21055341,0.20394665,0.19831273,0.19946489,0.18772228
0.2121893,0.20377643,0.1977543,0.20019136,0.18608859
0.21270633,0.2035824,0.19719295,0.19955963,0.18695869
0.20164455,0.20427461,0.19562165,0.20595363,0.19250552
0.2082886,0.20435083,0.19682744,0.19971481,0.19081834
0.2105273,0.20415758,0.19844553,0.19818066,0.18868896
0.21171632,0.20343292,0.19822775,0.19843325,0.18818977
0.21257591,0.20355675,0.19772114,0.19991437,0.18623182
0.20076019,0.20390998,0.19654095,0.2064584,0.1923305
0.20723012,0.20436038,0.19839633,0.20027179,0.18974139
0.21069786,0.20404828,0.19774228,0.1997814,0.18773016
0.21201089,0.20365182,0.19823137,0.19957346,0.18653244
0.21340063,0.20371544,0.19714443,0.19994567,0.18579379
0.20128816,0.20437682,0.19526842,0.20757498,0.19149166
0.2074382,0.20416196,0.19765905,0.19967933,0.19106147
0.21034127,0.20360325,0.198687,0.19878784,0.18858069
0.21207869,0.20392911,0.19872248,0.19946207,0.18580765
0.21375541,0.20371652,0.19749029,0.20095383,0.18408392
0.19988099,0.20385769,0.19751377,0.20501696,0.19373058
0.2075729,0.20454952,0.19831918,0.20111765,0.18844071
0.21128358,0.20401849,0.19808258,0.19818205,0.18843329
0.21288534,0.20432162,0.19699788,0.19929844,0.1864967
0.21340057,0.2037917,0.19734392,0.20004436,0.18541946
0.20091403,0.20409589,0.1965121,0.2085081,0.18996985
0.2082716,0.20491849,0.19695233,0.20162678,0.18823086
0.21059856,0.20438793,0.19843341,0.20025945,0.18632066
0.213327,0.20420739,0.19652943,0.20108101,0.1848552
0.21317686,0.20379242,0.19713269,0.19867656,0.1872215
0.20032674,0.20421419,0.19776642,0.20532711,0.19236554
0.20689821,0.20497663,0.19875978,0.20096305,0.18840235
0.21049424,0.2050143,0.19783694,0.2002676,0.18638691
0.2121123,0.20385769,0.1989649,0.19931147,0.18575363
0.21423906,0.20443162,0.1969404,0.2009916,0.18339732
0.20084217,0.2046801,0.19565754,0.20810416,0.19071606
0.20686696,0.20508169,0.19824657,0.2016835,0.18812127
0.21139283,0.20468493,0.1973828,0.20024581,0.18629368
0.21308653,0.2049077,0.19756263,0.2024115,0.18203163
0.21442467,0.20399481,0.19798595,0.20010121,0.18349332
0.20077805,0.20432806,0.19630146,0.20753339,0.19105896
0.20758705,0.20510423,0.19845077,0.20134194,0.18751603
0.2107725,0.2041753,0.1989714,0.1987761,0.18730472
0.21388182,0.20428403,0.19801244,0.19928321,0.18453854
0.21487378,0.2051583,0.19681592,0.20079477,0.18235722
0.2007564,0.20461203,0.19606014,0.20709485,0.19147658
0.20788494,0.20511705,0.19825977,0.20116769,0.18757059
0.21117346,0.20514421,0.19826947,0.20046626,0.18494655
0.21436626,0.2042395,0.19788602,0.19920446,0.18430378
0.21568373,0.20477396,0.19731477,0.20062499,0.1816025
0.20031351,0.20462623,0.19635841,0.20850408,0.19019772
0.20959294,0.2053484,0.19722854,0.20233881,0.18549126
0.21202801,0.20482737,0.19874251,0.20132168,0.18308042
0.21460374,0.20511971,0.19734326,0.20159422,0.18133907
0.21504055,0.20484479,0.1978682,0.19869019,0.18355627
0.20048615,0.20469731,0.19585939,0.20841327,0.19054385
0.20868833,0.20522228,0.19898258,0.20164773,0.18545912
0.21353845,0.20458822,0.19805785,0.20011762,0.18369791
0.21385922,0.2049151,0.1982511,0.20005879,0.1829158
0.21493389,0.20494954,0.19779421,0.20069143,0.18163094
0.20130935,0.20514302,0.19453298,0.20764315,0.19137152
0.20828697,0.20576856,0.19869126,0.20211098,0.18514222
0.21277693,0.20536844,0.19824465,0.20146562,0.18214434
0.21533796,0.20452371,0.19735672,0.19913758,0.18364403
0.21694508,0.20512299,0.19711474,0.19942288,0.18139426
0.20120008,0.20521118,0.19482057,0.20992288,0.18884529
0.20976269,0.20628937,0.19638747,0.20348124,0.18407921
0.21229199,0.20573336,0.19797584,0.20114218,0.18285663
0.2150039,0.20525302,0.19808541,0.20105179,0.18060592
0.2165575,0.2051309,0.19727077,0.20080993,0.18023089
0.19956836,0.20514457,0.1972421,0.20856926,0.18947572
0.209253,0.20537642,0.19864303,0.20124784,0.18547972
0.2134748,0.20601636,0.19862047,0.20171803,0.1801703
0.21566947,0.20477949,0.1981271,0.19961411,0.18180984
0.21597558,0.20524092,0.198354,0.19990839,0.18052109
0.19983414,0.2055367,0.19533534,0.20932214,0.18997172
0.20777826,0.20623705,0.19996348,0.20189786,0.18412335
0.21257596,0.20550808,0.19978507,0.2010133,0.18111761
0.2152002,0.20603995,0.19879799,0.20205396,0.17790785
0.21648915,0.20530719,0.19834033,0.20039476,0.17946857
0.19868252,0.20606767,0.19615804,0.21075343,0.18833832
0.20806502,0.20642418,0.19926654,0.20310327,0.18314095
0.21300313,0.20601974,0.19860938,0.20044011,0.1819276
0.2147841,0.20506133,0.19888707,0.20028463,0.18098284
0.21624307,0.20634297,0.19787483,0.20144558,0.17809357
0.19791523,0.20655641,0.19590078,0.21179894,0.18782863
0.20587003,0.20709617,0.20191522,0.20311546,0.18200308
0.21184148,0.20656337,0.20034951,0.2018151,0.17943051
0.2133606,0.20561716,0.20083658,0.20040461,0.17978108
0.21408358,0.20690812,0.20016664,0.20133759,0.17750402
0.19732788,0.2068106,0.19563743,0.2121102,0.1881139
0.20509519,0.19584249,0.1998718,0.21386349,0.18532705
0.21319287,0.18178862,0.21004614,0.20547123,0.18950114
0.21411593,0.18582821,0.20691444,0.2046705,0.18847091
0.21663286,0.1842757,0.2058399,0.20801379,0.18523778
0.21779312,0.1801941,0.20927458,0.2058168,0.18692142
0.20728138,0.19612497,0.19832921,0.21348214,0.18478231
0.21449788,0.18707685,0.20478418,0.20696515,0.1866759
0.21551152,0.18810284,0.20371537,0.20602094,0.18664934
0.21689889,0.18594092,0.20501453,0.205886,0.18625961
0.21789688,0.18372948,0.20623586,0.2040371,0.18810065
0.20715122,0.19716844,0.19813591,0.2112993,0.1862451
0.21359648,0.19098015,0.20263194,0.20614323,0.18664818
0.21551125,0.19192481,0.20072205,0.20585167,0.18599021
0.21662,0.18909262,0.20283641,0.2050994,0.18635158
0.21761455,0.18730173,0.203751,0.20448186,0.18685082
0.20423424,0.19974735,0.19879371,0.20994885,0.18727584
0.21364738,0.19365618,0.199452,0.20735464,0.1858898
0.21516646,0.19132009,0.2014988,0.20419256,0.18782206
0.21566737,0.19182394,0.20181854,0.20352654,0.18716358
0.2165274,0.18949571,0.20308103,0.20299105,0.18790483
0.20850454,0.1948307,0.20061056,0.20951912,0.18653506
0.21308829,0.19396648,0.20051855,0.20441124,0.18801548
0.21699502,0.18973114,0.20189168,0.2051196,0.18626262
0.21719941,0.1905423,0.20101967,0.20325972,0.18797888
0.21739247,0.19266066,0.19948131,0.20441817,0.18604736
0.20869745,0.19661215,0.19889244,0.20845425,0.18734373
0.21491677,0.19440679,0.19855663,0.20548645,0.18663341
0.21538512,0.19237505,0.2010598,0.20316374,0.18801625
0.2160356,0.19354519,0.19966698,0.20251514,0.1882371
0.21707277,0.19145377,0.2010125,0.20292787,0.18753307
0.20909485,0.1993232,0.195541,0.21053386,0.18550709
0.21516412,0.19320127,0.1996376,0.20386243,0.18813455
0.21604106,0.19237946,0.20034574,0.20377901,0.18745475
0.21593386,0.19354497,0.20054232,0.20256214,0.18741672
0.21617654,0.19362773,0.20052628,0.2009439,0.18872556
0.20805168,0.19946301,0.19766396,0.20879878,0.18602255
0.21399692,0.19511734,0.19920185,0.20278107,0.18890283
0.21596088,0.1938647,0.19955118,0.20247181,0.18815145
0.21620369,0.19541681,0.19832553,0.20210819,0.18794577
0.21658851,0.19451256,0.19959652,0.2022013,0.18710107
0.20942232,0.19775707,0.19773138,0.20832555,0.1867637
0.21383874,0.19628164,0.19857278,0.20336129,0.18794556
0.21479116,0.19689156,0.19773029,0.20171185,0.18887512
0.21683334,0.19401327,0.19927691,0.2023331,0.1875434
0.21748525,0.19540043,0.19837515,0.2032537,0.18548548
0.20927809,0.19920231,0.19692321,0.20698929,0.18760705
0.21435131,0.1964916,0.1986661,0.2028463,0.18764469
0.21522781,0.1970035,0.19746192,0.20201543,0.1882914
0.21511933,0.19624884,0.19916987,0.20017068,0.1892913
0.21642503,0.19716322,0.19775008,0.2020387,0.18662295
0.20834748,0.20106111,0.19540894,0.20598626,0.1891962
0.21408984,0.19854608,0.19666532,0.20407772,0.18662104
0.21487239,0.19781329,0.19839908,0.20278965,0.18612567
0.21694255,0.1967333,0.19687673,0.20153822,0.18790919
0.2158929,0.19553009,0.19835205,0.19937669,0.19084823
0.2083455,0.19952404,0.19773525,0.20665427,0.18774094
0.21536367,0.19787076,0.19507554,0.20083676,0.19085324
0.2163146,0.19614781,0.19630228,0.20126066,0.18997467
0.2163873,0.19863518,0.19577701,0.20218787,0.1870126
0.21681416,0.19633275,0.197181,0.20091406,0.18875797
0.20856209,0.20037702,0.19661608,0.20552805,0.18891676
0.2150025,0.19838534,0.1963391,0.20192617,0.18834686
0.21627012,0.19824962,0.19598992,0.20184007,0.1876503
0.2180685,0.19854951,0.19458507,0.2036261,0.18517083
0.21684298,0.19830115,0.19660176,0.2014175,0.18683657
0.20910032,0.2010195,0.1952453,0.2064052,0.18822971
0.2143216,0.19951403,0.1963816,0.202111,0.18767175
0.21671495,0.19921784,0.19467889,0.20200287,0.18738548
0.21684374,0.19824974,0.19445209,0.20104875,0.18940566
0.21665472,0.19974382,0.19504493,0.2019174,0.18663915
0.20879419,0.2010901,0.1955763,0.20455475,0.1899847
0.21472867,0.19930749,0.19489005,0.19956112,0.1915127
0.21632478,0.19814874,0.19527854,0.2009895,0.18925847
0.21625276,0.20028351,0.19451165,0.20162798,0.18732414
0.21390416,0.19896482,0.19809191,0.19931932,0.18971983
0.20882757,0.20155273,0.19476974,0.20482267,0.19002725
0.21453777,0.2004564,0.19555922,0.20287567,0.18657091
0.21519707,0.20048709,0.19511375,0.20174076,0.18746133
0.2153336,0.19929649,0.19550572,0.2011225,0.18874176
0.21485865,0.19989514,0.19607729,0.20040706,0.1887619
0.20864652,0.20240253,0.1938172,0.20667344,0.18846025
0.21363105,0.19990602,0.1965044,0.20154564,0.18841287
0.21515577,0.20058557,0.19500084,0.20158015,0.18767764
0.21511292,0.1992423,0.19538479,0.19915828,0.19110171
0.214735,0.19980769,0.19754262,0.20135535,0.18655927
0.2090713,0.20241994,0.19452524,0.20651473,0.18746878
0.21332999,0.20056416,0.19546,0.19983697,0.19080888
0.21401514,0.199586,0.1958844,0.19910464,0.19140986
0.21416204,0.20033714,0.19605483,0.19891924,0.19052672
0.2140262,0.20064227,0.1969304,0.20041935,0.1879818
0.20796925,0.20167154,0.19592986,0.20634547,0.1880839
0.21330006,0.2009007,0.19636437,0.20180039,0.18763447
0.2139878,0.1999397,0.19695266,0.2001069,0.18901291
0.2135138,0.20056167,0.19636042,0.19931896,0.1902451
0.21490125,0.20053636,0.1961564,0.2007277,0.1876783
0.2074165,0.20258446,0.19550797,0.20495455,0.18953651
0.21295726,0.2012204,0.19571333,0.20103112,0.18907785
0.21398431,0.20024563,0.19615018,0.20031081,0.18930908
0.21182841,0.20156424,0.19738641,0.19877726,0.19044366
0.21447761,0.19968359,0.19691265,0.19894758,0.18997853
0.20646487,0.20269872,0.19532476,0.2053934,0.19011822
0.21090175,0.20137006,0.1973145,0.19931056,0.19110316
0.21283852,0.20035727,0.1961313,0.19827776,0.19239512
0.21356127,0.20071016,0.19691952,0.19907422,0.1897348
0.21324569,0.20157638,0.19638442,0.19971532,0.18907817
0.20551808,0.20261455,0.1959475,0.20437853,0.19154137
0.21008337,0.20154619,0.19765702,0.19940002,0.19131339
0.21139927,0.20164058,0.19748548,0.1992914,0.19018327
0.21329564,0.20088094,0.19690618,0.19888783,0.1900294
0.21375406,0.2004176,0.19659509,0.197337,0.19189622
0.20702642,0.20252569,0.19508258,0.20626096,0.18910436
0.21149386,0.20200196,0.19671527,0.20013575,0.18965317
0.21201578,0.20103294,0.19786069,0.1992037,0.18988687
0.2137122,0.20097256,0.19614877,0.19861665,0.19054988
0.21439667,0.20126961,0.19642237,0.19939026,0.18852109
0.20570584,0.2020803,0.1964748,0.20420402,0.19153507
0.21166518,0.201969,0.195746,0.19971515,0.19090466
0.21310407,0.20213485,0.19597302,0.2003408,0.18844724
0.21288288,0.20206475,0.19622675,0.19979626,0.18902937
0.21327071,0.20159827,0.19657774,0.1987843,0.18976898
0.20506883,0.20282973,0.19621979,0.20446587,0.19141573
0.21088667,0.20188606,0.19767338,0.19985838,0.18969549
0.21126859,0.2024303,0.19720618,0.20070802,0.18838695
0.21277373,0.20165442,0.19757251,0.19887944,0.18911995
0.21360584,0.20084809,0.19760579,0.1983053,0.18963502
0.203505,0.20325068,0.19682962,0.20543699,0.19097771
0.20795767,0.20219885,0.19854638,0.19831564,0.19298147
0.21171032,0.2018965,0.19816883,0.19865358,0.1895708
0.2135862,0.20213877,0.19585483,0.1991194,0.18930082
0.2136789,0.20117457,0.19694056,0.1972072,0.19099876
0.20286551,0.20276694,0.19710994,0.20451975,0.19273786
0.20898242,0.2034167,0.19676977,0.20125443,0.18957672
0.21255612,0.2021642,0.19653447,0.2004105,0.18833475
0.21373598,0.20196696,0.19648242,0.1997892,0.18802543
0.2145593,0.20263745,0.19546229,0.20051095,0.18683001
0.20446545,0.20339952,0.19495516,0.20636989,0.19080995
0.2094405,0.20318344,0.19565728,0.2003044,0.19141442
0.21229249,0.20210096,0.19638667,0.19887613,0.19034374
0.21306431,0.20260875,0.19610392,0.19893716,0.18928584
0.21446513,0.20271568,0.19598082,0.20101759,0.18582082
0.20392905,0.20348582,0.19418266,0.20680752,0.19159493
0.2101436,0.20293306,0.1964838,0.20040609,0.19003345
0.2115527,0.20281813,0.19744538,0.19968106,0.18850274
0.21258113,0.20302455,0.19780192,0.20044915,0.18614322
0.21309902,0.20239812,0.19733495,0.19952376,0.18764415
0.20238414,0.20303848,0.19725892,0.20587455,0.19144388
0.20847161,0.20356098,0.19759656,0.20145474,0.18891603
0.21248606,0.20199504,0.19756228,0.19941825,0.18853836
0.2140649,0.20204484,0.19596943,0.1993514,0.18856938
0.213635,0.20296077,0.19658767,0.19999944,0.18681711
0.2019703,0.20336224,0.1961319,0.20579723,0.19273831
0.2096684,0.20346385,0.19735558,0.2006945,0.18881765
0.2121099,0.2028864,0.19723333,0.20019642,0.18757395
0.21320564,0.20312445,0.19677,0.2006892,0.18621078
0.2148669,0.20215382,0.19769254,0.1983316,0.18695514
0.20367327,0.20332465,0.19548768,0.20603915,0.19147521
0.20994313,0.2025692,0.19831176,0.19917104,0.19000489
0.2120439,0.2025206,0.19820462,0.19864044,0.18859047
0.21313334,0.20200002,0.1992077,0.19842805,0.18723086
0.21395385,0.2031368,0.19743957,0.20044929,0.18502049
0.20364696,0.20347276,0.1947836,0.20865075,0.18944587
0.20979813,0.20315798,0.19793715,0.1993395,0.18976726
0.2126891,0.20297956,0.19796485,0.20066136,0.18570516
0.21386154,0.20218451,0.19930507,0.19890496,0.18574397
0.21500954,0.20249401,0.19783397,0.19978642,0.18487605
0.2022187,0.2033152,0.19601612,0.20753932,0.19091067
0.21036975,0.20324366,0.19816267,0.20209694,0.18612699
0.21321398,0.20241514,0.19835092,0.20011494,0.18590502
0.2145332,0.20299672,0.19743459,0.20100784,0.18402766
0.21450877,0.20195812,0.1998744,0.19816984,0.18548882
0.202468,0.20273659,0.19761,0.20592721,0.19125816
0.20936082,0.20308687,0.19887468,0.1993333,0.18934435
0.21283942,0.20353138,0.19806063,0.20019034,0.1853782
0.21427433,0.20158073,0.1995245,0.19841518,0.18620524
0.21616356,0.20242326,0.19702823,0.19882937,0.18555559
0.20309052,0.20342071,0.19561116,0.2071576,0.19071998
0.20988809,0.20332898,0.19913803,0.20065558,0.1869893
0.21363358,0.20244443,0.19868544,0.19841145,0.18682514
0.21519314,0.20236227,0.19864422,0.19884807,0.18495224
0.21764125,0.20193861,0.19682105,0.20004913,0.18354996
0.20240223,0.20379612,0.19596638,0.2094495,0.18838577
0.2107909,0.20352294,0.19799739,0.20054151,0.18714724
0.21486497,0.20342863,0.19779502,0.20135,0.18256138
0.2151105,0.2023903,0.19875138,0.19904749,0.18470034
0.21724188,0.2036685,0.1967755,0.2007941,0.18152002
0.20295988,0.20335703,0.19527872,0.20731187,0.19109252
0.211622,0.20392627,0.19792864,0.20251787,0.18400519
0.21432424,0.20287447,0.19951013,0.20048608,0.18280505
0.21761782,0.20278761,0.19687551,0.20043005,0.18228899
0.21712092,0.20226179,0.19846436,0.19850063,0.18365231
0.20436633,0.20386037,0.19371514,0.20972425,0.18833394
0.21125644,0.20313244,0.19872688,0.20084943,0.18603483
0.21532188,0.20299552,0.19895346,0.20147121,0.18125792
0.21581867,0.20146503,0.1993298,0.19787803,0.18550846
0.2169307,0.20261128,0.19886242,0.19962136,0.18197425
0.20249547,0.20366745,0.19562945,0.2093444,0.18886323
0.21258554,0.20266816,0.19922106,0.20041153,0.18511373
0.21582142,0.20150518,0.1997326,0.19988132,0.1830595
0.21801923,0.20196447,0.19912308,0.19781142,0.18308178
0.21915421,0.20298475,0.19797988,0.19934951,0.18053162
0.20182002,0.20399137,0.19718319,0.20956744,0.18743801
0.21278599,0.20329972,0.19972299,0.20094384,0.18324745
0.21679288,0.20250344,0.19883437,0.20004722,0.18182209
0.219112,0.2018239,0.19962817,0.1999787,0.17945728
0.2196139,0.20117956,0.19916326,0.198611,0.18143228
0.20398457,0.20425937,0.19492826,0.20791307,0.18891476
0.19011334,0.20552664,0.19463561,0.2104208,0.19930364
0.19572563,0.2043561,0.19662955,0.20360571,0.19968301
0.19862396,0.2033792,0.19634509,0.20235099,0.19930074
0.19903977,0.20404416,0.19612256,0.20432565,0.19646783
0.19906384,0.20350489,0.196936,0.20124044,0.1992548
0.19097215,0.20529744,0.19429639,0.21149626,0.19793776
0.19686651,0.20454705,0.19542088,0.20420024,0.19896531
0.19920094,0.20323192,0.196837,0.2013811,0.19934903
0.1991264,0.20364715,0.19714878,0.20201834,0.19805938
0.20065188,0.20313583,0.19631897,0.20223187,0.19766143
0.19062656,0.2053674,0.19513923,0.21133538,0.19753143
0.19680668,0.20352514,0.19805174,0.20375936,0.1978571
0.19839525,0.2036877,0.1971421,0.2027831,0.19799188
0.20043813,0.20340234,0.19635358,0.20216554,0.1976404
0.2007925,0.2034558,0.1962145,0.20278014,0.19675705
0.19118446,0.20487364,0.19555049,0.20954826,0.19884315
0.19658628,0.20426802,0.1964154,0.20423225,0.19849804
0.19911025,0.20346166,0.19704737,0.20173499,0.19864573
0.19963636,0.20342293,0.19785458,0.20294961,0.19613652
0.20012872,0.2032022,0.19709882,0.20128584,0.19828442
0.19033824,0.20539263,0.1953579,0.21018977,0.19872142
0.19714558,0.20393746,0.19736665,0.20321436,0.19833592
0.19945152,0.20382006,0.19619313,0.20294921,0.19758607
0.20235708,0.20326912,0.1949571,0.20347442,0.19594225
0.20087492,0.20362538,0.19622555,0.20326559,0.1960085
0.19027863,0.205017,0.1956683,0.21037938,0.19865674
0.19653289,0.20450133,0.19657521,0.20346172,0.19892882
0.19896393,0.2043636,0.19540277,0.2033394,0.19793028
0.20017295,0.20360084,0.19628274,0.20149332,0.1984502
0.20195569,0.20326671,0.19558284,0.2020647,0.19713008
0.1912736,0.20512766,0.19487736,0.20974205,0.19897929
0.19591407,0.20441197,0.19748405,0.20242827,0.19976164
0.19862442,0.20383471,0.19726603,0.200772,0.19950281
0.19938582,0.20410159,0.19643517,0.20246093,0.19761653
0.20122363,0.2034427,0.19621816,0.20301858,0.19609699
0.19141524,0.2047506,0.19548179,0.21000157,0.1983508
0.19741574,0.20427684,0.19620721,0.20361003,0.19849016
0.19868253,0.2043709,0.1953608,0.20392959,0.19765624
0.20008607,0.20339058,0.19695573,0.2018516,0.19771601
0.19971709,0.20350559,0.19735686,0.20141183,0.1980086
0.19063355,0.20524491,0.19355999,0.2110805,0.19948104
0.1954707,0.20458882,0.19692641,0.20313579,0.19987826
0.19841161,0.20423159,0.19606796,0.2030964,0.19819246
0.19969037,0.20447975,0.19537584,0.20290767,0.19754635
0.1993678,0.20405905,0.19697617,0.20226486,0.19733204
0.19036874,0.20505942,0.19487132,0.2100001,0.19970043
0.19656265,0.20438458,0.19545579,0.20465262,0.19894437
0.1977524,0.20361385,0.19794491,0.20117512,0.19951372
0.19873314,0.20430048,0.19694577,0.20265481,0.1973658
0.19973895,0.20367146,0.19648068,0.20110112,0.19900776
0.19076334,0.20475526,0.19523132,0.20973507,0.19951503
0.19620712,0.20493434,0.19405892,0.20481195,0.19998764
0.19770692,0.20456195,0.19537435,0.20263705,0.19971977
0.19899212,0.2038232,0.19625099,0.2007129,0.20022081
0.20001262,0.20389278,0.19561009,0.20144829,0.19903626
0.19091779,0.2051963,0.19385466,0.21193983,0.1980914
0.19392897,0.20467323,0.19773683,0.20406501,0.19959597
0.19866663,0.2038908,0.19579966,0.2018101,0.1998328
0.19805233,0.20403399,0.19662935,0.20255658,0.19872777
0.19941601,0.20387751,0.19643381,0.20187189,0.19840078
0.19038695,0.20462984,0.19469386,0.20831303,0.20197631
0.19464731,0.20449132,0.19702998,0.20503229,0.19879915
0.19784287,0.20418474,0.19577721,0.20322806,0.19896713
0.19874628,0.20395043,0.19709449,0.20317379,0.197035
0.1993368,0.2040884,0.19598816,0.20262554,0.1979611
0.19059895,0.20464487,0.19426355,0.20886515,0.20162746
0.19459705,0.20483343,0.19555053,0.20449291,0.2005261
0.19566858,0.20410872,0.19777447,0.20151077,0.20093744
0.19645372,0.20384939,0.19830585,0.2002548,0.20113625
0.19846252,0.20406449,0.19622809,0.20171626,0.19952862
0.18995735,0.20452349,0.19534345,0.21035208,0.19982362
0.19327834,0.20466398,0.19697869,0.20379978,0.20127916
0.196491,0.20375958,0.19737895,0.20190845,0.20046201
0.19784625,0.20364857,0.19765373,0.20296724,0.19788422
0.19824965,0.2034648,0.19799457,0.20056216,0.19972877
0.19155635,0.20411305,0.19565575,0.20886317,0.1998117
0.19399647,0.20424612,0.19737908,0.2036308,0.20074753
0.1959453,0.20392917,0.19793408,0.20187534,0.20031613
0.19804598,0.20386192,0.19711064,0.20371307,0.19726834
0.19766624,0.20356649,0.1984723,0.20259152,0.19770344
0.1902699,0.20363538,0.19676252,0.21015973,0.19917247
0.19414543,0.20458478,0.19643448,0.20404284,0.20079246
0.19670118,0.20370321,0.19713973,0.20311335,0.19934252
0.19844468,0.20325796,0.19747463,0.20141473,0.19940795
0.19952732,0.20347884,0.19670384,0.20192747,0.19836256
0.19025373,0.20410065,0.19601598,0.20952548,0.20010415
0.19375145,0.20437436,0.19660154,0.20306063,0.20221208
0.19665751,0.20405483,0.19699493,0.20401993,0.1982728
0.19846371,0.20325911,0.19775364,0.20181228,0.19871126
0.1978996,0.20311141,0.19885728,0.19832341,0.20180836
0.19053952,0.20402975,0.19646148,0.20999591,0.19897328
0.19372898,0.20408297,0.1975507,0.20375915,0.20087823
0.19666521,0.20349444,0.1980033,0.20115805,0.20067894
0.19758205,0.20359363,0.19831282,0.20261885,0.19789262
0.19858994,0.20308289,0.19787623,0.19809084,0.20236011
0.18963034,0.20400043,0.19701563,0.20767502,0.20167859
0.19521262,0.2041564,0.19665837,0.20265518,0.20131741
0.19667962,0.20384698,0.1973006,0.20054324,0.20162947
0.19811746,0.20366217,0.19789514,0.20294788,0.19737731
0.19871172,0.20319478,0.19798008,0.20058684,0.1995266
0.19039287,0.20380867,0.19619557,0.2084149,0.20118797
0.19470872,0.20409465,0.19680896,0.20370398,0.20068368
0.19673266,0.20380785,0.19837949,0.20290932,0.19817068
0.19861004,0.20356305,0.19646135,0.20129752,0.20006809
0.19919974,0.20285405,0.19908944,0.20099893,0.19785787
0.19010077,0.20392852,0.1968392,0.20815684,0.2009747
0.19455352,0.20415734,0.1971247,0.20384012,0.20032431
0.19623126,0.20367256,0.19806097,0.2021426,0.1998926
0.1976882,0.2033945,0.1983326,0.20121467,0.19937004
0.19902836,0.20319808,0.19663575,0.2000491,0.2010887
0.1904712,0.20414945,0.19530348,0.21041958,0.19965625
0.19447999,0.20396507,0.19731817,0.20302737,0.20120941
0.19581838,0.2032792,0.19830579,0.20136885,0.20122783
0.19819322,0.20374578,0.19806166,0.20219773,0.19780158
0.19822289,0.20339021,0.19825578,0.20059069,0.19954042
0.19017857,0.20387399,0.19573407,0.20894384,0.2012696
0.1935479,0.2041102,0.19759773,0.20275791,0.20198627
0.1965373,0.20328128,0.19856116,0.20130698,0.20031328
0.1975451,0.20362519,0.19777453,0.20139651,0.19965865
0.19812164,0.20322074,0.19885014,0.20071378,0.19909371
0.19100025,0.20379798,0.19494219,0.20978168,0.20047796
0.1943281,0.20364718,0.1975153,0.20124623,0.20326321
0.19675651,0.20385306,0.19732638,0.20258547,0.19947858
0.19743091,0.20304999,0.19843759,0.19980472,0.2012768
0.19908448,0.20291798,0.1983953,0.20117198,0.1984303
0.19076751,0.20362282,0.1957342,0.20899844,0.20087704
0.194701,0.20356077,0.1970047,0.20223543,0.20249811
0.19719972,0.20391314,0.19741504,0.20306835,0.19840379
0.19784288,0.2034747,0.19792734,0.20199344,0.19876166
0.19873627,0.20326558,0.19738656,0.19983971,0.2007719
0.19049692,0.20381168,0.19557756,0.21019681,0.19991703
0.19410473,0.2037083,0.19796468,0.20358989,0.20063245
0.19593695,0.20369512,0.1978431,0.2018574,0.20066741
0.19835375,0.203466,0.19752449,0.20199797,0.19865775
0.19845682,0.20313849,0.19858733,0.20059143,0.19922592
0.19046153,0.20361097,0.1960547,0.20940131,0.20047149
0.19484434,0.2040685,0.1961403,0.20370227,0.20124462
0.19790414,0.20364057,0.19645338,0.20295899,0.19904299
0.19764818,0.20323043,0.1976602,0.20149115,0.19997005
0.19870187,0.20336767,0.19716525,0.2019336,0.1988316
0.19178918,0.20356442,0.19463745,0.20978354,0.2002254
0.1943807,0.2037553,0.19707316,0.20178108,0.20300971
0.19676124,0.20372234,0.19695053,0.20357619,0.19898966
0.1978404,0.2032916,0.19784583,0.20171589,0.19930631
0.19849682,0.20295641,0.19795354,0.20113583,0.19945742
0.19041301,0.203594,0.19597688,0.20825392,0.20176218
0.194783,0.20353213,0.1974002,0.20246774,0.2018169
0.19737934,0.20307079,0.19748291,0.20097157,0.20109539
0.19887128,0.20313002,0.19745998,0.20149946,0.19903925
0.19811349,0.20281355,0.19929433,0.19967583,0.20010282
0.1908128,0.20346929,0.19571997,0.20925449,0.20074345
0.1955141,0.20388508,0.1961152,0.20378424,0.20070137
0.19705874,0.20363615,0.19756223,0.20376478,0.19797805
0.19720006,0.2026935,0.1992056,0.20076962,0.20013121
0.19919927,0.20310313,0.1976939,0.20133501,0.19866872
0.19190696,0.20333236,0.19504055,0.20992267,0.19979747
0.19542955,0.2032295,0.1972628,0.20133407,0.20274404
0.19769731,0.20331231,0.19731757,0.20218383,0.19948898
0.19881815,0.20301427,0.19753304,0.20141764,0.19921693
0.19809142,0.20281793,0.19832781,0.2000778,0.200685
0.19039363,0.20313065,0.1963644,0.20939106,0.20072027
0.1950918,0.20306976,0.19895938,0.2016439,0.20123516
0.19646633,0.203144,0.19852509,0.20139429,0.20047028
0.19901434,0.20332652,0.19603421,0.20113353,0.20049138
0.19975527,0.20260668,0.1979934,0.2004462,0.19919845
0.19004981,0.2033135,0.1965837,0.20925604,0.20079695
0.19633198,0.20354523,0.19672774,0.20373288,0.19966218
0.19730072,0.20316093,0.19811471,0.201278,0.20014568
0.19880006,0.20285359,0.19861408,0.20170747,0.19802478
0.19864269,0.20231646,0.19914229,0.19916956,0.20072898
0.19011833,0.20303637,0.19683453,0.20803986,0.20197093
0.19571508,0.20331545,0.19739045,0.20291245,0.20066652
0.19741125,0.20282198,0.19826387,0.2017444,0.19975844
0.1989172,0.20238613,0.19849725,0.20101598,0.19918348
0.2003577,0.2028438,0.19704111,0.20110218,0.19865525
0.19093934,0.20316173,0.19583449,0.20996548,0.20009898
0.19591698,0.20298152,0.19819547,0.20146042,0.20144564
0.19687214,0.20269057,0.19916224,0.20037243,0.20090263
0.19912007,0.20284337,0.19694921,0.20080498,0.20028237
0.19945134,0.2023091,0.19837286,0.20075876,0.19910794
0.19099784,0.20283835,0.19697875,0.20838326,0.20080183
0.19641016,0.20299843,0.19829662,0.20313005,0.19916476
0.19749445,0.20236409,0.1987577,0.20140119,0.19998261
0.19925638,0.20276351,0.19668616,0.2011608,0.20013312
0.20011215,0.2019144,0.19803733,0.19960655,0.20032954
0.19174601,0.20283978,0.1956084,0.20923236,0.20057344
0.19604859,0.20331356,0.19673933,0.2036506,0.20024794
0.19785783,0.2026627,0.19722892,0.2027222,0.19952832
0.19905095,0.20286885,0.19724552,0.20131375,0.19952095
0.20086573,0.20059085,0.19795057,0.20072977,0.1998631
0.19364727,0.20275082,0.19444232,0.209486,0.19967364
0.197493,0.20230766,0.1959519,0.20220393,0.20204346
0.19952972,0.20309427,0.19538873,0.2024237,0.19956353
0.1995267,0.20221704,0.19678916,0.20178308,0.19968408
0.20043719,0.20251095,0.19649877,0.20231739,0.1982357
0.19247827,0.20258492,0.19586712,0.20906764,0.20000203
0.19616134,0.20240772,0.197591,0.20169756,0.20214242
0.19752315,0.20225474,0.1987147,0.20154579,0.19996166
0.20029701,0.20222527,0.19597912,0.20192859,0.19956996
0.20035829,0.20182842,0.19833505,0.20048714,0.19899108
0.19211355,0.20225047,0.19672509,0.20761311,0.20129777
0.19763772,0.2027065,0.19617274,0.20275325,0.2007298
0.19825916,0.20260876,0.19739686,0.2015123,0.2002229
0.19909471,0.20135525,0.19933403,0.19976123,0.20045477
0.19913106,0.20258063,0.19770753,0.20116657,0.19941421
0.19313067,0.20225672,0.1945178,0.20830578,0.20178905
0.19724996,0.20209104,0.196965,0.20231785,0.20137623
0.1984144,0.20215829,0.19743878,0.20266324,0.19932537
0.20040284,0.20207623,0.1964327,0.20164569,0.19944255
0.20038202,0.20167641,0.19727165,0.20028491,0.20038505
0.1930865,0.20241916,0.19529358,0.2097415,0.19945925
0.19653885,0.20270619,0.19738635,0.20300944,0.2003592
0.19944176,0.20205481,0.19684479,0.1999545,0.20170413
0.20121366,0.20210344,0.19574718,0.20066561,0.20027013
0.19881108,0.20254406,0.19976416,0.20182833,0.19705239
0.19168516,0.20215009,0.19841939,0.20865121,0.19909413
0.19550106,0.20214714,0.19933258,0.20118144,0.2018378
0.19917065,0.20235927,0.19695465,0.20213479,0.19938059
0.20073178,0.20172696,0.1966029,0.1998436,0.20109478
0.19974759,0.20147169,0.19896191,0.20045213,0.19936669
0.19269371,0.20209134,0.19577855,0.20879637,0.20064004
0.19684115,0.20266856,0.19737318,0.20273793,0.20037921
0.1993181,0.20197529,0.1969748,0.20040885,0.20132291
0.19974773,0.20183788,0.19891195,0.20029825,0.19920422
0.19995917,0.20223443,0.19719005,0.20057537,0.20004094
0.19110973,0.20204744,0.19721094,0.20756762,0.2020643
0.19518225,0.20245983,0.19968674,0.20156848,0.20110269
0.1992793,0.20241119,0.19658035,0.20136762,0.20036156
0.19928057,0.2017656,0.19818953,0.19987245,0.20089182
0.20077096,0.20121466,0.1969773,0.19976152,0.20127553
0.19166018,0.20217443,0.19648261,0.21049483,0.19918795
0.19526023,0.20219338,0.20044437,0.20141415,0.20068789
0.19887154,0.2019354,0.19762018,0.20253012,0.1990428
0.19954643,0.2020649,0.19828446,0.20030476,0.19979945
0.19936617,0.20216063,0.19867276,0.20111026,0.1986902
0.19071323,0.20207275,0.19690898,0.20890738,0.20139763
0.19737154,0.20261683,0.1975076,0.20440085,0.19810313
0.19841985,0.20276578,0.19775783,0.20254692,0.19850962
0.19952412,0.20220035,0.19748239,0.20106757,0.19972557
0.20022349,0.2019794,0.19809538,0.20078026,0.19892144
0.19164596,0.20222794,0.19657353,0.20974365,0.19980893
0.1957093,0.20281303,0.19834358,0.20388696,0.1992471
0.19801052,0.20241639,0.19776173,0.20176014,0.20005119
0.19911371,0.20160328,0.19912563,0.19985078,0.20030661
0.19988002,0.20128873,0.19842733,0.19914436,0.20125955
0.19179304,0.20187585,0.1959823,0.20805693,0.2022919
0.1956927,0.20201993,0.19884732,0.20110175,0.20233835
0.19882283,0.20173824,0.19721186,0.20047142,0.20175569
0.19925472,0.20253316,0.19812919,0.20232835,0.19775458
0.20016575,0.20164183,0.1980761,0.20004284,0.20007348
0.19308032,0.20215704,0.19460581,0.20845495,0.20170185
0.1954875,0.20275724,0.198398,0.20256843,0.20078887
0.19913527,0.20229489,0.19755565,0.20156558,0.19944863
0.2005014,0.20150544,0.19721515,0.2000134,0.20076461
0.20084764,0.2023914,0.196984,0.20105743,0.19871955
0.19205865,0.20220636,0.19598988,0.20994146,0.19980364
0.1968213,0.20209911,0.19736916,0.20176582,0.20194459
0.19816093,0.20199156,0.19899338,0.20073742,0.20011672
0.19996813,0.20246929,0.19754982,0.20147648,0.19853626
0.20131795,0.20185894,0.1977694,0.19953042,0.19952327
0.19169296,0.20224702,0.19575955,0.21004927,0.20025116
0.1963206,0.2026003,0.19769682,0.20071737,0.2026649
0.19863035,0.20283872,0.19772631,0.20173025,0.19907434
0.19891754,0.20212017,0.19814394,0.19990699,0.20091136
0.20061497,0.20111315,0.19826196,0.19958879,0.20042114
0.19187127,0.20205961,0.19626863,0.20898886,0.20081161
0.1957218,0.20238143,0.19927989,0.2024461,0.20017074
0.1979823,0.20226672,0.1989475,0.20176,0.1990435
0.19977666,0.2018221,0.19856124,0.20074782,0.1990922
0.19980559,0.20133631,0.1994614,0.20042388,0.19897285
0.19320314,0.20202947,0.19459043,0.2103046,0.19987236
0.19615501,0.2019431,0.19898267,0.20089547,0.20202377
0.19915722,0.20155655,0.19791305,0.2001207,0.20125246
0.20057257,0.20212895,0.19676884,0.20084201,0.19968766
0.20021313,0.20165266,0.19888072,0.19993389,0.19931966
0.19294876,0.20211664,0.19500546,0.21041296,0.19951615
0.19718543,0.20238651,0.19765513,0.2022154,0.20055756
0.19888629,0.20240799,0.19724798,0.20103572,0.20042205
0.1999347,0.20126848,0.19888991,0.19942598,0.20048092
0.20059298,0.20077023,0.19828214,0.19996989,0.20038475
0.19279703,0.20182528,0.19472484,0.20915005,0.2015028
0.19628097,0.20198683,0.19933838,0.2028147,0.19957912
0.19911103,0.20134638,0.19845799,0.20027724,0.20080738
0.19995421,0.20209335,0.19778825,0.20157735,0.19858687
0.20100789,0.20135513,0.19848292,0.20058602,0.19856806
0.19206515,0.20209813,0.19530061,0.21002232,0.20051382
0.19711961,0.20229314,0.19825602,0.20231307,0.20001815
0.19874686,0.2021659,0.19868952,0.20124878,0.19914892
0.20131592,0.20147254,0.19748527,0.20074958,0.19897668
0.20138498,0.20082058,0.19829974,0.19875735,0.20073736
0.19174355,0.20189957,0.19496626,0.20981921,0.20157142
0.19707093,0.20161037,0.19916669,0.20141837,0.20073363
0.20026316,0.20176268,0.19691439,0.20079614,0.20026365
0.20054802,0.20256853,0.19735087,0.20241581,0.19711679
0.20129599,0.20157315,0.1982285,0.20026997,0.19863237
0.19372118,0.2019718,0.19315834,0.21086471,0.20028397
0.198151,0.20220678,0.19702369,0.20318586,0.19943267
0.19967233,0.20174813,0.19807704,0.20071353,0.199789
0.20271003,0.20081198,0.19656089,0.19959205,0.20032504
0.20085523,0.20037471,0.19994321,0.19976375,0.19906312
0.19318223,0.20191085,0.19413576,0.21104515,0.199726
0.19804828,0.20236692,0.19765526,0.20309669,0.19883282
0.2010653,0.20202328,0.19766322,0.20154896,0.19769925
0.20013987,0.20146923,0.19810882,0.19890715,0.20137493
0.20277323,0.19969946,0.197217,0.19914222,0.20116803
0.19362761,0.2015291,0.19410089,0.20901507,0.20172739
0.19804841,0.20192176,0.19767001,0.20183545,0.20052435
0.19986662,0.20015547,0.19908214,0.1986187,0.20227714
0.20203924,0.20125172,0.19713274,0.20148647,0.19808982
0.20210394,0.20107394,0.19837396,0.20059192,0.19785623
0.1923701,0.2016346,0.1957114,0.21161081,0.19867307
0.19773462,0.20064358,0.19954574,0.2005593,0.20151676
0.19971749,0.20056792,0.1997699,0.20045234,0.19949238
0.20198077,0.19921286,0.19862577,0.19863677,0.20154381
0.20349264,0.20072387,0.19661874,0.20187937,0.19728532
0.19352464,0.20164269,0.19450189,0.21012703,0.2002037
0.19869162,0.20136802,0.19777618,0.20156713,0.20059709
0.20035896,0.20116478,0.19824424,0.1992229,0.20100914
0.20162892,0.19997402,0.19907872,0.20049374,0.19882458
0.20343903,0.19900465,0.19868371,0.19928254,0.19959009
0.19259004,0.20166868,0.19424741,0.21051323,0.20098065
0.19798829,0.20171979,0.19847374,0.20223586,0.19958235
0.20008132,0.19893433,0.1994437,0.19903888,0.20250174
0.20086282,0.20091675,0.19885777,0.20011322,0.19924945
0.2015691,0.20034343,0.19840689,0.20037271,0.19930787
0.19372532,0.20205368,0.19293956,0.21181916,0.19946226
0.19783308,0.20040959,0.19877802,0.20121938,0.20175993
0.19978464,0.19981016,0.19951913,0.19990951,0.20097655
0.20087637,0.19881298,0.19933039,0.19733568,0.20364459
0.20188718,0.20014603,0.19818392,0.20035698,0.19942586
0.19311154,0.20175448,0.19273141,0.211667,0.20073558
0.19840297,0.20068944,0.19883443,0.20166236,0.20041081
0.20024776,0.20050001,0.19931291,0.20209499,0.19784436
0.20255072,0.19958395,0.19717245,0.19911988,0.20157303
0.20247974,0.19897553,0.1985275,0.20061345,0.19940378
0.19292183,0.20212446,0.19291556,0.21202216,0.200016
0.19776073,0.20136158,0.19858497,0.20114458,0.20114812
0.20057362,0.1972101,0.1991753,0.19790213,0.20513885
0.19982104,0.20179239,0.19974644,0.20056345,0.19807668
0.20187153,0.2001349,0.19972555,0.19948308,0.19878493
0.19318287,0.20238379,0.1921372,0.21235605,0.19994004
0.19743145,0.2001769,0.19971958,0.20140438,0.20126773
0.20064634,0.19956437,0.19883013,0.20146327,0.19949588
0.20072085,0.19957472,0.19945653,0.20106007,0.19918784
0.20131011,0.19887109,0.19923575,0.20006037,0.20052277
0.19244796,0.20233504,0.19286975,0.2131681,0.19917917
0.19671905,0.20201322,0.19986117,0.20203246,0.19937415
0.19793542,0.19939,0.20122024,0.19991736,0.201537
0.20040247,0.19700699,0.20084348,0.19964875,0.20209828
0.20146073,0.19622858,0.1992252,0.19909565,0.20398986
0.1934729,0.20262599,0.19063601,0.21525387,0.19801119
0.1979977,0.20017527,0.19894397,0.20165075,0.20123234
0.20024736,0.20159109,0.19782779,0.20139149,0.19894232
0.2008588,0.20045757,0.1982362,0.20011605,0.20033133
0.20257294,0.19804502,0.19868381,0.20082901,0.19986926
0.19333626,0.2022384,0.19112994,0.21415442,0.19914094
0.19725177,0.20178437,0.19874409,0.20296021,0.1992595
0.19991648,0.19953462,0.19905214,0.20182844,0.19966833
0.20044388,0.19752932,0.20097911,0.20065401,0.20039369
0.20220225,0.19699664,0.19838397,0.19970323,0.20271389
0.19177961,0.20279147,0.1915075,0.21555866,0.19836278
0.19689487,0.19993964,0.1993071,0.20211715,0.20174117
0.20026305,0.19762069,0.2004757,0.20026681,0.20137371
0.2014046,0.20268978,0.19786465,0.2022656,0.19577536
0.20113744,0.20226523,0.19915722,0.20232561,0.19511446
0.19270483,0.20305878,0.19072917,0.21548322,0.198024
0.19638781,0.2036687,0.19952624,0.20431711,0.19610012
0.19824255,0.20316479,0.200401,0.20334633,0.19484538
0.20029347,0.20265451,0.198928,0.20152867,0.19659536
0.20177624,0.20084375,0.2001597,0.20213838,0.19508184
0.1917595,0.2032907,0.1903518,0.21488675,0.19971125
0.19612981,0.20344666,0.1996354,0.2040939,0.19669423
0.1991281,0.20256822,0.2001061,0.20207769,0.1961199
0.20038843,0.20148954,0.19998036,0.20227881,0.19586287
0.1999288,0.20295544,0.20118691,0.20190416,0.19402467
0.19267881,0.204551,0.18766452,0.21845587,0.19664975
0.1871658,0.20120932,0.20762643,0.20453513,0.1994633
0.18953976,0.20217572,0.20573993,0.19913247,0.20341213
0.19057368,0.20216021,0.20534389,0.19865724,0.20326495
0.19141443,0.20350285,0.20405957,0.20089649,0.20012662
0.19241397,0.20170875,0.20538287,0.19925559,0.20123886
0.18667291,0.2030805,0.20650919,0.20436221,0.19937518
0.1902537,0.20287736,0.20529503,0.19920903,0.20236485
0.1915324,0.20152833,0.20669246,0.19660887,0.20363791
0.19215953,0.20198151,0.20672013,0.19754042,0.20159835
0.19360904,0.20182875,0.20549881,0.19826542,0.200798
0.18698083,0.20273845,0.20583862,0.2029255,0.20151657
0.19282053,0.20152354,0.20512703,0.19816507,0.20236386
0.19370951,0.20177643,0.2052306,0.19843835,0.20084509
0.19480884,0.20271388,0.2034136,0.19989999,0.19916368
0.19523297,0.20119973,0.2042945,0.19737083,0.20190194
0.18706587,0.20333636,0.20487769,0.20144811,0.20327191
0.19369252,0.2014322,0.20409676,0.19786201,0.20291652
0.1942991,0.20112976,0.20488858,0.19722758,0.20245495
0.1950028,0.20150249,0.20458952,0.19868632,0.20021893
0.19583915,0.20168646,0.20384993,0.19878408,0.19984038
0.19017966,0.20339873,0.20163855,0.20512639,0.19965662
0.19399977,0.20199615,0.20290937,0.19848664,0.20260808
0.19499467,0.20052673,0.20474261,0.19680169,0.20293428
0.19484675,0.20131642,0.20473771,0.19717194,0.20192716
0.19595848,0.20140308,0.20395969,0.19863658,0.20004214
0.18979163,0.20275012,0.20355238,0.20267011,0.2012358
0.19277346,0.2019722,0.2052404,0.1975288,0.20248517
0.19431716,0.20072538,0.20522636,0.19621216,0.20351896
0.19483967,0.20155711,0.20451172,0.19713852,0.20195298
0.19439201,0.2015798,0.20506866,0.19710605,0.20185354
0.18841045,0.20345804,0.20437576,0.20367081,0.20008497
0.19275036,0.20167036,0.20503269,0.19739859,0.20314798
0.19335955,0.20102055,0.20676264,0.19504604,0.20381126
0.19274491,0.20114209,0.20755674,0.19427344,0.2042828
0.19442473,0.20087203,0.20708413,0.1961308,0.20148835
0.18881904,0.2028799,0.20525934,0.201551,0.20149069
0.19191927,0.20142606,0.20690043,0.19596732,0.20378691
0.19426313,0.2005993,0.20682077,0.19694646,0.20137039
0.19439839,0.20003596,0.20724574,0.19484858,0.20347135
0.19468221,0.20022835,0.20700161,0.19422294,0.20386492
0.18880303,0.20259255,0.20517877,0.20097347,0.20245223
0.19225419,0.20043184,0.20749341,0.19519323,0.20462732
0.19551778,0.19949947,0.20612516,0.1956909,0.2031667
0.19591908,0.20027709,0.20501673,0.19696982,0.20181729
0.1962894,0.20055997,0.20448357,0.19676286,0.20190413
0.1903769,0.20209879,0.20442012,0.20278904,0.20031522
0.19484799,0.20206293,0.20239875,0.19853756,0.20215277
0.19566256,0.20134723,0.20316838,0.19686069,0.20296113
0.19730915,0.20126821,0.20241691,0.19759567,0.2014101
0.19629335,0.20060958,0.20492354,0.19494413,0.20322946
0.18906833,0.20170169,0.20657264,0.20076971,0.20188764
0.19407326,0.20079006,0.20471396,0.19608754,0.20433517
0.19416073,0.20090184,0.20628054,0.1952864,0.20337047
0.19641824,0.20090842,0.20522346,0.19632632,0.20112352
0.19664624,0.20073369,0.20539024,0.19574092,0.20148893
0.18942729,0.20251353,0.20455785,0.20236531,0.20113601
0.19368117,0.20050439,0.20670079,0.19651441,0.20259921
0.1942696,0.20021756,0.20735231,0.1951816,0.2029789
0.19409697,0.20091371,0.2065712,0.19523907,0.20317908
0.19500674,0.19996032,0.20797597,0.19441077,0.20264615
0.1887382,0.20253836,0.2048629,0.20221081,0.20164977
0.19274318,0.20198898,0.205653,0.19671825,0.20289655
0.19442885,0.20168875,0.20545156,0.19668251,0.20174827
0.1953984,0.20086487,0.20630151,0.19609721,0.20133798
0.19552359,0.20056948,0.20654288,0.19519375,0.20217028
0.18974008,0.20117785,0.20755547,0.19984135,0.20168525
0.19319786,0.20064469,0.20791012,0.19441493,0.20383239
0.19538963,0.20107152,0.2058015,0.19705081,0.20068656
0.1960549,0.20050398,0.20718668,0.1958044,0.20045002
0.19614318,0.19981192,0.20804054,0.19293827,0.20306611
0.18997774,0.20263542,0.20438424,0.20459573,0.19840688
0.1929394,0.20067729,0.20791726,0.19479908,0.20366696
0.19455834,0.19967324,0.20869534,0.19301438,0.20405872
0.19616044,0.2000177,0.20685439,0.19605266,0.20091483
0.19632158,0.1991877,0.2082006,0.19514655,0.20114355
0.1897416,0.20145209,0.2065151,0.20293227,0.19935891
0.19423229,0.2005917,0.2058348,0.1965435,0.20279771
0.19502619,0.20108654,0.20590594,0.19615178,0.20182961
0.19734535,0.20025106,0.20514143,0.1964255,0.20083667
0.19759753,0.19984972,0.20625263,0.19549519,0.20080492
0.19074605,0.20215324,0.20405595,0.20283014,0.20021462
0.19587348,0.20110801,0.20385797,0.19632699,0.2028336
0.19685723,0.2005407,0.20435253,0.19703388,0.20121564
0.19618748,0.20068347,0.20531806,0.19576584,0.20204516
0.19704247,0.20046836,0.20556684,0.19577666,0.20114565
0.19001107,0.2019964,0.20564231,0.20199731,0.20035295
0.19449614,0.20086904,0.20702165,0.19581638,0.2017968
0.1960128,0.20003885,0.20686775,0.1950539,0.20202664
0.19687459,0.20011854,0.20712759,0.19551398,0.2003653
0.19647928,0.2001552,0.20762749,0.1960806,0.19965746
0.18883228,0.20246567,0.20583317,0.2028845,0.19998436
0.19327155,0.20055053,0.207676,0.19460136,0.20390058
0.19524045,0.19948126,0.2090062,0.19238245,0.20388961
0.19707821,0.19963855,0.20705448,0.19483827,0.20139048
0.19757174,0.19968991,0.20668423,0.1949022,0.2011519
0.19111465,0.20160767,0.20515801,0.20203982,0.20007984
0.19545381,0.2006941,0.2056399,0.1945384,0.2036738
0.1968318,0.19996169,0.20613742,0.19477566,0.2022934
0.19724841,0.19960606,0.20708083,0.19391046,0.2021542
0.19704568,0.19930613,0.20805956,0.19294958,0.20263904
0.18992753,0.20185782,0.20517309,0.20037659,0.20266502
0.1939536,0.19980916,0.20747805,0.19303589,0.2057233
0.19500746,0.19971344,0.20832032,0.19312346,0.20383534
0.1969991,0.19918136,0.20801036,0.19353777,0.20227145
0.19885343,0.1998819,0.2054746,0.19495612,0.20083398
0.18970448,0.2012879,0.20689255,0.20050324,0.20161179
0.19609784,0.20026317,0.20542258,0.19450256,0.20371386
0.19828148,0.20011692,0.2046534,0.19499,0.2019582
0.19777846,0.19907883,0.20755145,0.19363336,0.20195796
0.19935225,0.19869354,0.20617345,0.19352,0.20226075
0.19110966,0.20197873,0.20372291,0.20294388,0.20024484
0.1945096,0.19973357,0.20829079,0.19365753,0.20380856
0.19685121,0.19911031,0.20730427,0.1940548,0.20267944
0.19674386,0.19879556,0.20901532,0.19085462,0.20459063
0.19743009,0.19986418,0.20655653,0.19466816,0.20148101
0.1897241,0.20242205,0.20416836,0.20326835,0.20041713
0.1950616,0.199989,0.20738672,0.19450189,0.2030608
0.19814716,0.19948062,0.20666885,0.1954831,0.20022023
0.19711608,0.1989617,0.20887253,0.19353922,0.20151044
0.19759826,0.19916098,0.20820832,0.19246677,0.2025657
0.188871,0.20188417,0.20747298,0.20083506,0.20093673
0.1957301,0.20032524,0.20737183,0.19414234,0.20243047
0.19602904,0.19934289,0.20880303,0.19199418,0.20383087
0.19834091,0.19939125,0.20650108,0.19362274,0.20214407
0.197965,0.19883285,0.20813793,0.19242279,0.2026414
0.19052961,0.20041889,0.20802128,0.19857036,0.20245983
0.19539863,0.1991234,0.20871767,0.19294094,0.20381938
0.19744422,0.19930172,0.20765352,0.19328237,0.20231818
0.19776319,0.19891992,0.20795862,0.19234656,0.20301175
0.19985744,0.20055833,0.20334263,0.19611917,0.20012245
0.19162323,0.20266265,0.20214109,0.20339805,0.200175
0.19665608,0.19979756,0.20586742,0.19479375,0.20288518
0.19698682,0.19865516,0.20850286,0.1915725,0.20428264
0.19723353,0.19937068,0.20790674,0.19337136,0.2021177
0.1972383,0.19983,0.20790938,0.1934428,0.20157948
0.18908703,0.20143013,0.2075304,0.200127,0.20182545
0.19615595,0.19866736,0.20818016,0.19317374,0.2038228
0.19787392,0.19916117,0.20740792,0.19327362,0.20228334
0.19690467,0.19938526,0.2090337,0.1917696,0.20290676
0.19956948,0.19905591,0.2083523,0.19299051,0.20003179
0.1904178,0.20052202,0.20767577,0.1981391,0.20324527
0.19634666,0.1988004,0.20758569,0.19156338,0.20570387
0.19724338,0.1988647,0.20848931,0.19223128,0.20317133
0.19748658,0.19836804,0.20989124,0.19016004,0.20409402
0.19750126,0.19924729,0.20803402,0.19208379,0.20313364
0.19055787,0.20162793,0.20564975,0.20135485,0.20080969
0.19606031,0.19970624,0.20768948,0.19333462,0.20320936
0.19888909,0.19885834,0.20691778,0.19213903,0.20319574
0.19907263,0.19898379,0.20709102,0.19321041,0.20164213
0.19999456,0.19852398,0.20647569,0.19243014,0.20257565
0.19112976,0.20121455,0.20506951,0.20040682,0.2021793
0.19586779,0.19971834,0.20749557,0.19282097,0.20409733
0.19896768,0.19939063,0.20588963,0.19372317,0.20202886
0.19907135,0.19855925,0.20740744,0.19294077,0.20202115
0.19900362,0.19913839,0.20713769,0.19413315,0.20058717
0.19001509,0.20058298,0.20806867,0.19978648,0.20154674
0.1958707,0.19908622,0.20910074,0.19144127,0.20450105
0.19727091,0.19831187,0.21015604,0.18977597,0.20448524
0.19827245,0.19883533,0.209403,0.19178751,0.20170173
0.19981626,0.19896767,0.20834331,0.19267641,0.20019634
0.19132431,0.20097758,0.20549582,0.20136072,0.20084159
0.19785431,0.1991938,0.20626919,0.19439732,0.20228538
0.19828017,0.19898473,0.20775148,0.19374347,0.20124014
0.19795482,0.19844107,0.20876098,0.19216663,0.20267646
0.19915378,0.19787893,0.20924018,0.1903448,0.2033823
0.19072945,0.2004643,0.20754634,0.19949634,0.20176357
0.19686677,0.19857138,0.2085981,0.19169424,0.2042695
0.19787453,0.19842494,0.2093838,0.19114913,0.20316759
0.19786915,0.19737424,0.21054164,0.18926746,0.20494753
0.19971626,0.19831657,0.20781273,0.19127521,0.20287925
0.1916039,0.20080778,0.20459047,0.20035616,0.20264165
0.19539273,0.19865675,0.20953089,0.19266427,0.2037554
0.19750781,0.1984726,0.20955898,0.19067143,0.20378916
0.1997587,0.1981731,0.20796403,0.19169901,0.20240515
0.1995148,0.19848865,0.20763488,0.19229767,0.20206402
0.190089,0.2002128,0.20851766,0.19940032,0.20178023
0.1950184,0.19944273,0.20917796,0.19257769,0.20378324
0.20000657,0.19896008,0.20661989,0.19216092,0.20225257
0.20025022,0.19798084,0.20854239,0.19079973,0.20242687
0.1994321,0.19846919,0.20793167,0.19132389,0.20284317
0.19147126,0.20029162,0.20681357,0.20012389,0.20129961
0.19689704,0.19869071,0.20884551,0.19159263,0.20397405
0.19793542,0.19855739,0.209689,0.19154656,0.20227164
0.199925,0.19699132,0.20963933,0.18982802,0.20361634
0.19984469,0.19757773,0.20901842,0.19144532,0.20211384
0.19219565,0.20035224,0.2047741,0.20118277,0.20149525
0.19731218,0.19854325,0.20796467,0.19259335,0.20358655
0.198523,0.19790964,0.20829108,0.19136143,0.20391491
0.20068489,0.19835293,0.20667793,0.19112892,0.20315534
0.20134711,0.19877405,0.20548095,0.19351333,0.20088449
0.19067611,0.19976409,0.20725386,0.19889952,0.20340647
0.19743462,0.19849339,0.2081802,0.19259156,0.2033002
0.1992644,0.19843572,0.20749167,0.19229515,0.20251308
0.19763483,0.19785477,0.20896466,0.18987498,0.20567077
0.20038779,0.19796444,0.20813762,0.19062227,0.20288782
0.18970326,0.19977918,0.2085538,0.19816767,0.20379607
0.19834663,0.19859461,0.20833948,0.19282039,0.20189892
0.20010918,0.19837974,0.2078573,0.19026539,0.20338833
0.201689,0.19814421,0.20696053,0.1921487,0.20105752
0.19925049,0.19851278,0.20828035,0.19257215,0.20138422
0.19081186,0.19986004,0.20725945,0.19880827,0.2032604
0.19696651,0.19779181,0.20967592,0.1899894,0.20557635
0.19966207,0.19741668,0.2088307,0.19012013,0.20397039
0.19928207,0.19712265,0.21067216,0.19010295,0.20282021
0.20104903,0.1980677,0.20677626,0.19142133,0.20268571
0.1905016,0.19923373,0.20788184,0.19903482,0.20334798
0.19717214,0.19819236,0.2090339,0.19153087,0.20407078
0.20006208,0.19702968,0.20851403,0.18915457,0.2052396
0.20206477,0.19835812,0.20475343,0.1918532,0.20297042
0.20047325,0.19784968,0.2082835,0.19087352,0.20252006
0.19249257,0.20009647,0.20450863,0.1994596,0.20344272
0.19779931,0.19792075,0.20821613,0.19182646,0.20423733
0.19676705,0.19815803,0.2096231,0.19003771,0.2054141
0.20043953,0.19724329,0.20856228,0.18995008,0.20380485
0.20054859,0.1975474,0.20843261,0.1897675,0.20370391
0.19225311,0.19962713,0.20709097,0.19932498,0.2017038
0.19875649,0.19825491,0.20764741,0.19101655,0.20432468
0.19946767,0.19774725,0.20909563,0.19007377,0.20361568
0.20047066,0.19787444,0.20841582,0.19133216,0.20190695
0.20098217,0.1979377,0.20940204,0.19019741,0.20148066
0.19148797,0.1996671,0.20721622,0.19998544,0.20164329
0.19700323,0.1970593,0.2115412,0.18944329,0.20495294
0.19849025,0.19743933,0.21006055,0.18897434,0.20503552
0.20047161,0.1971309,0.20829156,0.18994942,0.2041565
0.19873635,0.19813092,0.20855221,0.19067274,0.20390777
0.19163664,0.19908553,0.20696208,0.1982712,0.2040445
0.19844423,0.19796684,0.20676519,0.19142869,0.20539506
0.19973792,0.19696897,0.20935147,0.19006248,0.20387913
0.20166983,0.19801141,0.20647694,0.1921985,0.20164336
0.19801761,0.19760424,0.20971663,0.19068602,0.20397551
0.19043428,0.19935814,0.20802487,0.19800821,0.2041745
0.1983889,0.1981963,0.20830782,0.19035295,0.20475405
0.19919744,0.19701782,0.21065466,0.18969713,0.20343292
0.20213309,0.19796352,0.2056781,0.19152227,0.20270303
0.1996736,0.19746602,0.20907539,0.1898107,0.20397429
0.19239765,0.19943792,0.20619944,0.20007144,0.20189355
0.19880606,0.19700713,0.20943768,0.190685,0.20406412
0.19898549,0.19713445,0.21029966,0.189332,0.20424838
0.20151561,0.19689767,0.20763612,0.18963067,0.20431992
0.20183918,0.19796835,0.20581056,0.19034784,0.20403405
0.19222975,0.19991018,0.20493102,0.20150514,0.20142394
0.1982479,0.19736883,0.20887828,0.1902727,0.20523234
0.19925787,0.19692867,0.20982772,0.18982507,0.20416065
0.200382,0.19803636,0.2074956,0.19211969,0.20196633
0.19895105,0.19761561,0.21039478,0.19027877,0.20275976
0.19327006,0.19928691,0.20569618,0.19996573,0.20178114
0.19742388,0.19693846,0.21079008,0.18865702,0.20619056
0.20064972,0.19792865,0.2073634,0.19073148,0.2033267
0.20043232,0.19723141,0.20890285,0.18915541,0.20427796
0.20158458,0.1974188,0.20933037,0.18931256,0.20235369
0.19254075,0.19886248,0.20622166,0.19946045,0.20291471
0.19899507,0.19855513,0.20627774,0.19222145,0.20395057
0.19860382,0.19749476,0.21049832,0.18968825,0.20371485
0.20173016,0.19739522,0.207373,0.18858975,0.20491189
0.20335709,0.1978862,0.20572475,0.19172232,0.20130965
0.19355142,0.19977443,0.20222893,0.20127055,0.20317467
0.1973644,0.19818293,0.20903163,0.19070025,0.20472075
0.19778122,0.19777556,0.21028231,0.18927865,0.20488231
0.19848363,0.19829409,0.20978515,0.19076116,0.20267591
0.19868389,0.19683127,0.2115973,0.18741143,0.20547614
0.19252644,0.1987208,0.20659488,0.19919057,0.20296733
0.19672878,0.1977927,0.20996454,0.18968175,0.20583226
0.1989837,0.19669642,0.21047814,0.18755932,0.20628238
0.20140196,0.19729698,0.20721373,0.18944074,0.20464659
0.20032911,0.19675106,0.20997575,0.18789843,0.20504564
0.19210625,0.19891335,0.2054388,0.1993053,0.20423634
0.19575892,0.19700323,0.21138045,0.18838724,0.20747015
0.19626096,0.19772007,0.21109818,0.18850335,0.20641747
0.20038545,0.19672132,0.20944893,0.18822233,0.20522203
0.20141631,0.19794533,0.20737898,0.18919018,0.2040692
0.19173495,0.19859575,0.20607993,0.19857062,0.20501871
0.19699576,0.19800653,0.20956443,0.18928728,0.206146
0.19842374,0.19746023,0.2097301,0.18954225,0.20484367
0.19797426,0.1976763,0.21059152,0.18959585,0.20416205
0.19948745,0.19777255,0.2086923,0.19018352,0.20386417
0.19251022,0.19884188,0.20520133,0.19940117,0.20404544
0.19726495,0.19716595,0.20977333,0.18813655,0.20765918
0.19871344,0.19692989,0.21105522,0.18745443,0.20584702
0.19750437,0.19715017,0.2120146,0.18793495,0.2053959
0.20062234,0.19720864,0.2099649,0.18761753,0.20458657
0.19242552,0.19857134,0.20473972,0.20037408,0.20388934
0.19559081,0.19788861,0.21065073,0.19000952,0.20586035
0.19901715,0.19620615,0.21178843,0.18745898,0.2055293
0.20057724,0.19677657,0.20937479,0.186912,0.20635939
0.19947748,0.1949209,0.21376164,0.18438476,0.20745523
0.19278339,0.19883865,0.20484357,0.20044583,0.20308857
0.19706601,0.19794677,0.20762512,0.18932763,0.20803449
0.19917142,0.19651882,0.20990273,0.18757272,0.20683426
0.2005014,0.19697326,0.20893353,0.18862067,0.20497109
0.20300259,0.19771454,0.20644225,0.18908806,0.20375258
0.19217584,0.19829637,0.20455575,0.19909711,0.20587492
0.19722164,0.1982019,0.2063418,0.19254145,0.20569322
0.1991464,0.19677894,0.20978373,0.18840006,0.20589085
0.20172793,0.19649643,0.20875427,0.18839239,0.204629
0.20201035,0.19543315,0.20991503,0.18659358,0.20604788
0.19099794,0.19844235,0.20476627,0.19982046,0.20597297
0.19491354,0.198691,0.21058607,0.19111863,0.20469077
0.1991223,0.19675457,0.21095648,0.1866048,0.20656186
0.20204839,0.19705497,0.20934404,0.18751487,0.20403771
0.20242068,0.19637756,0.20940065,0.18660678,0.20519435
0.19311973,0.19819893,0.20487009,0.19893445,0.20487677
0.19854882,0.19690146,0.20860226,0.18937501,0.20657247
0.20099382,0.19689068,0.20884183,0.18801254,0.20526116
0.201103,0.19631375,0.20975034,0.18644746,0.20638545
0.20257637,0.1971147,0.20926447,0.18811175,0.20293269
0.19219764,0.19807258,0.20571417,0.19832212,0.20569348
0.1979734,0.19655833,0.21020025,0.18871406,0.20655401
0.2013409,0.19533633,0.20959485,0.18684475,0.20688318
0.20194414,0.19681878,0.20944402,0.18904036,0.20275272
0.20322739,0.19648032,0.20841078,0.18739927,0.20448226
0.19308147,0.19786939,0.20532747,0.19954348,0.20417824
0.19954914,0.1969645,0.20843303,0.1894185,0.20563483
0.20222539,0.1961705,0.20737611,0.18920365,0.20502435
0.20425974,0.19595125,0.20579761,0.18801093,0.20598048
0.2036227,0.19633026,0.20826045,0.18889567,0.20289087
0.1951112,0.19856974,0.20118709,0.20161222,0.20351976
0.1979954,0.19664179,0.20980217,0.18876563,0.206795
0.19851601,0.19686934,0.21055584,0.18872729,0.20533153
0.20375021,0.19642246,0.20750748,0.1893979,0.20292193
0.20334777,0.19597034,0.20889367,0.18741152,0.20437665
0.19373286,0.19791435,0.20624326,0.19819179,0.20391774
0.19917212,0.19717437,0.20975122,0.18905419,0.20484807
0.20262447,0.19644748,0.20984535,0.18668126,0.20440143
0.20278208,0.19604778,0.20904236,0.1873492,0.20477855
0.2036235,0.19565408,0.2083213,0.18689118,0.20550992
0.1946164,0.19781345,0.20495716,0.19853385,0.20407915
0.19886523,0.1963198,0.21005945,0.18848576,0.20626976
0.20122753,0.19634028,0.20960726,0.18731613,0.20550878
0.20252915,0.19519883,0.21012972,0.18640006,0.20574224
0.20414934,0.1944366,0.20818801,0.18720336,0.20602262
0.19352517,0.19769837,0.20534101,0.19813228,0.20530322
0.19881308,0.19634098,0.21011424,0.18828133,0.20645043
0.20066984,0.19489872,0.21108018,0.18648896,0.20686229
0.20247658,0.1946515,0.20971067,0.18598908,0.20717219
0.20363748,0.19620496,0.20803212,0.18766814,0.20445731
0.19344693,0.19733842,0.20646454,0.19859673,0.20415334
0.20071642,0.19557482,0.20722479,0.18877743,0.20770657
0.20260148,0.1962008,0.20754668,0.18855007,0.20510095
0.20362592,0.19686545,0.20808916,0.18837027,0.20304921
0.20193115,0.1963255,0.20822088,0.18776272,0.20575976
0.19217883,0.19825664,0.2044656,0.20078808,0.20431083
0.19876295,0.19697523,0.20972495,0.1883871,0.2061498
0.20201115,0.1959264,0.20854823,0.18799153,0.20552266
0.20294762,0.19569893,0.20840515,0.18675098,0.20619734
0.20390868,0.19487862,0.20906621,0.18738694,0.20475958
0.19394146,0.19804336,0.20379238,0.20073217,0.2034906
0.2002421,0.19580553,0.20844175,0.1876476,0.20786299
0.20197454,0.1956792,0.20828903,0.1872994,0.2067578
0.20323804,0.19435845,0.20863733,0.1873047,0.20646141
0.20441443,0.19617894,0.20730351,0.18847145,0.20363165
0.19363827,0.1978777,0.20371787,0.20010716,0.204659
0.19887403,0.19620097,0.20826256,0.18933167,0.20733078
0.20085348,0.19473283,0.21040583,0.18690747,0.20710042
0.20312516,0.19622599,0.20727867,0.18909337,0.20427677
0.2030517,0.1951768,0.2077434,0.1872588,0.20676926
0.19633,0.19829072,0.20041378,0.20118608,0.20377944
0.20004442,0.19669782,0.20747924,0.18941793,0.20636058
0.20305222,0.195766,0.20712127,0.18936001,0.20470051
0.20144022,0.19627883,0.20829283,0.18820494,0.20578322
0.20244645,0.19647026,0.20836625,0.18797942,0.20473766
0.19499958,0.19797829,0.20369482,0.19852808,0.20479923
0.20036958,0.19639726,0.20858538,0.19050062,0.20414715
0.2025777,0.19622281,0.20789099,0.18902512,0.20428337
0.2040362,0.19552553,0.20679566,0.18754156,0.206101
0.20449089,0.19415076,0.20724171,0.1890719,0.20504476
0.19502965,0.19766083,0.20336236,0.19990404,0.20404315
0.20026138,0.19557193,0.20723444,0.18909922,0.20783299
0.20197466,0.19623624,0.20710123,0.19011845,0.20456947
0.2023374,0.19443434,0.20857194,0.18785232,0.20680405
0.20364425,0.19401203,0.2069132,0.18833357,0.20709695
0.19401188,0.19704029,0.20500124,0.19969094,0.20425567
0.20104395,0.19700427,0.20602724,0.19101432,0.20491017
0.20319736,0.19546273,0.20535849,0.18975219,0.20622924
0.20372082,0.19560897,0.20574912,0.19002046,0.20490064
0.20378453,0.19577491,0.20506185,0.18988225,0.20549646
0.19518279,0.19792345,0.2020042,0.20069516,0.20419444
0.20054565,0.19732518,0.20577596,0.1905522,0.20580101
0.20425056,0.1948818,0.20622808,0.18739504,0.20724458
0.20477821,0.19511078,0.20587386,0.19009079,0.20414636
0.20456113,0.19403629,0.20576355,0.18821508,0.20742397
0.19670714,0.19743289,0.20186312,0.20049207,0.2035048
0.20064722,0.19657221,0.20607574,0.19040452,0.20630027
0.20295249,0.19386725,0.20659252,0.18803711,0.20855062
0.20353869,0.19644396,0.20584714,0.1897751,0.20439512
0.20345424,0.19592448,0.2063614,0.18982199,0.20443793
0.19556662,0.19791976,0.20176648,0.20157042,0.20317672
0.2001444,0.196688,0.20592785,0.19099441,0.20624538
0.20434229,0.19601825,0.20385882,0.19101025,0.20477039
0.20473342,0.19661166,0.20385715,0.19104159,0.20375617
0.20238058,0.19567482,0.20502475,0.19000605,0.20691383
0.19491313,0.19751395,0.20254526,0.19949596,0.20553169
0.20201172,0.19686376,0.20545465,0.19028755,0.20538233
0.2042869,0.1974278,0.20386235,0.1924503,0.20197263
0.20442563,0.19702254,0.20367265,0.19154172,0.20333749
0.20456699,0.19486117,0.20516638,0.18907847,0.20632699
0.19605455,0.19772828,0.20165123,0.20121543,0.20335053
0.20108992,0.19670206,0.2041335,0.19179212,0.20628245
0.20156014,0.19603395,0.20541695,0.1903947,0.20659424
0.20329936,0.19311705,0.20712453,0.1889487,0.20751038
0.20332478,0.19242452,0.20631936,0.18823567,0.20969564
0.19475223,0.19732758,0.20229211,0.2004161,0.20521192
0.2013876,0.19516529,0.20340246,0.19123535,0.20880933
0.20044011,0.19730137,0.20424326,0.19248568,0.20552962
0.20158367,0.19604257,0.20535178,0.19024678,0.20677516
0.20422477,0.19417576,0.20388661,0.1902857,0.20742714
0.19609027,0.1977772,0.20079154,0.20070416,0.20463683
0.20053628,0.1957276,0.20486005,0.19111626,0.2077598
0.20320876,0.19660164,0.20349433,0.19111946,0.20557576
0.2026746,0.19629303,0.20435144,0.19055626,0.20612471
0.20429617,0.19581519,0.20269305,0.19131482,0.20588078
0.19613065,0.19827974,0.19866535,0.2031918,0.20373248
0.19855036,0.19402795,0.20684862,0.18969963,0.21087343
0.20361187,0.19604748,0.2014903,0.19263497,0.20621535
0.20469016,0.19704287,0.20051743,0.19306259,0.204687
0.20470783,0.19462644,0.2029205,0.19161613,0.20612907
0.19291966,0.19841598,0.20000951,0.20289592,0.20575896
0.20177968,0.19768265,0.2043893,0.19195463,0.2041937
0.20370719,0.19628651,0.20239918,0.19113064,0.20647645
0.20437369,0.19285591,0.20343804,0.18996209,0.20937027
0.20609306,0.19275977,0.20268326,0.1907021,0.20776175
0.19638619,0.19836456,0.19824181,0.2029692,0.20403822
0.20056829,0.19426367,0.20554186,0.19074331,0.2088829
0.20132358,0.1966001,0.20487843,0.1911351,0.20606282
0.20420416,0.19674766,0.20267676,0.19216959,0.20420185
0.2048912,0.19575971,0.20146672,0.19219247,0.2056899
0.19563992,0.19722421,0.20043147,0.20126723,0.20543715
0.1985091,0.19707009,0.2036655,0.19380206,0.20695326
0.2022098,0.19654971,0.20250869,0.19186155,0.20687029
0.20392458,0.19470398,0.20348513,0.19118893,0.20669734
0.20382936,0.19515847,0.20360318,0.19066472,0.2067443
0.19540644,0.19775297,0.19877441,0.20256463,0.20550153
0.19993125,0.19732584,0.20340401,0.19366156,0.20567729
0.20268998,0.1954304,0.2029338,0.19237009,0.20657572
0.20323679,0.1944307,0.20349784,0.19050322,0.20833153
0.20323673,0.19213994,0.2041139,0.19131738,0.20919207
0.19280891,0.19775595,0.19987357,0.20275651,0.20680508
0.19918711,0.19437853,0.20298062,0.19263086,0.2108229
0.20132439,0.19503506,0.20345633,0.1918034,0.20838082
0.2025055,0.19548234,0.20483792,0.19166669,0.20550759
0.20322968,0.19533223,0.2029396,0.19172122,0.20677735
0.19329594,0.1983122,0.19839992,0.20471922,0.20527275
0.19775717,0.19688688,0.2036268,0.1941615,0.2075676
0.20053655,0.19448324,0.20303342,0.19271544,0.20923132
0.2021862,0.19162242,0.20258379,0.19206125,0.21154632
0.2040188,0.1934945,0.1992647,0.19340253,0.2098195
0.19454385,0.19917981,0.19474518,0.20833115,0.20319995
0.19897205,0.19615653,0.20354977,0.19294286,0.2083788
0.2012116,0.19525734,0.20355976,0.19212922,0.20784207
0.20147127,0.19474944,0.20286717,0.19365528,0.20725684
0.20285359,0.1972805,0.20161533,0.19411328,0.2041373
0.19200817,0.19858687,0.1980222,0.20520253,0.20618024
0.19772331,0.19593012,0.2030668,0.19510122,0.20817852
0.20101547,0.19455163,0.20043463,0.19455439,0.20944387
0.20234726,0.19476414,0.2003635,0.19392826,0.20859683
0.2007037,0.20021525,0.19978377,0.19734673,0.20195055
0.1922249,0.1988989,0.19745985,0.20692314,0.20449324
0.19750753,0.19570613,0.20257337,0.19418608,0.21002692
0.1997676,0.19845636,0.20204256,0.19530119,0.20443228
0.20160627,0.19738315,0.20016274,0.19487932,0.20596853
0.20151076,0.1967703,0.2008843,0.19503371,0.2058009
0.19116208,0.1984795,0.19723625,0.2069369,0.20618525
0.19735746,0.19441134,0.20107114,0.19580913,0.21135092
0.19977611,0.19829075,0.20030881,0.19607505,0.20554928
0.196279,0.1994189,0.20241912,0.19596021,0.20592278
0.20022273,0.19628647,0.2014466,0.19494763,0.20709659
0.19202526,0.19914986,0.19611819,0.20739812,0.20530854
0.19824159,0.19702291,0.20218128,0.19550852,0.20704572
0.19989157,0.19566448,0.20204593,0.19492418,0.20747383
0.20002267,0.19576551,0.2025109,0.19548464,0.20621632
0.20010428,0.19703917,0.201468,0.19553168,0.2058568
0.19078577,0.1985445,0.19694799,0.20637292,0.20734885
0.19688554,0.19796677,0.20150119,0.19668116,0.20696537
0.19797578,0.19687505,0.20272847,0.1946714,0.20774932
0.20033361,0.19515347,0.2006088,0.19484083,0.20906323
0.20047562,0.19576487,0.20047733,0.19595018,0.20733202
0.1895513,0.19913931,0.19601582,0.20847836,0.20681523
0.19518341,0.19775227,0.20204824,0.19735955,0.20765655
0.19848777,0.19596592,0.2005515,0.19647396,0.20852086
0.19981247,0.1944631,0.20013265,0.19569603,0.20989574
0.19985029,0.195185,0.20082171,0.19631547,0.2078275
0.19014749,0.19843656,0.19546194,0.20738971,0.2085643
0.19574222,0.19632189,0.20127383,0.19639337,0.21026866
0.19824101,0.19974983,0.20041813,0.19777676,0.20381425
0.19887942,0.20010467,0.20043781,0.19814076,0.20243734
0.2013426,0.19895722,0.19809832,0.19841813,0.20318371
0.18980454,0.19906127,0.19494732,0.20929046,0.2068964
0.1953345,0.19601844,0.20056714,0.19754043,0.2105395
0.19776763,0.2009753,0.19954012,0.19848356,0.2032334
0.20061666,0.19993415,0.1991448,0.19803387,0.20227054
0.20103946,0.19971307,0.19776285,0.19916464,0.20232002
0.1894732,0.1995604,0.19466716,0.20977888,0.20652035
0.1968533,0.20013352,0.19854136,0.19921455,0.2052573
0.19894286,0.19945024,0.19955273,0.19913964,0.20291455
0.20034058,0.19878316,0.19868723,0.19788943,0.2042996
0.20027165,0.19874078,0.19905692,0.19852087,0.20340979
0.18966863,0.19942968,0.1932813,0.21067081,0.20694956
0.1944472,0.1991623,0.20043857,0.19941379,0.20653817
0.19760895,0.20036806,0.19828486,0.19907792,0.2046602
0.19955336,0.19923912,0.19749604,0.1994682,0.2042433
0.19972801,0.19944951,0.19799066,0.1997579,0.20307392
0.18895522,0.19945905,0.19319823,0.21144003,0.20694749
0.19553815,0.19899733,0.20035022,0.19952048,0.20559378
0.19752844,0.19845572,0.19907959,0.19792931,0.20700693
0.1982724,0.19799256,0.19993499,0.19879703,0.20500296
0.1999376,0.1986471,0.19789903,0.1989575,0.2045588
0.18816715,0.19928262,0.19321196,0.21082775,0.20851056
0.19492088,0.1991682,0.19879748,0.20107915,0.20603426
0.19592687,0.19961777,0.20114458,0.19948149,0.20382923
0.19731292,0.19996285,0.19941145,0.19961964,0.20369318
0.19818828,0.2007189,0.19797318,0.20034873,0.20277092
0.18794474,0.19895723,0.19186158,0.21231732,0.2089191
0.19269234,0.2000416,0.20011196,0.20122892,0.20592514
0.1962167,0.20100941,0.19982956,0.20048763,0.2024567
0.19708234,0.20171504,0.19937141,0.20083757,0.20099363
0.19843702,0.20077294,0.19824682,0.20018958,0.20235367
0.1892308,0.19970262,0.19112211,0.21318126,0.20676322
0.1945469,0.19878086,0.19885948,0.20090176,0.20691101
0.1969726,0.20060755,0.19796577,0.20147797,0.20297612
0.19790488,0.20173985,0.19775987,0.20193578,0.20065963
0.19881773,0.20086624,0.19716252,0.20184688,0.20130658
0.1887005,0.19860749,0.19165346,0.21195799,0.20908052
0.19279966,0.20072629,0.19971892,0.20272478,0.20403033
0.19616668,0.2021097,0.19823524,0.20252374,0.2009646
0.19681238,0.20396866,0.19870102,0.20255594,0.197962
0.19930936,0.20298539,0.19716667,0.20202522,0.19851337
0.18871467,0.20033444,0.19081599,0.21462633,0.20550855
0.19287051,0.20149842,0.19868134,0.20327635,0.20367338
0.19547017,0.20331249,0.19816257,0.20277013,0.20028467
0.19675164,0.20329505,0.1969896,0.20296915,0.19999458
0.19726129,0.20469125,0.19715334,0.20267956,0.19821458
0.18835622,0.20018102,0.19057083,0.21457547,0.20631646
0.19349019,0.2019052,0.19803539,0.2034895,0.2030797
0.19552526,0.2055085,0.19740821,0.20362447,0.19793355
0.1973975,0.20496218,0.19669983,0.20345725,0.19748324
0.19736046,0.20708133,0.19627693,0.20514546,0.1941358
0.18841702,0.19950503,0.19088842,0.2128742,0.20831531
0.19321471,0.20364767,0.19777723,0.20388775,0.20147261
0.1950713,0.20703441,0.1971486,0.20480679,0.19593884
0.19728363,0.2088388,0.19472347,0.20574434,0.19340977
0.19691561,0.2111444,0.19527033,0.20678498,0.18988468
0.1872176,0.20029368,0.1897218,0.21569389,0.20707309
0.19171496,0.20828794,0.19758648,0.20627208,0.19613858
0.19550648,0.21009862,0.19609502,0.20660928,0.19169053
0.1957393,0.21144426,0.19610673,0.20694488,0.1897648
0.19665429,0.21325815,0.19465469,0.20797642,0.1874565
0.18788052,0.2011139,0.18871313,0.21767052,0.20462196
0.19145705,0.21057339,0.19657782,0.20774265,0.19364908
0.19468564,0.2118552,0.19551739,0.20761964,0.19032216
0.19528769,0.21440381,0.19463836,0.20933498,0.18633516
0.19767283,0.21462967,0.19314328,0.20882566,0.18572855
0.18689345,0.19893323,0.18773817,0.21610978,0.21032535
0.19011733,0.21265861,0.19657202,0.209348,0.19130401
0.19375825,0.2156909,0.19519389,0.20937847,0.18597847
0.19469951,0.21681969,0.19484289,0.20892422,0.18471366
0.1962293,0.21805754,0.19451696,0.20966044,0.18153581
0.18650906,0.19940211,0.1872157,0.21646616,0.21040691
0.1869816,0.20201518,0.2058815,0.20434825,0.20077342
0.19104743,0.20213284,0.20351419,0.20233777,0.20096776
0.192201,0.2017076,0.20383449,0.20024832,0.20200862
0.19341324,0.20116995,0.20389861,0.19992971,0.20158842
0.19508524,0.2017008,0.2022007,0.20243767,0.19857557
0.19044071,0.20470822,0.19903642,0.20921831,0.19659626
0.19209518,0.2027984,0.20311391,0.20201819,0.19997434
0.19306307,0.20221147,0.20338905,0.20069006,0.20064639
0.19430602,0.20207988,0.20245074,0.20118435,0.19997904
0.19630525,0.20302612,0.19915856,0.20335251,0.19815758
0.19007222,0.20301753,0.20512474,0.2037978,0.19798774
0.1929976,0.20214757,0.20223422,0.1992875,0.2033331
0.19419672,0.20221661,0.20337339,0.19995077,0.2002625
0.1930133,0.20316082,0.20131019,0.20194224,0.20057347
0.19627911,0.20217612,0.20280427,0.2002663,0.19847421
0.19075866,0.20247866,0.20337343,0.20536694,0.19802234
0.19443314,0.20279713,0.2005507,0.20139706,0.20082201
0.19418007,0.20252454,0.20298295,0.1994556,0.20085686
0.19400795,0.2021155,0.2035544,0.19751295,0.20280918
0.19670115,0.20158863,0.20180322,0.20023291,0.19967407
0.1930595,0.20459194,0.19712724,0.20733891,0.19788237
0.19436435,0.20245488,0.20199339,0.19997196,0.20121543
0.1953302,0.20178103,0.20234662,0.19965646,0.20088568
0.19447783,0.20115958,0.20451896,0.19938645,0.20045719
0.19836023,0.20270813,0.19696993,0.20151353,0.20044822
0.19106337,0.2024603,0.20228563,0.20328711,0.20090358
0.19485518,0.20160984,0.20226787,0.1998601,0.20140705
0.19594939,0.2014194,0.2020816,0.1982175,0.20233211
0.1962063,0.20205514,0.20210217,0.19970357,0.19993278
0.19344431,0.20257701,0.20504434,0.19835626,0.2005781
0.19036877,0.2034424,0.20182687,0.20382951,0.20053244
0.19438152,0.20161043,0.20245309,0.19814543,0.20340954
0.1898501,0.20327453,0.20459427,0.19873044,0.20355062
0.19739774,0.20178083,0.20290074,0.1990161,0.1989046
0.19705816,0.20189644,0.20211506,0.19998837,0.19894199
0.1907116,0.20291452,0.20281272,0.20296933,0.20059179
0.1942835,0.20202775,0.20257404,0.19734666,0.20376803
0.19527872,0.2016065,0.20356984,0.19795494,0.20159003
0.19632322,0.20179324,0.20284331,0.19825837,0.2007819
0.19465221,0.20017183,0.20609453,0.19628075,0.20280065
0.189948,0.2033187,0.20324725,0.20415035,0.19933571
0.19450003,0.2022783,0.20183976,0.19908728,0.20229466
0.1943351,0.20033549,0.20620938,0.19743326,0.20168681
0.19833045,0.20435552,0.19660886,0.20036511,0.2003401
0.19641042,0.2016949,0.20406789,0.1990837,0.19874312
0.19022302,0.203354,0.20260048,0.20284629,0.20097621
0.19434597,0.2020221,0.20359632,0.19815381,0.2018818
0.19642647,0.20195499,0.20146272,0.19875388,0.20140195
0.1950581,0.2021659,0.2030429,0.20043948,0.1992936
0.19711989,0.2011214,0.20455152,0.1956995,0.20150769
0.19019078,0.20311333,0.20278518,0.20363453,0.20027615
0.19369687,0.2021041,0.20334513,0.19829996,0.20255393
0.1950168,0.20224659,0.20478737,0.19746524,0.20048398
0.1961612,0.20198257,0.20320776,0.19801624,0.20063223
0.19538902,0.20126902,0.20455457,0.19681206,0.20197533
0.19052541,0.20315497,0.20263706,0.20425965,0.19942296
0.19372936,0.20227072,0.20442453,0.1977227,0.20185268
0.1952908,0.20172425,0.2033057,0.19782244,0.20185684
0.19598453,0.20022683,0.20475373,0.19635062,0.2026843
0.19809334,0.20308821,0.19924057,0.1997708,0.19980706
0.18939464,0.20276126,0.20343514,0.20249744,0.20191154
0.19399267,0.20147021,0.20362113,0.19750507,0.20341092
0.19431813,0.20028032,0.20547813,0.19503808,0.20488527
0.1983263,0.20102139,0.20076089,0.19916852,0.20072293
0.19633242,0.20124707,0.20426589,0.198959,0.1991956
0.18867783,0.20308788,0.20417228,0.20391023,0.20015176
0.19634348,0.20290737,0.19791101,0.20102404,0.2018141
0.19482656,0.20078284,0.20491171,0.19509071,0.20438819
0.19597755,0.2009654,0.20631787,0.19673082,0.20000838
0.19610168,0.20104077,0.20484553,0.19716561,0.20084643
0.18907101,0.20249033,0.2046857,0.20286724,0.2008857
0.19250734,0.20179012,0.2069505,0.19773622,0.20101584
0.19652008,0.20104453,0.20348096,0.19751367,0.20144078
0.19564512,0.20105553,0.2042286,0.19662277,0.20244797
0.19592497,0.20035079,0.2056646,0.19584885,0.2022108
0.189354,0.20298433,0.20434721,0.20184697,0.20146753
0.19309354,0.20080937,0.2060248,0.1960234,0.20404892
0.19279525,0.19996282,0.2090565,0.1953229,0.20286256
0.19762406,0.20210037,0.20095694,0.19945917,0.19985944
0.19544679,0.2005641,0.20657575,0.19624403,0.2011693
0.18929812,0.2027868,0.20396921,0.20367625,0.20026964
0.19537029,0.20332143,0.19984418,0.20017612,0.20128796
0.19513956,0.20060301,0.20602913,0.19669776,0.20153056
0.19514239,0.20061798,0.20564015,0.19530338,0.2032961
0.19546424,0.20036861,0.20585327,0.19554918,0.20276469
0.19041444,0.20204043,0.20281824,0.20348705,0.20123982
0.19360009,0.20089896,0.20738517,0.19645163,0.20166416
0.1943057,0.20044169,0.20628472,0.19405527,0.20491263
0.19542581,0.20037752,0.20635767,0.19625904,0.20157996
0.19529404,0.19955027,0.20752466,0.19370987,0.20392112
0.18957998,0.20200226,0.20514181,0.20034026,0.20293571
0.19325756,0.20059597,0.20586637,0.1959432,0.2043369
0.1931818,0.19913837,0.20934194,0.19530657,0.20303127
0.19582155,0.20052448,0.2055067,0.19666621,0.20148106
0.19669326,0.20042922,0.20477706,0.19595906,0.2021414
0.18863307,0.20123723,0.20581742,0.20046109,0.2038512
0.19589168,0.2008032,0.20133524,0.19893505,0.20303483
0.19577125,0.20024331,0.20438236,0.19662309,0.20298004
0.19739826,0.20075816,0.20328712,0.19740823,0.20114826
0.19618396,0.19927739,0.20773181,0.19452545,0.20228137
0.18542363,0.20308116,0.20439386,0.20351616,0.20358518
0.19538267,0.20158653,0.20356409,0.19864039,0.20082633
0.19488378,0.20075892,0.20496671,0.1958641,0.20352647
0.19656001,0.20097058,0.20427047,0.19700266,0.20119628
0.19707924,0.1993932,0.20793793,0.19320169,0.20238796
0.18910348,0.20132238,0.2066008,0.20009984,0.2028735
0.19244659,0.19919313,0.2094176,0.19485423,0.20408843
0.1950753,0.20003234,0.20651603,0.1956262,0.20275013
0.1965447,0.19899747,0.2071397,0.1940658,0.20325232
0.19592448,0.20006968,0.20726424,0.19560373,0.20113786
0.18915817,0.20303212,0.20391372,0.20301855,0.20087738
0.19249047,0.20001103,0.2085722,0.19544467,0.20348161
0.19305207,0.19941877,0.20987001,0.19373819,0.20392093
0.19602749,0.19903569,0.20775616,0.19325292,0.20392774
0.19753763,0.19977373,0.20458291,0.19556233,0.20254341
0.19004618,0.20134367,0.20759581,0.19848289,0.20253149
0.19265781,0.20020728,0.20832846,0.1947299,0.20407654
0.19513547,0.19948357,0.20844686,0.1949417,0.20199238
0.19029616,0.20060697,0.20900072,0.1946623,0.20543388
0.1982688,0.19970033,0.20648992,0.19465543,0.2008855
0.19051829,0.20157093,0.20457552,0.20150779,0.20182753
0.19318914,0.19946639,0.20826022,0.19410232,0.20498192
0.19557868,0.19897793,0.20827919,0.19362646,0.2035377
0.19624458,0.19926196,0.20768584,0.19388953,0.20291811
0.19600369,0.19819702,0.20923662,0.19160625,0.20495643
0.19200094,0.20198151,0.20064901,0.2031121,0.20225644
0.19285123,0.20030816,0.20820469,0.19575864,0.20287724
0.19612417,0.19956836,0.20740929,0.19476156,0.2021366
0.19941252,0.20040698,0.20182468,0.19523178,0.20312403
0.19756489,0.19880734,0.20707062,0.1946775,0.20187962
0.19004725,0.20096928,0.20738815,0.2005303,0.201065
0.19449708,0.1993141,0.20715474,0.19331561,0.2057185
0.19672057,0.19911371,0.20750655,0.19421266,0.20244646
0.19951399,0.19957253,0.2068474,0.19506444,0.19900165
0.19874038,0.19887754,0.20638974,0.19391441,0.20207793
0.19073969,0.20113707,0.20582257,0.20105405,0.2012466
0.19625583,0.19930603,0.20654342,0.1946571,0.20323764
0.19731474,0.19946073,0.2069319,0.19492267,0.20136999
0.19756791,0.19902201,0.20779306,0.19269495,0.20292209
0.198544,0.1999994,0.20443225,0.19621968,0.20080465
0.18984912,0.2008988,0.20640408,0.19965203,0.20319599
0.19246271,0.20054036,0.20831172,0.19455186,0.20413329
0.19838622,0.20211191,0.20026162,0.19910118,0.20013905
0.19559242,0.19983359,0.20778224,0.19565795,0.20113379
0.19829278,0.1992807,0.20845886,0.19378392,0.2001838
0.18918064,0.2011408,0.20623633,0.19995816,0.20348413
0.1912073,0.2002806,0.207886,0.19638516,0.20424093
0.1970428,0.1993758,0.20686322,0.19388655,0.20283158
0.19635423,0.19886224,0.20810767,0.19326708,0.20340878
0.19742419,0.19970119,0.2064039,0.19615504,0.20031567
0.1902704,0.20093495,0.20556872,0.20255637,0.20066957
0.19437757,0.19925058,0.20794427,0.19511692,0.20331068
0.19652095,0.19892219,0.20791574,0.19449916,0.20214194
0.19792229,0.19975354,0.20515198,0.19391197,0.20326021
0.19869183,0.1985935,0.20621742,0.19435112,0.20214616
0.18971102,0.20036988,0.20639911,0.19911863,0.20440133
0.19818777,0.2016129,0.20023082,0.19881253,0.20115593
0.19844137,0.1997,0.20433004,0.19645226,0.20107633
0.19759765,0.19939244,0.20743497,0.19397765,0.20159727
0.19909887,0.19859086,0.20570925,0.19400121,0.20259984
0.18990435,0.2005703,0.20630743,0.20021716,0.20300075
0.19537349,0.19955793,0.20886455,0.19351158,0.20269237
0.19701183,0.19840439,0.20825793,0.19329244,0.2030334
0.19697526,0.1977215,0.20922647,0.19215873,0.20391804
0.19742584,0.19837023,0.2081375,0.19271241,0.20335403
0.18929684,0.20065479,0.20700847,0.20019284,0.20284706
0.19478343,0.19915386,0.20769201,0.1940625,0.20430817
0.19538338,0.19753289,0.21060288,0.19203115,0.20444965
0.20110984,0.19910683,0.20203897,0.19634572,0.20139863
0.19885926,0.19771792,0.20777929,0.19213113,0.2035124
0.18962295,0.20007348,0.20757903,0.19944045,0.20328408
0.19851187,0.19968905,0.2025867,0.19594413,0.20326824
0.19631381,0.19887365,0.20711212,0.19449219,0.20320821
0.19906004,0.19847186,0.20756218,0.19386831,0.20103765
0.19899216,0.19785787,0.20882744,0.19213054,0.20219204
0.1876745,0.20081395,0.20617597,0.20151387,0.20382175
0.19496419,0.1997137,0.20841624,0.19525701,0.20164889
0.19635536,0.1986144,0.20817037,0.19311772,0.20374213
0.19645947,0.1980595,0.20955256,0.19214939,0.20377909
0.19758062,0.1981881,0.20901394,0.19280815,0.20240916
0.19051011,0.20026574,0.20618622,0.20159537,0.20144257
0.19543473,0.19881594,0.20821336,0.19349036,0.20404564
0.1994538,0.19937648,0.20439297,0.19528127,0.20149551
0.19876081,0.19849034,0.20810674,0.1934179,0.20122421
0.19962034,0.19835001,0.20689641,0.19303066,0.20210257
0.18637978,0.1984575,0.21303412,0.19826089,0.20386773
0.19642244,0.19901258,0.20671265,0.19579026,0.2020621
0.19901685,0.19816697,0.20584297,0.19307095,0.20390229
0.19928402,0.19882011,0.20590435,0.19342953,0.20256199
0.19946672,0.19775587,0.20776561,0.19186565,0.2031461
0.18623647,0.20018834,0.20842482,0.19806086,0.2070895
0.1959161,0.19891506,0.2084825,0.19362514,0.20306122
0.19753309,0.1972039,0.2095466,0.19130968,0.20440675
0.19801553,0.1972441,0.20999782,0.19087183,0.20387074
0.19864225,0.197559,0.21114674,0.19146255,0.20118949
0.19058315,0.1995685,0.2068675,0.19921477,0.20376606
0.19543144,0.19840547,0.2078924,0.19294223,0.20532842
0.19790827,0.19723026,0.20993409,0.1913095,0.20361786
0.19864409,0.1980947,0.20847815,0.19268756,0.20209548
0.20060936,0.19747005,0.20805457,0.19206448,0.20180155
0.19032769,0.19960324,0.20748909,0.19913383,0.20344616
0.19789767,0.19870621,0.20346144,0.19461909,0.20531559
0.19768804,0.1981032,0.20945218,0.19310144,0.20165512
0.19798271,0.19784012,0.20909962,0.1911466,0.20393093
0.19663194,0.19702935,0.2119201,0.19108982,0.20332877
0.19199613,0.19951543,0.20466495,0.20246384,0.20135964
0.1956179,0.19790544,0.20894606,0.19260283,0.20492776
0.19728142,0.19724882,0.20833208,0.19154528,0.20559241
0.19882807,0.19832084,0.20713785,0.19260687,0.2031064
0.1991854,0.19758013,0.20775642,0.19276391,0.20271419
0.19324888,0.20003864,0.20312153,0.20183282,0.20175809
0.19554093,0.19784251,0.20881476,0.1915795,0.20622233
0.19785875,0.19757216,0.208448,0.19203009,0.204091
0.19942415,0.19823791,0.20865798,0.19297771,0.20070226
0.20288758,0.19805534,0.20450413,0.19375792,0.20079502
0.19022077,0.19917822,0.20743252,0.19973136,0.20343712
0.19579662,0.19829346,0.20815057,0.19358836,0.204171
0.19818504,0.19789116,0.20770106,0.1928528,0.20336995
0.19798045,0.19707021,0.21029305,0.19053143,0.20412484
0.20026518,0.19777565,0.20710742,0.1928632,0.20198855
0.18740286,0.19745478,0.21172191,0.1958285,0.20759198
0.1963935,0.19794859,0.20786425,0.19300105,0.20479257
0.19926211,0.19733828,0.20794795,0.19170475,0.2037469
0.20074324,0.19763836,0.20724669,0.19227931,0.20209244
0.19938865,0.19709812,0.20950761,0.19091997,0.20308566
0.19085293,0.19937125,0.20572205,0.20145005,0.20260373
0.19658948,0.19823825,0.20801617,0.19434832,0.20280772
0.19888085,0.19766697,0.20803423,0.1928268,0.20259114
0.20023233,0.1986859,0.203027,0.19531494,0.20273978
0.1978133,0.19755448,0.20902364,0.19160931,0.20399924
0.19019085,0.19886068,0.20673895,0.20089567,0.20331383
0.19558917,0.19821297,0.20817047,0.19370046,0.2043269
0.1985024,0.19782741,0.2077,0.19276778,0.20320246
0.19334038,0.19838925,0.21027255,0.19150849,0.20648931
0.20249987,0.19695373,0.20677722,0.19102712,0.20274208
0.19000722,0.19932024,0.20671746,0.20166603,0.20228904
0.19725545,0.19814903,0.20710655,0.19420318,0.20328575
0.20028058,0.19803432,0.20801708,0.19116692,0.2025011
0.20061044,0.1976341,0.20777355,0.19156273,0.20241916
0.20006494,0.19721039,0.2079862,0.19132926,0.20340922
0.19052608,0.19895744,0.20651501,0.20135026,0.20265117
0.19628392,0.19763392,0.20822532,0.19233812,0.20551868
0.19906855,0.19722171,0.20766251,0.19251014,0.20353712
0.19976503,0.19791032,0.20776416,0.1932954,0.20126508
0.20015267,0.19751762,0.20818439,0.19148357,0.20266174
0.19036758,0.19864707,0.20802204,0.19916876,0.20379454
0.19646782,0.19730751,0.20967355,0.19133937,0.20521176
0.19949235,0.19781789,0.20637964,0.19397083,0.20233934
0.19743507,0.19491996,0.21225777,0.18880616,0.20658101
0.20202252,0.19935347,0.20123293,0.19538356,0.20200753
0.19064848,0.19903274,0.20500246,0.20234035,0.202976
0.19612968,0.19727875,0.20857467,0.19227967,0.2057372
0.19729747,0.19667304,0.2105743,0.1918197,0.20363548
0.20164855,0.19755279,0.20343912,0.19463941,0.20272015
0.20058732,0.1978019,0.20605046,0.19339742,0.20216295
0.18935134,0.19849013,0.20791095,0.19955702,0.20469058
0.19638763,0.19762745,0.20820454,0.19288908,0.20489128
0.20059794,0.19783458,0.20534661,0.19414192,0.20207898
0.19621988,0.19756086,0.20762274,0.19334316,0.20525336
0.20196149,0.19726232,0.20881402,0.19151722,0.20044494
0.19038843,0.19868167,0.20664841,0.20125519,0.20302631
0.19679762,0.19782557,0.20807639,0.19383606,0.20346436
0.19143248,0.19831926,0.2115553,0.19304878,0.2056442
0.20052764,0.19679292,0.20948122,0.19082953,0.20236866
0.20126882,0.1975473,0.20713095,0.19236676,0.20168613
0.19120488,0.19871898,0.20644085,0.20017713,0.20345816
0.19790329,0.1976791,0.21019576,0.19209507,0.20212679
0.20152292,0.19750452,0.20753245,0.19166447,0.20177566
0.20049083,0.19721185,0.20771784,0.19193962,0.20263988
0.2004828,0.19669539,0.20816268,0.19257574,0.20208341
0.18739964,0.1982855,0.20859925,0.20033598,0.20537964
0.19654553,0.1970521,0.20904782,0.191598,0.20575653
0.19853322,0.19666703,0.20815803,0.19104894,0.20559278
0.20025893,0.19734317,0.20702758,0.19402453,0.20134586
0.19870517,0.19498552,0.21184275,0.18989435,0.2045722
0.18955165,0.1982902,0.20598632,0.20065105,0.20552076
0.19709735,0.1967169,0.20743662,0.19204842,0.20670068
0.19928789,0.19680668,0.2081663,0.19154182,0.20419732
0.19639735,0.19386938,0.21433087,0.18784626,0.20755617
0.20408374,0.1980482,0.20053609,0.1947021,0.20262982
0.18882841,0.19853713,0.2065989,0.20260614,0.20342945
0.1972556,0.19751994,0.20802815,0.19289349,0.20430286
0.19715795,0.19397663,0.2133789,0.18802172,0.20746475
0.20226988,0.19847287,0.2029625,0.19446605,0.20182872
0.20152591,0.1975548,0.206503,0.19336468,0.20105165
0.1902569,0.19889191,0.20563987,0.2013433,0.20386799
0.19580613,0.19651966,0.21125007,0.1911798,0.20524439
0.20075159,0.19840078,0.20242606,0.19505057,0.20337105
0.19939098,0.1974248,0.20676114,0.19239049,0.20403259
0.2006124,0.19634119,0.20719256,0.19170676,0.20414713
0.18903539,0.19793455,0.20692734,0.20131868,0.2047841
0.19893317,0.19886538,0.20151675,0.19710863,0.20357604
0.1998455,0.19772516,0.20651007,0.1942426,0.20167665
0.19650647,0.19758855,0.2093521,0.19145492,0.20509802
0.20164971,0.19725016,0.20647638,0.19295298,0.20167077
0.19032487,0.19812378,0.20557709,0.20163505,0.2043392
0.19795354,0.19702227,0.20583446,0.1937499,0.20543982
0.19858658,0.19692868,0.20983127,0.19119275,0.20346075
0.20108065,0.19631457,0.20891942,0.19076335,0.20292197
0.20004502,0.19530341,0.20946473,0.19045827,0.20472859
0.1899814,0.19777876,0.20680997,0.20122354,0.20420629
0.19635567,0.19760166,0.20955108,0.19185604,0.2046356
0.20095591,0.1974379,0.20684053,0.1925965,0.20216917
0.2012989,0.19568144,0.2073652,0.19118394,0.20447052
0.20097643,0.1968231,0.20704482,0.1916918,0.20346382
0.18477735,0.19845158,0.2076864,0.20187756,0.20720713
0.19986556,0.19757293,0.20777753,0.19308324,0.2017007
0.20045537,0.1966363,0.20822814,0.1915617,0.20311843
0.19926985,0.1977125,0.20798674,0.19357973,0.20145115
0.19997719,0.19634515,0.2077067,0.19131787,0.20465307
0.19266817,0.1983312,0.2046215,0.2015282,0.20285091
0.19794634,0.19784851,0.20559697,0.19446841,0.20413972
0.20104784,0.19719197,0.20622906,0.19347729,0.20205384
0.20121035,0.19624712,0.20682931,0.19111863,0.20459461
0.20359735,0.1970155,0.20511186,0.19341105,0.20086423
0.19130321,0.1981122,0.20510341,0.20045404,0.20502716
0.19792336,0.19632988,0.20808318,0.19116189,0.20650168
0.20027795,0.19587113,0.20722103,0.19201258,0.2046173
0.19984488,0.19579852,0.209854,0.19047503,0.2040276
0.20213076,0.19567575,0.20745341,0.19073676,0.20400333
0.19209713,0.19810124,0.2037135,0.2019258,0.20416233
0.19841006,0.1977407,0.20499611,0.19381215,0.20504093
0.20055236,0.19629547,0.20696181,0.19176237,0.20442802
0.19929565,0.1942164,0.21221036,0.18767378,0.2066038
0.20261349,0.19611962,0.20708366,0.18935847,0.20482475
0.19177638,0.19791949,0.2038879,0.20191562,0.20450063
0.19834846,0.19649374,0.20667122,0.1919425,0.2065441
0.19959481,0.19708744,0.2061451,0.19253725,0.20463544
0.19837594,0.19574243,0.20869994,0.19039917,0.20678255
0.2025537,0.19517177,0.20668016,0.19108976,0.20450458
0.19265541,0.19864176,0.20166914,0.20374186,0.20329176
0.19715838,0.19645283,0.20638011,0.19268182,0.20732681
0.19974363,0.19519278,0.20841253,0.19123533,0.20541574
0.2016156,0.1958645,0.20560165,0.19167845,0.20523985
0.20168887,0.1951764,0.20743546,0.19001496,0.20568435
0.19185323,0.19799432,0.20412773,0.20367885,0.20234588
0.19859664,0.19663762,0.20629689,0.19276884,0.20570004
0.20060049,0.19681765,0.20594007,0.19202168,0.20462006
0.20047878,0.19420847,0.2094406,0.18987285,0.20599934
0.20431319,0.19491008,0.20498723,0.19210808,0.20368141
0.19013034,0.19820277,0.20514826,0.20244993,0.20406866
0.1987995,0.19588016,0.20510615,0.19297425,0.20723993
0.20171525,0.19618848,0.20558023,0.19205907,0.20445701
0.19907495,0.19358146,0.20960023,0.18950064,0.2082427
0.2029913,0.19494776,0.20497431,0.1918552,0.20523138
0.19228378,0.19784048,0.2026899,0.20226839,0.20491739
0.20033062,0.19748454,0.20219868,0.19462979,0.20535634
0.2025258,0.19460528,0.2052964,0.19215447,0.2054181
0.19927582,0.19309515,0.21056524,0.18903662,0.20802714
0.20246284,0.19444443,0.20632221,0.18979068,0.20697983
0.19184357,0.19741084,0.20496199,0.20102055,0.20476305
0.19814695,0.19546683,0.20736851,0.19192083,0.20709689
0.2008488,0.19618134,0.20548844,0.19234757,0.20513378
0.20051992,0.1931717,0.20876247,0.1889772,0.2085687
0.20366102,0.19485556,0.20476997,0.1915747,0.20513873
0.19141175,0.19772974,0.20469587,0.20222019,0.2039425
0.19821644,0.19778965,0.20452027,0.19411704,0.20535655
0.20184864,0.19529948,0.2044612,0.19221473,0.20617597
0.20001678,0.1948589,0.20881708,0.1904887,0.20581858
0.20358728,0.19589756,0.20411693,0.19191487,0.20448335
0.1954448,0.19810866,0.1991208,0.20404704,0.20327874
0.20100857,0.19658747,0.20225804,0.1946531,0.20549282
0.20269185,0.19470882,0.20354281,0.192764,0.20629252
0.20205094,0.19385915,0.20565315,0.1902475,0.20818925
0.2024484,0.19609798,0.20472693,0.19259681,0.20412987
0.19301276,0.19776076,0.20294762,0.20208603,0.20419285
0.19976765,0.19666055,0.20460011,0.19318278,0.20578896
0.20159493,0.19488397,0.20516846,0.19272317,0.20562947
0.20185575,0.19536233,0.20483333,0.1921721,0.20577651
0.20181172,0.19534846,0.20536578,0.19172275,0.20575133
0.19486172,0.19828357,0.20233503,0.20374106,0.20077863
0.20020317,0.1960331,0.20505722,0.19189338,0.20681317
0.19933088,0.1973594,0.20652881,0.19275883,0.20402208
0.2028813,0.19410215,0.20427154,0.19183195,0.20691307
0.2024294,0.19591583,0.20489006,0.1917175,0.2050472
0.19734463,0.19790335,0.19935507,0.20295717,0.20243974
0.19969358,0.19575109,0.20385104,0.1931786,0.20752573
0.20201124,0.19773182,0.20168214,0.19464608,0.20392872
0.20276786,0.19392593,0.20358956,0.19213164,0.20758498
0.20244539,0.19510935,0.2038648,0.1918123,0.20676816
0.19388515,0.19817288,0.20278464,0.20347667,0.20168066
0.20053737,0.19624048,0.2046699,0.1922325,0.20631975
0.2013897,0.1960472,0.20500751,0.19181727,0.20573832
0.20192763,0.19441673,0.20510459,0.19053698,0.20801406
0.2012466,0.19400533,0.20472923,0.19090874,0.20911008
0.18742111,0.19852433,0.20130926,0.20680982,0.2059355
0.20137484,0.19741552,0.20469816,0.19285133,0.20366016
0.20167598,0.19591065,0.20517689,0.19163685,0.20559962
0.20302208,0.19307871,0.20474888,0.19016953,0.20898083
0.20223817,0.19567178,0.20311427,0.19243063,0.20654517
0.19098784,0.19830747,0.2009716,0.20385595,0.20587714
0.19656125,0.19789805,0.20787479,0.19289231,0.20477358
0.20026992,0.19605835,0.20518327,0.1909621,0.20752637
0.19936158,0.1970369,0.20556515,0.19299376,0.20504262
0.20216757,0.19376585,0.20354728,0.19168974,0.20882955
0.19003971,0.19777143,0.20131211,0.20526354,0.20561317
0.18868521,0.199598,0.20407543,0.19765571,0.20998566
0.20032763,0.1951082,0.20518303,0.19121197,0.20816922
0.2016525,0.19563712,0.20304267,0.19238555,0.20728217
0.19991699,0.19398184,0.20419642,0.19198903,0.20991574
0.1908511,0.1981664,0.19948062,0.20645596,0.20504585
0.19742984,0.19847435,0.19971968,0.1977083,0.20666786
0.1899544,0.19853386,0.20567453,0.19612768,0.20970953
0.19992384,0.19598746,0.2063936,0.19148566,0.20620948
0.19862999,0.19306111,0.20615974,0.19140948,0.21073967
0.19019325,0.19813263,0.19968759,0.20723401,0.20475255
0.19663534,0.19525783,0.20042937,0.19659156,0.21108592
0.19797917,0.19606632,0.20325845,0.19470091,0.20799515
0.19806768,0.19722658,0.2027818,0.1951417,0.20678224
0.19837359,0.19457418,0.20416659,0.19295545,0.2099302
0.18910228,0.19811478,0.1998892,0.20662193,0.2062718
0.19412763,0.19673264,0.20462088,0.19488613,0.20963274
0.19329336,0.19237542,0.21096575,0.1903824,0.21298307
0.19964935,0.19133304,0.20254467,0.19390205,0.21257086
0.2014677,0.19437206,0.19985186,0.1947504,0.20955797
0.18960229,0.19842498,0.19891064,0.20787096,0.20519109
0.19597903,0.19705842,0.20411876,0.19502999,0.20781375
0.19380812,0.19654372,0.20528695,0.19343533,0.21092592
0.19408628,0.1944774,0.20636655,0.19419987,0.21086988
0.19557042,0.19684295,0.20447682,0.19491369,0.20819609
0.18849663,0.19855838,0.19850391,0.20771283,0.2067283
0.19618672,0.19605868,0.2030963,0.19526401,0.20939428
0.19706531,0.19496812,0.20373276,0.19466023,0.20957355
0.19829589,0.19336227,0.20221354,0.19395904,0.21216927
0.19877915,0.19651689,0.20054546,0.19649494,0.20766357
0.1877517,0.198715,0.19815864,0.20902689,0.20634778
0.19174275,0.19715843,0.20271221,0.19754232,0.21084435
0.18717052,0.19599932,0.20896493,0.19321772,0.21464752
0.19864243,0.19598745,0.20577061,0.19306765,0.20653188
0.20048764,0.19441044,0.20333248,0.1939161,0.2078534
0.18811353,0.19851528,0.19718055,0.20837724,0.2078134
0.19310376,0.19396742,0.20373729,0.19551429,0.21367721
0.19765246,0.19500975,0.19861116,0.19770062,0.21102601
0.1970034,0.19819413,0.1999716,0.1972879,0.20754294
0.1978384,0.19643416,0.2004826,0.19604434,0.2092005
0.18700725,0.1982545,0.1990345,0.20904201,0.20666176
0.19217627,0.19727413,0.20270103,0.19844238,0.2094062
0.19649747,0.19494718,0.20370603,0.19479519,0.21005411
0.19717972,0.19492234,0.20357646,0.19501536,0.2093061
0.19407853,0.18993208,0.20970002,0.19089007,0.21539931
0.18765865,0.1984794,0.1967823,0.20913465,0.207945
0.1919233,0.1958585,0.20312808,0.19803922,0.21105091
0.1928422,0.19629525,0.20298485,0.19735833,0.2105194
0.194625,0.19472055,0.20240276,0.19629714,0.21195458
0.1968458,0.1929927,0.20141278,0.19668329,0.2120654
0.18690532,0.19826262,0.196491,0.21005143,0.20828965
0.19129114,0.1951688,0.20249471,0.1984216,0.21262373
0.18455039,0.19796076,0.20531128,0.19762106,0.21455653
0.19579706,0.1937041,0.20498733,0.19509077,0.21042076
0.19891934,0.19587283,0.20266293,0.19562002,0.20692486
0.18617319,0.19866721,0.19718024,0.21109927,0.20688011
0.19130312,0.19208664,0.20259152,0.1975534,0.21646532
0.19403175,0.19631805,0.2022531,0.1982072,0.20918988
0.19737382,0.19819094,0.19659631,0.20129794,0.20654102
0.19816262,0.19878677,0.19647034,0.20070222,0.20587799
0.18774483,0.1992006,0.19397959,0.21158831,0.20748667
0.23798779,0.1363471,0.18708251,0.19289136,0.24569124
0.20107782,0.1928278,0.19862089,0.19727153,0.21020198
0.20035502,0.19484985,0.1999756,0.19762786,0.20719174
0.19445445,0.19769382,0.20152065,0.19765379,0.20867726
0.18553437,0.19987461,0.19398822,0.21502297,0.20557983
0.19168262,0.19214235,0.200495,0.19887264,0.21680738
0.19354203,0.1956601,0.20094474,0.1992712,0.21058193
0.1862996,0.20044017,0.20467009,0.19908452,0.2095056
0.19743353,0.19824721,0.20113884,0.19815986,0.20502053
0.18893863,0.19855723,0.19720797,0.20991722,0.20537893
0.19215274,0.19484477,0.20116875,0.19921045,0.21262331
0.19420482,0.19461335,0.20076512,0.1998107,0.21060604
0.1953391,0.19493282,0.20019428,0.19951631,0.21001746
0.19462723,0.18823968,0.20342664,0.19663967,0.21706678
0.18619098,0.19861357,0.19489168,0.21195817,0.20834559
0.1933291,0.19417657,0.19535182,0.20286535,0.21427718
0.19419225,0.19388478,0.19968304,0.19993873,0.2123012
0.19610298,0.19411954,0.19940375,0.19936214,0.2110116
0.19740377,0.19519036,0.19983256,0.19863385,0.20893946
0.18764147,0.19900002,0.1952693,0.21154122,0.20654799
0.19288489,0.19784778,0.19982748,0.20153895,0.2079009
0.19460453,0.19504054,0.19870797,0.20065732,0.21098964
0.19425695,0.19502011,0.19974265,0.200323,0.21065728
0.19186346,0.19833042,0.19990472,0.2021828,0.20771855
0.18482417,0.1979469,0.19275288,0.21429421,0.21018182
0.19201075,0.198976,0.19441998,0.20552355,0.20906979
0.19338869,0.19741353,0.19637182,0.2030954,0.20973058
0.19348404,0.19529289,0.19942835,0.20121087,0.21058385
0.19360499,0.19532733,0.19937123,0.2018387,0.20985776
0.18587837,0.19947074,0.19236952,0.21434088,0.2079405
0.18930571,0.19635761,0.19978455,0.20246793,0.21208419
0.19253525,0.19615501,0.19835463,0.20275715,0.21019796
0.19356568,0.1962849,0.19833654,0.20194882,0.20986405
0.19463226,0.19529895,0.19755806,0.20192152,0.21058917
0.18744339,0.20007984,0.18617119,0.21869852,0.20760705
0.18829353,0.19870283,0.19823019,0.20516917,0.20960431
0.18791345,0.2023596,0.19851737,0.20537671,0.20583282
0.1930839,0.19635002,0.19794738,0.20277153,0.20984718
0.19342346,0.19735272,0.19989492,0.20255454,0.20677434
0.1819334,0.19983223,0.19208714,0.21705928,0.20908791
0.18661663,0.19771986,0.19843668,0.20482051,0.21240632
0.19119021,0.19612043,0.19812901,0.20408794,0.21047236
0.19212234,0.19779277,0.19773939,0.20409006,0.20825543
0.19234417,0.20046805,0.19763641,0.2040846,0.20546678
0.18437338,0.19979237,0.1903506,0.21768124,0.2078024
0.18759146,0.19748108,0.19833474,0.20546554,0.2111272
0.19032897,0.19956817,0.19773465,0.20569345,0.20667477
0.19220753,0.20224018,0.19745135,0.20523508,0.20286587
0.19191322,0.20287453,0.19599448,0.20648271,0.202735
0.18335944,0.20018037,0.18907873,0.2182204,0.20916106
0.18844135,0.20217961,0.19760562,0.20662294,0.20515047
0.19238533,0.20687811,0.1957996,0.20690636,0.19803059
0.19288248,0.20717658,0.19719715,0.20628743,0.19645636
0.19349815,0.20760977,0.19404557,0.2078926,0.19695391
0.18199185,0.19988458,0.18905558,0.21900862,0.21005939
0.18646465,0.20123583,0.19660406,0.20836596,0.20732947
0.19194084,0.20155504,0.19095339,0.21003349,0.20551723
0.19274668,0.20431061,0.19004431,0.21060409,0.20229433
0.19041325,0.20261665,0.1974853,0.20662071,0.20286405
0.18284912,0.20099755,0.18723582,0.22116813,0.2077494
0.185408,0.20762545,0.19737051,0.20915832,0.20043765
0.1923862,0.21170965,0.19794971,0.20741528,0.19053918
0.193835,0.21340778,0.19624488,0.20790118,0.18861116
0.19476563,0.21386233,0.19608207,0.20769876,0.18759118
0.1849456,0.20085503,0.18611236,0.22049221,0.20759484
0.18802501,0.20977098,0.19611056,0.2102599,0.19583353
0.18705727,0.21360832,0.19591214,0.21115467,0.19226757
0.18751577,0.21504574,0.19376582,0.21221621,0.19145645
0.19289722,0.21367285,0.1920393,0.21120636,0.19018428
0.18260895,0.19956613,0.18780293,0.21888608,0.21113594
0.18587255,0.21225977,0.19418795,0.21277279,0.19490694
0.18969698,0.21328348,0.19526397,0.21031821,0.19143735
0.19010259,0.21645674,0.19278091,0.21236008,0.18829969
0.1934486,0.21814473,0.1871582,0.21510297,0.1861455
0.18445662,0.20008865,0.18630964,0.22068515,0.20845994
0.18732406,0.2112324,0.19238065,0.21343979,0.19562313
0.19052729,0.2186608,0.19301333,0.21336123,0.18443736
0.19240363,0.2200854,0.19211191,0.21371232,0.18168673
0.19205984,0.22204302,0.19509,0.21194345,0.1788637
0.18724914,0.20334262,0.18325464,0.22216164,0.20399193
0.19882631,0.1789853,0.22587211,0.20510499,0.19121127
0.20515548,0.18728131,0.21407013,0.20389433,0.18959875
0.20583744,0.18865438,0.21276961,0.20339526,0.1893433
0.20644216,0.1917536,0.20932108,0.20518222,0.1873009
0.20721005,0.19080855,0.21000256,0.20499906,0.18697983
0.20106111,0.18024328,0.22335486,0.20501746,0.19032331
0.20600732,0.1924255,0.20852686,0.20458527,0.18845505
0.20572145,0.19223523,0.20959213,0.20277898,0.1896722
0.20729542,0.1931515,0.20745914,0.20450637,0.18758757
0.014236592,0.22179367,0.31816673,0.14082332,0.30497965
0.20319426,0.17893699,0.22330852,0.20688452,0.1876757
0.2074987,0.1922698,0.20792261,0.20555761,0.18675128
0.20816498,0.18998548,0.21071145,0.20434014,0.18679796
0.20797986,0.19040437,0.21021162,0.20226142,0.18914273
0.20746028,0.19438198,0.20694532,0.20298369,0.18822876
0.20115635,0.18734908,0.21715574,0.20472625,0.1896126
0.20653337,0.19344908,0.20848602,0.20447184,0.18705966
0.20667236,0.19347192,0.20917645,0.20149782,0.18918146
0.20851749,0.19455005,0.20582104,0.20480724,0.18630415
0.20800787,0.19510123,0.2061949,0.20279185,0.18790412
0.2016461,0.18938535,0.2152093,0.20453236,0.18922685
0.2062919,0.19529216,0.20621343,0.20272128,0.18948123
0.20700872,0.19570592,0.20635122,0.2018135,0.18912064
0.2076661,0.19414759,0.20745684,0.2018126,0.18891688
0.20758785,0.19505155,0.2061796,0.2005393,0.1906417
0.20108947,0.1934006,0.21159667,0.20478354,0.18912975
0.20655604,0.19552694,0.2061615,0.2018017,0.1899538
0.20764175,0.19592628,0.20572257,0.20235538,0.18835405
0.20682567,0.19702947,0.20507008,0.20182762,0.18924718
0.20800309,0.19613956,0.20549645,0.20095637,0.1894045
0.20102842,0.19504258,0.21006797,0.20438664,0.18947443
0.20771645,0.19574717,0.20588845,0.20331885,0.18732905
0.20727225,0.19720294,0.20477311,0.20150739,0.18924436
0.20762569,0.19808193,0.20306496,0.20155478,0.18967265
0.20731422,0.19716941,0.20472193,0.20036407,0.19043039
0.20125753,0.19515398,0.21024291,0.20394379,0.18940182
0.20562921,0.19910707,0.20363948,0.20223698,0.18938726
0.20733804,0.19731781,0.20445535,0.19969787,0.19119094
0.20706314,0.19666325,0.20580478,0.19941589,0.19105296
0.20803691,0.1976293,0.20434698,0.20088546,0.18910138
0.20152575,0.19597307,0.20933756,0.203366,0.18979767
0.20604053,0.1976609,0.20563488,0.20120642,0.18945727
0.2078822,0.1977343,0.20374867,0.20058002,0.19005483
0.20774667,0.19746988,0.20484677,0.20046473,0.18947197
0.20790471,0.19736773,0.20457083,0.20097165,0.18918508
0.20090792,0.19790798,0.20793365,0.20454627,0.18870418
0.20598628,0.19821954,0.20499127,0.19927974,0.19152316
0.20816231,0.19732109,0.20382068,0.20044589,0.19025
0.20759061,0.19800207,0.2045495,0.1998919,0.18996595
0.2078427,0.19762242,0.20494658,0.19972475,0.18986359
0.20109461,0.19821717,0.20725067,0.2020492,0.19138843
0.20685644,0.19884896,0.20359272,0.20029403,0.19040786
0.20672135,0.19778867,0.20549463,0.19783682,0.19215854
0.20796742,0.19686934,0.20539446,0.19776577,0.192003
0.2088882,0.1979817,0.20414937,0.20048848,0.18849225
0.20078677,0.19832855,0.20774691,0.20163639,0.19150144
0.20730837,0.19820017,0.20391048,0.1986975,0.19188349
0.20727734,0.19891633,0.20407161,0.19966076,0.19007395
0.20821206,0.1977688,0.20483965,0.19941524,0.18976423
0.20875534,0.19721043,0.20470878,0.19848421,0.19084124
0.202123,0.1993334,0.20583361,0.20377983,0.18893017
0.20704319,0.19828129,0.20456018,0.19918227,0.19093305
0.20760685,0.19804202,0.20478654,0.19765781,0.19190678
0.20814966,0.19863611,0.20349044,0.19844474,0.19127902
0.20878126,0.19799249,0.20440134,0.19896938,0.18985555
0.20121524,0.19910292,0.20650508,0.19983694,0.19333984
0.20762198,0.19835486,0.20400706,0.19958735,0.19042872
0.20784123,0.19799411,0.20445745,0.19796416,0.19174306
0.20812967,0.19753022,0.20574848,0.19709907,0.19149253
0.20803449,0.19875443,0.20418097,0.1982229,0.19080722
0.20121819,0.19982867,0.20618045,0.20202565,0.19074701
0.20688163,0.19815297,0.20487258,0.19778845,0.1923044
0.20790663,0.19883844,0.2042151,0.19896857,0.19007124
0.20771578,0.19876215,0.20393199,0.19707207,0.19251806
0.20848516,0.19890371,0.20337403,0.19809966,0.19113746
0.20124412,0.1991802,0.20730896,0.20055667,0.19171004
0.2058681,0.19926678,0.2050343,0.19738773,0.19244313
0.20755856,0.19927087,0.20419744,0.19985838,0.18911473
0.20901482,0.19904713,0.20297875,0.19934724,0.189612
0.20845395,0.19830778,0.20487812,0.19696729,0.19139291
0.20168787,0.20010355,0.20550786,0.20208855,0.1906122
0.2070813,0.19937387,0.20415808,0.19924985,0.19013692
0.20836143,0.19794595,0.20456393,0.19647351,0.19265518
0.20853658,0.19900577,0.20391588,0.19756424,0.19097753
0.20923518,0.19823675,0.20521548,0.19785993,0.18945268
0.20183241,0.20000489,0.20548682,0.20113976,0.19153613
0.20801193,0.19910946,0.20318085,0.19846168,0.19123602
0.20919414,0.19808932,0.20427176,0.19775043,0.19069438
0.20972602,0.19862439,0.20344947,0.19869772,0.18950242
0.20909972,0.19919015,0.20336281,0.19749658,0.1908507
0.20133975,0.19981469,0.20617934,0.1991325,0.19353372
0.20727445,0.1989915,0.20424117,0.19583243,0.19366048
0.20897922,0.19875473,0.20374681,0.1967766,0.19174267
0.20927808,0.19889835,0.20380299,0.19714533,0.19087525
0.20983912,0.19802892,0.20372172,0.19573729,0.192673
0.20216665,0.19969557,0.20614827,0.20038083,0.19160868
0.20801619,0.1990052,0.20346184,0.198089,0.1914278
0.21007353,0.1989082,0.20251432,0.19729264,0.19121134
0.21014781,0.19828463,0.20388705,0.19830309,0.18937743
0.20945038,0.19809702,0.20466827,0.19541472,0.19236964
0.20305595,0.19990523,0.20521054,0.20113061,0.19069768
0.208245,0.19895644,0.20431326,0.19698784,0.19149743
0.2084659,0.19851312,0.2046204,0.19591977,0.19248079
0.20901348,0.19915989,0.20395757,0.19681013,0.19105896
0.20918363,0.1988486,0.20405847,0.19700263,0.19090669
0.2026519,0.20007397,0.20543928,0.2010811,0.1907537
0.20902759,0.19827178,0.20383032,0.19632895,0.1925414
0.20933828,0.19858186,0.20363891,0.19602515,0.19241579
0.20966588,0.19822271,0.20493476,0.19630764,0.19086902
0.20964995,0.19826365,0.20397936,0.19562148,0.19248562
0.20309357,0.19988504,0.20476645,0.19961174,0.1926432
0.20862663,0.1982443,0.2040825,0.1962878,0.19275878
0.20988655,0.19752866,0.20410174,0.19456717,0.1939159
0.20959884,0.19827926,0.2049845,0.19501202,0.19212538
0.20917922,0.19848464,0.20459445,0.19446936,0.19327231
0.20249262,0.19983053,0.20619318,0.20065424,0.19082941
0.20877129,0.19860882,0.20381682,0.19678858,0.1920145
0.20946369,0.19828272,0.20424427,0.19593294,0.19207643
0.21075182,0.19794051,0.20346631,0.19438557,0.1934558
0.21098727,0.19844435,0.20290622,0.19699174,0.1906704
0.20354727,0.19942608,0.20475133,0.19952689,0.19274844
0.20851876,0.19844157,0.20413089,0.19497845,0.19393036
0.20983201,0.19872023,0.2034556,0.19629107,0.1917011
0.21058844,0.198222,0.2039237,0.19494158,0.19232422
0.21076159,0.19757853,0.20475699,0.19500513,0.19189772
0.20300734,0.19940792,0.20575583,0.19732602,0.19450295
0.20883352,0.19915405,0.2034397,0.19665475,0.19191796
0.20970406,0.19817616,0.2039744,0.1953237,0.19282165
0.21104842,0.19844113,0.20309843,0.19609533,0.19131671
0.21035531,0.19845021,0.20397407,0.19607632,0.19114408
0.20363714,0.19933446,0.20556635,0.19911265,0.19234943
0.20895272,0.19843403,0.20350207,0.195525,0.19358611
0.21029031,0.19828793,0.20346028,0.19551234,0.19244912
0.20952743,0.19818206,0.20469677,0.19390091,0.19369282
0.2110023,0.1977018,0.20408747,0.19504265,0.19216573
0.20352466,0.20024902,0.2040019,0.20036198,0.19186237
0.20858872,0.19861577,0.2047355,0.1951314,0.19292864
0.20845498,0.19817738,0.20554078,0.19339159,0.19443525
0.21040072,0.19888693,0.20370217,0.19643313,0.19057706
0.21040283,0.198264,0.20413926,0.19422929,0.19296463
0.20321555,0.19934312,0.20603095,0.19846736,0.19294307
0.20912668,0.19802298,0.20419762,0.19470045,0.19395229
0.20922858,0.19856042,0.20432022,0.19488591,0.19300486
0.21058568,0.19790828,0.20418026,0.19574708,0.19157869
0.21100424,0.1975097,0.20456602,0.19415988,0.19276008
0.20320807,0.19970766,0.20525558,0.19975163,0.19207706
0.20970002,0.19785732,0.20440394,0.19432983,0.19370896
0.2092483,0.19793628,0.20506056,0.19448018,0.19327475
0.21106994,0.19815403,0.20329578,0.19512825,0.19235201
0.210441,0.1982206,0.20402844,0.19457568,0.19273426
0.20283069,0.19935678,0.20571773,0.19723794,0.19485682
0.20877737,0.19876057,0.2035955,0.1952067,0.19365983
0.20904294,0.19775322,0.20557593,0.19396992,0.19365793
0.21056646,0.19734903,0.20530732,0.19265015,0.194127
0.2109176,0.19820271,0.20419365,0.19591142,0.19077453
0.20326588,0.19926584,0.20537475,0.1980609,0.19403265
0.20807277,0.19834092,0.20531707,0.19444472,0.19382453
0.2096693,0.19751877,0.2057866,0.19369906,0.19332626
0.2102836,0.19764182,0.2049295,0.19381696,0.19332811
0.21029258,0.19803756,0.20475344,0.19389695,0.1930195
0.20366153,0.19899406,0.20595552,0.19858526,0.19280362
0.20871882,0.19783162,0.20510457,0.19394515,0.19439979
0.209683,0.19809611,0.2048277,0.19441605,0.19297715
0.21047099,0.19787309,0.20428832,0.1949248,0.19244282
0.21113308,0.19796824,0.20408776,0.19491497,0.19189599
0.20359574,0.19934162,0.20454264,0.19964224,0.19287772
0.20900603,0.19843774,0.20436609,0.19490594,0.19328427
0.20948867,0.19750272,0.2056765,0.19370237,0.19362973
0.21110746,0.19801462,0.20359895,0.19462977,0.19264923
0.21177961,0.19734511,0.20409416,0.19449413,0.19228701
0.20350409,0.19913697,0.20521556,0.19879808,0.19334523
0.20778638,0.1976808,0.20617941,0.19298886,0.19536456
0.20980136,0.19777204,0.20508826,0.19348356,0.19385473
0.21016723,0.19755833,0.20527378,0.19331434,0.19368638
0.21000054,0.1982634,0.2053246,0.19498421,0.19142722
0.2037638,0.19885649,0.2049735,0.19739188,0.1950143
0.2082906,0.19830868,0.20460191,0.19332707,0.1954717
0.20899948,0.19791503,0.20523293,0.19274361,0.19510895
0.21027161,0.19752344,0.20451146,0.19339243,0.19430107
0.21101522,0.19803526,0.20419306,0.1952754,0.19148104
0.20248292,0.19868946,0.20685413,0.19682945,0.19514404
0.20915769,0.19787659,0.20415981,0.19397582,0.19483003
0.21005784,0.19735895,0.20544828,0.19382279,0.1933121
0.2111398,0.19785717,0.20426773,0.19551472,0.19122061
0.21169528,0.19726807,0.20426513,0.19314551,0.19362596
0.20334357,0.19911197,0.20613062,0.19865406,0.19275978
0.20777382,0.19805248,0.2058176,0.19320692,0.1951492
0.20988381,0.19803022,0.2052764,0.19504742,0.19176213
0.2106525,0.197696,0.20385982,0.1936172,0.19417454
0.21108004,0.1975022,0.20424986,0.19362643,0.19354142
0.2036452,0.19883943,0.2060296,0.19811495,0.19337077
0.20918855,0.19808204,0.204551,0.19417998,0.19399838
0.20881772,0.19758755,0.20551392,0.19257614,0.19550467
0.21175687,0.19804174,0.20340821,0.19523479,0.19155835
0.2115271,0.1979536,0.20390677,0.19392142,0.19269115
0.20315684,0.1990856,0.20555456,0.19968857,0.19251443
0.2087582,0.19823368,0.20416765,0.19498888,0.19385158
0.20959887,0.19835365,0.2045031,0.19593206,0.19161232
0.21097495,0.19775054,0.20425586,0.19440249,0.19261615
0.21258332,0.1969718,0.20370702,0.19422975,0.19250809
0.20353857,0.19881694,0.20579074,0.19932957,0.19252421
0.20794141,0.19770207,0.20486988,0.19375518,0.19573148
0.2102821,0.19800425,0.20401001,0.19425781,0.19344583
0.20969798,0.19745673,0.20576522,0.19198178,0.1950983
0.2098808,0.19859608,0.20462582,0.19451529,0.19238198
0.20247068,0.19893703,0.20609319,0.19809183,0.19440728
0.20827024,0.19837792,0.20419584,0.19482476,0.19433126
0.20880835,0.19757679,0.2058273,0.1926985,0.19508904
0.20985152,0.19839054,0.20492554,0.19384523,0.19298716
0.21073125,0.19772983,0.20406422,0.19326527,0.19420947
0.20119424,0.19938241,0.20659007,0.19878235,0.19405097
0.2082828,0.19783619,0.20537707,0.19394016,0.19456375
0.20980628,0.19797339,0.20553139,0.19493113,0.1917578
0.21028367,0.1977354,0.20517509,0.19358791,0.19321789
0.20991416,0.19742072,0.2056613,0.19284311,0.19416073
0.20374756,0.19920962,0.20425132,0.20045264,0.19233885
0.20808361,0.19778763,0.20532942,0.19373198,0.19506735
0.20861168,0.19826481,0.2044581,0.19392857,0.19473691
0.20946419,0.19785576,0.20415594,0.19194996,0.19657418
0.21133563,0.19829725,0.20322947,0.19479293,0.19234473
0.20285401,0.19910787,0.20512949,0.1999001,0.19300856
0.20814037,0.19813167,0.20500822,0.19381917,0.19490056
0.21041314,0.19737212,0.20443495,0.19386132,0.19391845
0.209832,0.19873527,0.2038606,0.19411297,0.19345912
0.21013515,0.19813354,0.20466684,0.19533491,0.19172958
0.20637226,0.19783749,0.20577282,0.197188,0.19282943
0.2075777,0.19811602,0.20569177,0.19390759,0.19470692
0.20988598,0.19806997,0.20457284,0.19515745,0.1923138
0.21011251,0.198127,0.20444314,0.19442433,0.19289304
0.20986576,0.1978098,0.20510532,0.1922737,0.19494547
0.20214356,0.19842322,0.20667748,0.19766963,0.19508612
0.20691828,0.1979945,0.2057687,0.19213381,0.19718473
0.20961048,0.19792043,0.20394139,0.19343536,0.19509237
0.21036582,0.1982773,0.20375885,0.19464605,0.19295198
0.21118665,0.19757234,0.2044078,0.19398932,0.19284391
0.20174707,0.19868708,0.20590314,0.19831993,0.1953428
0.20772144,0.19780344,0.20506878,0.19351956,0.19588676
0.2097677,0.19788538,0.20512076,0.19458482,0.19264132
0.20946683,0.19784947,0.20530468,0.19385283,0.19352621
0.2089376,0.19750963,0.20593104,0.19201028,0.1956114
0.20176403,0.19889663,0.20560901,0.20044294,0.19328739
0.20652077,0.19751358,0.20726791,0.19250427,0.1961935
0.20902854,0.1978272,0.20524494,0.19411355,0.19378574
0.20899811,0.1975356,0.20624161,0.19231728,0.19490738
0.21094859,0.19722642,0.20405012,0.19503115,0.19274372
0.20309876,0.19894543,0.20500134,0.20063432,0.19232014
0.20735618,0.19804436,0.20575923,0.1938619,0.19497831
0.20920879,0.19719894,0.20559391,0.1923271,0.19567125
0.20835756,0.1984282,0.20655665,0.19525088,0.19140671
0.21072641,0.19771723,0.20453379,0.1929509,0.19407165
0.20196714,0.1984683,0.20596188,0.19778502,0.19581765
0.2073128,0.19799791,0.20607682,0.19318922,0.1954232
0.20982976,0.19782919,0.20441866,0.19386706,0.19405532
0.21017425,0.19785735,0.20433539,0.19323266,0.19440033
0.21058367,0.19756433,0.2044778,0.19295394,0.19442022
0.20209943,0.19864875,0.2053317,0.19773485,0.19618532
0.20693721,0.19759232,0.20631048,0.1931357,0.19602436
0.20898043,0.19805454,0.20495309,0.19429347,0.1937185
0.20944773,0.19726266,0.20566745,0.19311924,0.19450295
0.2098757,0.197402,0.20484014,0.19269595,0.19518618
0.20138869,0.19828159,0.20623049,0.19715485,0.19694436
0.20764479,0.19801916,0.20548493,0.1947674,0.19408372
0.20863779,0.19711664,0.20580775,0.19223873,0.19619909
0.20912357,0.19730633,0.20554553,0.1928612,0.19516338
0.21042539,0.19775704,0.20479101,0.1937002,0.19332637
0.20135404,0.19841047,0.20644327,0.19888419,0.19490804
0.20744559,0.19776297,0.20580986,0.19303867,0.19594291
0.2081206,0.19712703,0.20642148,0.19190633,0.19642451
0.20986052,0.19735467,0.20529325,0.19314463,0.19434689
0.20933053,0.19747722,0.20524202,0.19279204,0.1951582
0.20155936,0.19865415,0.20567138,0.1987877,0.19532739
0.20715865,0.19771905,0.20553282,0.19304544,0.19654408
0.21019056,0.19772057,0.20380436,0.19464381,0.19364071
0.20983899,0.19759303,0.20447442,0.19280855,0.19528502
0.20957226,0.19693317,0.20561829,0.19292498,0.19495131
0.20185867,0.19826727,0.2054823,0.19722624,0.19716555
0.20655848,0.19730657,0.2066932,0.1916411,0.19780068
0.20895275,0.19776174,0.20477061,0.1931717,0.19534323
0.20809522,0.19736704,0.20618904,0.19197331,0.19637538
0.20956236,0.19791132,0.20542315,0.19373524,0.19336793
0.2002368,0.1982167,0.20731026,0.19739613,0.19684012
0.20668934,0.19784987,0.20592818,0.19281548,0.1967171
0.20848961,0.19795066,0.20597322,0.19327365,0.19431287
0.20967342,0.19777432,0.20483837,0.19365904,0.19405492
0.20998669,0.1975045,0.20494308,0.19409588,0.19346985
0.20140773,0.1983203,0.20557503,0.19741297,0.19728395
0.20648444,0.19783525,0.20595008,0.193445,0.19628522
0.2090485,0.1978362,0.20483196,0.19360478,0.19467856
0.20898679,0.19765477,0.20527112,0.1927078,0.1953795
0.21018866,0.1972526,0.20500086,0.1925845,0.19497335
0.20144673,0.19857264,0.20503037,0.19892612,0.19602415
0.20648432,0.1975983,0.2059037,0.19185057,0.19816312
0.20905365,0.19758326,0.20390595,0.19334422,0.19611293
0.208883,0.1973026,0.20555528,0.19312292,0.19513619
0.21077502,0.19778453,0.20398208,0.19382307,0.19363533
0.20085219,0.19830081,0.20707288,0.1988036,0.19497052
0.20691682,0.19777799,0.20628798,0.19434664,0.19467059
0.2089145,0.19742839,0.2054296,0.19379474,0.19443272
0.20940006,0.19746602,0.2050892,0.19399361,0.19405112
0.2099572,0.19739698,0.20480111,0.19341181,0.19443288
0.20078677,0.19878425,0.20518625,0.20014323,0.19509952
0.20570564,0.19783488,0.20716715,0.1924917,0.19680063
0.20909664,0.1979793,0.20441042,0.19372159,0.194792
0.20906511,0.19757618,0.20572406,0.19319788,0.19443676
0.20914672,0.19718248,0.20655301,0.19281462,0.19430317
0.20107011,0.1982913,0.20565684,0.1989728,0.19600892
0.2065496,0.19758877,0.2062857,0.19371396,0.19586197
0.20748827,0.19783399,0.2060975,0.19349651,0.19508377
0.20929745,0.1974946,0.2051526,0.19251056,0.19554482
0.21063702,0.19717088,0.20433974,0.19311243,0.19473994
0.20091867,0.19844824,0.2058048,0.19920473,0.19562353
0.20553909,0.1972109,0.20727015,0.19173434,0.19824553
0.20790493,0.19792397,0.20582163,0.19416413,0.19418535
0.21012595,0.1966139,0.2057544,0.1934591,0.19404666
0.20972064,0.1977104,0.20507471,0.19352512,0.19396912
0.20045657,0.19801031,0.20648268,0.1986243,0.19642611
0.20593469,0.19749999,0.20645776,0.19283663,0.19727091
0.20839737,0.19691215,0.20601457,0.19190387,0.19677207
0.20874542,0.19786447,0.20608237,0.19391593,0.19339177
0.21007383,0.19733717,0.20485203,0.19263144,0.1951056
0.20015536,0.19834411,0.2060722,0.19928603,0.1961423
0.20630564,0.19753624,0.20627381,0.19288641,0.1969979
0.20758651,0.1980069,0.20587279,0.1930384,0.1954954
0.2092301,0.19703482,0.2054183,0.19158007,0.19673666
0.20981425,0.19699618,0.20544021,0.19213617,0.19561318
0.20093724,0.19818467,0.20596139,0.19994305,0.1949737
0.20627572,0.1975388,0.20579803,0.19297615,0.19741131
0.20856233,0.19744305,0.20584218,0.19364427,0.19450817
0.20836292,0.19734706,0.20591944,0.1928576,0.195513
0.21036717,0.19780579,0.20416585,0.19357944,0.19408178
0.1999264,0.19806235,0.20662701,0.19822197,0.19716229
0.20695864,0.19786705,0.20547424,0.1944161,0.19528393
0.20844129,0.19689113,0.20603469,0.19332989,0.19530307
0.20868947,0.19794269,0.20573355,0.1932534,0.19438085
0.2097356,0.19747767,0.20541017,0.1926697,0.19470687
0.19935583,0.19809774,0.20675717,0.19832778,0.19746143
0.20651893,0.19785081,0.20561436,0.19315575,0.1968602
0.20831405,0.19728562,0.20630427,0.19339195,0.19470413
0.20884506,0.19716647,0.20646393,0.1924046,0.19511996
0.20967591,0.19728452,0.20524383,0.19258608,0.19520965
0.20017783,0.1979041,0.20664564,0.19849984,0.19677258
0.20642936,0.19734658,0.20646541,0.19262376,0.19713484
0.20817585,0.19722451,0.20612171,0.19322634,0.19525157
0.2092987,0.19717626,0.2051214,0.1925303,0.19587335
0.20932461,0.19661443,0.20631105,0.19251108,0.19523886
0.20067894,0.198158,0.20550723,0.1997047,0.1959511
0.20561317,0.19693,0.20784764,0.19129607,0.19831316
0.20739676,0.19728987,0.20627867,0.19333358,0.19570112
0.20862718,0.19668345,0.20668432,0.19165164,0.19635339
0.2108931,0.19744216,0.20449458,0.19334088,0.19382928
0.20025793,0.19798179,0.20538989,0.19862908,0.19774131
0.20698422,0.19762576,0.20569323,0.19332358,0.1963732
0.20726196,0.19719985,0.20715503,0.19214676,0.19623636
0.20882785,0.19759308,0.2054112,0.19443162,0.19373627
0.2106331,0.19698702,0.20497347,0.1938292,0.19357722
0.2001343,0.19776112,0.20681767,0.19873887,0.19654806
0.20577504,0.19719027,0.20669866,0.19148542,0.19885063
0.2076976,0.19745466,0.20618616,0.19293405,0.19572748
0.20921122,0.19746855,0.20482475,0.19303402,0.19546147
0.2099807,0.19683367,0.20556787,0.19178346,0.19583432
0.20177901,0.19803719,0.20450062,0.20032485,0.1953583
0.20583026,0.19719182,0.20643115,0.19231921,0.19822752
0.20818062,0.19750085,0.20539324,0.19254558,0.19637972
0.20854832,0.1970131,0.20597552,0.19204828,0.19641475
0.20925343,0.19665499,0.2058163,0.19163208,0.19664319
0.19988753,0.19787928,0.20594226,0.1998318,0.19645913
0.20610946,0.19797216,0.20538919,0.19320641,0.19732277
0.20792043,0.1970651,0.20663422,0.19256249,0.19581775
0.20903905,0.19732091,0.20586063,0.19293156,0.19484785
0.20986563,0.19728549,0.20489137,0.19328788,0.19466965
0.19965121,0.19804299,0.20578897,0.19931586,0.19720094
0.20631541,0.19755949,0.20537485,0.19357595,0.19717428
0.20857872,0.19754991,0.20545006,0.19334011,0.19508119
0.20935366,0.19711024,0.2054587,0.1918085,0.19626883
0.20918673,0.19668546,0.20616668,0.19228294,0.19567819
0.20023775,0.19796571,0.20556514,0.19907871,0.1971527
0.20608725,0.19690724,0.20669284,0.19232756,0.19798508
0.20889829,0.19714867,0.20544054,0.19257292,0.19593956
0.20966552,0.19655581,0.2059537,0.19211778,0.19570719
0.20964399,0.197423,0.20559514,0.19329374,0.19404417
0.19996472,0.19747217,0.20655484,0.19744065,0.19856758
0.20582484,0.1969721,0.20634308,0.19257595,0.19828403
0.20728815,0.19708233,0.20674999,0.19238885,0.19649068
0.20919943,0.19634376,0.2063092,0.1920048,0.19614275
0.20986694,0.19679335,0.20553564,0.1929703,0.19483377
0.20094275,0.19755052,0.20567594,0.19976573,0.19606502
0.20568599,0.19769482,0.2067993,0.19277456,0.19704533
0.20786072,0.19646868,0.20730114,0.19142608,0.19694342
0.20871569,0.1969525,0.20644301,0.19242485,0.19546388
0.2094789,0.19691393,0.20592044,0.19145598,0.19623078
0.20071805,0.19782077,0.20504646,0.19960804,0.19680667
0.2057471,0.19715282,0.2066253,0.19197093,0.19850384
0.2084825,0.19752143,0.20565191,0.19385438,0.19448975
0.2091634,0.19663328,0.20588489,0.1917176,0.19660082
0.21004331,0.19753265,0.20519583,0.1934999,0.19372828
0.19931054,0.19750479,0.20657878,0.19875687,0.19784902
0.20515627,0.19712223,0.20696937,0.19117738,0.19957478
0.20826174,0.19705224,0.20598444,0.19294895,0.19575265
0.20991138,0.19765715,0.20425273,0.19282646,0.19535229
0.2094447,0.19734801,0.20572099,0.19237863,0.19510767
0.19963646,0.19738212,0.2067411,0.19858441,0.19765587
0.20604369,0.19733472,0.20654342,0.19285952,0.19721864
0.20801558,0.19654837,0.20688866,0.19175842,0.19678901
0.21032941,0.19729489,0.2039782,0.19209133,0.19630617
0.20967823,0.1967251,0.20550793,0.19169748,0.19639127
0.20030677,0.1978813,0.20476131,0.20026484,0.1967858
0.20669845,0.1973119,0.20558253,0.19213247,0.19827469
0.20896214,0.19751495,0.20459294,0.19251442,0.19641557
0.21022733,0.19687611,0.20459972,0.1913171,0.19697973
0.21023767,0.19642727,0.20528919,0.19118127,0.1968646
0.20011504,0.19754308,0.20591278,0.19982661,0.19660246
0.206042,0.1967039,0.20700587,0.19106273,0.19918554
0.208348,0.19698441,0.20655954,0.19293518,0.19517288
0.20952137,0.19622415,0.20702502,0.19140816,0.19582127
0.21085231,0.19728164,0.20455147,0.1928761,0.19443847
0.19941534,0.1976569,0.20627001,0.19879815,0.19785962
0.20776288,0.19633491,0.20604946,0.1909769,0.19887584
0.2088182,0.19650789,0.20610565,0.19157998,0.19698825
0.21001756,0.19736478,0.20463501,0.19222187,0.19576079
0.21059895,0.19638394,0.205516,0.19110568,0.19639549
0.20108677,0.19754466,0.20455664,0.19963221,0.1971797
0.206575,0.19733393,0.20617694,0.19224156,0.19767252
0.21074925,0.19724084,0.20413846,0.19365217,0.19421928
0.20935513,0.19690557,0.20597988,0.19066323,0.19709621
0.20951276,0.19675009,0.20614515,0.19095738,0.19663455
0.20071879,0.19728337,0.20568956,0.19839957,0.19790876
0.20692845,0.19697383,0.20612197,0.1936749,0.19630086
0.20949073,0.19714478,0.20463358,0.19204605,0.19668488
0.20967437,0.19648987,0.2060402,0.19167693,0.19611862
0.21056266,0.19699028,0.20538184,0.19234674,0.19471848
0.20092398,0.19752127,0.20486689,0.19962242,0.19706547
0.20710452,0.19649918,0.20614626,0.19135028,0.19889976
0.20929176,0.19664934,0.20563224,0.19203448,0.19639216
0.21018216,0.19709538,0.20518056,0.19200999,0.19553189
0.2109475,0.19675298,0.20495251,0.19263427,0.19471277
0.20134735,0.19736275,0.20401411,0.199148,0.19812775
0.20713668,0.19730525,0.20568652,0.19303714,0.1968344
0.20907094,0.19731872,0.20588085,0.19221331,0.19551615
0.2102617,0.19761217,0.20352405,0.19372606,0.19487599
0.21104853,0.19659707,0.20448604,0.19189991,0.19596848
0.20108847,0.19727477,0.20479697,0.1987957,0.19804406
0.20685661,0.197073,0.20574753,0.19137968,0.19894318
0.20912835,0.1967775,0.20561735,0.19108348,0.19739339
0.21068893,0.19656304,0.20474508,0.19141209,0.19659084
0.21083091,0.19645317,0.20553577,0.19186221,0.19531794
0.20096417,0.19733058,0.20452777,0.19896498,0.1982125
0.20657554,0.19640362,0.20701885,0.19148423,0.19851775
0.20899901,0.1970302,0.20518881,0.19064483,0.19813713
0.2098155,0.19633067,0.20599563,0.19238101,0.1954772
0.21152754,0.19696803,0.20460449,0.19421935,0.19268054
0.20063627,0.19761583,0.20415676,0.20098539,0.19660573
0.2083033,0.19752416,0.20437764,0.19384207,0.19595283
0.20971887,0.19736259,0.20443001,0.19213441,0.19635415
0.21019275,0.19671041,0.20539245,0.19157492,0.19612947
0.21045184,0.19665907,0.20449379,0.19084801,0.19754733
0.20024791,0.19751398,0.20465776,0.20084071,0.19673964
0.20795567,0.19688056,0.20534578,0.19260547,0.19721252
0.21049237,0.19691697,0.20443584,0.19285452,0.19530028
0.2097053,0.1962014,0.20565991,0.18973966,0.19869371
0.21090859,0.19709302,0.20451863,0.19146606,0.1960137
0.20124109,0.19754289,0.2038069,0.20134196,0.19606712
0.20736252,0.19610989,0.20694593,0.19040374,0.1991779
0.20892426,0.19653286,0.20623477,0.19121088,0.19709721
0.21081476,0.19560981,0.20568785,0.19061819,0.19726947
0.2118042,0.19656175,0.2040655,0.19165298,0.19591554
0.20184807,0.19778173,0.20240012,0.20124619,0.19672391
0.20776634,0.19749588,0.20462723,0.19250141,0.19760913
0.2101034,0.19615372,0.20456223,0.18986858,0.19931206
0.2108453,0.19688134,0.2044838,0.19174118,0.19604835
0.21203339,0.19640796,0.20349693,0.19134264,0.19671908
0.20134662,0.19719338,0.20471025,0.19875096,0.1979988
0.20749643,0.19655941,0.2051334,0.19045247,0.20035827
0.20971133,0.19719084,0.20448281,0.1923883,0.19622672
0.21105069,0.19640836,0.20538168,0.19154198,0.19561732
0.21134266,0.19553548,0.2050797,0.19076101,0.19728109
0.2013218,0.1972749,0.20385319,0.20115761,0.19639245
0.20713241,0.19734763,0.20564003,0.19203395,0.197846
0.21027811,0.19600339,0.20472518,0.19024494,0.19874837
0.21132943,0.19658665,0.20428054,0.19078013,0.19702329
0.21154915,0.19610685,0.20480528,0.19040331,0.19713545
0.20145817,0.19723837,0.20342727,0.19911204,0.19876413
0.20779438,0.196592,0.20592225,0.19086003,0.19883135
0.21052152,0.19736159,0.20413151,0.19212313,0.19586228
0.21092303,0.19637647,0.20446236,0.19096543,0.19727267
0.2130115,0.19664687,0.20308448,0.19171052,0.19554661
0.20229362,0.1969619,0.20253852,0.19949807,0.19870791
0.20838085,0.19578461,0.20578943,0.19061965,0.19942549
0.21030246,0.19582547,0.20562579,0.19051056,0.1977357
0.21068881,0.19696406,0.20488434,0.19133572,0.19612709
0.2120866,0.19627681,0.20389874,0.19074242,0.19699547
0.20191716,0.19720225,0.20258847,0.20092955,0.19736254
0.20826817,0.19660962,0.20592397,0.19128004,0.1979182
0.20982279,0.19699176,0.2055496,0.19172466,0.19591126
0.21066186,0.19563036,0.20560211,0.18897325,0.19913237
0.21204843,0.1944524,0.20518185,0.18903778,0.1992795
0.20181578,0.1972983,0.20296921,0.20126516,0.19665156
0.20792978,0.19655605,0.20546782,0.19084705,0.19919933
0.21124001,0.19623506,0.20361105,0.19119114,0.19772278
0.21186338,0.19530039,0.20468818,0.18959688,0.19855116
0.21314386,0.19663565,0.20276338,0.19184272,0.19561441
0.20216942,0.19693317,0.20311931,0.20039831,0.19737981
0.20865649,0.1950552,0.20613958,0.18999666,0.2001521
0.21011154,0.19555394,0.20559277,0.18971978,0.19902198
0.21188045,0.19617662,0.20452031,0.19048773,0.1969349
0.21228999,0.19580382,0.20481557,0.18975207,0.19733852
0.20110543,0.19713464,0.20369177,0.20086326,0.19720486
0.29352906,0.040445764,0.1333903,0.41548505,0.11714983
0.21818653,0.19662759,0.199628,0.19177185,0.19378605
0.21331194,0.19637293,0.2043906,0.18982284,0.19610171
0.2128895,0.19680002,0.20422402,0.1900237,0.19606274
0.20235492,0.19751896,0.20303144,0.19950026,0.19759439
0.20803107,0.1977381,0.20565023,0.19102938,0.19755125
0.21002156,0.19697842,0.20578663,0.1894751,0.19773826
0.20954525,0.19654793,0.20655754,0.18853645,0.19881281
0.21123117,0.19743207,0.20463517,0.19082077,0.1958808
0.20165128,0.1974549,0.20268834,0.19986315,0.19834228
0.20742916,0.19682784,0.20543163,0.19059907,0.19971229
0.2097897,0.19717948,0.20551065,0.19058271,0.19693747
0.21127425,0.1953228,0.2056177,0.18885672,0.19892855
0.21232203,0.1964974,0.20452595,0.19008315,0.19657148
0.20137383,0.19790842,0.20229492,0.20198959,0.19643325
0.20737062,0.19688211,0.20545904,0.18986033,0.20042789
0.20839554,0.19700453,0.20676164,0.1889879,0.19885041
0.21028022,0.19640258,0.20626119,0.18954958,0.19750644
0.21175042,0.19523235,0.20491539,0.18876769,0.19933422
0.20094171,0.19748017,0.2020672,0.20051698,0.1989939
0.20680787,0.1969877,0.20678887,0.18936564,0.20004995
0.20903653,0.19540949,0.20677415,0.1881006,0.20067923
0.21162793,0.19676638,0.20419876,0.18935303,0.1980539
0.21220246,0.19578464,0.20528609,0.18819977,0.198527
0.20054163,0.19748002,0.20207196,0.19975948,0.20014693
0.20683974,0.19566825,0.20699814,0.18804851,0.20244536
0.2103778,0.19666375,0.20504612,0.18904448,0.19886783
0.21064976,0.19510859,0.2064968,0.18853177,0.19921307
0.21185887,0.19246759,0.20655406,0.18691227,0.20220718
0.20108812,0.197241,0.2023408,0.20086706,0.19846302
0.20778115,0.19608188,0.20687293,0.18887773,0.20038633
0.20860355,0.19545776,0.20739976,0.18689433,0.20164461
0.21235366,0.19567446,0.20445071,0.18823314,0.19928803
0.21258608,0.19542292,0.20439926,0.18856367,0.19902812
0.20131288,0.1968879,0.20272566,0.19866607,0.20040753
0.20785975,0.19463407,0.206954,0.18819034,0.2023619
0.21076067,0.19619335,0.20479606,0.18846627,0.19978365
0.21224065,0.19490853,0.20512196,0.18755853,0.20017031
0.21265844,0.19370636,0.20590872,0.18787159,0.19985493
0.20089053,0.19723213,0.2012119,0.19912486,0.20154056
0.20982647,0.19621076,0.20410453,0.18950084,0.20035738
0.21113977,0.19415995,0.20583257,0.18840607,0.20046166
0.21162689,0.19323997,0.20678154,0.18692544,0.20142618
0.21270911,0.19154379,0.20586152,0.18684849,0.20303708
0.20140804,0.19690278,0.20208006,0.19924508,0.20036404
0.20892358,0.19463056,0.20708483,0.18824813,0.20111291
0.2111904,0.19361706,0.20540406,0.18802072,0.20176777
0.21191397,0.19512853,0.20494437,0.18918933,0.19882384
0.21349506,0.19388601,0.20441373,0.18732686,0.20087837
0.20169228,0.1968155,0.20237148,0.19831367,0.20080711
0.2084548,0.19294383,0.20742333,0.18638706,0.20479098
0.21169423,0.19374414,0.20518772,0.18787266,0.20150127
0.21195404,0.1936529,0.20688477,0.1866585,0.20084979
0.21414152,0.1917089,0.20488985,0.18750031,0.20175941
0.20177366,0.19746852,0.20076711,0.20187593,0.19811483
0.20998135,0.195669,0.20504975,0.18894957,0.20035031
0.2126691,0.19326271,0.20368287,0.18802719,0.20235814
0.21207687,0.19129503,0.20678137,0.1859004,0.20394637
0.21379514,0.1910203,0.20454092,0.18758972,0.2030539
0.20292947,0.1967829,0.20180248,0.19894643,0.19953871
0.20910247,0.19510068,0.2051443,0.18841444,0.20223808
0.21127735,0.19198985,0.20577796,0.18674031,0.20421457
0.21399915,0.1901324,0.20541835,0.18699193,0.20345816
0.21472165,0.1930346,0.20345286,0.18839715,0.20039375
0.20291007,0.19701524,0.19996323,0.20009007,0.20002143
0.21034771,0.19178611,0.20570862,0.18680996,0.20534758
0.21258914,0.18975568,0.20556656,0.18679984,0.20528878
0.21305358,0.19377853,0.20431355,0.18798317,0.20087118
0.21379168,0.19316417,0.20473476,0.18788332,0.20042607
0.2026588,0.19669032,0.20039092,0.19985488,0.2004051
0.21000008,0.19249983,0.20508984,0.1878514,0.20455885
0.21211034,0.19378822,0.20472974,0.1886503,0.20072144
0.21383943,0.19237582,0.2041278,0.18774185,0.20191513
0.21356677,0.19128379,0.20457684,0.1876552,0.20291737
0.2030451,0.19712105,0.19900122,0.2015204,0.19931228
0.20923649,0.19574347,0.20537274,0.1892524,0.20039485
0.212782,0.19281045,0.2040332,0.18766095,0.20271339
0.2129589,0.19245982,0.20496108,0.18714353,0.20247667
0.21321678,0.19130425,0.2047438,0.18708827,0.20364688
0.20212328,0.19709525,0.20036487,0.20005006,0.20036653
0.20980898,0.1945454,0.20446846,0.18869604,0.20248108
0.21247375,0.19168574,0.20471017,0.18730165,0.20382868
0.21345513,0.19093564,0.20451587,0.18766557,0.20342782
0.21371755,0.18888256,0.20521629,0.18655923,0.20562439
0.2024309,0.19722728,0.19866851,0.20151871,0.20015462
0.21087062,0.192676,0.20409995,0.18755065,0.2048028
0.21217881,0.19064659,0.20506038,0.186843,0.20527123
0.2142286,0.18878256,0.2040443,0.18654606,0.20639849
0.21456186,0.18629898,0.20485702,0.18628317,0.20799893
0.20301406,0.19746351,0.1982364,0.20184845,0.19943756
0.20947452,0.1919957,0.2058868,0.18757595,0.20506704
0.21176155,0.18957774,0.20594004,0.18656,0.2061607
0.21450955,0.19366087,0.20282899,0.18803456,0.20096605
0.21425396,0.19381514,0.20299836,0.18720485,0.20172766
0.20297973,0.19752355,0.197475,0.20236634,0.19965537
0.20989437,0.19062081,0.20555544,0.18700774,0.20692159
0.21248017,0.19388287,0.2041789,0.18873641,0.20072165
0.21399204,0.19249871,0.20380089,0.18804543,0.20166288
0.21485965,0.1923848,0.20294932,0.18827367,0.20153257
0.20248832,0.19704767,0.1981672,0.20188168,0.2004151
0.20965424,0.18926898,0.20529202,0.18642528,0.20935945
0.21343292,0.19282328,0.20286214,0.18883146,0.2020501
0.21345417,0.19153512,0.20525655,0.18676303,0.20299107
0.2138801,0.19153988,0.20439777,0.18810867,0.20207354
0.20265026,0.19709902,0.19822098,0.20093602,0.20109369
0.20950423,0.19434573,0.20428558,0.18832646,0.20353797
0.21197951,0.19262141,0.20409718,0.18758032,0.20372163
0.21366978,0.19133647,0.20352644,0.18755399,0.2039133
0.21498704,0.18942045,0.2026383,0.1871383,0.20581588
0.2023418,0.19755739,0.19710149,0.20372291,0.1992764
0.20990372,0.19429155,0.20408154,0.1887238,0.2029994
0.21212673,0.19258508,0.20350756,0.1887971,0.20298351
0.21439475,0.19111179,0.20269553,0.18758932,0.20420863
0.21450886,0.19096522,0.20256418,0.188258,0.20370375
0.20368357,0.19719611,0.19704655,0.20141855,0.20065518
0.21033092,0.1923937,0.2038645,0.18858378,0.20482709
0.21242982,0.19019657,0.20404258,0.1874908,0.20584023
0.21398047,0.19046463,0.20273957,0.18817367,0.20464163
0.21461937,0.1867837,0.20351817,0.18696958,0.20810914
0.20329499,0.19757424,0.1958441,0.20337862,0.19990805
0.2093473,0.19079833,0.2050313,0.18742925,0.20739375
0.21305795,0.18872586,0.20303899,0.18731514,0.20786206
0.21497832,0.18649127,0.20339012,0.186393,0.20874733
0.21427439,0.18647423,0.2041775,0.1864493,0.20862457
0.20424868,0.19746254,0.19504209,0.20192999,0.20131671
0.21034718,0.18992962,0.2042284,0.18808289,0.20741192
0.21283364,0.18642713,0.20357761,0.18697767,0.21018393
0.2147894,0.19350567,0.20135523,0.18973863,0.20061107
0.21532574,0.19273093,0.20145431,0.18933815,0.20115088
0.20441891,0.1973677,0.19542953,0.20317279,0.1996111
0.20897251,0.18966767,0.20496027,0.18688245,0.20951709
0.21296301,0.19443089,0.20194665,0.18963131,0.20102812
0.21504156,0.19240499,0.2012603,0.18987882,0.2014143
0.21588479,0.19080395,0.20125932,0.18893796,0.203114
0.20440158,0.19694223,0.19593616,0.20126477,0.20145525
0.2106946,0.19350159,0.2032304,0.18857679,0.20399666
0.21305649,0.19178733,0.20245135,0.18844573,0.20425911
0.21511021,0.1911772,0.2012467,0.18886983,0.20359604
0.2149597,0.19211495,0.20113084,0.18905233,0.20274219
0.20463528,0.19758871,0.19398218,0.20286761,0.20092624
0.2113406,0.19251351,0.20205188,0.18854173,0.2055523
0.21335566,0.1914602,0.20269533,0.18861268,0.20387611
0.2139985,0.19038098,0.20334576,0.18846972,0.20380501
0.21575889,0.19117826,0.20089272,0.18993448,0.2022356
0.20570157,0.19759405,0.19253848,0.20386247,0.20030348
0.21118233,0.1919578,0.20244722,0.18876109,0.20565158
0.21394147,0.19126771,0.20136502,0.18913165,0.20429412
0.21498945,0.18997817,0.20131063,0.18937874,0.20434299
0.2156317,0.1897986,0.201426,0.18930468,0.20383906
0.20590444,0.19702677,0.19346386,0.20367214,0.19993283
0.21169582,0.19104402,0.20224547,0.18908916,0.20592551
0.21444103,0.18885076,0.20148185,0.18886124,0.20636511
0.21575928,0.1878238,0.20125508,0.18849823,0.2066636
0.21558312,0.18761803,0.20200492,0.18758841,0.20720553
0.20660973,0.19709173,0.19213693,0.20302133,0.2011403
0.21129054,0.19039322,0.20321839,0.18870251,0.20639534
0.21362254,0.18875842,0.20220333,0.18923381,0.20618185
0.21608038,0.18804121,0.20000958,0.18908407,0.20678468
0.21680346,0.18719906,0.20018099,0.18975373,0.20606275
0.20594974,0.1975193,0.19218773,0.20379533,0.2005479
0.21198508,0.1903879,0.20157783,0.18928899,0.20676017
0.21429661,0.1878178,0.20128047,0.18877025,0.20783485
0.21481147,0.18933731,0.2014118,0.18962897,0.20481044
0.21672449,0.18824255,0.19948365,0.18971883,0.20583047
0.2068553,0.19629942,0.19175294,0.20281912,0.20227319
0.2113375,0.1903319,0.20218138,0.18984602,0.20630313
0.21421401,0.1894381,0.20100409,0.1903237,0.20502006
0.21527492,0.18834451,0.2011509,0.190184,0.20504567
0.21686736,0.18790458,0.20009743,0.18955901,0.20557164
0.20744872,0.1964192,0.19056588,0.20395392,0.20161228
0.21200559,0.18773122,0.2019554,0.18936217,0.20894565
0.21429908,0.18806438,0.20167097,0.18934022,0.20662533
0.21551913,0.18802978,0.20128335,0.18971063,0.20545709
0.21613999,0.18811372,0.20049661,0.1900749,0.20517479
0.20692804,0.19770262,0.18981977,0.20515053,0.20039904
0.21191166,0.1878604,0.20166393,0.18980306,0.20876098
0.2160212,0.18592991,0.19926369,0.1907408,0.20804442
0.21514967,0.18850262,0.20163766,0.19022357,0.20448646
0.21746238,0.18597661,0.19952287,0.19052477,0.20651338
0.20803437,0.19685824,0.18924393,0.20385507,0.20200838
0.21230163,0.18950534,0.20053652,0.19147336,0.20618314
0.21465467,0.1879653,0.20019937,0.190253,0.20692761
0.21599455,0.18942446,0.19940606,0.19109225,0.2040827
0.21651992,0.18968055,0.20021239,0.19099167,0.20259543
0.20817621,0.19715177,0.18870203,0.20483328,0.2011367
0.21248263,0.18868387,0.2010067,0.19118524,0.20664158
0.21454167,0.19229944,0.19997002,0.19143417,0.20175467
0.2161377,0.19372566,0.19892758,0.1924024,0.19880669
0.21792883,0.19179823,0.19789481,0.19224487,0.20013322
0.20799457,0.19654283,0.18944389,0.20515774,0.20086099
0.21220848,0.19013928,0.20109677,0.19125642,0.205299
0.21565282,0.19172822,0.19868863,0.1915886,0.20234174
0.21708095,0.19342306,0.19861819,0.19223692,0.19864085
0.21792863,0.19520335,0.19670726,0.19209982,0.19806094
0.20942955,0.19722052,0.18762714,0.2063871,0.1993357
0.21391098,0.18970592,0.19901982,0.1921266,0.20523673
0.2151012,0.19329707,0.19946598,0.19167669,0.20045905
0.21726479,0.19510959,0.19777635,0.19262446,0.19722481
0.2185482,0.19769892,0.19661243,0.19368926,0.19345118
0.2080584,0.19750975,0.18712507,0.20606376,0.20124301
0.21317333,0.19332851,0.19883943,0.1926178,0.20204091
0.21599409,0.19563356,0.19746879,0.19366793,0.19723561
0.21707164,0.1973669,0.19741248,0.19271973,0.19542927
0.21818441,0.1966245,0.19711901,0.1935767,0.19449538
0.20836282,0.19565558,0.18820895,0.20382656,0.20394605
0.21226011,0.19593918,0.19949795,0.1931094,0.19919339
0.21604036,0.19720665,0.1979444,0.19423777,0.19457087
0.21811289,0.19694787,0.19750634,0.19373305,0.19369985
0.21872738,0.20029384,0.19574791,0.1947977,0.1904332
0.20913763,0.19669247,0.18617766,0.20611522,0.20187703
0.21399373,0.19540034,0.19790696,0.19376954,0.19892943
0.21700448,0.19856855,0.19665551,0.19485675,0.19291466
0.21662107,0.20180702,0.19679126,0.19552219,0.18925846
0.21858016,0.20061451,0.19659491,0.19514358,0.18906684
0.20985405,0.19523337,0.18563457,0.2057056,0.20357244
0.21315758,0.19868311,0.19771788,0.19456898,0.19587244
0.21646404,0.19966407,0.19637597,0.19515319,0.19234274
0.2177134,0.19893609,0.19693847,0.1949473,0.1914647
0.21966009,0.20308788,0.19515724,0.19524921,0.18684557
0.20808442,0.19520485,0.18647431,0.2056988,0.20453766
0.2133257,0.19746362,0.19764969,0.19548115,0.19607984
0.21661289,0.20134573,0.19648057,0.19580282,0.18975797
0.21693552,0.20359002,0.19663848,0.19574428,0.18709171
0.21985655,0.20449823,0.19498429,0.1955068,0.18515414
0.20985888,0.19665222,0.18358412,0.2072586,0.20264617
0.21387233,0.19947143,0.19567084,0.19585887,0.19512649
0.21605466,0.2028533,0.19681498,0.19567198,0.18860506
0.21802461,0.20407082,0.19514689,0.19617921,0.18657851
0.21842852,0.2047935,0.19551641,0.19680622,0.18445536
0.21146576,0.19717121,0.1811205,0.20893544,0.20130712
0.21447796,0.20063198,0.19519658,0.19687267,0.19282082
0.21658081,0.20540415,0.19667679,0.19534132,0.18599695
0.21810815,0.2064959,0.19499917,0.19633295,0.18406385
0.21894154,0.2058783,0.19418958,0.1974569,0.18353365
0.21051438,0.19600087,0.18351354,0.20729811,0.20267309
0.21461144,0.202395,0.19584137,0.1970836,0.19006865
0.21724893,0.2064031,0.19477467,0.19697106,0.18460223
0.22057739,0.20810184,0.19343717,0.19744343,0.18044019
0.21794172,0.20973617,0.1942813,0.19848298,0.17955782
0.21116619,0.19540352,0.18254688,0.20792986,0.20295356
0.21360645,0.20528343,0.19622968,0.19728686,0.18759356
0.21775146,0.20716289,0.19434628,0.19838095,0.18235844
0.21733329,0.21052624,0.19539846,0.19776908,0.17897296
0.21932784,0.20872527,0.19326438,0.19939828,0.17928423
0.2117962,0.19298397,0.18365604,0.20585273,0.205711
0.21341163,0.20839545,0.19583738,0.19883732,0.18351823
0.21733734,0.20923392,0.19348074,0.19848496,0.18146302
0.21700616,0.21300107,0.19370244,0.19947706,0.1768133
0.22018634,0.20972198,0.19211039,0.19883732,0.17914394
0.21199802,0.19563931,0.18154016,0.20890664,0.20191586
0.2148189,0.20914862,0.19356544,0.20024318,0.18222384
0.21755676,0.21033458,0.19291826,0.19940165,0.17978878
0.21963847,0.21156074,0.19349952,0.1989682,0.17633308
0.21986412,0.21228145,0.19151628,0.1994618,0.17687634
0.21198185,0.19497888,0.18129566,0.20942228,0.20232132
0.21437831,0.20892921,0.19520351,0.19926569,0.18222325
0.21563329,0.21281953,0.1941157,0.19993539,0.17749606
0.21901093,0.21225436,0.19212894,0.19979079,0.17681494
0.21943806,0.21321003,0.19181556,0.2004474,0.175089
0.21300744,0.19333524,0.18059047,0.20788753,0.20517932
0.215322,0.21174946,0.19362462,0.20046338,0.17884056
0.21589696,0.21307774,0.19262964,0.20136796,0.17702772
0.2199997,0.21147218,0.19055927,0.20153865,0.1764302
0.21939874,0.21192358,0.19289257,0.20014435,0.17564073
0.21264757,0.19079155,0.18077525,0.20758547,0.20820016
0.21211405,0.21337402,0.19475341,0.2010935,0.17866506
0.21874425,0.21401374,0.1915072,0.20158853,0.17414631
0.22053492,0.21396843,0.18948571,0.20185214,0.17415881
0.21974033,0.21651328,0.19135438,0.20152575,0.17086627
0.21297005,0.19315737,0.17981121,0.21026239,0.203799
0.21395873,0.21401417,0.19274652,0.20278327,0.17649731
0.21567512,0.21566115,0.19214293,0.2022528,0.17426804
0.2189449,0.21454872,0.19158702,0.20169933,0.17322002
0.22059245,0.2173196,0.19142684,0.2028865,0.16777457
0.21131295,0.19328882,0.17901088,0.20967472,0.2067126
0.2146034,0.21177775,0.19221248,0.20238876,0.17901763
0.2163246,0.21547456,0.19248722,0.20234147,0.17337218
0.2181144,0.21685569,0.19146055,0.20351341,0.17005594
0.22188422,0.21760762,0.19016357,0.2017703,0.16857429
0.21383694,0.1925703,0.1761395,0.21239823,0.20505506
0.21438608,0.21305865,0.19139048,0.20378546,0.17737931
0.21759097,0.21653046,0.19185957,0.20300683,0.17101213
0.21827678,0.21799883,0.19058385,0.20387134,0.16926919
0.22039425,0.21926749,0.18953034,0.20427765,0.16653025
0.2123108,0.19113342,0.1789853,0.21040799,0.20716248
0.21339512,0.21722427,0.19193552,0.20414923,0.17329587
0.21763796,0.21907145,0.19206652,0.20350935,0.16771474
0.21663478,0.22170348,0.19033699,0.20569755,0.1656272
0.21895641,0.2196264,0.18966787,0.204929,0.16682027
0.21443619,0.18553236,0.17810084,0.2095735,0.21235715
0.21270885,0.21862681,0.19355804,0.20443724,0.17066903
0.21485531,0.22179204,0.19130883,0.20496905,0.16707477
0.21852306,0.22185956,0.18820332,0.2058953,0.16551876
0.2189922,0.2205866,0.1900182,0.20506497,0.16533798
0.21445644,0.18443696,0.1766781,0.21028966,0.2141389
0.21409343,0.21965057,0.19216838,0.20476052,0.16932708
0.21579401,0.22133769,0.19113639,0.20498289,0.166749
0.21848178,0.22008477,0.19010733,0.20499814,0.16632795
0.21917287,0.22437017,0.19030401,0.20581357,0.16033942
0.21310714,0.18358761,0.17732036,0.21057388,0.21541098
0.21424302,0.22078423,0.19105518,0.20577317,0.16814438
0.21598415,0.22411063,0.1899256,0.20703515,0.16294451
0.21683222,0.22556064,0.19023052,0.20751026,0.15986632
0.21821587,0.22611436,0.19132349,0.2065825,0.15776376
0.21479024,0.18432489,0.17546284,0.21227814,0.21314391
0.21229486,0.22123046,0.19310495,0.20625336,0.16711636
0.21569934,0.22603616,0.19103423,0.20756108,0.15966916
0.21682373,0.22603759,0.19042374,0.2069913,0.15972361
0.21886417,0.22736612,0.18868813,0.20781533,0.1572662
0.21473156,0.18110976,0.17565235,0.21242844,0.21607792
0.21245539,0.22534706,0.19182779,0.20755273,0.16281703
0.21433662,0.2273716,0.19093686,0.2080291,0.15932581
0.21756217,0.2277042,0.18826966,0.20853506,0.15792891
0.21792467,0.22732316,0.19189836,0.2061753,0.15667848
0.21624222,0.18332015,0.17223154,0.21348426,0.21472181
0.18848817,0.20249234,0.20305847,0.20803559,0.19792546
0.19270809,0.20279421,0.20116435,0.2042701,0.19906326
0.19448121,0.20294929,0.20023508,0.20487621,0.19745821
0.19486538,0.20166978,0.20152959,0.2026339,0.19930138
0.19563405,0.20184094,0.20107205,0.20248868,0.19896425
0.19046427,0.20289633,0.20094895,0.20751412,0.19817631
0.19427843,0.20297505,0.2000462,0.2038003,0.19889998
0.19464809,0.20291963,0.20073023,0.20298453,0.19871755
0.19588983,0.20102362,0.20275149,0.20159724,0.19873779
0.19572343,0.20234643,0.20118925,0.20159265,0.19914825
0.1907014,0.20301203,0.20130374,0.20630135,0.1986815
0.19502614,0.20313503,0.19995601,0.20430581,0.19757698
0.19598337,0.20284805,0.20032494,0.20446777,0.19637592
0.19659628,0.20246986,0.20008196,0.20271152,0.1981404
0.19605434,0.20250814,0.20093974,0.20059034,0.19990745
0.19126457,0.20307566,0.20069724,0.20578481,0.19917773
0.19498937,0.20319614,0.19978075,0.20326068,0.19877307
0.19580977,0.20310844,0.20036863,0.20325974,0.19745344
0.19650932,0.20307356,0.20009087,0.20272878,0.19759749
0.19673187,0.20273277,0.20027849,0.2021542,0.19810267
0.19140485,0.2030181,0.20145456,0.20685434,0.19726819
0.19589095,0.20296869,0.19945367,0.20224248,0.1994442
0.19622873,0.20317237,0.19993651,0.20276941,0.197893
0.19639184,0.20277138,0.20103884,0.20193821,0.19785973
0.19731545,0.2025928,0.20017192,0.20204277,0.19787702
0.191227,0.20389673,0.19989103,0.2073823,0.19760291
0.19450752,0.20279585,0.20222093,0.2033784,0.1970973
0.19612418,0.20322828,0.19966969,0.20154881,0.19942904
0.19698742,0.20210817,0.20066084,0.20035459,0.19988893
0.19700113,0.20241487,0.20079146,0.20114169,0.19865087
0.19051357,0.20413445,0.20087631,0.20701176,0.19746388
0.19628003,0.20136493,0.20140411,0.19974382,0.20120704
0.19565614,0.20296559,0.20067935,0.20201452,0.19868438
0.19782794,0.20202161,0.20027341,0.20125128,0.19862574
0.19715811,0.20214869,0.20160991,0.2023926,0.1966907
0.18996121,0.2035684,0.20238282,0.20628168,0.19780588
0.19470082,0.20248124,0.20190443,0.20142221,0.19949128
0.19622308,0.20175758,0.20167199,0.19981411,0.2005333
0.19779019,0.20205408,0.2005478,0.20154387,0.19806404
0.19688101,0.20228237,0.20139697,0.19962886,0.19981083
0.19015852,0.20361358,0.20186467,0.20612794,0.19823529
0.19499522,0.2027105,0.20086527,0.2008757,0.20055325
0.19680227,0.20175104,0.20168683,0.2000736,0.19968629
0.1963462,0.20228228,0.20250045,0.20064619,0.19822489
0.19687307,0.2016102,0.20236792,0.19935657,0.19979225
0.19083782,0.20269763,0.20355032,0.20508972,0.19782448
0.19494317,0.20300171,0.20088372,0.2014492,0.1997222
0.19588627,0.20216006,0.20235483,0.19961707,0.19998178
0.19609961,0.20270382,0.20145102,0.20098786,0.19875765
0.19686331,0.20211132,0.20169249,0.19946472,0.19986819
0.19052292,0.20326032,0.20188701,0.2053159,0.19901381
0.19446385,0.20236567,0.20232517,0.20051904,0.2003263
0.19573897,0.20127146,0.2042668,0.19874848,0.1999743
0.19709086,0.20209391,0.201367,0.20055021,0.19889799
0.1972984,0.2020295,0.20212464,0.20026551,0.19828199
0.1900395,0.20316511,0.20277797,0.2059284,0.19808905
0.19495061,0.2026376,0.2009574,0.20070934,0.20074512
0.1950391,0.20179057,0.20386484,0.19879246,0.20051302
0.19647186,0.20219769,0.20259902,0.20003389,0.19869761
0.19717845,0.20056997,0.20419472,0.19731575,0.20074108
0.18980765,0.20333743,0.20276758,0.20488738,0.19919993
0.19515166,0.20215887,0.20223624,0.20021006,0.20024322
0.19584815,0.2018199,0.2033282,0.19922729,0.19977646
0.19643117,0.20147166,0.20320131,0.19779111,0.20110472
0.19656418,0.20167018,0.2031964,0.19979993,0.19876936
0.1906649,0.20292918,0.20252883,0.20502655,0.19885051
0.19393553,0.20150276,0.20396906,0.19783609,0.20275661
0.1957756,0.20075993,0.20546235,0.19854473,0.19945744
0.19668193,0.20073262,0.20465106,0.19804911,0.1998853
0.19731139,0.20111856,0.20428516,0.19944385,0.1978411
0.1900862,0.20193349,0.20392032,0.20303427,0.20102571
0.19401374,0.2015671,0.20429318,0.19757621,0.20254971
0.19645283,0.2005742,0.20437677,0.19745757,0.20113866
0.19721417,0.20076714,0.2041758,0.19799088,0.19985202
0.19801323,0.20046213,0.20421104,0.19778137,0.19953223
0.1902925,0.20295034,0.2027376,0.20510255,0.19891696
0.19503379,0.20102142,0.20433743,0.19864005,0.20096727
0.19635229,0.20070125,0.20460965,0.19822413,0.20011269
0.19785482,0.20031466,0.20389926,0.19681737,0.20111392
0.1972987,0.20062762,0.20518652,0.1983943,0.1984929
0.1897007,0.20267561,0.20414506,0.20414229,0.19933634
0.19512546,0.20109661,0.20477015,0.19683349,0.20217426
0.1967921,0.20002988,0.20536491,0.1966695,0.20114356
0.1974824,0.20046303,0.20478982,0.19752215,0.19974263
0.19767858,0.20033862,0.20523922,0.19596897,0.20077458
0.19073117,0.20154585,0.20389336,0.2022755,0.20155412
0.19554625,0.20128213,0.20315503,0.19842729,0.20158932
0.19643587,0.20019239,0.20542537,0.19739705,0.20054935
0.19854559,0.19942784,0.20540118,0.19719717,0.19942819
0.19896322,0.19985092,0.20493488,0.19821271,0.19803822
0.19064659,0.20222625,0.20370106,0.20389006,0.19953606
0.19604467,0.2009555,0.20363551,0.19856626,0.20079811
0.19729407,0.19946216,0.2056914,0.19558126,0.20197107
0.19884802,0.20013696,0.20444779,0.19821411,0.19835313
0.19927683,0.19967979,0.20469473,0.19651854,0.1998301
0.19185913,0.2020257,0.20262454,0.20417592,0.1993147
0.19486637,0.20103611,0.20476168,0.19753699,0.20179884
0.19727504,0.19947158,0.20559154,0.19535781,0.20230404
0.1984616,0.20018463,0.20481442,0.19721341,0.19932593
0.1981376,0.19936882,0.20615041,0.19478089,0.20156227
0.19067217,0.20188239,0.20459318,0.203217,0.19963524
0.19554335,0.19973592,0.20654418,0.19533136,0.20284519
0.19800298,0.19961835,0.20538478,0.19639936,0.20059446
0.19834204,0.19985968,0.20500864,0.19597578,0.20081386
0.19943063,0.19900031,0.20572317,0.19512084,0.20072505
0.19084735,0.20181347,0.20399307,0.2034628,0.19988328
0.19650994,0.19944078,0.20599093,0.19605719,0.20200118
0.19752286,0.19950095,0.20614965,0.19527483,0.20155172
0.19930449,0.19962189,0.20508716,0.19640008,0.19958636
0.19824271,0.19945915,0.20693603,0.19466884,0.2006933
0.19021346,0.20153864,0.20497546,0.20227496,0.20099752
0.19623429,0.1999527,0.20504652,0.19476564,0.2040008
0.19868247,0.1994267,0.2051369,0.19562411,0.20112981
0.19912931,0.19931357,0.20628011,0.19471377,0.20056322
0.19893654,0.19877025,0.20676468,0.19403556,0.20149297
0.18982281,0.20221649,0.20405266,0.20355746,0.20035058
0.19540189,0.1999784,0.20634314,0.19447456,0.20380205
0.1981454,0.19957814,0.2062636,0.1963161,0.19969675
0.19884856,0.19829409,0.20671576,0.19285913,0.20328242
0.20006646,0.19884355,0.20600416,0.19519128,0.19989458
0.19050692,0.20192908,0.20414011,0.20395687,0.199467
0.19712418,0.19937664,0.20516537,0.19614837,0.20218544
0.19814007,0.19950588,0.20622024,0.19537829,0.20075561
0.19937943,0.19802938,0.20693742,0.19276014,0.20289364
0.20000146,0.19774823,0.20752609,0.1940533,0.20067088
0.19052887,0.20128463,0.20451243,0.20276347,0.2009106
0.19669443,0.19949518,0.20610358,0.19591045,0.20179635
0.19803993,0.19922839,0.20668912,0.19544958,0.20059298
0.1989311,0.19800322,0.20749389,0.19370356,0.20186819
0.1999125,0.19837151,0.20666584,0.19465321,0.20039691
0.19038004,0.20195518,0.20395026,0.20442663,0.1992879
0.19603583,0.19956146,0.20663437,0.19621624,0.20155208
0.198125,0.19813193,0.20778134,0.19361387,0.20234786
0.19950907,0.1983799,0.20703043,0.1943675,0.20071311
0.2000741,0.1986042,0.20617256,0.19350162,0.20164753
0.19158752,0.2018681,0.20321056,0.20289312,0.20044073
0.19651337,0.1993564,0.20641494,0.19515935,0.20255591
0.1983285,0.19826546,0.20698759,0.19322246,0.20319602
0.1995478,0.19804113,0.20790263,0.19255172,0.20195673
0.20008938,0.19871846,0.2068096,0.193826,0.20055655
0.1909628,0.20167887,0.20444493,0.20205793,0.20085548
0.19650936,0.19864829,0.20712353,0.19462764,0.20309116
0.19874047,0.19910884,0.20577092,0.19576976,0.20061006
0.19880727,0.1980098,0.20820932,0.19182506,0.20314857
0.19991566,0.19856152,0.20676133,0.19340175,0.2013597
0.19123977,0.20164645,0.2037901,0.2039327,0.19939104
0.19651908,0.19938043,0.20649841,0.19506021,0.20254186
0.19838923,0.19929326,0.20636664,0.19581378,0.20013708
0.19883879,0.1985161,0.20689204,0.19287094,0.20288213
0.1981138,0.19873747,0.20893043,0.19406538,0.20015295
0.19054425,0.20132466,0.20543143,0.20232674,0.20037289
0.19712248,0.1996077,0.20538253,0.1959209,0.2019664
0.19905809,0.19814847,0.20647801,0.19345653,0.2028589
0.19911675,0.19819948,0.20687857,0.19388351,0.20192172
0.20000413,0.19787957,0.20739196,0.19202808,0.20269626
0.19229718,0.20079711,0.2052987,0.20216684,0.19944012
0.19715463,0.19872312,0.20687637,0.19426367,0.20298219
0.19816771,0.19868813,0.20731775,0.1938313,0.2019951
0.20064391,0.19869645,0.20545076,0.19549917,0.19970968
0.2001831,0.19892667,0.20549741,0.19506444,0.20032844
0.19154227,0.20128198,0.20453593,0.20387802,0.1987618
0.19756883,0.19927305,0.20545417,0.1948223,0.20288163
0.19877452,0.19832003,0.20605066,0.19197242,0.20488238
0.19911031,0.19817458,0.20788597,0.19362774,0.20120136
0.20051728,0.19862294,0.20573904,0.1952304,0.19989035
0.19100076,0.20091596,0.20548101,0.20083411,0.20176813
0.19675806,0.19926558,0.20648773,0.19533235,0.20215628
0.19765136,0.19856429,0.20788841,0.19437407,0.20152186
0.19984157,0.19867414,0.20574512,0.19311504,0.20262408
0.19920383,0.19814928,0.20751423,0.1930706,0.20206209
0.19292958,0.2008678,0.20349239,0.20133646,0.20137373
0.19758785,0.19852488,0.20667003,0.1936119,0.20360532
0.19864598,0.19851036,0.20759101,0.19458123,0.20067143
0.19954668,0.19837004,0.20748019,0.19436653,0.20023653
0.19904445,0.19868225,0.20754714,0.1942176,0.20050855
0.19123343,0.20068935,0.20521125,0.2006838,0.2021822
0.19717395,0.19910783,0.2058944,0.19486184,0.20296197
0.19808981,0.19867155,0.20728734,0.19418353,0.20176776
0.19907606,0.19838338,0.20735712,0.19309913,0.20208435
0.20018984,0.19825938,0.20654243,0.19359449,0.20141385
0.19127108,0.20046426,0.20609458,0.2014299,0.20074016
0.19783354,0.19849691,0.20645767,0.19360274,0.20360915
0.19837542,0.19844383,0.20762235,0.19294627,0.2026121
0.19962737,0.19841416,0.2069183,0.19317791,0.20186228
0.19963987,0.19779174,0.2084528,0.19134949,0.20276612
0.19180049,0.20037428,0.20545122,0.20144701,0.200927
0.19717021,0.19836694,0.20719157,0.19289927,0.20437205
0.19905008,0.19883661,0.20671001,0.19449253,0.20091075
0.20001772,0.19761978,0.20740111,0.19223526,0.20272613
0.19995286,0.19779885,0.20770003,0.19276868,0.20177962
0.19151938,0.2002546,0.2055955,0.20112987,0.20150068
0.19712003,0.19867726,0.2071677,0.19387043,0.20316458
0.19829586,0.19780008,0.20878685,0.1928791,0.20223813
0.19933656,0.19779208,0.20870781,0.19292343,0.2012401
0.19947796,0.19753847,0.20819598,0.1910059,0.20378172
0.19255263,0.20003988,0.20427456,0.20004699,0.20308593
0.1969882,0.19823019,0.20761819,0.19293246,0.20423101
0.19921497,0.19831143,0.20730679,0.1943932,0.20077361
0.1997815,0.19775565,0.20801893,0.19238952,0.2020544
0.19964507,0.19750558,0.20922354,0.19130358,0.20232221
0.19117641,0.19988488,0.207057,0.20138958,0.20049205
0.19768712,0.19794331,0.20925352,0.19291435,0.20220166
0.19959065,0.19720666,0.20826551,0.19183265,0.20310453
0.20013648,0.19744118,0.20813718,0.1923643,0.20192082
0.19980592,0.19674627,0.20899905,0.18999907,0.20444967
0.19357084,0.20004305,0.20536777,0.20244914,0.19856921
0.19885485,0.19727723,0.20800747,0.19182506,0.20403539
0.19894134,0.19757494,0.2087223,0.19227283,0.2024886
0.1999254,0.19747265,0.20869379,0.19297065,0.2009375
0.20078851,0.1968856,0.20904018,0.19201252,0.2012732
0.19340168,0.1994563,0.20541282,0.2009457,0.20078352
0.19894092,0.19759764,0.20794854,0.19299242,0.20252046
0.20006503,0.19625865,0.20877044,0.19026911,0.2046368
0.20100962,0.19675839,0.20843434,0.19193827,0.20185937
0.20106329,0.19732577,0.2080785,0.19266641,0.20086601
0.19331339,0.19967358,0.20502308,0.20136917,0.20062077
0.1983479,0.19640477,0.20939212,0.19136746,0.20448777
0.20007509,0.19646724,0.20947847,0.19081618,0.20316301
0.20081326,0.1962548,0.20969358,0.19138193,0.2018564
0.20061307,0.19638233,0.21015565,0.1921852,0.20066378
0.1926754,0.19945662,0.20531163,0.20130536,0.20125096
0.19847572,0.19747159,0.20830838,0.1922231,0.20352118
0.20042835,0.19640276,0.20904453,0.19029072,0.20383367
0.2000918,0.19651747,0.21007884,0.1899618,0.20335008
0.19994603,0.19614775,0.20979491,0.18962002,0.20449126
0.19235477,0.19902562,0.20643431,0.20018062,0.20200466
0.19741727,0.19639643,0.21089496,0.19051687,0.20477445
0.19930802,0.1968234,0.20896664,0.19151428,0.20338765
0.19957002,0.19704218,0.20952499,0.1924446,0.20141825
0.20042932,0.19626305,0.20974928,0.19097137,0.20258695
0.19290118,0.1990385,0.20523578,0.20177034,0.20105416
0.19824411,0.19712086,0.20728466,0.19170308,0.20564726
0.19964539,0.19609596,0.20978616,0.19080718,0.20366532
0.19980226,0.19609624,0.20936437,0.19015245,0.2045847
0.20009243,0.19717006,0.20806314,0.1906273,0.20404704
0.19162916,0.19925313,0.2055401,0.20070535,0.20287226
0.19748855,0.19726413,0.20845927,0.19297849,0.20380959
0.19829884,0.19560109,0.21077642,0.18995972,0.20536388
0.19818032,0.19601957,0.21033551,0.18980765,0.20565695
0.19947557,0.19624728,0.20978391,0.19041672,0.20407648
0.19001311,0.19901091,0.20689438,0.20216234,0.20191929
0.19561894,0.19709326,0.20982517,0.19145888,0.20600373
0.19758327,0.19697873,0.21020456,0.19070758,0.20452583
0.19920078,0.19536155,0.21003994,0.1888182,0.20657952
0.19934031,0.19601285,0.2105009,0.18930674,0.20483926
0.19041888,0.19896604,0.20619273,0.20278394,0.20163839
0.19414815,0.19658673,0.21208175,0.19062701,0.2065563
0.1969029,0.1965581,0.21025893,0.19119418,0.20508589
0.19849709,0.19651796,0.21003199,0.19058293,0.20437007
0.1981661,0.19515365,0.21163021,0.18823904,0.20681101
0.19041656,0.19926937,0.2050717,0.20191208,0.2033303
0.19579406,0.19737071,0.20935337,0.19221517,0.20526673
0.19717406,0.19593781,0.2107537,0.190144,0.20599043
0.19829768,0.19565003,0.21083932,0.19090527,0.20430773
0.19915828,0.19399323,0.2112597,0.18738358,0.20820524
0.19045691,0.19837068,0.20658927,0.20123383,0.20334926
0.19486733,0.19639559,0.21141064,0.19019105,0.20713538
0.19597612,0.19504403,0.21241541,0.18863618,0.20792827
0.19834036,0.19451809,0.21112746,0.18818325,0.20783085
0.19995305,0.19478478,0.21086603,0.18948315,0.20491298
0.19218706,0.19878834,0.20418179,0.20312704,0.20171578
0.19375616,0.1957547,0.21171564,0.18892303,0.20985045
0.19629587,0.19575314,0.2123264,0.18894364,0.20668098
0.19685262,0.19345966,0.21331568,0.18729164,0.2090804
0.19921628,0.19465753,0.21106756,0.18812649,0.20693216
0.19089982,0.19874372,0.20461269,0.2027666,0.20297715
0.19472867,0.19608293,0.21059896,0.19087419,0.20771526
0.19676262,0.19533226,0.21115224,0.18836552,0.20838737
0.19762726,0.19322692,0.21279335,0.18655096,0.2098015
0.19888133,0.19422065,0.21208115,0.18805031,0.20676653
0.19007722,0.19840764,0.2061745,0.20223454,0.20310614
0.19423625,0.19586594,0.21162449,0.18949792,0.20877543
0.1971782,0.19389763,0.21199611,0.18900691,0.20792113
0.1979585,0.19513205,0.21247007,0.18843795,0.20600145
0.19925854,0.19195029,0.21206096,0.18677294,0.20995732
0.18957615,0.19874948,0.20508419,0.20363829,0.20295192
0.19375612,0.19503817,0.21226196,0.18889806,0.21004567
0.19753133,0.19554353,0.21040356,0.18938078,0.20714083
0.198017,0.19213116,0.21291032,0.18623021,0.21071133
0.1988203,0.19388102,0.2121403,0.18860333,0.20655508
0.19048654,0.19866915,0.20467734,0.20501062,0.2011564
0.19331063,0.19471957,0.21245368,0.1893527,0.21016343
0.19694512,0.19213176,0.212682,0.18755336,0.21068774
0.1980336,0.19177215,0.21334909,0.18679464,0.21005052
0.1994342,0.18943347,0.21244827,0.18586305,0.21282099
0.18885365,0.19838077,0.20491368,0.2034002,0.20445174
0.19303095,0.19482388,0.21227919,0.18972902,0.21013694
0.195608,0.1933001,0.21290834,0.18693796,0.2112456
0.19858856,0.1897411,0.21250296,0.18633513,0.21283226
0.19881946,0.19200566,0.21268515,0.18706153,0.2094282
0.18771103,0.19810368,0.20599708,0.2036642,0.20452407
0.19282918,0.19485953,0.21257985,0.18943548,0.21029598
0.19580854,0.19372593,0.21293384,0.18760267,0.20992902
0.197985,0.19026156,0.21280614,0.18620703,0.21274027
0.19878377,0.18953195,0.21245556,0.18611684,0.21311183
0.18797305,0.19869925,0.20437008,0.20567054,0.2032871
0.19186585,0.19383562,0.21317291,0.18848391,0.21264173
0.19717202,0.1915778,0.21237797,0.18798919,0.21088305
0.19841835,0.18985547,0.21166578,0.1870359,0.2130245
0.19972399,0.18713552,0.21195991,0.18711537,0.21406521
0.18884459,0.19823353,0.2042594,0.20560776,0.20305473
0.192873,0.19372642,0.21266676,0.18933754,0.21139628
0.19640361,0.18855776,0.21336505,0.18630148,0.2153721
0.19776125,0.19174196,0.2128461,0.18739043,0.2102602
0.20058553,0.19060065,0.21131977,0.18765716,0.2098369
0.18840292,0.19837056,0.20366319,0.2051376,0.20442574
0.19408636,0.19199939,0.21270084,0.1889565,0.21225691
0.19699295,0.19224557,0.21140583,0.18890068,0.21045497
0.19845396,0.1907286,0.21127929,0.18837635,0.21116178
0.19990467,0.18737954,0.21230282,0.18661772,0.21379524
0.18665935,0.19805108,0.20392981,0.20515412,0.20620567
0.1939171,0.19349113,0.21120901,0.1903628,0.21101996
0.19693379,0.18993652,0.21246915,0.18694115,0.21371938
0.19892012,0.18694407,0.21256688,0.1865783,0.21499059
0.19926259,0.18583706,0.21290092,0.18685432,0.21514507
0.18163505,0.19861956,0.2049425,0.20796017,0.20684272
0.19357377,0.1916368,0.21266308,0.18857443,0.21355186
0.19639564,0.18719356,0.21338761,0.18742509,0.21559812
0.19858223,0.19156216,0.21196635,0.18819973,0.20968956
0.1997511,0.19027226,0.21175723,0.18747076,0.21074857
0.18651031,0.19843328,0.20315778,0.20655334,0.20534527
0.19324683,0.18943615,0.21275295,0.18858376,0.2159803
0.19812524,0.19086613,0.21214858,0.18803649,0.21082354
0.19942164,0.1892007,0.21122763,0.18698649,0.21316357
0.20158987,0.18778694,0.2096972,0.18837167,0.21255428
0.18698604,0.19788876,0.2027987,0.20585606,0.20647044
0.19459906,0.19190161,0.21123329,0.18961793,0.21264811
0.19928364,0.18796316,0.21116588,0.18723777,0.21434958
0.20021367,0.18762074,0.21165594,0.1873745,0.21313511
0.19997422,0.18674836,0.21187507,0.1875267,0.21387568
0.18783998,0.1981028,0.2013189,0.20768118,0.20505713
0.19443002,0.19213451,0.21075776,0.19115463,0.21152309
0.19755867,0.18822189,0.21170102,0.18942668,0.21309173
0.19971263,0.1865958,0.2110904,0.18873148,0.21386969
0.20048651,0.18609145,0.21133135,0.18859795,0.21349272
0.1861546,0.19820613,0.20330204,0.20670047,0.20563675
0.19449997,0.19019379,0.21074887,0.1901489,0.21440852
0.19765294,0.1884947,0.2111675,0.18839455,0.21429035
0.20082654,0.18545021,0.21079288,0.18783718,0.21509315
0.2011167,0.18562038,0.21102986,0.18920141,0.21303165
0.18575823,0.19812778,0.20157899,0.20773652,0.20679846
0.19434232,0.18957756,0.21039793,0.19085643,0.21482576
0.19757764,0.18684919,0.21121456,0.18915552,0.21520308
0.20050375,0.18621938,0.21024434,0.18939823,0.21363431
0.2007336,0.1852547,0.21140249,0.1882373,0.21437189
0.18519111,0.19807343,0.20132104,0.20920469,0.2062097
0.19376783,0.18971571,0.21095408,0.19161098,0.21395138
0.19717634,0.1861865,0.21147628,0.18989132,0.21526954
0.19908445,0.18757595,0.21046196,0.19047634,0.21240133
0.19950671,0.18796204,0.21128559,0.1894422,0.21180344
0.18439163,0.19819531,0.20155111,0.20911439,0.20674755
0.19251418,0.18856151,0.21228513,0.19118136,0.21545783
0.19739072,0.18915989,0.21128736,0.1907839,0.21137811
0.19953766,0.18743062,0.20960318,0.19094932,0.21247926
0.20011225,0.18831675,0.21009761,0.1906244,0.21084899
0.18507019,0.19825877,0.20021039,0.20977129,0.20668931
0.19279774,0.19057524,0.2108563,0.19215924,0.21361147
0.19721662,0.18963255,0.21160606,0.19051558,0.2110292
0.19783518,0.19221176,0.21115057,0.19089451,0.20790796
0.20059773,0.19323537,0.20978734,0.19220081,0.20417877
0.1843096,0.19794266,0.2018669,0.20903382,0.20684701
0.1923149,0.19041169,0.21173881,0.19222069,0.21331392
0.1961949,0.19407362,0.21133026,0.192304,0.20609723
0.19909939,0.19686393,0.20956792,0.19280624,0.20166253
0.1986787,0.20023727,0.20957936,0.19392906,0.19757564
0.18530263,0.19861494,0.19807033,0.2112453,0.2067668
0.19273616,0.19218044,0.20968714,0.1943649,0.21103139
0.19570628,0.19907683,0.21069933,0.1942789,0.20023863
0.19814658,0.20133764,0.2099354,0.19485554,0.19572483
0.19975393,0.20340306,0.20882772,0.19475593,0.19325933
0.18233861,0.19805081,0.20140648,0.20994763,0.20825644
0.19098413,0.19685483,0.21086736,0.19523571,0.20605803
0.19553941,0.2012152,0.2094448,0.1965706,0.19723
0.19753075,0.20425633,0.20889786,0.19585915,0.19345595
0.19913936,0.20484014,0.2081882,0.19691813,0.19091418
0.18326671,0.19869502,0.19937919,0.21086793,0.20779118
0.19072974,0.20109622,0.20984238,0.1973598,0.20097189
0.19373024,0.2053035,0.21030934,0.19705379,0.1936032
0.19611782,0.20620774,0.20966245,0.19703415,0.19097784
0.19771484,0.20818605,0.20933218,0.19734882,0.18741813
0.1803506,0.19855596,0.20108786,0.21189503,0.20811053
0.18920897,0.20384829,0.21026185,0.19905727,0.19762363
0.19337259,0.20867105,0.21054134,0.1988407,0.18857433
0.19389553,0.21129161,0.2096984,0.19926554,0.18584894
0.19608457,0.21167707,0.20782824,0.2003888,0.18402132
0.17900306,0.19867158,0.20040165,0.2125003,0.20942344
0.18742602,0.20837213,0.21016204,0.20092006,0.19311973
0.1920399,0.21229672,0.20941207,0.20091371,0.18533762
0.19285086,0.21348426,0.20963405,0.20113413,0.18289672
0.19595103,0.21482259,0.20857473,0.2018973,0.17875436
0.17752813,0.19881152,0.20021392,0.2133102,0.21013625
0.18527502,0.21141647,0.21073644,0.2028133,0.18975879
0.18980816,0.21496925,0.21029897,0.20336227,0.18156137
0.19255692,0.21704951,0.20889826,0.20334506,0.17815031
0.19462937,0.21745378,0.20828867,0.20435022,0.17527795
0.17747556,0.1983567,0.19944072,0.21359338,0.21113372
0.18572998,0.21472631,0.20937142,0.20394601,0.18622631
0.18991688,0.21849667,0.20895204,0.20485595,0.1777785
0.1919214,0.22013877,0.20883514,0.20581175,0.1732929
0.1940601,0.22099906,0.20713232,0.20555255,0.17225593
0.17648368,0.19971132,0.19887179,0.21553686,0.20939638
0.19848602,0.21168564,0.18417962,0.22456461,0.18108414
0.20330055,0.20971882,0.18675177,0.21617131,0.18405752
0.20458105,0.20862058,0.18894698,0.21302146,0.18482995
0.20638353,0.20852567,0.1886158,0.21538353,0.18109149
0.20724544,0.20814279,0.18884785,0.21463744,0.18112649
0.19966787,0.2108883,0.18576013,0.22024518,0.18343855
0.2044804,0.20899719,0.18767673,0.21331942,0.1855263
0.20592235,0.20843281,0.18922889,0.21298079,0.18343511
0.20765835,0.20771457,0.18930812,0.21058202,0.1847369
0.20876108,0.20799501,0.18850172,0.21283555,0.18190664
0.20023535,0.2101785,0.18695128,0.2200338,0.18260106
0.20537564,0.20885825,0.18796879,0.21310169,0.18469569
0.20817076,0.20842369,0.18724087,0.21297064,0.18319409
0.2086717,0.2077551,0.18841606,0.21244732,0.18270983
0.20943221,0.2078179,0.18849076,0.21373138,0.18052778
0.20048667,0.20983899,0.18725199,0.21725574,0.18516654
0.20592627,0.20894869,0.18779047,0.21348368,0.18385084
0.20760223,0.2080445,0.18829724,0.21234392,0.18371211
0.20791493,0.20834142,0.18776703,0.21133693,0.18463969
0.20817865,0.20796776,0.18887196,0.21204318,0.18293844
0.19920862,0.2097291,0.18911964,0.21738721,0.18455546
0.20511222,0.20918196,0.18704052,0.21288773,0.18577752
0.20725825,0.20851287,0.18771733,0.2128259,0.18368563
0.207033,0.20835796,0.18859819,0.21060994,0.18540098
0.20781909,0.2075128,0.18945159,0.20930943,0.18590708
0.19941719,0.20968848,0.18792172,0.21736926,0.18560335
0.20360938,0.20879996,0.18921368,0.21287426,0.18550272
0.20536731,0.20871842,0.18837881,0.2119227,0.18561272
0.24725449,0.06203432,0.25361896,0.36069518,0.07639709
0.20727086,0.20792118,0.18921095,0.209646,0.185951
0.19848378,0.2095712,0.18874907,0.21520449,0.1879914
0.20362836,0.20873654,0.1885012,0.21056402,0.18856995
0.20447725,0.20817111,0.19063242,0.20853715,0.18818207
0.20658325,0.20792082,0.18966013,0.21019748,0.18563834
0.20629115,0.20779985,0.19006082,0.20890462,0.18694359
0.19830102,0.20956835,0.18966556,0.21638225,0.18608281
0.20289212,0.20837252,0.19070011,0.21031943,0.18771584
0.20443486,0.2077234,0.19124106,0.20870894,0.18789175
0.20504224,0.20719707,0.19230987,0.20800728,0.18744354
0.20595406,0.20782614,0.19065699,0.20907955,0.18648326
0.19724764,0.20915891,0.19066603,0.21340737,0.18952006
0.20261921,0.20822422,0.1910064,0.20915772,0.1889924
0.20422712,0.20828693,0.19042389,0.20778988,0.18927215
0.20431519,0.20744517,0.19265537,0.20643292,0.18915133
0.20471615,0.20770779,0.19249631,0.20743933,0.18764041
0.19828093,0.20901401,0.19028577,0.21388626,0.18853302
0.20162506,0.20828542,0.19219121,0.2087833,0.18911499
0.20315824,0.20752041,0.19329804,0.20784663,0.1881767
0.2036315,0.20726164,0.19399485,0.20670295,0.18840902
0.20450278,0.20740406,0.1928713,0.20632923,0.18889265
0.19084507,0.18649136,0.2392828,0.1772347,0.20614608
0.20730907,0.20654175,0.19254172,0.20817408,0.18543336
0.20731574,0.20637828,0.19243859,0.20671988,0.18714757
0.20643865,0.20633963,0.19393153,0.20551367,0.18777654
0.20514145,0.20635194,0.19466044,0.2039084,0.18993774
0.19705975,0.20870471,0.19017287,0.21375288,0.1903098
0.20136294,0.20767261,0.19325602,0.2070252,0.19068322
0.20291588,0.20747042,0.1933727,0.20756043,0.18868053
0.20313767,0.20690535,0.19494073,0.2050926,0.18992366
0.20316258,0.20703682,0.19446623,0.2050432,0.19029118
0.19620848,0.20841174,0.19199872,0.21313149,0.19024959
0.19943587,0.20751458,0.19514151,0.20627418,0.19163385
0.20165533,0.20675534,0.1961378,0.20372747,0.19172408
0.20350865,0.20714004,0.19470154,0.20661421,0.18803558
0.20385985,0.20708735,0.19465572,0.20611554,0.18828154
0.19574308,0.20832296,0.19258413,0.21222587,0.19112398
0.20010643,0.20783015,0.19365494,0.2067137,0.19169483
0.20189951,0.20693335,0.19578917,0.20636131,0.18901667
0.2028795,0.20675853,0.19563682,0.20480123,0.18992388
0.20325516,0.20643441,0.19630273,0.20453358,0.18947409
0.19606751,0.20804942,0.19309941,0.21159305,0.19119063
0.20032871,0.20731577,0.19441622,0.20534956,0.1925897
0.20208584,0.20658275,0.19618829,0.20467454,0.19046858
0.2042043,0.2063902,0.19491138,0.20381115,0.19068293
0.2042787,0.20615806,0.19548012,0.20317033,0.19091277
0.19681305,0.2075717,0.19336495,0.21125041,0.19099988
0.20140685,0.20712866,0.19383772,0.20673351,0.19089328
0.2022302,0.20638724,0.19590774,0.20387809,0.1915967
0.20386857,0.20624593,0.19596112,0.20478237,0.18914197
0.20437056,0.20645085,0.19494039,0.2047327,0.18950546
0.19576587,0.20726681,0.19477154,0.21044157,0.19175419
0.20094348,0.20659162,0.19579834,0.20479351,0.19187303
0.2034821,0.20585175,0.19639596,0.20395607,0.19031411
0.20422596,0.20592658,0.19656582,0.20303725,0.19024439
0.20409542,0.20643403,0.19581503,0.20379351,0.189862
0.19593674,0.20706987,0.19565506,0.20835479,0.1929835
0.20179994,0.20589574,0.19676684,0.20291187,0.19262566
0.20317882,0.20569192,0.1971308,0.20236681,0.19163162
0.20422266,0.20558079,0.19692667,0.20220913,0.19106075
0.20524414,0.20572999,0.19660708,0.20357977,0.18883899
0.19745074,0.20705058,0.19412605,0.2107568,0.19061583
0.2018197,0.20608853,0.19674762,0.20403105,0.1913131
0.2040171,0.20567511,0.19692416,0.20452847,0.18885511
0.20473571,0.20535909,0.1973844,0.20240873,0.1901121
0.20575006,0.20566724,0.19595289,0.20288992,0.18973985
0.1976742,0.20658322,0.19499354,0.20772536,0.19302365
0.20285627,0.20604278,0.19617441,0.2045372,0.19038934
0.20511809,0.2054973,0.19571656,0.20152375,0.19214429
0.20550999,0.20551349,0.1966697,0.20276006,0.18954675
0.2072322,0.20541249,0.19533554,0.20281528,0.18920448
0.19807684,0.20638223,0.19517487,0.2083193,0.19204675
0.20412044,0.20555621,0.19601628,0.20278959,0.19151752
0.20610625,0.20517701,0.19606744,0.20218691,0.19046243
0.20628303,0.20452024,0.19805188,0.2013714,0.1897734
0.20862386,0.20489584,0.19509733,0.20338067,0.1880023
0.19893412,0.20628875,0.19471088,0.2082926,0.19177362
0.20357053,0.20543495,0.1975843,0.20233452,0.19107573
0.20660783,0.20523497,0.19609337,0.20311965,0.18894416
0.2071441,0.20463341,0.19702451,0.20098336,0.1902146
0.20846707,0.20417407,0.19737622,0.20001024,0.18997239
0.20118916,0.20541608,0.19496638,0.20722122,0.19120711
0.20482054,0.20484924,0.19774789,0.20060164,0.19198069
0.2064768,0.20462358,0.19741079,0.19975239,0.1917365
0.20796746,0.20471057,0.19649194,0.20145935,0.18937065
0.20917146,0.20450377,0.19580999,0.20137565,0.18913911
0.2015691,0.20570089,0.19458926,0.20788637,0.19025442
0.20544842,0.20495744,0.1969221,0.20066608,0.1920059
0.20831983,0.20443393,0.19688766,0.20106605,0.18929256
0.20796719,0.2043161,0.19740301,0.20043735,0.18987638
0.2087591,0.2043469,0.19705062,0.19985949,0.18998386
0.2009794,0.20542604,0.19444266,0.20447083,0.1946811
0.20603831,0.20443307,0.19723123,0.19906658,0.1932308
0.20706435,0.20464213,0.19805504,0.20032674,0.18991175
0.20772895,0.20478395,0.19617984,0.20121522,0.19009203
0.20954676,0.2040343,0.19689803,0.19959593,0.18992499
0.20129505,0.20493582,0.19710551,0.20711069,0.18955289
0.20926784,0.20456484,0.19302347,0.20464532,0.18849851
0.20667239,0.2045155,0.19721185,0.20074657,0.19085373
0.2091535,0.2042914,0.19674012,0.20016627,0.18964872
0.2104976,0.20420724,0.19546662,0.20091847,0.18891005
0.2026139,0.20484743,0.1947085,0.2052515,0.19257866
0.20728126,0.20437211,0.19651303,0.200018,0.19181566
0.209369,0.20405038,0.19686039,0.20032328,0.1893969
0.21088576,0.20355093,0.19636545,0.20049846,0.18869935
0.2120788,0.20376332,0.19476977,0.20154962,0.18783844
0.20330536,0.2047032,0.19462866,0.20519993,0.19216284
0.20853747,0.20426662,0.19624542,0.20109399,0.18985648
0.21028747,0.20407197,0.1957277,0.20096114,0.1889517
0.21173696,0.2037038,0.19512098,0.19969663,0.18974164
0.21317571,0.20317757,0.19484678,0.199422,0.18937793
0.20313302,0.20438664,0.19696175,0.20519994,0.19031872
0.20805198,0.20347942,0.19774954,0.19901308,0.19170596
0.21092965,0.20344135,0.19665073,0.19968097,0.18929729
0.21190509,0.20340636,0.19653824,0.19994554,0.18820474
0.21232387,0.20330226,0.196883,0.2003057,0.18718514
0.20368412,0.20397255,0.1966205,0.20421883,0.19150402
0.20950541,0.20371543,0.1962323,0.2002532,0.19029367
0.21151818,0.2034756,0.19608974,0.19961752,0.18929894
0.21216682,0.20267256,0.19667357,0.19797042,0.1905166
0.2121455,0.20275559,0.19739833,0.19893467,0.18876588
0.2048613,0.20419914,0.19515821,0.20572866,0.1900527
0.21000929,0.20323354,0.1968632,0.20013137,0.18976262
0.21166335,0.20279278,0.19713035,0.19906911,0.18934444
0.21259949,0.2024918,0.19685274,0.19900091,0.18905504
0.21341412,0.20326799,0.19556423,0.19962645,0.18812722
0.20531946,0.20395257,0.19506472,0.20545176,0.1902115
0.21055123,0.20373766,0.19556428,0.20102845,0.18911836
0.21142311,0.20252989,0.19757725,0.19818202,0.19028774
0.2132534,0.20270057,0.19683525,0.19934238,0.18786839
0.21389504,0.20294525,0.19576141,0.19930638,0.18809193
0.20512629,0.20377795,0.19591716,0.20342255,0.19175608
0.2103058,0.20388854,0.19573589,0.20092727,0.18914248
0.21222715,0.20333979,0.19586562,0.20086004,0.18770745
0.21342674,0.20302303,0.19617003,0.2006783,0.18670188
0.21334994,0.20303914,0.19653039,0.1993637,0.18771681
0.20563768,0.20364298,0.1966778,0.20439261,0.18964894
0.21081895,0.20287481,0.19681656,0.19845606,0.19103365
0.21228318,0.20278977,0.19657108,0.1995355,0.18882045
0.21355885,0.20326024,0.19692466,0.20087533,0.18538094
0.21472262,0.20298363,0.19539286,0.20046023,0.18644065
0.20482448,0.20376976,0.1962354,0.20429653,0.19087385
0.2108171,0.20344196,0.19632356,0.20050405,0.18891333
0.21343821,0.20322491,0.19536626,0.20055267,0.18741794
0.21432555,0.20277488,0.19594975,0.19811799,0.18883185
0.21487464,0.20220456,0.1964896,0.19883616,0.18759507
0.20524196,0.20312329,0.19669376,0.20324247,0.1916985
0.2106752,0.2029986,0.19708417,0.19868186,0.19056016
0.21271674,0.20253061,0.197082,0.19950025,0.1881704
0.21360236,0.20211597,0.19722879,0.19710054,0.18995236
0.21412225,0.20329513,0.19578761,0.19956557,0.18722945
0.20502524,0.20311156,0.19736737,0.20261718,0.19187866
0.21225792,0.20333831,0.19550593,0.20107974,0.18781812
0.2129191,0.20350529,0.1956023,0.19968477,0.18828848
0.21493971,0.20289624,0.19552287,0.2001455,0.18649568
0.21467187,0.202683,0.19614172,0.19809088,0.18841256
0.2057701,0.20368017,0.19524743,0.20503348,0.1902688
0.21149595,0.20297344,0.19659702,0.19883186,0.1901017
0.21422987,0.20220324,0.1959241,0.1984386,0.18920419
0.21453944,0.20317261,0.19538215,0.19993202,0.18697378
0.21469606,0.2027889,0.19595905,0.19843552,0.18812045
0.2055281,0.20298786,0.1970282,0.20272754,0.19172832
0.2123006,0.20258172,0.19623023,0.19762874,0.1912587
0.21334028,0.203146,0.19659543,0.20023507,0.18668322
0.21437,0.20301037,0.19546495,0.19924384,0.1879109
0.21509695,0.2024181,0.19576922,0.19898853,0.18772718
0.20653938,0.20347045,0.19476742,0.20467582,0.19054691
0.21191561,0.20264642,0.19673982,0.19868398,0.19001414
0.21396424,0.20234093,0.19629867,0.19862352,0.1887727
0.21416444,0.20330702,0.19555704,0.19995095,0.18702057
0.21470174,0.2024735,0.19652653,0.19880693,0.1874913
0.2055523,0.20338973,0.19550963,0.20515975,0.1903886
0.21209505,0.20295024,0.19675362,0.20014593,0.18805517
0.2145521,0.20248169,0.1965717,0.1996917,0.18670282
0.21528831,0.20176783,0.19659194,0.19807798,0.18827389
0.21576345,0.20296477,0.19517861,0.19889018,0.18720305
0.20600063,0.20328373,0.19616148,0.20429473,0.19025947
0.2130835,0.20347148,0.19568013,0.20067473,0.18709014
0.21658552,0.2029833,0.19418254,0.2006471,0.18560153
0.21616066,0.20216292,0.19610657,0.19871587,0.18685403
0.21580616,0.20222016,0.19563416,0.19787043,0.18846908
0.20703918,0.2032821,0.1947295,0.2042767,0.19067253
0.21253024,0.20286603,0.1969223,0.20035394,0.18732752
0.21482997,0.20240757,0.19614665,0.19881217,0.18780361
0.2166636,0.20305006,0.19397865,0.19933686,0.18697083
0.21613413,0.20289527,0.19555189,0.19934063,0.18607806
0.20685503,0.20315985,0.19458893,0.20442176,0.19097447
0.21410078,0.202128,0.19545276,0.19864881,0.1896697
0.2155943,0.20267893,0.19564784,0.19847646,0.18760249
0.21683988,0.20271309,0.19423993,0.19989312,0.18631399
0.21765599,0.2021923,0.1941613,0.19832219,0.18766825
0.20729378,0.20326096,0.19430694,0.20563677,0.18950157
0.21384983,0.2027685,0.19541687,0.1995826,0.18838216
0.21581833,0.2023072,0.19503218,0.19815284,0.1886894
0.21681789,0.2035777,0.19353138,0.20065853,0.18541452
0.21692964,0.20252703,0.1947099,0.19832946,0.18750395
0.20675087,0.20285454,0.19514494,0.20330894,0.19194065
0.21349654,0.2023746,0.19600222,0.19761321,0.19051337
0.21634346,0.20278797,0.19481407,0.19894335,0.1871111
0.2171402,0.20239934,0.19416304,0.19978273,0.18651475
0.21667941,0.20210171,0.1948872,0.19754696,0.1887847
0.20834427,0.20338324,0.19252026,0.20574409,0.19000816
0.21450563,0.2030724,0.19471303,0.20065165,0.18705735
0.21715637,0.20227584,0.19407944,0.19848858,0.18799978
0.21758653,0.20300272,0.19426292,0.19938672,0.18576114
0.21714275,0.20308486,0.19450694,0.20047967,0.1847858
0.20690292,0.20331717,0.19505545,0.20455691,0.19016758
0.21463938,0.20289686,0.19471371,0.19938383,0.18836622
0.21636575,0.20301509,0.19449154,0.19915459,0.18697307
0.21673524,0.20255516,0.19462952,0.19941318,0.18666688
0.21735436,0.20291981,0.19434115,0.19956228,0.1858224
0.20655534,0.2030294,0.1945889,0.20375451,0.19207188
0.21433017,0.20286404,0.19510017,0.19919549,0.18851012
0.21677294,0.20230296,0.19401143,0.19779234,0.18912031
0.2172006,0.20332861,0.19378851,0.19995542,0.18572679
0.21733484,0.20297545,0.19420928,0.19898033,0.18650009
0.20726688,0.20312797,0.19420049,0.2048969,0.19050777
0.21457118,0.2025525,0.19479986,0.19885038,0.18922603
0.21678938,0.20316505,0.19383225,0.19837223,0.1878411
0.21718445,0.20382994,0.19358134,0.20054482,0.18485942
0.21782608,0.20318046,0.19396342,0.20001721,0.1850128
0.20691673,0.20329554,0.19413166,0.20499808,0.19065794
0.2151422,0.20302401,0.19442731,0.19996285,0.18744361
0.21686123,0.20232283,0.19468309,0.19816978,0.18796305
0.21703507,0.20321941,0.19442596,0.19973789,0.18558167
0.21750529,0.20243424,0.19490524,0.19852763,0.1866276
0.20754781,0.2033633,0.19341238,0.20591205,0.18976441
0.21488363,0.20399219,0.19356619,0.2012909,0.1862671
0.21677604,0.20345215,0.1940199,0.19991954,0.18583232
0.21778345,0.2031757,0.19430701,0.1998652,0.1848686
0.21754481,0.20336913,0.19394961,0.19999757,0.18513885
0.20730373,0.20328255,0.19400991,0.20492718,0.1904767
0.21481961,0.20337082,0.19446251,0.19963342,0.18771362
0.21642512,0.20275322,0.19499071,0.19842367,0.18740731
0.21769693,0.20361544,0.19316964,0.20015937,0.18535858
0.21832852,0.20229872,0.19477841,0.19777009,0.18682425
0.20791528,0.20288327,0.19446301,0.20516834,0.18957013
0.21418242,0.20313628,0.19497627,0.1991257,0.18857929
0.217973,0.20320573,0.1934546,0.2013511,0.18401559
0.2182208,0.20385,0.1929626,0.2008588,0.1841078
0.21775994,0.20396763,0.1936309,0.2001981,0.18444341
0.20677492,0.2032222,0.19387665,0.20516683,0.19095938
0.21485808,0.20378204,0.19441536,0.19990818,0.18703635
0.21670431,0.20326896,0.19374904,0.19882375,0.18745393
0.218088,0.2039374,0.19248086,0.20115158,0.18434219
0.21757077,0.20344864,0.19477218,0.1987487,0.1854597
0.20795836,0.20331414,0.19321962,0.20706503,0.18844281
0.21574089,0.20330876,0.19366188,0.20035201,0.18693645
0.21686451,0.20380229,0.19401553,0.20071691,0.1846008
0.2176039,0.20354636,0.19343331,0.20010658,0.18530987
0.21765271,0.20313837,0.19401997,0.19870262,0.18648633
0.20805678,0.20359194,0.19210292,0.20730123,0.18894707
0.21506995,0.20397188,0.19424464,0.20027462,0.18643892
0.217874,0.20349042,0.1935716,0.1998984,0.18516558
0.21787594,0.20404774,0.19293533,0.20150113,0.18363987
0.21954466,0.20384817,0.19181375,0.20093407,0.18385935
0.20801444,0.20371749,0.19173905,0.20606454,0.19046445
0.21573909,0.2034018,0.19337632,0.20028453,0.18719828
0.21702932,0.20352903,0.19328089,0.1988911,0.18726964
0.21804343,0.20415676,0.19256268,0.20083222,0.18440488
0.21842661,0.20339833,0.19323544,0.19997586,0.18496378
0.2078811,0.20339078,0.19228199,0.2056344,0.19081178
0.21534583,0.20343468,0.19325584,0.20023777,0.18772589
0.21832153,0.20364979,0.19282928,0.19992399,0.18527536
0.21743248,0.20318556,0.19393495,0.19897383,0.18647319
0.21878581,0.20369321,0.1932881,0.20019415,0.18403871
0.20690961,0.20349139,0.19287105,0.20678674,0.18994123
0.21541075,0.20418428,0.19268048,0.20158686,0.18613765
0.21824427,0.20327176,0.19326642,0.19918266,0.18603487
0.2181894,0.20410396,0.19346467,0.20080195,0.18344
0.21897936,0.20378701,0.19296263,0.19972296,0.18454799
0.20791596,0.20368807,0.19140744,0.20762855,0.18935996
0.21705025,0.2039658,0.19239031,0.20241544,0.18417819
0.21846586,0.20422795,0.19231798,0.20143364,0.18355455
0.21923721,0.20405504,0.19220644,0.2005095,0.18399179
0.21996228,0.20365834,0.19171545,0.19977492,0.184889
0.20781653,0.20372151,0.19177777,0.20633262,0.19035158
0.216778,0.20405717,0.19224575,0.20193207,0.18498705
0.21838996,0.20409942,0.1916973,0.20088366,0.18492964
0.21901484,0.20342417,0.19283254,0.19966953,0.18505895
0.22013494,0.20434788,0.19153489,0.20184286,0.1821394
0.20787312,0.20338954,0.19269864,0.20612913,0.18990958
0.2165553,0.2041804,0.1917334,0.20169842,0.18583246
0.21835487,0.20463468,0.19133186,0.20191413,0.18376447
0.21967046,0.20356217,0.19221751,0.20056824,0.18398158
0.21876727,0.20374826,0.1929447,0.1987409,0.18579888
0.20906915,0.20372654,0.19138405,0.2078692,0.18795103
0.21652518,0.20477633,0.19150263,0.20309317,0.18410271
0.21798526,0.20439535,0.19181405,0.20181006,0.18399529
0.21936083,0.20332147,0.19231056,0.20038368,0.18462344
0.22069459,0.20444952,0.19034183,0.20103164,0.18348238
0.2087154,0.20385349,0.19044594,0.20823824,0.18874696
0.21517426,0.2041485,0.19299042,0.20040342,0.18728335
0.21755397,0.20401464,0.19221604,0.20079245,0.18542294
0.21880405,0.20442489,0.1920879,0.20069228,0.18399085
0.21943359,0.20388405,0.19204134,0.20010504,0.18453597
0.20900844,0.20359316,0.19119793,0.206602,0.18959849
0.21550114,0.20411421,0.19224422,0.20045705,0.18768334
0.21836405,0.20465781,0.19204599,0.20277129,0.18216091
0.21955892,0.20420015,0.1913084,0.2014226,0.18350998
0.21955813,0.20377254,0.19195798,0.19908091,0.18563044
0.20823619,0.20417815,0.1900187,0.20890951,0.18865748
0.21526909,0.2047324,0.19235311,0.20275961,0.18488576
0.21861726,0.20461702,0.19067179,0.20195742,0.18413651
0.21876772,0.20378229,0.1924335,0.19965488,0.18536165
0.22026116,0.20462906,0.19006771,0.20111041,0.18393166
0.2075781,0.2039947,0.19046102,0.20769617,0.19026999
0.21487887,0.20475459,0.19231921,0.20118022,0.1868671
0.2174569,0.20440769,0.19185218,0.20094094,0.18534227
0.21969345,0.20432952,0.19105734,0.20133363,0.18358608
0.21919586,0.20464294,0.19093919,0.20011424,0.18510783
0.20854463,0.2039915,0.18987536,0.20785205,0.1897364
0.21531525,0.20505366,0.19183537,0.2029842,0.18481156
0.21812178,0.20480053,0.19127643,0.2017382,0.18406308
0.21868801,0.2043662,0.19117934,0.2003662,0.18540023
0.21831803,0.2038085,0.19327244,0.20049208,0.18410891
0.20740037,0.20385213,0.19026507,0.20716557,0.19131686
0.21578647,0.2050822,0.1913031,0.20210584,0.18572237
0.2188431,0.20474368,0.19003934,0.20220898,0.18416488
0.21829258,0.20386961,0.1920598,0.19976701,0.18601103
0.21975432,0.2046095,0.19071755,0.20151305,0.18340565
0.20714602,0.20393366,0.19086416,0.20835234,0.18970387
0.21566927,0.20453383,0.19217701,0.20122214,0.18639776
0.21715379,0.20457424,0.19188799,0.20101568,0.18536834
0.21817991,0.20398134,0.19171745,0.20105025,0.18507102
0.21940722,0.20482579,0.19062991,0.20069286,0.18444422
0.2069745,0.20398504,0.18970917,0.20812772,0.19120355
0.21492222,0.20490123,0.19123805,0.2015595,0.18737903
0.21764487,0.20490567,0.19070181,0.20112517,0.18562247
0.21943018,0.20561662,0.18914713,0.202429,0.18337706
0.21904317,0.2047047,0.19086197,0.20099735,0.18439282
0.20752364,0.20373027,0.1898601,0.20784688,0.19103907
0.21551369,0.20579728,0.19066276,0.20312387,0.18490234
0.21743414,0.20541884,0.19075824,0.20248394,0.18390486
0.21976054,0.20549917,0.18795717,0.20301878,0.18376437
0.21914877,0.20478514,0.18979645,0.20269065,0.18357897
0.20719394,0.20417514,0.1895704,0.20918952,0.189871
0.21522525,0.20549059,0.19083868,0.20252055,0.18592492
0.21744293,0.20537551,0.19081251,0.20160209,0.18476695
0.21950924,0.2047023,0.18931283,0.20192575,0.18454984
0.21972463,0.20570828,0.18895184,0.2038248,0.18179046
0.20797598,0.20465288,0.18712057,0.21145105,0.1887995
0.21471424,0.20550372,0.19103195,0.2031252,0.18562487
0.21541725,0.20542784,0.19189204,0.20220684,0.18505594
0.21787925,0.20591548,0.189949,0.2029882,0.18326809
0.21874778,0.20596358,0.1888795,0.20327419,0.18313488
0.20700818,0.20470284,0.18715735,0.21012518,0.19100647
0.21453233,0.20626695,0.19053823,0.2044113,0.18425122
0.21608552,0.20677218,0.19033606,0.20352598,0.18328024
0.21735722,0.20580992,0.19027232,0.20156409,0.18499647
0.21955034,0.20640308,0.18937334,0.20254406,0.18212917
0.20551275,0.20449854,0.18960527,0.20995736,0.1904261
0.21437745,0.20628203,0.19025202,0.20369302,0.18539546
0.21736811,0.205812,0.19036485,0.20253633,0.18391873
0.21746749,0.20574637,0.19061188,0.20284735,0.18332696
0.2202426,0.20662627,0.18715583,0.20351888,0.1824564
0.2058189,0.20471832,0.18825607,0.2109894,0.19021724
0.21352954,0.2063865,0.19087933,0.20381474,0.18538989
0.21685535,0.20618634,0.18948258,0.20340158,0.1840742
0.2174091,0.20691012,0.18925256,0.20445164,0.18197659
0.21870238,0.20643504,0.18899527,0.2031853,0.18268201
0.20625311,0.20511952,0.18721677,0.21131156,0.19009906
0.21372432,0.20627278,0.19032317,0.2039986,0.18568112
0.21702635,0.20674655,0.1896926,0.2043413,0.1821932
0.21898368,0.20605008,0.18799978,0.20375678,0.18320966
0.21900338,0.205355,0.18928559,0.2022536,0.18410248
0.20694858,0.20458381,0.18773754,0.20984718,0.19088288
0.2142228,0.20670848,0.1900133,0.20541286,0.18364255
0.21616293,0.20654526,0.18936461,0.20417504,0.18375209
0.21706562,0.20671333,0.18977933,0.20332596,0.1831158
0.21841986,0.20635308,0.18926479,0.20326546,0.1826968
0.20581783,0.20503363,0.18714255,0.21248585,0.18952014
0.2130057,0.20679574,0.18981318,0.20397793,0.18640743
0.21634784,0.2069465,0.1881887,0.20420039,0.1843166
0.2184083,0.20739189,0.18701367,0.2062672,0.18091892
0.21854791,0.20713757,0.18708113,0.204649,0.18258435
0.20557939,0.20480002,0.1873193,0.21167251,0.19062878
0.21358751,0.20761022,0.18851088,0.20700873,0.18328266
0.2162511,0.20680481,0.18825445,0.20471503,0.18397464
0.21774422,0.20692877,0.18771331,0.20483114,0.18278258
0.21842906,0.20661624,0.18697181,0.20388944,0.18409346
0.20562431,0.20547052,0.18539385,0.21388261,0.18962876
0.21259436,0.20789808,0.18890351,0.20513748,0.18546656
0.21588093,0.20708816,0.18881659,0.2040644,0.18414988
0.21787506,0.20658275,0.18798418,0.20404264,0.18351533
0.21907741,0.20750697,0.18751173,0.20494613,0.18095773
0.20607758,0.20519994,0.1864894,0.21168126,0.1905518
0.21379295,0.20691644,0.189004,0.2042776,0.186009
0.21640027,0.20709263,0.18799938,0.20417768,0.18433
0.21902554,0.20746884,0.18594643,0.2050912,0.18246804
0.21923903,0.20689952,0.18644601,0.20383616,0.18357931
0.20580882,0.20500836,0.18567713,0.21198063,0.19152506
0.21465938,0.20710804,0.18827854,0.20595102,0.18400308
0.21757841,0.20744918,0.1861386,0.2055901,0.18324368
0.21803835,0.20663805,0.18708272,0.20411848,0.1841224
0.21940556,0.20789191,0.18501885,0.20549765,0.18218604
0.20683402,0.20550151,0.1833932,0.21447326,0.18979797
0.21362251,0.20712559,0.18739922,0.20534086,0.18651178
0.21557996,0.20703243,0.18823886,0.20418152,0.1849673
0.21758905,0.20780319,0.18691169,0.20577535,0.1819207
0.21882883,0.2067029,0.1868601,0.2030069,0.1846013
0.20608634,0.20538908,0.18414328,0.21282059,0.1915607
0.21392371,0.2083058,0.1859062,0.2069409,0.18492338
0.217445,0.20818253,0.18544273,0.2069237,0.18200605
0.21867494,0.20749284,0.1855994,0.20566987,0.18256299
0.21782061,0.20737743,0.18613341,0.20446591,0.18420267
0.2061446,0.20577937,0.18323112,0.21519904,0.18964586
0.21359299,0.20833884,0.18584312,0.2076003,0.18462473
0.2168892,0.20819117,0.18538909,0.20598781,0.18354274
0.21783847,0.207723,0.18512586,0.20601654,0.18329616
0.21921268,0.20843998,0.18493532,0.20691495,0.18049708
0.2053446,0.2057885,0.18392804,0.21346277,0.1914761
0.21522532,0.20839213,0.18565938,0.20749402,0.18322915
0.2175229,0.208245,0.18541639,0.20559078,0.18322495
0.21877137,0.20828733,0.18496254,0.2059787,0.18200001
0.21921088,0.20827498,0.18405864,0.20640261,0.18205287
0.20413993,0.20645906,0.18244252,0.21595995,0.19099855
0.21052188,0.20857324,0.18620068,0.20804778,0.18665642
0.21433654,0.20863846,0.18618858,0.2074104,0.18342602
0.21647897,0.20869927,0.18619017,0.20582879,0.18280278
0.2156776,0.20872651,0.18575725,0.20660692,0.18323174
0.20450936,0.20636818,0.18262419,0.21550705,0.19099121
0.21232891,0.20928389,0.18615735,0.20870012,0.18352975
0.21464427,0.20899042,0.18567048,0.20777935,0.18291548
0.21620047,0.20890385,0.18514794,0.20688193,0.18286581
0.2174178,0.20860647,0.18400338,0.206313,0.18365934
0.20592843,0.2062433,0.18220872,0.21532148,0.19029807
0.2127546,0.20911053,0.1853377,0.20753641,0.18526073
0.21550947,0.20870064,0.18494658,0.2069996,0.18384369
0.218149,0.20902552,0.18367268,0.20768975,0.18146305
0.21820028,0.20921691,0.18312222,0.20742427,0.1820363
0.20544489,0.20574816,0.18256736,0.21434154,0.19189805
0.21402963,0.21008645,0.18305913,0.21042119,0.18240361
0.21639308,0.20877679,0.18371798,0.20810315,0.18300897
0.21850143,0.20934601,0.18204042,0.20886788,0.18124428
0.21786,0.20918703,0.18301788,0.20794049,0.18199457
0.2052418,0.20647171,0.18105696,0.21510385,0.19212565
0.2127945,0.20974031,0.1845753,0.2084182,0.18447168
0.21730797,0.20937583,0.18321069,0.20696992,0.18313558
0.21737616,0.20931064,0.18341328,0.20775971,0.18214016
0.21910724,0.2100008,0.18220828,0.20830391,0.18037981
0.2057057,0.20690326,0.18031031,0.21775873,0.18932196
0.21361496,0.21026741,0.18319258,0.2094232,0.18350185
0.21556664,0.20907758,0.18454656,0.20799994,0.18280931
0.217339,0.21014637,0.18263833,0.20846538,0.18141091
0.21906266,0.2093594,0.18127775,0.20845015,0.18185006
0.20645288,0.20622465,0.17983459,0.2148915,0.19259639
0.21459472,0.20925483,0.18268856,0.20843506,0.1850268
0.21642274,0.20941882,0.18331107,0.20756154,0.18328588
0.21803373,0.20934273,0.18189973,0.20841496,0.18230884
0.21922883,0.20869537,0.18230338,0.2077638,0.18200856
0.20719025,0.20713417,0.1769337,0.2177755,0.1909664
0.21261756,0.20979674,0.18399829,0.20907755,0.18450989
0.21595469,0.2101966,0.18190022,0.20955102,0.18239748
0.21687621,0.20935921,0.18226144,0.20735516,0.18414798
0.2186269,0.21029697,0.1816371,0.2085653,0.18087374
0.20590122,0.20641059,0.1796363,0.21604048,0.19201142
0.21355866,0.21024035,0.18277365,0.20906928,0.18435805
0.21504919,0.21061425,0.18255426,0.20892948,0.18285283
0.21712305,0.21008036,0.1817833,0.20880222,0.18221106
0.2170045,0.20944458,0.1828303,0.20828499,0.18243562
0.20627077,0.20697916,0.17800818,0.21856652,0.19017531
0.21247888,0.20945002,0.18237938,0.20915876,0.18653294
0.21542405,0.21027437,0.18294963,0.20799951,0.18335246
0.2163047,0.20959511,0.18276386,0.20815292,0.18318339
0.21689616,0.20934956,0.181299,0.20810059,0.1843547
0.20641777,0.2072751,0.17697908,0.2196927,0.18963537
0.21237102,0.20958826,0.18367764,0.20935644,0.18500663
0.21416005,0.20999573,0.18291843,0.20848736,0.18443845
0.21546467,0.21131366,0.18172511,0.20978938,0.18170719
0.21709542,0.21087989,0.18083721,0.21027598,0.18091147
0.20594876,0.2068519,0.17721546,0.21777155,0.19221234
0.21225083,0.21058851,0.18101795,0.21035054,0.18579212
0.2142588,0.21153109,0.18084668,0.2110401,0.18232332
0.21597438,0.20981601,0.1809751,0.20891134,0.18432319
0.21660654,0.20952669,0.18119583,0.20860292,0.18406804
0.20508826,0.20703252,0.17749919,0.218263,0.19211702
0.21080025,0.2102104,0.18291518,0.20991845,0.18615568
0.21326199,0.21068722,0.18308446,0.2097137,0.18325263
0.21598041,0.21041632,0.1813699,0.20944136,0.18279204
0.21703976,0.20934317,0.18112104,0.20853797,0.18395804
0.20639245,0.20754379,0.17489927,0.21977217,0.1913923
0.21235722,0.21140228,0.18021935,0.21254951,0.18347162
0.21436192,0.21017808,0.18133943,0.2101244,0.18399617
0.21554945,0.20932926,0.18115686,0.20900114,0.18496329
0.21631613,0.209353,0.18050037,0.20888208,0.1849484
0.206294,0.20760572,0.17520797,0.21960898,0.19128338
0.21204732,0.2108976,0.18021879,0.21186545,0.18497087
0.21297444,0.21076056,0.18111484,0.2099641,0.185186
0.21394536,0.21184167,0.1803623,0.21231382,0.18153685
0.21758506,0.21145824,0.1786221,0.2120126,0.18032196
0.20585372,0.20766978,0.17470998,0.22039698,0.19136956
0.21124749,0.21092755,0.18089832,0.21147251,0.18545412
0.21479242,0.21135914,0.17933525,0.21158238,0.18293077
0.21615954,0.21058375,0.18009311,0.21017884,0.18298478
0.21682632,0.21079351,0.17888345,0.21149464,0.18200207
0.20597158,0.20784439,0.17364164,0.22166465,0.19087777
0.21041936,0.21183987,0.18040599,0.2133735,0.18396124
0.21282521,0.21154042,0.18035692,0.21204674,0.18323068
0.21455732,0.21088623,0.17924237,0.21147594,0.18383811
0.21605264,0.21024461,0.1786949,0.21085654,0.18415128
0.20570616,0.20793656,0.17493072,0.22082151,0.19060501
0.21057674,0.21137503,0.17999779,0.21264285,0.18540756
0.21353364,0.2106731,0.17978027,0.21130839,0.18470459
0.21471076,0.2101114,0.17921332,0.21135163,0.18461289
0.21588899,0.20967983,0.17781319,0.21085286,0.18576512
0.20577672,0.20801482,0.17313507,0.22128573,0.19178766
0.21041356,0.21098237,0.1797126,0.21238202,0.18650943
0.21244963,0.20983614,0.18050292,0.21099734,0.18621399
0.21463788,0.21236415,0.17804462,0.21355644,0.18139687
0.215148,0.21206786,0.17728181,0.21353889,0.18196341
0.20457645,0.20753445,0.17390831,0.22106859,0.19291218
0.21041706,0.21132529,0.18015759,0.21243818,0.18566187
0.21232903,0.21233243,0.1788229,0.21355864,0.18295704
0.21410197,0.21244153,0.17755115,0.21288048,0.18302481
0.21513712,0.21244057,0.17691122,0.21387893,0.18163215
0.20464715,0.20816164,0.17333394,0.22187069,0.19198655
0.21035598,0.21155205,0.17851625,0.21438402,0.18519168
0.21346438,0.2121017,0.17768194,0.21345761,0.18329434
0.2132364,0.21150725,0.17840302,0.21259952,0.18425381
0.21513669,0.21077777,0.17819306,0.21221742,0.18367502
0.20516531,0.2084059,0.17154902,0.22302987,0.19184995
0.20979768,0.21292377,0.1780051,0.21542634,0.18384711
0.21302322,0.21100283,0.17703083,0.21348985,0.18545325
0.21296224,0.21149997,0.17862596,0.21299212,0.18391973
0.21546835,0.21157116,0.17570376,0.21449697,0.1827598
0.20434184,0.20749858,0.17248648,0.22283879,0.19283427
0.20945732,0.21307738,0.1775299,0.21542586,0.18450955
0.21106836,0.21172506,0.17854571,0.21380176,0.1848591
0.21365994,0.21181281,0.17660064,0.21474025,0.18318638
0.21443416,0.21095484,0.17619106,0.21440706,0.18401287
0.20433465,0.20813262,0.17147553,0.22263962,0.19341756
0.20994867,0.21291752,0.17630407,0.21637164,0.18445806
0.21233355,0.21184787,0.1764095,0.21430501,0.18510406
0.2129922,0.21137495,0.1763408,0.21408579,0.18520622
0.21442175,0.2135619,0.17559786,0.2153347,0.18108374
0.20488374,0.20882317,0.17003846,0.22501275,0.19124188
0.21109276,0.21214959,0.1760948,0.21562694,0.18503588
0.21385977,0.21371216,0.17418401,0.21625862,0.18198545
0.21358068,0.21431816,0.1744396,0.21695969,0.18070184
0.21477449,0.21345764,0.17481412,0.21618941,0.18076433
0.20554984,0.20840187,0.16901048,0.22461185,0.19242598
0.20943256,0.21169347,0.17604384,0.2154957,0.18733443
0.2124901,0.21358494,0.17417401,0.21701106,0.18273996
0.21271434,0.21370177,0.1743894,0.21688724,0.18230724
0.21418466,0.21311678,0.17338116,0.21621217,0.18310519
0.20576265,0.20851906,0.16964348,0.22530869,0.19076616
0.20988087,0.21412428,0.17398779,0.21845846,0.18354857
0.21249157,0.21319386,0.17469406,0.21664113,0.18297935
0.21304536,0.21216863,0.17474055,0.21587476,0.18417068
0.21461372,0.21240933,0.17221275,0.21694706,0.18381715
0.2050475,0.20828658,0.16852172,0.22577474,0.19236942
0.20991287,0.21328275,0.17362697,0.21788135,0.18529607
0.21186839,0.21201639,0.1747983,0.21665792,0.18465902
0.21225859,0.21106578,0.17459625,0.21596287,0.18611646
0.21334842,0.21200934,0.17334798,0.21732262,0.18397164
0.20480531,0.20781462,0.16832842,0.2255047,0.19354697
0.20965067,0.21248475,0.1733051,0.21755145,0.18700805
0.21063033,0.2117987,0.17451201,0.21689531,0.18616362
0.21219838,0.21105158,0.17371826,0.21714951,0.18588227
0.21526952,0.21329418,0.17160973,0.21748188,0.18234469
0.20406784,0.20813516,0.1678064,0.22707862,0.19291203
0.2086979,0.21210259,0.17403707,0.21708266,0.18807974
0.21166612,0.2119887,0.1727575,0.21797079,0.18561687
0.21244071,0.20986663,0.17317337,0.21707967,0.18743964
0.2126415,0.21066752,0.17228891,0.21734004,0.187062
0.20414436,0.20879999,0.16687857,0.22704618,0.19313088
0.20805955,0.21175472,0.17400606,0.21824649,0.18793319
0.21078879,0.21405418,0.17267835,0.21906479,0.18341385
0.21219942,0.21375538,0.17135324,0.21945074,0.18324122
0.2125146,0.21350707,0.1713313,0.2185794,0.18406764
0.20428452,0.20827565,0.16682757,0.22764035,0.19297193
0.20920995,0.21405636,0.17320433,0.21863812,0.18489125
0.21064432,0.21406832,0.1718343,0.21968849,0.18376455
0.21196339,0.21341825,0.17187394,0.22003435,0.1827101
0.21228558,0.21389426,0.17107691,0.22067653,0.18206671
0.20493445,0.2076024,0.16548607,0.22721475,0.19476233
0.20890824,0.21406496,0.17157938,0.22075756,0.18468985
0.20995432,0.21394843,0.17125216,0.21910903,0.18573605
0.21133982,0.2136697,0.1706793,0.2203794,0.18393181
0.21228737,0.21339296,0.1703496,0.2203359,0.18363416
0.20402186,0.20854303,0.16516577,0.22901268,0.19325663
0.20815894,0.2138197,0.17164342,0.22083344,0.18554452
0.20937644,0.21359329,0.17154343,0.22034615,0.18514076
0.21127911,0.2125626,0.17060769,0.22100231,0.1845483
0.21149473,0.21343535,0.17066775,0.22021316,0.18418898
0.20391722,0.20895346,0.16443487,0.2298338,0.19286066
0.19362463,0.18695332,0.2079995,0.21405001,0.19737254
0.19929644,0.19264232,0.20078251,0.20945667,0.19782206
0.20297363,0.18820783,0.20333673,0.20901838,0.19646344
0.20450322,0.19059995,0.20110965,0.20996732,0.19381987
0.20667928,0.1884891,0.20177141,0.20980108,0.19325916
0.19892755,0.18876317,0.20469129,0.21155404,0.19606395
0.20478594,0.19161552,0.19885512,0.21021953,0.19452386
0.20661525,0.19301699,0.19708568,0.20894538,0.19433668
0.20716727,0.19211692,0.19839942,0.20788191,0.1944345
0.20875543,0.19230781,0.19738713,0.2084328,0.19311681
0.20124549,0.19541046,0.19666561,0.21340048,0.19327794
0.20622545,0.1970528,0.19333747,0.21049693,0.19288732
0.20846893,0.19334216,0.19564837,0.20801206,0.19452849
0.20886263,0.19667974,0.19350405,0.20948166,0.19147192
0.208773,0.19800918,0.19217014,0.20826414,0.19278352
0.20251684,0.19526021,0.19680274,0.21178867,0.19363156
0.20696789,0.19859806,0.19112341,0.20820487,0.19510578
0.20875554,0.19750358,0.1917312,0.20765379,0.19435592
0.20934609,0.1994827,0.19056797,0.20847307,0.19213016
0.21082228,0.19608757,0.19228633,0.20711316,0.19369066
0.20238099,0.19774008,0.19521129,0.21079852,0.19386911
0.20734851,0.20090374,0.18913391,0.20837383,0.19424003
0.20880349,0.19868211,0.19130836,0.20755313,0.1936529
0.20995562,0.19701579,0.19250126,0.20810318,0.1924242
0.20981161,0.1967707,0.19329591,0.20635447,0.19376732
0.2015673,0.20121872,0.1927021,0.2096032,0.19490868
0.20718928,0.19760936,0.19369286,0.20662323,0.19488527
0.20748337,0.19919248,0.19349064,0.20671047,0.1931231
0.20865849,0.19832855,0.19336976,0.20443755,0.19520563
0.21023628,0.19737118,0.19295716,0.20512494,0.19431043
0.20149381,0.20171939,0.19300798,0.20799838,0.19578046
0.20773764,0.19951734,0.1918404,0.20638537,0.19451924
0.20759694,0.2015645,0.1923609,0.20511791,0.19335976
0.20761658,0.20218812,0.19177309,0.20551047,0.19291177
0.20775335,0.20076539,0.19329901,0.20327467,0.19490764
0.20093037,0.20417328,0.19028915,0.20960215,0.195005
0.20500968,0.20439743,0.1890712,0.20686239,0.19465932
0.20653974,0.2029419,0.1904151,0.20552625,0.19457702
0.20775564,0.20150904,0.1918188,0.20564899,0.19326748
0.20787035,0.2024241,0.19150475,0.20540346,0.19279732
0.19968323,0.2041061,0.19176781,0.20751674,0.19692606
0.20456983,0.20216222,0.19219115,0.20420124,0.19687557
0.20613298,0.20316069,0.19039394,0.20444822,0.19586419
0.20777163,0.20409204,0.18899107,0.20587523,0.19327007
0.20713536,0.20211232,0.1920715,0.2041523,0.1945285
0.19867453,0.20394197,0.19280663,0.2072225,0.19735433
0.20331961,0.2038525,0.1915661,0.20460446,0.1966573
0.20331942,0.2026612,0.19520023,0.20232718,0.19649194
0.20580217,0.202328,0.19332877,0.20380351,0.19473755
0.20581344,0.20305397,0.19388342,0.20351642,0.19373271
0.19761121,0.20526929,0.19220933,0.20742585,0.19748431
0.20184092,0.20313711,0.19389431,0.20343749,0.19769019
0.20280224,0.2047619,0.19299904,0.20534307,0.19409378
0.20401576,0.20472038,0.19214189,0.20552003,0.19360197
0.20420758,0.20321774,0.1940297,0.20307016,0.19547482
0.19652948,0.2054895,0.19294174,0.20748778,0.19755153
0.20090741,0.20336469,0.19472848,0.20235541,0.19864403
0.2028004,0.20357561,0.19459495,0.20406295,0.19496612
0.20439665,0.20332527,0.19393492,0.20352331,0.19481982
0.20544142,0.20322661,0.1934709,0.20494151,0.19291955
0.19702019,0.20569023,0.19204696,0.20876808,0.19647451
0.20010464,0.2040628,0.19525923,0.2028546,0.19771872
0.20162809,0.20348182,0.19592425,0.20100352,0.19796233
0.20276645,0.20289041,0.19674325,0.2025395,0.19506036
0.20321643,0.20170233,0.19864194,0.20043252,0.19600675
0.19528338,0.20585471,0.19470447,0.20663966,0.1975178
0.19963472,0.20370327,0.19657831,0.20296474,0.19711897
0.20227006,0.20313738,0.1968697,0.20213887,0.195584
0.20288016,0.20301448,0.19784524,0.20171721,0.1945429
0.20394348,0.2014974,0.19903286,0.20046815,0.19505817
0.19417387,0.20521906,0.19731633,0.20524208,0.19804864
0.19994609,0.20337325,0.19687764,0.20197248,0.1978305
0.20186344,0.202189,0.19850253,0.20096746,0.19647756
0.2015908,0.20320857,0.19846094,0.20056364,0.19617602
0.20240925,0.2014924,0.20031765,0.19947016,0.19631052
0.19357733,0.2046664,0.19731665,0.20584995,0.19858962
0.19921255,0.20343538,0.19835044,0.20163612,0.19736552
0.20262752,0.20197509,0.1986393,0.2013535,0.1954046
0.20473516,0.20082068,0.19934066,0.20090458,0.19419892
0.2051009,0.20059069,0.19977203,0.20088731,0.19364904
0.19597317,0.20474824,0.19597673,0.20852484,0.19477706
0.19970477,0.20309784,0.19862433,0.20149894,0.19707415
0.20275998,0.20026289,0.20124166,0.19854356,0.19719194
0.20415796,0.1994811,0.20166512,0.198052,0.19664386
0.20684317,0.19945067,0.19880001,0.19968548,0.19522071
0.19748266,0.20334245,0.19609624,0.2088575,0.1942211
0.20174229,0.2029042,0.19712928,0.20229253,0.19593175
0.20282005,0.19996575,0.2019218,0.19814608,0.19714637
0.2044905,0.19864608,0.20293927,0.19647829,0.19744587
0.20619217,0.19771805,0.2016067,0.19791232,0.19657075
0.19591457,0.20127559,0.2003962,0.2043441,0.19806959
0.20045453,0.20065115,0.20138918,0.19939089,0.19811423
0.2044038,0.19983663,0.20121747,0.19927932,0.19526279
0.20644929,0.19834779,0.20141122,0.19699024,0.1968015
0.20623405,0.1968924,0.20440707,0.19600864,0.19645782
0.19760385,0.20260935,0.19761725,0.20577076,0.19639878
0.20129254,0.20068474,0.2012028,0.19688646,0.19993341
0.20534942,0.19932123,0.2023619,0.19814928,0.1948182
0.20811461,0.19630383,0.20329048,0.19726394,0.19502711
0.20838583,0.19617124,0.2035228,0.19641256,0.19550757
0.197634,0.20172817,0.19984952,0.20536071,0.19542758
0.20241092,0.20108365,0.20090923,0.19877303,0.19682316
0.20626745,0.19844702,0.20197771,0.19769809,0.19560972
0.20721428,0.19708961,0.20340401,0.19536729,0.19692479
0.20831741,0.19590707,0.20487158,0.19416746,0.19673645
0.19805236,0.20110987,0.20055155,0.20344844,0.19683778
0.20381083,0.19939679,0.20271656,0.1972076,0.1968682
0.20577511,0.1969709,0.20518792,0.19523261,0.19683345
0.20754336,0.1964017,0.20572728,0.19413856,0.19618917
0.20972018,0.19573413,0.20501046,0.19450717,0.195028
0.19806163,0.20139855,0.20075192,0.20372717,0.19606072
0.20442207,0.19803937,0.2043227,0.19647615,0.19673967
0.20621666,0.19783089,0.20481539,0.19505118,0.19608586
0.20840335,0.19557916,0.20563899,0.19436274,0.19601572
0.208436,0.1959261,0.2068976,0.19303413,0.19570622
0.19815455,0.2010317,0.20121558,0.2025277,0.1970705
0.20483983,0.19869946,0.20299804,0.19546925,0.1979934
0.20767033,0.19591528,0.20516932,0.19289671,0.19834828
0.2082515,0.19521433,0.2066898,0.19246437,0.19737998
0.20909245,0.19604687,0.20665403,0.19343747,0.1947692
0.19852519,0.20097935,0.20117249,0.20395201,0.19537094
0.20378104,0.19841447,0.20558819,0.19549201,0.19672424
0.20727192,0.19577402,0.20721626,0.19322993,0.19650784
0.20850834,0.19585945,0.20714612,0.1935272,0.19495884
0.20737442,0.19505483,0.20826066,0.1923014,0.19700871
0.19799607,0.2004974,0.20218319,0.2018759,0.19744746
0.20408033,0.1971043,0.20671892,0.19226977,0.19982672
0.20683782,0.19499937,0.20723347,0.19232188,0.19860744
0.20793398,0.19395545,0.20733175,0.19192016,0.19885865
0.20813636,0.1940256,0.20801051,0.19136901,0.19845854
0.19721751,0.20141056,0.20226076,0.20271772,0.19639343
0.20330091,0.19768134,0.20762387,0.19267835,0.19871551
0.20774402,0.19401921,0.20694348,0.19287446,0.19841887
0.20919049,0.19137004,0.20859891,0.19091947,0.19992107
0.20698132,0.19483662,0.2089562,0.19164716,0.19757873
0.19731732,0.20112467,0.20185584,0.20398797,0.1957142
0.20366953,0.19622019,0.20788717,0.19307095,0.19915213
0.20642118,0.19376975,0.20931578,0.19099373,0.1994995
0.20833977,0.19046219,0.21036774,0.18922068,0.20160958
0.207691,0.19304624,0.21000154,0.19023715,0.19902407
0.1967323,0.2002519,0.20325333,0.20159103,0.19817142
0.20437111,0.19505328,0.20856352,0.1918732,0.20013893
0.20733643,0.19320802,0.20979306,0.1902046,0.19945785
0.2094042,0.19141303,0.21028441,0.1896627,0.19923572
0.20806754,0.19350113,0.21099591,0.18964867,0.19778678
0.19615574,0.20063044,0.20296004,0.20126997,0.1989838
0.20379917,0.19608961,0.20947525,0.19061007,0.20002589
0.20727152,0.19280788,0.2106158,0.1901447,0.19916011
0.20804398,0.19087832,0.21173497,0.18749668,0.20184608
0.20756762,0.1919035,0.2119957,0.18684702,0.20168617
0.19549204,0.20090955,0.20372574,0.20259827,0.19727436
0.20332146,0.19549723,0.21122581,0.18984096,0.20011458
0.20714039,0.19121148,0.21202385,0.18699865,0.20262562
0.20896411,0.18871035,0.21256502,0.18646777,0.20329271
0.20811802,0.19038309,0.21348375,0.18605196,0.20196314
0.19582036,0.20043091,0.2035579,0.2017177,0.19847317
0.20380087,0.19341531,0.21315011,0.18762647,0.2020073
0.20777425,0.18683697,0.21508802,0.18567014,0.20463063
0.20902063,0.185072,0.21625583,0.18436381,0.20528774
0.20886977,0.18758377,0.21690096,0.1835143,0.20313117
0.19445312,0.20031089,0.20462556,0.20293315,0.19767728
0.20304252,0.19241051,0.21431525,0.18773033,0.20250139
0.20644866,0.18378364,0.21743916,0.18307932,0.20924923
0.20887268,0.1841841,0.2182724,0.1830179,0.20565291
0.20939752,0.1825944,0.21928008,0.18169826,0.20702974
0.19301037,0.19923685,0.20667517,0.200683,0.20039463
0.20040275,0.19104478,0.21778749,0.18570703,0.205058
0.20532602,0.18080378,0.22110938,0.18258569,0.21017511
0.20756686,0.18089177,0.2213796,0.18103454,0.20912729
0.20950183,0.17449076,0.22219962,0.18059205,0.21321574
0.19142653,0.19883592,0.20777407,0.2005649,0.20139855
0.19868454,0.18816234,0.22312237,0.18267411,0.20735666
0.2042959,0.18580775,0.22257024,0.18171518,0.20561096
0.20809215,0.1751446,0.22409992,0.17986698,0.21279632
0.20945327,0.1686565,0.22499368,0.17903157,0.21786503
0.18801132,0.19802094,0.21194674,0.20029518,0.20172584
0.19939174,0.18741882,0.22151363,0.18456383,0.207112
0.20507467,0.17837813,0.22566709,0.1815053,0.20937477
0.20879214,0.17993677,0.22413422,0.18137918,0.20575774
0.21140179,0.18040635,0.22120315,0.18274431,0.20424443
0.18905838,0.19912197,0.21045658,0.2026446,0.19871849
0.19970728,0.18460514,0.22427286,0.18244083,0.20897385
0.20539619,0.1844783,0.22487172,0.18156938,0.20368439
0.2083219,0.18337382,0.22567905,0.18115588,0.20146938
0.21081862,0.17795351,0.22517237,0.18049574,0.20555978
0.18533179,0.1985724,0.21299465,0.2016042,0.20149696
0.19785242,0.19203775,0.22553007,0.18421288,0.20036685
0.20436984,0.18243799,0.22757748,0.18145601,0.20415863
0.20727186,0.17852433,0.22696088,0.18115288,0.20609006
0.21057402,0.17541397,0.22475077,0.18137927,0.207882
0.18441135,0.19891752,0.21227936,0.20376123,0.20063052
0.19603285,0.19155869,0.22853088,0.18403697,0.19984065
0.20285814,0.18642561,0.22913443,0.18179299,0.19978882
0.20677328,0.182772,0.22753267,0.18087822,0.2020438
0.20728967,0.18056674,0.22906458,0.1813397,0.2017393
0.18125963,0.19908483,0.21503298,0.20377456,0.20084801
0.19436549,0.19214864,0.22789007,0.18524122,0.20035455
0.19881578,0.19058874,0.2302356,0.18209793,0.19826192
0.20376205,0.18935324,0.2301096,0.18191908,0.19485602
0.20611249,0.18690613,0.22927155,0.18210869,0.19560114
0.17891456,0.19902462,0.21590623,0.20522285,0.20093176
0.19142975,0.19120996,0.23049247,0.18555368,0.20131415
0.19703825,0.19428498,0.22921085,0.1848808,0.19458513
0.20220369,0.19122101,0.23080762,0.18323418,0.19253352
0.20470904,0.18951133,0.22957058,0.18368173,0.19252731
0.17707208,0.19919811,0.21626101,0.20454088,0.2029279
0.19010556,0.19632721,0.2310718,0.18702784,0.19546758
0.1973722,0.19634548,0.23239355,0.18432009,0.18956868
0.20141508,0.1973092,0.23178385,0.18465161,0.18484028
0.20422186,0.1977145,0.22985987,0.18590677,0.18229702
0.17602754,0.19994985,0.21601215,0.20748188,0.20052858
0.18243903,0.20667844,0.201264,0.20492977,0.20468874
0.18799353,0.2058551,0.20130186,0.19955194,0.20529759
0.1901983,0.20556645,0.20303424,0.19710639,0.20409466
0.18717419,0.20574914,0.20253894,0.19841206,0.20612568
0.18935993,0.2056172,0.20269887,0.19909574,0.20322824
0.18367478,0.20619364,0.20199431,0.20430653,0.2038307
0.18869993,0.20625977,0.19951047,0.20030645,0.20522338
0.1863334,0.20307608,0.20844874,0.19643706,0.20570473
0.19337277,0.20856354,0.1913425,0.20392917,0.20279203
0.18921635,0.20414151,0.2035296,0.19720122,0.20591134
0.1827369,0.20700699,0.19989488,0.20388228,0.206479
0.18856469,0.20562504,0.20149162,0.19988735,0.20443128
0.1867901,0.20587018,0.20012353,0.20296837,0.20424777
0.19259296,0.20513098,0.20043075,0.19882531,0.20301996
0.18985423,0.20508125,0.20170383,0.19890033,0.20446035
0.1829556,0.20612246,0.20202494,0.20204495,0.20685211
0.19035566,0.20624842,0.19943586,0.20039225,0.20356786
0.1869902,0.2054056,0.20253736,0.20027152,0.2047953
0.18854153,0.20458062,0.20468183,0.19722514,0.20497085
0.19074291,0.20777383,0.19798115,0.20091622,0.20258588
0.18215637,0.20613545,0.20193253,0.20353074,0.20624487
0.18586597,0.20391087,0.20629922,0.19689879,0.20702514
0.1922591,0.20695981,0.19315583,0.20388256,0.20374267
0.19023153,0.20477027,0.20055448,0.20025788,0.20418584
0.18959966,0.20576799,0.20063196,0.19968975,0.20431063
0.18363383,0.20623629,0.20064299,0.20249636,0.2069905
0.18641493,0.20529847,0.20124339,0.20072886,0.20631438
0.19160774,0.20540492,0.20134161,0.19868766,0.20295808
0.18978903,0.20521182,0.201521,0.20064181,0.2028364
0.18844883,0.2048306,0.20431657,0.19849442,0.2039096
0.18579084,0.20640478,0.19953495,0.2038019,0.20446754
0.18691388,0.20648022,0.20115131,0.20093343,0.20452116
0.18902951,0.20516418,0.20227817,0.19958377,0.20394436
0.19034599,0.20627615,0.1992108,0.20053008,0.203637
0.18896787,0.20449479,0.2027855,0.19971159,0.20404021
0.1830476,0.20563774,0.20254017,0.20136157,0.2074129
0.18808787,0.20725118,0.19920091,0.20188397,0.20357604
0.19150265,0.2049468,0.19787794,0.20286584,0.2028068
0.1882133,0.20505345,0.20242009,0.20078552,0.20352766
0.19025967,0.20505154,0.20028341,0.19945507,0.20495033
0.18835542,0.20775515,0.19055727,0.21000913,0.20332304
0.18076871,0.20714845,0.19932947,0.20482732,0.20792605
0.19129407,0.20547257,0.20174798,0.20084716,0.2006382
0.18822199,0.20581213,0.1986894,0.20166798,0.20560846
0.19005501,0.20510139,0.20114471,0.2008849,0.20281398
0.1860886,0.20580088,0.20078121,0.20289141,0.20443787
0.18563278,0.20535852,0.20290059,0.19901055,0.20709755
0.1877904,0.20507585,0.20193538,0.19992772,0.2052707
0.1899392,0.20454296,0.20268804,0.196977,0.20585279
0.18970639,0.20491132,0.20184791,0.19999355,0.20354083
0.18353307,0.20582764,0.20191084,0.202343,0.20638545
0.18995258,0.20800059,0.19665956,0.20247231,0.20291491
0.19042915,0.20440184,0.20097809,0.20159508,0.20259586
0.1884715,0.20466416,0.20238438,0.19893715,0.2055428
0.19015893,0.20544992,0.20063014,0.19993106,0.20382997
0.18678251,0.20758438,0.19181938,0.20967199,0.20414175
0.17993426,0.20591575,0.20205706,0.20298387,0.20910905
0.19036976,0.20542356,0.19885729,0.20225887,0.20309047
0.18909806,0.20451085,0.20217645,0.19986315,0.20435151
0.18931817,0.2044807,0.2031059,0.19868922,0.20440602
0.18617268,0.2066479,0.19854835,0.20438707,0.20424402
0.1857122,0.20521747,0.20215242,0.19981611,0.2071018
0.19048026,0.20499611,0.20234899,0.20050366,0.201671
0.18963899,0.20484123,0.20237245,0.20039015,0.20275718
0.19169366,0.20448159,0.2016967,0.19887881,0.20324923
0.18459201,0.20578377,0.2008013,0.20409048,0.2047324
0.19145317,0.20895706,0.19319746,0.20556287,0.20082945
0.1886356,0.20453848,0.2034899,0.19909534,0.20424066
0.189193,0.20567225,0.20016395,0.19985364,0.20511715
0.18683797,0.20262451,0.2084997,0.19510102,0.20693679
0.18732257,0.20609143,0.19327669,0.20731679,0.20599255
0.18755278,0.20493937,0.20100617,0.2003934,0.20610833
0.18867615,0.20528848,0.20212862,0.20095292,0.20295386
0.18966392,0.20446067,0.20195402,0.19782121,0.20610018
0.1889458,0.20449056,0.20235223,0.20008922,0.20412219
0.18275067,0.2055214,0.20368755,0.20300095,0.20503938
0.1881847,0.20460036,0.20244333,0.19909695,0.20567468
0.21811727,0.19833057,0.19399126,0.19770469,0.1918562
0.1938692,0.20457387,0.20277955,0.19807965,0.20069773
0.19122311,0.20471725,0.20168158,0.19952169,0.20285636
0.18217309,0.20525514,0.20322646,0.20237066,0.20697466
0.18867362,0.2046608,0.20234686,0.19963917,0.20467958
0.1901483,0.2047361,0.20077372,0.20029056,0.20405133
0.18932499,0.20444407,0.2030303,0.19990209,0.20329857
0.18661499,0.20278175,0.20824862,0.1961722,0.20618248
0.18663,0.20507154,0.19678876,0.2090576,0.20245211
0.18762639,0.20474526,0.20231088,0.19752377,0.20779368
0.18823126,0.2044879,0.20363037,0.19828604,0.20536442
0.19374248,0.20484954,0.19402379,0.20522259,0.20216161
0.19005272,0.20447005,0.20121188,0.19973046,0.20453487
0.18244907,0.20514645,0.20236975,0.20393673,0.20609799
0.18857554,0.20478205,0.2016565,0.19948478,0.20550114
0.18612072,0.20546405,0.19977508,0.203282,0.20535819
0.19222167,0.20509137,0.20240353,0.19902034,0.20126304
0.19172914,0.20483874,0.19983216,0.20061854,0.2029814
0.17932847,0.2052291,0.2038404,0.2034809,0.20812109
0.18815356,0.20491277,0.20242327,0.20080787,0.20370254
0.1893452,0.2045156,0.20253922,0.20021974,0.20338026
0.19016282,0.20440793,0.20202234,0.20070465,0.20270228
0.18327726,0.2029112,0.20962012,0.19526348,0.2089279
0.18338935,0.2051459,0.20173196,0.20307775,0.20665506
0.18779622,0.20498212,0.20209809,0.20034344,0.20478009
0.18781392,0.20491976,0.2022418,0.19885059,0.20617388
0.19367,0.2051367,0.19455446,0.20366389,0.20297495
0.1900892,0.20406772,0.20137957,0.19891876,0.20554477
0.18334544,0.20540608,0.20124397,0.20456278,0.20544176
0.18819778,0.20459682,0.20202626,0.20023033,0.20494884
0.1851676,0.2048284,0.20230374,0.20213619,0.20556405
0.19168763,0.20518237,0.20203632,0.19918008,0.20191361
0.19103816,0.20507191,0.20139107,0.19797638,0.20452245
0.1829582,0.2048977,0.20184977,0.20472851,0.2055658
0.19101308,0.20463365,0.20208766,0.19869538,0.20357022
0.19016626,0.20448284,0.20239036,0.19948772,0.20347282
0.19118816,0.20443302,0.20103279,0.20017363,0.20317242
0.18607558,0.20245051,0.2083126,0.19633846,0.20682286
0.18330322,0.20479414,0.20086117,0.20293526,0.20810622
0.18893391,0.2043372,0.20176627,0.19827925,0.20668341
0.185323,0.20319475,0.20676622,0.19824426,0.20647177
0.19371334,0.20646141,0.19347672,0.20347835,0.20287015
0.19023119,0.20399897,0.20221886,0.20099966,0.20255132
0.18362321,0.20482685,0.20163302,0.20461172,0.20530522
0.19153827,0.20526159,0.19507848,0.20356593,0.20455573
0.18899679,0.20393598,0.20268193,0.20046555,0.20391975
0.19087633,0.20448166,0.20403156,0.19744721,0.2031633
0.18919928,0.20369415,0.20410547,0.19922987,0.20377123
0.17865105,0.20566708,0.20112082,0.20805027,0.20651077
0.19142532,0.20452671,0.20264256,0.19718993,0.20421545
0.19002381,0.20447424,0.20228234,0.19855425,0.20466538
0.19168214,0.20432106,0.19964235,0.20021611,0.20413835
0.19036153,0.20389551,0.20315155,0.1997381,0.20285332
0.18432148,0.20480768,0.20155269,0.20332699,0.20599112
0.18894832,0.20459989,0.20105895,0.19982219,0.20557065
0.18608856,0.20293714,0.20741591,0.19780345,0.20575495
0.1911567,0.2081445,0.19341877,0.20567912,0.20160092
0.19040658,0.20427947,0.20255768,0.2002561,0.20250015
0.18362032,0.20485513,0.20174061,0.20177585,0.20800808
0.19102159,0.208207,0.19382489,0.20608884,0.20085768
0.19040827,0.20389926,0.20112579,0.19982378,0.20474294
0.1888259,0.20389579,0.20306088,0.19908558,0.20513184
0.18913043,0.20395756,0.20343399,0.19835873,0.20511927
0.18804963,0.20545746,0.19256587,0.20988888,0.20403817
0.17810267,0.2046449,0.20692986,0.20005798,0.21026458
0.19181271,0.20426914,0.20240036,0.1983406,0.2031772
0.18925084,0.20413627,0.2029073,0.20069131,0.20301427
0.18987548,0.20425531,0.20250721,0.20004106,0.20332097
0.18523663,0.20499556,0.20295453,0.20367669,0.20313655
0.1886602,0.20420915,0.20219226,0.19960694,0.20533144
0.18938017,0.20442197,0.20238946,0.20070188,0.20310652
0.1904362,0.20435353,0.20101812,0.2010764,0.20311576
0.18947762,0.20414548,0.20242494,0.19914313,0.20480877
0.18282129,0.2047191,0.2024173,0.20398015,0.20606211
0.18563484,0.20335229,0.20665486,0.19875662,0.20560141
0.19231991,0.20474881,0.19519706,0.20464116,0.20309308
0.18935347,0.20388362,0.20337975,0.2002418,0.2031414
0.1895916,0.20392606,0.2029829,0.19886279,0.20463662
0.1835247,0.20621857,0.19964294,0.20474939,0.20586438
0.18917832,0.20356657,0.20138639,0.19885708,0.20701164
0.18785629,0.20399803,0.20334399,0.20043613,0.20436555
0.18946798,0.20420036,0.20218736,0.2016321,0.20251216
0.19014469,0.20411502,0.20262489,0.20087677,0.20223866
0.18581724,0.20440665,0.20314123,0.20075686,0.20587805
0.19053389,0.20433874,0.20098408,0.20066758,0.20347571
0.1900112,0.20387457,0.20156701,0.19825289,0.20629428
0.19029902,0.20412773,0.20236255,0.20072615,0.20248452
0.18996353,0.20384766,0.20287755,0.19959317,0.20371811
0.18544781,0.20430572,0.20327836,0.20054583,0.20642228
0.18915977,0.20410778,0.20257762,0.19932479,0.20482999
0.18848681,0.20369104,0.20366937,0.19776273,0.20639002
0.18889768,0.2039056,0.20270807,0.1998954,0.20459326
0.1924026,0.20408367,0.20377868,0.1989945,0.20074055
0.18268938,0.20455047,0.20168331,0.20380595,0.20727089
0.18634313,0.20233567,0.20784308,0.19630878,0.20716932
0.1889189,0.2037999,0.20412318,0.19947281,0.20368522
0.1888879,0.2040139,0.2025891,0.1984446,0.20606454
0.1896034,0.2040645,0.2026537,0.20079066,0.20288773
0.18298362,0.20444378,0.20218341,0.20317924,0.20720986
0.1876487,0.20388764,0.20422253,0.19883163,0.20540945
0.18831867,0.20345625,0.20459767,0.19878313,0.20484428
0.18907018,0.20341256,0.20350213,0.19897756,0.20503758
0.19103214,0.20390168,0.20166372,0.20017518,0.20322728
0.18234134,0.20440425,0.20226866,0.20318829,0.20779751
0.18822815,0.2040916,0.20263858,0.19999503,0.20504665
0.1889238,0.20416664,0.20247585,0.1993258,0.20510794
0.18916482,0.20378318,0.2035291,0.19912547,0.20439744
0.18953137,0.20349267,0.20330721,0.19813478,0.20553397
0.18201104,0.20412202,0.2030612,0.20193763,0.20886816
0.18835776,0.20385267,0.2020302,0.20001674,0.20574267
0.18915929,0.20399876,0.20232248,0.19917493,0.20534451
0.191167,0.20412059,0.20206086,0.19836544,0.20428613
0.18871355,0.20418109,0.20308699,0.20068485,0.20333357
0.18164247,0.20439638,0.20187117,0.20472288,0.2073671
0.18837057,0.20403622,0.20223385,0.20134164,0.2040177
0.18836683,0.20381588,0.20326975,0.20044114,0.2041064
0.18925352,0.20387039,0.20324375,0.2004454,0.20318696
0.18973596,0.20373595,0.20190716,0.20088586,0.20373508
0.18250467,0.20426181,0.202439,0.20290005,0.20789447
0.18913864,0.20408781,0.20108257,0.2006306,0.20506042
0.1900535,0.20397595,0.20178561,0.20181149,0.20237347
0.19097531,0.2036416,0.20163587,0.20073076,0.20301647
0.19048408,0.20315436,0.20317245,0.20022854,0.20296057
0.18220143,0.2038309,0.20374788,0.20220506,0.20801471
0.18875149,0.20397761,0.2028219,0.20071492,0.20373404
0.18852198,0.20364097,0.20364112,0.19940041,0.2047955
0.19037671,0.20369183,0.20210661,0.19966862,0.20415623
0.1899659,0.20339331,0.20462164,0.19827056,0.20374861
0.18161757,0.20430835,0.20309061,0.20394322,0.20704028
0.18629938,0.20410775,0.20341185,0.19987531,0.20630567
0.18960713,0.20365594,0.20167987,0.19908401,0.20597304
0.1890312,0.20364213,0.20352162,0.20156273,0.20224231
0.19011779,0.20386356,0.20212074,0.1998197,0.20407818
0.18346766,0.20430341,0.20052315,0.20413041,0.20757535
0.1901711,0.2033316,0.2013962,0.20083152,0.20426956
0.19010136,0.20389697,0.1999792,0.2019922,0.2040303
0.1896577,0.20336238,0.20341866,0.20053634,0.20302494
0.18899196,0.20341177,0.20374389,0.19950822,0.20434414
0.18255362,0.20345038,0.20341776,0.20325328,0.20732492
0.18722837,0.20343006,0.20402713,0.19843502,0.20687944
0.18842028,0.20345746,0.20304716,0.19996713,0.20510803
0.18985419,0.20341258,0.20278272,0.19932126,0.20462923
0.19014008,0.20348646,0.20255138,0.19859819,0.20522381
0.18207082,0.20354287,0.20466056,0.20189272,0.20783302
0.18903473,0.20339526,0.20330018,0.20066045,0.20360938
0.18993154,0.20361522,0.20271893,0.19959778,0.2041365
0.18977195,0.20311889,0.20283034,0.19888361,0.20539519
0.18977351,0.20344943,0.20355581,0.2001595,0.20306174
0.1802585,0.20377734,0.20415908,0.20310874,0.20869634
0.18624425,0.20381339,0.20345156,0.20040344,0.20608737
0.18783301,0.2036715,0.20326419,0.20093058,0.2043007
0.19021703,0.20310074,0.20273626,0.19903485,0.20491111
0.19022758,0.2033219,0.20349199,0.19948877,0.20346972
0.18410377,0.20481691,0.19952719,0.20750982,0.20404233
0.18942307,0.20360173,0.20008981,0.19943376,0.20745161
0.19029829,0.20397931,0.20037925,0.19929987,0.20604329
0.19188517,0.20426224,0.19883582,0.20203751,0.20297925
0.18984509,0.2030994,0.20298305,0.19835551,0.20571695
0.18269724,0.20300874,0.2047687,0.2007785,0.20874682
0.18843132,0.20325519,0.20372954,0.19960225,0.20498167
0.18855305,0.20316401,0.20422354,0.19948673,0.20457265
0.19026448,0.20324506,0.2028278,0.19965501,0.2040076
0.19110197,0.20349477,0.20196739,0.2006426,0.20279332
0.18315858,0.20381285,0.20303413,0.2041419,0.20585255
0.18912214,0.20330663,0.20462948,0.19878422,0.20415759
0.19030476,0.20349172,0.20419931,0.1998986,0.20210558
0.19000061,0.20348863,0.2039167,0.19900537,0.20358865
0.19023891,0.20338584,0.2026007,0.20018296,0.20359159
0.18064237,0.20348144,0.20505685,0.20318969,0.20762965
0.18712705,0.20334142,0.20479836,0.19889575,0.20583746
0.18937255,0.20279476,0.20310837,0.19849488,0.2062294
0.18947098,0.20292829,0.20399493,0.1998317,0.20377414
0.19045603,0.20323063,0.20252945,0.19953905,0.20424482
0.18263018,0.20356621,0.2035123,0.2028671,0.20742422
0.18954247,0.20349681,0.20201097,0.2013688,0.20358096
0.19033349,0.20382205,0.20077817,0.20192896,0.20313731
0.18982442,0.20402692,0.20147283,0.20162244,0.20305336
0.1897278,0.20346391,0.20306261,0.20133016,0.20241553
0.18293716,0.20376635,0.20224065,0.20351732,0.20753852
0.18749642,0.20325527,0.2038703,0.19986692,0.20551106
0.18916869,0.20314494,0.20313816,0.19930756,0.20524068
0.18975297,0.2032849,0.20325139,0.19993606,0.20377469
0.18982352,0.20322199,0.20349231,0.19927934,0.20418282
0.1820588,0.20315745,0.20453845,0.20249376,0.2077516
0.18784694,0.20310219,0.20558482,0.19786568,0.20560037
0.19175369,0.20321475,0.20290616,0.2007595,0.2013659
0.19037597,0.20365632,0.20288019,0.20071775,0.20236981
0.1896795,0.20320451,0.20399342,0.19945349,0.20366904
0.18263127,0.20298162,0.20366788,0.20222363,0.2084956
0.18615133,0.20362565,0.20398863,0.20092246,0.20531197
0.1889824,0.20311302,0.20272253,0.19964392,0.20553812
0.1897971,0.20316799,0.20265579,0.20037551,0.20400362
0.18950781,0.20304815,0.20338304,0.20082092,0.20324008
0.18186444,0.2030862,0.20371081,0.2040717,0.20726691
0.1876936,0.20343953,0.20274264,0.20077793,0.20534629
0.19063865,0.2037472,0.19958043,0.20198378,0.2040499
0.19027266,0.20367165,0.20137689,0.20135698,0.2033218
0.19070582,0.20331073,0.2021844,0.19964503,0.20415401
0.18327646,0.20356861,0.20209108,0.20441253,0.20665136
0.18873645,0.20340203,0.20287001,0.20105445,0.20393707
0.18959406,0.20310113,0.20293799,0.20007655,0.20429027
0.18984829,0.20327173,0.20364457,0.20101522,0.20222019
0.19028412,0.2029121,0.20374355,0.19884641,0.20421384
0.1829838,0.20321038,0.20239647,0.20401569,0.20739368
0.18817875,0.20345919,0.20143932,0.2002425,0.20668027
0.18964636,0.20318678,0.20452929,0.19974141,0.20289621
0.18860793,0.20336154,0.20482686,0.1998649,0.2033388
0.1893439,0.20364308,0.20259319,0.20070302,0.20371678
0.1816192,0.20265089,0.20455621,0.20306125,0.20811245
0.18741633,0.20330773,0.20364852,0.20022692,0.20540053
0.18929756,0.2030958,0.20335786,0.20014615,0.20410265
0.19007115,0.20323424,0.20271581,0.20020682,0.20377196
0.19082998,0.20307322,0.20217223,0.20162578,0.20229876
0.18225406,0.20355283,0.20208234,0.20367667,0.20843413
0.18867975,0.20282854,0.20345521,0.1989905,0.20604602
0.18817611,0.20317128,0.20360363,0.20039512,0.20465389
0.19008675,0.20304184,0.20243719,0.20009358,0.20434064
0.18869169,0.20276569,0.20485151,0.19835438,0.20533678
0.18175572,0.20278154,0.20433761,0.20271052,0.20841463
0.18669532,0.20306148,0.20536427,0.19877149,0.20610744
0.18819723,0.20294636,0.20413046,0.19886543,0.20586051
0.18975371,0.20317344,0.20378104,0.20066367,0.20262812
0.19035546,0.20298512,0.20327376,0.19926919,0.20411645
0.18264596,0.20308244,0.20401523,0.20324571,0.20701069
0.188915,0.20278665,0.202524,0.20013279,0.20564158
0.18901883,0.20308723,0.2031985,0.19953145,0.20516394
0.18838201,0.20339207,0.2029535,0.20084284,0.20442949
0.19018169,0.2028744,0.20412768,0.20056541,0.20225084
0.18218392,0.20280646,0.20302317,0.20377107,0.20821539
0.18773077,0.20334117,0.20351413,0.20053521,0.20487869
0.18953611,0.20310615,0.20255557,0.20173435,0.20306782
0.18959793,0.20303732,0.20252548,0.19955568,0.20528358
0.19064511,0.20320873,0.20157783,0.20062727,0.20394108
0.18314241,0.2026943,0.20552175,0.20418048,0.20446111
0.18877608,0.20301507,0.20291805,0.20128168,0.20400912
0.18856046,0.2029369,0.2033272,0.20020893,0.2049665
0.19050358,0.20300357,0.20213611,0.20056927,0.2037875
0.1896954,0.20291267,0.2025279,0.1991418,0.20572221
0.18089592,0.20257322,0.205762,0.20415322,0.20661557
0.18772732,0.20301133,0.20469044,0.20028774,0.20428313
0.18840457,0.2024335,0.20475872,0.19976567,0.20463748
0.1901471,0.20260373,0.20367032,0.19884491,0.20473397
0.19009988,0.20313294,0.20209135,0.20036489,0.20431095
0.18177675,0.2028158,0.2051505,0.20252678,0.20773022
0.18885164,0.20270908,0.20464109,0.1986441,0.20515408
0.18963912,0.20266072,0.2053039,0.19829968,0.20409654
0.18849008,0.20331003,0.2040914,0.20181708,0.20229143
0.18965708,0.20317279,0.20327197,0.20012026,0.20377791
0.18077594,0.20271651,0.20422605,0.20284423,0.20943727
0.18750401,0.20294927,0.20342442,0.20015885,0.20596349
0.18925068,0.20291194,0.20336129,0.20038661,0.20408955
0.1887598,0.2029393,0.20370114,0.20094045,0.20365933
0.1898972,0.20279738,0.20322046,0.20083043,0.20325457
0.18177421,0.202843,0.20308642,0.20451877,0.20777762
0.1896134,0.20368676,0.19981149,0.20193744,0.20495087
0.18796016,0.20288718,0.20472813,0.1997206,0.2047039
0.18866725,0.20266788,0.2045099,0.1998712,0.20428379
0.1891053,0.20234822,0.20529677,0.19808464,0.2051651
0.18084468,0.20245549,0.2053565,0.20250778,0.20883557
0.18916826,0.20304303,0.2027468,0.20206662,0.2029753
0.18902501,0.20299865,0.20361628,0.19985688,0.20450315
0.18919207,0.20262103,0.20494133,0.19902657,0.20421903
0.19000442,0.20295925,0.20474267,0.2007481,0.20154555
0.18198295,0.20292367,0.20277189,0.20569876,0.20662275
0.18761136,0.20301192,0.20464334,0.20061049,0.20412292
0.18826076,0.20278399,0.20446883,0.20020655,0.20427988
0.18832535,0.20316179,0.20336963,0.20317738,0.20196588
0.18802162,0.20288281,0.20387246,0.20064059,0.20458254
0.18189779,0.20215155,0.20372164,0.20201857,0.21021047
0.18764086,0.2027142,0.20428976,0.20120427,0.20415094
0.1881127,0.2025926,0.20401505,0.1994187,0.20586096
0.18999195,0.20284063,0.20242526,0.20085154,0.2038906
0.1915405,0.2028508,0.20141824,0.20164508,0.20254537
0.18079098,0.20217422,0.20547107,0.20205107,0.20951267
0.18781726,0.20260283,0.20470268,0.2000852,0.20479208
0.18854772,0.20281643,0.20395534,0.20008843,0.20459212
0.1899387,0.202396,0.20443846,0.19998008,0.20324676
0.18929055,0.20220451,0.20559919,0.19882888,0.20407687
0.18295951,0.20256619,0.20309961,0.2044909,0.20688385
0.18742241,0.20291558,0.20446171,0.19954333,0.20565696
0.18860455,0.20278631,0.20393923,0.2014356,0.20323431
0.18916531,0.20258279,0.20479001,0.20052767,0.20293416
0.1894629,0.20267895,0.20459619,0.19970965,0.20355235
0.1823508,0.20236112,0.20311736,0.20443113,0.2077396
0.1883997,0.20253052,0.20445412,0.20100857,0.20360705
0.18913925,0.20311183,0.20453204,0.19997321,0.20324367
0.18937504,0.20289432,0.2040866,0.19895487,0.20468915
0.18723816,0.20285209,0.2056186,0.20119356,0.20309763
0.18120375,0.20209172,0.20392741,0.2031077,0.20966937
0.18856536,0.20289618,0.20324557,0.20117353,0.20411935
0.18900484,0.20279402,0.20228985,0.20075233,0.20515895
0.18887001,0.2026326,0.20475699,0.20079729,0.20294313
0.18921906,0.20245057,0.20463291,0.20000435,0.20369312
0.1834673,0.20331673,0.19993655,0.20770085,0.20557858
0.18796164,0.20269302,0.20385695,0.20085856,0.2046298
0.18948014,0.20237722,0.20364036,0.19938862,0.20511368
0.19126646,0.20339832,0.20033908,0.20338804,0.20160814
0.19125037,0.20316589,0.20186427,0.20150924,0.20221023
0.18044683,0.20198853,0.2064471,0.20456219,0.20655541
0.18669312,0.20283851,0.20450343,0.19979228,0.20617269
0.18737797,0.20261824,0.20602791,0.19802544,0.20595044
0.1890593,0.20218413,0.20532103,0.2001614,0.20327415
0.18953975,0.20256358,0.20437406,0.2013828,0.20213977
0.1826148,0.20265076,0.20162088,0.20699473,0.20611884
0.18768792,0.20279054,0.20362477,0.20112713,0.20476966
0.18866388,0.20299897,0.2031589,0.20184371,0.20333457
0.19013727,0.2027547,0.20333913,0.20009117,0.20367776
0.19142656,0.20255207,0.20411576,0.19937967,0.20252593
0.18329772,0.20237328,0.20418441,0.20498596,0.20515862
0.18711594,0.20226598,0.20470513,0.19915356,0.20675933
0.18909664,0.20253456,0.20423698,0.20063908,0.20349275
0.18860291,0.20276077,0.20452483,0.2014723,0.20263924
0.1875466,0.20286876,0.20421594,0.20145465,0.20391403
0.18119645,0.2021653,0.20390682,0.20454638,0.20818502
0.18860288,0.2025251,0.20390773,0.20041364,0.20455071
0.18910092,0.20220022,0.20522483,0.19843696,0.20503707
0.1884117,0.20264362,0.20451805,0.20027451,0.20415209
0.19003008,0.2027572,0.20241323,0.20217139,0.20262808
0.1811239,0.20219254,0.20394756,0.20351619,0.20921978
0.18888782,0.20300452,0.20187354,0.2029383,0.20329578
0.18882595,0.20233391,0.2041022,0.2006326,0.20410532
0.18958342,0.20263043,0.20381464,0.20037428,0.20359725
0.18841821,0.20177874,0.20591816,0.1980894,0.20579547
0.18195659,0.20202409,0.20459445,0.20386244,0.2075624
0.18710677,0.20259354,0.2052464,0.19886376,0.20618954
0.18872628,0.20257387,0.2041529,0.20123564,0.20331134
0.18947552,0.20262991,0.20400654,0.20091768,0.20297034
0.19054872,0.20230241,0.20398559,0.19910587,0.20405744
0.18192418,0.20197709,0.20534433,0.2021591,0.20859526
0.18832037,0.20249589,0.20572425,0.1994358,0.20402366
0.18854547,0.20269535,0.20457505,0.20205623,0.20212795
0.1902337,0.20225276,0.20391424,0.19979677,0.2038026
0.1892477,0.20270218,0.20341694,0.20142041,0.20321278
0.18165316,0.20147067,0.20428063,0.20409146,0.20850404
0.18701588,0.20257209,0.20335974,0.20262137,0.20443086
0.18782987,0.20242432,0.20470315,0.20153184,0.2035108
0.18883386,0.20209052,0.20473646,0.19944134,0.20489782
0.18979625,0.20223543,0.20441717,0.1998814,0.20366976
0.18127999,0.20162326,0.20541002,0.20389153,0.20779523
0.1885805,0.20255475,0.20395033,0.20091192,0.20400251
0.18897122,0.20219164,0.20381053,0.19922055,0.2058061
0.18974243,0.2026101,0.20333017,0.2011856,0.20313169
0.18996063,0.20205125,0.20539229,0.19849893,0.20409688
0.1817807,0.20172106,0.20466217,0.20330499,0.2085311
0.18724655,0.20248765,0.20475796,0.20028014,0.20522769
0.1886994,0.20251761,0.2047568,0.20112379,0.20290248
0.1894545,0.20229863,0.20382178,0.20158194,0.20284316
0.18916099,0.2024943,0.20443748,0.20027806,0.20362918
0.18187088,0.2019476,0.20452161,0.20284666,0.20881325
0.18931927,0.20243753,0.2049606,0.19907023,0.20421237
0.19027552,0.20265342,0.20402281,0.20013301,0.20291524
0.18946134,0.20226891,0.20354359,0.20197433,0.20275182
0.18860167,0.20245896,0.2044004,0.20072012,0.20381886
0.17993885,0.2012951,0.20648316,0.20356882,0.2087141
0.18533957,0.20233573,0.20540817,0.20138988,0.20552665
0.1868712,0.20203838,0.2053184,0.2000852,0.20568682
0.19011958,0.20219183,0.20361653,0.20107563,0.20299639
0.1893299,0.20252843,0.20316699,0.20005372,0.2049209
0.18363993,0.20233567,0.20005739,0.20592743,0.20803963
0.18901679,0.20235756,0.20150405,0.20195803,0.20516357
0.1909875,0.20320188,0.19995512,0.2040844,0.20177107
0.1902675,0.20268519,0.20200656,0.20033367,0.2047071
0.18983305,0.20208772,0.20535062,0.19926952,0.2034591
0.18126674,0.20163889,0.20475475,0.20640112,0.20593849
0.18724862,0.20181628,0.20540795,0.19857256,0.20695466
0.18863587,0.20226374,0.20381129,0.20107813,0.20421098
0.1890078,0.20262428,0.20380346,0.20010705,0.2044574
0.18959214,0.20231938,0.20353445,0.20182359,0.20273045
0.182267,0.2011181,0.20489544,0.20239906,0.20932041
0.18875585,0.2021141,0.20399183,0.20023324,0.20490497
0.19059677,0.20213348,0.20391311,0.19991997,0.20343669
0.19129725,0.20226344,0.20311946,0.1998886,0.20343123
0.18978043,0.20249332,0.20299643,0.20182839,0.20290148
0.1798531,0.20185949,0.20475134,0.20377867,0.20975745
0.18596587,0.20258133,0.20529708,0.2019612,0.20419455
0.18642896,0.20253064,0.20492794,0.20168437,0.20442809
0.18710662,0.2021902,0.20569617,0.2009349,0.20407209
0.18985794,0.20196274,0.20402008,0.20177495,0.20238431
0.1814338,0.20098098,0.20477553,0.20314202,0.20966773
0.18902606,0.20208073,0.20381974,0.20124285,0.20383061
0.18975979,0.20227997,0.20301181,0.20084485,0.20410363
0.19058684,0.2022565,0.20157532,0.20184663,0.20373473
0.18932486,0.20232573,0.20336115,0.20188995,0.2030983
0.18024023,0.20124711,0.20570678,0.20407318,0.20873272
0.18793783,0.20226365,0.20420547,0.2010752,0.20451789
0.18901604,0.20230551,0.2041788,0.20051104,0.20398858
0.19024561,0.20199423,0.20387635,0.20106322,0.20282061
0.18990979,0.20217921,0.20347486,0.20009087,0.20434529
0.18120067,0.201272,0.20448256,0.2051182,0.20792659
0.18843104,0.20245162,0.20273913,0.20173088,0.20464733
0.18948282,0.20233522,0.20383148,0.20233122,0.2020192
0.19104484,0.20207445,0.20460473,0.20055813,0.2017179
0.19025634,0.20250148,0.20505852,0.20121877,0.20096491
0.18142973,0.2011912,0.2042654,0.20419456,0.2089191
0.18532181,0.20233361,0.20598604,0.19947505,0.20688349
0.1872104,0.20271938,0.2046044,0.20305732,0.20240848
0.18796483,0.20227444,0.20478612,0.20224637,0.20272829
0.18749128,0.20225385,0.20473431,0.20102431,0.2044963
0.18059169,0.2010336,0.20430812,0.20405303,0.21001355
0.18617895,0.20218316,0.2048635,0.20117778,0.20559661
0.18827465,0.20229496,0.2041042,0.20209822,0.203228
0.19095449,0.20212162,0.20261906,0.20042782,0.20387706
0.19049284,0.20238645,0.20257676,0.20181286,0.20273109
0.18151861,0.20157045,0.20275007,0.20487992,0.20928092
0.19000857,0.2025563,0.20158845,0.20335343,0.20249325
0.18898487,0.20212913,0.20303668,0.2005861,0.2052632
0.18958017,0.2015029,0.20483078,0.19905184,0.20503426
0.18965402,0.20197377,0.2048381,0.20038232,0.2031518
0.18033887,0.2004948,0.20596392,0.20391531,0.20928706
0.1875614,0.20219706,0.20492859,0.20020454,0.20510842
0.18911599,0.20186439,0.20443851,0.19842847,0.20615262
0.18945174,0.20184864,0.2050365,0.1986233,0.20503978
0.1910421,0.20224369,0.20409063,0.20130827,0.20131536
0.18041947,0.20123774,0.20426477,0.20535885,0.20871916
0.18627001,0.20209607,0.20623377,0.19960858,0.20579156
0.18605144,0.20211239,0.20642225,0.1994603,0.20595363
0.18751693,0.20218463,0.20546903,0.19917366,0.20565575
0.18799111,0.20222059,0.2051379,0.1999376,0.20471281
0.18093717,0.20081149,0.2049537,0.20497665,0.208321
0.18776192,0.20228863,0.2035384,0.20291723,0.20349383
0.19007087,0.20224918,0.20350198,0.20123114,0.20294689
0.19026816,0.20202145,0.2030048,0.20134398,0.20336159
0.19021863,0.20211375,0.20325735,0.20158023,0.20282999
0.18153933,0.20129699,0.20256007,0.20519023,0.20941341
0.18748409,0.20214546,0.2051909,0.20073654,0.20444304
0.18953823,0.20221393,0.20423986,0.20090273,0.2031053
0.19057927,0.20220244,0.20238003,0.1993422,0.2054961
0.19012423,0.20170447,0.2053897,0.1999661,0.20281546
0.18035564,0.2009388,0.20477885,0.202981,0.21094571
0.1860656,0.20208406,0.20523496,0.20077863,0.20583671
0.18785012,0.2020321,0.20506307,0.2022067,0.20284805
0.18875349,0.2020714,0.2038848,0.20039241,0.20489791
0.19070607,0.20209241,0.20327725,0.20091337,0.20301086
0.18143216,0.20074771,0.20498377,0.2028831,0.20995322
0.18750012,0.2021934,0.20403507,0.20313157,0.20313984
0.18881115,0.20218293,0.20404334,0.20069085,0.20427175
0.19042967,0.20208368,0.20491107,0.19938463,0.20319097
0.19068375,0.2021307,0.20514551,0.19864334,0.20339671
0.17924318,0.20096049,0.20473662,0.2045978,0.21046193
0.18698378,0.2019553,0.20501621,0.20119141,0.20485331
0.18941338,0.2020895,0.20372343,0.20212355,0.20265011
0.18859757,0.20237388,0.20322733,0.2026783,0.20312293
0.19043416,0.20199808,0.20277224,0.20096187,0.2038336
0.18326901,0.20114805,0.20183922,0.20651808,0.20722562
0.18818823,0.20230244,0.20379525,0.2026048,0.2031093
0.18782528,0.20214818,0.20445837,0.20115754,0.20441063
0.18930008,0.2018345,0.20351373,0.20014444,0.20520732
0.1908877,0.20231828,0.20159169,0.20175031,0.20345202
0.18329772,0.20074105,0.20231622,0.20636217,0.20728281
0.18682683,0.20150353,0.20618528,0.1987758,0.20670857
0.18846096,0.20169558,0.20419307,0.19930395,0.20634641
0.1897673,0.20180355,0.204047,0.19987662,0.20450555
0.19075029,0.20229395,0.20251101,0.20139557,0.2030492
0.18168569,0.20073123,0.20541352,0.20501661,0.20715299
0.18835782,0.20215698,0.20474993,0.20172936,0.20300597
0.18891239,0.20194401,0.20420916,0.20017849,0.20475592
0.19089846,0.20230597,0.20309073,0.2008198,0.20288506
0.19126002,0.20224954,0.20469756,0.20079786,0.20099497
0.17916833,0.20070551,0.20606746,0.20465608,0.20940267
0.18435456,0.20243433,0.20637399,0.20218962,0.20464747
0.1882089,0.20187448,0.20381953,0.19983388,0.2062632
0.18825728,0.20220916,0.20468213,0.2023964,0.20245509
0.18847512,0.2022977,0.2029777,0.20286226,0.20338719
0.18296549,0.20126529,0.1991656,0.20764108,0.20896256
0.18722475,0.20230567,0.20302688,0.20328301,0.2041597
0.18916638,0.20228486,0.20204422,0.20335509,0.20314942
0.19068827,0.20199099,0.20272298,0.202307,0.20229073
0.1906916,0.20213795,0.202938,0.2021678,0.2020647
0.18001014,0.19998579,0.20692204,0.20411518,0.20896691
0.18644433,0.2017616,0.20544499,0.19961272,0.20673631
0.18838924,0.20146152,0.20600668,0.19954453,0.20459807
0.18910147,0.20181896,0.20482549,0.20008913,0.20416497
0.19061513,0.20162702,0.20370382,0.19970407,0.20434996
0.18134221,0.20076793,0.2055705,0.2061293,0.20619
0.18705341,0.20218913,0.2055337,0.20096816,0.20425561
0.18870199,0.20150922,0.20489274,0.19994932,0.2049467
0.18936352,0.20129013,0.20566507,0.20015866,0.20352261
0.1893368,0.20180495,0.20464653,0.20055355,0.20365815
0.18238154,0.20103224,0.20375814,0.20597015,0.20685798
0.1894409,0.20246816,0.20352867,0.20167015,0.20289212
0.1878531,0.20233506,0.20433733,0.20212531,0.20334919
0.18964244,0.20169339,0.20393334,0.20025961,0.20447123
0.19060203,0.20218368,0.20420662,0.20221074,0.20079693
0.18228063,0.2006359,0.20248666,0.20708185,0.20751494
0.18776466,0.20239013,0.20296313,0.20348658,0.20339553
0.1899515,0.20165105,0.20336944,0.20047294,0.2045551
0.19069117,0.20200086,0.20319438,0.20181142,0.20230216
0.18997729,0.2019165,0.20449555,0.20172234,0.20188832
0.18076219,0.20027766,0.20465612,0.20498449,0.20931955
0.18871447,0.20221813,0.20257069,0.20049298,0.20600373
0.18812647,0.202079,0.20340529,0.20187034,0.20451888
0.18952188,0.20176984,0.20368032,0.20127288,0.20375507
0.19009101,0.2018612,0.20314041,0.20225653,0.20265082
0.18143009,0.20060037,0.20302576,0.20734327,0.20760053
0.18718557,0.20208271,0.20432456,0.20101081,0.2053964
0.1898914,0.2021474,0.20289822,0.20329551,0.20176747
0.19106317,0.20214008,0.20264561,0.20227379,0.20187736
0.18867794,0.20202588,0.20412423,0.20128366,0.20388833
0.1825419,0.20036072,0.20424761,0.20415014,0.20869961
0.18900345,0.20233972,0.20391765,0.20003074,0.20470843
0.18695714,0.20220141,0.20451607,0.20240921,0.20391619
0.18845776,0.20220447,0.20309326,0.20280981,0.20343469
0.19043927,0.20182867,0.20329921,0.20301671,0.20141612
0.181514,0.20027752,0.20422547,0.20695223,0.20703079
0.18831149,0.20225605,0.20182076,0.20278229,0.20482944
0.18932666,0.20231853,0.20185092,0.20223084,0.20427305
0.19030392,0.20238596,0.20078136,0.20247255,0.20405613
0.18951428,0.20180415,0.20272817,0.20017444,0.20577897
0.18117593,0.20002818,0.20510584,0.20480317,0.20888686
0.18764237,0.20167463,0.2053745,0.20165554,0.20365298
0.18922259,0.20206736,0.20357814,0.20028515,0.20484677
0.19122867,0.20246616,0.20152088,0.20309015,0.20169415
0.19158481,0.20238009,0.20234832,0.20155586,0.20213091
0.18037303,0.20006901,0.20568216,0.20497018,0.20890562
0.18443787,0.202085,0.20660198,0.2007345,0.20614068
0.1863408,0.202309,0.20424403,0.2020668,0.20503938
0.18752652,0.2024618,0.20381646,0.20338771,0.20280758
0.18894893,0.20197922,0.20360015,0.20034267,0.20512907
0.18009223,0.20038329,0.20464127,0.2067617,0.20812151
0.1876264,0.20203203,0.20356186,0.20291848,0.20386125
0.18993053,0.2022433,0.20108938,0.2023268,0.20441
0.18991382,0.20306778,0.20122416,0.20431665,0.20147757
0.1896474,0.20186678,0.20391852,0.20186216,0.20270513
0.18089274,0.1998822,0.20378272,0.20602222,0.20942011
0.18713595,0.20206219,0.20358007,0.20224242,0.20497938
0.18923302,0.20212294,0.20283,0.20140582,0.20440821
0.18987525,0.20212433,0.20323923,0.20201275,0.20274842
0.19103357,0.2021754,0.201845,0.20147303,0.20347302
0.18182087,0.19999982,0.20412023,0.20608433,0.20797478
0.18691014,0.20216273,0.20407237,0.20135152,0.20550321
0.18970281,0.20198596,0.20495936,0.19914472,0.2042072
0.18837142,0.2019577,0.2051976,0.19982897,0.20464432
0.18687132,0.20179036,0.20551465,0.20009458,0.20572902
0.18068717,0.20011234,0.2040705,0.2070562,0.20807378
0.1861753,0.20173824,0.20518142,0.20045409,0.20645095
0.18788761,0.20173442,0.20408705,0.20096396,0.20532696
0.18858117,0.20204128,0.20369776,0.20243399,0.2032458
0.1898468,0.2020923,0.20272358,0.20224687,0.20309047
0.18154226,0.19971621,0.20325586,0.20588304,0.20960262
0.1879309,0.20172921,0.20256451,0.20105182,0.2067236
0.18874936,0.20190693,0.2028963,0.20187175,0.2045757
0.19014065,0.20122506,0.20272279,0.19978812,0.20612341
0.18978941,0.20151143,0.20493369,0.20076616,0.2029993
0.18035989,0.19994031,0.20549478,0.20692864,0.20727636
0.18661775,0.2016605,0.20452626,0.20053874,0.20665674
0.18847135,0.2018076,0.2036383,0.20153944,0.20454329
0.18983316,0.20220569,0.2034155,0.2016384,0.20290725
0.19112344,0.20211537,0.20258772,0.2018865,0.20228699
0.18225853,0.1997566,0.20442767,0.20374478,0.20981239
0.18763526,0.20184688,0.20334797,0.20181586,0.20535403
0.18872112,0.20213081,0.20331825,0.2023997,0.2034301
0.19033742,0.20227271,0.20366427,0.20145725,0.20226835
0.18754059,0.20217577,0.20399708,0.20278974,0.20349683
0.17784326,0.20017146,0.20466721,0.20796528,0.20935276
0.18757333,0.20170194,0.20353393,0.20253286,0.20465791
0.18874383,0.20160167,0.20281515,0.20154718,0.20529217
0.18829295,0.20213951,0.20289776,0.20180675,0.20486304
0.18951,0.2019959,0.20187938,0.20282559,0.20378914
0.18225546,0.20052518,0.1997767,0.20931491,0.20812777
0.18763925,0.20191911,0.20249926,0.20256199,0.2053804
0.18840411,0.20167609,0.20452766,0.20110358,0.20428854
0.19072855,0.20173776,0.20235565,0.2005934,0.20458464
0.1902456,0.20151003,0.20273001,0.19967097,0.20584337
0.18180177,0.19951071,0.20454916,0.20528027,0.2088581
0.18601039,0.20156735,0.20595291,0.20034939,0.20611992
0.18890357,0.20198916,0.20355035,0.2032587,0.20229822
0.19054887,0.20239207,0.20144513,0.20252895,0.20308495
0.1906242,0.20210156,0.20312038,0.20098333,0.20317051
0.1816167,0.20046334,0.20135294,0.20844187,0.20812517
0.18721648,0.2018929,0.20459273,0.20032553,0.20597234
0.18868172,0.20160355,0.20334792,0.20080651,0.20556033
0.19001125,0.20218731,0.20287152,0.20196149,0.20296845
0.19163156,0.20230629,0.20278211,0.20257641,0.20070365
0.17913626,0.20021251,0.20536458,0.2083771,0.20690952
0.18495986,0.20205648,0.20527157,0.20053443,0.20717762
0.1880699,0.2018342,0.20352812,0.20039715,0.20617063
0.19058536,0.20191038,0.2033665,0.20127334,0.20286438
0.18746117,0.20234695,0.20339987,0.20241043,0.20438157
0.18241666,0.20001248,0.20024666,0.20673114,0.21059306
0.18761677,0.2019999,0.20298289,0.20284054,0.20455985
0.19013958,0.20252953,0.20034158,0.20410576,0.2028836
0.18937178,0.20211816,0.20194747,0.20253892,0.20402366
0.19044963,0.20190458,0.20263824,0.20166402,0.20334354
0.18010518,0.19924408,0.2042604,0.206896,0.20949434
0.18676604,0.20156224,0.20468691,0.20208308,0.2049017
0.1890064,0.20181325,0.20324165,0.20095208,0.2049866
0.18993527,0.20218161,0.2020044,0.20303231,0.20284642
0.1901006,0.20121257,0.2033896,0.20014422,0.20515299
0.18134458,0.19975752,0.20432074,0.2062549,0.20832226
0.18814507,0.20179261,0.20434906,0.2014672,0.20424606
0.19012693,0.20214823,0.20257787,0.20199051,0.20315643
0.18947837,0.202075,0.20220435,0.2019597,0.20428263
0.19009085,0.20238617,0.20169042,0.20291638,0.20291619
0.17835133,0.19999024,0.20496036,0.20757051,0.20912759
0.18527654,0.2022055,0.20447028,0.20309557,0.20495206
0.18658362,0.2022217,0.20379966,0.20331694,0.20407802
0.18908082,0.20219731,0.20250466,0.20225015,0.203967
0.18973039,0.20134366,0.20290197,0.20040606,0.20561798
0.1807765,0.19945902,0.20378456,0.20640601,0.20957392
0.1882457,0.20211269,0.20142755,0.20376211,0.20445193
0.18792179,0.2014567,0.2035691,0.20125441,0.20579799
0.1893616,0.20183772,0.20288599,0.2010385,0.20487615
0.19082528,0.20163581,0.20213446,0.20195912,0.20344532
0.1802332,0.19946393,0.20384842,0.2068815,0.20957294
0.18737008,0.20145641,0.20304577,0.2008188,0.20730896
0.18924494,0.20206138,0.20352836,0.20236705,0.20279829
0.19071598,0.20215404,0.20192203,0.20306666,0.20214128
0.19013198,0.20224482,0.20275514,0.20279197,0.20207612
0.18283851,0.19959015,0.20314278,0.20550501,0.20892356
0.18701611,0.20196046,0.20552437,0.20009176,0.20540732
0.18797189,0.20280737,0.20211643,0.2041036,0.20300068
0.18750411,0.20261152,0.20336421,0.20283021,0.20368993
0.18988526,0.20232187,0.20070288,0.20337012,0.20371985
0.18102978,0.19961399,0.20178494,0.20866598,0.20890532
0.18632132,0.20165795,0.2036464,0.20213076,0.2062436
0.18935457,0.20174488,0.20163803,0.20339245,0.20387009
0.19027592,0.20234464,0.20049463,0.20367315,0.2032116
0.19039896,0.20193218,0.2016712,0.20209315,0.20390454
0.18148157,0.19970243,0.20131904,0.20835651,0.20914045
0.18682681,0.20162497,0.20272848,0.2012751,0.2075446
0.1701414,0.20516938,0.23998599,0.19290896,0.19179428
0.18457206,0.20190963,0.20481358,0.20226997,0.20643468
0.18766509,0.2009832,0.2037135,0.20117462,0.20646356
0.18166742,0.19970356,0.20193283,0.20863655,0.20805962
0.18706855,0.20178823,0.2030824,0.20266569,0.20539515
0.18704008,0.2018883,0.20469432,0.20117621,0.2052011
0.18879719,0.20160581,0.20455344,0.19986087,0.20518267
0.188944,0.2016855,0.20364064,0.20080826,0.20492162
0.18095116,0.19955553,0.20163628,0.20823656,0.20962046
0.18701789,0.20167267,0.20424567,0.20034105,0.20672274
0.18854563,0.20195943,0.20479755,0.20107731,0.20362012
0.18998735,0.20210154,0.20326303,0.20171918,0.20292895
0.1911517,0.20194416,0.20296517,0.20118335,0.2027556
0.18019363,0.19916892,0.2049956,0.20646295,0.2091789
0.18431373,0.20243749,0.20450321,0.20211972,0.20662585
0.18500778,0.2020303,0.20457557,0.2023823,0.20600407
0.18594271,0.20209412,0.2041636,0.20288555,0.20491402
0.18814835,0.20196071,0.20147021,0.20265841,0.20576231
0.18134923,0.19922985,0.20319815,0.20849316,0.20772962
0.18661255,0.20142843,0.20307033,0.20207633,0.20681243
0.18856825,0.20224082,0.20146331,0.20292686,0.20480072
0.1898614,0.20263425,0.19998486,0.20477116,0.20274834
0.1910416,0.20251426,0.19953774,0.20442843,0.20247795
0.18091515,0.19931109,0.20157242,0.20830916,0.20989214
0.18848836,0.20188193,0.20092237,0.20328595,0.2054214
0.18857338,0.20138632,0.20378724,0.20234676,0.20390628
0.19015722,0.20156963,0.20241201,0.20162353,0.20423767
0.19071575,0.20195273,0.20142467,0.20147493,0.20443195
0.18093859,0.19927758,0.2030847,0.20782708,0.20887206
0.18729553,0.20204233,0.20288281,0.20242904,0.20535034
0.19057924,0.20155928,0.20273453,0.20100053,0.20412642
0.19110258,0.20201457,0.20227769,0.20126027,0.20334493
0.19201624,0.20216288,0.20275408,0.20100273,0.20206405
0.17999546,0.1995098,0.20328006,0.20929615,0.20791855
0.18762045,0.20233694,0.20349312,0.20348933,0.2030602
0.1863365,0.20203269,0.2027594,0.20352353,0.20534784
0.18774582,0.20230646,0.20259681,0.20389663,0.20345424
0.18947251,0.20134029,0.20156556,0.2018493,0.20577231
0.1821011,0.20033728,0.1972199,0.21070534,0.2096364
0.1862663,0.20212828,0.20308222,0.20370069,0.20482254
0.18965425,0.20188995,0.2023368,0.20228809,0.20383096
0.19108097,0.20225021,0.19943358,0.20443147,0.20280378
0.19268297,0.20140047,0.20048288,0.20053764,0.20489606
0.18091674,0.19922024,0.20306851,0.2093604,0.20743407
0.18814361,0.20156619,0.20289785,0.20247486,0.20491746
0.189661,0.20148224,0.20383331,0.20060183,0.20442162
0.19015725,0.20117027,0.2028211,0.20108488,0.20476656
0.18918617,0.20157516,0.20235209,0.20192158,0.204965
0.18095267,0.19964603,0.2021243,0.21042457,0.20685242
0.18697295,0.2017706,0.20313181,0.20224474,0.20587987
0.18746506,0.20165928,0.20230454,0.2013825,0.20718858
0.18986936,0.20168184,0.20316945,0.2004345,0.20484488
0.1899284,0.20206697,0.20444742,0.20021407,0.2033431
0.17953585,0.1999286,0.20194946,0.21017893,0.20840718
0.18727712,0.20182614,0.20133379,0.20272346,0.20683949
0.19025353,0.2015184,0.1997884,0.20233622,0.20610341
0.18625103,0.20208226,0.20335709,0.2030059,0.20530374
0.18865143,0.20204218,0.20117034,0.20276476,0.2053713
0.18267284,0.20011652,0.19813097,0.21169639,0.20738325
0.18779059,0.202743,0.20049685,0.20343204,0.20553751
0.18862845,0.20217133,0.20173788,0.20261882,0.2048435
0.18973738,0.20157622,0.20194896,0.20169164,0.2050458
0.19079936,0.20188475,0.19998558,0.20197482,0.20535553
0.18003406,0.19954321,0.20226596,0.20929764,0.20885915
0.18498783,0.20198901,0.20454843,0.20191008,0.2065647
0.18889995,0.20172602,0.20223895,0.20335451,0.20378062
0.18957008,0.20206499,0.20173134,0.20293225,0.20370132
0.19041371,0.20216727,0.20161907,0.20341161,0.20238832
0.18152829,0.19950265,0.20118526,0.20935127,0.20843259
0.18819249,0.20159973,0.20214109,0.20265567,0.20541099
0.18885928,0.20168239,0.20226121,0.201093,0.20610411
0.18876232,0.20160784,0.20344356,0.20108305,0.20510323
0.19196658,0.20216775,0.2021871,0.20096943,0.20270918
0.17795637,0.19933726,0.20346053,0.20920014,0.2100456
0.18126984,0.20243365,0.20398732,0.20435198,0.20795722
0.18973874,0.20105308,0.20063892,0.20128404,0.20728524
0.1892566,0.20196964,0.20223242,0.20195068,0.20459062
0.19105299,0.20258397,0.20045839,0.20346986,0.2024348
0.1820391,0.1997165,0.20036706,0.21028501,0.20759237
0.18788517,0.20287718,0.19832066,0.20571838,0.2051986
0.19001207,0.20208529,0.1984798,0.20385939,0.20556346
0.18913649,0.20262259,0.2018895,0.20341368,0.20293769
0.19028896,0.20282817,0.19986598,0.20496292,0.20205401
0.17993471,0.19905442,0.20312342,0.20936339,0.208524
0.18811715,0.20250107,0.20144683,0.20275676,0.2051782
0.18894207,0.20159815,0.2023812,0.20190947,0.20516908
0.19029567,0.2020715,0.20224535,0.20180449,0.203583
0.19119652,0.20216517,0.19945799,0.20280136,0.20437898
0.18255478,0.19964825,0.19929959,0.21212867,0.20636867
0.18842955,0.20177029,0.2029942,0.20091808,0.20588788
0.19046399,0.2020913,0.20339736,0.20221415,0.20183325
0.18925896,0.20183171,0.20169134,0.201759,0.20545898
0.189279,0.20152502,0.20101802,0.20186536,0.20631258
0.17828356,0.19916847,0.20102838,0.20969054,0.21182904
0.1866401,0.20189413,0.20169194,0.2030689,0.20670496
0.18801816,0.20164876,0.20113336,0.2027642,0.20643549
0.19029446,0.2025219,0.19843906,0.20499824,0.20374632
0.1899091,0.20112932,0.20039156,0.20188807,0.20668192
0.17949127,0.19847439,0.20319195,0.20814207,0.21070032
0.18566406,0.20015661,0.20341507,0.20032439,0.2104399
0.18827008,0.20058224,0.20187055,0.20136338,0.20791368
0.18797882,0.2010869,0.20384704,0.20180736,0.2052799
0.19039889,0.20192952,0.20149906,0.20153154,0.204641
0.17992914,0.19920312,0.2012378,0.2104884,0.20914155
0.18613851,0.20226568,0.20255278,0.20352113,0.20552185
0.18883337,0.20175965,0.20250815,0.20156023,0.20533858
0.19007573,0.20215224,0.20144035,0.20253843,0.20379323
0.18968302,0.20219594,0.2009593,0.20342122,0.20374052
0.18171886,0.19938457,0.20144309,0.20958835,0.20786512
0.18749608,0.20257297,0.20261514,0.2030287,0.20428713
0.1868244,0.20280309,0.2026386,0.20277461,0.20495926
0.1872838,0.20262524,0.20160286,0.20397821,0.20450985
0.18995942,0.20157501,0.20113641,0.20127867,0.20605049
0.18132946,0.19920178,0.19968356,0.21189879,0.20788634
0.18726596,0.2014234,0.20144567,0.20286201,0.20700292
0.18859667,0.20179886,0.2003808,0.20305249,0.20617118
0.19110924,0.20276177,0.1976497,0.20509608,0.20338325
0.19199413,0.20173632,0.19831157,0.20243841,0.20551956
0.17983101,0.19941746,0.20034038,0.21343745,0.20697376
0.18696626,0.20071188,0.20252384,0.2012074,0.20859061
0.18762891,0.20200843,0.20207351,0.20278935,0.20549977
0.19006509,0.20027775,0.20175824,0.19986491,0.208034
0.18931337,0.20161815,0.20121963,0.2008962,0.20695265
0.17964719,0.19965194,0.1996727,0.2129942,0.20803393
0.1884149,0.20142648,0.20195599,0.2018947,0.20630793
0.19038115,0.20159063,0.20179339,0.20146464,0.2047702
0.18891211,0.2015496,0.20188084,0.20235936,0.20529807
0.18763329,0.20155944,0.20138603,0.20241526,0.20700596
0.1800846,0.19936289,0.20061857,0.21251374,0.20742022
0.18665203,0.20187838,0.20090239,0.20291257,0.20765464
0.18914205,0.20231141,0.20112659,0.20324622,0.20417374
0.1906161,0.20270824,0.1972765,0.20515622,0.2042429
0.19230449,0.20144999,0.19654584,0.2039435,0.20575614
0.17980942,0.19952415,0.19903927,0.2134931,0.20813408
0.18790887,0.2019236,0.19929007,0.20424493,0.20663254
0.18913516,0.20073909,0.19974712,0.2015511,0.20882753
0.19028972,0.20181762,0.20078497,0.202684,0.2044237
0.19076046,0.20170455,0.19981822,0.20216803,0.20554873
0.18097317,0.1994358,0.19791886,0.2145558,0.20711643
0.18494762,0.20081306,0.20378222,0.20205435,0.20840277
0.18816066,0.20131461,0.20362535,0.20070544,0.2061939
0.18644418,0.20177454,0.20243676,0.2015996,0.2077449
0.1883224,0.20244272,0.20039947,0.20441572,0.20441967
0.18136221,0.19988635,0.19621347,0.21427298,0.20826502
0.18619573,0.20012458,0.20222089,0.20119867,0.21026012
0.18847321,0.19995086,0.20099682,0.20190543,0.20867375
0.19068353,0.20170562,0.19725074,0.20385057,0.20650955
0.1914388,0.20046698,0.19716336,0.20311844,0.20781246
0.18094884,0.19908613,0.19896357,0.21257533,0.2084261
0.18568113,0.20164052,0.20207302,0.20322642,0.20737897
0.18844396,0.2017375,0.20043041,0.20301966,0.20636845
0.18916424,0.20172298,0.20026904,0.20249444,0.20634933
0.19058838,0.2016824,0.20000218,0.20239389,0.20533316
0.18241754,0.19968042,0.19869317,0.21258995,0.2066189
0.18654068,0.2024607,0.20131277,0.20434017,0.20534568
0.18740699,0.20198162,0.20067973,0.20344019,0.20649147
0.18778104,0.20248221,0.20056571,0.2047628,0.20440826
0.18708421,0.20296015,0.19942105,0.2047548,0.20577976
0.17975157,0.19948395,0.19771081,0.21431981,0.20873381
0.18559568,0.201376,0.19995666,0.2043944,0.20867729
0.18670629,0.20148325,0.20181718,0.20329991,0.2066934
0.18750374,0.20203385,0.19922093,0.20336069,0.2078808
0.19109313,0.20159216,0.19721954,0.20474033,0.20535487
0.18040542,0.19888493,0.19873315,0.21286993,0.20910662
0.18621993,0.20133355,0.20073293,0.2029202,0.20879342
0.18811543,0.20138595,0.20157483,0.20289795,0.20602584
0.18864828,0.2013269,0.2001898,0.20276129,0.20707367
0.18937968,0.20110326,0.19984104,0.20204955,0.20762648
0.18135305,0.19973789,0.19793016,0.21459328,0.20638564
0.18732867,0.20175621,0.20102216,0.20323773,0.20665523
0.18952046,0.20080616,0.1984665,0.20395996,0.20724696
0.18868926,0.2005302,0.20050226,0.20286019,0.20741808
0.18609789,0.20142105,0.20166904,0.2025267,0.20828529
0.1816319,0.19962007,0.19460748,0.21608017,0.20806037
0.18670382,0.20225704,0.19855812,0.20566876,0.20681228
0.18947652,0.20210966,0.19722636,0.20545225,0.20573522
0.1887018,0.20044856,0.20113446,0.2022104,0.20750482
0.18832843,0.20059691,0.19991028,0.2031203,0.20804408
0.18033855,0.1990449,0.19847338,0.21368872,0.20845446
0.18636589,0.2009039,0.20005494,0.20332369,0.20935158
0.18788135,0.20017572,0.20104267,0.20324782,0.2076524
0.1884196,0.19953564,0.2000645,0.2023925,0.20958778
0.18919285,0.19963872,0.19864611,0.2019613,0.21056102
0.1805747,0.199209,0.2003135,0.21213926,0.20776351
0.18316187,0.20171656,0.20234545,0.20342714,0.209349
0.18422283,0.201817,0.20166756,0.20520179,0.20709078
0.18864499,0.19955195,0.19917019,0.20293488,0.20969799
0.1891697,0.19981487,0.19992419,0.20202895,0.20906234
0.17864875,0.19840997,0.20004408,0.21404056,0.20885661
0.1864486,0.20027196,0.19926907,0.20450851,0.20950188
0.18731211,0.19802482,0.20231701,0.20092377,0.2114223
0.18785736,0.20110856,0.20148459,0.20239328,0.20715621
0.18930998,0.20169188,0.19846685,0.20479184,0.20573944
0.17883936,0.19914965,0.19804719,0.21481135,0.2091524
0.18650107,0.19992049,0.20134892,0.20293237,0.20929715
0.18808831,0.19969516,0.2005169,0.20317851,0.2085211
0.19048062,0.20280679,0.19862881,0.20390472,0.20417906
0.18937105,0.20168135,0.19855109,0.20521982,0.20517676
0.17593567,0.19913146,0.19887088,0.21542515,0.21063684
0.18439671,0.20116925,0.20028092,0.20456532,0.20958784
0.18768995,0.2009904,0.19859466,0.20493464,0.20779036
0.1898292,0.20187056,0.19576652,0.20668423,0.20584948
0.19083862,0.19988866,0.19578125,0.20551704,0.20797443
0.17915869,0.1989356,0.19780599,0.21502621,0.20907348
0.18486075,0.20032659,0.20124398,0.20394292,0.20962574
0.18751161,0.20062086,0.19912203,0.20333602,0.20940946
0.18889487,0.20096801,0.19953515,0.20402318,0.2065788
0.19037062,0.2008016,0.19893795,0.20398353,0.20590629
0.17822145,0.19958243,0.19781192,0.2169794,0.2074048
0.1819053,0.20253088,0.20268631,0.20564035,0.2072372
0.1827438,0.20252445,0.20125891,0.20554441,0.20792848
0.18636139,0.20099072,0.19824037,0.20552778,0.20887974
0.19042538,0.20105867,0.19594294,0.2073236,0.20524943
0.17933522,0.19928153,0.1959797,0.21575797,0.20964557
0.18523538,0.19987786,0.20025715,0.20478854,0.20984109
0.18847038,0.19830826,0.2000842,0.2036719,0.20946524
0.18750885,0.19866519,0.20233557,0.20303167,0.2084587
0.18969075,0.20012507,0.1991818,0.20404598,0.20695642
0.18006945,0.19933137,0.19666094,0.21662377,0.20731452
0.18418485,0.20131999,0.20028198,0.20476706,0.20944615
0.128876,0.30450457,0.24536023,0.3205403,0.0007189152
0.19041815,0.20155627,0.19791393,0.20458454,0.20552714
0.1866061,0.202886,0.19985558,0.20611744,0.20453493
0.17897213,0.19905864,0.19590272,0.21606213,0.2100044
0.18359771,0.20084035,0.19968955,0.20615374,0.20971867
0.18715791,0.20033938,0.19966045,0.2037971,0.20904517
0.18971132,0.20259108,0.19509289,0.20768748,0.20491724
0.19015679,0.20079209,0.1946127,0.20741953,0.20701885
0.17862009,0.19961247,0.19624744,0.21735232,0.2081677
0.18499534,0.1989387,0.19952431,0.20508309,0.21145856
0.18665767,0.20028736,0.19801958,0.20591822,0.20911717
0.18871959,0.1990161,0.19752987,0.20563419,0.20910025
0.18992004,0.19947715,0.19750747,0.20460436,0.20849092
0.17970605,0.19905207,0.19793913,0.2149649,0.20833792
0.18479605,0.20023294,0.1980635,0.20528899,0.21161853
0.18689714,0.19864778,0.19951567,0.20498057,0.2099588
0.18564749,0.19971983,0.19912629,0.20525403,0.21025234
0.19092499,0.1990941,0.19638349,0.2045035,0.20909393
0.17859319,0.19791314,0.1973476,0.21443795,0.21170813
0.1862168,0.19961874,0.1960915,0.20681061,0.21126233
0.18671167,0.19734731,0.19907884,0.20379399,0.21306819
0.18815723,0.19891804,0.19707999,0.20549098,0.21035376
0.19004408,0.19848241,0.19674271,0.20541778,0.209313
0.17871965,0.19856633,0.19678214,0.21521387,0.210718
0.22323775,0.19544882,0.193252,0.19102314,0.19703831
0.19503549,0.2022445,0.19526818,0.20691131,0.20054053
0.19098626,0.20158999,0.19894685,0.20387217,0.20460474
0.18697158,0.2027409,0.19972175,0.20543817,0.20512757
0.18025273,0.19965851,0.19736587,0.21428664,0.20843627
0.18609612,0.20184086,0.19900483,0.20628056,0.20677762
0.18700276,0.2020474,0.19644757,0.20714459,0.2073577
0.18674223,0.1992225,0.20079371,0.2035531,0.20968848
0.18673046,0.20216757,0.19898579,0.20609999,0.20601618
0.17580016,0.19951206,0.19977602,0.21624771,0.20866404
0.18189809,0.20183165,0.20151259,0.2053681,0.20938957
0.18563221,0.20196041,0.19918796,0.20552166,0.20769775
0.18586318,0.2022644,0.1980478,0.20684853,0.20697612
0.18567613,0.2014848,0.1983287,0.20582,0.20869035
0.17676498,0.2004424,0.19499288,0.21976079,0.2080389
0.18181361,0.20378004,0.19677974,0.21032755,0.20729904
0.18436047,0.20062013,0.19728024,0.2076509,0.21008824
0.18531153,0.19958413,0.19929823,0.20543566,0.21037045
0.18596688,0.19973004,0.199121,0.20552787,0.20965424
0.1771401,0.19996323,0.19620822,0.21895912,0.20772932
0.18188722,0.20104298,0.20113051,0.20554924,0.21039006
0.18522619,0.20158178,0.19957875,0.20511132,0.20850201
0.18154627,0.20257275,0.20007887,0.20714653,0.20865557
0.18677992,0.19964087,0.19676879,0.20572509,0.21108538
0.17462546,0.19973406,0.1965984,0.21982305,0.20921902
0.18310605,0.2003885,0.19524416,0.21058017,0.21068107
0.1836522,0.19750029,0.19857074,0.20580557,0.21447119
0.18567573,0.20136909,0.1983256,0.20687023,0.20775935
0.18705249,0.20203575,0.19528976,0.20753115,0.20809083
0.17644735,0.19976571,0.19623128,0.21785831,0.2096974
0.18353274,0.20428175,0.19860965,0.20828146,0.20529437
0.1816329,0.20526093,0.19879031,0.20856388,0.20575199
0.18281676,0.2045706,0.19650766,0.20997389,0.2061311
0.187136,0.2025061,0.19397971,0.20975587,0.20662239
0.17594987,0.19926868,0.19516072,0.21801405,0.21160665
0.18259417,0.20273316,0.19668245,0.209192,0.20879826
0.18316585,0.2010863,0.19920976,0.20767969,0.20885839
0.18651345,0.20122443,0.19624339,0.2076851,0.20833361
0.1875169,0.20197996,0.19506873,0.20798102,0.20745334
0.17586102,0.19979231,0.1939866,0.22052407,0.209836
0.18273266,0.20184284,0.19700347,0.20903312,0.20938788
0.18180469,0.20454015,0.19787194,0.20926504,0.20651817
0.1822568,0.20337588,0.19617419,0.210625,0.20756817
0.18630941,0.20192036,0.19457221,0.21007435,0.20712364
0.17589684,0.19806944,0.19552884,0.21716478,0.2133401
0.18036921,0.20265195,0.19773397,0.21003696,0.20920788
0.18537857,0.20227908,0.19479208,0.20919453,0.20835577
0.18471771,0.20283626,0.19693445,0.20808053,0.20743105
0.18668136,0.20211324,0.1943319,0.21054469,0.20632882
0.1769699,0.19961168,0.19310617,0.2192238,0.21108845
0.18284425,0.20229083,0.19473583,0.21050544,0.2096237
0.18349053,0.20152412,0.1961236,0.20906408,0.20979768
0.18282595,0.20341057,0.19469693,0.21080762,0.20825894
0.18772642,0.20109344,0.19404142,0.2095729,0.20756583
0.1740227,0.19890076,0.19511464,0.21886782,0.21309407
0.18107218,0.2012884,0.1959797,0.21026182,0.21139795
0.18430868,0.202164,0.19409512,0.2104926,0.20893958
0.18640287,0.20160827,0.19288851,0.21032088,0.20877941
0.18776281,0.20156321,0.19313592,0.21016082,0.20737724
0.17753662,0.19988242,0.1931025,0.21995059,0.20952785
0.18258725,0.20366457,0.19608055,0.21037887,0.20728873
0.18487653,0.20157924,0.1933446,0.21067095,0.20952867
0.18605974,0.20183402,0.19299738,0.2115662,0.20754266
0.18817829,0.20098357,0.19260766,0.21064608,0.20758447
0.17542599,0.19979955,0.19237128,0.22168948,0.21071368
0.18047926,0.20079885,0.1977228,0.21117683,0.20982228
0.18556511,0.2018393,0.1928618,0.21114494,0.20858888
0.18658906,0.20034246,0.194265,0.20968676,0.20911671
0.1857934,0.20257945,0.19346395,0.21041161,0.20775156
0.17218886,0.2007563,0.19328985,0.22317787,0.21058713
0.18033633,0.20332783,0.19616953,0.2113079,0.20885837
0.18447223,0.20244911,0.19269657,0.21232474,0.20805736
0.18435405,0.20330809,0.192252,0.21262942,0.20745645
0.1884219,0.19994423,0.19176327,0.21126455,0.20860606
0.1758179,0.19960023,0.19217815,0.22284463,0.20955908
0.18114932,0.20134215,0.19501698,0.21016274,0.21232884
0.18480608,0.20099436,0.1940968,0.21120399,0.20889878
0.18702887,0.20238349,0.19332187,0.21090364,0.20636213
0.1871324,0.2012034,0.1915904,0.21134768,0.20872611
0.17459299,0.19967777,0.19099212,0.22349757,0.21123959
0.1814661,0.20351307,0.19355513,0.21384616,0.20761947
0.18463083,0.20306565,0.19031642,0.2141904,0.20779672
0.18360287,0.19971238,0.19467391,0.21055616,0.21145469
0.18653092,0.20054185,0.19399433,0.21001528,0.2089176
0.17473662,0.19947024,0.19275346,0.22153448,0.21150522
0.18221898,0.20355824,0.19334559,0.2129674,0.2079098
0.18589492,0.2034936,0.19314599,0.21105094,0.20641454
0.18206161,0.20312408,0.1932279,0.21253407,0.20905235
0.18299156,0.20232216,0.19291338,0.21295726,0.20881563
0.17560606,0.19994816,0.19213283,0.22118528,0.21112768
0.18021014,0.20278862,0.19495893,0.21310186,0.20894043
0.18270086,0.1982844,0.19411053,0.21151718,0.213387
0.18526278,0.20065577,0.19392927,0.21193305,0.20821908
0.18549377,0.20046939,0.19183594,0.2122909,0.20991
0.17330256,0.19894546,0.19299756,0.22227852,0.21247593
0.18056823,0.20192818,0.19394378,0.21367684,0.20988297
0.17911859,0.2040724,0.19431831,0.21361312,0.2088776
0.18309627,0.20143826,0.19309053,0.21297567,0.20939933
0.1862926,0.2007576,0.18896072,0.214243,0.20974612
0.17493358,0.19940528,0.19026572,0.22253157,0.21286388
0.18057574,0.20115575,0.19404583,0.21273334,0.21148933
0.18334295,0.20204094,0.19266005,0.21371728,0.20823883
0.18483213,0.20141408,0.1920585,0.2132336,0.20846163
0.18562818,0.20267901,0.19184844,0.21188857,0.20795579
0.1704744,0.20006394,0.19197464,0.22389857,0.21358842
0.1790807,0.20114525,0.19271044,0.21472138,0.21234223
0.18268822,0.2005986,0.19328986,0.21239924,0.2110241
0.18466772,0.19921328,0.19095758,0.2135518,0.21160965
0.18675563,0.19975887,0.18957478,0.21404973,0.209861
0.17406665,0.19975355,0.1902972,0.22360452,0.2122781
0.1794919,0.20291123,0.19316198,0.21492536,0.20950955
0.18155886,0.20211694,0.19158216,0.21469282,0.21004921
0.18436596,0.2007403,0.18909626,0.21543238,0.21036512
0.18543595,0.2024562,0.19191155,0.21199657,0.20819971
0.17352083,0.20073995,0.18848535,0.22642963,0.21082422
0.1791848,0.2011168,0.19196083,0.21686523,0.21087232
0.183335,0.20145856,0.18823694,0.21609627,0.21087322
0.1825111,0.20164384,0.19175316,0.21497749,0.20911437
0.18598323,0.2004845,0.18834788,0.21470013,0.21048428
0.17408612,0.20011114,0.18971443,0.2246006,0.21148774
0.18016419,0.20458888,0.19324124,0.21440724,0.20759852
0.18147382,0.20536704,0.1929407,0.21389331,0.20632511
0.18498626,0.20121083,0.18995596,0.21483156,0.20901537
0.18245769,0.2042429,0.19007756,0.21518283,0.20803905
0.1726516,0.19755574,0.19107342,0.22324696,0.21547227
0.17869732,0.19995429,0.19288921,0.21483454,0.21362463
0.18131849,0.20092772,0.19226126,0.21410868,0.21138388
0.18423006,0.20149186,0.18993427,0.21465014,0.20969367
0.18461944,0.20208994,0.1895819,0.21609303,0.20761572
0.16638239,0.20130941,0.19202888,0.22646007,0.21381922
0.17689975,0.20254634,0.19123696,0.21702391,0.21229304
0.18074802,0.20252594,0.19004682,0.21640617,0.21027309
0.1841419,0.20173542,0.18741553,0.21771476,0.20899242
0.18544054,0.19718286,0.1895688,0.21385662,0.21395122
0.17329669,0.19844654,0.19068447,0.22353429,0.21403798
0.17924835,0.20324543,0.19248037,0.21505049,0.20997533
0.18024144,0.2044603,0.19253127,0.2155097,0.20725729
0.18493909,0.20418037,0.19089907,0.21585132,0.20413014
0.18424746,0.20477018,0.18995546,0.21451764,0.20650922
0.17389317,0.19722651,0.19195569,0.2214876,0.21543708
0.17725165,0.20242427,0.19296122,0.21633801,0.21102484
0.18509738,0.20108448,0.18654469,0.21753585,0.20973763
0.18602897,0.19807112,0.19141276,0.21291643,0.21157074
0.18388669,0.20219488,0.19383243,0.21411534,0.20597069
0.1744413,0.19811797,0.19069402,0.22261469,0.21413206
0.17816983,0.20158522,0.19347978,0.21513939,0.21162581
0.18412825,0.20216958,0.19185776,0.21347098,0.20837344
0.18084711,0.2054247,0.19291306,0.21593806,0.20487705
0.1838084,0.20277053,0.18913431,0.21629122,0.20799556
0.17511262,0.1964707,0.1908843,0.22307487,0.21445753
0.17892458,0.20161332,0.19298059,0.21521431,0.21126716
0.1827083,0.20003195,0.19056682,0.21574159,0.2109513
0.18528417,0.2000312,0.19017065,0.21392713,0.21058685
0.18741603,0.19931918,0.18754749,0.21487889,0.21083844
0.17587249,0.198402,0.19049291,0.22215699,0.21307564
0.17931803,0.2012037,0.19206667,0.21641959,0.21099201
0.18248023,0.20041241,0.19158903,0.21526699,0.21025133
0.18542497,0.2012711,0.18984318,0.21498127,0.20847946
0.18367632,0.2023588,0.18860328,0.21662755,0.20873404
0.17492524,0.19692472,0.18987784,0.22410427,0.21416794
0.18118855,0.20057365,0.19087453,0.21576822,0.21159504
0.18316646,0.20055908,0.19060627,0.21430786,0.2113603
0.18623352,0.19969386,0.18915139,0.21490061,0.21002056
0.18777609,0.20079058,0.18929239,0.21435739,0.20778354
0.17228027,0.19994843,0.18983606,0.22549489,0.21244034
0.1763365,0.2039412,0.1935109,0.2165124,0.20969902
0.1851617,0.1993681,0.18726021,0.21574561,0.21246436
0.1859363,0.19912542,0.18944034,0.2149724,0.21052556
0.1868673,0.19680206,0.18808056,0.21581686,0.21243317
0.1770188,0.19630477,0.18896045,0.2221588,0.21555713
0.18017763,0.20153125,0.19181877,0.21504284,0.21142945
0.18372694,0.20168056,0.19105875,0.2150047,0.2085291
0.18702254,0.19899571,0.18886381,0.21544558,0.20967238
0.1860648,0.20077586,0.18921004,0.21528164,0.20866765
0.17342786,0.19889468,0.18619367,0.22720075,0.21428306
0.18042322,0.1981206,0.18955354,0.21657324,0.21532938
0.18473181,0.19803683,0.18698661,0.21651597,0.21372879
0.18706478,0.19728208,0.18672399,0.21603823,0.21289092
0.18840088,0.19658247,0.18843552,0.2147403,0.21184082
0.17504428,0.1959053,0.19044293,0.22339962,0.21520783
0.17927305,0.20270474,0.19041854,0.21767469,0.20992897
0.18450032,0.20103839,0.18866116,0.21612075,0.2096794
0.18795635,0.20006785,0.18794486,0.21614592,0.20788498
0.18746473,0.19873026,0.18620569,0.21715625,0.21044306
0.17882828,0.19273473,0.18810308,0.22105326,0.21928063
0.18080439,0.20137838,0.18882787,0.218852,0.21013735
0.18448645,0.19964948,0.18679954,0.21917234,0.20989215
0.18573152,0.19682704,0.19001319,0.2157629,0.21166536
0.18490419,0.1988738,0.18897566,0.21649715,0.21074916
0.17725539,0.19487336,0.1890752,0.22368956,0.21510647
0.18153612,0.19967633,0.19063415,0.2165348,0.2116186
0.18640175,0.20058638,0.18982777,0.21508765,0.20809644
0.18428954,0.20398796,0.19074552,0.21634653,0.20463045
0.18276386,0.20403334,0.18822554,0.21854153,0.20643575
0.17553777,0.19508591,0.18692389,0.22468291,0.21776955
0.18028985,0.19894354,0.18894412,0.21745242,0.21437007
0.18337855,0.19667797,0.18929566,0.21642743,0.21422039
0.18591236,0.19813006,0.1883272,0.21651939,0.21111098
0.188133,0.19888635,0.1865327,0.2166483,0.20979962
0.17687938,0.19392692,0.18669654,0.22474876,0.21774837
0.17984286,0.1997993,0.19007753,0.2180908,0.21218951
0.17913836,0.20480157,0.1903313,0.21831411,0.20741464
0.18622677,0.20035122,0.1870211,0.21638677,0.21001415
0.18604463,0.20107098,0.18567686,0.2177183,0.20948923
0.1786776,0.19087347,0.18733907,0.22369188,0.21941794
0.1811054,0.19960077,0.18777901,0.21946374,0.21205106
0.18542266,0.19889922,0.18829529,0.21649212,0.2108907
0.18595584,0.20029482,0.18744428,0.21714571,0.20915937
0.18974511,0.20040514,0.18616305,0.21627441,0.20741226
0.17268354,0.19809937,0.18699014,0.22791462,0.2143123
0.18248688,0.2007316,0.18845358,0.2184822,0.20984577
0.18374868,0.1985825,0.18721785,0.21781771,0.21263327
0.18596207,0.19723482,0.18684404,0.2168754,0.21308367
0.18766879,0.19190335,0.18684787,0.21631154,0.21726842
0.1793751,0.18977562,0.18826418,0.22145678,0.22112836
0.18168163,0.2003754,0.18887685,0.21813345,0.21093263
0.1848259,0.19809672,0.18591698,0.21930031,0.21186012
0.18609305,0.19727747,0.18640947,0.21766376,0.21255624
0.18378659,0.20268445,0.18624245,0.21959783,0.20768872
0.17876905,0.1891562,0.18713759,0.22434661,0.22059056
0.1822069,0.19760443,0.18533072,0.22061417,0.21424378
0.18382113,0.1936664,0.18887916,0.21668243,0.2169509
0.1864422,0.20075876,0.18513255,0.21798924,0.20967728
0.18719925,0.20071821,0.18510967,0.21945803,0.20751488
0.17950734,0.19285461,0.18619463,0.22327769,0.21816576
0.18178548,0.20394383,0.1895116,0.21828848,0.20647061
0.17862391,0.20526622,0.18829955,0.22064577,0.20716457
0.1872286,0.19657311,0.18398714,0.21986903,0.2123421
0.18634881,0.20120832,0.18455397,0.21967739,0.20821154
0.17878178,0.19008483,0.186224,0.22439659,0.22051287
0.18064518,0.200754,0.18855071,0.21836305,0.21168706
0.1848309,0.20329629,0.18579705,0.21941717,0.20665859
0.1868772,0.20264198,0.1858236,0.21954383,0.2051134
0.18581578,0.20292424,0.18418813,0.22082518,0.20624663
0.17111424,0.1949208,0.18719815,0.22789003,0.21887681
0.1776883,0.20203435,0.18605992,0.22269015,0.21152724
0.1851555,0.19523434,0.18475704,0.2199052,0.21494791
0.18659183,0.19886944,0.18154435,0.22160359,0.21139082
0.18826337,0.1968625,0.18424085,0.21873973,0.21189351
0.1786232,0.18917097,0.18558659,0.22560816,0.22101112
0.17977563,0.20342635,0.1864238,0.22133033,0.20904395
0.18403214,0.20501919,0.18538922,0.2210492,0.20451021
0.18919517,0.20165491,0.18284373,0.2192509,0.2070553
0.18523926,0.20523715,0.18412682,0.22087118,0.20452558
0.17912985,0.18747889,0.18640216,0.22495031,0.22203879
0.18129255,0.20086944,0.18544327,0.22068818,0.21170658
0.18501404,0.19958565,0.18187189,0.22264645,0.21088198
0.18687195,0.20183785,0.18509933,0.21943046,0.20676042
0.18635382,0.20644656,0.1837356,0.22049384,0.20297022
0.18121718,0.18484993,0.18649182,0.22460604,0.22283503
0.17884345,0.20288831,0.18707675,0.22279382,0.20839772
0.18635635,0.20588082,0.1835476,0.22077774,0.2034375
0.18171228,0.207333,0.18420367,0.22270456,0.2040465
0.18719518,0.20244129,0.1813537,0.2219644,0.20704542
0.17865433,0.1842634,0.18858305,0.22334242,0.22515681
0.17775646,0.2061507,0.18557306,0.22460006,0.20591974
0.18382344,0.20151706,0.18347515,0.22156264,0.20962171
0.18564136,0.2069448,0.18227094,0.22316264,0.20198026
0.1888727,0.20670946,0.18150277,0.22160755,0.20130749
0.17405485,0.19260095,0.18689759,0.2268033,0.2196433
0.18022875,0.20260532,0.18460496,0.22298622,0.20957473
0.18306424,0.20728946,0.18379922,0.22234967,0.20349744
0.18494703,0.20442738,0.1821175,0.22308022,0.20542789
0.1869511,0.20106512,0.1811874,0.22318754,0.20760879
0.1811403,0.18077545,0.18757816,0.22421099,0.22629508
0.17958468,0.20630875,0.18520606,0.22226974,0.2066308
0.18528509,0.20543417,0.18224663,0.22265302,0.20438111
0.18594058,0.20630942,0.18148988,0.22280279,0.20345733
0.18289763,0.2103872,0.18257396,0.2238689,0.2002723
0.17925626,0.18226843,0.18678965,0.22598197,0.22570369
0.17974517,0.20091322,0.1846492,0.22389823,0.21079417
0.18392698,0.20471473,0.18276423,0.222388,0.20620605
0.18646033,0.20591852,0.18083306,0.22245869,0.20432937
0.18775551,0.20697458,0.1811319,0.22267447,0.20146352
0.1767499,0.18953952,0.18815348,0.22548127,0.22007583
0.17538044,0.21036388,0.18515718,0.22532511,0.20377341
0.18395735,0.2080544,0.18159692,0.22382088,0.20257047
0.18461712,0.20631051,0.18114889,0.22390275,0.20402074
0.18604653,0.20803794,0.18032551,0.22449979,0.20109016
0.18145518,0.18187097,0.18565272,0.22512692,0.22589423
0.17869975,0.20835759,0.18371767,0.22466901,0.20455602
0.18471105,0.21148507,0.1817867,0.22396818,0.19804901
0.18726987,0.21077444,0.18192834,0.2225852,0.19744214
0.18824913,0.2075004,0.17973264,0.22399037,0.20052747
0.18256527,0.18121438,0.18274406,0.22674355,0.2267328
0.17999604,0.20340872,0.18127364,0.2260703,0.20925133
0.18302369,0.20630151,0.18243131,0.22329324,0.2049502
0.18556634,0.20939001,0.18066992,0.22539113,0.19898255
0.18732792,0.21146797,0.18061052,0.22422513,0.19636847
0.18089856,0.18425761,0.1835958,0.22678429,0.22446372
0.17468584,0.21266153,0.18391147,0.22703561,0.20170559
0.18275496,0.20781294,0.18121457,0.22644342,0.20177412
0.18324254,0.2096772,0.17963877,0.22654344,0.20089807
0.18642531,0.20631985,0.1791175,0.2252622,0.20287518
0.1829507,0.17893052,0.18410595,0.227404,0.22660883
0.17851152,0.21006718,0.18351838,0.22653356,0.20136932
0.18528502,0.21266901,0.18076138,0.22549939,0.19578521
0.18405484,0.21438709,0.18216522,0.22460987,0.19478309
0.18450728,0.21181084,0.17912754,0.22649069,0.19806367
0.18150023,0.18062025,0.18413939,0.22697094,0.22676927
0.178518,0.20917198,0.18196307,0.22677062,0.20357637
0.18483663,0.20845827,0.17734206,0.22690596,0.20245712
0.18615608,0.2128974,0.1787015,0.22566143,0.19658354
0.18793654,0.21243638,0.17780462,0.22579248,0.19602999
0.17499457,0.18651566,0.18471996,0.22987308,0.2238967
0.18131311,0.20967805,0.1804131,0.2271253,0.20147046
0.1814318,0.21349144,0.18134893,0.22721198,0.19651584
0.185481,0.21051654,0.1782219,0.2271475,0.19863303
0.1866526,0.20876011,0.17923851,0.22538301,0.19996573
0.17597018,0.17643945,0.18287025,0.22713864,0.23758154
0.18084583,0.21356896,0.18186487,0.22793564,0.19578469
0.18323463,0.21173593,0.17910084,0.22771946,0.1982091
0.1852147,0.2152438,0.1786345,0.22696978,0.19393727
0.18757024,0.21078628,0.17654347,0.22788143,0.19721858
0.17591962,0.1744934,0.1831957,0.22679201,0.23959929
0.17990127,0.2098969,0.18004122,0.22824611,0.2019145
0.1835245,0.21203136,0.17977825,0.22757713,0.19708881
0.1846071,0.21346305,0.17833656,0.22861625,0.19497705
0.18705359,0.21349058,0.17652272,0.22674614,0.19618702
0.18299389,0.1847877,0.17864099,0.2322161,0.22136132
0.17865427,0.2110091,0.17908508,0.23025283,0.20099868
0.18347505,0.21080051,0.1752056,0.23027341,0.20024544
0.18467511,0.20700449,0.17781061,0.22687322,0.20363654
0.18603882,0.21249586,0.17579073,0.22912186,0.19655278
0.17933595,0.17111564,0.18211146,0.22562334,0.24181364
0.20063172,0.20559007,0.18923302,0.22081736,0.18372783
0.20466214,0.20497105,0.1915889,0.2129386,0.18583931
0.20738769,0.20226957,0.19315009,0.2115819,0.18561074
0.20894374,0.20220536,0.19274624,0.21162778,0.18447685
0.20888656,0.20293446,0.19206905,0.21064128,0.18546864
0.20088877,0.20729584,0.18836376,0.21845761,0.18499404
0.20629683,0.20433718,0.1911723,0.21229827,0.18589534
0.20805995,0.20263237,0.19248393,0.2109548,0.18586893
0.20950073,0.20356017,0.19092692,0.21245614,0.18355605
0.21075635,0.20290488,0.19087824,0.21172863,0.18373194
0.20134035,0.20742738,0.18786293,0.21803646,0.18533282
0.20562151,0.20616697,0.18988603,0.21187308,0.18645237
0.20807979,0.2039959,0.1916545,0.21012767,0.18614215
0.20970319,0.2034725,0.19075167,0.21119988,0.18487273
0.21057439,0.20191388,0.19182868,0.20942733,0.18625575
0.20165123,0.20730373,0.18798988,0.21659243,0.1864627
0.20621386,0.2052172,0.19038613,0.20935842,0.1888244
0.20792237,0.20515731,0.19005242,0.21130958,0.1855583
0.21002258,0.20349558,0.19084737,0.21118535,0.18444915
0.21035504,0.2029267,0.19079202,0.20943221,0.18649402
0.20136057,0.20816404,0.18754238,0.21770059,0.18523242
0.20782399,0.20415631,0.1898846,0.21118715,0.1869479
0.20868722,0.20456195,0.18966272,0.20945607,0.18763205
0.20978323,0.20384304,0.19019488,0.20841496,0.1877639
0.21106036,0.20473197,0.18831459,0.2127241,0.18316895
0.2020011,0.20730646,0.18797548,0.21522087,0.1874961
0.2078223,0.20618668,0.18752289,0.21184058,0.18662755
0.20808285,0.20491189,0.18969384,0.20887989,0.18843156
0.21045004,0.2040866,0.189739,0.21193609,0.18378821
0.20952363,0.20492664,0.18986736,0.20955504,0.18612732
0.20175254,0.20812556,0.18756177,0.21619779,0.18636237
0.20841834,0.20551136,0.18805534,0.21183231,0.18618266
0.2097288,0.20478669,0.1898179,0.21178865,0.18387797
0.20924842,0.20441352,0.19106548,0.20966594,0.18560664
0.2091362,0.20416631,0.19098629,0.20835276,0.18735847
0.20169419,0.20777673,0.18795794,0.21495432,0.18761685
0.20788541,0.20477593,0.18964629,0.21011852,0.1875738
0.2085049,0.20444159,0.1904595,0.2066732,0.18992081
0.21125282,0.20338233,0.19007947,0.20958081,0.18570454
0.21047737,0.20382392,0.19050126,0.20872457,0.18647283
0.2022291,0.2074153,0.18847017,0.21393503,0.18795033
0.20809029,0.2051381,0.18956825,0.21047631,0.18672706
0.21012396,0.2044434,0.18901613,0.20916896,0.18724753
0.21050435,0.20289649,0.19148512,0.20734146,0.18777259
0.21073203,0.20399714,0.18979461,0.20775414,0.18772207
0.20325628,0.2073773,0.18813364,0.21610367,0.18512906
0.20707491,0.20593654,0.18996967,0.21173866,0.18528022
0.20845243,0.20404446,0.19175392,0.20585318,0.18989602
0.20968942,0.20398487,0.1916022,0.20725676,0.18746673
0.21149851,0.20279044,0.19135258,0.20847996,0.1858785
0.20253217,0.20693871,0.18904541,0.21446532,0.18701836
0.20809343,0.20538782,0.18930504,0.2090557,0.18815796
0.2088429,0.20450792,0.19094323,0.20693211,0.18877384
0.21109618,0.20408936,0.19035348,0.20917425,0.18528673
0.21075118,0.20433508,0.19030151,0.20746326,0.187149
0.20234041,0.20688453,0.18992727,0.21242853,0.18841925
0.20794894,0.20513472,0.19044916,0.20684315,0.18962401
0.20947507,0.20428495,0.19131923,0.2078289,0.18709186
0.21090607,0.20326342,0.19151913,0.20698708,0.18732429
0.21079391,0.20413473,0.1912488,0.20653121,0.18729132
0.20188992,0.20723538,0.18972613,0.21302372,0.18812487
0.20757733,0.20559914,0.19020362,0.2073117,0.18930815
0.20968625,0.20323737,0.19212309,0.20524135,0.18971191
0.21056016,0.2038913,0.19104598,0.20595467,0.18854791
0.21070756,0.20367196,0.19166474,0.2048551,0.18910065
0.20305562,0.2066554,0.18960282,0.21330582,0.18738036
0.20884758,0.20424104,0.19097976,0.20697643,0.18895523
0.21069463,0.20315573,0.1919659,0.20595759,0.18822616
0.21217555,0.20228805,0.19178501,0.20615613,0.18759528
0.21173774,0.20370884,0.19148092,0.20606847,0.18700399
0.20315365,0.20690264,0.18983176,0.21224661,0.18786532
0.20872998,0.2051914,0.19019331,0.20817845,0.1877069
0.21030396,0.20418893,0.1920279,0.20718043,0.18629882
0.2118083,0.20311908,0.19142252,0.20521662,0.18843342
0.21268043,0.20222242,0.19170564,0.204421,0.18897049
0.20354864,0.20571269,0.19117104,0.21040677,0.18916085
0.20849352,0.2045122,0.19125736,0.20522603,0.1905109
0.21097091,0.20281157,0.19263014,0.20446613,0.18912126
0.21162798,0.20466372,0.19003591,0.20638555,0.18728685
0.21234752,0.20310041,0.19188304,0.20605272,0.18661626
0.20317379,0.20614515,0.19114277,0.2108531,0.18868521
0.20979683,0.20427014,0.19052789,0.20594957,0.18945561
0.21136713,0.20364568,0.19173104,0.20541666,0.18783946
0.21210954,0.20241557,0.19275491,0.20349029,0.18922971
0.21220474,0.2039965,0.1919434,0.20657443,0.18528095
0.20416823,0.20648834,0.1900263,0.21096629,0.18835086
0.20962784,0.20456085,0.19155699,0.20569727,0.18855706
0.21053077,0.20444886,0.19164917,0.20510922,0.18826194
0.21161556,0.2034098,0.19230178,0.20349908,0.18917382
0.21220095,0.20286779,0.19277313,0.20372748,0.18843059
0.20361336,0.205569,0.19179133,0.20851497,0.19051135
0.2092433,0.20413813,0.19235985,0.20407033,0.19018833
0.21178411,0.20284353,0.19265927,0.20258555,0.19012752
0.2124852,0.20413198,0.19095273,0.20435196,0.18807815
0.21243384,0.20331912,0.19215463,0.20288044,0.18921195
0.2049772,0.2057687,0.19027655,0.2104129,0.18856469
0.21061948,0.20423411,0.19127922,0.2049308,0.18893646
0.21124864,0.20378794,0.19276284,0.2050827,0.18711786
0.21316583,0.20238516,0.19221483,0.20328528,0.18894888
0.21353394,0.20152952,0.19308285,0.20099567,0.19085804
0.20449495,0.20599125,0.19097257,0.20907524,0.189466
0.20963524,0.2037771,0.19274215,0.20157856,0.19226696
0.21173762,0.20289339,0.19208889,0.20186092,0.19141924
0.21293879,0.20366396,0.19188514,0.20296133,0.18855081
0.21282576,0.20329721,0.19217823,0.20264475,0.18905406
0.2039503,0.20574589,0.19217376,0.20883767,0.18929237
0.20998786,0.20449716,0.1915922,0.20396847,0.1899543
0.2119668,0.20361139,0.19198366,0.20405701,0.18838115
0.21342187,0.20210746,0.1931767,0.20295137,0.18834263
0.21357183,0.20207095,0.19287446,0.20156448,0.18991828
0.20560616,0.2057402,0.19103467,0.2088047,0.1888143
0.21024586,0.20386453,0.19233058,0.20355514,0.19000393
0.21175085,0.2035377,0.19235376,0.20204057,0.19031712
0.21356747,0.2036386,0.19138484,0.20342033,0.18798877
0.21400908,0.20315109,0.19186985,0.20366138,0.18730856
0.20405497,0.2051694,0.19363399,0.20850764,0.18863398
0.21124107,0.20438148,0.1911795,0.20455645,0.18864149
0.21213359,0.20307726,0.19364502,0.20098507,0.19015904
0.21262686,0.20313281,0.19265741,0.20125602,0.19032688
0.2137648,0.20359054,0.19220325,0.20373794,0.18670346
0.20467837,0.20583147,0.19133218,0.20838098,0.18977697
0.21031836,0.20378205,0.1926836,0.20230539,0.19091055
0.21320671,0.20256656,0.1925325,0.20132925,0.190365
0.21298616,0.2033661,0.19302604,0.20238504,0.18823662
0.21325597,0.2035579,0.19219089,0.20164683,0.18934846
0.20499264,0.20560536,0.19059445,0.20768648,0.19112109
0.21102098,0.20391122,0.19263801,0.20309484,0.18933494
0.2126192,0.20382018,0.19204326,0.20342363,0.18809369
0.21366292,0.20233977,0.19247475,0.2007661,0.19075643
0.21315628,0.20384063,0.19190904,0.20117654,0.18991755
0.20480075,0.2054895,0.1913012,0.2076606,0.1907479
0.21047649,0.20428488,0.19182095,0.2019767,0.19144098
0.21163464,0.20276842,0.19359358,0.20005158,0.19195183
0.21199499,0.20415658,0.19334783,0.20245844,0.18804216
0.21385038,0.20274165,0.19223292,0.20150824,0.18966681
0.20531598,0.20568947,0.19096218,0.20870687,0.18932553
0.21056858,0.20420057,0.19238363,0.20378003,0.18906716
0.21222292,0.20382293,0.19262588,0.20216681,0.18916146
0.21344139,0.2027989,0.19185804,0.20067771,0.19122393
0.21425442,0.2031766,0.1924421,0.20276,0.18736686
0.2050047,0.20477055,0.19287688,0.2062647,0.19108315
0.21117309,0.20309536,0.19287686,0.20155153,0.19130316
0.21209002,0.20421456,0.1932527,0.20206144,0.18838125
0.21395391,0.20336652,0.19224235,0.20301667,0.18742053
0.2133587,0.20303641,0.19315478,0.20134194,0.18910812
0.20495203,0.2054335,0.19141532,0.20811108,0.19008808
0.21097068,0.20470946,0.19156273,0.20338123,0.18937592
0.21232253,0.20319876,0.19289528,0.19989085,0.19169258
0.21393858,0.20369034,0.19186682,0.20049258,0.19001171
0.21449253,0.20319535,0.19304542,0.20153302,0.18773371
0.20473623,0.20502925,0.19264981,0.2055975,0.19198725
0.21151358,0.20306747,0.19330576,0.2021679,0.18994524
0.21312967,0.2036246,0.19276951,0.20108803,0.18938819
0.2123868,0.20344378,0.19404835,0.20094536,0.18917572
0.21377088,0.20274647,0.19357106,0.20085837,0.1890532
0.20508939,0.2048454,0.1924857,0.20611896,0.19146053
0.21236072,0.20304883,0.19308963,0.20211044,0.18939038
0.21332245,0.20337437,0.1917565,0.20029779,0.19124886
0.21253143,0.20330912,0.19453008,0.19991335,0.18971604
0.21486108,0.20285589,0.19280104,0.20102637,0.18845566
0.20511553,0.20510948,0.19182864,0.20609859,0.19184783
0.21169809,0.20420367,0.19248858,0.20335339,0.18825625
0.2134159,0.20339265,0.19234535,0.2008311,0.19001497
0.21462953,0.203312,0.19264002,0.20210986,0.18730858
0.21414264,0.20355831,0.19256665,0.20182498,0.18790741
0.20555757,0.20515387,0.19194265,0.20759283,0.18975309
0.21153599,0.20460707,0.19235761,0.20243688,0.18906246
0.21297246,0.20313929,0.19423288,0.20080559,0.18884973
0.21390454,0.2023646,0.19407754,0.19901802,0.19063531
0.21523538,0.2036953,0.19184384,0.2012178,0.18800768
0.20573163,0.20463718,0.19264582,0.20611778,0.19086759
0.21061175,0.203538,0.1944518,0.1999446,0.19145387
0.21369547,0.20233203,0.19385354,0.19896074,0.19115822
0.21409485,0.20306027,0.19427863,0.20168084,0.18688537
0.21440148,0.20268427,0.19369136,0.19968678,0.18953606
0.2065203,0.20421544,0.19315132,0.20515941,0.19095346
0.2101521,0.2037777,0.19458206,0.20068227,0.19080587
0.2131094,0.20235391,0.19469419,0.19759023,0.19225226
0.21464126,0.20328921,0.19294894,0.20063849,0.18848208
0.21502773,0.20236444,0.19455875,0.20055325,0.18749586
0.20535065,0.20436,0.19366112,0.20512621,0.19150198
0.21027921,0.20389225,0.1948329,0.20047592,0.19051972
0.21279886,0.2029368,0.19434778,0.19898142,0.19093512
0.21430281,0.20269196,0.19433486,0.19889593,0.18977442
0.21481447,0.20284195,0.19430955,0.20112643,0.18690757
0.20726365,0.20442507,0.19235578,0.20567186,0.1902836
0.21085154,0.20374596,0.19509266,0.20071615,0.18959369
0.21343315,0.20304532,0.19402584,0.19941886,0.1900768
0.21472096,0.20337516,0.19340801,0.20126557,0.18723026
0.21610261,0.2029026,0.19277544,0.20052399,0.18769535
0.20694302,0.20449373,0.19246484,0.20680046,0.1892979
0.2107326,0.20423985,0.19434175,0.20026626,0.19041954
0.21359575,0.20291187,0.19439745,0.19885068,0.19024423
0.21428226,0.20211405,0.19526617,0.19873098,0.18960656
0.21552464,0.20312569,0.19397707,0.19952233,0.1878503
0.20609862,0.20409815,0.19292273,0.20532435,0.19155616
0.21055251,0.20302,0.19603844,0.19959049,0.19079852
0.21376835,0.20286117,0.19522054,0.1994534,0.1886965
0.21395816,0.20280686,0.19548063,0.19921024,0.18854411
0.21496625,0.20191662,0.1952847,0.19825569,0.18957677
0.20650744,0.20384555,0.19372028,0.20486845,0.19105825
0.21197264,0.2037608,0.19375384,0.20033143,0.19018123
0.21398962,0.20250234,0.1945028,0.19843207,0.1905732
0.21404131,0.20300096,0.19509536,0.19925874,0.18860361
0.21602443,0.20200947,0.19522199,0.19914052,0.18760361
0.20685954,0.20424436,0.19298355,0.2067578,0.18915477
0.21192025,0.20335265,0.19493169,0.19940773,0.19038768
0.21329877,0.20349962,0.19414285,0.20008029,0.18897848
0.21567029,0.20321138,0.19312093,0.19910535,0.18889205
0.21574806,0.2028871,0.19405346,0.19972566,0.18758568
0.2069881,0.20420662,0.19268502,0.20357554,0.19254477
0.21161851,0.20386818,0.19489758,0.20046699,0.18914874
0.21464005,0.20247515,0.19487277,0.19866563,0.1893464
0.21504432,0.20218618,0.19506185,0.19790922,0.18979843
0.21591401,0.20293222,0.1945351,0.19937593,0.18724276
0.2073437,0.20387323,0.19213311,0.20346731,0.19318263
0.21193466,0.20379534,0.1949725,0.19940978,0.18988773
0.2132858,0.20379706,0.19507483,0.19971341,0.18812886
0.21616673,0.20169808,0.19449829,0.1986673,0.18896963
0.21607308,0.20269808,0.19577685,0.19956017,0.18589182
0.20661378,0.20366803,0.19459939,0.20377542,0.19134344
0.21135618,0.202841,0.19637285,0.1984744,0.19095558
0.21483162,0.2032309,0.1945024,0.19986737,0.18756764
0.21591307,0.2022704,0.1950503,0.1977487,0.1890175
0.21727031,0.20149669,0.19514321,0.19787559,0.18821415
0.20714207,0.20367996,0.19347213,0.20668001,0.18902582
0.213477,0.20235825,0.19526559,0.1982751,0.19062409
0.21400106,0.20194916,0.19680198,0.19821967,0.18902817
0.21586432,0.20246634,0.1953234,0.1986795,0.18766649
0.21621083,0.20255376,0.1956817,0.19942701,0.18612666
0.20669323,0.2040125,0.19368795,0.2056962,0.18991019
0.21267357,0.20322198,0.19566979,0.19901338,0.18942124
0.21398997,0.20260757,0.19657026,0.19775048,0.18908168
0.21666628,0.20250893,0.19489409,0.19788326,0.1880475
0.2171376,0.20203905,0.19536799,0.1976684,0.18778697
0.20608653,0.2038193,0.1946901,0.20394409,0.19146004
0.21246527,0.20293722,0.19603944,0.1998635,0.18869455
0.21446496,0.20273577,0.19685696,0.19776648,0.18817584
0.21541987,0.20260914,0.1973717,0.19741462,0.1871847
0.2173015,0.20187163,0.1956414,0.1982658,0.18691963
0.20583738,0.20362997,0.19510263,0.20373367,0.19169635
0.21173398,0.20336178,0.19654241,0.19890155,0.18946026
0.21435331,0.20271386,0.19684389,0.19815257,0.18793641
0.21584874,0.20291854,0.19635084,0.19827133,0.1866105
0.21786053,0.20169729,0.19581495,0.19797023,0.18665698
0.20533688,0.20356409,0.19554175,0.20314002,0.19241723
0.2111117,0.20337941,0.19755112,0.19837655,0.1895812
0.21577206,0.20248567,0.19514216,0.19796968,0.18863034
0.21712117,0.20255278,0.1950235,0.1987398,0.18656272
0.21736057,0.20197244,0.19574887,0.19727439,0.18764374
0.20672481,0.20306288,0.19455476,0.20332076,0.19233684
0.21118037,0.20289655,0.19794299,0.19760427,0.1903758
0.21444154,0.20214102,0.19753613,0.19796915,0.18791215
0.21545279,0.2026253,0.19790639,0.1983496,0.1856659
0.21676517,0.20171452,0.19685146,0.19694678,0.18772206
0.20663287,0.20306407,0.1953735,0.20274131,0.1921882
0.21253334,0.20336129,0.19486538,0.19825844,0.19098154
0.2153563,0.2023751,0.19613907,0.19759153,0.18853803
0.21664236,0.20247334,0.19660687,0.19863623,0.1856412
0.21661942,0.2017427,0.19798303,0.19599032,0.18766455
0.20657678,0.20335016,0.19435474,0.20464213,0.19107619
0.2116558,0.2032333,0.19712718,0.19799076,0.18999296
0.21490833,0.20187956,0.19808124,0.19837175,0.18675911
0.21666703,0.2025659,0.196604,0.19750904,0.18665406
0.21900393,0.20290498,0.19446456,0.19634378,0.18728276
0.20670526,0.20326018,0.19410272,0.20307806,0.19285376
0.21198194,0.20263138,0.19743218,0.19643109,0.19152345
0.21538295,0.2031265,0.19745044,0.1982834,0.18575665
0.21580988,0.20188108,0.19958498,0.19836545,0.18435858
0.21718645,0.2037589,0.19671045,0.19825758,0.18408662
0.20597962,0.20341784,0.194406,0.2057099,0.19048668
0.2108819,0.2029787,0.1991544,0.1976099,0.18937506
0.21526664,0.20332794,0.19758992,0.19630258,0.18751296
0.21679166,0.20215763,0.19764782,0.19609566,0.18730725
0.21701685,0.20165572,0.19964544,0.1973231,0.1843589
0.20477776,0.20362903,0.19497968,0.20377907,0.19283447
0.21076252,0.2034129,0.1985658,0.19824514,0.18901363
0.21603818,0.20325918,0.19831677,0.20006232,0.18232352
0.21694794,0.20273507,0.19668181,0.19616167,0.1874735
0.22057635,0.19921903,0.19673051,0.19644518,0.18702894
0.20470344,0.20341587,0.19694668,0.20374748,0.1911865
0.25727123,0.14103237,0.18799637,0.19864635,0.2150537
0.22326128,0.20172797,0.19367832,0.19950795,0.18182443
0.22033621,0.20076884,0.19781265,0.19486988,0.18621244
0.21974947,0.2027785,0.19674394,0.19815111,0.18257704
0.20662783,0.20309508,0.1962011,0.20368735,0.19038865
0.21300055,0.20372893,0.1986658,0.19915946,0.18544526
0.21669826,0.20387474,0.19750471,0.200265,0.1816573
0.21805748,0.20162375,0.19848295,0.19842397,0.18341184
0.21839003,0.20065713,0.1986356,0.19584921,0.186468
0.20527232,0.20381261,0.19448419,0.20588109,0.19054985
0.21254313,0.2040542,0.1978199,0.19813295,0.18744981
0.21797432,0.20197372,0.19772379,0.1978393,0.18448888
0.21877056,0.2012901,0.19938298,0.1972508,0.18330558
0.21849689,0.20154266,0.19860886,0.19581476,0.18553685
0.20570393,0.20367353,0.19413534,0.20861393,0.18787326
0.2096771,0.20475136,0.20103641,0.19753125,0.18700391
0.21499476,0.20337439,0.20138834,0.19739108,0.18285143
0.21839523,0.20186308,0.1983006,0.19637029,0.18507081
0.21748039,0.20199116,0.2001304,0.19702503,0.18337308
0.20424856,0.20380808,0.19581234,0.20529163,0.19083938
0.21165562,0.2041293,0.20000833,0.1973679,0.18683884
0.21582825,0.20316873,0.20063989,0.19804856,0.18231457
0.21821998,0.20170651,0.19984885,0.19499196,0.18523265
0.21927471,0.20062506,0.19986914,0.195211,0.18502007
0.20433037,0.20411997,0.19629431,0.2070529,0.18820249
0.21326141,0.20234893,0.20095815,0.19771653,0.18571502
0.21546136,0.20263486,0.20217364,0.19630326,0.18342692
0.21844868,0.20164706,0.19939126,0.1964343,0.18407868
0.21906108,0.2009587,0.19999142,0.19518822,0.18480058
0.20477594,0.20418966,0.19601631,0.20659466,0.18842341
0.21268135,0.20321137,0.20111796,0.19693798,0.18605126
0.21593581,0.20317896,0.20191605,0.19747688,0.18149233
0.21895358,0.2016863,0.20049971,0.19513793,0.18372251
0.21894246,0.20086546,0.20155333,0.19652897,0.18210976
0.20464143,0.20467228,0.19529471,0.20675534,0.18863623
0.21264128,0.20317096,0.20310391,0.19697282,0.18411104
0.2171093,0.20311293,0.20180514,0.1967062,0.1812665
0.21844009,0.2013951,0.20232819,0.19654393,0.18129267
0.22004135,0.20046264,0.2006351,0.1957409,0.18312001
0.2066902,0.20390078,0.19506629,0.20825411,0.18608864
0.21428229,0.20323558,0.19978125,0.19690873,0.18579216
0.21628436,0.20115505,0.20236148,0.19528422,0.18491487
0.21952035,0.20175846,0.20121285,0.19737686,0.18013145
0.21839753,0.20221965,0.20296766,0.19795468,0.1784605
0.20490183,0.20452647,0.19399527,0.20857464,0.18800181
0.21306783,0.20402701,0.2034116,0.19953355,0.17995997
0.2160896,0.20146406,0.20398793,0.19623333,0.18222506
0.21981579,0.20261796,0.20106094,0.19591278,0.18059249
0.2181541,0.20402768,0.20232269,0.19835426,0.17714122
0.20414479,0.20481315,0.19575115,0.20648584,0.18880506
0.21238193,0.20530611,0.20330104,0.19967772,0.17933321
0.21620129,0.20310526,0.20442927,0.19657755,0.17968667
0.21830085,0.20092785,0.20471379,0.19401976,0.1820377
0.21950786,0.20376547,0.20282595,0.19929695,0.1746038
0.20232016,0.20534326,0.19781716,0.20952444,0.184995
0.1984015,0.2021723,0.19364208,0.2135069,0.1922772
0.20429674,0.19859634,0.19597434,0.20774534,0.19338723
0.20554239,0.19940522,0.19513854,0.20818244,0.19173141
0.20519616,0.19907668,0.19687462,0.20713985,0.19171269
0.20657702,0.19807896,0.19625406,0.20737848,0.19171152
0.19838534,0.20349498,0.19347167,0.21189965,0.19274841
0.2036104,0.20227297,0.19399892,0.20829667,0.19182104
0.2058715,0.20026478,0.19432008,0.20733997,0.19220366
0.2064745,0.19932626,0.19518311,0.20621006,0.19280605
0.20835894,0.19998972,0.19339946,0.20935091,0.18890096
0.1984438,0.20361334,0.19361134,0.21242596,0.19190554
0.20361389,0.20187657,0.19397898,0.20667373,0.19385685
0.20579986,0.20006879,0.19454886,0.20580867,0.19377382
0.20653152,0.20116195,0.19332597,0.2052592,0.19372135
0.207148,0.20116451,0.19325267,0.20765948,0.19077529
0.19880775,0.20430094,0.19207248,0.21050161,0.19431724
0.20260356,0.20364812,0.19303085,0.20675015,0.1939673
0.2051135,0.20173144,0.19342366,0.20668107,0.19305031
0.20640281,0.20226887,0.19232759,0.20854382,0.19045691
0.2073983,0.20158121,0.19234803,0.2079026,0.19076988
0.19869462,0.20554958,0.19134356,0.21237312,0.1920392
0.20324591,0.20373958,0.19197755,0.20726204,0.19377495
0.20536748,0.20229863,0.19347626,0.20746054,0.19139709
0.20569925,0.20238364,0.19294803,0.20611666,0.19285244
0.20494373,0.20256165,0.19372766,0.20652443,0.19224256
0.19728346,0.20602168,0.19211534,0.21187022,0.19270931
0.2045045,0.20342764,0.19121473,0.20753399,0.19331917
0.2049138,0.20282339,0.19286136,0.20536667,0.19403483
0.20603164,0.2020191,0.19276103,0.2058143,0.19337396
0.20636499,0.20294066,0.19167243,0.20764245,0.19137949
0.19805977,0.20561995,0.19091417,0.21144587,0.19396025
0.20443682,0.20347665,0.19149792,0.2084515,0.19213714
0.20449202,0.20329174,0.19240628,0.20756201,0.19224794
0.20602626,0.20325477,0.19143207,0.20739824,0.19188866
0.2060202,0.20313968,0.19177286,0.20667347,0.1923938
0.19705944,0.2066591,0.19069985,0.21150292,0.19407867
0.20342784,0.20397332,0.1924969,0.20612313,0.1939788
0.20464838,0.2041015,0.19119674,0.20563881,0.19441456
0.20543042,0.20363615,0.19160028,0.20597243,0.19336069
0.20532113,0.20348135,0.19236255,0.20585926,0.19297573
0.19785833,0.20655558,0.18962935,0.21190608,0.19405067
0.20239209,0.2047929,0.19186756,0.2060531,0.19489433
0.2045364,0.20385063,0.19252667,0.20670569,0.19238059
0.20526072,0.2037157,0.19175671,0.20569533,0.19357151
0.2052145,0.2030209,0.19256699,0.20416857,0.19502904
0.19772346,0.20622578,0.19098282,0.21052082,0.19454707
0.20276406,0.20427951,0.1922044,0.2058904,0.19486164
0.20463419,0.20373897,0.1919265,0.20526159,0.1944388
0.20505595,0.20472069,0.19168818,0.20597331,0.19256185
0.20598574,0.20405498,0.19145921,0.20537096,0.19312909
0.1969376,0.2069954,0.1909108,0.20973034,0.19542582
0.2026597,0.20589916,0.19060263,0.20637347,0.19446498
0.20388372,0.2054357,0.19095467,0.20586818,0.19385776
0.20599607,0.20491143,0.1892743,0.20627859,0.19353963
0.20516999,0.20501101,0.19084708,0.20508748,0.19388446
0.19804642,0.2069643,0.18960166,0.21053278,0.19485484
0.20257457,0.2058025,0.19066063,0.2067963,0.194166
0.20444264,0.20499544,0.19104378,0.2067176,0.1928005
0.206313,0.2039055,0.19050121,0.20482156,0.19445871
0.2047402,0.20457879,0.19258282,0.20501713,0.19308104
0.19806194,0.20705815,0.18956897,0.21147121,0.19383974
0.20286901,0.20520061,0.19154014,0.20553644,0.19485383
0.20412722,0.20510155,0.19032186,0.2026725,0.19777684
0.2049096,0.20483002,0.19141561,0.20331392,0.19553086
0.20521891,0.20489152,0.19063076,0.20272486,0.19653395
0.19846192,0.20670877,0.19007935,0.21059343,0.19415651
0.202785,0.20627356,0.18989292,0.2059767,0.19507183
0.20530279,0.20483716,0.18982983,0.204702,0.19532819
0.20555651,0.20489329,0.19088292,0.2051864,0.19348091
0.20545307,0.20523722,0.19016403,0.20337935,0.19576631
0.19791295,0.20740524,0.18946487,0.21119232,0.19402464
0.20302095,0.2059103,0.19000146,0.20467724,0.19638999
0.20522833,0.20531605,0.18956181,0.20486094,0.19503286
0.20490481,0.20485976,0.19164671,0.20271474,0.19587398
0.20577535,0.20466311,0.19098306,0.20306589,0.19551262
0.19831662,0.2067178,0.19046311,0.20794417,0.19655833
0.20339303,0.20508777,0.1916439,0.20386413,0.19601123
0.20526855,0.20455883,0.19153272,0.20390314,0.19473676
0.20566212,0.20505832,0.19108774,0.20379944,0.19439241
0.20663151,0.20438732,0.19127044,0.20313878,0.19457193
0.19928952,0.20686729,0.18912469,0.21185789,0.19286063
0.20391685,0.20585327,0.18990512,0.2040108,0.19631393
0.20551814,0.20559353,0.19019979,0.20563851,0.19305003
0.20672864,0.20457706,0.18990031,0.20407559,0.19471839
0.2067975,0.20412464,0.1908682,0.2026812,0.19552845
0.19786079,0.20682262,0.19040164,0.20871714,0.19619781
0.2032983,0.20530787,0.19157596,0.20411238,0.19570544
0.20583494,0.20445235,0.19152157,0.20264953,0.1955416
0.2067831,0.2053023,0.18974416,0.20570695,0.19246349
0.20749871,0.20431882,0.1904483,0.20283492,0.19489929
0.1981612,0.20707165,0.19006965,0.20882878,0.19586872
0.20364757,0.2054828,0.19041212,0.20387037,0.19658712
0.2059124,0.2046373,0.19095509,0.20366128,0.19483398
0.20692253,0.20380574,0.19174331,0.20212711,0.19540131
0.20691665,0.20416132,0.19121508,0.20239423,0.19531277
0.19856337,0.20644695,0.1905942,0.20795102,0.19644445
0.2046322,0.20557405,0.18920897,0.20398134,0.1966035
0.20595522,0.20467874,0.19085518,0.2023248,0.1961861
0.20677325,0.20472674,0.19077024,0.2022518,0.19547796
0.20751874,0.20445539,0.19047782,0.20316577,0.19438227
0.19867834,0.20690924,0.19025926,0.20898752,0.19516559
0.20400247,0.20542769,0.19106625,0.20400256,0.195501
0.20532653,0.20495717,0.19144855,0.20195888,0.19630884
0.20625027,0.20372929,0.19221582,0.19979078,0.19801383
0.20713195,0.2048601,0.19064595,0.20281993,0.19454205
0.1989579,0.20595525,0.19160594,0.20759055,0.19589029
0.20433125,0.20560968,0.1903284,0.20375194,0.19597876
0.20538576,0.2052557,0.1917475,0.20286185,0.19474918
0.20563447,0.20452268,0.19185777,0.2008142,0.19717088
0.2061783,0.20412476,0.19200337,0.19922164,0.19847193
0.19820787,0.20664385,0.19019867,0.20808727,0.19686237
0.20334896,0.20523919,0.19116257,0.20178904,0.19846024
0.20497772,0.20499258,0.1918823,0.20163734,0.19651008
0.20669384,0.204769,0.19080248,0.20132528,0.19640939
0.2060391,0.20519109,0.1912934,0.20245858,0.19501786
0.19814503,0.20669878,0.1906907,0.20833534,0.19613017
0.20322746,0.205668,0.19144557,0.20329717,0.19636181
0.20552601,0.20464718,0.19177516,0.20106976,0.1969819
0.20608449,0.2053695,0.19093278,0.20262751,0.19498575
0.20684963,0.20492435,0.19102146,0.20252353,0.19468099
0.19903342,0.20644534,0.19033176,0.20798412,0.19620533
0.20317459,0.20588991,0.19126852,0.20278127,0.19688573
0.20495795,0.20548062,0.19120078,0.20231272,0.19604793
0.20643516,0.20495293,0.1909698,0.20133314,0.19630902
0.20742051,0.20410913,0.1911426,0.2002114,0.19711636
0.19875583,0.20658724,0.19001909,0.21022983,0.19440801
0.20296317,0.20579718,0.18995918,0.20176154,0.19951895
0.20589428,0.20471564,0.19123589,0.20090364,0.19725052
0.20533594,0.20465772,0.19296588,0.20119056,0.19584994
0.20741878,0.20447633,0.19096066,0.2027569,0.1943873
0.19795224,0.2061119,0.19203253,0.20656052,0.19734281
0.203041,0.20585604,0.19134893,0.20437613,0.1953779
0.20476115,0.20562835,0.19151516,0.20280668,0.19528866
0.20622255,0.20468122,0.19165903,0.20043798,0.1969992
0.20689772,0.20459926,0.19096848,0.2013322,0.19620235
0.21203546,0.19408229,0.17831166,0.20922568,0.20634493
0.20153517,0.2056776,0.1913164,0.20221794,0.1992529
0.20443942,0.20482858,0.19193134,0.2008278,0.19797286
0.20592017,0.20520714,0.19163117,0.20139721,0.1958443
0.20582384,0.20483968,0.19255103,0.20133062,0.19545485
0.1976433,0.20627259,0.1906738,0.20762734,0.19778296
0.20286097,0.20474327,0.19218096,0.20001766,0.20019715
0.20474435,0.20489529,0.19209152,0.20174892,0.19651993
0.20589106,0.2046194,0.19304979,0.20045264,0.19598714
0.20456438,0.20420006,0.19499849,0.19903158,0.19720553
0.19762358,0.20591001,0.1924747,0.2073059,0.19668587
0.20310976,0.20527945,0.19180208,0.20170969,0.19809897
0.20510545,0.20428684,0.19288158,0.19959557,0.19813058
0.20507601,0.20460744,0.19294347,0.1986863,0.19868676
0.20665261,0.20422842,0.1918825,0.19902374,0.19821276
0.19863656,0.20599979,0.19116957,0.20717187,0.19702217
0.20304973,0.20526771,0.19227211,0.20061344,0.19879706
0.20479544,0.20439121,0.19254546,0.19883525,0.19943263
0.20567958,0.2049839,0.19194144,0.20057042,0.19682467
0.20619635,0.20448175,0.19243047,0.19972898,0.19716248
0.19844534,0.20574516,0.19074187,0.20595032,0.19911739
0.20330116,0.20483962,0.19239326,0.19994417,0.19952178
0.20504129,0.20486306,0.19208261,0.19934782,0.19866522
0.20686875,0.20413814,0.19250803,0.20059574,0.19588937
0.20670259,0.20405816,0.19264613,0.19914544,0.19744769
0.1985084,0.20522572,0.19294798,0.20583957,0.19747834
0.20425782,0.20496272,0.19151954,0.20132154,0.1979384
0.20552507,0.20445931,0.19210558,0.19972704,0.19818299
0.20699713,0.20438287,0.19156721,0.19926116,0.19779165
0.20748293,0.2039478,0.19278046,0.19890566,0.19688314
0.19930264,0.20525539,0.19124468,0.20509434,0.19910295
0.2047288,0.20469494,0.19129981,0.20198351,0.19729291
0.20558788,0.20486976,0.19209991,0.20142044,0.19602202
0.20779172,0.20376515,0.19251294,0.19947918,0.19645102
0.20761274,0.20392513,0.19230013,0.20005521,0.19610682
0.20024718,0.20522162,0.19060147,0.20782547,0.19610429
0.20549104,0.2040322,0.19187349,0.20049568,0.19810756
0.20711066,0.20369937,0.19230376,0.19895467,0.19793159
0.20849764,0.20428504,0.19055212,0.20093174,0.19573343
0.20873591,0.20388702,0.19113852,0.19914047,0.19709806
0.20004982,0.20531844,0.19176602,0.20600118,0.19686452
0.20524985,0.20467834,0.19135025,0.20109043,0.19763109
0.20791438,0.20389034,0.19155852,0.2002322,0.19640456
0.20824218,0.20406115,0.1911097,0.19832224,0.1982647
0.20794196,0.20337762,0.1930905,0.19706212,0.19852778
0.19995031,0.20449983,0.19232611,0.20433818,0.19888559
0.20573822,0.20373878,0.19272229,0.20019445,0.19760631
0.20701735,0.20376135,0.19267608,0.19835243,0.19819276
0.20795108,0.20384018,0.19251145,0.19831215,0.19738516
0.20871958,0.2036329,0.19213,0.20013182,0.19538572
0.19923754,0.2049094,0.19284715,0.20461826,0.1983877
0.20632441,0.20474,0.19026242,0.2007217,0.19795145
0.2080699,0.20351517,0.19306368,0.19831334,0.19703792
0.2098298,0.20195526,0.19258979,0.19806644,0.19755867
0.2093004,0.20286763,0.19184005,0.19804098,0.19795093
0.1988954,0.20486644,0.19291641,0.20439446,0.19892731
0.20645277,0.20379572,0.19252075,0.19864951,0.19858125
0.20975561,0.20227249,0.19221807,0.19875267,0.19700113
0.20992233,0.20324321,0.19119626,0.19936737,0.19627082
0.20893237,0.20295537,0.19355433,0.19824915,0.19630878
0.2003733,0.20438085,0.19309358,0.20305666,0.19909558
0.20488344,0.20395263,0.19385386,0.19879062,0.19851948
0.20881322,0.202531,0.19391738,0.19774456,0.19699384
0.20892109,0.20252223,0.19284216,0.19802992,0.19768465
0.20883618,0.20272116,0.19291891,0.19722717,0.19829658
0.2005034,0.20475692,0.19157207,0.20357636,0.19959128
0.20040794,0.20394583,0.1961879,0.2010586,0.19839977
0.20702995,0.20297854,0.19132051,0.19848996,0.20018104
0.20761827,0.20328334,0.19223258,0.1970815,0.19978428
0.20846033,0.20323169,0.19209877,0.19840318,0.19780609
0.20144416,0.20438835,0.19075762,0.20544538,0.1979645
0.20654719,0.20346762,0.1922124,0.19847637,0.19929641
0.20775798,0.20266312,0.19349982,0.19682863,0.19925044
0.20650832,0.20355272,0.19528042,0.19840312,0.19625543
0.2086969,0.20295736,0.19347507,0.19767953,0.19719112
0.20070475,0.20439185,0.19247079,0.20563556,0.196797
0.20661466,0.20336656,0.19355823,0.20114678,0.19531378
0.20849979,0.20347856,0.19234669,0.20009273,0.1955822
0.20918985,0.20247985,0.19392742,0.19842176,0.19598116
0.206894,0.20317617,0.19491135,0.19578817,0.19923031
0.20130758,0.20378889,0.19179335,0.2034883,0.19962184
0.20749699,0.20289138,0.19232567,0.19815181,0.19913417
0.20793612,0.20265347,0.19331884,0.19666223,0.1994293
0.20911814,0.2030026,0.19381663,0.19919579,0.19486688
0.20852305,0.20314467,0.19329353,0.19643061,0.19860809
0.20184541,0.20404656,0.1917855,0.20459001,0.19773252
0.20749652,0.2034339,0.19195324,0.19895954,0.19815677
0.20880239,0.2030616,0.19297463,0.19943431,0.19572708
0.21050774,0.20218424,0.19242798,0.19747064,0.19740947
0.20884606,0.2024966,0.19453855,0.19604681,0.198072
0.19961384,0.20386183,0.19420494,0.20396939,0.19835003
0.20656158,0.20281292,0.19335334,0.19696216,0.20031
0.20896341,0.20177007,0.19552428,0.19743805,0.19630419
0.20994799,0.20284708,0.1927952,0.1974216,0.19698812
0.20961626,0.20247062,0.19406213,0.19842963,0.19542137
0.20000085,0.20404455,0.19358197,0.20452191,0.19785075
0.20721318,0.2021101,0.19476344,0.19709113,0.19882216
0.20931606,0.20220128,0.19423477,0.19799693,0.19625096
0.21069233,0.20207365,0.19301458,0.19777673,0.1964427
0.21050222,0.20290992,0.1927613,0.19808465,0.1957419
0.20087667,0.203458,0.194452,0.20425795,0.19695538
0.20699763,0.20333833,0.19359967,0.19812198,0.19794235
0.20869948,0.20319445,0.19199575,0.19818668,0.19792365
0.20973381,0.20229064,0.19349532,0.19772987,0.19675037
0.21239825,0.20103484,0.19263147,0.198491,0.1954444
0.20225076,0.20355386,0.1911745,0.20447385,0.19854704
0.208214,0.20167425,0.1937613,0.19677253,0.19957788
0.2098335,0.20141885,0.194523,0.19564301,0.1985816
0.20991726,0.2034609,0.19205163,0.19641197,0.1981582
0.21085007,0.20210364,0.19483984,0.19818552,0.19402096
0.2017623,0.20327789,0.19289334,0.2017771,0.20028934
0.20911558,0.20219342,0.1940562,0.19866055,0.1959742
0.20865326,0.2025952,0.1941283,0.19606608,0.19855715
0.21055113,0.20259398,0.19225067,0.1991555,0.1954487
0.21058142,0.20174779,0.19374955,0.19576673,0.19815452
0.20266819,0.20366101,0.19143023,0.20695177,0.1952888
0.20751482,0.20328304,0.19333524,0.19916639,0.19670056
0.21065648,0.20226832,0.1943925,0.1996359,0.19304685
0.211915,0.20227714,0.19275793,0.20009722,0.19295274
0.21172775,0.20173624,0.19454741,0.19852537,0.19346319
0.20181872,0.20303313,0.19391939,0.20292196,0.19830684
0.20757307,0.20261924,0.19457193,0.19827493,0.19696078
0.20940636,0.20183884,0.19482535,0.19906454,0.19486484
0.2123564,0.20184426,0.19365944,0.19755268,0.19458723
0.21306534,0.20181488,0.19271475,0.19874056,0.19366446
0.20175467,0.20332722,0.19351466,0.20312385,0.19827959
0.2071618,0.20294926,0.19472124,0.19888699,0.19628076
0.21173309,0.20157596,0.19268657,0.1980316,0.19597276
0.21178773,0.20199107,0.19283,0.19662835,0.1967629
0.21050256,0.20170636,0.19456422,0.19327147,0.19995537
0.20287293,0.20285118,0.1918953,0.19992925,0.2024513
0.20808537,0.20329152,0.19347474,0.1992228,0.19592558
0.2102854,0.20101202,0.19568342,0.19597611,0.19704303
0.21113825,0.20275517,0.19254261,0.19727236,0.19629158
0.2122517,0.20231247,0.19327931,0.1981094,0.19404717
0.20327313,0.20334525,0.19059196,0.20226216,0.20052743
0.20847791,0.20243397,0.19354582,0.1972704,0.19827192
0.21038456,0.20298173,0.19249168,0.19763535,0.19650663
0.21291877,0.20123266,0.1928791,0.19636327,0.19660622
0.20975666,0.20172621,0.1970545,0.19772214,0.19374043
0.20144755,0.20304985,0.19411877,0.2043208,0.197063
0.2085862,0.20190719,0.19406824,0.19608425,0.19935416
0.21039362,0.2023713,0.1936428,0.19722553,0.19636677
0.21130916,0.20251004,0.1941604,0.19732316,0.19469726
0.21244349,0.20211002,0.19332801,0.19713081,0.19498768
0.2009247,0.2030346,0.19456135,0.2029199,0.19855945
0.20768136,0.202876,0.19531824,0.200248,0.19387642
0.21021287,0.2026985,0.19410901,0.1986266,0.194353
0.21300729,0.20197695,0.19260897,0.19575572,0.19665103
0.21324547,0.20136103,0.19318777,0.19900851,0.19319722
0.20138212,0.20310704,0.19368772,0.20209606,0.19972704
0.20797065,0.202198,0.19451623,0.19692628,0.19838883
0.21062273,0.20181616,0.19448559,0.19890074,0.19417478
0.21387136,0.20156902,0.1904084,0.19659932,0.1975519
0.21189904,0.20134696,0.19419038,0.19636716,0.19619647
0.2033807,0.20288347,0.19350395,0.20255552,0.19767633
0.20751822,0.20178014,0.19534014,0.19583292,0.19952856
0.21003823,0.20217785,0.19378804,0.1954652,0.19853064
0.21223375,0.20241156,0.1925841,0.19649617,0.1962744
0.21397363,0.20159917,0.19105753,0.19459774,0.19877192
0.20141241,0.20319802,0.19384255,0.20230992,0.19923705
0.2087486,0.20292877,0.1940376,0.198305,0.19598007
0.2119301,0.20262507,0.19381426,0.20177831,0.18985228
0.21212704,0.20184666,0.1943756,0.19884536,0.1928053
0.21154132,0.20151357,0.19503468,0.19485319,0.19705729
0.20404656,0.20293055,0.19239081,0.20526326,0.19536884
0.21122965,0.20115252,0.19255273,0.19610675,0.19895835
0.20964561,0.20163453,0.19585305,0.19516136,0.19770545
0.21354246,0.20087759,0.19172947,0.19750719,0.1963433
0.21266137,0.20218061,0.1929346,0.19867948,0.1935439
0.20262969,0.20264028,0.19428684,0.20271799,0.19772522
0.20907132,0.20229681,0.19384421,0.19635078,0.19843687
0.21289489,0.2019989,0.19193977,0.198239,0.19492748
0.21339688,0.20209734,0.19236286,0.19607,0.1960729
0.21543546,0.20167953,0.190856,0.1994021,0.19262694
0.20309834,0.20219566,0.19451062,0.20287575,0.19731961
0.20979063,0.20168321,0.19291013,0.1975781,0.19803797
0.21118777,0.20149402,0.19453967,0.19535169,0.19742684
0.21266508,0.20076454,0.19342461,0.19612975,0.197016
0.21457025,0.20103121,0.19446443,0.19966532,0.1902688
0.20258261,0.20269057,0.19446714,0.20351292,0.19674678
0.2089566,0.2030308,0.19348255,0.19829787,0.19623223
0.21212232,0.20222357,0.19196007,0.19470248,0.19899157
0.2137212,0.20171157,0.19201697,0.19593348,0.19661675
0.21448235,0.20144132,0.19222072,0.19821194,0.19364369
0.20343687,0.20250607,0.1930124,0.20333184,0.19771284
0.20854115,0.20223038,0.1949335,0.19716987,0.19712508
0.21139865,0.20174249,0.19320235,0.19574443,0.19791207
0.21164756,0.20148876,0.19344811,0.19532257,0.19809301
0.21158428,0.2023841,0.19549474,0.1982459,0.19229096
0.20418039,0.20209068,0.19335742,0.20173249,0.19863905
0.2089408,0.20292841,0.19385584,0.198745,0.19552991
0.21205404,0.20244856,0.19304718,0.19842097,0.19402926
0.21185394,0.20275633,0.19272439,0.19750217,0.19516313
0.21318041,0.20139751,0.19379573,0.19711009,0.19451627
0.20401393,0.20233954,0.19256267,0.20260526,0.19847858
0.208992,0.20182043,0.19429654,0.19633508,0.19855593
0.2115915,0.20174368,0.19369823,0.19784145,0.19512518
0.21275511,0.20137355,0.19391806,0.19559434,0.1963589
0.21337682,0.20225754,0.19261418,0.19904758,0.19270383
0.20324811,0.20263876,0.19189584,0.20511912,0.19709815
0.20963871,0.20190114,0.19425136,0.1976227,0.19658607
0.21113423,0.2013387,0.19580403,0.19502488,0.19669813
0.21106873,0.20132351,0.1959553,0.19626193,0.1953905
0.21376935,0.20120041,0.19267961,0.19623043,0.19612023
0.20326577,0.20256926,0.19198659,0.20444973,0.19772865
0.2111112,0.2013104,0.19312459,0.19938333,0.19507049
0.21211682,0.20156978,0.19372271,0.19941065,0.19318005
0.21386887,0.20098686,0.19393764,0.19857612,0.19263045
0.21479431,0.20065674,0.19272646,0.19666936,0.1951531
0.20252039,0.2029935,0.1918719,0.20636426,0.19624999
0.21050069,0.20225874,0.19291474,0.19932713,0.19499871
0.2119289,0.20073502,0.19417183,0.19400354,0.19916072
0.21449198,0.20224863,0.19023234,0.20054068,0.19248639
0.2131805,0.20167477,0.19374135,0.19696645,0.194437
0.20628096,0.20197093,0.19202203,0.20575978,0.19396628
0.21112615,0.20122728,0.1921427,0.19650957,0.19899432
0.21230114,0.2019965,0.19350372,0.19719338,0.19500524
0.21435978,0.20062956,0.19345441,0.19607277,0.1954835
0.21519332,0.2021294,0.19106011,0.19843192,0.19318525
0.20474912,0.20191482,0.19199568,0.20012811,0.20121221
0.21043462,0.2013388,0.19541883,0.19942372,0.19338407
0.21101251,0.20272411,0.19476946,0.19974796,0.19174594
0.21225436,0.20072962,0.19546139,0.19637844,0.19517618
0.21324033,0.20013942,0.19423115,0.19704117,0.1953479
0.20493546,0.20226716,0.19165741,0.20644645,0.19469355
0.20845762,0.20229211,0.19488606,0.1976654,0.19669878
0.21171731,0.20263341,0.19336882,0.19796316,0.19431733
0.21308795,0.20123167,0.19488874,0.19828047,0.19251117
0.21186641,0.20109662,0.19473848,0.19257772,0.19972076
0.20370276,0.20215192,0.19310787,0.20379607,0.19724134
0.21146876,0.20244642,0.19243425,0.19852799,0.19512257
0.21291174,0.20257354,0.19248818,0.19884962,0.19317694
0.21271814,0.20149024,0.19457327,0.19596533,0.195253
0.21134913,0.20140539,0.19697338,0.19671221,0.1935599
0.20378208,0.20190284,0.19383122,0.2025956,0.19788824
0.21137387,0.20268813,0.19135416,0.19828852,0.19629538
0.21302615,0.20184864,0.19430257,0.19644448,0.19437818
0.21242258,0.2019729,0.1960192,0.1993259,0.1902594
0.2138949,0.20065211,0.19447677,0.19756772,0.19340847
0.2047314,0.2021144,0.19206573,0.20504144,0.196047
0.20860286,0.20211986,0.19444515,0.19881904,0.19601306
0.21242137,0.20140602,0.19449995,0.19689079,0.19478191
0.21374305,0.2013362,0.19209705,0.19687156,0.19595215
0.21424596,0.20190622,0.19292179,0.19604139,0.1948846
0.20622422,0.20287435,0.18610574,0.2042915,0.20050421
0.20920509,0.20172735,0.19595988,0.19764681,0.19546089
0.21304254,0.20069405,0.1946882,0.1977925,0.19378269
0.21352197,0.20105486,0.19373645,0.196258,0.19542871
0.21520674,0.20083074,0.19271259,0.19549707,0.19575286
0.20347157,0.20258304,0.19265814,0.20328589,0.19800134
0.20751849,0.20332633,0.19515309,0.19718733,0.19681473
0.21201734,0.20290215,0.19257702,0.19836208,0.19414142
0.21348688,0.2019855,0.19380318,0.19799076,0.1927336
0.21364637,0.20108247,0.19425027,0.19609682,0.19492406
0.20458102,0.20269613,0.19037789,0.20573014,0.19661482
0.20907576,0.20255533,0.19516414,0.19946566,0.1937391
0.2113084,0.20060644,0.19693361,0.19610767,0.19504389
0.2137642,0.20259166,0.19271684,0.19771963,0.19320764
0.2139949,0.20191403,0.19260494,0.19658718,0.19489892
0.2045752,0.20239256,0.19075935,0.20394489,0.19832799
0.21161944,0.20095257,0.19353254,0.19814174,0.19575375
0.21417414,0.2005418,0.19345668,0.19757855,0.19424884
0.21569473,0.19978467,0.19226478,0.19424386,0.19801196
0.21272951,0.20030665,0.19479562,0.19503942,0.19712876
0.2040888,0.20154484,0.19394775,0.20464942,0.19576918
0.21181278,0.20083916,0.19519876,0.19958432,0.19256498
0.21527503,0.19980843,0.19096637,0.19821455,0.1957356
0.2130475,0.20242344,0.1930818,0.19507469,0.19637251
0.21285857,0.20118576,0.19518465,0.20036258,0.19040844
0.2038478,0.20252895,0.19148481,0.2063732,0.19576526
0.21060047,0.20266703,0.1929163,0.19819091,0.19562529
0.21397129,0.2017814,0.19304226,0.19900282,0.19220217
0.21470624,0.20046294,0.19510214,0.2020054,0.18772328
0.21335207,0.2003766,0.19630806,0.1964288,0.19353442
0.20249337,0.2027538,0.19194143,0.20534834,0.19746302
0.2114995,0.20268169,0.1933573,0.1993468,0.19311474
0.21271217,0.19913413,0.19668649,0.19876225,0.19270499
0.21574953,0.20129421,0.19150887,0.19801793,0.19342947
0.21341495,0.20140949,0.19332147,0.19541472,0.19643934
0.20365226,0.2027806,0.19101433,0.20816018,0.19439267
0.21230736,0.20162457,0.19320643,0.19725662,0.195605
0.21360615,0.1992345,0.19557697,0.19979759,0.19178477
0.21388179,0.20215999,0.19326471,0.19731063,0.19338286
0.21433051,0.20109178,0.19419244,0.19899939,0.19138584
0.20514412,0.20204522,0.18970014,0.20525426,0.19785625
0.20846069,0.20154263,0.19698489,0.19806412,0.19494773
0.21194226,0.20124273,0.19386481,0.19694944,0.19600071
0.21496935,0.19879097,0.1952727,0.19511777,0.19584917
0.21376684,0.20045851,0.19378898,0.19910772,0.19287792
0.2019236,0.20287396,0.19301221,0.20665292,0.19553733
0.20995526,0.20081204,0.1949332,0.19834384,0.19595568
0.21324445,0.20122398,0.1942903,0.19985253,0.19138876
0.21464087,0.19994923,0.19472767,0.19463149,0.19605072
0.2146289,0.20042372,0.1924091,0.19740751,0.19513078
0.20388103,0.20245486,0.19113347,0.20525756,0.19727305
0.2100404,0.20131893,0.196318,0.19746655,0.19485609
0.21153127,0.20064573,0.19486283,0.20024304,0.1927171
0.21280125,0.20119406,0.19559802,0.19942659,0.19098005
0.21586148,0.20051195,0.19131848,0.19638725,0.19592083
0.20524654,0.20213196,0.18833402,0.20525505,0.19903238
0.20968692,0.20320813,0.19550744,0.19740076,0.19419672
0.2111738,0.20113559,0.19601467,0.1986116,0.1930643
0.2115138,0.2007883,0.19531806,0.19868511,0.19369474
0.21146077,0.19878949,0.1978453,0.19547532,0.19642909
0.20216167,0.20286301,0.19227146,0.20749386,0.19521002
0.20978306,0.20039362,0.19666941,0.19639131,0.19676258
0.21188994,0.20227197,0.19470176,0.1991331,0.1920033
0.21356842,0.20099369,0.19221969,0.19383097,0.19938722
0.21355487,0.20099784,0.19414705,0.19644886,0.19485137
0.20422892,0.2032295,0.18951462,0.20852856,0.19449835
0.20885798,0.20106679,0.19561985,0.19574878,0.19870661
0.2111438,0.19848001,0.19687547,0.19613975,0.19736098
0.21130875,0.19750585,0.19776067,0.19381739,0.19960733
0.21172915,0.20271398,0.19424632,0.19515015,0.19616042
0.20068584,0.20350696,0.19150098,0.21044064,0.19386558
0.20785837,0.20074107,0.19597334,0.19755107,0.19787614
0.25662404,0.1323171,0.18178926,0.19679505,0.2324745
0.22263789,0.19078009,0.19102937,0.19556649,0.1999861
0.21369669,0.19588704,0.1989238,0.19655289,0.1949396
0.20160225,0.20382568,0.1901057,0.20945075,0.19501558
0.2071191,0.20166351,0.19732596,0.19759251,0.19629894
0.21345349,0.19928701,0.19312851,0.19697937,0.19715162
0.2116833,0.20211929,0.19715856,0.1968003,0.19223854
0.21275125,0.20068726,0.19577314,0.19685435,0.19393402
0.20463987,0.20362239,0.18708183,0.20812812,0.1965278
0.20525919,0.20705923,0.18516354,0.22040512,0.18211292
0.21163553,0.20137736,0.19006614,0.21174757,0.1851734
0.2134788,0.20031635,0.19114138,0.21022514,0.18483835
0.2135558,0.20004229,0.19200501,0.20934479,0.18505211
0.21500337,0.19910133,0.19160198,0.20783998,0.18645331
0.20655969,0.20595953,0.18661046,0.21521205,0.18565826
0.21306469,0.20203294,0.1890546,0.21160361,0.1842442
0.21565926,0.1993185,0.19026302,0.21022242,0.18453684
0.21567263,0.20067847,0.19014062,0.20892482,0.18458347
0.21670073,0.2001281,0.18996796,0.20912342,0.18407984
0.20787014,0.20650016,0.18539591,0.21586846,0.18436529
0.21392304,0.20178588,0.18869187,0.21069427,0.18490495
0.21417329,0.20241866,0.18897934,0.20982204,0.18460664
0.21642488,0.19995558,0.19008283,0.20832922,0.1852075
0.21682982,0.19999711,0.18972884,0.20717637,0.18626781
0.20728903,0.20568113,0.1877867,0.21238253,0.18686062
0.21307,0.20410845,0.18771829,0.2101443,0.18495893
0.21445237,0.20125033,0.19050844,0.2073241,0.18646471
0.21637104,0.20189768,0.18850483,0.20841591,0.18481058
0.21694462,0.20164774,0.18838418,0.20748243,0.18554103
0.20843317,0.20586766,0.18681474,0.213145,0.18573941
0.21327846,0.20315617,0.18855715,0.20740636,0.18760192
0.21613687,0.20161119,0.18868074,0.20842841,0.1851428
0.21531697,0.20338207,0.1889606,0.20849344,0.18384695
0.21647292,0.20277475,0.18815883,0.20793214,0.18466133
0.20729116,0.20670488,0.18725695,0.21250151,0.18624552
0.21269888,0.20403391,0.18866263,0.20841528,0.18618934
0.21457458,0.20353971,0.18777446,0.20790473,0.18620652
0.21546741,0.20170958,0.19033809,0.20700115,0.18548378
0.21692568,0.20276235,0.18775395,0.20907049,0.18348756
0.20765492,0.20655484,0.18732294,0.21159013,0.18687718
0.21353541,0.20390469,0.18813545,0.20715415,0.18727031
0.21527945,0.20210496,0.18847863,0.20638844,0.18774852
0.21578956,0.20228387,0.18900448,0.20664911,0.186273
0.21510284,0.20226529,0.19003385,0.20505133,0.18754669
0.20726536,0.20646225,0.18748955,0.21188058,0.18690225
0.21304002,0.20382772,0.18812133,0.20746775,0.18754317
0.21391398,0.20391218,0.18862896,0.2059203,0.1876246
0.21627761,0.2029255,0.18900633,0.20908447,0.18270606
0.21626917,0.20268126,0.18897107,0.20684035,0.18523812
0.20742995,0.20696196,0.18655406,0.21236068,0.18669337
0.21273638,0.20365424,0.18939719,0.206655,0.18755716
0.21397361,0.20330442,0.19008489,0.20665221,0.18598484
0.21526773,0.20203508,0.1902319,0.20525122,0.1872141
0.21539904,0.2038793,0.18810755,0.20646149,0.18615264
0.20708767,0.20665595,0.18745181,0.21221937,0.1865852
0.21320304,0.20515443,0.18730544,0.20781751,0.18651958
0.21470688,0.20390593,0.1886182,0.20654722,0.18622178
0.21527295,0.20281638,0.18948981,0.20542136,0.18699948
0.21548511,0.20191945,0.19051674,0.2041752,0.18790351
0.20712927,0.20584984,0.1890397,0.21084745,0.18713371
0.21193624,0.20409596,0.1898492,0.20490041,0.18921822
0.21532668,0.20275074,0.18857753,0.20589924,0.18744579
0.21462719,0.20373012,0.18934998,0.20552376,0.18676895
0.21570386,0.20302653,0.18894407,0.2055781,0.18674739
0.20644444,0.20690523,0.18769717,0.20990108,0.18905205
0.21151966,0.2048196,0.18934788,0.20453984,0.18977302
0.21400067,0.20385689,0.18858805,0.2057185,0.18783586
0.21482272,0.20252426,0.19059846,0.20478107,0.18727349
0.21544753,0.2021008,0.19159132,0.20408249,0.18677783
0.20644614,0.20608316,0.1896729,0.20888376,0.18891406
0.21265711,0.20459475,0.1883368,0.20594308,0.18846825
0.21394826,0.20235664,0.19132754,0.20446296,0.18790457
0.2147724,0.2031099,0.19074987,0.20483723,0.18653063
0.21499404,0.20270367,0.1908562,0.20412657,0.18731949
0.20659027,0.20586635,0.1893596,0.20861132,0.18957248
0.21191293,0.20407791,0.19022246,0.20352702,0.19025971
0.21475898,0.20254306,0.19038449,0.20416296,0.1881505
0.21536763,0.20229709,0.1899677,0.20553009,0.1868375
0.21635194,0.20296983,0.1892049,0.20430356,0.18716975
0.20810942,0.20504886,0.18941835,0.20878181,0.18864155
0.21202369,0.20332341,0.19115224,0.2045341,0.18896659
0.21430026,0.2042524,0.18878864,0.20465308,0.18800563
0.21596104,0.20229456,0.18984775,0.2019693,0.18992735
0.21599488,0.20200934,0.19041258,0.20296901,0.18861422
0.20673344,0.20544678,0.18995097,0.20595753,0.19191124
0.2141812,0.20257202,0.19014998,0.20506427,0.18803251
0.2141158,0.20289981,0.19102134,0.20334929,0.1886137
0.21550862,0.20292558,0.19039916,0.20326535,0.1879013
0.21565214,0.2025077,0.19149357,0.20138644,0.1889601
0.20898159,0.20528291,0.18943582,0.20909515,0.18720451
0.2118463,0.20461111,0.19046317,0.20486623,0.18821317
0.21511322,0.20291498,0.19039139,0.20323037,0.18835005
0.21589297,0.20243011,0.19059955,0.20310354,0.1879738
0.2150504,0.20162526,0.19229615,0.20245768,0.18857053
0.20716275,0.20514464,0.19053538,0.20603563,0.19112162
0.21367788,0.2026355,0.19148327,0.20312254,0.18908077
0.21484864,0.20230083,0.1908282,0.20308173,0.18894063
0.21539511,0.20315844,0.19100794,0.20327012,0.18716842
0.21573111,0.20210586,0.19159238,0.202841,0.1877296
0.2071564,0.20530364,0.19098273,0.20754248,0.18901473
0.21140322,0.20437376,0.19139372,0.20270632,0.19012298
0.21438365,0.20346537,0.1908969,0.20248893,0.18876521
0.21560882,0.20185852,0.19142546,0.20368034,0.18742688
0.21537514,0.20144595,0.19254221,0.20134735,0.18928935
0.20695835,0.20466958,0.19129495,0.2062279,0.19084921
0.21328558,0.2030792,0.19101393,0.20194308,0.19067821
0.21282618,0.20301905,0.1926002,0.20137924,0.19017531
0.21493801,0.20278433,0.19265936,0.20180814,0.18781017
0.21548524,0.2020643,0.19213673,0.20167498,0.18863876
0.20679785,0.20536049,0.19049592,0.20744556,0.18990013
0.21253327,0.2039181,0.1911044,0.20318252,0.18926169
0.21461076,0.20349386,0.19062607,0.20220408,0.18906525
0.2148464,0.2022175,0.1919256,0.20104124,0.18996926
0.21477652,0.20191678,0.19226028,0.20006311,0.19098333
0.20659721,0.20500006,0.19094534,0.20661168,0.19084574
0.21148457,0.20282604,0.19265485,0.20056148,0.19247308
0.21346882,0.20264332,0.19218138,0.20181522,0.18989125
0.21468383,0.20303684,0.19162007,0.20306899,0.18759024
0.21563008,0.20177348,0.19229257,0.20124456,0.18905935
0.2068238,0.2045839,0.19124267,0.20558754,0.19176216
0.2114614,0.20366596,0.19246125,0.2017395,0.1906719
0.21282521,0.20335487,0.19291054,0.20219164,0.18871771
0.2142596,0.20198017,0.19306333,0.20040442,0.19029245
0.2153093,0.20322104,0.19197331,0.20335084,0.18614547
0.20567852,0.20512898,0.19201967,0.2088103,0.18836252
0.21168487,0.20395601,0.19281626,0.20239605,0.18914685
0.21323976,0.20410855,0.1918076,0.20368113,0.18716298
0.21435583,0.20286253,0.19239931,0.20165475,0.18872757
0.21481137,0.20241262,0.19197956,0.20125364,0.18954286
0.20539936,0.2050559,0.19140993,0.20621404,0.19192074
0.21107882,0.20335196,0.19376776,0.2009277,0.1908738
0.21261498,0.20274529,0.19350739,0.2000791,0.19105324
0.21450292,0.20296997,0.1923429,0.20201652,0.18816769
0.21517825,0.20249312,0.19179998,0.20150702,0.18902163
0.20548755,0.2045675,0.19240427,0.2062266,0.19131413
0.21146485,0.20396113,0.1927355,0.20335457,0.18848394
0.21288523,0.20323932,0.19269538,0.20121886,0.18996122
0.21420455,0.20241784,0.19307807,0.20149317,0.18880638
0.21492244,0.2022132,0.19211191,0.19919562,0.19155681
0.20453303,0.20451452,0.19255738,0.20609249,0.1923026
0.20981741,0.20415825,0.19291113,0.20063204,0.19248122
0.21340725,0.20299356,0.19181792,0.20121701,0.19056423
0.21372111,0.20339786,0.19240732,0.20117165,0.1893021
0.21458466,0.2030968,0.19170535,0.20122989,0.18938336
0.20504211,0.2048377,0.19247693,0.206957,0.19068624
0.21006571,0.2041756,0.19278105,0.20258047,0.19039717
0.21164577,0.20366214,0.1936642,0.2012904,0.18973751
0.21419547,0.20239416,0.19227763,0.20057213,0.1905606
0.21417314,0.20291093,0.19317093,0.2006877,0.18905729
0.20368508,0.204754,0.1931724,0.20643546,0.19195306
0.21013601,0.2034598,0.1938477,0.20130591,0.19125059
0.21281408,0.20373598,0.19237413,0.20088069,0.19019513
0.2142429,0.20256276,0.19261903,0.2017809,0.1887944
0.21453719,0.20362526,0.19207156,0.2013386,0.18842737
0.20417234,0.20473956,0.1922922,0.20670222,0.19209367
0.20967089,0.20380302,0.19352695,0.2006561,0.19234301
0.21256559,0.20314685,0.19325264,0.20139953,0.1896354
0.21253459,0.20331028,0.19371417,0.2001168,0.19032414
0.21466053,0.20256402,0.19260396,0.1998924,0.19027911
0.20302175,0.20449957,0.1934964,0.2055445,0.1934378
0.20992805,0.20406717,0.1928982,0.20098881,0.19211774
0.21271199,0.20311977,0.19295533,0.19975902,0.19145387
0.21397354,0.20345706,0.19253609,0.20117056,0.18886271
0.21461205,0.20323588,0.19200811,0.20013273,0.19001122
0.20470408,0.20502032,0.19082832,0.20766686,0.19178043
0.21090135,0.20424753,0.19191955,0.20119211,0.19173943
0.21194695,0.20366667,0.19394648,0.20200136,0.18843852
0.21378285,0.2037719,0.19239902,0.20132977,0.18871647
0.21357408,0.20321305,0.19413584,0.19973254,0.18934444
0.20353554,0.20501718,0.19186643,0.20702486,0.19255596
0.21011144,0.20366482,0.19361185,0.20033665,0.19227521
0.21235994,0.2038965,0.19297141,0.20147258,0.18929957
0.21395491,0.20263325,0.19401032,0.20054136,0.1888602
0.21559925,0.20341872,0.19191273,0.20231555,0.18675378
0.20361246,0.20496532,0.19164804,0.20855328,0.19122086
0.20972896,0.20363139,0.19476968,0.20085482,0.19101518
0.21232332,0.20278503,0.19408813,0.19921437,0.19158913
0.2138673,0.20292605,0.19371514,0.19921055,0.19028094
0.21460547,0.20287845,0.19318844,0.19969104,0.18963662
0.20270993,0.20493123,0.19252245,0.20519044,0.19464597
0.20888615,0.20478891,0.19381316,0.201171,0.19134077
0.21207693,0.20374833,0.19376776,0.20054653,0.18986043
0.21399213,0.20285676,0.19424376,0.20071188,0.1881955
0.21521777,0.20277756,0.1927774,0.19970828,0.189519
0.20211491,0.20432244,0.19378562,0.20378473,0.19599226
0.21030432,0.204522,0.19254658,0.20185313,0.19077402
0.21350583,0.20340943,0.19258283,0.19887821,0.19162369
0.21479487,0.20339511,0.19238693,0.2002095,0.18921359
0.21433231,0.2029823,0.19391078,0.19953284,0.1892418
0.20244478,0.2045262,0.19304365,0.20629418,0.19369115
0.20923589,0.20365654,0.19411181,0.19956857,0.1934272
0.21348906,0.20298724,0.19325946,0.19892786,0.19133636
0.21480668,0.20368992,0.19234896,0.20166709,0.18748741
0.21483478,0.20289263,0.19417906,0.20010158,0.18799202
0.20200996,0.20466903,0.19303502,0.20667826,0.19360772
0.20906095,0.2036723,0.19455233,0.19959302,0.19312137
0.21284701,0.20344996,0.19382867,0.19929205,0.19058229
0.21390745,0.20274717,0.19349988,0.19880971,0.19103585
0.2163872,0.20333982,0.19245344,0.20132416,0.18649535
0.20252517,0.20406297,0.19358651,0.20529065,0.19453472
0.20877156,0.20382856,0.19486237,0.19993255,0.19260502
0.21302803,0.20412649,0.19330171,0.20143002,0.18811381
0.21491782,0.20306584,0.19338866,0.20038986,0.18823786
0.21540645,0.20307015,0.1940699,0.1994767,0.18797682
0.20280826,0.2043588,0.19308487,0.20671885,0.19302922
0.2096903,0.20372765,0.19412762,0.19982088,0.19263358
0.21179676,0.20290926,0.19523573,0.19724292,0.19281529
0.21481915,0.20307434,0.1934933,0.19926378,0.18934946
0.21567515,0.20295615,0.19317554,0.19933933,0.18885385
0.20274854,0.20456994,0.19210392,0.2071661,0.19341153
0.20915626,0.20347926,0.19552043,0.19956945,0.19227459
0.21135521,0.20375648,0.19487724,0.20045234,0.1895587
0.21369101,0.2028562,0.19441678,0.19858283,0.19045317
0.21478842,0.20293528,0.19486733,0.19934285,0.18806617
0.20211846,0.20414266,0.19415763,0.20448706,0.1950942
0.20945527,0.20394081,0.19458747,0.20057467,0.19144179
0.21267352,0.20255618,0.19486408,0.19867498,0.19123127
0.21434113,0.20305425,0.19407524,0.19942681,0.1891026
0.21474956,0.20238256,0.19517472,0.19803461,0.18965851
0.20345475,0.20411208,0.19287688,0.2064237,0.19313256
0.20915742,0.204247,0.19495751,0.20083003,0.19080801
0.21386053,0.20319839,0.19424114,0.20041806,0.18828191
0.21371458,0.20250076,0.19571584,0.19852571,0.1895431
0.21530218,0.20285986,0.19427499,0.19987252,0.18769042
0.20276806,0.20360395,0.1942926,0.20484409,0.19449127
0.20958313,0.20336857,0.19553512,0.19981128,0.19170186
0.21322557,0.20322141,0.19541761,0.19955133,0.18858406
0.21455692,0.20245306,0.19493294,0.1995448,0.18851225
0.2154021,0.20172295,0.1952456,0.19851576,0.1891136
0.20417802,0.20382442,0.1926315,0.20626532,0.19310078
0.2099716,0.20344852,0.19483337,0.1984853,0.1932612
0.2127498,0.2019009,0.19673994,0.19810496,0.19050445
0.21453065,0.20279543,0.19543053,0.19987318,0.18737021
0.21684584,0.2013465,0.1951293,0.1998812,0.1867971
0.20301542,0.20419015,0.19313665,0.20665744,0.19300035
0.2106293,0.20342939,0.19592908,0.2008793,0.18913294
0.21198249,0.20238303,0.19742365,0.19775018,0.19046064
0.21526514,0.20308639,0.19449739,0.20014863,0.18700245
0.21568401,0.20234813,0.19523792,0.19974053,0.18698938
0.20334907,0.20360729,0.1938983,0.20575859,0.19338675
0.21084514,0.2037512,0.19387817,0.19878352,0.19274193
0.2135468,0.2031461,0.19520994,0.20115857,0.18693857
0.214308,0.20205522,0.1959659,0.1987721,0.18889876
0.21760355,0.20246466,0.19344348,0.20086391,0.18562438
0.20333694,0.20354381,0.1938336,0.20482415,0.19446148
0.21154898,0.20329483,0.19515349,0.19956018,0.1904425
0.2141428,0.20308308,0.19476461,0.20010708,0.18790244
0.21464881,0.20202659,0.19623215,0.19800788,0.18908457
0.21676168,0.20288372,0.19403368,0.19983383,0.18648708
0.20272608,0.20364515,0.19457854,0.20608167,0.19296856
0.21009603,0.2027322,0.19722675,0.19890857,0.1910364
0.2147324,0.20294838,0.1945194,0.20001689,0.18778293
0.21617012,0.20227005,0.19489044,0.1982774,0.18839195
0.21829529,0.20197436,0.1933861,0.19904265,0.18730164
0.2047512,0.20321263,0.19332576,0.20572245,0.192988
0.21222234,0.20276253,0.19483687,0.19996521,0.19021302
0.21626681,0.20261452,0.19360672,0.20039696,0.18711501
0.21617016,0.20180377,0.19541194,0.20004241,0.18657175
0.21793912,0.2025907,0.19319043,0.19921768,0.18706205
0.2034044,0.20337895,0.19435346,0.207163,0.19170019
0.21261244,0.20261842,0.19460346,0.198691,0.19147469
0.21478721,0.20198861,0.19551311,0.20006184,0.18764918
0.21635954,0.20209584,0.19568813,0.19912037,0.18673614
0.21690793,0.20126092,0.19577995,0.19581094,0.1902402
0.20347579,0.20315185,0.19286638,0.20385104,0.19665495
0.21128827,0.20316036,0.19610317,0.19982892,0.18961929
0.21413982,0.20249917,0.19614124,0.19877347,0.18844627
0.21626909,0.20138614,0.19540232,0.19809578,0.18884668
0.21715976,0.20255253,0.19483198,0.19806746,0.18738826
0.20379357,0.20336339,0.19395792,0.2070057,0.19187939
0.21330434,0.20310809,0.19407411,0.19979027,0.18972318
0.21516286,0.20226808,0.19581544,0.19951639,0.18723723
0.21555497,0.20201994,0.19594237,0.19804545,0.18843727
0.21783268,0.20271643,0.19378391,0.19942719,0.1862398
0.20321825,0.20288423,0.19478096,0.20403847,0.19507812
0.21271487,0.2020511,0.19623992,0.19846326,0.19053085
0.21601401,0.2028675,0.19477478,0.20076534,0.18557844
0.21644577,0.20191139,0.19517104,0.19822489,0.18824695
0.21616757,0.20149897,0.1959572,0.19726862,0.18910764
0.2046647,0.20294036,0.19386776,0.20601901,0.19250818
0.21301901,0.20238328,0.19574201,0.19884808,0.19000757
0.2149205,0.20238167,0.19601546,0.19763379,0.18904857
0.21667117,0.20104247,0.19577533,0.1961178,0.19039322
0.21777473,0.20177756,0.19508728,0.19776207,0.18759835
0.2052358,0.2031172,0.19247682,0.205982,0.1931882
0.21380551,0.20291269,0.19474971,0.19806841,0.19046369
0.2159452,0.20223889,0.1949169,0.19978169,0.18711734
0.21853991,0.20029747,0.19578026,0.19662544,0.18875693
0.21768905,0.2022307,0.19523759,0.19986919,0.18497343
0.20449182,0.2028661,0.19418968,0.20707001,0.19138241
0.21292095,0.2020673,0.19684295,0.19863285,0.18953596
0.21531598,0.20171115,0.19685037,0.19766015,0.18846238
0.2173363,0.20138489,0.19650395,0.19767937,0.18709552
0.21724387,0.20089184,0.1962505,0.1968643,0.18874954
0.2050942,0.20297302,0.19304766,0.20511171,0.1937734
0.21392569,0.2023902,0.19532377,0.19779752,0.19056281
0.21659043,0.20189738,0.19536401,0.1987545,0.18739368
0.2189265,0.20216358,0.19406788,0.19873598,0.18610607
0.21957934,0.20148662,0.1929417,0.19774355,0.18824884
0.20624667,0.20229255,0.19349362,0.20459697,0.19337022
0.21408056,0.20277745,0.1952376,0.19971946,0.18818489
0.21748747,0.20155144,0.1950048,0.19797274,0.18798353
0.21744926,0.20069692,0.1963113,0.19700441,0.18853815
0.21889095,0.20151877,0.19503303,0.19772893,0.18682827
0.20710057,0.20239675,0.19365245,0.20526962,0.19158065
0.2140375,0.20267099,0.19552782,0.19947296,0.18829075
0.21700677,0.20228688,0.19543463,0.19827577,0.18699597
0.21760997,0.20088409,0.19612467,0.19669463,0.18868667
0.2182198,0.2016948,0.19614726,0.19768688,0.18625124
0.2065036,0.20243753,0.19280873,0.20683064,0.19141954
0.2149527,0.2027219,0.19518518,0.20068826,0.18645194
0.21717829,0.2019352,0.1945981,0.19837049,0.18791793
0.2186742,0.20093465,0.19487852,0.19619982,0.1893128
0.21961176,0.20217878,0.19360913,0.19863166,0.18596861
0.20694523,0.20246647,0.19227728,0.20546834,0.19284266
0.21542323,0.20288876,0.19473365,0.19892904,0.18802528
0.21919383,0.20052718,0.19497156,0.19854265,0.18676476
0.21962872,0.20213467,0.19350599,0.19795255,0.18677805
0.22014606,0.20026758,0.19516762,0.19801514,0.18640357
0.20750652,0.20275292,0.19233587,0.20619018,0.19121452
0.2163038,0.20060551,0.19484182,0.20012571,0.18812315
0.21758518,0.20154049,0.19587627,0.19823945,0.18675861
0.21923189,0.1999791,0.1954421,0.1974259,0.187921
0.2195984,0.2005859,0.19545773,0.19759795,0.18675998
0.20749962,0.20262422,0.19108383,0.2078763,0.190916
0.21506454,0.20149553,0.19418898,0.19654562,0.19270532
0.21821058,0.20108181,0.19503796,0.19728164,0.18838803
0.22131081,0.20134102,0.19370224,0.19972675,0.18391922
0.22079542,0.20129883,0.193621,0.19733219,0.18695255
0.20701553,0.20225202,0.19223028,0.20705917,0.19144301
0.21273686,0.20144752,0.19837308,0.19736017,0.19008242
0.21971121,0.20008546,0.19418642,0.19873913,0.1872778
0.21937625,0.20013918,0.19529785,0.1972872,0.1878995
0.2191715,0.19984046,0.19576329,0.19591571,0.18930903
0.20650584,0.20245247,0.192703,0.20675881,0.19157991
0.21636167,0.1999603,0.19516373,0.19721694,0.19129735
0.21862285,0.20064798,0.19416276,0.19675568,0.18981075
0.22101443,0.2004033,0.19387478,0.19910797,0.18559952
0.21964402,0.20042495,0.19556609,0.19766593,0.18669894
0.2067575,0.20235342,0.1923429,0.20627955,0.19226661
0.21437715,0.2012007,0.1971639,0.19825912,0.18899913
0.21921013,0.2001582,0.19555672,0.19749883,0.18757614
0.21951789,0.20100583,0.19559512,0.19752212,0.18635906
0.22064576,0.19940434,0.19484186,0.19660044,0.18850766
0.20815936,0.20246883,0.19156286,0.20746194,0.19034699
0.21510889,0.20198363,0.19575875,0.1991388,0.18800992
0.21933696,0.20059285,0.19492114,0.19815719,0.18699184
0.21882041,0.19914109,0.1964045,0.19695137,0.18868263
0.2214804,0.20026939,0.19460379,0.19657657,0.18706986
0.20821999,0.20299083,0.19060701,0.20802632,0.19015583
0.21615696,0.20222904,0.19490473,0.19888346,0.18782578
0.21971713,0.20006952,0.19503848,0.19758128,0.1875936
0.22062899,0.19819713,0.19682017,0.19619699,0.18815671
0.22082835,0.20082211,0.19464915,0.19936536,0.18433504
0.20764704,0.20284034,0.19111907,0.20788987,0.19050373
0.21627581,0.20218743,0.19441763,0.1991403,0.18797879
0.21990223,0.1986381,0.19482818,0.19829074,0.18834077
0.22031316,0.1994299,0.19744532,0.19823574,0.18457586
0.22160791,0.19791286,0.19530246,0.1960258,0.18915094
0.2073417,0.20298922,0.19043523,0.20650278,0.19273105
0.21574368,0.19938341,0.196199,0.19695851,0.19171539
0.21853416,0.20050661,0.19551548,0.19851287,0.1869309
0.22039784,0.20008913,0.19617534,0.19731297,0.18602476
0.22186376,0.19853958,0.194634,0.19860384,0.18635881
0.20744735,0.20344959,0.19047362,0.20697281,0.19165665
0.21593592,0.20014784,0.19581634,0.20080955,0.18729036
0.2176155,0.20079076,0.1969959,0.19779198,0.18680589
0.21911295,0.19845676,0.19785015,0.20015472,0.18442541
0.22152098,0.19743896,0.19503766,0.19820093,0.1878015
0.20644593,0.20357072,0.19106849,0.2097494,0.18916541
0.21555407,0.2004579,0.1945683,0.19648395,0.19293573
0.21870248,0.19877231,0.19503607,0.19865464,0.18883452
0.2209525,0.20025867,0.19469306,0.19942114,0.18467462
0.2218735,0.19762395,0.1946309,0.19857964,0.187292
0.20796409,0.20310858,0.18904766,0.20736347,0.19251622
0.21527992,0.20052469,0.19432336,0.20005183,0.18982023
0.2171049,0.19992785,0.19692206,0.19787903,0.1881662
0.21867697,0.19596751,0.1978614,0.19761083,0.18988325
0.22212103,0.19863951,0.19437857,0.19685297,0.18800789
0.206396,0.20367458,0.19090903,0.20891218,0.1901082
0.21466926,0.20164324,0.19560982,0.19962296,0.18845473
0.21860167,0.20002332,0.19489329,0.19996636,0.18651536
0.21988559,0.19891553,0.19499123,0.19882742,0.18738025
0.21981306,0.1966367,0.19673301,0.19655491,0.1902623
0.20663421,0.20341621,0.19074117,0.20749192,0.19171649
0.2133986,0.20004037,0.19691457,0.19954087,0.19010562
0.21549998,0.20044166,0.19749385,0.19942567,0.18713887
0.21997705,0.19511762,0.19517732,0.19662702,0.193101
0.22027504,0.19904558,0.19501033,0.19788435,0.18778466
0.20802201,0.20381398,0.1874798,0.20950618,0.19117798
0.21635768,0.19974913,0.19493946,0.20096424,0.18798952
0.2175933,0.20048875,0.19538616,0.19820964,0.18832216
0.21863484,0.19688958,0.19700938,0.1979772,0.18948896
0.21985616,0.19587217,0.19594073,0.19872789,0.18960302
0.20696734,0.20372453,0.1881793,0.21047111,0.1906577
0.21289727,0.20151384,0.19621405,0.19936034,0.19001447
0.21522243,0.19894345,0.19745316,0.19858073,0.1898002
0.21821326,0.20051087,0.19599055,0.19899948,0.18628576
0.21794526,0.20245908,0.19523787,0.20166714,0.18269068
0.20552167,0.2055656,0.18652199,0.2135116,0.18887906
0.18801688,0.19924428,0.20969188,0.20353329,0.19951366
0.18942729,0.20281687,0.20668335,0.19871864,0.20235384
0.19001651,0.2026411,0.20581825,0.19793153,0.20359264
0.1892549,0.20306368,0.2061555,0.19938461,0.2021413
0.19177759,0.20326,0.20435037,0.20158562,0.1990265
0.18869957,0.20111789,0.20772703,0.20066568,0.20178983
0.18947054,0.20390928,0.20504339,0.20067994,0.20089686
0.19117098,0.20252132,0.20748489,0.1986107,0.20021214
0.19111939,0.20416367,0.20378166,0.19958653,0.20134878
0.19117911,0.20306958,0.20512085,0.19853717,0.20209324
0.1881218,0.20354895,0.20451418,0.20340894,0.2004062
0.19139263,0.20378222,0.20306088,0.19935314,0.20241112
0.19258715,0.20294209,0.20405641,0.19958337,0.20083098
0.19320604,0.20279351,0.20604894,0.19938844,0.19856307
0.19274063,0.2031539,0.20445451,0.1972383,0.20241259
0.19155058,0.2043702,0.20046563,0.2048703,0.19874327
0.19280945,0.20383064,0.20134512,0.200465,0.20154978
0.19358794,0.20313291,0.20297067,0.19935435,0.20095412
0.19271088,0.20341386,0.20399565,0.19852073,0.20135882
0.19296438,0.20355941,0.20367743,0.19902687,0.20077193
0.19044235,0.20347108,0.20371182,0.20288964,0.19948508
0.19445103,0.20423444,0.1992203,0.20189388,0.20020032
0.19474424,0.20302588,0.20183,0.19925377,0.20114607
0.194926,0.20301664,0.20253433,0.20062502,0.19889803
0.19474554,0.20201856,0.20423089,0.19662786,0.20237719
0.19008622,0.20324616,0.2040259,0.20109779,0.20154396
0.195159,0.20387983,0.19947807,0.2011143,0.20036885
0.19434872,0.20364496,0.20048194,0.19914846,0.20237595
0.19359575,0.20238617,0.20553216,0.19590253,0.20258342
0.19491507,0.20272654,0.20404872,0.19787838,0.20043129
0.18890315,0.2044821,0.20321058,0.20275092,0.20065327
0.19415706,0.20365696,0.2016783,0.20007963,0.20042804
0.19470398,0.20353709,0.2014368,0.1989711,0.20135108
0.19442773,0.20202337,0.2057087,0.19632824,0.20151193
0.19486642,0.20324238,0.20339544,0.19912794,0.19936782
0.19102228,0.20319138,0.20417391,0.20179069,0.1998217
0.19456984,0.2035751,0.20128542,0.20081519,0.19975445
0.19499388,0.20376489,0.20061636,0.2003254,0.20029944
0.1954116,0.20263284,0.20244691,0.19673783,0.20277087
0.19496974,0.20340921,0.20379625,0.19867197,0.19915283
0.19202845,0.20318386,0.20190853,0.20105928,0.20181987
0.19343776,0.20322765,0.20300461,0.19721663,0.20311336
0.1962125,0.20301941,0.20161396,0.1980613,0.20109285
0.19505991,0.20359546,0.20240976,0.19890927,0.2000256
0.19443172,0.20349626,0.20362742,0.19923452,0.19921005
0.19054814,0.2031084,0.2035397,0.199913,0.20289072
0.19470815,0.20325194,0.20253254,0.2010813,0.19842608
0.19474548,0.20272252,0.20314364,0.19631676,0.20307155
0.19498602,0.20226677,0.20446008,0.19582412,0.202463
0.19449462,0.20308302,0.20391984,0.19844465,0.20005788
0.19201009,0.20288813,0.20291376,0.20166656,0.20052141
0.19480777,0.20252323,0.20195296,0.19705904,0.203657
0.19553104,0.2029323,0.20124638,0.19850999,0.20178027
0.19630262,0.20243952,0.2024209,0.19916737,0.19966961
0.19463618,0.20221959,0.20406096,0.19582297,0.2032603
0.18885213,0.20399968,0.20170063,0.20480329,0.20064425
0.19249801,0.20427302,0.20054224,0.20098867,0.2016981
0.19217768,0.20357719,0.20255204,0.1996797,0.20201337
0.19378763,0.20265877,0.2048914,0.19806194,0.2006002
0.1926717,0.20262004,0.20498796,0.19737431,0.20234601
0.18772778,0.2042229,0.2029302,0.20344447,0.20167467
0.1929247,0.20287587,0.20254475,0.19954944,0.20210527
0.19331646,0.20324835,0.20236354,0.19881032,0.20226133
0.19368103,0.20323898,0.20342033,0.1978002,0.20185946
0.19300732,0.2030945,0.20459986,0.1961806,0.20311771
0.18954736,0.20308226,0.20450534,0.2013734,0.20149161
0.19355768,0.2027494,0.20294131,0.19941945,0.20133215
0.19506386,0.20351908,0.20097357,0.20005825,0.20038524
0.19421686,0.2030542,0.20236178,0.19783913,0.20252803
0.19570069,0.20228922,0.20457263,0.1954276,0.20200989
0.18970719,0.20268835,0.2044583,0.20011051,0.20303567
0.19355075,0.20266163,0.20305228,0.19799183,0.20274352
0.19475554,0.20198569,0.2045892,0.1970036,0.20166598
0.19557054,0.2023944,0.2026529,0.19818808,0.20119406
0.19529162,0.20190115,0.20521037,0.196359,0.20123787
0.18894684,0.20301577,0.20544341,0.2015026,0.20109133
0.19535865,0.2017214,0.2024352,0.1979012,0.20258355
0.19493768,0.20191151,0.20450099,0.19755077,0.20109904
0.19538808,0.20277399,0.20301215,0.19901963,0.1998062
0.19507954,0.20161897,0.2051391,0.1957187,0.2024437
0.1880953,0.20296352,0.20494542,0.20016032,0.20383541
0.19459261,0.20197192,0.20304523,0.19848736,0.20190285
0.21410203,0.1949965,0.20079538,0.1942461,0.19586
0.19897632,0.20152509,0.20301442,0.19798699,0.19849719
0.19680415,0.20198388,0.20389953,0.19786301,0.19944942
0.1910651,0.2026132,0.20459458,0.2023744,0.19935274
0.1956612,0.20292154,0.2013207,0.19920982,0.20088673
0.1949201,0.20220762,0.20322701,0.19748983,0.20215544
0.1958009,0.2014831,0.20552492,0.19635615,0.2008349
0.1961681,0.20196688,0.204076,0.1971072,0.2006818
0.18950966,0.20214428,0.2058,0.19950835,0.20303766
0.19648327,0.2023092,0.20017922,0.19893704,0.20209134
0.19566736,0.20231023,0.20223047,0.19944994,0.20034198
0.19519494,0.20136344,0.20585139,0.1960165,0.20157367
0.193514,0.20228358,0.20667064,0.19599983,0.20153193
0.1884227,0.20219764,0.20631197,0.1987305,0.2043372
0.19375405,0.2023286,0.2042744,0.19832663,0.20131633
0.19475472,0.2017117,0.20414135,0.19674106,0.20265119
0.19481577,0.20187028,0.20520414,0.19695756,0.20115227
0.19381925,0.20192862,0.20604993,0.19548975,0.2027124
0.1888286,0.20236525,0.20654586,0.20143217,0.20082809
0.19252847,0.2020226,0.20494679,0.1954496,0.20505254
0.19515435,0.20118624,0.20535336,0.19570029,0.20260572
0.19446597,0.20164919,0.20476274,0.19721204,0.20191005
0.1954189,0.20088856,0.20691143,0.19572261,0.20105855
0.18762131,0.20234892,0.20730132,0.19976592,0.20296256
0.19282821,0.2015139,0.20575255,0.19684727,0.20305808
0.19509612,0.20147885,0.20462984,0.19586134,0.20293383
0.1951991,0.20096229,0.20585641,0.19573589,0.2022463
0.1954823,0.20114745,0.20494248,0.19456063,0.20386717
0.188597,0.20206232,0.20754163,0.19985999,0.20193909
0.19154114,0.20184709,0.20742556,0.1967808,0.20240542
0.1941015,0.20119101,0.2058625,0.19546638,0.20337863
0.1950784,0.20105918,0.20559745,0.19609533,0.20216963
0.19470808,0.20076753,0.20744018,0.1953242,0.20176005
0.18826583,0.20178522,0.20727842,0.19895725,0.20371324
0.19267115,0.2011106,0.2070276,0.19659871,0.20259197
0.19509856,0.20061776,0.20664494,0.19502418,0.20261456
0.1948921,0.20040773,0.20669271,0.19510256,0.20290487
0.19591793,0.20060468,0.20690562,0.19449861,0.20207319
0.18824412,0.20180188,0.20738506,0.19893599,0.20363297
0.19228579,0.20124793,0.2069618,0.19541113,0.20409335
0.19348586,0.20085658,0.20778546,0.19580823,0.2020639
0.1946074,0.200803,0.20811546,0.19572508,0.20074905
0.19489919,0.20013925,0.20885363,0.1939274,0.20218049
0.18881191,0.20146425,0.20718959,0.19985542,0.20267883
0.19234589,0.20124288,0.20746616,0.19666412,0.20228098
0.19390416,0.20056622,0.20813042,0.19519591,0.20220327
0.19590916,0.2007603,0.20630194,0.19545895,0.20156965
0.1960216,0.20052005,0.20783684,0.19394742,0.2016741
0.1881514,0.20157629,0.20810841,0.20091903,0.20124489
0.19199662,0.20075445,0.20834033,0.19518924,0.20371938
0.19355151,0.2003865,0.20897569,0.19488487,0.20220144
0.19540614,0.19979371,0.20839109,0.19413298,0.20227614
0.19511752,0.20031416,0.20912881,0.19509086,0.20034865
0.18903403,0.20127928,0.20725597,0.19919609,0.20323463
0.19114934,0.20079215,0.20917848,0.19467172,0.20420837
0.1938915,0.2002377,0.20857655,0.19409578,0.20319848
0.19607604,0.19978586,0.20864701,0.1939698,0.20152129
0.19518615,0.20005286,0.20901118,0.19351417,0.20223564
0.18785135,0.20089518,0.20847312,0.19836092,0.20441945
0.19220823,0.20045839,0.20880614,0.19474773,0.20377953
0.19430222,0.19965583,0.21012592,0.193474,0.20244204
0.19641916,0.19971932,0.20847686,0.19424316,0.20114152
0.19645792,0.19970442,0.20859548,0.19286042,0.20238169
0.18826585,0.20105538,0.20851748,0.19908492,0.2030764
0.19296452,0.20053037,0.20788598,0.19626375,0.20235541
0.19451882,0.19987555,0.20869997,0.1940085,0.20289713
0.19599889,0.20011604,0.20871796,0.19455436,0.2006128
0.19699882,0.19993955,0.20871566,0.19384992,0.20049608
0.18791837,0.20066597,0.2092677,0.19857618,0.20357178
0.19211377,0.20042413,0.20911308,0.19437292,0.2039761
0.19427745,0.20040666,0.20859618,0.19367185,0.20304781
0.19685449,0.19900121,0.20910741,0.19194204,0.20309488
0.1971894,0.19945548,0.20930803,0.19215249,0.2018946
0.18910424,0.20087887,0.20797133,0.19936572,0.20267983
0.19275895,0.20044266,0.21002875,0.19461435,0.20215526
0.19602448,0.19969924,0.20816647,0.19496682,0.201143
0.1958995,0.19943325,0.20963375,0.19259281,0.20244071
0.1960746,0.19993481,0.2104083,0.19303304,0.20054926
0.18669146,0.20033023,0.21171667,0.19692713,0.20433456
0.19009224,0.20040978,0.21159492,0.19462588,0.2032772
0.1955263,0.19929476,0.20934235,0.19247817,0.20335846
0.19602674,0.1992909,0.21117818,0.19289051,0.20061368
0.19524115,0.1996489,0.21001527,0.19241224,0.20268242
0.18737,0.20054944,0.2092037,0.20000735,0.20286947
0.19079491,0.20064904,0.21002765,0.19541077,0.20311758
0.19499889,0.19942556,0.21024302,0.19377568,0.20155686
0.19585614,0.19950359,0.210505,0.19497256,0.1991627
0.1958894,0.1994927,0.20980603,0.19334029,0.20147164
0.18667085,0.200172,0.21122393,0.19741686,0.20451632
0.19037859,0.20004296,0.21080077,0.19272707,0.20605057
0.19495307,0.19909708,0.20964326,0.1922837,0.20402288
0.19688813,0.1986423,0.2096855,0.19118755,0.20359655
0.19482273,0.19978985,0.20980379,0.19533908,0.20024455
0.18727446,0.20011653,0.21032771,0.19808418,0.20419714
0.19108663,0.2000572,0.21122661,0.19413637,0.20349316
0.19646582,0.19920297,0.20899345,0.19281548,0.20252226
0.19730644,0.19908057,0.2097718,0.19349597,0.20034526
0.19661675,0.19982758,0.20994446,0.1938568,0.19975442
0.18715683,0.2002425,0.20978314,0.1989654,0.20385212
0.19234774,0.20005512,0.20934108,0.19459671,0.20365937
0.1964888,0.19913365,0.20918359,0.19377875,0.20141521
0.19824922,0.19869067,0.20972456,0.1924382,0.2008973
0.19855462,0.19880453,0.2108076,0.1916022,0.20023105
0.18718372,0.19990599,0.21015254,0.19864136,0.20411642
0.19300559,0.19946198,0.21083532,0.19234505,0.20435204
0.19659746,0.19909264,0.20882627,0.19344433,0.2020393
0.19761649,0.1990063,0.20937888,0.19279024,0.20120813
0.20008753,0.19882181,0.20964454,0.19265799,0.1987881
0.1893707,0.19958802,0.21074195,0.1977741,0.20252523
0.19512768,0.19984257,0.20974365,0.19410256,0.20118359
0.19726682,0.19903745,0.2086682,0.1931938,0.20183375
0.19947724,0.19858848,0.20897558,0.19385032,0.19910842
0.19892928,0.19880332,0.2099978,0.19259259,0.19967702
0.19046505,0.20002352,0.20834783,0.19927181,0.20189176
0.1963266,0.19933294,0.2086477,0.19385572,0.20183703
0.19803827,0.19870777,0.20833158,0.19399193,0.20093045
0.19802323,0.19872124,0.20998237,0.192823,0.20045017
0.19967519,0.19853367,0.2095341,0.19246368,0.19979341
0.18975794,0.19963267,0.20910443,0.1969686,0.2045363
0.19637696,0.19849636,0.20985575,0.19243631,0.20283462
0.19836067,0.19877939,0.20886768,0.19349256,0.20049967
0.19901174,0.19859958,0.20922016,0.1942902,0.1988783
0.19991864,0.19814287,0.20956995,0.1926253,0.19974327
0.19051844,0.19967857,0.20785671,0.1992755,0.2026708
0.19491334,0.19954918,0.20894375,0.1954478,0.2011459
0.19841416,0.19881901,0.20798041,0.19383132,0.20095508
0.19885455,0.19821933,0.20969604,0.19340979,0.19982027
0.19996464,0.19833948,0.2090951,0.19188078,0.20072
0.18951929,0.1993122,0.20910153,0.19823343,0.20383354
0.19632828,0.19832507,0.2097311,0.19237015,0.20324545
0.19750172,0.1986258,0.20927082,0.19364825,0.20095341
0.19968925,0.1979371,0.20877264,0.19263795,0.20096305
0.19895855,0.19796161,0.20968957,0.19163089,0.20175938
0.18968803,0.19934437,0.20905317,0.19977146,0.202143
0.1961023,0.19867069,0.20983836,0.19345355,0.20193507
0.19815816,0.19824919,0.20992962,0.19202878,0.20163424
0.19889423,0.19884242,0.20797451,0.19337913,0.20090969
0.19864778,0.19825847,0.21001992,0.19230379,0.20076999
0.18970059,0.19886133,0.209386,0.19868484,0.20336726
0.1968967,0.19793212,0.20991449,0.19212894,0.20312771
0.19804984,0.19782235,0.21007615,0.19242504,0.2016266
0.19954264,0.19832364,0.2082923,0.19339432,0.20044704
0.19989866,0.19810662,0.20865627,0.19207002,0.20126845
0.19004342,0.19907643,0.20924184,0.20016749,0.20147085
0.19623412,0.19836332,0.20964374,0.19218266,0.20357616
0.19776855,0.1977911,0.20949055,0.19215554,0.2027943
0.19956587,0.19826417,0.20832968,0.1946774,0.19916289
0.19908443,0.1981211,0.21024135,0.19337618,0.19917694
0.18895812,0.19879796,0.20992956,0.19840641,0.20390795
0.1963502,0.1983691,0.20972757,0.19290206,0.20265107
0.19818859,0.19780897,0.20979053,0.19300154,0.20121036
0.1996587,0.19795512,0.20956014,0.19239125,0.20043474
0.19850853,0.19777207,0.21130979,0.19227117,0.20013845
0.19003272,0.19905728,0.20876192,0.20110556,0.2010425
0.19645414,0.19871543,0.20969506,0.195083,0.2000524
0.19867104,0.19837241,0.2084131,0.19404192,0.20050156
0.1982871,0.19767787,0.21016866,0.19166276,0.20220366
0.19975659,0.19854726,0.20826906,0.19380945,0.19961767
0.18923958,0.19901721,0.20879948,0.19915429,0.20378946
0.19611843,0.19819458,0.21049008,0.1941802,0.20101668
0.19653627,0.19780213,0.21058744,0.19264714,0.20242698
0.19913387,0.19836669,0.20843834,0.19359559,0.20046555
0.20062675,0.19794646,0.2081321,0.1920129,0.20128176
0.1901701,0.19903222,0.2078023,0.19939798,0.20359735
0.19647811,0.1982689,0.21028033,0.19231687,0.2026558
0.19828558,0.19834615,0.20839773,0.1945076,0.20046294
0.19817723,0.19800413,0.21013314,0.19280721,0.20087832
0.19942811,0.19787519,0.20945774,0.19226854,0.20097043
0.19156075,0.19900137,0.20752901,0.2016867,0.20022216
0.19614522,0.1980354,0.21197233,0.19393143,0.19991572
0.19864306,0.1981218,0.20968421,0.19417289,0.19937804
0.19939277,0.1983432,0.20850562,0.19287898,0.2008794
0.19992185,0.19857094,0.20939384,0.19376904,0.19834435
0.19039468,0.19908373,0.20865743,0.20118523,0.20067896
0.19722894,0.19900002,0.20836447,0.19358677,0.2018198
0.19784793,0.19794096,0.21090928,0.19326462,0.20003721
0.19889258,0.19824547,0.20968524,0.19426158,0.19891511
0.20039563,0.19818899,0.20869377,0.19258152,0.20014007
0.19023821,0.19896716,0.20876454,0.19899249,0.20303757
0.19733937,0.19877556,0.20932512,0.19513322,0.19942674
0.19781387,0.19874579,0.20886672,0.19469781,0.19987585
0.19817877,0.19872159,0.20938675,0.19356756,0.2001453
0.198732,0.19856973,0.2092559,0.19261603,0.20082635
0.18839331,0.1993174,0.2093596,0.19972292,0.20320675
0.1959825,0.1990558,0.20859873,0.19492714,0.20143582
0.19764782,0.19838078,0.20898892,0.19382685,0.20115557
0.19887482,0.19920184,0.20806417,0.1949265,0.19893268
0.19986139,0.1985948,0.20785242,0.19311813,0.20057327
0.1891069,0.1988659,0.21035808,0.20076293,0.2009062
0.19621587,0.19889776,0.20852014,0.19370869,0.20265755
0.19726507,0.1990408,0.20862827,0.19564351,0.1994223
0.19713503,0.19904877,0.20934358,0.19422832,0.20024431
0.19867812,0.19882399,0.20851752,0.19470139,0.19927895
0.18789831,0.19947423,0.20796251,0.2019331,0.20273185
0.19498058,0.19904843,0.20875333,0.19419147,0.20302622
0.19578516,0.199448,0.20988432,0.19573349,0.19914898
0.19728944,0.19928299,0.20878865,0.19439699,0.20024195
0.19775982,0.19900608,0.2078538,0.19355679,0.2018235
0.18684372,0.19913849,0.20846485,0.2000484,0.2055045
0.19448538,0.19926457,0.20782074,0.19407408,0.20435518
0.19569804,0.19928712,0.20834202,0.19391824,0.2027546
0.19629699,0.1990044,0.20850559,0.19338973,0.2028033
0.19721843,0.19937102,0.20821981,0.19429967,0.20089106
0.18719621,0.19906296,0.20869094,0.20090617,0.20414375
0.19421212,0.19942272,0.20880406,0.19563244,0.20192863
0.19538032,0.19958758,0.20822474,0.19539936,0.20140801
0.19641286,0.19947504,0.2075055,0.19523352,0.20137309
0.19800559,0.19944187,0.20812392,0.19491406,0.19951454
0.18731083,0.19918959,0.20846571,0.2007533,0.20428059
0.1938059,0.19985956,0.20799766,0.19593912,0.20239773
0.19495253,0.1996637,0.2075618,0.1961331,0.20168889
0.19617303,0.19929141,0.20763765,0.19470553,0.2021924
0.1979288,0.19966522,0.20781773,0.19398917,0.20059909
0.1888302,0.19922176,0.20808744,0.20222163,0.20163895
0.1947223,0.19960739,0.20933849,0.1941452,0.20218669
0.19548246,0.19882342,0.20798519,0.19458161,0.20312731
0.19657692,0.1992551,0.20787442,0.1940329,0.20226069
0.19876704,0.19920349,0.20855033,0.19316527,0.2003138
0.18480471,0.1991317,0.20932996,0.20458959,0.20214406
0.19183391,0.19988944,0.20883234,0.19548945,0.20395489
0.19472735,0.1996972,0.20787293,0.19642918,0.20127334
0.19670013,0.19924702,0.20781055,0.19408594,0.20215636
0.19437285,0.1996582,0.20885186,0.19323426,0.2038828
0.18564762,0.19877502,0.2080422,0.20183052,0.20570466
0.19093819,0.1994258,0.20835055,0.19547096,0.20581451
0.19475396,0.19847108,0.20855574,0.1931921,0.20502716
0.1956594,0.198831,0.20980786,0.1922147,0.20348705
0.19644624,0.19883238,0.20821843,0.1937614,0.20274158
0.1870254,0.19914638,0.20483159,0.20496224,0.20403442
0.1953588,0.19984046,0.20448707,0.19718787,0.20312577
0.19586365,0.20015751,0.20486434,0.19623269,0.20288181
0.19433041,0.19912353,0.21021739,0.19344997,0.20287868
0.19517627,0.19961958,0.20819268,0.19459061,0.20242089
0.18453489,0.19889745,0.20769826,0.20395099,0.20491837
0.19114964,0.1993654,0.2102538,0.19394292,0.20528826
0.19292577,0.19920646,0.21141797,0.19354187,0.20290793
0.19482878,0.19945717,0.20835474,0.19344959,0.20390971
0.1959172,0.19879505,0.20962736,0.19257614,0.20308422
0.18379694,0.19941197,0.20684789,0.20564379,0.2042994
0.19165984,0.20008779,0.20814495,0.195062,0.20504545
0.19349375,0.19936794,0.2089133,0.19349594,0.20472907
0.19463784,0.19947818,0.2084542,0.19374193,0.20368782
0.19470426,0.19968544,0.20850891,0.19336042,0.20374098
0.18219832,0.19986852,0.20715801,0.20549837,0.20527679
0.18940283,0.20090537,0.21060534,0.19520435,0.2038821
0.19060858,0.20022908,0.21120314,0.19392894,0.20403028
0.19370581,0.19867848,0.20903526,0.19253825,0.20604225
0.1940084,0.19964807,0.21002229,0.19269453,0.20362674
0.18452226,0.19985218,0.20313525,0.20810913,0.20438117
0.18948235,0.20162153,0.20665276,0.1994128,0.20283058
0.19260836,0.20062014,0.20661446,0.19691856,0.20323849
0.1925316,0.19851099,0.21003795,0.19284604,0.20607342
0.1945657,0.19930345,0.20797607,0.1934052,0.20474957
0.18113166,0.19964759,0.20706291,0.20808375,0.20407411
0.18645778,0.20097423,0.20952123,0.19689141,0.20615533
0.19086452,0.20041747,0.20931615,0.19361183,0.20579004
0.19396499,0.20140356,0.2088801,0.19461313,0.20113823
0.19402154,0.2011137,0.20783786,0.19527254,0.20175435
0.17893513,0.20050143,0.20454402,0.21020316,0.20581624
0.18326768,0.20135489,0.20966306,0.19874172,0.20697266
0.1909078,0.20010021,0.20792602,0.19636236,0.20470357
0.19228072,0.20045435,0.20721687,0.19497313,0.20507494
0.19626929,0.20107144,0.20349605,0.19632067,0.20284255
0.17932883,0.20034257,0.20481485,0.21164276,0.20387101
0.18572326,0.19992155,0.2108149,0.19587517,0.20766513
0.1912004,0.20078114,0.20747204,0.19641937,0.20412704
0.19268696,0.20003474,0.20875691,0.1946532,0.2038682
0.19446549,0.20040902,0.20781206,0.19536728,0.20194617
0.18162419,0.2003544,0.20290053,0.20966655,0.20545432
0.18345945,0.20128456,0.20988946,0.19781,0.20755656
0.18997763,0.20133653,0.20699261,0.19840609,0.20328714
0.1926156,0.20145677,0.20527488,0.19830342,0.2023493
0.19574493,0.20125636,0.20130458,0.19785163,0.20384249
0.1797673,0.20048046,0.20304918,0.21206345,0.20463958
0.18610741,0.20232798,0.20620777,0.19962424,0.20573261
0.18928309,0.2002277,0.20786715,0.19716105,0.205461
0.19317587,0.20082211,0.20452866,0.19794576,0.20352758
0.19540255,0.20003945,0.20485339,0.19491962,0.20478496
0.17959318,0.20074037,0.20284532,0.2124886,0.20433255
0.18533242,0.20152745,0.20724711,0.19872285,0.20717014
0.19019765,0.1997142,0.20612484,0.19693804,0.20702524
0.19268176,0.20216016,0.20463367,0.19849388,0.20203057
0.1951729,0.20214678,0.19972177,0.19940062,0.20355791
0.18106464,0.20098837,0.20043825,0.21303277,0.20447603
0.18604352,0.20014589,0.20672232,0.19808319,0.20900507
0.18994395,0.20148623,0.20538867,0.19848652,0.20469464
0.19265078,0.2007546,0.20591183,0.19622739,0.2044554
0.19279875,0.20118582,0.20648049,0.19740777,0.2021272
0.1841144,0.20121683,0.19735317,0.2156929,0.20162271
0.18776137,0.20125775,0.20362873,0.2010418,0.20631032
0.18945213,0.20078756,0.20531504,0.19845034,0.2059949
0.19205879,0.19910097,0.20446725,0.19730827,0.20706466
0.1936589,0.19763313,0.20530191,0.19613622,0.20726983
0.18108971,0.20092092,0.20006566,0.2144815,0.2034422
0.18817435,0.2016972,0.2060729,0.19937512,0.20468044
0.19138268,0.19935647,0.20313182,0.19898608,0.2071429
0.19252734,0.20246229,0.20358106,0.19878557,0.20264369
0.19344203,0.20224379,0.20430413,0.19964412,0.20036596
0.17852816,0.20040984,0.2021517,0.2133815,0.20552875
0.18657362,0.19853714,0.20708267,0.19829616,0.20951039
0.19162259,0.20213567,0.20250577,0.19981067,0.20392527
0.19218771,0.20171693,0.20374575,0.19977802,0.20257159
0.19298422,0.20222528,0.20349962,0.19911157,0.2021793
0.17800127,0.20128724,0.20059144,0.21509984,0.2050202
0.18544416,0.20336297,0.20545839,0.20180877,0.20392574
0.19014649,0.20290112,0.20283622,0.20133573,0.20278044
0.19460176,0.20226917,0.19955423,0.20083617,0.20273866
0.19317047,0.20075017,0.20254493,0.1984913,0.20504314
0.17947206,0.20077658,0.19979848,0.21488039,0.20507245
0.18633679,0.201966,0.20439382,0.20201537,0.20528798
0.19052084,0.20183273,0.20378475,0.20035903,0.20350267
0.1950996,0.2023922,0.20199025,0.19903275,0.20148519
0.19430996,0.19968241,0.20005962,0.19991347,0.20603454
0.17805137,0.2009164,0.1983731,0.21620677,0.20645231
0.18510036,0.20404622,0.20147064,0.20371893,0.2056638
0.19070856,0.2004429,0.20017615,0.2023871,0.20628533
0.19081801,0.19924507,0.20460363,0.19975403,0.20557928
0.19237375,0.2011601,0.20251276,0.19972552,0.20422785
0.17713027,0.20169303,0.19776261,0.21849366,0.20492044
0.1890285,0.20331706,0.20336358,0.20159657,0.20269425
0.18734078,0.20480008,0.20535155,0.200881,0.20162655
0.18733309,0.20408863,0.2039082,0.202056,0.20261401
0.19283125,0.20089659,0.20067593,0.20144516,0.204151
0.17659055,0.20144108,0.1967647,0.21787591,0.20732778
0.18660022,0.20146911,0.2019508,0.20300585,0.206974
0.18903378,0.20280409,0.20237051,0.20156197,0.20422962
0.19194785,0.20233938,0.2024887,0.20126541,0.20195869
0.19357945,0.20401242,0.20328814,0.20086688,0.19825308
0.1770684,0.20213641,0.19442743,0.22041084,0.20595692
0.18483323,0.20327517,0.20264353,0.20400399,0.20524412
0.18931778,0.20276256,0.20178843,0.20302385,0.20310737
0.19146916,0.20156449,0.19975582,0.2044651,0.20274541
0.19121519,0.20322433,0.20373188,0.20134509,0.20048352
0.17884932,0.20251091,0.19297598,0.21946084,0.20620295
0.18436669,0.20339957,0.20268056,0.20478743,0.20476574
0.18817148,0.20576738,0.20131569,0.20492506,0.19982043
0.1874875,0.20663765,0.20220111,0.20422661,0.19944715
0.19052492,0.20558448,0.20028016,0.2054942,0.19811624
0.17680366,0.20205924,0.19416341,0.21974577,0.20722789
0.18461074,0.20707528,0.20304875,0.20543535,0.19982988
0.18875653,0.20751432,0.20003925,0.20643342,0.19725649
0.18992186,0.20993075,0.20116575,0.20560451,0.19337712
0.19418256,0.21170747,0.20028983,0.20529826,0.18852186
0.17785823,0.2036067,0.18895644,0.2253445,0.20423408
0.18485463,0.20605041,0.19935302,0.20881057,0.20093136
0.18784928,0.20780273,0.20006451,0.20773105,0.19655241
0.18947746,0.212686,0.1989926,0.20894808,0.18989588
0.18975559,0.21314128,0.19959009,0.20804232,0.18947075
0.17938218,0.20304802,0.19335698,0.21990982,0.20430297
0.17976123,0.21273303,0.20274846,0.20989518,0.19486207
0.1869363,0.21203668,0.19928831,0.20917754,0.19256121
0.18850425,0.21372597,0.19676216,0.21048652,0.19052108
0.1904138,0.21541621,0.1971315,0.21038046,0.18665801
0.17441285,0.20329167,0.19166043,0.22258176,0.20805323
0.18293272,0.21461558,0.19938698,0.21104895,0.1920158
0.19052248,0.21607114,0.19710678,0.20993622,0.18636337
0.1841065,0.217238,0.20060621,0.21147142,0.18657787
0.18942495,0.21553266,0.19655778,0.21210386,0.1863807
0.17359073,0.2018709,0.19163276,0.22304428,0.20986131
0.18158378,0.21637903,0.20006317,0.21299586,0.18897817
0.18635416,0.21829852,0.1978957,0.21199515,0.18545645
0.19026491,0.22010092,0.19673972,0.21305005,0.1798444
0.18489143,0.22077826,0.19763549,0.21565495,0.18103984
0.17340884,0.20235416,0.190861,0.22284703,0.21052897
0.1804406,0.21791653,0.19833016,0.2152962,0.1880165
0.18440177,0.21931551,0.19932738,0.21342425,0.18353114
0.18549696,0.22271451,0.19728337,0.21455485,0.1799503
0.19134562,0.22350143,0.193717,0.21552874,0.17590718
0.17374997,0.20460461,0.18607172,0.22991528,0.20565844
0.18675305,0.20191373,0.20698495,0.20346914,0.20087913
0.19077487,0.20338388,0.20386824,0.20164868,0.20032437
0.1927575,0.20199743,0.20528238,0.19970359,0.20025906
0.1941346,0.2021599,0.20438884,0.20022759,0.1990891
0.19551277,0.20087202,0.20472169,0.19821845,0.20067511
0.19001581,0.20142166,0.20597649,0.20366924,0.19891676
0.19416313,0.2026418,0.20242406,0.20097835,0.19979265
0.19546412,0.19999306,0.20454569,0.19682905,0.20316806
0.19637007,0.19974391,0.20490006,0.19697694,0.202009
0.19554538,0.2027957,0.20210233,0.19897673,0.20057988
0.19160445,0.20229243,0.20309354,0.20327275,0.1997368
0.1938748,0.20131846,0.20505063,0.19822688,0.20152923
0.19563027,0.20082363,0.20394357,0.19632962,0.20327286
0.19598652,0.20155255,0.2036275,0.1983031,0.20053035
0.19579445,0.20224482,0.20310637,0.19854029,0.2003141
0.19234908,0.2008158,0.20528966,0.20181103,0.19973445
0.1952061,0.20199238,0.20223686,0.19704063,0.20352402
0.19663222,0.20172949,0.2024082,0.1991744,0.20005564
0.19569233,0.20181532,0.20373072,0.2000643,0.1986973
0.19630332,0.20165917,0.20328468,0.1995117,0.19924112
0.19090375,0.20189263,0.20586939,0.20252325,0.19881095
0.19528256,0.20158122,0.2034802,0.19809768,0.20155837
0.19684719,0.20153575,0.20260593,0.19747603,0.20153509
0.19649415,0.20144875,0.20344889,0.19668014,0.20192805
0.19639453,0.20242855,0.2027174,0.19773075,0.20072876
0.19103521,0.20320655,0.20314455,0.20315024,0.19946341
0.19434305,0.20222235,0.20381506,0.19853492,0.2010846
0.19579807,0.2023595,0.20271192,0.19919862,0.19993183
0.19716823,0.20103243,0.20312345,0.1964395,0.2022364
0.1975925,0.20205493,0.20145063,0.19854617,0.20035578
0.19145443,0.2019047,0.20426784,0.20057192,0.20180114
0.19558455,0.20104119,0.20369509,0.19604573,0.20363344
0.19552949,0.20148866,0.20412311,0.19635527,0.2025035
0.195788,0.20211573,0.20437223,0.19798216,0.19974186
0.19602035,0.20103729,0.20562892,0.1964524,0.20086102
0.19125304,0.20333262,0.20282376,0.2022302,0.20036037
0.19555965,0.20187922,0.2030833,0.19771092,0.20176688
0.19646549,0.2002039,0.20481183,0.19456275,0.20395608
0.19665411,0.20064868,0.20460449,0.19529293,0.2027998
0.19724396,0.20161937,0.20320302,0.19744498,0.20048863
0.19137014,0.2025896,0.20435892,0.2016505,0.20003083
0.19438258,0.2012423,0.20547906,0.19585274,0.2030433
0.19550191,0.20099334,0.20501426,0.1952521,0.20323838
0.19758746,0.20085822,0.20411767,0.19683959,0.2005971
0.19737445,0.20107733,0.20386204,0.19660781,0.20107837
0.19031017,0.20267984,0.20501968,0.20212808,0.19986218
0.1950002,0.20168361,0.2045075,0.1984485,0.2003602
0.19675863,0.20114592,0.20393762,0.19764401,0.20051382
0.19655153,0.20044655,0.20496233,0.1961332,0.20190644
0.19629796,0.2014711,0.20423065,0.19665733,0.20134294
0.19099654,0.20287438,0.20291142,0.20240512,0.20081256
0.194718,0.20150845,0.20428967,0.19533318,0.20415068
0.19619954,0.20113462,0.20393707,0.19573241,0.20299636
0.19648287,0.20167004,0.20309898,0.19707617,0.20167193
0.19775797,0.20132242,0.20289639,0.19712245,0.20090076
0.19099866,0.20239547,0.20403902,0.20146312,0.20110373
0.19419433,0.20213173,0.20418802,0.19680218,0.20268376
0.19508988,0.20123595,0.20595233,0.19610089,0.20162095
0.19653074,0.20178285,0.20407194,0.19722933,0.20038518
0.19715914,0.20174377,0.20316593,0.19724643,0.20068474
0.190513,0.20244877,0.2043806,0.20096958,0.201688
0.19605589,0.20224182,0.20199451,0.19900861,0.20069917
0.19655024,0.20196173,0.20306918,0.19853635,0.1998825
0.1974384,0.20127013,0.20269509,0.19726574,0.20133063
0.1982249,0.20071389,0.20294657,0.19697498,0.20113966
0.18999083,0.2024777,0.20477162,0.20171008,0.20104972
0.19643292,0.20248155,0.20103882,0.19967914,0.20036761
0.1963901,0.20157953,0.20222205,0.19498947,0.2048188
0.19806443,0.20227426,0.20169032,0.1978019,0.2001691
0.19893755,0.20223585,0.20058425,0.20007658,0.19816574
0.19005905,0.20249641,0.20461562,0.20101942,0.20180951
0.19552267,0.20034015,0.20521417,0.19475824,0.20416474
0.19620498,0.20068175,0.20375562,0.19560134,0.20375632
0.19758786,0.20091783,0.20367506,0.19669339,0.20112588
0.19733444,0.2013839,0.20365746,0.19604012,0.20158406
0.1892946,0.20216127,0.20525609,0.20016956,0.20311847
0.19360259,0.20159468,0.20607044,0.19658618,0.20214607
0.19583477,0.2012223,0.20509355,0.19693772,0.20091164
0.1956976,0.20054027,0.20626903,0.19456176,0.20293131
0.19683757,0.20103076,0.20527391,0.19634236,0.2005154
0.18860373,0.20233276,0.20588021,0.20151685,0.20166644
0.1925694,0.20135912,0.20552573,0.19530667,0.20523907
0.19473313,0.20107107,0.20536888,0.19560857,0.20321837
0.19465773,0.20078485,0.20593375,0.19244258,0.2061811
0.19656372,0.20018981,0.20694785,0.19418071,0.20211785
0.18848409,0.20265971,0.20665348,0.19975303,0.20244966
0.19409458,0.20083919,0.20670694,0.19353718,0.20482215
0.19736807,0.20071377,0.20419998,0.19514792,0.2025703
0.19648118,0.20006073,0.20613004,0.19314662,0.20418145
0.19627188,0.20059523,0.20752181,0.19594452,0.19966654
0.18886347,0.20190479,0.20666851,0.20081753,0.20174564
0.19431373,0.20038845,0.20635402,0.19550614,0.20343767
0.19466025,0.2000204,0.20801339,0.19306633,0.20423965
0.1969648,0.20026852,0.2064635,0.19374707,0.20255615
0.19743164,0.19908847,0.20710596,0.19233297,0.20404091
0.18834092,0.20132789,0.2075718,0.19921552,0.20354387
0.19289184,0.19972989,0.20839092,0.19228418,0.20670317
0.19437975,0.20022288,0.20860472,0.19347578,0.20331685
0.19707136,0.20074476,0.2048615,0.19580401,0.20151837
0.19734815,0.19963501,0.20584926,0.19234663,0.2048209
0.19085339,0.20260915,0.20288964,0.2026202,0.20102763
0.194183,0.19998306,0.20683207,0.19460998,0.20439188
0.19693513,0.20005347,0.2061365,0.19483602,0.20203885
0.19650826,0.199231,0.20825094,0.19235784,0.2036519
0.19738784,0.19978547,0.20681077,0.19257478,0.2034411
0.18781826,0.20241323,0.2066165,0.20231348,0.20083854
0.19250105,0.20050003,0.20869027,0.1936305,0.20467812
0.19502454,0.1999592,0.20791966,0.1926055,0.20449112
0.1970133,0.19994341,0.2076468,0.19460128,0.2007952
0.19672236,0.19898628,0.20843397,0.19182758,0.20402975
0.18777737,0.2020514,0.20724261,0.19998157,0.20294702
0.19399044,0.20007981,0.20782611,0.19378482,0.2043188
0.19627734,0.19955733,0.2075977,0.19354148,0.2030261
0.19841728,0.19949965,0.20659797,0.19560204,0.19988309
0.1973199,0.19957589,0.20724402,0.19160151,0.20425868
0.18778886,0.20113175,0.20798153,0.19839007,0.20470782
0.1941121,0.19956325,0.20768824,0.19374761,0.20488878
0.1966163,0.19993633,0.20601039,0.1934307,0.20400624
0.19608487,0.19954784,0.20865211,0.19287296,0.2028422
0.19852977,0.19854726,0.207574,0.19421872,0.20113029
0.18964858,0.20117371,0.20640409,0.20073101,0.20204265
0.19262278,0.19961402,0.20823307,0.19237679,0.20715335
0.19622937,0.19932322,0.20748022,0.19261256,0.20435461
0.19730797,0.19947459,0.20730206,0.19342089,0.20249447
0.19824864,0.19894253,0.20907646,0.19216686,0.20156555
0.18872333,0.20142555,0.20667109,0.19992596,0.20325407
0.19445542,0.19989292,0.20803468,0.19426693,0.20335005
0.19572312,0.19929376,0.20927192,0.1936002,0.20211102
0.1969132,0.19902828,0.20882873,0.19234091,0.20288888
0.19799183,0.1978817,0.2100416,0.18996315,0.20412178
0.18737413,0.20058528,0.20987242,0.19845955,0.20370859
0.19544764,0.19901156,0.2073437,0.19320741,0.20498969
0.19616461,0.1985664,0.20976125,0.1917975,0.20371032
0.19686577,0.19891119,0.20939966,0.1925317,0.20229165
0.19779347,0.19816063,0.20865287,0.19087693,0.20451607
0.18837355,0.20083356,0.20765361,0.19943032,0.20370893
0.1945407,0.19910927,0.2083316,0.19194975,0.20606868
0.19672897,0.19881663,0.20963398,0.1917609,0.2030595
0.19816832,0.19773482,0.21100806,0.19029939,0.20278944
0.19821869,0.1987616,0.20881668,0.19135834,0.2028447
0.18876253,0.20107245,0.20770523,0.2001134,0.20234634
0.19534846,0.19823341,0.210138,0.19269417,0.203586
0.19719501,0.19878542,0.2097276,0.19246005,0.20183189
0.1968186,0.19784467,0.21041867,0.19039568,0.20452236
0.198169,0.19766079,0.20971633,0.19006163,0.20439225
0.18903573,0.2010392,0.20646909,0.19984782,0.20360817
0.19482498,0.19913015,0.20866509,0.19155192,0.20582788
0.19750275,0.19809832,0.2101161,0.1920068,0.20227602
0.19776285,0.19798048,0.2105778,0.19009607,0.20358278
0.19756491,0.19870877,0.20992509,0.19092524,0.20287594
0.18904543,0.20059142,0.20799583,0.19842014,0.20394716
0.19336922,0.19823757,0.21162619,0.18998697,0.20678002
0.19734102,0.1985583,0.20955007,0.19235781,0.20219283
0.19866322,0.19759308,0.21032242,0.18977538,0.20364586
0.198694,0.19822444,0.20989159,0.19126144,0.20192853
0.18942203,0.2003373,0.207681,0.19862892,0.20393081
0.19361472,0.19845827,0.21120992,0.19108647,0.20563059
0.19667643,0.19727197,0.21131557,0.19102721,0.20370881
0.1994379,0.19799842,0.20851465,0.19048755,0.20356151
0.19952242,0.19799444,0.20789285,0.18960938,0.2049809
0.18932088,0.19965819,0.2097035,0.1973054,0.20401207
0.1930071,0.19818413,0.2110996,0.18939517,0.20831405
0.19491495,0.19834565,0.21196684,0.1906417,0.20413083
0.19972269,0.1974236,0.21135269,0.18984255,0.20165841
0.20003021,0.19670466,0.21132833,0.18903361,0.20290324
0.19055195,0.20007041,0.2080348,0.19809876,0.20324402
0.19416343,0.19851731,0.2112432,0.19101478,0.20506127
0.19588366,0.19731715,0.21281546,0.18823361,0.20575006
0.19894584,0.19671272,0.21164519,0.18894017,0.20375606
0.19994676,0.197936,0.20941734,0.19103108,0.20166883
0.19048636,0.19984613,0.20849513,0.19816428,0.20300809
0.19293837,0.19857956,0.21273091,0.1916282,0.20412299
0.19593115,0.19731976,0.2131253,0.1886286,0.20499519
0.20107701,0.19737281,0.20898807,0.18890099,0.20366108
0.19959457,0.1974056,0.21023585,0.18952656,0.20323737
0.1918789,0.19981308,0.20717745,0.19908515,0.20204546
0.19452631,0.1974926,0.21251571,0.18915185,0.20631355
0.1972769,0.19641584,0.21304211,0.18795171,0.20531346
0.2006382,0.19717073,0.208568,0.1900811,0.20354195
0.20019147,0.1964956,0.21164139,0.18961276,0.2020588
0.18942994,0.19995661,0.20936847,0.19923657,0.20200841
0.1961366,0.1977828,0.21178055,0.18899906,0.20530105
0.19892742,0.19752464,0.21130094,0.19091728,0.20132974
0.19891733,0.19642621,0.21129851,0.18791522,0.20544277
0.20130217,0.19687428,0.21028943,0.19081143,0.20072271
0.19051977,0.1987738,0.21111795,0.19671465,0.20287381
0.19622326,0.19778484,0.21051691,0.19057195,0.20490299
0.19831531,0.19711275,0.21192485,0.18935016,0.20329694
0.20030378,0.19699694,0.21017797,0.1905994,0.20192194
0.19962545,0.19648533,0.21201307,0.18762116,0.20425503
0.19189249,0.19960843,0.20768954,0.19801505,0.20279449
0.19580445,0.19746919,0.21241836,0.1913489,0.20295914
0.19774133,0.19702359,0.2120488,0.18793456,0.20525168
0.19911323,0.19699906,0.21132123,0.18792424,0.20464222
0.2005975,0.19624658,0.21197298,0.18875997,0.20242298
0.19179368,0.19951311,0.20979886,0.19941226,0.19948207
0.19577433,0.19779216,0.21186566,0.19013631,0.20443152
0.19866425,0.1967532,0.2117098,0.18912402,0.20374875
0.1989323,0.19771942,0.21163385,0.1888604,0.20285401
0.19851437,0.19608912,0.21310714,0.18714204,0.20514731
0.19235419,0.20022435,0.20534866,0.19889463,0.2031782
0.19495937,0.19695179,0.21316542,0.1885075,0.2064159
0.20056985,0.19762152,0.21076821,0.19078158,0.20025884
0.19979934,0.19688432,0.21210214,0.18896137,0.2022528
0.20000355,0.19742309,0.21059941,0.1877383,0.20423566
0.18966849,0.19917467,0.2095034,0.19643264,0.20522085
0.19564226,0.19746344,0.21236016,0.1892675,0.20526667
0.19913876,0.19717546,0.21121454,0.18865584,0.20381545
0.19736543,0.19781588,0.21272683,0.18874007,0.20335177
0.20011537,0.19615959,0.21254168,0.1871916,0.20399174
0.19103146,0.1988003,0.2096535,0.19793287,0.20258187
0.19537295,0.19554418,0.21419258,0.18729581,0.20759447
0.19975968,0.19558796,0.21100424,0.18835194,0.20529622
0.2011426,0.1953608,0.21108277,0.18771352,0.20470028
0.20041387,0.19692266,0.2107866,0.18905866,0.20281823
0.19049384,0.19938381,0.2082212,0.1992953,0.20260581
0.1965554,0.19692525,0.21261388,0.18894202,0.20496346
0.19967993,0.19594887,0.21174784,0.18662603,0.20599733
0.20109284,0.19685881,0.2097266,0.18987943,0.20244229
0.20082435,0.19606055,0.21272095,0.18862925,0.20176487
0.19108051,0.1988082,0.21079467,0.19691248,0.20240417
0.19639051,0.19608586,0.21287702,0.18721215,0.20743446
0.19954677,0.1962328,0.21196845,0.18812984,0.20412208
0.20031667,0.19601148,0.21207707,0.18702345,0.20457135
0.2012496,0.19604456,0.21164885,0.18932725,0.20172971
0.19183436,0.19870001,0.20707953,0.20032096,0.20206514
0.19905674,0.1962696,0.21178657,0.18877882,0.20410827
0.1999985,0.19605948,0.2115605,0.18912828,0.20325327
0.20099922,0.19653226,0.21183148,0.18854715,0.2020899
0.20188373,0.19552213,0.21187733,0.18759784,0.20311902
0.19237149,0.1995391,0.20574501,0.19957553,0.20276886
0.19732445,0.19702962,0.21189052,0.19078691,0.20296851
0.20155577,0.19631739,0.20994613,0.18995474,0.20222595
0.2019307,0.19440039,0.21162634,0.18678792,0.20525466
0.20287687,0.19601989,0.20983845,0.18904372,0.20222108
0.19032344,0.19773984,0.21008529,0.1970876,0.20476383
0.19805858,0.19658293,0.21091557,0.18929969,0.20514324
0.19689526,0.19729273,0.21293421,0.18891223,0.20396556
0.20269258,0.19648966,0.2116566,0.18967219,0.19948894
0.20275608,0.19561547,0.21050052,0.18837848,0.20274948
0.1920557,0.19820221,0.20835155,0.19805656,0.203334
0.19746506,0.19588816,0.21098131,0.18804334,0.20762214
0.20008536,0.19550645,0.21220678,0.18888839,0.20331305
0.20125824,0.1957067,0.21313708,0.18818696,0.20171106
0.20272686,0.19632962,0.21024522,0.18824835,0.20244998
0.19107436,0.19855583,0.20919235,0.19781344,0.20336397
0.19634554,0.19609876,0.21257177,0.18844424,0.20653969
0.2009445,0.19608082,0.210744,0.1893706,0.20286012
0.19910906,0.19568594,0.21350956,0.1879898,0.20370562
0.20175639,0.19516034,0.21196139,0.18755189,0.20356995
0.19108938,0.19800614,0.20835012,0.19675104,0.20580336
0.19713384,0.19458535,0.21436337,0.18673669,0.20718075
0.20110156,0.19585443,0.21010405,0.18902159,0.2039184
0.20229828,0.19506785,0.20994808,0.18766995,0.20501587
0.20287015,0.19564822,0.21141385,0.18822058,0.20184721
0.19375832,0.20144211,0.20479749,0.2019509,0.19805114
0.19335012,0.19888628,0.2102838,0.19217756,0.20530222
0.19593701,0.19683401,0.21269919,0.18867393,0.20585588
0.19763343,0.19686544,0.21257548,0.18854426,0.20438139
0.199579,0.19635546,0.21138856,0.18774715,0.20492981
0.18871728,0.19941969,0.20752561,0.19899368,0.20534375
0.19437976,0.196652,0.21443777,0.18894444,0.20558603
0.19925031,0.195821,0.2129773,0.18857189,0.2033795
0.19965596,0.19641279,0.21167749,0.18868017,0.20357357
0.20229605,0.1963742,0.20897743,0.18984812,0.20250419
0.18836384,0.19833954,0.21043947,0.19786921,0.20498796
0.19613536,0.19627023,0.21173345,0.18898568,0.20687528
0.19981314,0.19704044,0.2088345,0.18936521,0.20494667
0.20085594,0.19631204,0.21130595,0.18805698,0.20346911
0.2013504,0.19606845,0.21169914,0.18853825,0.20234378
0.1898951,0.19835931,0.20961623,0.1992047,0.2029247
0.19730897,0.19644946,0.21258211,0.1885671,0.20509236
0.20026232,0.19600116,0.2108285,0.18806888,0.20483914
0.20017287,0.19281483,0.21520744,0.18578732,0.20601751
0.20056945,0.19539379,0.21212927,0.18705697,0.2048505
0.19055298,0.19819734,0.20884594,0.19930029,0.20310342
0.1967384,0.19683827,0.21209173,0.18919365,0.20513795
0.2001359,0.19630651,0.21067594,0.18823013,0.2046515
0.201275,0.1952733,0.21148182,0.188679,0.20329086
0.20174572,0.19503082,0.21134199,0.18783405,0.20404741
0.19213776,0.19791605,0.20705235,0.1988086,0.20408529
0.19829279,0.19633062,0.21049093,0.1892157,0.20566998
0.19927818,0.1959776,0.21242554,0.1880976,0.20422111
0.20119703,0.19503216,0.21155846,0.18767592,0.20453647
0.20186688,0.19599135,0.21008529,0.189072,0.20298451
0.19289663,0.19768657,0.20660393,0.19640177,0.2064111
0.19845505,0.19626832,0.20997974,0.18861142,0.20668544
0.19991387,0.19679774,0.21023427,0.19012958,0.20292453
0.20148458,0.19537732,0.2108942,0.18794456,0.2042993
0.20342304,0.19613801,0.20982805,0.18912171,0.2014892
0.19126682,0.19740415,0.20947579,0.19756447,0.20428877
0.19733141,0.19586676,0.21145396,0.18946409,0.20588377
0.20088194,0.19674228,0.20884255,0.19051859,0.20301463
0.20165402,0.19595742,0.20976932,0.18943994,0.20317933
0.20403314,0.19564855,0.20825385,0.1898009,0.20226355
0.19169956,0.19722395,0.20958437,0.19717939,0.20431274
0.19935855,0.19596675,0.20935342,0.1906914,0.20462987
0.20020485,0.19522071,0.21125953,0.18949068,0.20382427
0.20251285,0.19527228,0.21064995,0.18766604,0.2038989
0.20348333,0.19473943,0.2097522,0.18805958,0.20396547
0.19108513,0.1969068,0.20860246,0.19812356,0.20528206
0.19839795,0.19576696,0.21134686,0.18836673,0.20612147
0.20163482,0.19471607,0.21014427,0.18857698,0.20492789
0.20231354,0.1956162,0.21025105,0.18878925,0.20302996
0.20302224,0.19501618,0.21036206,0.18916814,0.2024314
0.19293916,0.19711721,0.20739692,0.19848734,0.20405938
0.19896074,0.19600287,0.2096198,0.1900396,0.20537694
0.20249479,0.19613975,0.2076325,0.19024198,0.20349103
0.20263962,0.19432466,0.20903349,0.18712519,0.20687702
0.20519578,0.19370155,0.20884185,0.18680136,0.20545948
0.19319333,0.1970852,0.20726494,0.19878751,0.20366897
0.19918777,0.195341,0.20887442,0.18862721,0.20796956
0.20336428,0.19360188,0.20932916,0.18723105,0.20647363
0.20409077,0.19525598,0.20760567,0.18731113,0.20573644
0.20523909,0.194532,0.2083595,0.1884373,0.20343211
0.19473486,0.19676188,0.20673557,0.19734491,0.2044228
0.20135318,0.19570753,0.20787913,0.19068469,0.20437549
0.20303898,0.19455835,0.20872174,0.18812609,0.20555484
0.20379032,0.19327076,0.20994365,0.18809329,0.20490201
0.20512791,0.19513674,0.2074212,0.1883189,0.20399521
0.19401385,0.19659501,0.20630533,0.19715632,0.20592947
0.20089728,0.19485107,0.2083189,0.18980348,0.20612928
0.20209537,0.19513631,0.20895879,0.18963002,0.2041795
0.2034432,0.19392344,0.20979479,0.18794559,0.20489301
0.20496644,0.19467854,0.20904203,0.18853323,0.20277974
0.19602716,0.19688438,0.20564842,0.19864254,0.2027975
0.20078877,0.19441307,0.20984028,0.18947835,0.2054795
0.20413986,0.19225058,0.20864394,0.18755557,0.20741001
0.20557484,0.19500983,0.20639472,0.18891266,0.20410798
0.20548682,0.19490576,0.20674427,0.19001998,0.20284322
0.19577941,0.19696012,0.20530272,0.19877404,0.20318367
0.20123497,0.19623734,0.2066682,0.1903886,0.20547085
0.20226903,0.19448866,0.20829773,0.1880154,0.20692919
0.20438465,0.19560067,0.20824967,0.18945232,0.20231263
0.20393161,0.19514713,0.20767772,0.18945442,0.20378909
0.19463842,0.19744107,0.20403855,0.19972287,0.20415911
0.20169312,0.19401954,0.207111,0.19006976,0.20710659
0.2021567,0.19347851,0.20861258,0.18817453,0.20757769
0.20373246,0.19504763,0.20757039,0.19013858,0.20351091
0.20357314,0.19529061,0.20725799,0.19046828,0.20340995
0.19402076,0.19711801,0.20519795,0.19973196,0.20393129
0.20033991,0.19650178,0.20686238,0.19203764,0.20425828
0.20263273,0.19529077,0.2068953,0.19016188,0.2050193
0.2040014,0.19474924,0.2069206,0.19028148,0.20404726
0.20351751,0.19554263,0.20628548,0.18957093,0.20508341
0.19432528,0.19736396,0.20422012,0.19990301,0.20418763
0.19958726,0.19662184,0.20679925,0.1914545,0.20553714
0.20216607,0.19616462,0.20711552,0.19177094,0.20278287
0.20285603,0.19515008,0.20703517,0.18955372,0.205405
0.2036958,0.19423254,0.20678444,0.18930906,0.2059782
0.19275822,0.1970355,0.20648178,0.19980134,0.20392314
0.19982478,0.19527406,0.20755078,0.19140053,0.20594989
0.20123188,0.19652727,0.20729858,0.19347143,0.20147087
0.20227917,0.19476894,0.20709884,0.18933052,0.20652257
0.20318477,0.1946337,0.20791867,0.18999068,0.20427218
0.19392546,0.19734311,0.204287,0.20053807,0.2039064
0.19810688,0.19504896,0.20918122,0.19048488,0.20717809
0.20191994,0.19433574,0.20795444,0.18831125,0.20747864
0.20291868,0.19357356,0.20744164,0.18809307,0.20797302
0.2032165,0.19483443,0.20649819,0.19023536,0.20521551
0.19205026,0.19722165,0.20545802,0.20018582,0.20508425
0.19884267,0.19624346,0.20733142,0.19086207,0.20672032
0.20135212,0.19531384,0.2081392,0.19016731,0.20502752
0.20179538,0.19501795,0.2080491,0.1891919,0.20594567
0.20319213,0.19379942,0.20732298,0.18877336,0.20691209
0.19110376,0.19789499,0.20444104,0.2012822,0.205278
0.19833907,0.19661774,0.2078637,0.19332933,0.20385012
0.2003936,0.19506426,0.2074989,0.18962574,0.2074175
0.20032527,0.19678015,0.20715809,0.19104646,0.20469001
0.2024561,0.1957507,0.20610696,0.19073588,0.20495036
0.190957,0.19824341,0.20339791,0.20319895,0.2042027
0.19751166,0.19642082,0.20828876,0.19080842,0.20697036
0.20034288,0.19608551,0.20633946,0.19096477,0.20626742
0.20149791,0.19410059,0.20803115,0.19100453,0.20536585
0.20169005,0.1943656,0.20740165,0.18976584,0.20677687
0.18994859,0.19844174,0.20378435,0.20285134,0.20497403
0.19664925,0.19772284,0.20692539,0.19294508,0.2057574
0.19978704,0.19546953,0.20663983,0.19058578,0.20751783
0.20081224,0.19428502,0.20727566,0.18919812,0.20842895
0.20122655,0.19572543,0.20716777,0.1903566,0.20552367
0.189667,0.1982018,0.20399295,0.20431128,0.20382693
0.19561568,0.19703528,0.20824207,0.1911416,0.20796533
0.19903418,0.19761132,0.20678888,0.19260468,0.20396093
0.20095338,0.1964199,0.20647983,0.19082785,0.20531906
0.20240313,0.19247122,0.20708536,0.18920602,0.20883428
0.18991938,0.19801553,0.20243254,0.20201485,0.20761772
0.19451438,0.19808255,0.20772947,0.19290899,0.20676464
0.19963728,0.19502854,0.20614237,0.18973705,0.2094548
0.20222877,0.19483961,0.20585106,0.19040696,0.20667358
0.2019496,0.19365184,0.20719129,0.18965237,0.20755488
0.18943344,0.19810756,0.2024852,0.20346855,0.20650524
0.19535446,0.19535919,0.20832174,0.19189164,0.20907295
0.1990923,0.19561411,0.20597377,0.19120125,0.20811854
0.20147072,0.1935916,0.20618568,0.18959635,0.20915563
0.20208651,0.19233422,0.20626613,0.18882737,0.21048576
0.19049484,0.19863714,0.20094946,0.20478913,0.20512944
0.19695054,0.19442418,0.20693474,0.1916561,0.21003443
0.19842333,0.19314994,0.20722742,0.18861254,0.21258682
0.20007324,0.19560479,0.20555061,0.19077188,0.20799944
0.20204107,0.19247848,0.20681961,0.18898278,0.20967808
0.1898316,0.19854157,0.20056367,0.20501883,0.20604433
0.19599153,0.19638728,0.20619512,0.19286597,0.20856012
0.19962217,0.19454345,0.20548886,0.19046855,0.20987697
0.19910716,0.1942806,0.20677584,0.19008055,0.20975584
0.20109196,0.19157922,0.20652023,0.18798633,0.21282226
0.18993615,0.1988063,0.19939272,0.2055081,0.20635676
0.19499406,0.19525139,0.20740446,0.19167595,0.21067412
0.19885743,0.19297734,0.20625238,0.19017322,0.21173961
0.20069034,0.19468796,0.20566253,0.1907705,0.20818862
0.20210454,0.19344851,0.20460293,0.19010803,0.209736
0.18785325,0.19906233,0.20045131,0.20599256,0.20664054
0.19518447,0.19137661,0.2082711,0.19016464,0.21500318
0.19927026,0.19483113,0.20515011,0.19158335,0.20916513
0.19967371,0.19381908,0.2068534,0.1901095,0.2095443
0.20081127,0.19355676,0.20590009,0.19049658,0.20923533
0.1890888,0.19896746,0.19929914,0.2069412,0.20570341
0.19465163,0.19539009,0.20769463,0.19197854,0.21028508
0.19806553,0.19352454,0.20698327,0.19052863,0.21089803
0.19958718,0.19216241,0.2067984,0.19003418,0.21141784
0.20193762,0.19081314,0.20546418,0.18968984,0.21209528
0.18926525,0.19932859,0.19884016,0.20770095,0.20486505
0.1950095,0.19408324,0.20705691,0.19148752,0.2123628
0.19749573,0.19287956,0.2080297,0.18985513,0.21173991
0.20053026,0.19055782,0.20639662,0.18981653,0.21269877
0.20106597,0.18912295,0.20668192,0.19001223,0.21311694
0.18975519,0.19902816,0.19871743,0.20776717,0.20473202
0.19469821,0.19452341,0.20629719,0.19143085,0.21305034
0.19776653,0.19158669,0.20644991,0.1902537,0.21394318
0.19962876,0.18994872,0.20685299,0.19025974,0.2133098
0.20017269,0.18863897,0.20772569,0.19069931,0.21276337
0.19039014,0.19862454,0.19755489,0.20792581,0.20550463
0.19497755,0.19309185,0.2055712,0.19235449,0.21400495
0.1977067,0.19149834,0.20610818,0.19035643,0.21433036
0.20032352,0.18938483,0.2055873,0.19078247,0.21392186
0.20078486,0.18750183,0.20585915,0.1907435,0.21511067
0.18964441,0.19871904,0.19793032,0.20612836,0.20757787
0.19523862,0.19295497,0.20446038,0.19328523,0.21406081
0.19765416,0.19045736,0.20641805,0.19108653,0.21438392
0.19921112,0.18845722,0.2052264,0.19057094,0.21653435
0.20026053,0.18929051,0.20578489,0.19060928,0.21405476
0.19061366,0.19882481,0.19602986,0.20777757,0.20675409
0.19500606,0.19193898,0.20400299,0.19309248,0.21595952
0.19716021,0.18973975,0.20540495,0.19126321,0.21643187
0.19917119,0.19382387,0.20371549,0.19335315,0.20993632
0.19915433,0.194628,0.20383634,0.19277321,0.20960814
0.1890532,0.19898784,0.19760358,0.20857361,0.20578176
0.19287764,0.19156496,0.20556743,0.19412698,0.215863
0.19624162,0.19251685,0.20546272,0.19322887,0.21254994
0.19824982,0.19206767,0.20457292,0.19370957,0.21140008
0.20066202,0.19121431,0.20240024,0.19304228,0.21268114
0.18806332,0.19894758,0.19713123,0.20931855,0.20653933
0.1918507,0.19560397,0.20475507,0.19574176,0.21204847
0.19536608,0.19445556,0.20404153,0.19453242,0.21160442
0.19779524,0.19287735,0.20306207,0.19375598,0.21250933
0.19921839,0.19149075,0.20290053,0.19409943,0.21229093
0.18762997,0.19950701,0.19670247,0.21127452,0.20488602
0.19110402,0.1952756,0.20499966,0.19603515,0.21258555
0.19564526,0.19207649,0.20306028,0.19482085,0.2143971
0.19681561,0.19183886,0.20379551,0.19473827,0.2128118
0.1974125,0.19157165,0.20396727,0.1943129,0.21273568
0.18752423,0.19909197,0.19519168,0.20936823,0.20882389
0.19107836,0.1951527,0.20381983,0.19693476,0.21301432
0.19403793,0.19402103,0.20345174,0.19569726,0.21279204
0.19650903,0.19148807,0.20359202,0.19399536,0.2144155
0.19665408,0.19274451,0.2032109,0.19516796,0.21222252
0.18736112,0.19963942,0.19551937,0.21070069,0.20677938
0.18970752,0.19424026,0.20381123,0.19764014,0.21460088
0.19363737,0.19355863,0.2031246,0.19671416,0.21296522
0.1948659,0.1912719,0.20412117,0.19499502,0.21474597
0.19555749,0.19362755,0.20263653,0.1966888,0.21148962
0.18778348,0.20043522,0.19263253,0.21352948,0.20561929
0.18938948,0.1947063,0.20364556,0.19811252,0.21414615
0.19322234,0.1934373,0.20219743,0.19749358,0.21364938
0.1948771,0.19251585,0.20254825,0.19775231,0.21230653
0.1956464,0.19227858,0.20136902,0.19653846,0.21416752
0.18656896,0.20059343,0.19317174,0.21270908,0.20695674
0.18914959,0.19605671,0.20153908,0.19960235,0.21365228
0.1910534,0.19584419,0.20316811,0.19931927,0.21061498
0.19379476,0.19385834,0.20200285,0.19721946,0.21312459
0.19460976,0.1938068,0.2019453,0.19748096,0.21215713
0.18627968,0.20096678,0.19163245,0.21489069,0.20623037
0.18751556,0.19679967,0.20272326,0.2005707,0.2123908
0.19185683,0.19347021,0.20131923,0.19760917,0.21574461
0.19307181,0.19349799,0.20157953,0.19823162,0.21361902
0.19386019,0.19382598,0.20100908,0.19849025,0.21281454
0.1843261,0.20049399,0.1925646,0.2144477,0.20816763
0.18877773,0.19469267,0.20117818,0.20043994,0.21491145
0.19130556,0.19496273,0.20126322,0.19950725,0.21296124
0.19291884,0.19378671,0.20150293,0.19844557,0.21334596
0.1933094,0.19534113,0.20165202,0.19904391,0.21065351
0.18429199,0.20069885,0.19248396,0.2158357,0.20668948
0.1886894,0.19420259,0.2008913,0.20045625,0.21576047
0.1920663,0.19413695,0.20111819,0.20012037,0.21255818
0.19234525,0.194963,0.20173447,0.19895987,0.21199743
0.19360511,0.19490027,0.20137133,0.19996439,0.21015893
0.18341826,0.2017211,0.19160268,0.21708515,0.20617278
0.18775901,0.19601448,0.20143725,0.20165683,0.21313241
0.190535,0.19566023,0.20213495,0.20067428,0.21099553
0.19261652,0.19640423,0.20126717,0.20025581,0.20945626
0.19434173,0.19478758,0.20008078,0.20077148,0.21001847
0.18330747,0.2014093,0.1917413,0.21709831,0.20644365
0.18752207,0.19592401,0.20201303,0.20109212,0.21344875
0.19126193,0.19710852,0.20038791,0.20038529,0.21085632
0.19190578,0.19764401,0.20123509,0.1996182,0.2095969
0.1930133,0.19791381,0.20058727,0.20052037,0.20796524
0.18241362,0.20124708,0.19178407,0.21645229,0.20810296
0.18709353,0.19727342,0.20104983,0.20219281,0.21239041
2.7946758e-08,0.81046486,0.18953504,2.7946758e-08,2.7946758e-08
0.18047558,0.20115763,0.20218045,0.20475323,0.21143311
0.18949011,0.19919841,0.19878809,0.20384677,0.20867665
0.18243925,0.20206444,0.18939798,0.21944915,0.20664923
0.1860878,0.19751577,0.19994211,0.2045985,0.21185583
0.18839546,0.19826017,0.2010116,0.20216674,0.21016608
0.19052602,0.20016855,0.20016654,0.20233394,0.20680493
0.19261715,0.19871083,0.19927828,0.20281638,0.20657738
0.18097676,0.20196214,0.1902444,0.21933988,0.20747678
0.1851599,0.19815423,0.20091179,0.20515978,0.21061428
0.18928355,0.20074877,0.19957292,0.20417063,0.2062241
0.19069885,0.20294186,0.19851933,0.20380175,0.20403823
0.19260398,0.20277157,0.19820441,0.20407215,0.20234786
0.18306178,0.20100138,0.18959998,0.21795073,0.20838608
0.18606831,0.1996462,0.19940428,0.20576431,0.20911692
0.18902373,0.20453154,0.19975816,0.20529227,0.2013943
0.19050199,0.20556286,0.19889744,0.20511486,0.19992289
0.19282737,0.20565157,0.19713302,0.20483111,0.19955693
0.18051764,0.20112504,0.19025216,0.21895404,0.20915116
0.1859798,0.20445323,0.19845971,0.20716828,0.203939
0.18975039,0.20690799,0.19786584,0.20672129,0.19875447
0.19122605,0.20754682,0.1973877,0.20635815,0.19748132
0.19318905,0.20726055,0.19784011,0.20590189,0.1958084
0.18278587,0.20160572,0.18655543,0.2209868,0.20806621
0.18569306,0.20746782,0.19900708,0.20777321,0.20005882
0.18965198,0.20891601,0.196608,0.20798074,0.19684325
0.19103733,0.21137723,0.1966373,0.20776887,0.1931792
0.19223069,0.21104999,0.19631013,0.2077708,0.1926384
0.18177767,0.2017154,0.18705451,0.22038037,0.20907204
0.18660268,0.2092096,0.19899552,0.2089279,0.19626431
0.18835147,0.21228483,0.19720183,0.20915537,0.19300647
0.19043182,0.21288954,0.19629832,0.2086097,0.19177064
0.192743,0.2142418,0.19650961,0.20878422,0.18772137
0.18188706,0.20261057,0.18515438,0.22275963,0.20758836
0.1853156,0.21310398,0.19790596,0.21111342,0.19256099
0.18755831,0.21443795,0.19713464,0.21065758,0.19021149
0.18885782,0.21578191,0.1970227,0.21076386,0.1875737
0.19136389,0.2165708,0.19490296,0.21117537,0.185987
0.18055646,0.201787,0.1859933,0.22229595,0.20936726
0.18334101,0.21507955,0.19719699,0.21230116,0.19208135
0.18772528,0.2172749,0.19669858,0.21250643,0.1857948
0.18768288,0.21844985,0.19712952,0.21281952,0.18391825
0.18823986,0.22052357,0.1958684,0.21332823,0.18203999
0.18016893,0.2022998,0.18368056,0.2241412,0.20970951
0.18552461,0.20277135,0.20732507,0.20386638,0.20051265
0.19050525,0.20296407,0.2037397,0.20050171,0.20228925
0.18971372,0.2033136,0.20516485,0.19897762,0.20283021
0.19151612,0.20253263,0.20491911,0.1983905,0.2026416
0.1927931,0.20139548,0.205649,0.19828784,0.20187452
0.18684115,0.20293199,0.20574145,0.2022449,0.20224053
0.19066556,0.20182572,0.20626247,0.19685699,0.20438929
0.19229606,0.20269336,0.20463584,0.19906288,0.2013119
0.19298711,0.2016258,0.20591824,0.19842938,0.20103946
0.19416252,0.20186691,0.20396134,0.19940133,0.2006079
0.18811527,0.20374708,0.20419256,0.20484139,0.1991037
0.1928932,0.20282494,0.20336491,0.19965672,0.20126022
0.19351132,0.20178847,0.20426881,0.19669834,0.20373304
0.19446251,0.20136453,0.203934,0.19704305,0.20319596
0.19310251,0.2020555,0.20589092,0.19807614,0.20087492
0.18802251,0.20348442,0.20521232,0.20227996,0.20100076
0.19373766,0.20263939,0.20271218,0.19924137,0.2016694
0.19382626,0.20173047,0.20525521,0.19802642,0.20116164
0.19489032,0.20141223,0.20457643,0.19618641,0.20293462
0.19524254,0.20181018,0.20468962,0.19770963,0.20054801
0.18879782,0.20319837,0.20463629,0.20399478,0.19937277
0.19336058,0.20196202,0.20476578,0.19685683,0.2030548
0.19363178,0.20293061,0.20359175,0.19797161,0.20187418
0.19430624,0.2015705,0.20551357,0.1979361,0.20067365
0.19611427,0.20244524,0.2022418,0.19777478,0.2014239
0.18782197,0.203813,0.20506091,0.20185874,0.2014454
0.19221072,0.2032059,0.204105,0.19769919,0.20277922
0.19349627,0.20247751,0.20508699,0.19735835,0.20158088
0.19443415,0.20163903,0.20460734,0.19556521,0.20375429
0.1948541,0.20250455,0.20413564,0.19794919,0.20055652
0.18791123,0.2032595,0.20543492,0.20129865,0.2020957
0.19282809,0.20276207,0.2034995,0.19814272,0.20276767
0.19554546,0.20217201,0.20345917,0.19742674,0.20139663
0.19404827,0.20215334,0.20460568,0.19648796,0.2027048
0.19477122,0.20109758,0.20528473,0.1959121,0.20293438
0.18682787,0.20348202,0.20735648,0.20234032,0.19999334
0.1927473,0.20210671,0.20518513,0.19782281,0.20213807
0.19389305,0.20225231,0.20377839,0.19544955,0.20462672
0.19408467,0.20255439,0.20412925,0.19709693,0.20213477
0.19479834,0.2015322,0.20623063,0.19624086,0.20119798
0.18872915,0.20345655,0.20514257,0.2038952,0.1987765
0.19188629,0.20231296,0.20615913,0.19752069,0.20212092
0.1936933,0.20191248,0.20552081,0.19645604,0.20241736
0.19432351,0.20092423,0.207184,0.19538768,0.20218062
0.19522312,0.20204523,0.20409024,0.1964665,0.2021749
0.18825778,0.20338286,0.20551535,0.20274112,0.2001029
0.19287887,0.20177826,0.20529445,0.19559723,0.20445119
0.19364116,0.20135161,0.20594908,0.19603409,0.2030241
0.19418746,0.20187154,0.20595193,0.19689286,0.20109622
0.19428952,0.20143697,0.20607036,0.1950536,0.20314953
0.1875836,0.20333984,0.20620005,0.20195882,0.20091769
0.19066033,0.20202313,0.20700715,0.19429249,0.2060169
0.19389969,0.2015248,0.20564057,0.19531459,0.20362036
0.19444723,0.20076224,0.20737006,0.19505456,0.20236585
0.19503208,0.20195588,0.20537746,0.19742113,0.20021345
0.18830164,0.20324023,0.20653453,0.20150167,0.20042193
0.19174746,0.2028456,0.20613404,0.19783711,0.20143583
0.19437666,0.20065993,0.20705982,0.1940509,0.2038527
0.19440314,0.20133995,0.20633672,0.19311646,0.20480374
0.19535688,0.20051211,0.20663624,0.19485204,0.20264275
0.18802792,0.2026223,0.2068182,0.19955973,0.20297188
0.19175744,0.20165518,0.20720668,0.19560899,0.20377173
0.19280246,0.20185225,0.20772877,0.19437885,0.20323767
0.19388416,0.20105861,0.2076891,0.19281484,0.20455328
0.19523253,0.20093653,0.20748237,0.19487095,0.20147762
0.18770295,0.20272404,0.20732766,0.20072243,0.20152289
0.19186762,0.20157926,0.20772205,0.19646166,0.20236936
0.1937684,0.20111442,0.20752256,0.19521262,0.202382
0.19501844,0.20079769,0.20625481,0.19613609,0.20179296
0.1938957,0.19976434,0.21005131,0.19215414,0.20413457
0.18771912,0.20352955,0.2056106,0.20273218,0.20040853
0.19134644,0.20116389,0.20832552,0.19421475,0.20494936
0.19412781,0.20027098,0.2080867,0.1937082,0.20380633
0.19491068,0.19904874,0.2100291,0.19398637,0.20202509
0.19548808,0.20010202,0.20742488,0.19224219,0.20474283
0.18799427,0.20276761,0.20632495,0.20114581,0.20176737
0.19354588,0.20177887,0.20484048,0.1959061,0.20392862
0.1959277,0.20152166,0.20441814,0.19598886,0.20214361
0.19684808,0.2012354,0.2040362,0.19562796,0.20225234
0.19745418,0.20018697,0.2047753,0.19484012,0.20274343
0.18841702,0.20195746,0.2076374,0.20093557,0.20105255
0.1929256,0.20033422,0.20752296,0.1931425,0.20607474
0.19537361,0.20055053,0.20718215,0.19521986,0.20167378
0.19456458,0.20049809,0.20942557,0.19460575,0.20090602
0.19650228,0.19907208,0.20863079,0.19386272,0.20193212
0.18840201,0.20234537,0.20719874,0.2004577,0.20159617
0.1912977,0.20090553,0.20858018,0.19400644,0.20521015
0.19318655,0.20102313,0.20796718,0.19451594,0.20330715
0.19408332,0.20079473,0.2082212,0.19404574,0.20285502
0.19553478,0.20043099,0.20848638,0.19412875,0.20141912
0.18801233,0.20337224,0.20553835,0.2019623,0.2011148
0.19296749,0.20038559,0.20996511,0.1923086,0.2043732
0.19590159,0.20035017,0.20840797,0.19367903,0.20166126
0.19581331,0.1997894,0.209746,0.19160253,0.20304877
0.19510832,0.20069183,0.20833617,0.1946361,0.20122756
0.18765697,0.20220429,0.20782284,0.19962306,0.20269285
0.1924473,0.20031355,0.20902428,0.19190253,0.20631233
0.19586492,0.20039912,0.2076856,0.19509958,0.20095076
0.19563383,0.1994703,0.20975737,0.19207704,0.2030615
0.19631177,0.19978942,0.20965612,0.19313058,0.20111209
0.18706626,0.20176919,0.20974232,0.20023526,0.20118695
0.191985,0.19983837,0.21089172,0.19259994,0.204685
0.19488114,0.19914925,0.20976304,0.19235094,0.20385565
0.19605905,0.19938515,0.20905256,0.192724,0.20277923
0.19681495,0.19872174,0.20872425,0.19195467,0.20378439
0.18849286,0.2029192,0.20528379,0.20193262,0.20137158
0.19466874,0.19925569,0.20806453,0.1922854,0.20572561
0.19567585,0.19876346,0.21007068,0.1926196,0.20287037
0.19622426,0.19876483,0.20981878,0.1908533,0.20433879
0.19712141,0.1996221,0.20827675,0.19331464,0.20166512
0.18775041,0.2019045,0.20757668,0.19931155,0.20345686
0.19238509,0.20052165,0.20882277,0.193,0.20527048
0.1929652,0.20079574,0.20909001,0.19283248,0.20431662
0.19611987,0.19913168,0.20942312,0.19286144,0.2024639
0.19693597,0.19945517,0.20932907,0.1931001,0.2011797
0.18938936,0.202237,0.20777275,0.2005403,0.2000606
0.19450088,0.19922462,0.20936196,0.19101788,0.20589463
0.19658142,0.19992767,0.20850316,0.19384167,0.20114611
0.19627702,0.19965783,0.20896848,0.1912516,0.20384505
0.19737871,0.19917092,0.20894751,0.19283405,0.20166881
0.1878478,0.20133138,0.20933016,0.19821526,0.2032754
0.19452019,0.19913784,0.20956478,0.19169381,0.20508344
0.19569272,0.19863245,0.2095734,0.19149609,0.20460537
0.19752024,0.19865724,0.20913297,0.19254579,0.20214377
0.19701424,0.19849962,0.20980303,0.18978551,0.20489755
0.18826468,0.20170248,0.20777056,0.20055993,0.20170237
0.19522603,0.19983765,0.20727997,0.19274876,0.20490764
0.19827475,0.19958189,0.20654082,0.19357403,0.2020285
0.19610538,0.19905066,0.20958455,0.190879,0.20438041
0.19727823,0.19936192,0.2088685,0.1931199,0.20137149
0.18953031,0.20153914,0.20681775,0.20065187,0.2014609
0.19360964,0.19952472,0.21081258,0.19303869,0.20301437
0.19709669,0.19872324,0.20942369,0.19185436,0.20290203
0.19755603,0.19827756,0.20935826,0.18917193,0.20563625
0.19523896,0.19877954,0.21106392,0.18878494,0.2061326
0.18655726,0.20164093,0.20911433,0.19723852,0.20544894
0.19432159,0.19947669,0.21031058,0.18996377,0.20592736
0.19632857,0.19880784,0.20965388,0.19070783,0.20450193
0.19682245,0.19838537,0.21165082,0.18998086,0.20316046
0.19811293,0.19862585,0.21005364,0.19049338,0.2027142
0.18920816,0.20100057,0.20862472,0.19802268,0.20314388
0.19510812,0.19924322,0.2097775,0.1915105,0.20436072
0.1965711,0.19872333,0.21034674,0.19095701,0.20340182
0.19626255,0.19816007,0.2120153,0.18869014,0.2048719
0.19769439,0.19876237,0.20948902,0.19214076,0.20191346
0.1882703,0.20099428,0.20921789,0.1985851,0.20293239
0.19564196,0.19851938,0.21000043,0.19033545,0.20550281
0.19662662,0.1987786,0.21042876,0.19145004,0.20271598
0.19883604,0.19821288,0.2086067,0.19059055,0.20375381
0.19880389,0.19857238,0.20861207,0.19080473,0.20320691
0.18756096,0.20131733,0.2088902,0.19698754,0.20524395
0.19703914,0.20008,0.20573743,0.19299637,0.20414704
0.1974362,0.19853725,0.21040113,0.1909364,0.20268899
0.19880107,0.19801863,0.20922972,0.19051343,0.20343716
0.19842516,0.19852316,0.20880747,0.19043534,0.20380893
0.18968149,0.20064893,0.20680462,0.19889961,0.20396537
0.19566453,0.19898048,0.20928241,0.1924833,0.20358932
0.19682886,0.19901899,0.21008928,0.1919866,0.20207632
0.1950484,0.19916561,0.21093939,0.18994896,0.20489755
0.19663996,0.19883342,0.21001443,0.19036996,0.20414226
0.18706158,0.20109002,0.2095494,0.1983845,0.20391455
0.19555375,0.19896297,0.21005099,0.1895334,0.20589885
0.19729161,0.19790868,0.2108291,0.18928541,0.20468518
0.19866054,0.19861431,0.21044888,0.19074236,0.20153391
0.19945738,0.19850707,0.20942095,0.18972072,0.20289385
0.1897175,0.20081952,0.20757721,0.19882002,0.20306575
0.19579898,0.19871877,0.21062717,0.19129585,0.20355928
0.19677924,0.19823335,0.21087125,0.18939552,0.20472062
0.19862315,0.19862506,0.20989566,0.1915948,0.20126136
0.19866379,0.19893701,0.2104558,0.19289781,0.1990456
0.18933596,0.20112409,0.20829101,0.20100403,0.20024487
0.19619109,0.19839942,0.20964682,0.19037539,0.2053873
0.1985975,0.19762054,0.21034463,0.1905012,0.20293617
0.1982089,0.19810842,0.21019316,0.19001785,0.20347165
0.1981973,0.1972273,0.21280451,0.18913396,0.20263693
0.19006523,0.20040457,0.2088559,0.19805804,0.20261626
0.19529712,0.19920547,0.20988336,0.19048835,0.20512573
0.19858119,0.19859734,0.20857675,0.19193135,0.20231338
0.19923599,0.19711164,0.21048845,0.18936898,0.20379493
0.19906531,0.19831304,0.20953509,0.18975474,0.20333184
0.18783903,0.20025651,0.20925924,0.19705518,0.20559007
0.19626176,0.19773026,0.21043777,0.18937023,0.20619991
0.1971794,0.19811209,0.21013238,0.19039127,0.20418486
0.19881192,0.19836785,0.2081851,0.19072829,0.20390683
0.20020962,0.1988806,0.20729722,0.19198602,0.20162657
0.18862014,0.20051132,0.20862378,0.1991821,0.20306271
0.19651318,0.19873123,0.20954448,0.191449,0.2037621
0.1977621,0.19881177,0.2097399,0.19094765,0.20273858
0.20048857,0.19861518,0.20760751,0.19138588,0.20190284
0.2007838,0.1987336,0.20707066,0.19168119,0.20173071
0.18488772,0.20154537,0.21154357,0.20312886,0.19889447
0.19023544,0.19847594,0.2123822,0.18909687,0.20980956
0.19150193,0.19818795,0.21395671,0.18932553,0.20702788
0.19350661,0.1986418,0.2125429,0.18959264,0.205716
0.19557455,0.19721939,0.21261312,0.18784486,0.20674808
0.18770117,0.19985999,0.21088704,0.19600683,0.20554495
0.1936723,0.19878407,0.21033032,0.19169956,0.20551378
0.19638744,0.19756362,0.21183011,0.18861987,0.205599
0.19799271,0.197958,0.21149354,0.19006236,0.20249337
0.19935964,0.19723788,0.21071887,0.18899809,0.20368555
0.18662478,0.2004043,0.21147099,0.19817373,0.20332621
0.19586025,0.19761753,0.20967098,0.18952112,0.2073301
0.19710313,0.19702686,0.21200731,0.188739,0.20512368
0.19844683,0.19723831,0.21092108,0.18920857,0.20418517
0.19918719,0.19735011,0.21097468,0.1903229,0.20216507
0.18765232,0.19983044,0.21034853,0.19660334,0.20556538
0.19656022,0.1979561,0.21018532,0.19204266,0.20325565
0.1965624,0.19785583,0.21163656,0.18873142,0.20521376
0.19874728,0.19685932,0.21072496,0.18902616,0.20464228
0.20017794,0.19756322,0.20863427,0.18989806,0.20372646
0.18822628,0.19968396,0.2092419,0.19675681,0.206091
0.19591177,0.19736375,0.21158011,0.1875006,0.20764378
0.19844764,0.19730644,0.21109466,0.19079895,0.20235229
0.19753538,0.19674835,0.21188527,0.1870685,0.20676251
0.19895886,0.19664055,0.21173075,0.18820639,0.20446348
0.18842624,0.19919907,0.21045567,0.19682436,0.20509467
0.19768654,0.19684426,0.2097015,0.18988416,0.20588358
0.19959162,0.19759566,0.20876938,0.19024898,0.20379438
0.19905892,0.1973511,0.20944355,0.18875799,0.20538847
0.19932191,0.19610137,0.21125622,0.1887287,0.20459178
0.18941018,0.19953856,0.20930037,0.19700348,0.20474742
0.19625874,0.19795689,0.21060918,0.18983047,0.20534478
0.19860895,0.19680578,0.21036538,0.18841934,0.20580061
0.19894207,0.19691308,0.21029134,0.18875988,0.2050936
0.19867451,0.19674347,0.21073872,0.18856601,0.20527726
0.18876173,0.19932441,0.21048848,0.1971938,0.20423156
0.19725266,0.19725123,0.21074937,0.18974112,0.2050056
0.19982943,0.1976565,0.20761007,0.19026114,0.20464292
0.20010647,0.19811805,0.20774862,0.19059673,0.20343015
0.20095684,0.1965729,0.20845583,0.18831453,0.2056999
0.18976596,0.19952767,0.20792618,0.19788712,0.20489307
0.19723159,0.1975226,0.21014231,0.18909428,0.20600928
0.2002416,0.19727364,0.20793113,0.18936738,0.20518625
0.19980845,0.19693716,0.20979826,0.18845305,0.20500311
0.19981042,0.19612293,0.21027252,0.18813033,0.20566382
0.18928914,0.19974986,0.2092991,0.19846593,0.20319602
0.19714125,0.19701435,0.21061026,0.19018395,0.20505022
0.19855715,0.19608541,0.21110335,0.18762104,0.20663302
0.19948424,0.19726202,0.21016975,0.18943577,0.20364824
0.19931199,0.1967974,0.21181752,0.18880099,0.20327215
0.18904673,0.19954954,0.20896016,0.1986236,0.20382002
0.19744642,0.19782843,0.20946813,0.19105308,0.20420392
0.19859192,0.19634952,0.21191524,0.18796965,0.20517372
0.19820242,0.19682595,0.21256272,0.18825057,0.20415841
0.19975373,0.19619827,0.21246462,0.18882178,0.20276162
0.18903592,0.19916894,0.20919454,0.19744441,0.20515619
0.19712636,0.19754283,0.21154842,0.18903942,0.204743
0.19840474,0.19639039,0.21212116,0.18861145,0.20447229
0.19994411,0.1972716,0.21038899,0.18916614,0.20322917
0.2000373,0.1971826,0.21106699,0.18907274,0.20264038
0.19008137,0.19943805,0.20722112,0.19728771,0.20597173
0.19709563,0.19810529,0.2102047,0.19152634,0.203068
0.19978516,0.19670166,0.21053196,0.1890433,0.2039379
0.200106,0.1972908,0.2102276,0.18905729,0.20331833
0.20185485,0.19687004,0.20999318,0.1892427,0.20203915
0.18968076,0.19903097,0.20902665,0.19871172,0.20354994
0.1974385,0.19772348,0.20937565,0.19086976,0.20459265
0.19957821,0.19764768,0.20968871,0.1888165,0.20426895
0.19979675,0.19653437,0.2122912,0.18739377,0.20398389
0.20341282,0.19720072,0.20886916,0.1888065,0.20171076
0.19010133,0.19903712,0.20816514,0.19820887,0.20448753
0.19741037,0.19796601,0.20962624,0.19016746,0.20482989
0.1989133,0.1977445,0.21209794,0.18916672,0.20207752
0.19742702,0.19801283,0.21190345,0.18869802,0.20395865
0.19892447,0.19841164,0.21050698,0.18940169,0.20275526
0.190743,0.19913998,0.20719498,0.19996296,0.20295909
0.19661221,0.19752528,0.21074224,0.18901922,0.20610109
0.19652064,0.19819923,0.21148358,0.18977413,0.20402242
0.19826297,0.19757839,0.210839,0.18857057,0.20474909
0.20108443,0.19705102,0.21030597,0.18867287,0.20288575
0.19278774,0.1986599,0.20502274,0.20066372,0.20286591
0.19785377,0.19692084,0.20941712,0.19009745,0.20571081
0.1995656,0.19677687,0.20998031,0.18828823,0.20538904
0.20150083,0.1977127,0.20827784,0.19054644,0.20196222
0.20149171,0.19696292,0.20863508,0.18854672,0.20436361
0.19090752,0.1987791,0.20759591,0.19795348,0.20476401
0.19741072,0.19754086,0.20979217,0.1899991,0.20525716
0.1999385,0.19748785,0.21078515,0.1897257,0.20206282
0.19936746,0.19704895,0.2109237,0.1867489,0.20591101
0.20057382,0.19711182,0.21109264,0.18794432,0.20327741
0.19120178,0.19850136,0.20835568,0.19717199,0.20476915
0.19643301,0.19728743,0.21065633,0.18798183,0.20764141
0.19854213,0.1972182,0.21055701,0.18793404,0.20574859
0.2009,0.1973775,0.20887725,0.18849395,0.20435129
0.20083477,0.19724922,0.20984873,0.18764998,0.2044173
0.1933841,0.19898249,0.20596479,0.20006901,0.2015996
0.19770238,0.19704834,0.210228,0.18928412,0.20573714
0.19926642,0.19696556,0.21015298,0.18866841,0.2049466
0.20140699,0.19764632,0.21001558,0.18869029,0.20224082
0.19902171,0.19808514,0.20999378,0.18792382,0.20497555
0.19040583,0.19852461,0.20791863,0.19856207,0.20458885
0.19711018,0.19794193,0.21059941,0.19011654,0.20423196
0.1994745,0.19705541,0.21026945,0.18805535,0.20514527
0.20033343,0.1967075,0.20937932,0.18899749,0.20458227
0.2006915,0.19695418,0.20908727,0.18834534,0.20492174
0.19287215,0.19888388,0.20444766,0.20083217,0.20296417
0.19914664,0.19859275,0.20561045,0.19379835,0.2028518
0.19936825,0.19741881,0.2107459,0.19003484,0.20243223
0.2009041,0.19657843,0.20987467,0.18846208,0.2041807
0.20214246,0.19624503,0.20992607,0.18856294,0.20312352
0.1917902,0.19806772,0.20843822,0.19811271,0.20359114
0.19714712,0.19824469,0.20924707,0.19079298,0.20456815
0.2000481,0.19699273,0.2089659,0.18860821,0.20538506
0.20085123,0.1977173,0.20936969,0.18997039,0.20209141
0.20209952,0.19674148,0.20968169,0.18873115,0.20274617
0.19347952,0.19853933,0.20607509,0.20027947,0.20162655
0.19999455,0.19650213,0.20970675,0.1896267,0.20416991
0.20079666,0.19773468,0.20916061,0.1895721,0.20273592
0.20127834,0.19679633,0.20930597,0.18832918,0.2042902
0.2006313,0.19695327,0.2105642,0.18852285,0.20332843
0.19166684,0.19827655,0.20656931,0.19923234,0.204255
0.19726923,0.19846267,0.20856738,0.19107658,0.20462416
0.1999682,0.19793084,0.20889981,0.19165502,0.2015461
0.20084597,0.19780973,0.20884423,0.1897301,0.20276996
0.20280068,0.19695744,0.2074907,0.18947028,0.20328093
0.19150972,0.19796038,0.20771809,0.19787681,0.20493503
0.19799408,0.19782893,0.20811099,0.1912529,0.20481306
0.20070659,0.1973634,0.20883037,0.18979846,0.20330116
0.20198177,0.19628403,0.20890982,0.18942729,0.20339707
0.20185016,0.19748667,0.20942417,0.18986577,0.20137323
0.19190493,0.19843395,0.20765291,0.19748987,0.20451832
0.19792235,0.19739178,0.21010064,0.1904361,0.2041492
0.19993404,0.19616851,0.2111069,0.18754148,0.20524906
0.2015683,0.19734284,0.20813991,0.18961856,0.20333035
0.20081918,0.19702728,0.2092752,0.18832895,0.20454936
0.19176175,0.19838443,0.20736468,0.19911732,0.20337181
0.1969716,0.198847,0.20878379,0.19139378,0.20400389
0.19840334,0.19818577,0.20996353,0.18967661,0.20377077
0.20168698,0.19649667,0.20872441,0.18918867,0.20390323
0.20273428,0.19726841,0.20786652,0.1889425,0.20318829
0.19584924,0.1994398,0.1999844,0.20257661,0.20214996
0.20107904,0.19777286,0.2035618,0.19226947,0.20531681
0.20318307,0.19801244,0.20383033,0.19308275,0.20189139
0.20258264,0.19624346,0.20769148,0.18974605,0.2037364
0.20264578,0.19662069,0.20772843,0.189625,0.20338014
0.19255829,0.19835861,0.20532157,0.19982891,0.2039326
0.1984512,0.19813313,0.20684673,0.19125026,0.20531867
0.20028727,0.19802183,0.20832974,0.19001272,0.20334841
0.20176253,0.1967171,0.20758016,0.18839951,0.20554072
0.20304431,0.19773915,0.20718944,0.19007666,0.2019505
0.19382158,0.19852476,0.20622368,0.20000222,0.20142779
0.19747888,0.19705074,0.20999631,0.18870099,0.20677309
0.19917102,0.19802678,0.20949616,0.19018933,0.20311669
0.19958395,0.19850256,0.20794421,0.19094123,0.20302807
0.2024819,0.19715849,0.20694529,0.18960816,0.20380612
0.19195548,0.19782619,0.20641194,0.19982685,0.20397955
0.19955896,0.19809052,0.20645317,0.19371262,0.20218472
0.20187841,0.197099,0.2048363,0.1911406,0.20504567
0.20239215,0.19784339,0.20473592,0.19255714,0.20247139
0.20096798,0.19516224,0.20899116,0.18754621,0.20733243
0.19374193,0.19818962,0.20409425,0.2003041,0.20367014
0.19865456,0.19732727,0.20724899,0.19088411,0.20588513
0.19959675,0.19701418,0.20917468,0.18905777,0.20515665
0.20228139,0.19798443,0.206107,0.19007301,0.20355415
0.20341681,0.19744377,0.206655,0.19004723,0.20243716
0.19173951,0.19844732,0.20472118,0.20102228,0.20406964
0.1982948,0.19901769,0.20919724,0.19167903,0.20181125
0.1980852,0.19771071,0.20834185,0.18893208,0.20693019
0.19983912,0.19897233,0.20711426,0.19160248,0.20247182
0.20094502,0.1976535,0.20628771,0.19080147,0.2043123
0.19191936,0.19825387,0.20371117,0.20145358,0.20466201
0.19753794,0.19809653,0.20706323,0.19108404,0.20621827
0.20087327,0.19877802,0.20499542,0.19277065,0.20258264
0.2030676,0.19936554,0.20262547,0.19351721,0.20142414
0.20194201,0.19720343,0.2065775,0.18965566,0.20462143
0.19220626,0.1980975,0.203468,0.20017007,0.20605816
0.19818628,0.19786139,0.20625903,0.1917349,0.2059584
0.2000771,0.1977548,0.20716368,0.1910802,0.20392421
0.20189176,0.19631737,0.2063415,0.18954022,0.2059092
0.20325772,0.1978531,0.20520657,0.1908404,0.20284222
0.1920742,0.19845566,0.20329908,0.20331405,0.20285703
0.19804323,0.19664209,0.2071771,0.19085488,0.20728274
0.20147517,0.1981048,0.2065328,0.19116655,0.20272072
0.20071203,0.19763626,0.20798096,0.190172,0.20349874
0.20034689,0.19757752,0.20627224,0.19051994,0.20528342
0.19139063,0.19841316,0.20413315,0.20218527,0.20387779
0.19780113,0.19839573,0.20680586,0.19236156,0.20463571
0.20082404,0.19669029,0.2063808,0.1907857,0.20531921
0.20280032,0.19671327,0.20471008,0.19141711,0.20435919
0.20347013,0.19767442,0.20458625,0.19100755,0.20326161
0.19036205,0.19717236,0.20672823,0.19974174,0.20599562
0.19878972,0.19807655,0.20535521,0.19326419,0.20451434
0.20084026,0.19808434,0.20538183,0.19309804,0.20259552
0.20087111,0.19564621,0.20836157,0.18983768,0.20528343
0.2024211,0.19629179,0.20666517,0.18952394,0.20509802
0.19201027,0.19821873,0.20271993,0.20350838,0.20354265
0.19855788,0.1979507,0.20599595,0.19307059,0.20442486
0.20026891,0.19785558,0.20541294,0.19151163,0.20495097
0.20188828,0.19628233,0.2056925,0.19000775,0.20612909
0.20378079,0.19491288,0.2061263,0.18950327,0.2056768
0.1948175,0.19838548,0.20209149,0.20080276,0.2039028
0.19778895,0.19701262,0.20674556,0.19164844,0.20680441
0.20087627,0.19592711,0.20562777,0.19154698,0.2060219
0.19959259,0.19939306,0.2070766,0.19236773,0.20157003
0.20100774,0.19890682,0.20519942,0.19297303,0.20191304
0.1933486,0.19842444,0.2012635,0.20540422,0.20155917
0.19845676,0.19720581,0.20403779,0.19307224,0.20722741
0.2002094,0.19611508,0.20535272,0.1913568,0.20696603
0.20189773,0.19781183,0.20432343,0.19211125,0.20385575
0.20136356,0.19603196,0.20577843,0.19206405,0.20476201
0.19112271,0.19747184,0.20363465,0.20205882,0.20571195
0.19760197,0.19725488,0.20512933,0.19333139,0.20668243
0.19987023,0.19779982,0.20672907,0.19142002,0.2041809
0.20153606,0.19643757,0.2052644,0.19118786,0.20557408
0.20105885,0.19517456,0.20778157,0.18924369,0.20674132
0.19176549,0.19821922,0.20224388,0.20345417,0.20431726
0.19721903,0.19640592,0.20719606,0.192586,0.20659295
0.2007658,0.19626652,0.20559686,0.19105248,0.20631832
0.20216487,0.19579157,0.20462695,0.19041593,0.20700069
0.20195282,0.19529377,0.20513754,0.19049984,0.20711607
0.19263656,0.19830135,0.2005702,0.20302732,0.20546459
0.19687252,0.19733812,0.20572327,0.19321354,0.20685254
0.1989011,0.19724098,0.20571531,0.19181237,0.20633025
0.19966543,0.1961344,0.20687272,0.1906631,0.20666435
0.20364739,0.19475582,0.2063046,0.1900995,0.20519273
0.18931569,0.1986451,0.20210862,0.20502819,0.20490238
0.1951843,0.19885291,0.20629673,0.19383773,0.20582832
0.20004106,0.19639237,0.20432359,0.19195025,0.20729274
0.20153141,0.1971103,0.20477174,0.19225687,0.20432974
0.20011164,0.19729544,0.2056234,0.19270444,0.20426503
0.19280575,0.19883002,0.19796465,0.20595065,0.20444895
0.19761038,0.19678031,0.20278001,0.19455332,0.208276
0.20061809,0.19705759,0.20357573,0.19346774,0.20528087
0.20032616,0.19698456,0.2041006,0.19264434,0.20594436
0.20103961,0.1977111,0.20341681,0.19320692,0.20462553
0.19207412,0.19815786,0.20060524,0.20425728,0.20490552
0.19695987,0.19471882,0.20620073,0.19172047,0.21040007
0.19886503,0.19541955,0.20692633,0.19140212,0.20738696
0.20120081,0.1952979,0.20444109,0.19116548,0.20789474
0.20194301,0.19440575,0.2046609,0.19195653,0.20703377
0.19094993,0.19846722,0.20047864,0.20515007,0.2049541
0.19620652,0.19532879,0.20561999,0.19249927,0.21034545
0.19895296,0.19751032,0.20362574,0.19384155,0.20606942
0.19984691,0.1962413,0.20389354,0.19343607,0.20658219
0.20173894,0.19634457,0.20384711,0.19396283,0.20410655
0.19194992,0.1989271,0.1992559,0.20710565,0.20276144
0.19747671,0.19546525,0.20566109,0.1918797,0.20951729
0.20146564,0.19609994,0.20518917,0.19239645,0.2048488
0.2018807,0.1944869,0.2034239,0.19248867,0.20771983
0.2016297,0.19300628,0.20453477,0.1919064,0.20892286
0.18782872,0.19869512,0.20086412,0.20628105,0.20633098
0.19325066,0.1988216,0.20516935,0.19638832,0.20637006
0.1971854,0.19535792,0.20539606,0.19364884,0.20841184
0.20108545,0.1939476,0.20395194,0.19303273,0.2079823
0.20130254,0.19624129,0.20306098,0.19315344,0.20624174
0.19015154,0.19764216,0.19988005,0.20470728,0.20761897
0.19660835,0.19777052,0.20127977,0.1965835,0.20775786
0.199539,0.19269663,0.20365882,0.19298394,0.21112159
0.19989787,0.19644977,0.2038516,0.19356397,0.20623681
0.20141749,0.1960234,0.20345245,0.1940574,0.20504923
0.19051677,0.19816712,0.19969897,0.20560595,0.2060112
0.19709156,0.1947214,0.20500626,0.19367883,0.20950195
0.19935398,0.19738057,0.20313258,0.19431823,0.20581466
0.19987518,0.19616573,0.20361432,0.19341004,0.2069347
0.20110524,0.19486721,0.20400548,0.19315487,0.2068672
0.19045377,0.19885205,0.19763254,0.20776363,0.20529804
0.19543426,0.19674255,0.20460045,0.19435944,0.2088633
0.19799311,0.19786929,0.20502892,0.19387724,0.20523149
0.20219165,0.19684558,0.20239305,0.19428766,0.20428206
0.2011105,0.19535846,0.20214592,0.19372216,0.20766298
0.19055589,0.19894189,0.199729,0.20521428,0.20555894
0.19412477,0.19645992,0.20614433,0.1934037,0.20986728
0.19701669,0.19869912,0.2030775,0.19611919,0.20508751
0.19793868,0.19640672,0.20347996,0.1931367,0.20903794
0.20036705,0.19432178,0.20269783,0.19390081,0.20871246
0.18963644,0.19876593,0.19697587,0.20765407,0.20696768
0.19548269,0.19538534,0.20295686,0.19464122,0.21153393
0.19976494,0.19749226,0.20094725,0.19554305,0.20625247
0.20027106,0.1964207,0.20160797,0.1957228,0.20597744
0.20176466,0.19482785,0.19938177,0.19515617,0.20886959
0.19028994,0.19933952,0.19604434,0.20977303,0.20455313
0.19444253,0.19426388,0.20411763,0.1954279,0.21174806
0.19764698,0.19156948,0.20495465,0.19368918,0.21213973
0.19954278,0.1901837,0.20440689,0.19231023,0.21355638
0.20093322,0.19624002,0.20150962,0.19478676,0.20653036
0.19052531,0.19912091,0.19630042,0.20924678,0.20480658
0.1958251,0.19538268,0.2026962,0.19474064,0.21135539
0.1984975,0.19849932,0.20154399,0.19606987,0.2053893
0.2005047,0.19723538,0.20170948,0.19498138,0.20556907
0.2000794,0.19663066,0.20211881,0.19500169,0.20616944
0.189621,0.19906887,0.1956251,0.21013024,0.20555475
0.19667256,0.19309592,0.20154803,0.19509055,0.21359298
0.19897304,0.19694434,0.20237927,0.19550554,0.2061978
0.20035705,0.19795223,0.20176335,0.19552974,0.20439763
0.20184064,0.19796397,0.20241824,0.19515224,0.20262489
0.18913871,0.19947058,0.19554429,0.21153997,0.20430644
0.1975681,0.19837016,0.20389865,0.19586924,0.20429389
0.19821571,0.1985202,0.20347832,0.19581549,0.20397027
0.1971371,0.1977266,0.20273684,0.19547816,0.20692132
0.1981515,0.1988431,0.20076513,0.19705884,0.20518142
0.18767495,0.19939774,0.19523557,0.21090418,0.20678756
0.19022356,0.20038974,0.20476046,0.1969405,0.20768575
0.19502376,0.19749063,0.20195283,0.19692697,0.2086058
0.19659773,0.1982768,0.20214435,0.19798306,0.20499805
0.19881836,0.1955265,0.20120196,0.1961452,0.208308
0.18796323,0.19901495,0.19484706,0.20942138,0.20875342
0.19294716,0.19721732,0.2031764,0.19766836,0.20899078
0.19598798,0.1967102,0.20071223,0.19771603,0.20887358
0.19961196,0.1976253,0.19848679,0.19795191,0.20632401
0.19938289,0.19580725,0.1999319,0.19708122,0.20779672
0.18819824,0.199057,0.19434695,0.21129614,0.20710166
0.193373,0.19546267,0.20263481,0.19757581,0.21095376
0.1955068,0.1919047,0.20450418,0.19508857,0.21299577
0.19726759,0.1963649,0.20290343,0.19627222,0.20719185
0.19908229,0.1974681,0.2005176,0.19769524,0.20523678
0.18794557,0.19982141,0.19231883,0.21321344,0.2067007
0.19331422,0.19651382,0.20371567,0.19929631,0.20716001
0.19557442,0.1994238,0.20206296,0.19795287,0.20498596
0.19859469,0.19843237,0.20051754,0.19773327,0.20472214
0.19888984,0.20148522,0.20026018,0.19839385,0.20097092
0.18927898,0.20026076,0.19033904,0.21459591,0.2055253
0.19234532,0.19727518,0.20195657,0.19881544,0.20960748
0.19904229,0.19694012,0.20153569,0.19874482,0.20373707
0.19347501,0.20382278,0.20295596,0.1990603,0.20068593
0.19430383,0.20413776,0.20135191,0.2009666,0.19923992
0.18985859,0.20019495,0.18770185,0.21486466,0.20737994
0.19241719,0.19825326,0.20232816,0.20047921,0.20652223
0.196461,0.19930777,0.20017996,0.1999443,0.20410697
0.1971744,0.19884321,0.19871652,0.19992787,0.20533799
0.1997867,0.1990908,0.19575986,0.2013194,0.2040433
0.186876,0.19938365,0.19222708,0.21300592,0.20850739
0.19173668,0.19807482,0.20089808,0.20091149,0.20837891
0.19574568,0.20158906,0.2001235,0.2005236,0.20201822
0.19552055,0.20535108,0.20100546,0.20208299,0.19603994
0.1975455,0.20553227,0.19863802,0.2010374,0.19724683
0.18829966,0.19988933,0.18902859,0.21452504,0.20825736
0.19046804,0.20212427,0.20027035,0.20244384,0.20469351
0.19511458,0.2049484,0.19905892,0.20248045,0.19839765
0.19601333,0.20789252,0.19873275,0.20369646,0.19366492
0.1982111,0.20814031,0.19784252,0.20231651,0.19348958
0.1886814,0.20182283,0.18869664,0.21661848,0.20418063
0.1909199,0.20471123,0.19914614,0.20383321,0.20138949
0.19447379,0.2085743,0.1992693,0.20345177,0.19423088
0.19219373,0.21261865,0.19908674,0.20581685,0.19028398
0.19359902,0.21194966,0.19844957,0.20611364,0.18988815
0.18790479,0.1996962,0.18677981,0.21697156,0.20864765
0.1907969,0.20567921,0.19725941,0.20663156,0.19963294
0.1934986,0.21034405,0.19821256,0.20556629,0.19237849
0.19598566,0.21299088,0.19590747,0.20646873,0.18864727
0.19710523,0.21079494,0.19576877,0.20700063,0.18933041
0.18747728,0.20178442,0.18653345,0.21876642,0.20543848
0.18996948,0.21036333,0.19895893,0.2069406,0.19376764
0.19296917,0.21334586,0.19792649,0.20714515,0.18861333
0.1959768,0.21407516,0.19584638,0.20703478,0.18706685
0.19564044,0.2166728,0.19620357,0.2081071,0.1833761
0.1863924,0.20159888,0.18659332,0.21985136,0.20556405
0.1907361,0.21231098,0.19673932,0.20774646,0.19246708
0.19339925,0.21538913,0.19581105,0.20902912,0.18637148
0.19497058,0.21670392,0.19499224,0.20911743,0.1842158
0.19065575,0.22001421,0.19752492,0.21064161,0.18116356
0.18768482,0.20055488,0.18247561,0.22109598,0.20818868
0.18982288,0.21261285,0.19601153,0.20963283,0.1919199
0.19226913,0.21657777,0.19458714,0.2110646,0.18550143
0.19451693,0.21919857,0.1964689,0.20875083,0.18106477
0.19604687,0.21958162,0.19404961,0.21019836,0.18012354
0.18592262,0.19999953,0.18556614,0.21978848,0.2087232
0.18934035,0.21785514,0.19516805,0.21180238,0.18583407
0.19293195,0.21965753,0.19547948,0.2109476,0.18098345
0.19489467,0.22187641,0.19460112,0.21065003,0.17797777
0.19556691,0.22291058,0.19378944,0.21196526,0.1757678
0.18637566,0.20104139,0.1845413,0.22058706,0.20745459
0.19175325,0.2198163,0.19584917,0.2116062,0.1809751
0.19381592,0.22285418,0.19578914,0.21158826,0.17595246
0.19339214,0.22311258,0.19307645,0.21278924,0.17762958
0.19354497,0.22419918,0.19445068,0.2134811,0.17432408
0.18488175,0.19944102,0.18655676,0.21911412,0.21000636
0.18942234,0.22082618,0.19077185,0.21597809,0.1830015
0.1902546,0.22207361,0.19452217,0.2132504,0.17989925
0.19108106,0.2231507,0.19688715,0.21364717,0.1752339
0.1938494,0.22660422,0.19157897,0.21540847,0.17255898
0.18396221,0.19918928,0.18347996,0.22133082,0.21203765
0.18657634,0.22316313,0.19486338,0.21653898,0.17885818
0.19025335,0.22596572,0.19340666,0.21571384,0.17466041
0.1937073,0.22732288,0.19293612,0.21578044,0.17025322
0.1918882,0.22751349,0.19210823,0.2175122,0.17097788
0.1810817,0.20144615,0.18321241,0.22486189,0.20939785
0.19165891,0.2095153,0.1894607,0.2147613,0.19460382
0.19674824,0.20702371,0.1913888,0.20770977,0.19712944
0.19922486,0.20547496,0.19160618,0.20463464,0.19905938
0.20115086,0.20476024,0.19195423,0.20718345,0.19495125
0.20080319,0.20404299,0.19451506,0.20426604,0.19637273
0.19398034,0.2075048,0.19164452,0.21195035,0.19492003
0.19985647,0.2066278,0.19033654,0.20887478,0.1943044
0.20044889,0.2050346,0.19213858,0.2060844,0.1962935
0.20151013,0.2046462,0.19271441,0.20568462,0.19544467
0.20179594,0.20447305,0.19260429,0.20484464,0.19628207
0.19366817,0.20902997,0.19049734,0.21263182,0.19417268
0.19894943,0.20561132,0.19226772,0.20387536,0.1992962
0.20095345,0.20515238,0.19180298,0.20413879,0.1979524
0.20236354,0.20460679,0.19262475,0.20570223,0.19470274
0.2030181,0.20432824,0.19280149,0.20579639,0.19405577
0.19441763,0.20798026,0.191022,0.20972992,0.19685023
0.19914313,0.20628534,0.19245239,0.20642644,0.19569272
0.20107515,0.20521326,0.19278519,0.20470631,0.19622007
0.2019337,0.20594767,0.19161403,0.20631039,0.19419421
0.20243582,0.20524961,0.19152975,0.20378107,0.19700378
0.19489217,0.20818242,0.19059992,0.21021742,0.19610804
0.19908784,0.20715332,0.19102839,0.20557801,0.19715244
0.20125005,0.20524587,0.19293803,0.20469682,0.19586925
0.20240375,0.2062206,0.19069436,0.20511262,0.19556864
0.20324454,0.20473965,0.19194897,0.20371786,0.19634902
0.19521,0.20819272,0.1913247,0.21131836,0.19395426
0.19959229,0.2065891,0.1920625,0.20616186,0.19559422
0.20064609,0.20630212,0.19205417,0.20571415,0.1952835
0.20247072,0.20585215,0.19139506,0.20415734,0.1961247
0.20281632,0.20566106,0.19050097,0.20421599,0.19680561
0.19511715,0.20725217,0.19260636,0.20791586,0.19710845
0.19933264,0.20691462,0.192073,0.2047122,0.19696756
0.2009479,0.20616114,0.19232751,0.20319903,0.1973645
0.20372984,0.20478742,0.19188268,0.20362402,0.19597606
0.20267834,0.2051115,0.19262005,0.20360284,0.19598727
0.19550867,0.2078167,0.19161364,0.20888454,0.19617648
0.2000197,0.20670468,0.19105566,0.20393226,0.19828771
0.20072454,0.2060681,0.19267897,0.20276792,0.19776046
0.20163624,0.20618221,0.19290534,0.20544654,0.19382966
0.20188153,0.20545356,0.1933601,0.20315114,0.19615369
0.195927,0.20787138,0.19046289,0.21034075,0.195398
0.1996072,0.20657283,0.1926518,0.20547085,0.19569734
0.20133752,0.20565346,0.19269669,0.20478608,0.1955263
0.20254159,0.2059281,0.19140056,0.20450515,0.19562458
0.20209225,0.20516102,0.1931825,0.20234491,0.19721936
0.19603838,0.20759875,0.19085976,0.20838372,0.19711936
0.19928794,0.20694004,0.19179648,0.205123,0.19685255
0.20098922,0.20667502,0.1913162,0.20346873,0.19755091
0.20167696,0.20619026,0.1920487,0.20291187,0.19717228
0.20223469,0.20613779,0.19244307,0.20331211,0.19587237
0.19511679,0.2076985,0.19233562,0.20988975,0.19495936
0.19873384,0.20651196,0.19314857,0.20250863,0.19909702
0.20083913,0.20606002,0.19349131,0.20398858,0.19562098
0.20293587,0.20552845,0.19095801,0.20412543,0.19645223
0.2028506,0.2060891,0.19189765,0.20251577,0.19664684
0.19529057,0.20781796,0.19172403,0.20768674,0.19748072
0.19942358,0.20682038,0.19253606,0.20294257,0.19827741
0.20119233,0.20577955,0.19366336,0.20099665,0.1983681
0.20132253,0.2062904,0.1928384,0.20190994,0.1976387
0.20481808,0.20507994,0.19135487,0.20264255,0.19610454
0.19675653,0.20725262,0.19200425,0.20886812,0.1951185
0.20046164,0.20692049,0.19111201,0.20222433,0.19928145
0.20236172,0.20613278,0.1919852,0.20041348,0.19910686
0.20384239,0.20558026,0.19123945,0.20169094,0.19764699
0.2018395,0.20597823,0.19372308,0.20087002,0.19758922
0.19694796,0.20755097,0.19170745,0.20897876,0.19481482
0.20111436,0.20688018,0.19135085,0.20298676,0.19766791
0.20328134,0.20597517,0.19134356,0.20277318,0.19662677
0.20404448,0.20614037,0.19051047,0.20231092,0.19699375
0.2031197,0.20600611,0.1923876,0.20053515,0.19795145
0.19879626,0.20736137,0.18953745,0.20855936,0.1957456
0.20200394,0.205692,0.1921692,0.20222859,0.19790626
0.20278253,0.2058764,0.19195248,0.20386821,0.19552039
0.20441608,0.20575516,0.19125389,0.20277774,0.19579712
0.20347582,0.20500493,0.19339547,0.20089608,0.19722766
0.1981117,0.20675695,0.19175947,0.20936613,0.19400574
0.20156738,0.20591463,0.19247705,0.20271736,0.19732353
0.20269151,0.20562345,0.19298114,0.20256552,0.19613838
0.20295125,0.20510954,0.19378565,0.20222709,0.19592653
0.20400374,0.20524786,0.19274826,0.20104276,0.19695736
0.19758101,0.20695816,0.19151703,0.20824948,0.1956943
0.20071323,0.20671457,0.1914918,0.20181449,0.1992659
0.2005036,0.20603047,0.19422628,0.20080227,0.19843742
0.20241128,0.20523986,0.19418976,0.1992501,0.19890897
0.20415677,0.20531893,0.19303687,0.20232831,0.19515909
0.19646159,0.20678008,0.19357994,0.20695738,0.19622098
0.20098767,0.20619549,0.19337156,0.20288992,0.19655536
0.20174289,0.20588201,0.19423833,0.20130686,0.19682989
0.2033629,0.20474318,0.19395715,0.19956732,0.19836946
0.20371914,0.20514166,0.19366035,0.20013545,0.19734338
0.19783384,0.20668626,0.19269682,0.20601714,0.19676591
0.2028044,0.20578492,0.1924305,0.2038204,0.19515978
0.20334235,0.20478936,0.1942287,0.19975226,0.19788736
0.20462804,0.20513237,0.19323812,0.20143794,0.19556351
0.20331265,0.2048536,0.19510214,0.19967656,0.19705509
0.19624919,0.20657295,0.19270842,0.20612365,0.19834578
0.20129684,0.20564818,0.19382666,0.20227468,0.19695367
0.20274392,0.20490178,0.19410793,0.19994189,0.19830447
0.20334752,0.2052325,0.19375473,0.20119366,0.19647157
0.20301838,0.20493802,0.19527766,0.19875538,0.19801053
0.19722842,0.20598964,0.19312975,0.20647903,0.1971732
0.20015661,0.2056374,0.19450381,0.20064823,0.19905388
0.2023631,0.20517601,0.19461036,0.20090438,0.19694614
0.20339276,0.20461154,0.19529347,0.19924894,0.19745328
0.20375787,0.20514745,0.19322488,0.19995037,0.1979194
0.19618653,0.20617014,0.19376594,0.20636359,0.19751383
0.20158,0.20553683,0.19328088,0.20012555,0.19947673
0.20323974,0.20549507,0.19328862,0.19954434,0.19843224
0.20238304,0.205002,0.19503891,0.19916333,0.19841269
0.20370227,0.2046503,0.195371,0.19904082,0.19723563
0.19910367,0.20608224,0.1911243,0.20861664,0.19507316
0.20072713,0.20522895,0.19496632,0.20065062,0.19842704
0.20290345,0.20436569,0.19498084,0.19924055,0.19850945
0.20194386,0.20429614,0.19699384,0.1973275,0.19943865
0.20338677,0.20457868,0.19532041,0.19698846,0.19972569
0.19586448,0.20560674,0.1951289,0.2044069,0.19899303
0.20019114,0.20485924,0.19537659,0.19852066,0.20105234
0.20164418,0.20456882,0.19571762,0.1981468,0.19992258
0.20248564,0.20427142,0.19614005,0.19767734,0.19942556
0.20361842,0.20401867,0.19675554,0.19760044,0.19800694
0.19619046,0.20555277,0.19453245,0.20655894,0.19716537
0.19846615,0.20569022,0.19580027,0.20098163,0.19906172
0.20063464,0.20490173,0.1967278,0.19905405,0.19868173
0.20137776,0.20487002,0.19643354,0.19798559,0.19933309
0.20221339,0.20449014,0.19688208,0.1975896,0.19882475
0.19543985,0.20557845,0.19553004,0.20601904,0.19743264
0.20024031,0.20538017,0.19567868,0.20086429,0.19783656
0.20245466,0.20418091,0.19737595,0.19745672,0.19853176
0.20288263,0.20432316,0.19721754,0.19830662,0.19727007
0.20391375,0.20398344,0.19611147,0.196505,0.19948636
0.19556747,0.20534085,0.19475916,0.20488565,0.19944687
0.1994759,0.20449212,0.19836913,0.19864091,0.19902194
0.20181601,0.2040246,0.19725446,0.19765636,0.1992486
0.20250008,0.20423096,0.19693713,0.19768098,0.19865087
0.20343143,0.20372981,0.19735911,0.19671981,0.19875982
0.19485372,0.20522267,0.1957378,0.20573054,0.19845527
0.19908068,0.20454627,0.197616,0.1987039,0.20005322
0.20137303,0.20361102,0.1977825,0.19697265,0.20026085
0.20345356,0.20363265,0.19717087,0.19605099,0.19969194
0.20336658,0.204189,0.1962305,0.19775614,0.19845778
0.19593039,0.20474868,0.19497356,0.20463659,0.19971077
0.20222954,0.20501308,0.19349387,0.20053081,0.1987327
0.20355044,0.20374833,0.19495818,0.1966637,0.20107937
0.20380186,0.20456752,0.19570595,0.20002173,0.19590294
0.20404989,0.20368455,0.1964344,0.19806549,0.19776566
0.19650385,0.20462622,0.1959613,0.2050169,0.19789173
0.20031199,0.2046361,0.1961527,0.19983204,0.19906718
0.20288886,0.20322756,0.19770074,0.19745338,0.19872946
0.20235392,0.20393881,0.19769242,0.19734699,0.19866782
0.2038954,0.20340607,0.1974131,0.19642784,0.1988576
0.19537434,0.20468257,0.19541247,0.20556504,0.19896555
0.19918251,0.20440058,0.19833401,0.19781698,0.20026591
0.20321597,0.20394415,0.19773915,0.19853501,0.19656575
0.20373721,0.20330566,0.19911553,0.19630173,0.19753985
0.20481488,0.20235533,0.19928907,0.1957254,0.19781527
0.1942283,0.20456481,0.19713372,0.20472944,0.19934367
0.19960733,0.20408903,0.19836745,0.19842896,0.19950722
0.2019878,0.20384036,0.19811729,0.19710754,0.19894703
0.20209983,0.20294023,0.2004699,0.19555315,0.19893691
0.20339836,0.20329735,0.1993453,0.19607094,0.197888
0.19581877,0.20426889,0.19621599,0.20484708,0.19884926
0.20090683,0.20370913,0.19711035,0.1976194,0.20065431
0.20343263,0.20316389,0.19803591,0.19721894,0.19814864
0.20497961,0.20354255,0.19640094,0.19688398,0.19819295
0.20369625,0.20273905,0.19991258,0.19502416,0.19862796
0.19600919,0.20404726,0.19595027,0.20717497,0.19681829
0.19993709,0.20339361,0.19889589,0.19662073,0.20115271
0.2021112,0.20339279,0.19925292,0.19777487,0.19746819
0.20261343,0.20273888,0.199584,0.19548178,0.19958192
0.20350488,0.20262095,0.20023121,0.19445418,0.19918877
0.19519088,0.20378737,0.1981936,0.20187888,0.20094924
0.2003744,0.20335057,0.19979036,0.19691178,0.19957292
0.2023243,0.20279029,0.19985357,0.19577272,0.1992591
0.20312513,0.20252006,0.20053962,0.19400322,0.19981195
0.2050782,0.202671,0.19898322,0.19583502,0.19743253
0.19591562,0.2037327,0.1976558,0.20458865,0.19810721
0.20005925,0.20284148,0.2011404,0.19612162,0.19983724
0.2032666,0.20252572,0.19913115,0.19545479,0.19962168
0.20431954,0.20271315,0.20028938,0.1964904,0.19618756
0.20450354,0.20264314,0.2002179,0.19563925,0.19699617
0.1952489,0.2034681,0.19749129,0.20394872,0.19984296
0.19941002,0.20338129,0.20067775,0.19743976,0.19909115
0.20288342,0.20252156,0.20000322,0.19495219,0.19963962
0.2038021,0.20249778,0.20124623,0.19516955,0.19728433
0.20550048,0.20199113,0.19936232,0.19473228,0.19841376
0.1948923,0.20355017,0.19815569,0.20407264,0.19932917
0.19904627,0.20330998,0.20144367,0.19686581,0.19933423
0.20277633,0.20295267,0.19912073,0.19527142,0.19987884
0.20307449,0.20222597,0.20044932,0.19518651,0.19906366
0.20476514,0.20313592,0.19870034,0.1974445,0.19595411
0.19588712,0.20394595,0.19611734,0.2070185,0.19703113
0.19946909,0.20359716,0.20047918,0.19764052,0.19881406
0.20187233,0.20312205,0.20007338,0.19482063,0.2001116
0.20406155,0.20270072,0.20072986,0.19525144,0.19725648
0.20494118,0.20293868,0.19986609,0.1951867,0.19706732
0.19418374,0.20327462,0.1988232,0.20391077,0.1998077
0.19927967,0.2033464,0.20165165,0.19711281,0.19860947
0.20248602,0.2030621,0.2000026,0.19657327,0.19787605
0.20372893,0.2031686,0.1990288,0.1963575,0.19771616
0.20483434,0.20301992,0.19815458,0.19529685,0.19869429
0.19481137,0.2028262,0.19890152,0.2037285,0.19973248
0.19883801,0.20310342,0.20179485,0.19598445,0.20027931
0.20161201,0.2032281,0.20163459,0.19638816,0.19713715
0.20237777,0.20323649,0.20104808,0.19471546,0.19862224
0.20314848,0.20268524,0.20132615,0.19403291,0.19880722
0.19461417,0.20364523,0.19726181,0.2062897,0.19818911
0.19974239,0.2032696,0.20026974,0.19655271,0.20016557
0.20191766,0.202453,0.20194608,0.19586375,0.19781947
0.20100759,0.20355773,0.2014885,0.1973271,0.19661905
0.20324737,0.2033145,0.20109306,0.1957088,0.19663629
0.19469628,0.20344578,0.19783707,0.20579928,0.19822161
0.1996445,0.20323232,0.20185512,0.19623019,0.19903786
0.20133045,0.2031615,0.20190127,0.1947961,0.1988107
0.20339967,0.20340039,0.19969189,0.19606256,0.19744548
0.20363003,0.203186,0.20044787,0.19622545,0.19651064
0.19419868,0.20338725,0.1985396,0.20557371,0.19830078
0.19939059,0.20340142,0.2010388,0.19710435,0.19906482
0.2016272,0.20349598,0.20183904,0.1964064,0.19663136
0.20352958,0.20317146,0.20059372,0.19545244,0.19725275
0.20282915,0.20255256,0.2025865,0.19453698,0.1974948
0.19471207,0.20330171,0.19606353,0.2065746,0.1993481
0.19827782,0.20360413,0.2025229,0.19692312,0.19867206
0.20044875,0.20274675,0.20315227,0.19397433,0.1996779
0.20168452,0.20364372,0.20280544,0.19563666,0.19622968
0.20281494,0.20245832,0.20241565,0.19421646,0.19809471
0.19268753,0.20311955,0.19966641,0.20454995,0.19997656
0.19642925,0.20414329,0.2022144,0.19751689,0.19969617
0.20011982,0.20300655,0.20285475,0.19431514,0.19970375
0.20174402,0.2032423,0.20237453,0.19464603,0.1979931
0.20311545,0.20250419,0.20280842,0.1950709,0.19650106
0.19360277,0.20288435,0.19834238,0.2044057,0.20076478
0.19906911,0.20324565,0.20166597,0.19607405,0.19994517
0.20073842,0.20292012,0.20260587,0.19603811,0.19769746
0.2015031,0.20280246,0.20333934,0.19343062,0.19892447
0.2029899,0.20324698,0.20169237,0.19511203,0.19695874
0.19293295,0.2028691,0.1990217,0.20453614,0.20064008
0.19767413,0.2037543,0.20334892,0.19744821,0.19777444
0.20060714,0.20285876,0.20401913,0.19529654,0.1972184
0.2027846,0.20321348,0.20204616,0.19517988,0.1967759
0.20222425,0.20343839,0.20391442,0.1956883,0.19473465
0.19165708,0.20301144,0.2002446,0.20435351,0.20073336
0.19749472,0.20362443,0.20357984,0.19624323,0.19905773
0.20181127,0.20233256,0.20356038,0.1940816,0.19821414
0.20234485,0.20343177,0.20300743,0.1951898,0.19602612
0.20167902,0.20318893,0.20482479,0.19438183,0.19592546
0.19224796,0.20287766,0.19921067,0.20518237,0.20048138
0.19711861,0.20343556,0.20449844,0.1953105,0.19963689
0.19934626,0.20271005,0.20500337,0.19328935,0.19965097
0.20029539,0.20341481,0.20542985,0.19473451,0.19612548
0.20164333,0.20304114,0.2055356,0.19324736,0.19653259
0.19119796,0.20310424,0.19950236,0.2051064,0.20108904
0.19650984,0.20421293,0.20420769,0.19649342,0.19857611
0.20004661,0.20368978,0.20527983,0.19562106,0.19536275
0.2007476,0.20359504,0.20533188,0.1954024,0.19492307
0.20137921,0.20352213,0.2049278,0.19412011,0.19605076
0.18953477,0.20292008,0.20176207,0.20474167,0.20104143
0.19666399,0.20461242,0.20402245,0.19739752,0.19730364
0.19931093,0.20427723,0.20545003,0.19561894,0.1953429
0.20000514,0.20341232,0.2070478,0.19338045,0.1961543
0.20225434,0.20284098,0.20542243,0.19290991,0.19657232
0.19140425,0.2026697,0.20290399,0.20243654,0.20058551
0.19619378,0.20482838,0.20469879,0.19725403,0.197025
0.19904523,0.20469292,0.20572242,0.1955461,0.19499336
0.2012674,0.20359597,0.2055412,0.19406253,0.19553292
0.2017471,0.2031598,0.20608068,0.19296163,0.19605078
0.19050172,0.20302653,0.20103714,0.20635016,0.19908448
0.19551519,0.20497711,0.2061603,0.19842444,0.19492294
0.19963033,0.20429528,0.20717412,0.19510302,0.19379728
0.20124458,0.20416558,0.2059303,0.19421296,0.19444662
0.20218693,0.20383742,0.20611997,0.19482714,0.19302855
0.18830812,0.2031363,0.20259906,0.20666274,0.19929376
0.19487542,0.20485829,0.20727961,0.19729936,0.1956873
0.19736846,0.20386918,0.20915303,0.19413881,0.19547053
0.20017318,0.20448646,0.20790873,0.19579178,0.19163987
0.20135252,0.20397969,0.20726357,0.19334422,0.19406003
0.18937635,0.20328593,0.20030244,0.20763275,0.19940256
