Cycle_Index,QV_Curve,Charge_Current(A),Temperture,Discharge_Current(A),Max_Charge_Capacity(Ah),Max_Discharge_Capacity(Ah)
2,"[0.111, 0.132, 0.155, 0.17415646258503403, 0.189, 0.204799779371208, 0.222, 0.23646825396825413, 0.25119557823129274, 0.268, 0.278, 0.2927620408163265, 0.307, 0.332, 0.35, 0.3777155102040817, 0.4166687598116169, 0.4511722448979593, 0.4846145124716554, 0.546, 0.6523741496598645, 0.757, 0.861, 0.9694217687074831, 1.0534605626034197, 1.162, 1.218, 1.277, 1.329, 1.373, 1.4260220408163267, 1.4710391156462588, 1.5049067055393586, 1.548858843537415, 1.583, 1.617, 1.649, 1.692, 1.7228707482993195, 1.7553231292517006, 1.7818351235230936, 1.819, 1.848, 1.874, 1.9, 1.922, 1.957, 1.984, 2.00423704866562, 2.031]",1.2,25,-2.4,2.333,2.339
3,"[0.112, 0.133, 0.153, 0.172, 0.18986054421768686, 0.20448816326530597, 0.223, 0.237, 0.25073265306122444, 0.26461394557823104, 0.281, 0.2975448979591834, 0.312, 0.32587061224489794, 0.352, 0.383, 0.419, 0.443, 0.496, 0.556, 0.6488231292517007, 0.7743174603174602, 0.8633974489795918, 0.986, 1.0871522762951333, 1.1657789115646258, 1.2089746276889135, 1.286, 1.333, 1.3912036734693878, 1.4263773137161841, 1.4755702947845806, 1.5173055708769994, 1.549, 1.586, 1.629, 1.648, 1.6893004081632652, 1.7323020408163265, 1.7526100966702471, 1.79, 1.8164727891156465, 1.849, 1.877, 1.903357359965263, 1.925, 1.96, 1.984, 2.007095457537854, 2.033]",1.2,25,-2.4,2.339,2.345
4,"[0.113, 0.134, 0.149, 0.173, 0.18980272108843488, 0.204, 0.222, 0.237, 0.2525692803437164, 0.264, 0.282, 0.2967017268445837, 0.31003741496598614, 0.3305223386651958, 0.35782539682539694, 0.384, 0.417, 0.455, 0.5, 0.555, 0.6593367346938777, 0.768, 0.86857065845206, 0.9843974732750244, 1.074, 1.167295918367347, 1.221, 1.286, 1.334, 1.3874783673469389, 1.4270027829313545, 1.474, 1.509, 1.5527278911564624, 1.582, 1.6204628571428572, 1.662234418091561, 1.6977519623233914, 1.729, 1.759, 1.785, 1.818, 1.8429206349206353, 1.876, 1.9051908763505403, 1.9285839874411308, 1.960187755102041, 1.984, 2.004, 2.032]",1.2,25,-2.4,2.336,2.346
5,"[0.113, 0.133, 0.155, 0.173, 0.191, 0.206, 0.221, 0.239, 0.255, 0.266, 0.28307823129251686, 0.296, 0.313, 0.331, 0.354, 0.387, 0.424, 0.457391156462585, 0.502, 0.565, 0.668, 0.776, 0.865, 0.987, 1.093, 1.1705841836734694, 1.21, 1.29, 1.34, 1.394, 1.4296201448321264, 1.474, 1.523, 1.5546955782312926, 1.591, 1.6283771428571427, 1.65, 1.6973004081632652, 1.7323768221574343, 1.762, 1.79, 1.821, 1.853, 1.8755134264232005, 1.9030882771713338, 1.9333720565149137, 1.962, 1.989159863945579, 2.007543599257885, 2.034]",1.2,25,-2.4,2.338,2.346
6,"[0.114, 0.137, 0.158, 0.177, 0.19407673469387762, 0.208, 0.222, 0.23898809523809558, 0.251, 0.265, 0.282, 0.2956710204081632, 0.312, 0.336, 0.3558285714285714, 0.386, 0.414, 0.46017981246552686, 0.509, 0.569, 0.686, 0.7863809523809525, 0.879, 0.987, 1.078, 1.176, 1.233018775510204, 1.279, 1.3407460317460318, 1.392722615576843, 1.434, 1.485, 1.524, 1.557, 1.5904684601113173, 1.625857142857143, 1.656, 1.7003747680890537, 1.73, 1.7624336734693873, 1.788, 1.822, 1.851, 1.8777328385899814, 1.9046840816326533, 1.937, 1.963, 1.9807967513536027, 2.006536443148688, 2.034]",1.2,25,-2.4,2.336,2.343
7,"[0.116, 0.138, 0.155, 0.17673361976369498, 0.193, 0.21221088435374155, 0.22597959183673477, 0.24, 0.255, 0.268, 0.283, 0.302, 0.316, 0.3354597207303975, 0.356, 0.386, 0.42, 0.46021461487820947, 0.504, 0.569, 0.677, 0.792, 0.8959750566893426, 1.0010683949255377, 1.079, 1.178183673469388, 1.223, 1.284, 1.331, 1.3805255102040817, 1.4299834528405957, 1.478, 1.5259497645211932, 1.5595544217687074, 1.596, 1.629, 1.651923633969717, 1.7016342229199373, 1.73084268707483, 1.7598163265306122, 1.799, 1.824684807256236, 1.85, 1.879, 1.9063638732088581, 1.934, 1.958, 1.993, 2.011, 2.036]",1.2,25,-2.4,2.339,2.345
8,"[0.114, 0.13914938775510205, 0.159, 0.176, 0.194, 0.2070269387755102, 0.22586734693877558, 0.24, 0.255, 0.267, 0.284, 0.30129737609329477, 0.3152018140589568, 0.338, 0.359, 0.39, 0.429, 0.453, 0.50709268707483, 0.57, 0.6779489795918373, 0.778, 0.8964344023323616, 0.995, 1.082385306122449, 1.175, 1.223, 1.2867848639455783, 1.336, 1.38, 1.437, 1.478, 1.5155011337868483, 1.559, 1.596, 1.628, 1.66, 1.695, 1.7306065759637193, 1.7548261224489794, 1.789698979591837, 1.8227017268445842, 1.844, 1.8803106575963722, 1.90473306122449, 1.9282164723032071, 1.962, 1.981, 2.0044125758411475, 2.034]",1.2,25,-2.4,2.338,2.344
9,"[0.116, 0.13817346938775424, 0.15393148688046643, 0.176, 0.19243027210884345, 0.208, 0.222, 0.239, 0.255, 0.268, 0.282, 0.297, 0.315, 0.337, 0.358, 0.389, 0.419, 0.461, 0.5061972789115647, 0.573, 0.677, 0.786, 0.8857604726100967, 1.005033527696793, 1.0801979591836735, 1.18, 1.218, 1.294, 1.341, 1.397, 1.432, 1.477, 1.525, 1.56, 1.5923755102040817, 1.6341428571428573, 1.6652587755102042, 1.7, 1.72981462585034, 1.758, 1.7909387755102049, 1.822, 1.846, 1.8776302040816324, 1.908, 1.9276909620991254, 1.96, 1.987, 2.002, 2.032]",1.2,25,-2.4,2.334,2.342
10,"[0.117, 0.139, 0.1539227405247813, 0.176827315541601, 0.192, 0.20894367346938766, 0.227, 0.23970238095238103, 0.2557189952904238, 0.268, 0.284, 0.298, 0.311, 0.337, 0.358, 0.387, 0.428, 0.463, 0.5092108843537414, 0.576, 0.686, 0.79, 0.886, 0.9984448979591837, 1.085, 1.174, 1.214, 1.2924659863945578, 1.343, 1.397, 1.437, 1.4765391156462584, 1.511, 1.554, 1.5912749731471534, 1.626205714285714, 1.652, 1.6992291993720567, 1.731, 1.7619737609329438, 1.796, 1.822, 1.849, 1.8707577353522054, 1.905, 1.927, 1.954, 1.98670486656201, 2.002, 2.033]",1.2,25,-2.4,2.335,2.343
11,"[0.117, 0.14, 0.162, 0.178, 0.19462018140589563, 0.208, 0.225, 0.242, 0.255, 0.269, 0.284, 0.302, 0.3135241413638626, 0.337, 0.36, 0.394, 0.4195606874328678, 0.454, 0.504, 0.573, 0.689, 0.791, 0.904, 0.998733619763695, 1.08, 1.183, 1.227481224489796, 1.295, 1.344, 1.397, 1.438, 1.479, 1.5252405557967867, 1.558, 1.593, 1.628, 1.67, 1.703, 1.737, 1.765, 1.790705306122449, 1.8254727891156464, 1.851, 1.882, 1.906, 1.9282545649838883, 1.9624146079484428, 1.991, 2.01, 2.036]",1.2,25,-2.4,2.336,2.341
12,"[0.118, 0.14, 0.158, 0.179, 0.194, 0.20965416436844997, 0.224, 0.242, 0.255, 0.268, 0.286, 0.3, 0.317, 0.336, 0.36, 0.3878543849972421, 0.423, 0.4605938775510204, 0.5112630385487529, 0.576, 0.6896173469387755, 0.803, 0.9040359183673471, 1.0120375510204083, 1.109, 1.181, 1.238, 1.287, 1.341, 1.3869238830667403, 1.4324089795918369, 1.481, 1.5274037900874635, 1.5604637188208617, 1.594, 1.636, 1.655, 1.703, 1.7356292517006802, 1.759, 1.792, 1.824, 1.854, 1.881, 1.908, 1.929, 1.962, 1.98, 2.008, 2.035]",1.2,25,-2.4,2.336,2.342
13,"[0.117, 0.14, 0.154, 0.176, 0.19444653061224482, 0.209, 0.22577040816326516, 0.242, 0.255, 0.269, 0.285, 0.298, 0.316, 0.343, 0.359, 0.3895515181682429, 0.421, 0.466, 0.5112630385487529, 0.5797776584317936, 0.693, 0.793, 0.914, 1.0090191586838817, 1.0891522762951333, 1.179, 1.234, 1.2846514065085493, 1.3440238095238097, 1.3849238830667403, 1.442, 1.479, 1.5254037900874635, 1.561, 1.59, 1.636, 1.6675391156462587, 1.703, 1.732081632653061, 1.7642551020408166, 1.79, 1.8236303854875289, 1.8496036866359447, 1.874, 1.91, 1.9295310868533462, 1.96214442700157, 1.9795967346938776, 2.011, 2.036]",1.2,25,-2.4,2.333,2.337
14,"[0.117, 0.14, 0.155, 0.176, 0.19344653061224482, 0.207, 0.22477040816326516, 0.241, 0.254, 0.266, 0.281, 0.296, 0.31527664399092964, 0.3355008273579702, 0.359, 0.39, 0.43, 0.465, 0.514, 0.579, 0.6888231292517006, 0.793, 0.886, 1.0, 1.0982827988338193, 1.1791683673469389, 1.224, 1.287, 1.342, 1.38, 1.433, 1.472855442176871, 1.525, 1.554, 1.5873755102040816, 1.6234962406015039, 1.665, 1.699, 1.732, 1.7602551020408166, 1.785705306122449, 1.82, 1.8453530997304581, 1.876, 1.904, 1.9243720565149138, 1.958, 1.985, 2.002, 2.029]",1.2,25,-2.4,2.326,2.336
15,"[0.117, 0.14, 0.16148843537414959, 0.176, 0.193, 0.207, 0.222, 0.23848299319727886, 0.252, 0.267, 0.282719387755102, 0.296, 0.313, 0.337, 0.358, 0.38740816326530564, 0.429, 0.4527823129251699, 0.514078231292517, 0.5806840816326528, 0.689, 0.787, 0.894, 1.002, 1.0997026239067051, 1.1739489795918367, 1.225556586270872, 1.2904970375246871, 1.338, 1.3917700957934194, 1.4320998925886141, 1.475, 1.5238892128279884, 1.556, 1.59, 1.6310685714285713, 1.656, 1.689, 1.73, 1.759, 1.793, 1.818, 1.8492714285714287, 1.8738408163265303, 1.901, 1.923, 1.958, 1.9833069387755105, 2.003306122448979, 2.029]",1.2,25,-2.4,2.325,2.336
16,"[0.115, 0.14, 0.161502915451895, 0.17662493105350235, 0.19371068427370944, 0.209, 0.225, 0.2405476190476188, 0.25292964554242753, 0.272, 0.284, 0.298, 0.312, 0.34, 0.358, 0.387, 0.4236647230320701, 0.46112686155543303, 0.504, 0.575, 0.688, 0.7921190476190475, 0.901, 1.007, 1.087, 1.179, 1.218, 1.293, 1.34, 1.3911768707482992, 1.428, 1.471, 1.5223055708769995, 1.554, 1.5923755102040817, 1.6254373177842565, 1.651, 1.698, 1.728, 1.755, 1.7864332810047097, 1.819, 1.843, 1.875, 1.902, 1.928543120473996, 1.957, 1.984, 2.004, 2.03]",1.2,25,-2.4,2.324,2.336
17,"[0.12, 0.143, 0.161, 0.18, 0.19493027210884345, 0.2078673469387748, 0.227, 0.2390952380952369, 0.25373265306122444, 0.2683877551020406, 0.2834115646258504, 0.296, 0.314, 0.338, 0.3607428571428571, 0.392, 0.428, 0.451, 0.5, 0.575, 0.688, 0.803, 0.893, 1.007, 1.0829278425655977, 1.1765841836734694, 1.232, 1.2930078492935635, 1.3400119047619048, 1.384, 1.435, 1.478, 1.512832361516035, 1.548, 1.589, 1.6317857142857142, 1.665, 1.6993004081632652, 1.72681462585034, 1.754, 1.785705306122449, 1.822, 1.8462261904761907, 1.877, 1.901883995703545, 1.9241934693877552, 1.958, 1.983, 2.004, 2.032]",1.2,25,-2.4,2.325,2.335
18,"[0.118, 0.141, 0.156, 0.17893959183673463, 0.19439332096474946, 0.20867071152785435, 0.226, 0.239, 0.255, 0.265, 0.28235969387755105, 0.298, 0.3115599800895968, 0.335, 0.359, 0.388, 0.43, 0.4547823129251699, 0.509, 0.5793924646781786, 0.688, 0.8044537815126052, 0.892, 0.999, 1.086, 1.17456462585034, 1.2290897959183673, 1.279, 1.3402976190476186, 1.383, 1.4352711370262385, 1.4787811791383219, 1.513, 1.5550387755102035, 1.5897132116004296, 1.636, 1.664, 1.6992800453514738, 1.733, 1.756, 1.784810047095761, 1.822, 1.8469542857142855, 1.875, 1.901, 1.924, 1.956, 1.985, 2.002, 2.029]",1.2,25,-2.4,2.324,2.335
19,"[0.118, 0.143, 0.158, 0.176, 0.194, 0.207, 0.224, 0.24147619047619026, 0.254758017492711, 0.26794104308390027, 0.285, 0.302, 0.31465960723912206, 0.337, 0.36063736263736257, 0.38890402647545497, 0.4286612244897957, 0.45956462585033986, 0.505, 0.5806840816326528, 0.6894387755102038, 0.802, 0.894, 0.999, 1.0798918801563178, 1.176673469387755, 1.226, 1.284, 1.34, 1.396, 1.433, 1.4755858843537415, 1.519, 1.549, 1.594, 1.636, 1.6639489795918365, 1.697481632653061, 1.730488163265306, 1.7558614393125667, 1.791, 1.819, 1.848, 1.874, 1.904, 1.923, 1.957, 1.983, 1.998, 2.028]",1.2,25,-2.4,2.324,2.336
20,"[0.119, 0.142, 0.15984924292297553, 0.17888383045525894, 0.194, 0.209, 0.227, 0.23942261904761897, 0.255, 0.265, 0.28335969387755106, 0.297, 0.316, 0.34, 0.3598114285714285, 0.392, 0.4315086342229197, 0.467, 0.5081564625850339, 0.582, 0.696, 0.8046031746031747, 0.891, 0.999, 1.086, 1.177230983302412, 1.2341247165532876, 1.295, 1.342, 1.393549387755102, 1.4402711370262384, 1.486, 1.523, 1.5550646258503393, 1.589, 1.633, 1.662, 1.697481632653061, 1.7294881632653059, 1.76, 1.793, 1.82, 1.85, 1.87369387755102, 1.899, 1.931795918367347, 1.9575777080062797, 1.9836394557823132, 2.005, 2.028]",1.2,25,-2.4,2.323,2.334
2,"[0.003, 0.0050647431386346186, 0.008710204081632618, 0.012844023323615065, 0.01947773654916514, 0.02560835762876569, 0.0351718582169709, 0.04400375939849613, 0.05313034891375908, 0.059425655976676324, 0.06954114549045426, 0.0811443973815941, 0.0879332597904027, 0.10023520408163258, 0.10854831932773112, 0.11760653061224487, 0.1281074113856067, 0.14013292884721454, 0.1522297003907946, 0.16462152133580704, 0.17593877551020404, 0.1938877551020409, 0.21306232763375624, 0.23328798185941058, 0.2589222283507997, 0.28561067503924653, 0.32363605442176857, 0.36777551020408183, 0.4019930875576037, 0.46165889212828004, 0.5118877551020408, 0.5499668367346942, 0.6021802721088436, 0.6424149659863945, 0.698513469387755, 0.7389591836734705, 0.7878900592495064, 0.8397278911564625, 0.8879637188208614, 0.9254081632653076, 0.9754209183673471, 1.0231996860282575, 1.056979591836734, 1.1282278911564627, 1.1707392753019576, 1.2528195918367346, 1.3138185941043083, 1.3755691609977325, 1.4076208031599742, 1.465]",4.8,25,-7.2,1.649,1.677
3,"[0.003, 0.004450834879406341, 0.00702699144173788, 0.010547501759324467, 0.015373877551020394, 0.02287405247813411, 0.030250204081632613, 0.03833540372670811, 0.04901652089407204, 0.05833194502290711, 0.06660892263882298, 0.0770678077682687, 0.08682179300291547, 0.09780250164581965, 0.10785714285714286, 0.1223723110865969, 0.12965387755102045, 0.14160349854227366, 0.152650303364589, 0.1666552094522022, 0.1800468836183123, 0.19375115207373275, 0.21051275510204082, 0.22934499514091378, 0.2497551020408165, 0.2679019091507571, 0.314596546310832, 0.34883045525902684, 0.40509022556391, 0.4463281004709579, 0.49805126928820304, 0.5563381924198252, 0.6000215419501136, 0.6454784580498867, 0.6921360544217687, 0.7345051020408163, 0.7985132435953105, 0.8422708719851586, 0.8890561224489798, 0.9306360544217692, 0.9797891156462588, 1.022387755102041, 1.0688146718146718, 1.1182684458398744, 1.1857840136054423, 1.2479070294784584, 1.3078049886621324, 1.374166405023548, 1.4073632653061225, 1.462]",4.8,25,-7.2,1.656,1.65
4,"[0.003, 0.004310495626822104, 0.007233600583090431, 0.010741849986747962, 0.015333113890717474, 0.022124081632653097, 0.027931122448979637, 0.037302857142857075, 0.04645306122448974, 0.055560236998025016, 0.06574344023323618, 0.07458746355685128, 0.08647680890538037, 0.09595260039499671, 0.10671428571428555, 0.12070964749536192, 0.12981224489795934, 0.1391156462585028, 0.1499449866903284, 0.16569267707082833, 0.17836618075801747, 0.1888341013824884, 0.20731586270871982, 0.22658078231292517, 0.24474927113702616, 0.2680045351473925, 0.30637486573576783, 0.3550440816326529, 0.3975864661654134, 0.4477278911564624, 0.48875935374149654, 0.5417803121248498, 0.5963588435374149, 0.6379455782312922, 0.7014489795918365, 0.732110599078341, 0.7842891156462586, 0.8318408163265303, 0.8798540031397173, 0.9218206229860362, 0.9732794348508632, 1.0142244897959174, 1.0631371428571423, 1.1102925170068019, 1.151851547070441, 1.22647471162378, 1.2784308390022674, 1.3372182103610675, 1.3819256559766757, 1.434]",4.8,25,-7.2,1.638,1.628
5,"[0.003, 0.004651967930029168, 0.009373573158076845, 0.011911784068466037, 0.01748326530612243, 0.024126159554731023, 0.031364897959183895, 0.040043956043955796, 0.049327847267939394, 0.057477287689269255, 0.06914204081632655, 0.07844777911164455, 0.08826960257787309, 0.09740171858216973, 0.10853495440729481, 0.11769666048237469, 0.12907755102040808, 0.1375134693877551, 0.15261836734693893, 0.16194775510204068, 0.17510204081632638, 0.19223979591836737, 0.20820897959183673, 0.22836420722134987, 0.2476889134031989, 0.2689804081632654, 0.31727847267939435, 0.35287975730832855, 0.40625142857142843, 0.45139909297052094, 0.5008644897959185, 0.5490627943485084, 0.5898877551020401, 0.629953469387755, 0.6758603651987112, 0.7178339768339769, 0.7835166975881259, 0.8306462585034001, 0.8737097505668932, 0.9196262083780878, 0.9631836734693878, 1.0112680639823497, 1.0554971428571427, 1.102435102040816, 1.1557414965986383, 1.2049985422740521, 1.2641478212906783, 1.3218445839874406, 1.3600544217687074, 1.418]",4.8,25,-7.2,1.622,1.611
6,"[0.0, 0.004218564845293026, 0.008384907451352628, 0.012527210884353537, 0.017594209776934065, 0.02359877551020411, 0.030806530612244882, 0.03961389961389962, 0.04941476590636252, 0.05633999131567518, 0.06541460794844274, 0.074450612244898, 0.08542305570877001, 0.09422448979591838, 0.105487012987013, 0.1144742679680568, 0.12389795918367348, 0.1349868334430548, 0.14687918367346944, 0.15811394557823139, 0.17407446221731931, 0.18569172932330832, 0.20575510204081704, 0.22518911564625885, 0.23856782713085237, 0.27141588527302823, 0.31000429645542416, 0.3531763848396501, 0.3955238095238097, 0.45656771799628965, 0.5000263605442178, 0.5366683673469389, 0.5927120181405894, 0.6275682062298603, 0.6855729688101657, 0.7248650793650793, 0.7774189044038667, 0.8226133480419195, 0.8588215931533908, 0.9063940345368916, 0.9523545918367349, 0.9935159183673469, 1.0352142857142854, 1.0799455782312914, 1.1317074829931966, 1.178096598639456, 1.2351493018259934, 1.2961288936627289, 1.3388932496075352, 1.392]",4.8,25,-7.2,1.603,1.594
7,"[0.0, 0.0038362655406990165, 0.006990758567578003, 0.010631681243926178, 0.01563682745825608, 0.022673469387755142, 0.029050273768043734, 0.03805142857142868, 0.04628004535147388, 0.05411164465786308, 0.06292517006802768, 0.07219447779111636, 0.08084854994629442, 0.09075510204081641, 0.10084126984126973, 0.11166641929499072, 0.12144326530612243, 0.13264852607709773, 0.14312410369553227, 0.15349194414607945, 0.16841232819658486, 0.1802285714285712, 0.20080272108843567, 0.21878911564625872, 0.23781040157998676, 0.26748317705460567, 0.29990530612244887, 0.3438992346938775, 0.3884248120300752, 0.4336581632653058, 0.4849132653061229, 0.5381564625850338, 0.5810272108843532, 0.6218698979591836, 0.6762227891156459, 0.7230977443609022, 0.7604128728414438, 0.8165391156462585, 0.8584144427001569, 0.8980748299319723, 0.9374668367346937, 0.9862263450834878, 1.0208646616541355, 1.070899275839368, 1.1177087699944843, 1.1639989258861438, 1.2154070891514497, 1.2773147153598279, 1.3169433106575965, 1.371]",4.8,25,-7.2,1.588,1.579
8,"[0.003, 0.005177090190914945, 0.008524489795918124, 0.013229387755101981, 0.018676761026991444, 0.023633127669672443, 0.031516763848396426, 0.04041758241758205, 0.047485383342526194, 0.05657823129251653, 0.06445670159955856, 0.07293551020408144, 0.08212925170068013, 0.09197084548104946, 0.10168438538205976, 0.11218594104308363, 0.11987981859410378, 0.13227040816326535, 0.14346477946017114, 0.1555466472303204, 0.16737676609105165, 0.18306349206349196, 0.2017312925170061, 0.21941150278293128, 0.2460237175951461, 0.273329795918367, 0.30752344180915603, 0.35503401360544207, 0.38791428571428554, 0.4435240816326529, 0.487914417379855, 0.5371941533370105, 0.5805697278911561, 0.6119481522338664, 0.667765581908439, 0.7126638655462183, 0.7667853061224487, 0.8045431711145995, 0.8503408714837285, 0.886764081632653, 0.9391224489795904, 0.9712832653061222, 1.0185476190476181, 1.0615023547880689, 1.1052750242954323, 1.1538013605442174, 1.203490612244898, 1.261441776710684, 1.3079591836734688, 1.356]",4.8,25,-7.2,1.573,1.563
9,"[0.003, 0.005719747053751089, 0.00914408163265305, 0.013300197498354272, 0.019293187697614345, 0.025647959183673488, 0.03209824394874225, 0.0389513677811551, 0.04577915451895054, 0.05490507831039397, 0.06438858808829656, 0.0731652402896643, 0.08156802721088452, 0.09198612244897966, 0.09952678571428578, 0.11029421768707501, 0.11783965014577276, 0.1293642072213502, 0.1398011849901251, 0.15531755102040823, 0.16537056928034388, 0.18326890756302525, 0.19718367346938778, 0.21474549819927977, 0.23790816326530675, 0.2700229591836735, 0.2985768707482992, 0.3521847475832443, 0.3912030075187972, 0.43749489795918406, 0.4761768707482993, 0.5187617659308622, 0.5623074391046743, 0.6044146938775511, 0.6655276967930029, 0.7045563909774434, 0.746906705539358, 0.7922959183673477, 0.8321462585034018, 0.8728321995464855, 0.9244518950437315, 0.9575048335123524, 1.0009206349206352, 1.0501996690568118, 1.093249731471536, 1.1383782798833821, 1.1887755102040818, 1.24790737833595, 1.287074829931973, 1.342]",4.8,25,-7.2,1.554,1.543
10,"[0.003, 0.005945368916797451, 0.008915918367347165, 0.012666850523993347, 0.018228377065111517, 0.02478806907378351, 0.031561224489795925, 0.037969387755102134, 0.044643132928847154, 0.05219420671494402, 0.06202721088435365, 0.07071538885824602, 0.07897551020408189, 0.08818367346938757, 0.09711278195488722, 0.10726763848396499, 0.11758566682486948, 0.12776757369614528, 0.13687228439762994, 0.15101473922902492, 0.16252524167561777, 0.1779493087557604, 0.1966059654631079, 0.21719387755102013, 0.2351989795918367, 0.2721901181525242, 0.30655976676384833, 0.3560858843537414, 0.3881314285714285, 0.42961148904006036, 0.48288226059654615, 0.5168399570354458, 0.5603486394557822, 0.6088027210884347, 0.6422368804664723, 0.6843485714285711, 0.732354081632653, 0.7788408163265301, 0.8197551020408163, 0.8554427001569856, 0.9105368916797484, 0.941467120181406, 0.9869047619047616, 1.0273024118738405, 1.0747951020408162, 1.1195401360544215, 1.1714953116381688, 1.2313974221267452, 1.2545553168635877, 1.323]",4.8,25,-7.2,1.542,1.533
11,"[0.0, 0.004437016185784676, 0.007711734693877744, 0.013000832986255755, 0.015611089718906429, 0.02197052154194963, 0.02900388726919331, 0.034852534562211955, 0.04166960838389408, 0.048709321566464396, 0.057945335276967866, 0.06726822157434405, 0.07439795918367355, 0.08383715118700545, 0.09415428571428587, 0.10168816326530625, 0.11226852846401722, 0.12270638578011848, 0.1332244897959183, 0.1452159863945579, 0.15567755102040817, 0.17144047619047625, 0.19202040816326565, 0.20278323221180367, 0.22594612244897994, 0.25511224489795925, 0.28923390894819456, 0.3471450634307777, 0.3786359447004608, 0.4188358843537416, 0.4700704081632653, 0.5167755102040817, 0.550350340136055, 0.5965748299319734, 0.6442107004964148, 0.6767032967032971, 0.7311632653061235, 0.7686020408163267, 0.8088122448979596, 0.8562846111417539, 0.8959102040816332, 0.9336638023630506, 0.9768809523809521, 1.0166272824919438, 1.0605206839492554, 1.102340306122449, 1.1514783673469386, 1.2060127551020408, 1.247275510204082, 1.296]",4.8,25,-7.2,1.524,1.516
12,"[0.004, 0.005866578889620419, 0.009342565597667682, 0.011236355007119525, 0.014943673469387837, 0.020110355253212444, 0.024690568119139618, 0.02900386100386101, 0.032913265306122444, 0.03904279131007269, 0.044632155301145005, 0.05150027578599026, 0.056503559563360346, 0.06229520645467497, 0.06812571428571439, 0.07570375246872989, 0.08285510204081663, 0.08813452728029998, 0.09731918367346969, 0.1008848979591836, 0.1101741982507291, 0.11949450549450583, 0.12831695127030424, 0.1367299174989145, 0.149732244897959, 0.16303651987110662, 0.18251491365777112, 0.19551296194153356, 0.21782625482625492, 0.24609940750493747, 0.27331972789115677, 0.301565149136578, 0.3310375510204087, 0.3690408163265306, 0.4036519580805295, 0.43290476190476473, 0.4593845327604723, 0.4919946294307199, 0.5208510755653611, 0.5554520408163265, 0.5732026239067058, 0.6115306122448979, 0.6379624060150382, 0.6745187074829929, 0.7015017006802725, 0.7324075049374592, 0.7702388306674021, 0.8074606413994194, 0.8351686358754028, 0.884]",7.2,25,-7.2,1.212,1.217
13,"[0.003, 0.005485367731998477, 0.007254642397499515, 0.00949835418038181, 0.013265306122448944, 0.016948423005565847, 0.021641056422568875, 0.02562244897959169, 0.030701224489795762, 0.0361514154048715, 0.042126159554731, 0.04610418904403862, 0.05299271137026239, 0.05831991174848297, 0.06428571428571433, 0.0713149955634426, 0.07742330480579332, 0.08660276967930017, 0.09233493397358931, 0.0996458196181696, 0.10323760932944584, 0.11396103896103908, 0.1245890538033395, 0.12966986794717889, 0.144328931572629, 0.15629805410536304, 0.17065240289664244, 0.18378599007170424, 0.20505494505494448, 0.22213387755102024, 0.2487074829931969, 0.281102040816326, 0.3005935374149659, 0.3371250822909811, 0.3740268528464012, 0.3998344155844155, 0.43258469387755094, 0.46868934240362853, 0.4997624489795914, 0.5320760667903522, 0.5549466248037673, 0.588418775510204, 0.6147619047619055, 0.6476582560296844, 0.675768707482993, 0.7028987755102042, 0.7449309262166409, 0.7864070891514491, 0.8200131195335274, 0.871]",7.2,25,-7.2,1.198,1.186
14,"[0.0, 0.005543965734441876, 0.007113832199546368, 0.010492758393680064, 0.01356846609611585, 0.016056787932564286, 0.02108685334598944, 0.0260057142857143, 0.030930272108843568, 0.036091107871720124, 0.04043061224489782, 0.043988338192419756, 0.05176676384839666, 0.05728811524609847, 0.06454857142857144, 0.07021180364037491, 0.07688435374149721, 0.08336326530612262, 0.09071626069782754, 0.09607725947521868, 0.10437074829931949, 0.11069047619047624, 0.11968861092824225, 0.12992602040816303, 0.14203028308097418, 0.1543782798833821, 0.16504931972789133, 0.18210884353741488, 0.19581714285714283, 0.2218979591836738, 0.23980612244897986, 0.2699404302261447, 0.29934527280299905, 0.33738775510204083, 0.3708804664723043, 0.3989624060150378, 0.42558600583090395, 0.4570442176870756, 0.49077121374865773, 0.5205682888540033, 0.5429425547996978, 0.5751678004535148, 0.6085873015873018, 0.6315579591836737, 0.6703139717425441, 0.6994238618524324, 0.7372964554242755, 0.7746530612244902, 0.8002751020408163, 0.855]",7.2,25,-7.2,1.163,1.149
15,"[0.004, 0.005618994054314641, 0.006978145588944282, 0.009678944748631206, 0.013853192890059119, 0.017025883524141357, 0.02176366030283069, 0.025688311688311736, 0.030230185097294745, 0.03444790547798057, 0.039359329446064184, 0.044789387755101794, 0.05154033041788119, 0.05634610578925448, 0.06076263736263741, 0.06817687074829955, 0.07431690412013868, 0.08126700680272142, 0.08800065832784715, 0.09394530612244877, 0.10123825344091131, 0.1107380952380954, 0.11590938775510205, 0.1295632653061227, 0.13840512375162814, 0.14794217687074784, 0.16341326530612252, 0.178408163265306, 0.1914489795918366, 0.21603020408163276, 0.23679883381924224, 0.26933819241982493, 0.28966930445647654, 0.32441224489795895, 0.3588889795918373, 0.3862380952380945, 0.41878148332503723, 0.45217508055853944, 0.47505751391465667, 0.5061762523191097, 0.5234186431329289, 0.5591106337271755, 0.5875164835164837, 0.6237636054421765, 0.6509410430839008, 0.6807959183673469, 0.7192476558190847, 0.7566750392464681, 0.7788208616780037, 0.824]",7.2,25,-7.2,1.128,1.116
16,"[0.004, 0.005492102928127763, 0.007435374149659815, 0.009521618817018334, 0.012429955032860648, 0.016285228377065065, 0.019670553935859977, 0.02406004140786756, 0.029334430546412032, 0.032846662989520076, 0.038296194153337015, 0.04291982507288617, 0.04929534077782056, 0.05508381924198259, 0.060362244897959084, 0.06563755102040815, 0.07142608262817325, 0.07825510204081594, 0.08537927786499218, 0.09147165532879822, 0.09775234418091557, 0.10714016172506734, 0.11135549703752476, 0.12462448979591832, 0.13532984004412568, 0.1461795918367349, 0.1583355102040816, 0.17503918367346927, 0.18930476190476195, 0.20845189504373146, 0.22229251700680286, 0.2566303854875285, 0.29324158852730264, 0.32057927786499313, 0.34924489795918395, 0.37510038610038604, 0.40360884353741605, 0.43749731471535996, 0.46062938775510176, 0.4918413429888089, 0.5092084548104956, 0.5505442176870748, 0.5741071428571441, 0.6060269387755101, 0.6289205736348595, 0.6627643784786645, 0.693327604726101, 0.7363177842565601, 0.758504489795919, 0.802]",7.2,25,-7.2,1.098,1.082
17,"[0.001, 0.004, 0.007978275181040296, 0.014160349854227353, 0.02007170435741874, 0.0283010204081633, 0.035879183673469456, 0.045785714285714305, 0.05568950437317786, 0.06735276967930011, 0.078, 0.08590737833594976, 0.1, 0.109, 0.124, 0.13590816326530603, 0.1487294272547729, 0.161, 0.187, 0.2106292517006802, 0.235, 0.2655357142857142, 0.3123436734693878, 0.37303974221267444, 0.43320493197278925, 0.484, 0.552468537414966, 0.629800627943485, 0.6814285714285717, 0.7751009376723662, 0.8278276643990929, 0.8963700322234157, 0.954, 0.9998155102040815, 1.055211323238973, 1.1091683673469386, 1.14740125082291, 1.1889200680272105, 1.224, 1.26396485260771, 1.2929559037900873, 1.337141783029001, 1.358, 1.3926938775510198, 1.4243065970574276, 1.451, 1.4871678004535145, 1.517891156462587, 1.5424334693877553, 1.573]",2.4,25,-7.2,1.701,1.636
18,"[0.002, 0.0043657770800627415, 0.00826040816326543, 0.013170612244897942, 0.020503401360544703, 0.027277696793002966, 0.03286122448979593, 0.04405142857142868, 0.052210034013605404, 0.05913265306122446, 0.06937261356155372, 0.08027551020408157, 0.094, 0.10451664876476914, 0.121, 0.13505442176870783, 0.153, 0.17331991174848324, 0.198, 0.22380773361976364, 0.264, 0.3094015444015444, 0.36640136054421785, 0.423, 0.4714052007899934, 0.5437151020408164, 0.6048027210884351, 0.672942419825073, 0.754, 0.8003159183673468, 0.8599733124018839, 0.9210563265306122, 0.9685136054421766, 1.0024367346938774, 1.0581485260770973, 1.0942933673469388, 1.1334833512352305, 1.172, 1.2042072213500785, 1.2388840445269016, 1.2654668367346937, 1.2961583673469388, 1.3239323308270678, 1.354898775510204, 1.3833844456701598, 1.4085250778277412, 1.4371546938775508, 1.465657357679914, 1.485, 1.51]",2.4,25,-7.2,1.639,1.645
19,"[0.002, 0.005097959183673429, 0.009586394557823032, 0.013, 0.021235422740524656, 0.028, 0.03378231292516985, 0.04310714285714305, 0.054, 0.0609234693877548, 0.069, 0.07840646258503386, 0.09187102040816324, 0.10546693877551026, 0.11929761904761896, 0.1308187755102041, 0.153, 0.16711922663802362, 0.19276653061224497, 0.221281179138322, 0.2660737833594977, 0.3104505494505497, 0.34888184747583245, 0.42, 0.48106122448979594, 0.5437040816326533, 0.6190354457572502, 0.6608174296745726, 0.7345173745173745, 0.798649751792609, 0.8616564625850344, 0.9182334693877551, 0.9588257456828888, 1.0078227712137486, 1.0556275510204085, 1.087, 1.1420698174006443, 1.17, 1.204, 1.2370017006802723, 1.27, 1.2975534213685476, 1.322, 1.3611901181525243, 1.3911746559088753, 1.4126893424036282, 1.439, 1.4703446712018147, 1.486925170068027, 1.521]",2.4,25,-7.2,1.644,1.646
20,"[0.002, 0.004456701599558629, 0.009, 0.01442775510204074, 0.021421400992829482, 0.02831207482993195, 0.033, 0.04307142857142871, 0.05122084548104958, 0.06096173469387739, 0.06941869651086244, 0.081, 0.0933910204081631, 0.10295720868992758, 0.11963809523809507, 0.131, 0.155, 0.16850947521865883, 0.20155102040816344, 0.2284608843537415, 0.25914139941690956, 0.31513311688311696, 0.34891020408163265, 0.4251396348012889, 0.46466204081632656, 0.539, 0.6190354457572502, 0.686, 0.7465952380952381, 0.7929616326530614, 0.8597821290678435, 0.921, 0.9618257456828888, 1.0143126530612245, 1.0622551020408166, 1.0926822157434402, 1.142, 1.176, 1.2038258017492711, 1.2400017006802722, 1.272, 1.301, 1.3279485714285715, 1.364277864992151, 1.3837340355497039, 1.417689342403628, 1.4437529538131044, 1.4636136054421771, 1.4927006802721081, 1.522]",2.4,25,-7.2,1.646,1.652
21,"[0.001, 0.0037788497217068734, 0.007639823496966425, 0.013, 0.018395176252318946, 0.026091051805337804, 0.033401360544217676, 0.043, 0.05122775510204092, 0.06033969716919032, 0.069, 0.081, 0.09050680272108866, 0.10410430839002269, 0.12, 0.13442204081632664, 0.15001846452866857, 0.167, 0.19292778649921508, 0.2207159183673469, 0.256, 0.296, 0.3476281632653061, 0.42201883830455283, 0.4683016326530613, 0.5292554312047401, 0.6080629251700679, 0.6695493197278913, 0.736, 0.7961887755102045, 0.859, 0.9087629051620648, 0.96662925170068, 1.0072040816326537, 1.0572040816326531, 1.0959769585253458, 1.138, 1.175219954648526, 1.208, 1.2438775510204072, 1.275, 1.3064522448979594, 1.3345657142857144, 1.3633673469387755, 1.3885126530612246, 1.4148284611141755, 1.4482738643844637, 1.4776512059369205, 1.497193877551021, 1.529]",2.4,25,-7.2,1.652,1.659
22,"[0.0, 0.005057765479073021, 0.007376326530612311, 0.011426596445029764, 0.01539265306122453, 0.018676227247655774, 0.02402299967606103, 0.029362934362934384, 0.03569387755102037, 0.0405857694429125, 0.049265306122449136, 0.054449795918367364, 0.061155685131195306, 0.06833245556287047, 0.07740154440154443, 0.08293647136273861, 0.09283024118738425, 0.10525877551020414, 0.11497488226059674, 0.1295290423861852, 0.1430136054421773, 0.1536578073089701, 0.1699190256747861, 0.19617117867555203, 0.2213284742468417, 0.2487721879449455, 0.28381179138322005, 0.3315182215743441, 0.36785714285714305, 0.39891679748822606, 0.4339433838051351, 0.47389638932496136, 0.5139505907626211, 0.5496867346938779, 0.6022448979591837, 0.6291969111969112, 0.6660904578047436, 0.7030367346938775, 0.7420302040816326, 0.7677346938775511, 0.8160314396028682, 0.8383893877551022, 0.8735873015873012, 0.9133979591836734, 0.9429183673469389, 0.9795909863945577, 1.025698979591837, 1.069136412459721, 1.0964659863945574, 1.148]",4.8,25,-7.2,1.379,1.405
23,"[0.003, 0.00552092701487369, 0.006992196878751503, 0.010966836734693704, 0.015463692453725707, 0.019947124304267122, 0.025185860058309015, 0.030517374517374553, 0.03615554329840033, 0.04362768891340311, 0.04966790352504629, 0.05589795918367328, 0.06347632653061226, 0.06993700088731149, 0.0782678571428569, 0.08880163265306121, 0.0968154392191659, 0.10713832199546498, 0.11741915227629501, 0.12482653061224473, 0.1402823129251705, 0.15715873015873028, 0.16492517006802768, 0.19046064139941696, 0.21901193685021175, 0.2354897959183675, 0.2778618524332812, 0.3038874793160508, 0.3591235521235521, 0.39070663265306127, 0.42660326530612275, 0.4684517006802723, 0.5130408163265305, 0.5471046741277157, 0.5891191836734694, 0.6214685714285715, 0.6556359183673469, 0.6962728249194415, 0.7355746509129971, 0.7737653061224493, 0.8107250268528466, 0.8453030612244898, 0.8769948979591838, 0.9139414088215936, 0.9496950437317784, 0.9873864992150707, 1.0321036734693876, 1.0853396971691904, 1.116259475218659, 1.169]",4.8,25,-7.2,1.407,1.399
24,"[0.003, 0.005685791297651101, 0.007703352769679254, 0.01143353557639273, 0.01651102040816319, 0.01989596814335491, 0.024360544217686974, 0.03125904761904764, 0.036598420013166676, 0.042476906552094455, 0.048868992758393626, 0.05681486880466478, 0.06375680272108848, 0.07113211600429639, 0.0778911564625848, 0.08884081632653108, 0.09526204081632653, 0.10570699708454791, 0.11556979591836727, 0.12753522053982885, 0.1394948979591837, 0.15508163265306124, 0.17241257584114705, 0.1915154707044108, 0.2130261224489794, 0.24727978933508885, 0.28131083202511714, 0.3147215273206057, 0.3561766917293233, 0.38495059076262084, 0.4318408163265302, 0.4634927971188476, 0.5040085034013605, 0.5368131041890439, 0.5790718367346938, 0.6158514285714279, 0.6632595918367348, 0.6879818594104312, 0.7361636734693877, 0.7647551020408158, 0.7969961734693877, 0.8338306122448979, 0.8713186813186817, 0.9171263989466754, 0.9496880466472302, 0.98810592808552, 1.028905380333951, 1.077526003949967, 1.1150687432867878, 1.154]",4.8,25,-7.2,1.393,1.384
25,"[0.003, 0.0037944066515494877, 0.006703352769679254, 0.01051257712387286, 0.01455250463821893, 0.01862262193012795, 0.02307210884353744, 0.027739795918367366, 0.03460566161948649, 0.040773566569484825, 0.0471224489795918, 0.054818027210884586, 0.060844803037494066, 0.06691884195538679, 0.07366820276497682, 0.08484081632653108, 0.09293586005830883, 0.10315520945220194, 0.11193731778425653, 0.12359863945578227, 0.13575755102040812, 0.1510672268907563, 0.16808163265306106, 0.19015918367346935, 0.21101306122448968, 0.24021683673469385, 0.2673861852433279, 0.2999307196562836, 0.33951648351648356, 0.37773177842565586, 0.42229356357927744, 0.4556702040816327, 0.4940481632653061, 0.5282179591836734, 0.5691496598639453, 0.6018452380952375, 0.6407704081632651, 0.6775380333951764, 0.7204307196562834, 0.7487551020408157, 0.7877769679300287, 0.820492553778268, 0.8576623376623378, 0.8938185131195333, 0.9347706122448979, 0.9629676870748303, 1.0236530612244883, 1.058526003949967, 1.1020502354788067, 1.141]",4.8,25,-7.2,1.375,1.362
26,"[0.003, 0.004042759961127036, 0.0080345368916797, 0.011468836183121825, 0.01526808905380336, 0.018465928744378992, 0.023867755102040866, 0.03007308970099663, 0.03519575177009585, 0.03956163265306123, 0.04662414965986401, 0.05319510204081623, 0.05963692453725681, 0.06712894248608538, 0.07369111969111977, 0.0822693877551021, 0.09090440386680998, 0.1007721088435374, 0.11153877551020389, 0.12230466472303217, 0.13649946294307197, 0.1455096525096526, 0.1608886424134871, 0.18786054421768725, 0.20938204081632641, 0.24484268707483006, 0.26458693877551015, 0.3017297959183674, 0.3427301587301587, 0.37536949516648777, 0.4102260596546311, 0.44665986394557844, 0.48879818594104324, 0.5139897959183672, 0.5600204081632654, 0.5994971428571433, 0.6340528756957327, 0.6606644897959183, 0.7054424489795919, 0.7371777485187625, 0.7714795918367351, 0.8022621664050235, 0.8404101382488484, 0.8775260039499674, 0.9068273155416011, 0.9438635875402799, 0.9825266622778144, 1.034175170068028, 1.0663080974325214, 1.116]",4.8,25,-7.2,1.362,1.351
27,"[0.0, 0.0059901250822910115, 0.008416076634735552, 0.011680785521755837, 0.016513649615690424, 0.018958632101489313, 0.024166530612244923, 0.029308571428571677, 0.03511454904542471, 0.042040816326530846, 0.04754267161410019, 0.05376663708961843, 0.06028792057363483, 0.06590454246214614, 0.074924369747899, 0.08345243328100471, 0.09172789115646271, 0.10091183673469398, 0.11286054421768715, 0.12476530612244902, 0.13911510204081642, 0.14956682027649773, 0.16775510204081687, 0.1932680639823497, 0.2079251700680272, 0.24456057316543645, 0.27188475390156075, 0.3124150757077025, 0.3440714285714287, 0.3773648979591837, 0.40741107871720117, 0.4469777365491651, 0.4920881632653062, 0.525195918367347, 0.5597653061224501, 0.5972255639097744, 0.6293991836734695, 0.6625280612244897, 0.6990612244897965, 0.7420024489795916, 0.7679591836734703, 0.7961288936627283, 0.8319047619047621, 0.86297471162378, 0.9100413678985108, 0.9414081632653075, 0.972793469387755, 1.0231901181525243, 1.0545870032223414, 1.11]",4.8,25,-7.2,1.346,1.336
28,"[0.003, 0.006053061224489781, 0.008572315882874973, 0.012187274909964059, 0.015146458583433288, 0.020276337562052035, 0.02431122448979605, 0.02957518796992492, 0.034517762660619906, 0.04112682215743441, 0.047629931972789766, 0.05349506254114554, 0.05860204081632652, 0.06482798833819271, 0.07512624584717613, 0.08130612244898017, 0.09048979591836742, 0.09981088435374175, 0.11041092112520694, 0.12146214614878212, 0.1361459968602827, 0.1483702623906707, 0.16817551020408175, 0.19120569280343722, 0.20651755102040828, 0.24206062424969993, 0.26554550468836197, 0.3140113378684808, 0.3445142857142857, 0.36864408163265333, 0.4151673469387757, 0.4475227629513343, 0.4849931972789117, 0.5055336517585758, 0.5552558309037904, 0.5914914285714284, 0.6156963265306121, 0.6526975218658894, 0.6874081632653062, 0.7283039742212672, 0.7502653061224525, 0.7931569858712713, 0.8230238095238095, 0.852970612244898, 0.8944625850340161, 0.9353900226757369, 0.9608775510204097, 1.0097170068027213, 1.0378231292517006, 1.094]",4.8,25,-7.2,1.33,1.318
29,"[0.003, 0.0054170738718022715, 0.008698458975426872, 0.011768926925609026, 0.016055628703094196, 0.020221005475360945, 0.02402172481895985, 0.02861807580174929, 0.03341568206229861, 0.03996081632653073, 0.04539819648789757, 0.05138938775510206, 0.056952769679300255, 0.0647556536127965, 0.07255598455598467, 0.08006229860365219, 0.0894629430719658, 0.09674489795918381, 0.10586093972472713, 0.11948764769065502, 0.1314849939975992, 0.1400875576036868, 0.1612891156462585, 0.1853957725947522, 0.21104956268221578, 0.23658956916099796, 0.2585765306122452, 0.29561451247165554, 0.33334523809523814, 0.37015554329840045, 0.402874411302983, 0.43533106575963737, 0.4759827315541602, 0.5037849293563577, 0.5472963265306123, 0.574451827242525, 0.6085204081632637, 0.6420870032223417, 0.6708227712137487, 0.6958129251700678, 0.743418643132929, 0.7767849293563577, 0.8010171428571431, 0.839795918367347, 0.8763750689464975, 0.9067125850340139, 0.9514701166180757, 0.9914812925170072, 1.0199355102040817, 1.074]",4.8,25,-7.2,1.31,1.301
30,"[0.002, 0.005058878723903369, 0.006330480579328602, 0.009938775510204117, 0.013330612244897937, 0.017380842659644555, 0.021302590266876018, 0.02649675324675329, 0.0320355253212398, 0.03709539629805408, 0.042888979591836955, 0.04919096209912538, 0.05377851140456179, 0.05870595585172848, 0.06845238095238122, 0.07589424860853483, 0.08376554342667307, 0.0940906362545018, 0.1031191395477111, 0.11577440706012142, 0.125607535321821, 0.1391196013289039, 0.15729387755102045, 0.17753557639271922, 0.20198250728863043, 0.23032045158488934, 0.2581972789115653, 0.29135962493105355, 0.3262571428571429, 0.3508220408163266, 0.39633469387755155, 0.4262448979591837, 0.45599319727891174, 0.4847808163265306, 0.5357821740941277, 0.5636260504201679, 0.6004916512059371, 0.6276275510204083, 0.6690522448979596, 0.691846452866861, 0.7288163265306133, 0.7602505102040815, 0.7934914285714285, 0.8315162831089883, 0.8681567055393588, 0.8990850340136053, 0.9319693877551025, 0.9787925170068039, 1.000931533903884, 1.056]",4.8,25,-7.2,1.296,1.285
31,"[0.002, 0.004571821036106703, 0.006662078785002393, 0.00960997732426302, 0.011712099125364358, 0.016806122448979426, 0.02012118921642733, 0.02514795918367339, 0.03029693877551018, 0.03536789851075552, 0.041424860853432305, 0.04739577259475214, 0.05165189504373167, 0.059731292517006596, 0.06577142857142869, 0.07506566104702747, 0.08312536443148662, 0.08993215664644238, 0.10014351547070431, 0.11294849368318734, 0.12298775510204077, 0.13731746031746012, 0.15176653061224482, 0.174111532985287, 0.18887540279269588, 0.2261927437641723, 0.2477452271231073, 0.2843598281417828, 0.3206593406593403, 0.3399461224489796, 0.3894678178963891, 0.4181962323390888, 0.4570784929356357, 0.4762659644502962, 0.517317254174397, 0.5542330827067667, 0.5854683136412456, 0.6128658892128277, 0.6447183673469389, 0.6813044217687073, 0.7043979591836736, 0.7396336022781204, 0.7707074829931972, 0.8091765543426672, 0.8520272108843532, 0.8731717687074834, 0.9125663265306126, 0.9583072562358276, 0.9829087003222339, 1.041]",4.8,25,-7.2,1.28,1.27
32,"[0.004, 0.006218658892128391, 0.008567602040816306, 0.010418367346938897, 0.013819591836734741, 0.015561553653719614, 0.018305464121132403, 0.022427035330261174, 0.024159183673469347, 0.02800474608448046, 0.03166948730711803, 0.03709620991253662, 0.04095793419408585, 0.04606497292794685, 0.0501224489795918, 0.05363989466754453, 0.05824854227405249, 0.06463812842210069, 0.06941836734693885, 0.0738688046647231, 0.08062821650399292, 0.09011224489795941, 0.09509551020408179, 0.10640066638900467, 0.11405522208883555, 0.12363265306122459, 0.13633425261996696, 0.147932850559579, 0.1622142857142862, 0.18620680272108878, 0.19696098439375778, 0.2271989795918367, 0.24830612244898068, 0.276389730085583, 0.2926826859776169, 0.31373469387755104, 0.33845632653061225, 0.3580379008746359, 0.3827158555729992, 0.4017528344671204, 0.417866213151928, 0.45371574344023363, 0.4738979591836737, 0.4966068743286789, 0.519668759811617, 0.5453340891912326, 0.5726360544217691, 0.5942517006802743, 0.6136462585034017, 0.651]",7.2,25,-7.2,0.881,0.905
33,"[0.004, 0.006181562280084432, 0.008393966282165188, 0.010430220573077732, 0.014091472303207023, 0.01602332361516033, 0.01853481392557031, 0.022249169435215946, 0.026104674127715707, 0.029805949498443403, 0.03333981964878986, 0.03740216086434576, 0.04115273206056637, 0.04589853406151194, 0.052015306122449013, 0.055815398886827586, 0.058804911795226636, 0.06500340136054433, 0.07092373791621892, 0.0768465306122448, 0.08348037676609102, 0.0913796992481204, 0.09580612244897943, 0.10641601255886997, 0.11433772218564832, 0.12569214068606174, 0.1345024820739105, 0.1476662665066026, 0.15836090225563892, 0.17789795918367377, 0.19063702623906703, 0.2125285297792586, 0.24195836734693846, 0.2634747583243823, 0.28212004801920776, 0.3085238095238095, 0.33284816326530536, 0.3577265306122439, 0.3848140589569158, 0.39881049562682225, 0.4252931354359919, 0.451700408163265, 0.477102857142857, 0.49929081632653055, 0.5137401692384269, 0.5474308390022673, 0.5794929356357928, 0.5987346938775511, 0.6214451185879756, 0.653]",7.2,25,-7.2,0.878,0.873
34,"[0.005, 0.006498267231420876, 0.008135834979153019, 0.009817176870748333, 0.013099626947553273, 0.014807329383366253, 0.017444683136412495, 0.02053406593406604, 0.024787369001654742, 0.029119832548404084, 0.03139236339697184, 0.03613203835751163, 0.03990445269016713, 0.04481908439051297, 0.049345622119815816, 0.05446567717996297, 0.0582578031212485, 0.0624141156462586, 0.06661387755102041, 0.07415878546540586, 0.07901166180758025, 0.08555299539170512, 0.0923787755102042, 0.09972869147659062, 0.1121296194153338, 0.11984081632653108, 0.12796768707483017, 0.13973802582257447, 0.15218045112781944, 0.17130612244898016, 0.1871929499072356, 0.20481908439051272, 0.2321248979591843, 0.2515175510204084, 0.2776186895810956, 0.2980506912442396, 0.3244955102040813, 0.34455497037524707, 0.3731897407611694, 0.38419346938775545, 0.4128661224489794, 0.4413931256713211, 0.45974025974026006, 0.48554204081632674, 0.5058979591836736, 0.5355457294028725, 0.5640930612244897, 0.5845016458196185, 0.6031938775510202, 0.636]",7.2,25,-7.2,0.856,0.849
35,"[0.004, 0.005498267231420876, 0.0072726825670027615, 0.00913159746657287, 0.011281004709576313, 0.014782547501759358, 0.01685319289005924, 0.019139146567718056, 0.023266622778143547, 0.027306938775510336, 0.0304931278633903, 0.03380807642205823, 0.0383566790352507, 0.0419752186588921, 0.04642857142857163, 0.052100724160632036, 0.05502653061224478, 0.05931292517006883, 0.06392081632653056, 0.07053775510204091, 0.07523633969716931, 0.08420571428571437, 0.08805762304921977, 0.09817264202978487, 0.10638367346938807, 0.11184174046977284, 0.12233039161610604, 0.1354344023323619, 0.14613142857142863, 0.16232244897959197, 0.1834149659863943, 0.19844217687074792, 0.22231632653061278, 0.24007823129251737, 0.2644253061224492, 0.2861071428571427, 0.3102159315339039, 0.33285034013605536, 0.35843447905477993, 0.3728367346938778, 0.4012791310072417, 0.4144991726420295, 0.4478457142857147, 0.47062612244898, 0.49099546485260753, 0.5190635975320361, 0.5425110204081635, 0.5695016458196185, 0.5958587975730836, 0.621]",7.2,25,-7.2,0.844,0.837
36,"[0.004, 0.005488640739314614, 0.007248094418490278, 0.009135568513119594, 0.011199770048864684, 0.013905275317674281, 0.01626178747361014, 0.018438095238095552, 0.02264844050827885, 0.025873114463176607, 0.030163265306122705, 0.03376305327325734, 0.03715547309833031, 0.04187205651491369, 0.04659523809523845, 0.05073251700680274, 0.05318367346938791, 0.058658163265306394, 0.06449306122448983, 0.06992683865999239, 0.07616750096264924, 0.08415743440233252, 0.08735020408163273, 0.0962609329446065, 0.10396258503401347, 0.11337562051847787, 0.12194557823129257, 0.1324460641399419, 0.14427999999999988, 0.15700340136054414, 0.17675344732487605, 0.19246693877551016, 0.21712996777658441, 0.23362585034013633, 0.26008843537414916, 0.27881632653061217, 0.30136900165471614, 0.3229310535024822, 0.34652040816326596, 0.36690454246214643, 0.38199519807923205, 0.41660125588697006, 0.4349761904761904, 0.4579771908763506, 0.4769787045252884, 0.5122721088435404, 0.5257866419294993, 0.5614963265306125, 0.5747080062794347, 0.611]",7.2,25,-7.2,0.822,0.813
37,"[0.003, 0.0044125364431486765, 0.007877551020408248, 0.00995567924139358, 0.01271373414230557, 0.015798551678736047, 0.02080758017492708, 0.02568438538205984, 0.02964664723032067, 0.03544897959183676, 0.03916271373414231, 0.04493943383805135, 0.04974768089053816, 0.057350161117078344, 0.06336293436293439, 0.06945196615231462, 0.07787952600394997, 0.0844693877551021, 0.09502172481896, 0.10263510204081645, 0.11247488226059654, 0.12101190476190478, 0.1364660783232212, 0.15268693877551023, 0.1738405612244898, 0.20053443877551025, 0.22300827357970218, 0.2510809743252141, 0.2804761904761908, 0.3124313292884722, 0.3456717687074831, 0.38500347372991756, 0.409152332361516, 0.42889302172481897, 0.47389877551020426, 0.5013834586466166, 0.5265046883618312, 0.5613110204081634, 0.5849551020408166, 0.6282094522019334, 0.6574016326530613, 0.6774833512352312, 0.7130989010989016, 0.7497996777658433, 0.7778643132928845, 0.8198826530612243, 0.8527942636514069, 0.8943576799140711, 0.914816326530612, 0.97]",4.8,25,-7.2,1.207,1.159
38,"[0.0, 0.004544973544973559, 0.005934362934362977, 0.009162698412698445, 0.010974489795918472, 0.014438538205980088, 0.01847959183673473, 0.02296000000000009, 0.02599142857142864, 0.03123502304147473, 0.03504201680672278, 0.04014285714285746, 0.04573714285714292, 0.05233834586466166, 0.06023636363636364, 0.06491596638655471, 0.07084415584415583, 0.08073252279635276, 0.09047448979591839, 0.09847714285714286, 0.10598857142857149, 0.127, 0.1420168067226891, 0.15788392857142863, 0.18097619047619043, 0.2041173469387756, 0.2246405529953918, 0.25781714285714286, 0.28296000000000004, 0.32104395604395614, 0.3401883116883118, 0.37409022556391, 0.398293650793651, 0.43395238095238237, 0.46301785714285737, 0.4888421052631578, 0.5132857142857143, 0.5410238095238104, 0.5715485714285714, 0.606034749034749, 0.624309523809525, 0.6535142857142857, 0.6870769230769229, 0.7210628571428574, 0.7531948051948052, 0.7739699248120301, 0.8154078341013825, 0.852074285714286, 0.8871278195488722, 0.916]",4.8,25,-7.2,1.157,1.14
39,"[0.002, 0.004184573829531863, 0.005706864564007478, 0.008413729128014908, 0.01184816326530623, 0.014146258503401421, 0.017692244897959262, 0.021973421926910344, 0.025385059684251098, 0.031067869008068426, 0.034319583152409947, 0.038624803767661114, 0.046681742967457356, 0.05200480192076833, 0.057124223602484536, 0.06351895043731794, 0.07223632653061228, 0.07919727891156468, 0.08912789115646268, 0.09474489795918378, 0.10487854654056743, 0.12266285714285713, 0.13634353741496608, 0.16505612244897963, 0.17738895558223286, 0.19496793002915536, 0.22901718582169722, 0.24895918367347097, 0.27954377880184367, 0.30838147566719065, 0.33038775510204105, 0.36352139565503655, 0.3943394418992087, 0.42623242630385516, 0.44762244897959186, 0.47708270676691766, 0.5023469387755102, 0.5380155102040818, 0.5549897959183671, 0.5835677179962896, 0.6163254274682846, 0.6359546485260775, 0.6686785714285711, 0.7006411564625856, 0.7196580591420242, 0.7584795918367349, 0.7924766763848397, 0.8296496598639465, 0.8505689795918366, 0.893]",4.8,25,-7.2,1.13,1.119
40,"[0.003, 0.004101224489795906, 0.006037900874635556, 0.010064795918367387, 0.011907970735464044, 0.01634475218658893, 0.020302261445118555, 0.02328571428571436, 0.02818489795918367, 0.03218964659034346, 0.03548979591836748, 0.04107346938775506, 0.04705595786701792, 0.051964450296247494, 0.059619047619047585, 0.06416105901820193, 0.07334979591836732, 0.08064081632653058, 0.0896719761075162, 0.09727247655819078, 0.10935884353741501, 0.12542857142857164, 0.14103544575725027, 0.16348979591836776, 0.18053061224489805, 0.206395655036208, 0.22294199785177235, 0.2543329752953814, 0.28619428571428573, 0.30618820861678014, 0.33715359828141805, 0.36758473824312327, 0.396485383342526, 0.42275605125771254, 0.4510022675736962, 0.476205714285714, 0.5024679300291546, 0.5319853061224491, 0.5564752186588919, 0.582867755102041, 0.601442943374533, 0.6381502040816327, 0.6636114285714287, 0.6980726530612243, 0.7234938775510203, 0.7536258503401386, 0.7786977385548816, 0.815717551020408, 0.8402031539888685, 0.88]",4.8,25,-7.2,1.111,1.1
41,"[0.002, 0.003673469387755127, 0.004867091836734723, 0.008315339038841294, 0.009780976676384796, 0.013385780118499013, 0.01703966114747792, 0.021051428571428506, 0.02307823129251665, 0.02901106883431338, 0.03231559766763853, 0.03810913930789703, 0.04190408163265308, 0.04684831770546056, 0.054285714285714486, 0.060702623906705395, 0.06807913369429396, 0.07674328678839946, 0.0848163265306123, 0.09243856726364011, 0.10073387755102045, 0.11732738095238095, 0.12734693877550993, 0.14561357586512855, 0.16561632653061212, 0.19713641245972063, 0.22005539358600593, 0.24236178107606665, 0.267469387755102, 0.29960171165240285, 0.3298911564625853, 0.35773877551020333, 0.3777804743519029, 0.40789229024943296, 0.4401753998896857, 0.4630971428571429, 0.4909269602577872, 0.5222159183673468, 0.5423265306122437, 0.5678865306122447, 0.5889703153988867, 0.6203950437317782, 0.6492548262548261, 0.6820997732426307, 0.7101232653061226, 0.7348869701726833, 0.764837463556851, 0.8011192266380234, 0.8198715486194477, 0.864]",4.8,25,-7.2,1.094,1.087
42,"[0.0, 0.0026661807580174767, 0.00558236151603494, 0.008386621315192695, 0.012884353741496447, 0.017363396971691803, 0.02238446346280436, 0.028, 0.033, 0.041917830290010824, 0.04953324555628706, 0.058, 0.07065306122448971, 0.08113693219223177, 0.09270329670329677, 0.10398430141287265, 0.12262993197278899, 0.13528408163265304, 0.1549407191448007, 0.186, 0.224, 0.26147619047619025, 0.295, 0.333, 0.397, 0.441473008558262, 0.4943112244897959, 0.5387701396348014, 0.5877602040816327, 0.6425692419825073, 0.687, 0.7295297959183673, 0.7770998925886142, 0.829, 0.8548031397174254, 0.908, 0.9415004081632651, 0.974, 1.0044326530612244, 1.032, 1.0727074829931966, 1.1, 1.127, 1.1575136054421766, 1.1798112244897956, 1.2141996690568118, 1.2331734693877536, 1.271, 1.284, 1.314]",2.4,25,-7.2,1.45,1.378
43,"[0.0, 0.004, 0.005821428571428639, 0.008, 0.014, 0.016591836734693735, 0.02261734693877556, 0.03016071428571431, 0.037068027210884494, 0.045, 0.05292857142857151, 0.064, 0.073, 0.08184183673469388, 0.10250000000000022, 0.116, 0.1356342857142857, 0.15948351648351644, 0.193, 0.223, 0.25576190476190513, 0.287, 0.342, 0.3849523809523823, 0.428, 0.4876359447004609, 0.522, 0.5670816326530613, 0.611, 0.661, 0.701357142857143, 0.7340514285714285, 0.785, 0.81, 0.852, 0.8844210526315789, 0.9166190476190476, 0.9433214285714289, 0.9733714285714286, 0.999, 1.027, 1.053880952380953, 1.0823333333333334, 1.108, 1.1401503759398495, 1.16, 1.1829485714285715, 1.2113452380952385, 1.2277976190476196, 1.254]",2.4,25,-7.2,1.383,1.378
44,"[0.001, 0.002717565597667691, 0.005660558100791406, 0.008, 0.013240524781341188, 0.017354548599100683, 0.022045918367346977, 0.029011904761904787, 0.03449877551020413, 0.04520408163265299, 0.05221180364037512, 0.061540031397174386, 0.07082116004296457, 0.082, 0.102, 0.11535553168635887, 0.133, 0.1552122448979596, 0.19060884353741525, 0.227, 0.261, 0.287, 0.345, 0.39303741496598693, 0.416802721088436, 0.46381599736668866, 0.5156355102040817, 0.559998367346939, 0.6107142857142859, 0.657, 0.6906950113378685, 0.7317477551020409, 0.774, 0.81, 0.859223032069971, 0.8874761904761908, 0.917, 0.9473775510204084, 0.9739991836734694, 1.001, 1.0290897959183674, 1.055, 1.0844761904761908, 1.1106262083780882, 1.134, 1.158, 1.174, 1.2082573696145127, 1.2255306122448981, 1.252]",2.4,25,-7.2,1.379,1.379
45,"[0.0, 0.004, 0.006690737833594977, 0.011, 0.013, 0.017, 0.0233187755102041, 0.03030313588850175, 0.035, 0.047, 0.053, 0.06314154048716271, 0.07439510204081648, 0.083, 0.1025857142857147, 0.11787284144426989, 0.13476530612244908, 0.1575635792778652, 0.18967454350161111, 0.2294850863422294, 0.2629829931972791, 0.293, 0.3433110204081634, 0.39505061224489824, 0.423, 0.491, 0.521, 0.5748089795918367, 0.62, 0.656, 0.708743764172336, 0.7421026991441739, 0.7877227891156464, 0.8099651360544221, 0.8599251700680272, 0.893040816326531, 0.922, 0.9476802721088436, 0.9796476906552096, 1.0074251700680272, 1.0392118367346939, 1.062, 1.0875476190476197, 1.113, 1.1358257032542747, 1.159892995035852, 1.181541224489796, 1.2151700680272108, 1.233, 1.259]",2.4,25,-7.2,1.384,1.387
46,"[0.001, 0.004169172932330833, 0.007354285714285759, 0.01138610038610038, 0.014, 0.01864571428571424, 0.024, 0.032360000000000055, 0.039079365079365255, 0.048, 0.05633116883116896, 0.06528571428571453, 0.07648120300751887, 0.08529323308270692, 0.1067142857142858, 0.12135714285714254, 0.138, 0.16725142857142858, 0.194344537815126, 0.233, 0.26776190476190515, 0.30702272727272734, 0.347, 0.3979761904761912, 0.442, 0.499, 0.53106015037594, 0.5766314285714286, 0.624, 0.6635771428571429, 0.7116547619047622, 0.7460676691729322, 0.788, 0.8184314868804664, 0.864, 0.8975405405405404, 0.930057142857143, 0.9538214285714293, 0.9829266409266408, 1.015, 1.037678571428572, 1.0648809523809528, 1.093, 1.118, 1.144, 1.1704404761904765, 1.19, 1.2194603174603176, 1.2321879699248122, 1.26]",2.4,25,-7.2,1.388,1.39
47,"[0.002, 0.003, 0.006465986394557932, 0.009843265306122423, 0.014041290934978669, 0.019, 0.02395825602968473, 0.02936507936507949, 0.03729591836734717, 0.045, 0.055, 0.061745306122449044, 0.07549306122448983, 0.08522448979591839, 0.10232142857142854, 0.11611734693877536, 0.13639455782312948, 0.16236305048335137, 0.19438775510204132, 0.23, 0.269, 0.30117972350230426, 0.3314906122448981, 0.3904132653061225, 0.425, 0.4807825905872554, 0.531293367346939, 0.582029387755102, 0.6217142857142861, 0.6620043731778428, 0.699, 0.7503804081632653, 0.787, 0.819, 0.8578916797488231, 0.895, 0.9278936627282495, 0.958, 0.99, 1.0151457725947524, 1.0392397959183675, 1.065, 1.0911785714285716, 1.119, 1.145, 1.1606465677179965, 1.1885631994733377, 1.217, 1.235, 1.264]",2.4,25,-7.2,1.39,1.389
48,"[0.001, 0.003108643457383031, 0.005935510204081622, 0.009, 0.013669608383894156, 0.017, 0.02278819635962497, 0.029194285714285596, 0.035, 0.043649795918367436, 0.053, 0.06314944042132978, 0.07315510204081643, 0.08712081632653053, 0.10080952380952383, 0.118, 0.13185034013605462, 0.15682199546485265, 0.186, 0.22243739658025374, 0.258, 0.29606949806949806, 0.331, 0.3901070049641479, 0.42188775510204074, 0.491, 0.5158416326530612, 0.5831965628356606, 0.621802197802198, 0.662, 0.7035816326530615, 0.755, 0.781784929356358, 0.823, 0.8598591836734699, 0.897, 0.9278791836734693, 0.96, 0.9885504688361831, 1.0140858843537417, 1.042, 1.0667778649921509, 1.095, 1.122, 1.1447689504373177, 1.1716817429674573, 1.201111586570112, 1.2233074829931974, 1.237, 1.267]",2.4,25,-7.2,1.389,1.39
49,"[0.001, 0.003, 0.006334430546412055, 0.009295918367346803, 0.014, 0.017722959183673455, 0.023, 0.030051428571428503, 0.035, 0.04389638932496073, 0.053637026239066916, 0.063, 0.07321683673469384, 0.08480988184747584, 0.0977451737451737, 0.11523662437948144, 0.13363755102040822, 0.159, 0.1875322448979592, 0.22320934825543115, 0.263, 0.2866428571428571, 0.335130348913759, 0.388, 0.427, 0.4755663265306122, 0.527250822909809, 0.5665391836734693, 0.608, 0.6559759475218659, 0.6993061224489796, 0.734487244897959, 0.783326530612245, 0.823, 0.8603605442176864, 0.8993041474654379, 0.9305036208031602, 0.952, 0.9840816326530609, 1.014, 1.0400538775510204, 1.0690695732838589, 1.0938928571428574, 1.121544217687075, 1.1406938775510194, 1.1651192266380235, 1.1912283507997794, 1.2158596938775512, 1.233, 1.267]",2.4,25,-7.2,1.394,1.392
50,"[0.001, 0.002, 0.005971088435374297, 0.008387755102040902, 0.013092244897959227, 0.016427031189834386, 0.022, 0.026686635944700405, 0.034664489795918414, 0.041997448979591755, 0.05173933209647495, 0.062, 0.072, 0.082, 0.09676428571428566, 0.11392492711370251, 0.1318306122448979, 0.15802295918367348, 0.18346723952738997, 0.21908659680088252, 0.25088697017268446, 0.28415873015872994, 0.3279273469387754, 0.38025046382189226, 0.42403346938775494, 0.47171513605442167, 0.523, 0.5796513605442175, 0.6215238095238096, 0.6669271137026238, 0.7062150706436418, 0.7446870748299314, 0.792, 0.822, 0.8663924646781784, 0.9, 0.933, 0.9649293563579275, 0.9882963265306121, 1.0241445578231296, 1.045020408163263, 1.068, 1.097363095238095, 1.1232748518762343, 1.1468945578231289, 1.1741944146079484, 1.194, 1.2252047399605004, 1.2470539828834761, 1.264]",2.4,25,-7.2,1.39,1.391
51,"[0.001, 0.003, 0.005, 0.008640982923781812, 0.012671938775510193, 0.016522890237175934, 0.02154727197001248, 0.025773809523809473, 0.03535510204081631, 0.04267913832199563, 0.053, 0.062004801920768335, 0.071, 0.08282653061224489, 0.09839941690962101, 0.11506081632653067, 0.12495973524544951, 0.15167676102699143, 0.184, 0.20931149301826, 0.24668615554329845, 0.286948051948052, 0.317, 0.3788795918367347, 0.41873933209647496, 0.47509637188208614, 0.5232670068027211, 0.562889455782313, 0.6195119047619048, 0.66, 0.7034324586977647, 0.7374195011337868, 0.7845034013605447, 0.8272753019575178, 0.862, 0.8992330827067667, 0.934, 0.955654693877551, 0.9839931972789117, 1.0212609329446065, 1.042670177748519, 1.071, 1.099, 1.123248748556026, 1.1473877551020404, 1.163, 1.191, 1.227, 1.2422035300606729, 1.268]",2.4,25,-7.2,1.391,1.39
52,"[0.001, 0.0026811997526283585, 0.005, 0.008997152349311826, 0.013, 0.017194897959183615, 0.022669056811913994, 0.027, 0.037, 0.043, 0.05269954648526088, 0.063, 0.07213211600429663, 0.08443042671614093, 0.0980571428571428, 0.11457551020408174, 0.13149194414607945, 0.14992910848549945, 0.18, 0.206, 0.2562201933404942, 0.286, 0.325, 0.37552953813104195, 0.4241675170068029, 0.47521566464423604, 0.517, 0.57, 0.6205396825396826, 0.654, 0.7033757503001201, 0.7437891156462588, 0.7799489795918373, 0.8157018950437318, 0.858448979591837, 0.8899642857142853, 0.925501224489796, 0.9543746355685132, 0.99, 1.019, 1.0444312047399609, 1.0694050235478807, 1.096831168831169, 1.127, 1.1503281632653062, 1.163970116618076, 1.1884122448979588, 1.2197411385606873, 1.2387514577259477, 1.266]",2.4,25,-7.2,1.391,1.393
53,"[0.002, 0.003643707482993054, 0.0068526901669758375, 0.010614393125671261, 0.014697785497177587, 0.018265964450296168, 0.026, 0.031605714285714154, 0.03679931972789113, 0.04704163265306119, 0.05683219954648514, 0.064, 0.07584948979591838, 0.087, 0.104, 0.12205651491365758, 0.13616909620991252, 0.167, 0.18774456879526, 0.22584353741496535, 0.2714599686028256, 0.29, 0.346, 0.3948930612244898, 0.436, 0.48374865735767997, 0.535, 0.5849122448979593, 0.636, 0.672, 0.7070391156462587, 0.7504167561761547, 0.7951519274376418, 0.833, 0.8689434850863423, 0.903, 0.937, 0.9666020408163263, 0.9972910848549947, 1.021473248758963, 1.046676102699144, 1.0672006802721088, 1.0997380952380955, 1.125275510204082, 1.148, 1.1740547309833025, 1.19782612244898, 1.2261751700680272, 1.2424251700680269, 1.269]",2.4,25,-7.2,1.392,1.393
54,"[0.001, 0.004, 0.007, 0.009723265306122494, 0.013707221350078503, 0.018239606953892568, 0.023717617659308656, 0.028539682539682126, 0.039, 0.04441632653061243, 0.053917551020408086, 0.06347794601711655, 0.075, 0.08812081632653053, 0.10380952380952382, 0.11844346387203522, 0.135, 0.1612329931972789, 0.18889959183673458, 0.22689909297052163, 0.26490646258503425, 0.2935514285714285, 0.34, 0.3903045525902671, 0.43742612244897955, 0.48397581254724115, 0.531, 0.581629387755102, 0.63, 0.6811632653061225, 0.7145816326530615, 0.7531595547309834, 0.7916005830903792, 0.831, 0.859, 0.899, 0.9329183673469388, 0.9644038668098817, 0.9984073469387755, 1.0225379008746356, 1.0487295918367352, 1.0733582766439915, 1.102, 1.132, 1.148861224489796, 1.1716149659863948, 1.1972767346938777, 1.2257562358276641, 1.241, 1.273]",2.4,25,-7.2,1.394,1.391
55,"[0.001, 0.002601088435374162, 0.005955961331901122, 0.008620803159973626, 0.013309919316563813, 0.017488163265306174, 0.02102577873254557, 0.0273441558441558, 0.034892034233048055, 0.043462785114045555, 0.05176757369614503, 0.06046831364124609, 0.07243188086045231, 0.0824424489795918, 0.09800408163265308, 0.11478649921507075, 0.13169224489795908, 0.15280988184747582, 0.189, 0.21360794844253497, 0.255, 0.29141945288753796, 0.339, 0.37199510204081615, 0.42279836734693865, 0.4932400177462289, 0.5276168531928901, 0.581, 0.6237602040816327, 0.6723637454981993, 0.713, 0.748, 0.7943844897959184, 0.8211302982731553, 0.8647312925170068, 0.9061542857142856, 0.9374972170686455, 0.957, 0.9954040816326529, 1.0221851311953352, 1.0477827518104015, 1.075, 1.100775510204082, 1.1245007849293565, 1.1460493197278905, 1.1687069387755105, 1.1959591836734695, 1.222, 1.24, 1.268]",2.4,25,-7.2,1.392,1.392
56,"[0.001, 0.003488520408163303, 0.007, 0.010542617046818704, 0.015, 0.018515906362544958, 0.02538380513495716, 0.03127210884353736, 0.040017116524028964, 0.04569387755102036, 0.055, 0.065, 0.07702340936374537, 0.08676870748299288, 0.104, 0.118, 0.1370816326530612, 0.162703231292517, 0.19456122448979582, 0.22754251700680247, 0.2691020408163265, 0.2956028571428571, 0.3379965986394557, 0.397, 0.4357153598281417, 0.496, 0.536, 0.584704081632653, 0.64, 0.674, 0.7124992150706434, 0.7612922448979591, 0.8, 0.837, 0.8729183673469391, 0.912, 0.9401156462585035, 0.9702478134110785, 0.9993426423200858, 1.0253798185941045, 1.0495688775510206, 1.0754557823129247, 1.1030238095238096, 1.131427702996092, 1.1498683344305463, 1.1777389455782312, 1.208, 1.2296139455782311, 1.2490873469387755, 1.272]",2.4,25,-7.2,1.39,1.389
57,"[0.003, 0.004726590636254508, 0.006710050057759051, 0.009146567717996325, 0.01267265306122454, 0.016047460844803067, 0.019926530612245422, 0.02146992481203013, 0.025690612244898162, 0.03076366030283078, 0.03609492168960603, 0.040937074829931926, 0.04673147153598278, 0.05170032223415692, 0.05951260504201683, 0.06817346938775516, 0.0738235681369322, 0.08505997501041233, 0.09601239067055403, 0.10811020408163276, 0.11779806659505915, 0.143928571428572, 0.15419918367346944, 0.17287598116169575, 0.19285297792586423, 0.22401855287569575, 0.24451247165532883, 0.2695850340136055, 0.307064935064935, 0.33013945578231313, 0.350656858092074, 0.3800098749177094, 0.4107551020408163, 0.43143815077051223, 0.45735510204081636, 0.4816563706563705, 0.5092588126159556, 0.5248618524332807, 0.5558477237048671, 0.5738197278911564, 0.6009242922975645, 0.6247188208616784, 0.6503647416413374, 0.6783020408163266, 0.6957162110127071, 0.7272806122448982, 0.755258503401363, 0.7757617209045781, 0.7953836734693877, 0.829]",4.8,25,-7.2,1.039,1.093
58,"[0.003, 0.004667820699708454, 0.005698476573728076, 0.008583673469387898, 0.011199117484831886, 0.014178206997084601, 0.01721653407125566, 0.021838095238095198, 0.0253873469387755, 0.029256802721088614, 0.03376609105180545, 0.038630204081632806, 0.04466253644314876, 0.05015867346938781, 0.05710138248847934, 0.06299529042386204, 0.06961836734693888, 0.07873955296404278, 0.0876662989520133, 0.09258709065021352, 0.10576295133438024, 0.11737394957983206, 0.13276081632653067, 0.15801224489795923, 0.17248816326530597, 0.1982414136386263, 0.22637387755102048, 0.25434156820623, 0.27817293233082724, 0.31008328736900165, 0.3363197278911568, 0.361282574568289, 0.38749877551020423, 0.42636281179138286, 0.456010204081633, 0.48202857142857164, 0.5017322448979589, 0.5362553778268064, 0.560717577353522, 0.5918816326530612, 0.6192209183673472, 0.6392368804664723, 0.6682295918367348, 0.6967593537414964, 0.7272408163265307, 0.7552346938775515, 0.7815635152019992, 0.8084951664876479, 0.8304929356357925, 0.868]",4.8,25,-7.2,1.08,1.083
59,"[0.003, 0.00439699653446286, 0.006523426271917277, 0.009209483793517317, 0.01214097331240185, 0.014281301709873129, 0.017466078323221192, 0.021919480519480512, 0.024806530612244956, 0.029974693877550893, 0.03337916219119223, 0.04057299843014134, 0.044739591836734746, 0.049614512471655416, 0.05568770764119599, 0.06308897959183667, 0.07068394925537777, 0.07859315339038836, 0.08815273206056622, 0.09192824226464785, 0.10580102040816307, 0.11612987012987001, 0.13239297579496917, 0.15730090175605124, 0.1691928900592496, 0.18992464678178952, 0.2242572377788324, 0.23892408163265302, 0.271034749034749, 0.30187689269256096, 0.3275499462943068, 0.3624396028681742, 0.38651275510204086, 0.41294775510204046, 0.439954602249063, 0.4702767857142855, 0.4972587755102041, 0.5213151927437641, 0.5522921589688506, 0.582353218210361, 0.6002594752186586, 0.6279727891156461, 0.6589010989010984, 0.6886326530612246, 0.7100795918367346, 0.7396606198034769, 0.7708129251700678, 0.7973534693877549, 0.8212767346938777, 0.86]",4.8,25,-7.2,1.081,1.077
60,"[0.002, 0.004118847539015631, 0.00497298919567829, 0.006731721814939587, 0.0105419227932137, 0.013342330480579388, 0.01612206391990778, 0.020852040816326543, 0.02267448979591844, 0.028325072886297525, 0.03238404452690187, 0.03752891156462588, 0.04288497217068648, 0.04857623049219693, 0.05353281853281866, 0.061166739036039995, 0.06809414088215943, 0.07710370678883807, 0.08528911564625875, 0.0932158666283415, 0.10227591836734722, 0.11712755102040827, 0.13042415885273043, 0.15441342988808426, 0.17402537231108658, 0.18848012889366325, 0.2138367346938785, 0.2531441326530613, 0.2704885714285715, 0.3011410018552878, 0.3295492196878753, 0.3631224489795918, 0.3843061224489826, 0.4246734693877561, 0.4453877551020407, 0.47136405529953923, 0.4913440233236151, 0.5302132653061224, 0.5508661224489798, 0.5802220408163267, 0.6083422291993724, 0.6255216326530616, 0.6544285714285717, 0.6838027210884355, 0.7122955102040818, 0.733921589688507, 0.761772108843538, 0.7973029001074117, 0.8179042386185252, 0.849]",4.8,25,-7.2,1.065,1.06
61,"[0.0, 0.003575467687074812, 0.006279640427599644, 0.007598481252966314, 0.010441385856668216, 0.013115160349854327, 0.016411564625850573, 0.020588571428571442, 0.02404170363797677, 0.02758614143331753, 0.03230480579328501, 0.03691064533921669, 0.0429426365140651, 0.047869829012686146, 0.05486904761904735, 0.061156317846287535, 0.06692833412434741, 0.07475246872942708, 0.08507297464440322, 0.09077551020408156, 0.09982482993197288, 0.11676190476190461, 0.12808527696793, 0.14286656200941916, 0.1683751962323389, 0.1893297959183673, 0.2213206997084549, 0.24897576530612248, 0.2659961389961389, 0.2976342642320086, 0.31686224489795906, 0.35781475667189916, 0.38438367346938795, 0.4175832784726793, 0.4412803437164339, 0.46562755102040815, 0.4941360544217688, 0.5197060121345835, 0.5460180072028813, 0.5725839368005265, 0.5972698979591837, 0.6206185243328103, 0.6511208791208785, 0.6780884353741496, 0.6984812925170072, 0.7292557533651758, 0.757423633969717, 0.7865404081632654, 0.8170204081632653, 0.846]",4.8,25,-7.2,1.061,1.054
62,"[0.004, 0.005962741059726587, 0.007409963985594124, 0.009390670553935825, 0.011143877551020299, 0.0137171384682905, 0.01554081632653058, 0.018019400352733726, 0.020662437948152295, 0.024089746742070303, 0.026307755102040736, 0.031060252672497537, 0.032402526724975685, 0.03615327833260964, 0.040327731092436876, 0.04520477343479752, 0.04787551020408161, 0.0519959183673468, 0.05755759252853683, 0.061644236072807314, 0.06610204081632631, 0.07331336405529959, 0.07905442176870707, 0.08412708719851565, 0.09194257237778818, 0.10033877551020415, 0.11326974267968046, 0.12017759444203206, 0.13544015444015425, 0.14396990660671052, 0.1650044125758408, 0.17790010741138557, 0.19643440233236245, 0.21148072562358228, 0.2289957035445756, 0.24337362637362522, 0.2655986394557799, 0.28276066790352516, 0.2962257456828885, 0.3147882653061221, 0.33741950113378694, 0.35080320699708434, 0.37218571428571423, 0.38468734693877543, 0.40996396005210584, 0.42476979591836755, 0.4497405247813402, 0.46489520132377266, 0.47609905425584825, 0.503]",7.2,25,-7.2,0.668,0.7
63,"[0.0, 0.005369922726372139, 0.006265041081367635, 0.00828156347284678, 0.010650884353741447, 0.012720888355342151, 0.015129008746355768, 0.017748768472906344, 0.019883786848072647, 0.023833425261996916, 0.026561632653061405, 0.03052010804321743, 0.032661604176554386, 0.03661306122448991, 0.04020168067226907, 0.04337017268445839, 0.048272594752186745, 0.05258938775510208, 0.05544860853432293, 0.062417379855167994, 0.0646056003796868, 0.07058163265306147, 0.07674829931972765, 0.08226775510204083, 0.08910647737355826, 0.09732282003710581, 0.10320408163265328, 0.11242581356867071, 0.12664285714285758, 0.13385422740524808, 0.14524734693877522, 0.1668196359624929, 0.18065061224489815, 0.19754564983888281, 0.22207942636514041, 0.23942857142857238, 0.26028257456828924, 0.2786292517006801, 0.2986798469387759, 0.311198367346939, 0.3355691182133232, 0.35353061224489934, 0.3708979591836739, 0.39024198250728875, 0.40860997732426296, 0.4317795918367349, 0.45607709750566905, 0.47138367346938775, 0.4838163265306128, 0.509]",7.2,25,-7.2,0.675,0.678
64,"[0.004, 0.0056453514739229676, 0.007065718030331378, 0.008722576530612236, 0.011021948402002284, 0.012965394853593621, 0.01579446064139936, 0.018010204081632675, 0.021037350789372335, 0.023634957208689928, 0.0256583278472679, 0.02913197278911564, 0.03432564330079858, 0.037065918367346906, 0.03979761904761905, 0.043608771168041655, 0.04813130535232969, 0.05070490899062322, 0.05472583750481334, 0.06171102040816326, 0.06431073074391049, 0.07085714285714309, 0.07586438446346289, 0.0817077024358131, 0.08868313641245971, 0.09522050771528132, 0.1031955233706386, 0.11385034013605462, 0.12489142857142854, 0.13559863945578302, 0.14724028966425298, 0.16124292297564194, 0.17539697169190258, 0.19491734693877588, 0.21161976369495214, 0.22595918367346932, 0.24649387755102065, 0.2702517006802731, 0.2856886297376096, 0.30176986539296563, 0.3236054421768724, 0.34429387755102087, 0.36647104247104273, 0.38062536443148676, 0.4007993197278926, 0.4199069387755106, 0.44339358600583123, 0.46109150757077044, 0.47486265857694454, 0.502]",7.2,25,-7.2,0.666,0.668
65,"[0.004, 0.005271878242822545, 0.006682587928788562, 0.008448733710351621, 0.010159183673469394, 0.012488163265306173, 0.015084283063874927, 0.017041474654377827, 0.01992429229756412, 0.023569795918367446, 0.025930789707187346, 0.029537959183673575, 0.033053206997084576, 0.037164749536178245, 0.039546031746031794, 0.041686588921282824, 0.046717052922864155, 0.05104909790002966, 0.05349901250822906, 0.05859309262166407, 0.06450270720533112, 0.06906857142857156, 0.07428373930217246, 0.08112508229098077, 0.08670125922709501, 0.09500120048019212, 0.10174328678839993, 0.10918367346938795, 0.12390476190476221, 0.1298931572629053, 0.14461845607808346, 0.16310122448979572, 0.17521768707482976, 0.19076431863067828, 0.21295102040816305, 0.23107142857142948, 0.25129387755102117, 0.2712517006802731, 0.2845886970172693, 0.3032159863945583, 0.3210632653061228, 0.34302806122449003, 0.3651428571428573, 0.38418040816326565, 0.40397448979591866, 0.4220492196878752, 0.4444607948442534, 0.4615836734693888, 0.47494307196562785, 0.499]",7.2,25,-7.2,0.666,0.667
66,"[0.004, 0.005021805982667002, 0.006106122448979563, 0.00859251700680266, 0.011072416063199489, 0.012676541584375646, 0.015494243851386716, 0.017424710424710443, 0.020931605074462113, 0.023186094776893887, 0.025905078310393875, 0.02907172011661817, 0.03316458196181701, 0.03667696793002927, 0.0388081632653061, 0.043364847980008316, 0.04673877551020411, 0.051614878209348306, 0.05521650399290165, 0.058687317784256635, 0.06384314190792613, 0.07109266409266415, 0.07566751700680274, 0.08046461137646559, 0.08903254274682845, 0.09316326530612264, 0.10132438238453324, 0.10849489795918461, 0.12153383458646659, 0.12953181272509015, 0.1438313325330136, 0.1578995290423869, 0.1706693877551022, 0.18913914656771857, 0.20476668505239953, 0.22502255639097773, 0.24220408163265378, 0.26441031149301786, 0.28239584135541046, 0.30056653061224514, 0.31961953352769695, 0.3417831632653067, 0.35565476190476164, 0.3751053502482078, 0.397420068027211, 0.41341061224489817, 0.4374579591836733, 0.45461224489795987, 0.4719377013963487, 0.492]",7.2,25,-7.2,0.655,0.649
67,"[0.001, 0.004, 0.006211224489796047, 0.010655782312925303, 0.014768707482993308, 0.020950590762620836, 0.024729591836734923, 0.032, 0.03641606319947335, 0.044, 0.053176870748299285, 0.06015273206056622, 0.06922878625134277, 0.07875836734693892, 0.08899191374663079, 0.102, 0.114, 0.1320340136054422, 0.15, 0.171, 0.19735374149659896, 0.23292346938775513, 0.268578231292517, 0.311, 0.356, 0.404, 0.4576198979591838, 0.5082751810401581, 0.563, 0.6154755102040819, 0.657, 0.7015940430226144, 0.7496439909297055, 0.7931695447409735, 0.8414101543056247, 0.878, 0.9166712018140588, 0.9457712137486572, 0.982605442176871, 1.0146020408163265, 1.0494995918367347, 1.0753974221267455, 1.105, 1.132, 1.1621399416909621, 1.184, 1.214, 1.2445671321160046, 1.2655355102040817, 1.295]",2.4,25,-7.2,1.425,1.3
68,"[0.001, 0.0030921658986175662, 0.006322077922077979, 0.008792626728110726, 0.01376190476190486, 0.01597142857142869, 0.022571428571428655, 0.026222222222222275, 0.034585714285714254, 0.041481727574750896, 0.050964285714286, 0.058, 0.0673861003861005, 0.082, 0.09655263157894736, 0.11590476190476244, 0.134, 0.158, 0.188, 0.22182857142857193, 0.2473257142857144, 0.2849583333333334, 0.34234642857142866, 0.37839285714285725, 0.436, 0.45981714285714304, 0.49595366795366796, 0.5475657142857144, 0.588, 0.6184857142857144, 0.657, 0.6961632653061224, 0.735, 0.7694675324675324, 0.8034362934362936, 0.834, 0.8564693877551021, 0.886, 0.924, 0.948864661654135, 0.972, 0.9915494505494508, 1.018, 1.0491428571428576, 1.073, 1.091, 1.107849420849421, 1.1420952380952412, 1.156011904761905, 1.182]",2.4,25,-7.2,1.311,1.299
69,"[0.001, 0.0036965108624094213, 0.005962894248608517, 0.00851938775510202, 0.01339455782312907, 0.016, 0.021780912364945997, 0.028, 0.03588077336197615, 0.042054421768707814, 0.05026100966702472, 0.06040355497037519, 0.068, 0.082, 0.098, 0.115, 0.13729877551020406, 0.16483843537414952, 0.19801765030336457, 0.229, 0.24499416909620989, 0.286, 0.32743148688046675, 0.37096768707482997, 0.424, 0.454, 0.5052309344790548, 0.549, 0.5866380952380953, 0.623, 0.655, 0.6957391064533921, 0.7314848317705461, 0.766, 0.8046768707482997, 0.8278928571428572, 0.8597392290249434, 0.8913832199546485, 0.9172908163265308, 0.945, 0.967, 0.9882988808426598, 1.0129880952380954, 1.0425779591836735, 1.0628119139547711, 1.086800882515168, 1.108, 1.134, 1.151, 1.18]",2.4,25,-7.2,1.304,1.303
70,"[0.001, 0.0034911125740620173, 0.006, 0.008731402238314779, 0.011618863761720956, 0.01827482993197302, 0.022693877551020362, 0.028261904761905345, 0.036283739302172456, 0.044, 0.05038112244897959, 0.06, 0.0678738775510204, 0.08330612244897966, 0.09904081632653054, 0.11619851576994446, 0.13738265306122466, 0.1666513605442177, 0.195, 0.23112585034013605, 0.250561016243232, 0.2896714285714284, 0.33083888292158975, 0.371, 0.41626384839650143, 0.472, 0.5094124597207303, 0.5535267249757045, 0.5915374149659864, 0.6292789115646257, 0.6596690962099125, 0.6978399570354455, 0.732, 0.7724098090849243, 0.808, 0.8327942857142856, 0.8609751792608934, 0.894, 0.9182108843537419, 0.9474795918367344, 0.969, 0.989, 1.0217067669172932, 1.0472029478458047, 1.0643884839650146, 1.087623233908948, 1.1181454081632651, 1.1382551020408167, 1.1539625850340123, 1.179]",2.4,25,-7.2,1.306,1.302
71,"[0.001, 0.0032662337662337517, 0.006221428571428595, 0.008458966565349597, 0.012382653061224515, 0.016, 0.022, 0.026, 0.036, 0.044, 0.049982142857143, 0.06, 0.06742016806722699, 0.08071428571428582, 0.09467741935483873, 0.11280952380952487, 0.13426190476190486, 0.16226190476190516, 0.1937755102040817, 0.22263736263736292, 0.2525064935064936, 0.282, 0.328, 0.3716964285714287, 0.418, 0.4545375939849625, 0.49342857142857205, 0.545, 0.5883207547169812, 0.619, 0.6537885714285715, 0.684, 0.7292330827067671, 0.7673590733590733, 0.799, 0.8278387096774193, 0.8616177606177606, 0.893, 0.9147142857142856, 0.943, 0.9676887755102043, 0.994, 1.0117096774193548, 1.0366804511278196, 1.0601485714285714, 1.0871879699248121, 1.1003061224489796, 1.136, 1.150003861003861, 1.175]",2.4,25,-7.2,1.302,1.305
72,"[0.001, 0.0032773654916511586, 0.006423350735643106, 0.009332361516034953, 0.012189342403628256, 0.019, 0.023296647230320724, 0.029248677248677288, 0.03458283313325344, 0.043, 0.05306517445687967, 0.062394034536891754, 0.07023747680890557, 0.08369387755102058, 0.099, 0.116, 0.13921938775510195, 0.168, 0.1917566718995291, 0.222, 0.259, 0.28821804511278215, 0.33687476808905387, 0.3764703153988869, 0.4206067291781577, 0.4555420408163266, 0.516, 0.5512925170068036, 0.594, 0.6236294307196564, 0.6662290249433108, 0.701815223386652, 0.7386455424274975, 0.773, 0.81202470461869, 0.8352747252747256, 0.8617414965986396, 0.8958988868274581, 0.92, 0.95, 0.9774535147392294, 0.996, 1.0196373626373623, 1.039, 1.0674103498542273, 1.0923393450403418, 1.1156754604280736, 1.141, 1.1529914965986399, 1.18]",2.4,25,-7.2,1.302,1.298
73,"[0.001, 0.003096115865701162, 0.005784256559766908, 0.009, 0.011692211578508959, 0.017, 0.022239795918367472, 0.028278911564626016, 0.03652590266875981, 0.041507356430944456, 0.051020945220193445, 0.06115102040816331, 0.06928885400313974, 0.08178061224489806, 0.097, 0.11605782312925213, 0.13480976676384845, 0.166, 0.19376326530612256, 0.22376122448979596, 0.25152539155196957, 0.28708270676691744, 0.3296620408163265, 0.375, 0.42431468071099404, 0.457, 0.5061224489795918, 0.5517414965986398, 0.5927380952380948, 0.626, 0.66, 0.69985055957867, 0.7364336734693877, 0.771, 0.807, 0.835, 0.856, 0.8918023630504833, 0.918, 0.946, 0.9714351311953353, 0.9903923633969716, 1.0211654135338344, 1.0414709576138148, 1.069, 1.0903632653061224, 1.1124307580174928, 1.135502267573696, 1.1492408163265304, 1.177]",2.4,25,-7.2,1.299,1.3
74,"[0.002, 0.003166487647690805, 0.0065445495271279925, 0.009015799868334525, 0.013, 0.018272653061224487, 0.023, 0.03, 0.037, 0.042959720730397485, 0.054105306122449105, 0.06226345083487945, 0.069, 0.08352040816326561, 0.099, 0.117574829931973, 0.13866448979591842, 0.168, 0.18791755102040827, 0.229091836734694, 0.2481054421768709, 0.2894175824175826, 0.3277679914070892, 0.3749897959183674, 0.4291909150757079, 0.463, 0.513, 0.547, 0.5973988095238097, 0.6340612244897965, 0.6627810259238832, 0.7037400644468316, 0.7385224489795924, 0.773, 0.8105344387755106, 0.8329761904761911, 0.866317055393586, 0.896, 0.9196780045351477, 0.9495612244897964, 0.9703922902494334, 0.9965578231292518, 1.0253502304147466, 1.05, 1.066, 1.0914113029827317, 1.12, 1.139, 1.1551134693877554, 1.179]",2.4,25,-7.2,1.302,1.303
75,"[0.001, 0.004100065832784758, 0.007, 0.009719552337063848, 0.012, 0.017020408163265274, 0.023, 0.027559523809523943, 0.0367816326530615, 0.046, 0.052, 0.062, 0.06846552675124115, 0.084, 0.09595238095238122, 0.116, 0.136, 0.1644778911564628, 0.194, 0.22999529042386205, 0.24858234456573325, 0.297, 0.3376970998925886, 0.38222878625134277, 0.43693537414965994, 0.46275283446712034, 0.5180751391465678, 0.552, 0.598, 0.6308265306122458, 0.663, 0.701815223386652, 0.7483309037900875, 0.7731873469387756, 0.803, 0.8392747252747256, 0.8637414965986396, 0.8945646258503405, 0.9219151020408164, 0.9520816326530617, 0.973, 0.993, 1.025436090225564, 1.0437742075553627, 1.0695174927113704, 1.089718698290127, 1.118183673469388, 1.138462943071966, 1.1509914965986399, 1.177]",2.4,25,-7.2,1.299,1.298
76,"[0.001, 0.003, 0.005, 0.008298400441257627, 0.012059693877551115, 0.015, 0.021, 0.027, 0.03346550048590867, 0.043, 0.047, 0.061, 0.06849216896060756, 0.0819804081632652, 0.09829670329670323, 0.113, 0.13430204081632643, 0.155, 0.1870897959183675, 0.2184659863945578, 0.246, 0.27592664092664104, 0.328, 0.376, 0.4161802721088436, 0.45482693877551017, 0.495, 0.55, 0.5882397959183673, 0.6211768707482999, 0.6614163265306124, 0.6955731292517007, 0.7378503401360547, 0.7658385899814475, 0.809, 0.835, 0.8612908163265307, 0.8933720565149138, 0.917, 0.9429608843537416, 0.971, 0.998, 1.014, 1.04, 1.0631054421768704, 1.0900732838589986, 1.1141771137026242, 1.130900165471594, 1.1449733124018844, 1.177]",2.4,25,-7.2,1.301,1.302
77,"[0.005, 0.006409977324263084, 0.00774541331684187, 0.00903096410978185, 0.0104895613417781, 0.012742742167289538, 0.014842346938775494, 0.017298319327731085, 0.019180381830151524, 0.021207082833133203, 0.023131041890440296, 0.026802501645819644, 0.028947992100065968, 0.03348728414442692, 0.036785714285714366, 0.03899144173798552, 0.04266015971606025, 0.04921061224489785, 0.054181272509003606, 0.058614512471655715, 0.062242140099282965, 0.06889075630252105, 0.07583080974325225, 0.08196938775510193, 0.09178204081632657, 0.10024716553287992, 0.10702405247813407, 0.11923765635286353, 0.1343281853281855, 0.14756081632653076, 0.16023755102040854, 0.16961479591836784, 0.1895180533751958, 0.20434530612244867, 0.21996389324960772, 0.2345428571428577, 0.24636054421768797, 0.26543910467412796, 0.27834353741496637, 0.289390022675737, 0.3045457537853849, 0.31825213956550363, 0.3431688311688311, 0.35902448979591844, 0.371270015698588, 0.38821632653061267, 0.4014897959183668, 0.41216787360105317, 0.4223811362382792, 0.445]",7.2,25,-7.2,0.58,0.671
78,"[0.005, 0.006361710398445132, 0.007791241496598608, 0.009269387755102018, 0.010699183673469342, 0.01325686136523571, 0.01572202674173128, 0.0176197802197801, 0.020866015971606023, 0.022810860058309096, 0.02639205155746506, 0.028640262884815047, 0.03239893522626441, 0.035698515769944324, 0.038669758812616056, 0.04214358600583084, 0.04525990396158465, 0.05116632653061221, 0.05614435774309726, 0.05790723562152149, 0.06414773735581188, 0.06807722007722025, 0.07423110865967997, 0.07929757949691503, 0.08540816326530627, 0.09317469387755105, 0.10220904578047434, 0.10894996708360741, 0.11889714285714299, 0.13236734693877564, 0.14240326530612296, 0.15949641478212884, 0.1729656283566056, 0.19424653061224487, 0.20756200941915293, 0.22593877551020428, 0.24022338665195828, 0.26009576138147544, 0.28189795918367344, 0.29268367346938756, 0.3082653061224497, 0.3341664876476911, 0.35016571428571414, 0.37141740469772827, 0.3841102040816328, 0.40041966604823764, 0.4279224489795925, 0.44068163265306126, 0.45248081632653053, 0.477]",7.2,25,-7.2,0.626,0.648
79,"[0.003, 0.0043956141462796385, 0.005791228292559278, 0.007721456150027577, 0.00925421042203288, 0.01243731778425664, 0.013774781341107932, 0.015831932773109285, 0.018513119533527893, 0.021352040816326558, 0.02418107606679039, 0.028402628848149397, 0.031207630878438277, 0.03382817643186309, 0.035546031746031694, 0.04105877551020416, 0.044614451185879776, 0.04843804664723041, 0.0540041862899006, 0.05592464678178964, 0.06039836734693868, 0.06610599078341008, 0.07145939192003328, 0.07752600394996687, 0.08367969560705629, 0.08885827664399093, 0.09720794263651414, 0.10660264105642252, 0.1179047619047617, 0.12632819658475636, 0.1344456879526003, 0.15351334379905818, 0.16862244897959153, 0.18335591836734674, 0.2005102040816315, 0.22233714285714262, 0.2363877551020401, 0.2580748299319723, 0.27442725477287677, 0.2895102040816278, 0.3120548104956266, 0.32766078323221204, 0.3494710424710427, 0.36896474953617775, 0.38935190292333166, 0.40377632653061213, 0.4278117913832201, 0.44368488412314067, 0.46268816326530576, 0.479]",7.2,25,-7.2,0.628,0.634
80,"[0.004, 0.004538507373752435, 0.0054907451352633595, 0.007758284965362292, 0.009358943577430863, 0.01234933973589441, 0.014076105442176851, 0.01590549450549451, 0.01904300291545189, 0.021643375994465565, 0.024985594237694864, 0.028023070097604255, 0.03073919059149076, 0.03377551020408165, 0.036638655462184644, 0.040296455424275, 0.04439265306122421, 0.048256559766763886, 0.05160910518053344, 0.05629818594104311, 0.061179300291545106, 0.06555639097744338, 0.07039307897071864, 0.07681972789115642, 0.08201726844583943, 0.08896050032916376, 0.09494601711652395, 0.10631292517006735, 0.11516883116883112, 0.12437390670553944, 0.13389099054255832, 0.14888010204081567, 0.16202915451895047, 0.17819727891156392, 0.19700537056928005, 0.21062934362934335, 0.22780563654033037, 0.24801166180757803, 0.27036519871106335, 0.2834268707482989, 0.30389795918367335, 0.31995183673469374, 0.3376928571428569, 0.3566030283080968, 0.37028385899814453, 0.3945442176870751, 0.4164248608534318, 0.43488913403199086, 0.4504290460370196, 0.474]",7.2,25,-7.2,0.627,0.628
81,"[0.004, 0.007200867748674295, 0.008330869355616227, 0.00982437482035066, 0.01187015675835558, 0.01381938775510204, 0.016752186588921317, 0.019378021978021957, 0.02168002915451897, 0.024880860452289145, 0.02721167536782154, 0.03075295381310417, 0.03348416608022523, 0.0354653061224488, 0.0402483516483517, 0.04342988808426592, 0.046214822771213866, 0.05107346938775523, 0.05438775510204088, 0.059463140358184084, 0.06436408163265313, 0.06846638655462188, 0.07473469387755113, 0.07996836734693895, 0.08585499462943058, 0.09326365140650868, 0.10017061224489791, 0.1082310204081633, 0.11802380952380993, 0.1275996860282584, 0.14211535048802126, 0.1566020408163266, 0.17165306122449006, 0.18293021724818956, 0.20001387755102087, 0.21713142857142906, 0.2327439703153985, 0.25365646258503366, 0.2710604956268223, 0.2858893662728254, 0.30328911564625866, 0.3272465986394559, 0.3430308880308883, 0.35406258503401333, 0.37990136054421786, 0.39340430226144557, 0.4079493877551025, 0.4308299319727895, 0.44194010647737353, 0.468]",7.2,25,-7.2,0.622,0.625
82,"[0.001, 0.003704489795918321, 0.006204081632653197, 0.009930217248189582, 0.01401020408163269, 0.019, 0.02342630385487556, 0.029260204081632716, 0.03559149083362157, 0.04198040816326537, 0.04908489795918365, 0.059215213358070604, 0.06622878625134276, 0.076, 0.08816386554621856, 0.098, 0.11, 0.12804535147392293, 0.14700204081632703, 0.1691482277121375, 0.19035374149659895, 0.22486100386100394, 0.26389455782312926, 0.30034693877551066, 0.347, 0.3925322448979593, 0.44652201933404945, 0.498, 0.5454285714285717, 0.5945965463108323, 0.6377974882260598, 0.6836934610578925, 0.7289659863945581, 0.7708452929558921, 0.8216005830903791, 0.856, 0.8942416326530611, 0.9236656200941913, 0.958, 0.9859426365140651, 1.025, 1.047, 1.0762857142857136, 1.102721088435375, 1.1297575510204083, 1.1545393586005832, 1.184, 1.2098288854003143, 1.2380323129251705, 1.264]",2.4,25,-7.2,1.393,1.27
83,"[0.002, 0.004137959183673256, 0.0058093954562956854, 0.00844557823129239, 0.013442466348241358, 0.017853741496598578, 0.0234094799210006, 0.02769172932330809, 0.035, 0.042, 0.05165306122448957, 0.059121173469387625, 0.07141551020408157, 0.08406436420722144, 0.098, 0.11545694375311093, 0.13172734693877552, 0.1616640502354786, 0.1926238279095421, 0.22711773940345353, 0.255, 0.2927481203007518, 0.3404897959183674, 0.3736938775510202, 0.423, 0.46520866305705955, 0.5100269387755101, 0.5472602040816323, 0.5815714285714285, 0.613, 0.6467057823129247, 0.6858197278911564, 0.731, 0.7550429645542424, 0.781, 0.8243174603174604, 0.8454740973312397, 0.8763731778425652, 0.9009217687074834, 0.9330794844253489, 0.95, 0.9792198815009874, 1.0039924812030072, 1.0217468729427255, 1.0432641723356009, 1.071, 1.097350947521866, 1.119, 1.137, 1.158]",2.4,25,-7.2,1.283,1.269
84,"[0.002, 0.002986734693877555, 0.005, 0.00747049089906243, 0.012157551020408231, 0.01679591836734701, 0.020985871271585767, 0.027, 0.03334314190792591, 0.041, 0.047, 0.055926530612244944, 0.06930272108843546, 0.081, 0.08981954887218054, 0.112, 0.12862536443148692, 0.1576649659863945, 0.1862824048538334, 0.21661516034985415, 0.244, 0.2884761904761908, 0.324, 0.3596766091051804, 0.41254771097628234, 0.439, 0.4816811913954771, 0.5301933404940925, 0.5681257142857141, 0.6053117913832199, 0.6343367346938776, 0.675, 0.7119293002915452, 0.7484122448979591, 0.7872083780880773, 0.8140612244897966, 0.8394683136412456, 0.8663945578231294, 0.9005224489795914, 0.924, 0.944, 0.9651352040816323, 0.9887485714285713, 1.014, 1.0400947521865889, 1.062926870748299, 1.084, 1.1092137486573577, 1.1218521787093216, 1.147]",2.4,25,-7.2,1.27,1.263
85,"[0.001, 0.002, 0.004129591836734777, 0.006586865515436953, 0.011241858445505874, 0.015498799519807883, 0.019542040816326593, 0.026, 0.032079461571862776, 0.04025306122448999, 0.046, 0.056, 0.06635813034891377, 0.0811411564625853, 0.092, 0.10714625850340168, 0.13, 0.157, 0.183, 0.217, 0.24323930217248194, 0.27896992481203026, 0.3178924434638721, 0.358, 0.412, 0.4544927113702624, 0.4898625134264233, 0.531, 0.5696380952380953, 0.6057636054421769, 0.6318547698149027, 0.681, 0.7063292517006802, 0.7503775510204086, 0.780074829931973, 0.808, 0.8326326530612245, 0.8640289664252798, 0.887, 0.9205068027210891, 0.941, 0.965688775510204, 0.9926240601503761, 1.0096362738643845, 1.0383877551020408, 1.061, 1.0823100724160635, 1.105200859291085, 1.118, 1.145]",2.4,25,-7.2,1.266,1.268
86,"[0.001, 0.002913729128014804, 0.005240816326530196, 0.008, 0.012521482277121387, 0.016, 0.021303364589078843, 0.027095238095237995, 0.034, 0.04115346938775505, 0.049194865042791316, 0.05672303206997071, 0.0702013237727523, 0.082, 0.09598809523809522, 0.11234353741496558, 0.13121088435374112, 0.16034379905808455, 0.192, 0.22347959183673402, 0.2523176020408164, 0.2789495798319328, 0.333, 0.3618259935553167, 0.40762738643844626, 0.4509137291280148, 0.4956227781435154, 0.5198604081632653, 0.572, 0.607, 0.6382748299319727, 0.6783696145124716, 0.715, 0.7454795918367346, 0.785317551020408, 0.8137142857142858, 0.843021683673469, 0.8659625850340138, 0.891573129251701, 0.9216598639455775, 0.9411988150098749, 0.967, 0.9923428571428571, 1.0101540487162606, 1.038350799779371, 1.059, 1.085, 1.109, 1.1206359183673469, 1.148]",2.4,25,-7.2,1.27,1.266
87,"[0.004, 0.005231692677070765, 0.006508229098090812, 0.00785911784068457, 0.009461436522661, 0.01202704081632654, 0.013597448979591907, 0.014973214285714277, 0.01687294272547736, 0.01961953352769684, 0.023263407688656736, 0.025423623995052557, 0.027347566718995218, 0.03255560183256975, 0.03576958525345604, 0.03825959183673479, 0.04242749731471516, 0.04492072213500787, 0.05098775510204077, 0.054838389409818146, 0.060441257584114755, 0.06572448979591812, 0.07132879818594105, 0.08082422646477935, 0.08968707482993248, 0.09829233314947593, 0.10658788676761033, 0.11476163265306116, 0.128253456221198, 0.13913469387755203, 0.15443135435992594, 0.16262277814351556, 0.1806497959183675, 0.1918375510204081, 0.20748764769065642, 0.2254395604395605, 0.2382642029784888, 0.2503075801749269, 0.2624055579678683, 0.28083359497645216, 0.29441918367346964, 0.3084963265306121, 0.3163984962406012, 0.33784183673469426, 0.35159554730983333, 0.36368816326530645, 0.3850918367346935, 0.39310938775510285, 0.40436394557823235, 0.423]",7.2,25,-7.2,0.55,0.645
88,"[0.004, 0.005543764172335648, 0.007213358070500886, 0.008935739585090193, 0.010651297556059498, 0.012333661175313438, 0.015017555409260487, 0.016511520737327215, 0.019646727656579925, 0.02207944606413988, 0.024560495626822148, 0.02774720210664916, 0.03039239332096476, 0.03265006002400962, 0.0359752380952381, 0.03951744568795257, 0.043840816326530474, 0.04745839874411319, 0.051463351537798095, 0.055546485260770787, 0.06033619763694945, 0.06458857142857162, 0.06982846111417534, 0.07471869829012687, 0.08120593692022263, 0.087298775510204, 0.09572284397630015, 0.10561821801891486, 0.11514285714285746, 0.1209676870748296, 0.1327632653061224, 0.14806204081632662, 0.16500145772594757, 0.17473469387755056, 0.1917167346938778, 0.20957142857142835, 0.22554421768707408, 0.2432894248608533, 0.2650492196878752, 0.2724644897959185, 0.2894562682215743, 0.3143741496598638, 0.32731336405529965, 0.339786755518534, 0.3592210884353739, 0.3754339419978521, 0.39944734693877537, 0.41400496414782073, 0.42393320964749553, 0.448]",7.2,25,-7.2,0.593,0.618
89,"[0.0, 0.005121132323897378, 0.007435813034891289, 0.008834850863422273, 0.010968400263331235, 0.013019884877027769, 0.014598760932944628, 0.017506053268764993, 0.019161632653061263, 0.02238192419825086, 0.024847980008329804, 0.02799810156620792, 0.03155572998430152, 0.03407897071872219, 0.03763127413127419, 0.04053306122448974, 0.042938117182356766, 0.047809662640566464, 0.05093599257884961, 0.05698234969663543, 0.06123074391046747, 0.06547490347490342, 0.07128897959183673, 0.07598377812663536, 0.08086817429674578, 0.08838965353583308, 0.095789795918367, 0.10431825703254288, 0.11221904761904777, 0.12376925608953279, 0.1366933259790402, 0.15046938775510174, 0.16508653061224493, 0.17427988338192432, 0.19401387755102087, 0.20868857142857156, 0.22585055957867012, 0.2478915145005372, 0.2600258503401369, 0.28229984301412897, 0.2960787172011664, 0.31090630797773644, 0.33407453416149085, 0.35215646258503486, 0.36835204081632666, 0.38440430226144556, 0.4068053375196249, 0.4216791836734693, 0.4323032069970848, 0.457]",7.2,25,-7.2,0.602,0.607
90,"[0.0, 0.005618838304552642, 0.007128085519922236, 0.008637944066515493, 0.010587463556851324, 0.01272047695482683, 0.014444650587507707, 0.0168819875776398, 0.01934993997599047, 0.022660008684324762, 0.025180072028811566, 0.02805877551020426, 0.030986394557823094, 0.03415836734693871, 0.03704373177842575, 0.039927346938775414, 0.042964585834333734, 0.046736010533245664, 0.05116194865042785, 0.056292632307160084, 0.06001579986833438, 0.06499489795918374, 0.06918756073858125, 0.07456653061224489, 0.08098469387755107, 0.0880706012134583, 0.09499257884972187, 0.1013124018838309, 0.11079699248120305, 0.1206914765906362, 0.13287213660974587, 0.1449965986394564, 0.1588428019856592, 0.1741505102040811, 0.19062530612244927, 0.20359073359073346, 0.22431397174254275, 0.23979277864992155, 0.25917006802721065, 0.26927847267939503, 0.2869991836734697, 0.3055787172011661, 0.31771428571428584, 0.33951918367346967, 0.3529175510204082, 0.3752448979591848, 0.3917472021066493, 0.4151902332361513, 0.4243731228340396, 0.452]",7.2,25,-7.2,0.596,0.598
91,"[0.005, 0.006243655723158764, 0.007487311446317623, 0.008730967169476432, 0.010334305150631677, 0.012583673469387664, 0.015071076706544647, 0.01740917107583772, 0.019329378262933086, 0.02242367346938767, 0.024842001316655746, 0.028578231292516975, 0.030662448979591844, 0.03253894797355557, 0.03496938775510214, 0.039866122448979587, 0.043392363396971806, 0.047764559482329515, 0.05048979591836729, 0.055507755102040805, 0.05884886927744072, 0.06453935860058317, 0.06843849972421402, 0.07572841444270038, 0.07991902567478593, 0.08690040816326555, 0.09159037900874635, 0.10180665950590821, 0.10866428571428567, 0.11967083607636597, 0.13446448979591843, 0.1440975056689345, 0.15961632653061222, 0.17003544575725005, 0.18830775510204115, 0.20284693877551083, 0.21824781341107832, 0.23729251700680334, 0.2573510204081635, 0.2666766091051809, 0.28450735643094427, 0.30845918367346953, 0.32385253456221214, 0.33378933508887443, 0.3580264105642258, 0.3728975510204081, 0.388974325213957, 0.41141765543426695, 0.42105155746509115, 0.448]",7.2,25,-7.2,0.595,0.597
92,"[0.003, 0.004240298936476084, 0.007290742383910069, 0.008914795918367295, 0.010842448979591843, 0.014228316326530445, 0.017021036106750407, 0.021227799227799334, 0.024356934610578924, 0.027791020408163253, 0.033132244897959316, 0.036166975881261505, 0.041014693877551064, 0.045830455259026535, 0.050825396825396885, 0.05699785177228803, 0.06275773535220537, 0.07112969058591179, 0.07636387320885801, 0.08341217201166179, 0.09246552675124109, 0.10232571428571438, 0.11140882159315336, 0.13116954474097348, 0.14254408163265317, 0.16365581908439047, 0.17882367346938793, 0.20671632653061237, 0.2311566820276498, 0.25828231292517023, 0.28322448979591863, 0.3104943310657596, 0.337485383342526, 0.36582040816326555, 0.3858389409817981, 0.41215057915057907, 0.4364734693877554, 0.45998530612244887, 0.4843877551020398, 0.5110090175605126, 0.5371011131725419, 0.5612086167800454, 0.5808045112781955, 0.6086977385548815, 0.6334409620991254, 0.6627502429543252, 0.6817763265306124, 0.7133125671321161, 0.7341787755102043, 0.764]",4.8,25,-7.2,0.961,0.922
93,"[0.0, 0.004279965507329717, 0.006353856796956026, 0.00848529920442761, 0.010169825072886217, 0.014129251700680296, 0.016386054421768614, 0.018789346246973374, 0.02235891748003544, 0.026488979591836725, 0.030729947793070644, 0.034268597761685365, 0.038646515209857527, 0.04370821842250416, 0.05048120300751864, 0.05632653061224509, 0.06296081632653056, 0.0666191434320207, 0.07590816326530603, 0.08252590266875982, 0.09407102040816313, 0.10545238095238121, 0.12109224489795922, 0.13090788747931612, 0.15766122448979586, 0.17323469387755216, 0.19817937701396338, 0.2217456828885404, 0.24322448979591835, 0.2720979591836735, 0.29727767470624605, 0.3105281632653061, 0.34134013605442204, 0.3665706997084548, 0.3919278911564626, 0.41812987012986996, 0.4348236734693876, 0.4632293877551022, 0.48305612244897994, 0.5021141753998897, 0.5230148924434639, 0.5461283739302175, 0.5714962406015038, 0.5899558742415887, 0.6157576530612244, 0.6407880690737838, 0.6576364124597208, 0.6920102040816322, 0.7076200941915226, 0.74]",4.8,25,-7.2,0.933,0.919
94,"[0.002, 0.003989466754443793, 0.005897217068645702, 0.0076408163265307034, 0.010152133580705014, 0.013275510204081761, 0.0158032653061227, 0.018654761904762063, 0.021649234693877802, 0.026081632653061536, 0.030519334049409295, 0.03443252139565517, 0.03865042791310105, 0.04273403554970394, 0.04934065934065936, 0.05394870380584664, 0.06125134264232001, 0.06681037414965987, 0.07286588921282798, 0.0827918367346939, 0.09212244897959185, 0.10271938775510209, 0.11743265306122458, 0.13813205282112853, 0.15430170987313852, 0.17550912996777665, 0.19327452271231083, 0.2155183673469391, 0.24061904761904823, 0.25658122448979603, 0.28929300291545196, 0.3027883475971033, 0.33542700156985905, 0.3616235827664398, 0.383471836734694, 0.40627649769585256, 0.4246586270871992, 0.4444863945578238, 0.4712159863945583, 0.4904876476906555, 0.5069948979591843, 0.5316638023630506, 0.560010204081633, 0.574496598639456, 0.5997453061224494, 0.6215255102040821, 0.6475480579328508, 0.673562009419153, 0.6885181405895695, 0.72]",4.8,25,-7.2,0.912,0.904
95,"[0.003, 0.004695114409400141, 0.006282434402332389, 0.007914192949907313, 0.010817981246552864, 0.013136238279095502, 0.016259968602825768, 0.01905019305019315, 0.022752186588921832, 0.02632064364207219, 0.028965743440233213, 0.03367305289462727, 0.03902426916712628, 0.04368736430742512, 0.04753968253968262, 0.05602040816326525, 0.06045678271308524, 0.06724489795918369, 0.07415388858246007, 0.08430612244897985, 0.09155287569573298, 0.1046370656370657, 0.11755328798185959, 0.13271173469387776, 0.15486621315192742, 0.17158968850698167, 0.18708897959183668, 0.21029163923633964, 0.24003759398496236, 0.2615469387755103, 0.2848549946294308, 0.3081922663802366, 0.3368824489795919, 0.36183618312189725, 0.3778751020408164, 0.40489795918367266, 0.42294897959183725, 0.4455500927643785, 0.4694238618524335, 0.4887183673469388, 0.5055116618075804, 0.5298222789115646, 0.5542857142857149, 0.573221574344023, 0.5977162110127071, 0.6260910093767238, 0.6474719387755112, 0.6741137026239067, 0.6855048335123523, 0.715]",4.8,25,-7.2,0.905,0.898
96,"[0.003, 0.004732780612244905, 0.006285418515232198, 0.008938117182356771, 0.010167544437129732, 0.013613358070500854, 0.0156465306122447, 0.018864661654135285, 0.02237099125364432, 0.026354660783232196, 0.030369387755102055, 0.03363438992618327, 0.03769280343716443, 0.043875510204081605, 0.049285714285713655, 0.05549293563579272, 0.05937469387755101, 0.06489993416721525, 0.07223840445269018, 0.08201909150757083, 0.08998979591836774, 0.10078073089700991, 0.11602040816326496, 0.12991496598639435, 0.14853116381687811, 0.1719637188208617, 0.19084772370486663, 0.2075612244897961, 0.23434857142857146, 0.25559369202226334, 0.28704914618908783, 0.3063102040816326, 0.3268628381585194, 0.3506979591836734, 0.36878367346938734, 0.3893050193050193, 0.41635918367346914, 0.4329455782312937, 0.4603359497645213, 0.47485217870932167, 0.49840352504638225, 0.5176588921282794, 0.5444239631336409, 0.5666065759637186, 0.5824132653061226, 0.6084317111459969, 0.6281277156023702, 0.6566122448979592, 0.6713061224489798, 0.703]",4.8,25,-7.2,0.889,0.884
97,"[0.001, 0.003, 0.00604956268221565, 0.009, 0.013, 0.016102040816326522, 0.02223751628310902, 0.026269841269841127, 0.033, 0.03927040816326543, 0.04661996690568116, 0.054136254501800686, 0.06447193877551029, 0.073, 0.08753968253968261, 0.0983673469387754, 0.11135813034891377, 0.13261649659863953, 0.15552721088435364, 0.1807706511175899, 0.21390646258503423, 0.2490694980694981, 0.27988605442176884, 0.33414139941690973, 0.366, 0.42438775510204085, 0.4530102040816319, 0.501, 0.541, 0.5803816878102591, 0.617238279095422, 0.6630797773654917, 0.6934081632653061, 0.720555918367347, 0.7582653061224491, 0.796, 0.8273991836734692, 0.8571122448979586, 0.8835504688361832, 0.9095379008746357, 0.935, 0.9605379591836737, 0.990690476190476, 1.0118107606679037, 1.0405819084390513, 1.0625821185617106, 1.088, 1.116, 1.128900165471594, 1.158]",2.4,25,-7.2,1.284,1.195
98,"[0.0, 0.0028043996819507215, 0.004, 0.008351876234364708, 0.01126365140650852, 0.016, 0.01963331138907189, 0.025, 0.030717906517445714, 0.03857299843014148, 0.046, 0.05490702947845816, 0.06623696145124716, 0.079, 0.089, 0.10716012558869685, 0.1330918367346939, 0.1553648581383773, 0.187, 0.2025543426672995, 0.23298129251700694, 0.276, 0.306, 0.35913857801184984, 0.384, 0.4282559293987866, 0.46837632653061234, 0.5003338192419825, 0.533, 0.5735557299843014, 0.5992865306122448, 0.634, 0.667, 0.7051591836734693, 0.7303265306122446, 0.7631942857142855, 0.781, 0.8191445578231288, 0.8377209045780473, 0.863, 0.8870419194704908, 0.9079574829931973, 0.9299047619047618, 0.9569472789115651, 0.9746476906552094, 0.9968023630504833, 1.0247064364207221, 1.0431643394199783, 1.054, 1.082]",2.4,25,-7.2,1.207,1.196
99,"[0.002, 0.003, 0.0049415333701047824, 0.008270894071914526, 0.011, 0.015598639455782267, 0.018803935860058314, 0.026809523809523943, 0.031, 0.03765371955233707, 0.04450655976676383, 0.05368408163265322, 0.06436456400742119, 0.07480660835762869, 0.091, 0.10877765843179386, 0.132, 0.15813748657357668, 0.18621088435374142, 0.203938775510204, 0.2349513343799059, 0.2806260504201681, 0.315015698587127, 0.3497602040816328, 0.4003228862973761, 0.429, 0.459, 0.5043498542274053, 0.5347063492063492, 0.5675527210884352, 0.596, 0.6410782312925174, 0.668230934479055, 0.704, 0.727, 0.759, 0.7836471362738642, 0.8173778268063983, 0.837075918367347, 0.864211252068395, 0.883, 0.9066133190118151, 0.928058201058201, 0.9509787414965982, 0.9739763265306122, 0.998, 1.012, 1.0364822771213749, 1.052, 1.075]",2.4,25,-7.2,1.198,1.192
100,"[0.002, 0.003, 0.004, 0.006878751500600267, 0.011, 0.015610590182018769, 0.019, 0.025619047619047885, 0.031127851140456245, 0.036, 0.04523242630385472, 0.05239246467817912, 0.06368081632653066, 0.0761334804191947, 0.09137414965986389, 0.10514795918367359, 0.13, 0.1548117913832199, 0.18369193391642363, 0.212, 0.2364946938775511, 0.277, 0.316015698587127, 0.3507602040816328, 0.3908816326530612, 0.4267465986394556, 0.4664375510204082, 0.507515574650913, 0.536, 0.572, 0.596, 0.6457469387755103, 0.6723375196232341, 0.7019058956916098, 0.7245680272108841, 0.756690476190475, 0.7799307580174927, 0.8134199785177227, 0.834, 0.8567675736961452, 0.8769334049409239, 0.8999461224489796, 0.9248901098901097, 0.9499149659863932, 0.972, 0.99433306122449, 1.014, 1.0373665306122448, 1.049, 1.074]",2.4,25,-7.2,1.196,1.195
